Date,Adjusted_Close,Close,High,Low,Open,Volume
2021-11-04,11.78792953491211,12.800000190734863,14.0,12.0,12.5,5794900
2021-11-05,11.244579315185547,12.210000038146973,13.140000343322754,12.149999618530273,13.130000114440918,1330700
2021-11-08,11.502440452575684,12.489999771118164,12.739999771118164,11.739999771118164,12.640000343322754,671500
2021-11-09,11.253788948059082,12.220000267028809,12.520000457763672,11.75,12.140000343322754,475700
2021-11-10,10.572298049926758,11.479999542236328,12.390000343322754,11.0,11.989999771118164,1915800
2021-11-11,10.40653133392334,11.300000190734863,11.720000267028809,10.75,11.390000343322754,595600
2021-11-12,10.507833480834961,11.40999984741211,11.8100004196167,11.0,11.239999771118164,300500
2021-11-15,10.590717315673828,11.5,11.878000259399414,11.100000381469727,11.670000076293945,273400
2021-11-16,11.051183700561523,12.0,12.378000259399414,11.270000457763672,11.34000015258789,450000
2021-11-17,11.391927719116211,12.369999885559082,12.600000381469727,11.779999732971191,11.779999732971191,253200
2021-11-18,10.645974159240723,11.5600004196167,12.475000381469727,11.350000381469727,12.229999542236328,248600
2021-11-19,10.645974159240723,11.5600004196167,11.579999923706055,11.109999656677246,11.399999618530273,179200
2021-11-22,10.305228233337402,11.1899995803833,11.880000114440918,11.050000190734863,11.5600004196167,190000
2021-11-23,9.550064086914062,10.369999885559082,11.180000305175781,9.899999618530273,11.029999732971191,250200
2021-11-24,9.255366325378418,10.050000190734863,10.64900016784668,9.869999885559082,10.329999923706055,294100
2021-11-26,9.37508773803711,10.180000305175781,10.710000038146973,9.654000282287598,9.760000228881836,82900
2021-11-29,9.301413536071777,10.100000381469727,10.72700023651123,10.010000228881836,10.510000228881836,388600
2021-11-30,8.923830032348633,9.6899995803833,10.34000015258789,9.520000457763672,10.109999656677246,381800
2021-12-01,8.076573371887207,8.770000457763672,10.210000038146973,8.6850004196167,9.880000114440918,286300
2021-12-02,8.16866683959961,8.869999885559082,9.220000267028809,7.809999942779541,8.899999618530273,399700
2021-12-03,7.754247188568115,8.420000076293945,9.079999923706055,7.619999885559082,8.869999885559082,321300
2021-12-06,8.12261962890625,8.819999694824219,9.005999565124512,8.350000381469727,8.420000076293945,268700
2021-12-07,8.49099349975586,9.220000267028809,9.289999961853027,8.40999984741211,9.180000305175781,424600
2021-12-08,8.380480766296387,9.100000381469727,9.9399995803833,8.970000267028809,9.5,898200
2021-12-09,9.163272857666016,9.949999809265137,10.359999656677246,9.390000343322754,9.800000190734863,1238500
2021-12-10,10.931462287902832,11.869999885559082,12.399999618530273,10.470000267028809,10.494999885559082,1563400
2021-12-13,10.093414306640625,10.960000038146973,12.895999908447266,10.8100004196167,11.90999984741211,1042300
2021-12-14,10.203926086425781,11.079999923706055,12.210000038146973,10.84000015258789,11.050000190734863,669500
2021-12-15,10.277600288391113,11.15999984741211,11.479999542236328,10.680999755859375,11.149999618530273,242500
2021-12-16,10.323647499084473,11.210000038146973,12.039999961853027,11.149999618530273,11.609999656677246,246300
2021-12-17,10.618345260620117,11.529999732971191,12.5,11.125,11.210000038146973,1044600
2021-12-20,9.946064949035645,10.800000190734863,11.369999885559082,10.119999885559082,11.369999885559082,448600
2021-12-21,10.121042251586914,10.989999771118164,11.449999809265137,10.40999984741211,10.829999923706055,312700
2021-12-22,9.725041389465332,10.5600004196167,11.23900032043457,10.350000381469727,10.979999542236328,245600
2021-12-23,9.605320930480957,10.430000305175781,11.100000381469727,10.300000190734863,10.529999732971191,265700
2021-12-27,10.001320838928223,10.859999656677246,10.899999618530273,10.380000114440918,10.380000114440918,249900
2021-12-28,10.940671920776367,11.880000114440918,12.029999732971191,10.800000190734863,10.90999984741211,426100
2021-12-29,12.285232543945312,13.34000015258789,14.369999885559082,11.880000114440918,11.880000114440918,1393600
2021-12-30,12.506255149841309,13.579999923706055,13.609999656677246,12.789999961853027,13.34000015258789,595000
2021-12-31,12.202347755432129,13.25,14.949999809265137,13.239999771118164,13.649999618530273,422900
2022-01-03,11.622161865234375,12.619999885559082,13.869999885559082,12.479999542236328,13.4399995803833,364300
2022-01-04,11.30904483795166,12.279999732971191,13.114999771118164,11.800000190734863,12.760000228881836,906600
2022-01-05,10.719648361206055,11.640000343322754,12.979999542236328,11.630000114440918,12.279999732971191,402200
2022-01-06,11.46560287475586,12.449999809265137,12.699999809265137,11.25,11.579999923706055,527200
2022-01-07,11.00513744354248,11.949999809265137,12.684000015258789,11.520000457763672,12.550000190734863,781600
2022-01-10,10.0565767288208,10.920000076293945,11.859999656677246,10.8100004196167,11.770000457763672,472900
2022-01-11,9.881599426269531,10.729999542236328,11.1899995803833,10.470000267028809,10.819999694824219,409800
2022-01-12,9.632948875427246,10.460000038146973,10.850000381469727,10.109999656677246,10.850000381469727,388300
2022-01-13,9.890809059143066,10.739999771118164,10.92199993133545,10.210000038146973,10.5600004196167,297700
2022-01-14,9.586901664733887,10.40999984741211,10.65999984741211,10.140000343322754,10.65999984741211,324100
2022-01-18,8.610713958740234,9.350000381469727,10.460000038146973,9.25,10.300000190734863,307300
2022-01-19,8.684389114379883,9.430000305175781,9.649999618530273,9.00100040435791,9.4399995803833,317600
2022-01-20,8.389689445495605,9.109999656677246,9.970000267028809,9.050000190734863,9.40999984741211,253800
2022-01-21,7.92001485824585,8.600000381469727,9.300000190734863,8.520000457763672,9.010000228881836,315300
2022-01-24,8.813319206237793,9.569999694824219,9.640000343322754,8.34000015258789,8.34000015258789,395700
2022-01-25,8.29759693145752,9.010000228881836,9.539999961853027,8.920000076293945,9.34000015258789,286000
2022-01-26,7.74503755569458,8.40999984741211,9.348999977111816,8.359999656677246,9.09000015258789,267800
2022-01-27,7.597688674926758,8.25,8.604999542236328,8.100000381469727,8.520000457763672,212200
2022-01-28,7.8555498123168945,8.529999732971191,8.779999732971191,8.0,8.220000267028809,475200
2022-01-31,8.177876472473145,8.880000114440918,9.25,8.460000038146973,8.619999885559082,368000
2022-02-01,8.371271133422852,9.09000015258789,9.350000381469727,8.859999656677246,9.020000457763672,201100
2022-02-02,7.588479042053223,8.239999771118164,9.390000343322754,8.170000076293945,9.140000343322754,666400
2022-02-03,7.643735408782959,8.300000190734863,8.539999961853027,8.015000343322754,8.140000343322754,406300
2022-02-04,7.8279218673706055,8.5,8.680000305175781,8.050000190734863,8.260000228881836,251000
2022-02-07,7.837131500244141,8.510000228881836,8.975000381469727,8.430000305175781,8.600000381469727,542100
2022-02-08,7.791084289550781,8.460000038146973,8.600000381469727,8.270000457763672,8.399999618530273,252100
2022-02-09,8.14103889465332,8.84000015258789,8.9399995803833,8.40999984741211,8.4399995803833,443800
2022-02-10,7.809502601623535,8.479999542236328,9.024999618530273,8.4399995803833,8.609999656677246,174600
2022-02-11,7.36745548248291,8.0,8.649999618530273,8.0,8.489999771118164,314800
2022-02-14,6.879361629486084,7.46999979019165,8.28499984741211,7.460000038146973,8.050000190734863,705300
2022-02-15,7.091175556182861,7.699999809265137,7.869999885559082,7.460000038146973,7.670000076293945,368200
2022-02-16,6.870152473449707,7.460000038146973,7.71999979019165,7.429999828338623,7.71999979019165,407600
2022-02-17,6.446523666381836,7.0,7.590000152587891,6.980000019073486,7.5,235700
2022-02-18,6.741222381591797,7.320000171661377,7.460999965667725,6.989999771118164,7.0,343100
2022-02-22,6.0321044921875,6.550000190734863,7.322999954223633,6.5,7.090000152587891,598200
2022-02-23,6.078151226043701,6.599999904632568,6.800000190734863,6.46999979019165,6.639999866485596,213600
2022-02-24,6.207081317901611,6.739999771118164,6.800000190734863,6.269999980926514,6.380000114440918,344400
2022-02-25,6.446523666381836,7.0,7.090000152587891,6.570000171661377,6.789999961853027,385800
2022-02-28,6.151825428009033,6.679999828338623,7.139999866485596,6.539999961853027,6.920000076293945,393200
2022-03-01,6.2623372077941895,6.800000190734863,7.019000053405762,6.730000019073486,6.730000019073486,190000
2022-03-02,6.53861665725708,7.099999904632568,7.179999828338623,6.670000076293945,6.849999904632568,284500
2022-03-03,6.372848987579346,6.920000076293945,7.230000019073486,6.741000175476074,7.170000076293945,217500
2022-03-04,5.967638969421387,6.480000019073486,7.170000076293945,6.460000038146973,7.170000076293945,256400
2022-03-07,5.967638969421387,6.480000019073486,6.690000057220459,6.170000076293945,6.429999828338623,709600
2022-03-08,6.087360382080078,6.610000133514404,6.920000076293945,6.25,6.389999866485596,409400
2022-03-09,6.492570877075195,7.050000190734863,7.090000152587891,6.699999809265137,6.75,347200
2022-03-10,6.225500583648682,6.760000228881836,7.019999980926514,6.559999942779541,6.949999809265137,329000
2022-03-11,5.930801868438721,6.440000057220459,6.800000190734863,6.409999847412109,6.75,261500
2022-03-14,5.8018717765808105,6.300000190734863,6.609000205993652,6.269999980926514,6.550000190734863,106700
2022-03-15,6.050523281097412,6.570000171661377,6.690000057220459,6.309999942779541,6.309999942779541,167100
2022-03-16,6.529407501220703,7.090000152587891,7.176000118255615,6.580999851226807,6.760000228881836,247200
2022-03-17,6.989873886108398,7.590000152587891,7.730000019073486,7.079999923706055,7.190000057220459,321200
2022-03-18,7.0543389320373535,7.659999847412109,7.789999961853027,7.239999771118164,7.53000020980835,353200
2022-03-21,6.906990051269531,7.5,7.724999904632568,7.289999961853027,7.690000057220459,160700
2022-03-22,7.045129776000977,7.650000095367432,7.689000129699707,7.449999809265137,7.5,101400
2022-03-23,6.953036308288574,7.550000190734863,7.659999847412109,7.360000133514404,7.599999904632568,195700
2022-03-24,7.008292198181152,7.610000133514404,7.619999885559082,7.25,7.610000133514404,173200
2022-03-25,6.6951751708984375,7.269999980926514,7.659999847412109,7.210000038146973,7.650000095367432,148300
2022-03-28,6.778059482574463,7.360000133514404,7.360000133514404,7.010000228881836,7.269999980926514,156200
2022-03-29,6.630710124969482,7.199999809265137,7.840000152587891,7.170000076293945,7.599999904632568,923400
2022-03-30,8.012107849121094,8.699999809265137,9.180000305175781,8.175999641418457,8.680000305175781,2038400
2022-03-31,7.837131500244141,8.510000228881836,9.470000267028809,8.420000076293945,9.050000190734863,848000
2022-04-01,7.864758491516113,8.539999961853027,8.979999542236328,8.505000114440918,8.579999923706055,529800
2022-04-04,8.26996898651123,8.979999542236328,9.239999771118164,8.446999549865723,8.510000228881836,398400
2022-04-05,8.196294784545898,8.899999618530273,9.119999885559082,8.329999923706055,8.949999809265137,626400
2022-04-06,7.680572986602783,8.34000015258789,8.838000297546387,8.180000305175781,8.770000457763672,473900
2022-04-07,7.4503397941589355,8.09000015258789,8.569999694824219,8.039999961853027,8.270000457763672,333200
2022-04-08,7.671363353729248,8.329999923706055,8.428000450134277,8.029999732971191,8.069999694824219,461400
2022-04-11,7.4503397941589355,8.09000015258789,8.539999961853027,8.020000457763672,8.279999732971191,301600
2022-04-12,7.48717737197876,8.130000114440918,8.4399995803833,8.0600004196167,8.220000267028809,290100
2022-04-13,7.31220006942749,7.940000057220459,8.369999885559082,7.800000190734863,8.130000114440918,647800
2022-04-14,7.1003851890563965,7.710000038146973,8.220000267028809,7.699999809265137,7.989999771118164,339000
2022-04-18,6.851733684539795,7.440000057220459,7.85699987411499,7.320000171661377,7.730000019073486,516100
2022-04-19,7.36745548248291,8.0,8.140000343322754,7.309999942779541,7.309999942779541,361500
2022-04-20,7.137222766876221,7.75,8.020000457763672,7.699999809265137,7.880000114440918,245400
2022-04-21,6.66754674911499,7.239999771118164,7.909999847412109,7.199999809265137,7.849999904632568,256700
2022-04-22,6.6215009689331055,7.190000057220459,7.400000095367432,6.96999979019165,7.159999847412109,410200
2022-04-25,6.906990051269531,7.5,7.510000228881836,7.03000020980835,7.159999847412109,342800
2022-04-26,6.557035446166992,7.119999885559082,7.488999843597412,7.090000152587891,7.440000057220459,163600
2022-04-27,6.676756381988525,7.25,7.460000038146973,7.119999885559082,7.119999885559082,153600
2022-04-28,6.824105739593506,7.409999847412109,7.554999828338623,7.159999847412109,7.320000171661377,131700
2022-04-29,6.603082180023193,7.170000076293945,7.590000152587891,7.099999904632568,7.349999904632568,193800
2022-05-02,6.741222381591797,7.320000171661377,7.440000057220459,7.039999961853027,7.059999942779541,184100
2022-05-03,7.063548564910889,7.670000076293945,7.690000057220459,7.28000020980835,7.320000171661377,184600
2022-05-04,6.906990051269531,7.5,7.860000133514404,7.175000190734863,7.659999847412109,269700
2022-05-05,6.61229133605957,7.179999828338623,7.489999771118164,6.929999828338623,7.380000114440918,506400
2022-05-06,6.814896583557129,7.400000095367432,7.46999979019165,6.949999809265137,7.210000038146973,576100
2022-05-09,6.6215009689331055,7.190000057220459,7.465000152587891,7.119999885559082,7.199999809265137,649100
2022-05-10,6.280755996704102,6.820000171661377,7.25,6.671000003814697,7.050000190734863,503700
2022-05-11,5.746615409851074,6.239999771118164,7.070000171661377,5.829999923706055,7.070000171661377,836100
2022-05-12,5.700568675994873,6.190000057220459,6.630000114440918,6.090000152587891,6.28000020980835,810400
2022-05-13,5.663732051849365,6.150000095367432,6.599999904632568,6.099999904632568,6.289999961853027,772200
2022-05-16,5.599266052246094,6.079999923706055,6.190000057220459,5.849999904632568,6.190000057220459,358300
2022-05-17,6.022894859313965,6.539999961853027,6.619999885559082,6.15500020980835,6.400000095367432,574900
2022-05-18,5.488754749298096,5.960000038146973,6.380000114440918,5.885000228881836,6.380000114440918,415900
2022-05-19,5.424288749694824,5.889999866485596,6.045000076293945,5.760000228881836,5.980000019073486,687300
2022-05-20,5.138800144195557,5.579999923706055,6.010000228881836,5.559999942779541,6.010000228881836,977200
2022-05-23,5.488754749298096,5.960000038146973,6.017000198364258,5.5920000076293945,5.71999979019165,903400
2022-05-24,4.936195373535156,5.360000133514404,5.829999923706055,5.329999923706055,5.829999923706055,396900
2022-05-25,5.249312400817871,5.699999809265137,5.769999980926514,5.300000190734863,5.389999866485596,345100
2022-05-26,5.4519171714782715,5.920000076293945,6.059999942779541,5.861999988555908,5.900000095367432,680200
2022-05-27,5.4795451164245605,5.949999809265137,6.050000190734863,5.809999942779541,5.920000076293945,528600
2022-05-31,5.332196235656738,5.789999961853027,6.0,5.710000038146973,5.949999809265137,332800
2022-06-01,5.313777446746826,5.769999980926514,5.860000133514404,5.590000152587891,5.840000152587891,678800
2022-06-02,5.516382217407227,5.989999771118164,6.010000228881836,5.610000133514404,5.769999980926514,363200
2022-06-03,5.4150800704956055,5.880000114440918,6.070000171661377,5.760000228881836,5.989999771118164,325900
2022-06-06,5.304568290710449,5.760000228881836,5.909999847412109,5.670000076293945,5.880000114440918,241900
2022-06-07,5.332196235656738,5.789999961853027,5.84499979019165,5.46999979019165,5.71999979019165,246300
2022-06-08,5.240103244781494,5.690000057220459,5.900000095367432,5.650000095367432,5.760000228881836,220600
2022-06-09,5.12959098815918,5.570000171661377,5.769999980926514,5.539999961853027,5.75,176800
2022-06-10,5.092753887176514,5.53000020980835,5.579999923706055,5.309999942779541,5.440000057220459,371500
2022-06-13,4.908567428588867,5.329999923706055,5.459000110626221,5.150000095367432,5.289999961853027,294700
2022-06-14,4.853311061859131,5.269999980926514,5.690000057220459,5.230000019073486,5.460000038146973,252000
2022-06-15,4.963823318481445,5.389999866485596,5.434999942779541,5.244999885559082,5.329999923706055,327600
2022-06-16,4.586241245269775,4.980000019073486,5.309999942779541,4.880000114440918,5.25,418600
2022-06-17,4.834892749786377,5.25,5.295000076293945,5.03000020980835,5.059999942779541,546300
2022-06-21,5.0282883644104,5.460000038146973,5.670000076293945,5.289999961853027,5.289999961853027,472700
2022-06-22,4.982241630554199,5.409999847412109,5.650000095367432,5.320000171661377,5.329999923706055,452600
2022-06-23,5.12959098815918,5.570000171661377,5.570000171661377,5.389999866485596,5.480000019073486,143000
2022-06-24,5.276939868927002,5.730000019073486,5.840000152587891,5.590000152587891,5.590000152587891,205400
2022-06-27,5.009869575500488,5.440000057220459,5.920000076293945,5.414999961853027,5.78000020980835,151400
2022-06-28,4.650706768035889,5.050000190734863,5.514999866485596,5.050000190734863,5.440000057220459,177500
2022-06-29,4.623078346252441,5.019999980926514,5.059999942779541,4.880000114440918,5.039999961853027,229700
2022-06-30,4.144193649291992,4.5,5.019999980926514,4.5,5.019999980926514,924800
2022-07-01,4.116565704345703,4.46999979019165,4.610000133514404,4.429999828338623,4.539999961853027,243200
2022-07-05,4.162612438201904,4.519999980926514,4.559999942779541,4.230000019073486,4.539999961853027,1089800
2022-07-06,4.2362871170043945,4.599999904632568,4.690000057220459,4.440999984741211,4.510000228881836,193900
2022-07-07,4.57703161239624,4.96999979019165,5.050000190734863,4.599999904632568,4.599999904632568,238900
2022-07-08,4.558612823486328,4.949999809265137,5.159999847412109,4.809999942779541,4.940000057220459,137900
2022-07-11,4.475729465484619,4.860000133514404,5.0,4.78000020980835,4.860000133514404,249500
2022-07-12,4.19944953918457,4.559999942779541,5.010000228881836,4.53000020980835,4.829999923706055,432400
2022-07-13,4.2731242179870605,4.639999866485596,4.690000057220459,4.400000095367432,4.559999942779541,468100
2022-07-14,4.337589740753174,4.710000038146973,4.820000171661377,4.510000228881836,4.599999904632568,127200
2022-07-15,4.558612823486328,4.949999809265137,4.960000038146973,4.650000095367432,4.75,96900
2022-07-18,4.936195373535156,5.360000133514404,5.460000038146973,5.019999980926514,5.03000020980835,507400
2022-07-19,5.101963043212891,5.539999961853027,5.650000095367432,5.380000114440918,5.380000114440918,351800
2022-07-20,5.20326566696167,5.650000095367432,5.71999979019165,5.380000114440918,5.489999771118164,397300
2022-07-21,5.148009777069092,5.590000152587891,5.710000038146973,5.510000228881836,5.710000038146973,221100
2022-07-22,5.083544731140137,5.519999980926514,5.724999904632568,5.359000205993652,5.610000133514404,158200
2022-07-25,4.844101905822754,5.260000228881836,5.539999961853027,5.239999771118164,5.519999980926514,59300
2022-07-26,4.742799758911133,5.150000095367432,5.239999771118164,4.960000038146973,5.179999828338623,196900
2022-07-27,4.834892749786377,5.25,5.329999923706055,5.019999980926514,5.210000038146973,282900
2022-07-28,4.991451263427734,5.420000076293945,5.449999809265137,5.139999866485596,5.289999961853027,150500
2022-07-29,5.07433557510376,5.510000228881836,5.610000133514404,5.25,5.46999979019165,103100
2022-08-01,5.166428565979004,5.610000133514404,5.650000095367432,5.369999885559082,5.489999771118164,211700
2022-08-02,5.295358657836914,5.75,5.789999961853027,5.5,5.570000171661377,173700
2022-08-03,5.50717306137085,5.980000019073486,6.0,5.710000038146973,5.78000020980835,199400
2022-08-04,5.4795451164245605,5.949999809265137,6.079999923706055,5.75,5.960000038146973,203400
2022-08-05,5.534801006317139,6.010000228881836,6.034999847412109,5.739999771118164,5.849999904632568,277900
2022-08-08,5.783452987670898,6.28000020980835,6.369999885559082,5.989999771118164,5.989999771118164,267300
2022-08-09,5.4150800704956055,5.880000114440918,6.300000190734863,5.699999809265137,6.300000190734863,279100
2022-08-10,5.893964767456055,6.400000095367432,6.449999809265137,6.050000190734863,6.059999942779541,411200
2022-08-11,7.302990436553955,7.929999828338623,8.369999885559082,7.519999980926514,8.350000381469727,3900700
2022-08-12,7.376665115356445,8.010000228881836,8.119999885559082,7.630000114440918,7.869999885559082,1633800
2022-08-15,8.14103889465332,8.84000015258789,8.930000305175781,7.864999771118164,7.989999771118164,1135200
2022-08-16,8.527830123901367,9.260000228881836,9.729999542236328,8.770000457763672,8.850000381469727,992800
2022-08-17,8.214713096618652,8.920000076293945,9.25,8.75,9.09000015258789,501100
2022-08-18,8.76727294921875,9.520000457763672,9.550000190734863,8.600000381469727,8.859999656677246,536400
2022-08-19,8.233131408691406,8.9399995803833,9.430000305175781,8.779999732971191,9.430000305175781,515600
2022-08-22,8.242341041564941,8.949999809265137,8.989999771118164,8.510000228881836,8.680000305175781,285100
2022-08-23,8.16866683959961,8.869999885559082,9.149999618530273,8.75,8.949999809265137,513600
2022-08-24,8.233131408691406,8.9399995803833,9.199999809265137,8.84000015258789,8.890000343322754,349800
2022-08-25,8.500202178955078,9.229999542236328,9.34000015258789,8.880000114440918,8.9399995803833,289000
2022-08-26,8.012107849121094,8.699999809265137,9.289999961853027,8.600000381469727,9.180000305175781,391300
2022-08-29,8.131829261779785,8.829999923706055,8.960000038146973,8.5600004196167,8.5600004196167,262700
2022-08-30,8.104201316833496,8.800000190734863,9.055000305175781,8.664999961853027,8.880000114440918,234400
2022-08-31,7.883177757263184,8.5600004196167,8.920000076293945,8.510000228881836,8.899999618530273,337700
2022-09-01,7.735827922821045,8.399999618530273,8.529999732971191,8.081000328063965,8.5,370900
2022-09-02,7.873968124389648,8.550000190734863,8.779999732971191,8.300000190734863,8.5600004196167,213000
2022-09-06,8.214713096618652,8.920000076293945,9.199000358581543,8.520000457763672,8.520000457763672,525400
2022-09-07,8.509411811828613,9.239999771118164,9.270000457763672,8.989999771118164,9.119999885559082,580500
2022-09-08,8.196294784545898,8.899999618530273,9.220000267028809,8.75,9.119999885559082,275100
2022-09-09,8.343644142150879,9.0600004196167,9.3149995803833,8.859999656677246,9.039999961853027,801100
2022-09-12,7.92001485824585,8.600000381469727,9.710000038146973,8.550000190734863,9.119999885559082,1035400
2022-09-13,7.588479042053223,8.239999771118164,8.5,8.119999885559082,8.5,551000
2022-09-14,7.4963860511779785,8.140000343322754,8.385000228881836,7.989999771118164,8.270000457763672,401800
2022-09-15,7.781874656677246,8.449999809265137,8.609999656677246,8.039999961853027,8.039999961853027,531200
2022-09-16,7.754247188568115,8.420000076293945,8.449999809265137,8.149999618530273,8.449999809265137,866500
2022-09-19,7.717409610748291,8.380000114440918,8.460000038146973,8.196999549865723,8.239999771118164,357000
2022-09-20,7.809502601623535,8.479999542236328,8.524999618530273,8.109999656677246,8.3100004196167,562300
2022-09-21,7.892386436462402,8.569999694824219,8.859999656677246,8.470000267028809,8.470000267028809,522000
2022-09-22,7.3858747482299805,8.020000457763672,8.5600004196167,7.875,8.5600004196167,364600
2022-09-23,7.256943702697754,7.880000114440918,7.942999839782715,7.730000019073486,7.940000057220459,244700
2022-09-26,7.256943702697754,7.880000114440918,8.170000076293945,7.849999904632568,7.900000095367432,189200
2022-09-27,6.999082565307617,7.599999904632568,8.25,7.550000190734863,7.980000019073486,502000
2022-09-28,6.971455097198486,7.570000171661377,7.670000076293945,7.429999828338623,7.579999923706055,246500
2022-09-29,6.805686950683594,7.389999866485596,7.440000057220459,7.21999979019165,7.440000057220459,247700
2022-09-30,6.492570877075195,7.050000190734863,7.380000114440918,7.039999961853027,7.320000171661377,308300
2022-10-03,6.778059482574463,7.360000133514404,7.46999979019165,7.019999980926514,7.150000095367432,242200
2022-10-04,6.962245464324951,7.559999942779541,7.739999771118164,7.449999809265137,7.519999980926514,183100
2022-10-05,6.888571262359619,7.480000019073486,7.53000020980835,7.230000019073486,7.460000038146973,177500
2022-10-06,6.925408363342285,7.519999980926514,7.610000133514404,7.380000114440918,7.559999942779541,121300
2022-10-07,6.6951751708984375,7.269999980926514,7.690000057220459,7.139999866485596,7.449999809265137,158400
2022-10-10,6.557035446166992,7.119999885559082,7.300000190734863,6.960000038146973,7.300000190734863,257800
2022-10-11,6.6491289138793945,7.21999979019165,7.449999809265137,7.0,7.119999885559082,208700
2022-10-12,6.603082180023193,7.170000076293945,7.360000133514404,7.099999904632568,7.28000020980835,187600
2022-10-13,6.61229133605957,7.179999828338623,7.25,6.815000057220459,6.96999979019165,235300
2022-10-14,6.593872547149658,7.159999847412109,7.585000038146973,7.099999904632568,7.409999847412109,281400
2022-10-17,7.035920143127441,7.639999866485596,7.800000190734863,7.340000152587891,7.380000114440918,273000
2022-10-18,7.045129776000977,7.650000095367432,8.008999824523926,7.570000171661377,7.869999885559082,221500
2022-10-19,6.916199207305908,7.510000228881836,7.710000038146973,7.366000175476074,7.630000114440918,179300
2022-10-20,6.84252405166626,7.429999828338623,7.829999923706055,7.388999938964844,7.519999980926514,179700
2022-10-21,7.1280131340026855,7.739999771118164,7.769999980926514,7.349999904632568,7.440000057220459,120100
2022-10-24,7.238525390625,7.860000133514404,7.925000190734863,7.519999980926514,7.789999961853027,213400
2022-10-25,7.800293922424316,8.470000267028809,8.902000427246094,7.9019999504089355,7.929999828338623,570900
2022-10-26,7.809502601623535,8.479999542236328,8.800000190734863,8.350000381469727,8.470000267028809,262200
2022-10-27,7.514804363250732,8.15999984741211,8.59000015258789,8.140000343322754,8.59000015258789,225400
2022-10-28,7.698991298675537,8.359999656677246,8.449999809265137,8.109999656677246,8.109999656677246,274900
2022-10-31,7.671363353729248,8.329999923706055,8.4399995803833,8.199999809265137,8.220000267028809,185300
2022-11-01,7.597688674926758,8.25,8.569999694824219,8.210000038146973,8.539999961853027,195100
2022-11-02,7.431920528411865,8.069999694824219,8.34000015258789,8.020000457763672,8.239999771118164,252300
2022-11-03,7.634525775909424,8.289999961853027,8.350000381469727,7.925000190734863,8.010000228881836,224000
2022-11-04,8.021317481994629,8.710000038146973,8.859999656677246,8.390000343322754,8.444999694824219,292100
2022-11-07,8.629132270812988,9.369999885559082,9.449999809265137,8.699999809265137,8.699999809265137,660100
2022-11-08,8.610713958740234,9.350000381469727,9.649999618530273,8.930000305175781,9.430000305175781,879300
2022-11-09,8.39889907836914,9.119999885559082,9.390000343322754,8.989999771118164,9.390000343322754,770800
2022-11-10,8.223922729492188,8.930000305175781,9.970000267028809,7.559999942779541,9.899999618530273,1810000
2022-11-11,8.030526161193848,8.720000267028809,9.0,8.505000114440918,8.880000114440918,913200
2022-11-14,8.223922729492188,8.930000305175781,9.095000267028809,8.609999656677246,8.609999656677246,557100
2022-11-15,8.251550674438477,8.960000038146973,9.375,8.845000267028809,9.1899995803833,724100
2022-11-16,7.81871223449707,8.489999771118164,8.979999542236328,8.470000267028809,8.8100004196167,645600
2022-11-17,7.680572986602783,8.34000015258789,8.369999885559082,7.989999771118164,8.329999923706055,1410500
2022-11-18,7.873968124389648,8.550000190734863,8.65999984741211,8.395000457763672,8.470000267028809,372300
2022-11-21,7.76345682144165,8.430000305175781,8.520000457763672,8.270000457763672,8.5,254400
2022-11-22,8.076573371887207,8.770000457763672,8.779999732971191,8.430000305175781,8.430000305175781,453900
2022-11-23,8.343644142150879,9.0600004196167,9.170000076293945,8.770000457763672,8.779999732971191,542400
2022-11-25,8.463364601135254,9.1899995803833,9.274999618530273,9.050000190734863,9.0600004196167,186900
2022-11-28,8.42652702331543,9.149999618530273,9.449999809265137,9.0600004196167,9.199999809265137,311900
2022-11-29,8.619922637939453,9.359999656677246,9.449999809265137,9.0600004196167,9.149999618530273,327300
2022-11-30,8.868574142456055,9.630000114440918,9.699999809265137,9.210000038146973,9.350000381469727,439400
2022-12-01,9.144854545593262,9.930000305175781,10.194999694824219,9.604999542236328,9.6899995803833,709800
2022-12-02,9.448761940002441,10.260000228881836,10.390000343322754,9.680000305175781,9.859999656677246,1163700
2022-12-05,9.117225646972656,9.899999618530273,10.435999870300293,9.819999694824219,10.279999732971191,730700
2022-12-06,8.8501558303833,9.609999656677246,9.90999984741211,9.545000076293945,9.880000114440918,357000
2022-12-07,8.794900894165039,9.550000190734863,9.838000297546387,9.25100040435791,9.34000015258789,503500
2022-12-08,9.015924453735352,9.789999961853027,9.829999923706055,9.550000190734863,9.569999694824219,402000
2022-12-09,8.804110527038574,9.5600004196167,9.710000038146973,9.40999984741211,9.699999809265137,460500
2022-12-12,8.813319206237793,9.569999694824219,9.6899995803833,9.510000228881836,9.579999923706055,302600
2022-12-13,9.061970710754395,9.84000015258789,10.1899995803833,9.739999771118164,9.800000190734863,706300
2022-12-14,9.181692123413086,9.970000267028809,10.039999961853027,9.59000015258789,9.770000457763672,327200
2022-12-15,8.758063316345215,9.510000228881836,9.829999923706055,9.40999984741211,9.770000457763672,577700
2022-12-16,9.006714820861816,9.779999732971191,9.90999984741211,9.390000343322754,9.399999618530273,676300
2022-12-19,8.758063316345215,9.510000228881836,9.779999732971191,9.399999618530273,9.779999732971191,199000
2022-12-20,8.804110527038574,9.5600004196167,9.699999809265137,9.260000228881836,9.369999885559082,202300
2022-12-21,9.015924453735352,9.789999961853027,9.890000343322754,9.569000244140625,9.640000343322754,170400
2022-12-22,8.979086875915527,9.75,9.930000305175781,9.510000228881836,9.739999771118164,160900
2022-12-23,8.509411811828613,9.239999771118164,9.803999900817871,8.979999542236328,9.760000228881836,483200
2022-12-27,8.693597793579102,9.4399995803833,9.479999542236328,9.100000381469727,9.270000457763672,258000
2022-12-28,8.74885368347168,9.5,9.6899995803833,9.21500015258789,9.449999809265137,236100
2022-12-29,8.979086875915527,9.75,9.949999809265137,9.539999961853027,9.569999694824219,274300
2022-12-30,8.979086875915527,9.75,9.809000015258789,9.279999732971191,9.649999618530273,438500
2023-01-03,8.656760215759277,9.399999618530273,10.15999984741211,9.350000381469727,9.760000228881836,611700
2023-01-04,9.292203903198242,10.09000015258789,10.15999984741211,9.5,9.520000457763672,922600
2023-01-05,9.485599517822266,10.300000190734863,10.579999923706055,9.960000038146973,10.050000190734863,791700
2023-01-06,9.430342674255371,10.239999771118164,10.449999809265137,10.020000457763672,10.300000190734863,421400
2023-01-09,10.719648361206055,11.640000343322754,12.229999542236328,10.9399995803833,11.550000190734863,2383100
2023-01-10,11.00513744354248,11.949999809265137,12.086999893188477,11.479999542236328,11.829999923706055,1034100
2023-01-11,11.244579315185547,12.210000038146973,12.489999771118164,11.8100004196167,12.100000381469727,978100
2023-01-12,11.852394104003906,12.869999885559082,13.0600004196167,12.109999656677246,12.34000015258789,1435200
2023-01-13,11.603743553161621,12.600000381469727,13.130000114440918,12.460000038146973,12.880000114440918,1024600
2023-01-17,12.091836929321289,13.130000114440918,13.329999923706055,12.260000228881836,12.579999923706055,1405100
2023-01-18,11.530068397521973,12.520000457763672,13.40999984741211,12.3149995803833,13.359999656677246,1422300
2023-01-19,11.345881462097168,12.319999694824219,12.630000114440918,12.010000228881836,12.119999885559082,851200
2023-01-20,11.898441314697266,12.920000076293945,13.050000190734863,12.199999809265137,12.399999618530273,984400
2023-01-23,12.81937313079834,13.920000076293945,14.100000381469727,12.930000305175781,13.050000190734863,2327100
2023-01-24,12.736489295959473,13.829999923706055,14.187999725341797,13.460000038146973,13.899999618530273,850500
2023-01-25,12.4694185256958,13.539999961853027,13.670000076293945,13.029999732971191,13.550000190734863,876600
2023-01-26,12.294442176818848,13.350000381469727,13.90999984741211,12.800000190734863,13.649999618530273,1280600
2023-01-27,12.358906745910645,13.420000076293945,13.649999618530273,13.100000381469727,13.279999732971191,843400
2023-01-30,12.80095386505127,13.899999618530273,14.055000305175781,13.050000190734863,13.300000190734863,2145600
2023-01-31,13.031187057495117,14.149999618530273,14.460000038146973,13.8100004196167,14.0,1190400
2023-02-01,13.298257827758789,14.4399995803833,14.59000015258789,13.880000114440918,14.289999961853027,1325600
2023-02-02,13.4271879196167,14.579999923706055,14.949999809265137,14.010000228881836,14.579999923706055,1237300
2023-02-03,13.390350341796875,14.539999961853027,15.0600004196167,14.149999618530273,14.270000457763672,892400
2023-02-06,13.38114070892334,14.529999732971191,14.949999809265137,14.15999984741211,14.710000038146973,1062600
2023-02-07,13.648211479187012,14.819999694824219,15.010000228881836,14.28499984741211,14.430000305175781,977400
2023-02-08,13.344303131103516,14.489999771118164,14.989999771118164,13.829999923706055,14.960000038146973,1131500
2023-02-09,12.957512855529785,14.069999694824219,14.640000343322754,14.024999618530273,14.630000114440918,1046600
2023-02-10,12.782535552978516,13.880000114440918,14.170000076293945,13.670000076293945,14.0,733700
2023-02-13,13.132490158081055,14.260000228881836,14.300000190734863,13.739999771118164,13.960000038146973,779800
2023-02-14,13.243001937866211,14.380000114440918,14.529999732971191,13.909000396728516,14.210000038146973,924300
2023-02-15,13.721885681152344,14.899999618530273,15.0,14.300000190734863,14.390000343322754,502300
2023-02-16,13.4271879196167,14.579999923706055,15.270000457763672,14.460000038146973,14.6899995803833,1125900
2023-02-17,13.178536415100098,14.3100004196167,14.529999732971191,14.010000228881836,14.470000267028809,688800
2023-02-21,12.340487480163574,13.399999618530273,14.270000457763672,13.350000381469727,14.270000457763672,1277700
2023-02-22,12.625977516174316,13.710000038146973,13.949999809265137,13.095000267028809,13.399999618530273,1552200
2023-02-23,13.169326782226562,14.300000190734863,14.340999603271484,13.550000190734863,13.84000015258789,1406500
2023-02-24,12.920675277709961,14.029999732971191,14.489999771118164,13.920000076293945,14.100000381469727,591800
2023-02-27,13.2706298828125,14.40999984741211,14.640000343322754,14.173999786376953,14.199999809265137,594200
2023-02-28,13.362722396850586,14.510000228881836,15.130000114440918,14.430000305175781,14.449999809265137,1448600
2023-03-01,12.874628067016602,13.979999542236328,14.800000190734863,13.970000267028809,14.645000457763672,786000
2023-03-02,12.837790489196777,13.9399995803833,14.050000190734863,13.085000038146973,13.979999542236328,1002100
2023-03-03,13.058815002441406,14.180000305175781,14.399999618530273,13.720000267028809,13.979999542236328,666600
2023-03-06,12.248394966125488,13.300000190734863,14.319999694824219,13.130000114440918,14.270000457763672,2103100
2023-03-07,12.073417663574219,13.109999656677246,13.520000457763672,12.899999618530273,13.25,1757500
2023-03-08,11.78792953491211,12.800000190734863,13.32699966430664,12.489999771118164,13.109999656677246,3245300
2023-03-09,9.430342674255371,10.239999771118164,11.479999542236328,9.970000267028809,11.210000038146973,6044400
2023-03-10,8.693597793579102,9.4399995803833,10.100000381469727,9.279999732971191,10.100000381469727,1932600
2023-03-13,8.14103889465332,8.84000015258789,9.239999771118164,8.694999694824219,9.210000038146973,1769300
2023-03-14,8.131829261779785,8.829999923706055,9.350000381469727,8.779999732971191,9.170000076293945,1153700
2023-03-15,7.910805702209473,8.59000015258789,8.739999771118164,8.329999923706055,8.5,1480100
2023-03-16,8.26996898651123,8.979999542236328,8.989999771118164,8.260000228881836,8.380000114440918,996000
2023-03-17,7.846341133117676,8.520000457763672,8.960000038146973,8.340999603271484,8.960000038146973,1308300
2023-03-20,7.846341133117676,8.520000457763672,8.960000038146973,8.414999961853027,8.649999618530273,820600
2023-03-21,8.030526161193848,8.720000267028809,8.859999656677246,8.649999618530273,8.720000267028809,705700
2023-03-22,7.570061206817627,8.220000267028809,8.6899995803833,8.220000267028809,8.6899995803833,775000
2023-03-23,7.662153720855713,8.319999694824219,8.470000267028809,8.15999984741211,8.260000228881836,770100
2023-03-24,7.4963860511779785,8.140000343322754,8.25,7.989999771118164,8.25,771700
2023-03-27,7.5792694091796875,8.229999542236328,8.366999626159668,8.119999885559082,8.170000076293945,601700
2023-03-28,7.708199977874756,8.369999885559082,8.503999710083008,8.15999984741211,8.15999984741211,817500
2023-03-29,7.671363353729248,8.329999923706055,8.489999771118164,8.119999885559082,8.449999809265137,709500
2023-03-30,7.413502216339111,8.050000190734863,8.529999732971191,8.039999961853027,8.449999809265137,1219400
2023-03-31,7.634525775909424,8.289999961853027,8.329999923706055,8.0600004196167,8.149999618530273,1426800
2023-04-03,7.220106601715088,7.840000152587891,8.404999732971191,7.800000190734863,8.279999732971191,1065600
2023-04-04,6.906990051269531,7.5,7.84499979019165,7.198999881744385,7.840000152587891,1994800
2023-04-05,6.920803546905518,7.514999866485596,7.789999961853027,7.360000133514404,7.670000076293945,1069100
2023-04-06,6.962245464324951,7.559999942779541,7.670000076293945,7.289999961853027,7.489999771118164,1084800
2023-04-10,7.238525390625,7.860000133514404,7.909999847412109,7.449999809265137,7.489999771118164,683700
2023-04-11,7.247734069824219,7.869999885559082,7.945000171661377,7.710000038146973,7.880000114440918,978400
2023-04-12,7.210897445678711,7.829999923706055,8.114999771118164,7.739999771118164,7.929999828338623,763200
2023-04-13,7.229315757751465,7.849999904632568,7.889999866485596,7.75,7.869999885559082,495900
2023-04-14,7.220106601715088,7.840000152587891,8.050000190734863,7.732999801635742,7.889999866485596,551600
2023-04-17,7.431920528411865,8.069999694824219,8.09000015258789,7.800000190734863,7.849999904632568,769700
2023-04-18,7.588479042053223,8.239999771118164,8.274999618530273,8.050000190734863,8.079999923706055,540300
2023-04-19,7.514804363250732,8.15999984741211,8.25,7.929999828338623,8.199999809265137,546500
2023-04-20,7.662153720855713,8.319999694824219,8.369999885559082,7.980000019073486,8.100000381469727,649100
2023-04-21,7.514804363250732,8.15999984741211,8.300000190734863,8.109999656677246,8.270000457763672,651400
2023-04-24,7.349037170410156,7.980000019073486,8.210000038146973,7.829999923706055,8.130000114440918,820400
2023-04-25,7.072757244110107,7.679999828338623,7.849999904632568,7.650000095367432,7.849999904632568,731300
2023-04-26,6.888571262359619,7.480000019073486,7.739999771118164,7.409999847412109,7.619999885559082,1165000
2023-04-27,7.210897445678711,7.829999923706055,7.864999771118164,7.489999771118164,7.5,705400
2023-04-28,7.3858747482299805,8.020000457763672,8.050000190734863,7.789999961853027,7.789999961853027,349700
2023-05-01,7.349037170410156,7.980000019073486,8.100000381469727,7.880000114440918,8.0,600900
2023-05-02,7.045129776000977,7.650000095367432,7.900000095367432,7.570000171661377,7.869999885559082,615000
2023-05-03,6.84252405166626,7.429999828338623,7.849999904632568,7.389999866485596,7.590000152587891,962700
2023-05-04,7.008292198181152,7.610000133514404,8.050000190734863,6.889999866485596,6.900000095367432,1097700
2023-05-05,7.5424323081970215,8.1899995803833,8.279999732971191,7.760000228881836,7.760000228881836,1072400
2023-05-08,7.708199977874756,8.369999885559082,8.430000305175781,8.015000343322754,8.380000114440918,1190300
2023-05-09,7.892386436462402,8.569999694824219,8.845000267028809,8.380000114440918,8.420000076293945,1406800
2023-05-10,8.030526161193848,8.720000267028809,8.885000228881836,8.600000381469727,8.670000076293945,992200
2023-05-11,7.947642803192139,8.630000114440918,8.734999656677246,8.397000312805176,8.619999885559082,771500
2023-05-12,7.8555498123168945,8.529999732971191,8.71500015258789,8.255000114440918,8.649999618530273,565800
2023-05-15,7.772665500640869,8.4399995803833,8.539999961853027,8.180000305175781,8.539999961853027,655900
2023-05-16,6.84252405166626,7.429999828338623,8.430000305175781,7.400000095367432,8.329999923706055,1091700
2023-05-17,7.017501354217529,7.619999885559082,7.704999923706055,7.429999828338623,7.46999979019165,755200
2023-05-18,6.953036308288574,7.550000190734863,7.789999961853027,7.429999828338623,7.619999885559082,781900
2023-05-19,6.78726863861084,7.369999885559082,7.610000133514404,7.21999979019165,7.590000152587891,657700
2023-05-22,6.828710556030273,7.414999961853027,7.480000019073486,7.224999904632568,7.46999979019165,483200
2023-05-23,6.833314895629883,7.420000076293945,7.570000171661377,7.389999866485596,7.46999979019165,621200
2023-05-24,6.6215009689331055,7.190000057220459,7.389999866485596,7.010000228881836,7.349999904632568,350800
2023-05-25,6.593872547149658,7.159999847412109,7.315000057220459,7.010000228881836,7.190000057220459,536000
2023-05-26,6.6215009689331055,7.190000057220459,7.28000020980835,6.909999847412109,7.119999885559082,413500
2023-05-30,6.566245079040527,7.130000114440918,7.361000061035156,7.110000133514404,7.150000095367432,723200
2023-05-31,6.510989189147949,7.070000171661377,7.199999809265137,6.945000171661377,7.099999904632568,843700
2023-06-01,6.271546363830566,6.809999942779541,7.070000171661377,6.75,7.070000171661377,698200
2023-06-02,6.676756381988525,7.25,7.260000228881836,6.909999847412109,6.909999847412109,655200
2023-06-05,6.66754674911499,7.239999771118164,7.369999885559082,7.199999809265137,7.25,561800
2023-06-06,6.953036308288574,7.550000190734863,7.684999942779541,7.199999809265137,7.199999809265137,545600
2023-06-07,7.413502216339111,8.050000190734863,8.265000343322754,7.670000076293945,7.679999828338623,1031900
2023-06-08,7.81871223449707,8.489999771118164,8.779999732971191,8.039999961853027,8.0600004196167,1596900
2023-06-09,7.772665500640869,8.4399995803833,8.710000038146973,8.40999984741211,8.5,679900
2023-06-12,7.947642803192139,8.630000114440918,8.649999618530273,8.460000038146973,8.479999542236328,483000
2023-06-13,8.509411811828613,9.239999771118164,9.260000228881836,8.70199966430664,8.729999542236328,835800
2023-06-14,8.325224876403809,9.039999961853027,9.380000114440918,8.951000213623047,9.210000038146973,700700
2023-06-15,8.371271133422852,9.09000015258789,9.130000114440918,8.914999961853027,9.029999732971191,385700
2023-06-16,8.214713096618652,8.920000076293945,9.180000305175781,8.829999923706055,9.09000015258789,427700
2023-06-20,8.408108711242676,9.130000114440918,9.154999732971191,8.75,8.899999618530273,571400
2023-06-21,8.408108711242676,9.130000114440918,9.3100004196167,8.979000091552734,9.100000381469727,474700
2023-06-22,8.684389114379883,9.430000305175781,9.470000267028809,8.960000038146973,9.119999885559082,498500
2023-06-23,8.509411811828613,9.239999771118164,9.460000038146973,9.140000343322754,9.260000228881836,801000
2023-06-26,8.70280647277832,9.449999809265137,9.625,9.229999542236328,9.270000457763672,479000
2023-06-27,9.421133041381836,10.229999542236328,10.28499984741211,9.760000228881836,9.800000190734863,1222400
2023-06-28,9.181692123413086,9.970000267028809,10.329999923706055,9.904999732971191,10.180000305175781,630800
2023-06-29,9.236947059631348,10.029999732971191,10.140000343322754,9.914999961853027,9.960000038146973,476500
2023-06-30,9.605320930480957,10.430000305175781,10.5,10.039999961853027,10.149999618530273,632500
2023-07-03,9.623739242553711,10.449999809265137,10.569999694824219,10.300000190734863,10.430000305175781,257700
2023-07-05,9.485599517822266,10.300000190734863,10.430000305175781,10.149999618530273,10.420000076293945,579000
2023-07-06,9.329041481018066,10.130000114440918,10.15999984741211,10.0,10.109999656677246,486700
2023-07-07,9.356668472290039,10.15999984741211,10.255000114440918,10.005000114440918,10.069999694824219,761700
2023-07-10,9.761878967285156,10.600000381469727,10.864999771118164,10.039999961853027,10.039999961853027,923500
2023-07-11,10.277600288391113,11.15999984741211,11.34000015258789,10.630000114440918,10.6899995803833,958900
2023-07-12,10.36048412322998,11.25,11.470000267028809,11.1899995803833,11.350000381469727,765400
2023-07-13,9.752669334411621,10.59000015258789,11.34000015258789,10.418000221252441,11.279999732971191,768700
2023-07-14,9.973692893981934,10.829999923706055,10.920000076293945,10.619999885559082,10.670000076293945,496500
2023-07-17,10.36048412322998,11.25,11.274999618530273,10.770000457763672,10.859999656677246,617900
2023-07-18,10.599926948547363,11.510000228881836,11.5600004196167,11.220000267028809,11.229999542236328,385100
2023-07-19,10.581507682800293,11.489999771118164,11.819999694824219,11.420000076293945,11.579999923706055,697400
2023-07-20,10.397321701049805,11.289999961853027,11.470000267028809,11.104999542236328,11.430000305175781,502300
2023-07-21,10.213135719299316,11.09000015258789,11.390000343322754,11.010000228881836,11.329999923706055,509000
2023-07-24,10.277600288391113,11.15999984741211,11.428999900817871,10.979999542236328,11.09000015258789,462900
2023-07-25,10.461787223815918,11.359999656677246,11.489999771118164,11.0600004196167,11.170000076293945,392400
2023-07-26,10.535460472106934,11.4399995803833,11.460000038146973,11.1899995803833,11.399999618530273,378700
2023-07-27,10.14867115020752,11.020000457763672,11.550000190734863,10.90999984741211,11.529999732971191,639300
2023-07-28,10.167089462280273,11.039999961853027,11.14799976348877,10.720000267028809,11.079999923706055,611000
2023-07-31,10.553879737854004,11.460000038146973,11.475000381469727,11.0600004196167,11.09000015258789,567700
2023-08-01,10.81174087524414,11.739999771118164,11.739999771118164,11.25,11.319999694824219,482100
2023-08-02,10.645974159240723,11.5600004196167,11.779999732971191,11.465999603271484,11.510000228881836,521400
2023-08-03,10.986719131469727,11.930000305175781,12.020000457763672,11.529999732971191,11.529999732971191,1370700
2023-08-04,11.097229957580566,12.050000190734863,12.460000038146973,11.84000015258789,11.970000267028809,1944700
2023-08-07,10.802531242370605,11.729999542236328,12.210000038146973,11.484999656677246,12.149999618530273,1007900
2023-08-08,10.68281078338623,11.600000381469727,11.8100004196167,11.140000343322754,11.5,1191000
2023-08-09,11.61295223236084,12.609999656677246,13.010000228881836,11.979999542236328,12.0,3344000
2023-08-10,11.32746410369873,12.300000190734863,13.0,12.225000381469727,12.84000015258789,940800
2023-08-11,10.820950508117676,11.75,12.329999923706055,11.550000190734863,12.270000457763672,976100
2023-08-14,11.032764434814453,11.979999542236328,12.020000457763672,11.65999984741211,11.65999984741211,391100
2023-08-15,11.244579315185547,12.210000038146973,12.510000228881836,11.819999694824219,11.899999618530273,575300
2023-08-16,9.365878105163574,10.170000076293945,11.369999885559082,10.09000015258789,10.569999694824219,5207000
2023-08-17,9.273784637451172,10.069999694824219,10.75,10.050000190734863,10.404999732971191,7293400
2023-08-18,9.4948091506958,10.3100004196167,10.484999656677246,9.779999732971191,9.899999618530273,1559600
2023-08-21,9.17248249053955,9.960000038146973,10.520000457763672,9.949999809265137,10.319999694824219,1139900
2023-08-22,9.02513313293457,9.800000190734863,9.989999771118164,9.654000282287598,9.979999542236328,1519100
2023-08-23,9.108016967773438,9.890000343322754,9.994999885559082,9.694999694824219,9.850000381469727,1091300
2023-08-24,8.951458930969238,9.720000267028809,10.0,9.6850004196167,9.859999656677246,745800
2023-08-25,8.76727294921875,9.520000457763672,9.779999732971191,9.364999771118164,9.75,622000
2023-08-28,8.785691261291504,9.539999961853027,9.65999984741211,9.475000381469727,9.569999694824219,464600
2023-08-29,8.74885368347168,9.5,9.649999618530273,9.350000381469727,9.4399995803833,608400
2023-08-30,9.05276107788086,9.829999923706055,9.944999694824219,9.5,9.5,596500
2023-08-31,9.117225646972656,9.899999618530273,9.970000267028809,9.75,9.789999961853027,648400
2023-09-01,9.282994270324707,10.079999923706055,10.104999542236328,9.880000114440918,9.960000038146973,534700
2023-09-05,9.282994270324707,10.079999923706055,10.430000305175781,10.0,10.020000457763672,2773300
2023-09-06,8.896202087402344,9.65999984741211,10.079999923706055,9.319999694824219,10.0600004196167,939300
2023-09-07,9.02513313293457,9.800000190734863,9.880000114440918,9.380000114440918,9.59000015258789,539100
2023-09-08,8.822527885437012,9.579999923706055,9.729999542236328,9.468000411987305,9.729999542236328,597200
2023-09-11,8.951458930969238,9.720000267028809,9.760000228881836,9.5649995803833,9.6899995803833,335100
2023-09-12,8.840947151184082,9.600000381469727,9.8100004196167,9.51099967956543,9.670000076293945,716400
2023-09-13,8.87778377532959,9.640000343322754,9.670000076293945,9.505000114440918,9.59000015258789,366000
2023-09-14,9.246156692504883,10.039999961853027,10.1899995803833,9.75,9.779999732971191,585600
2023-09-15,9.190900802612305,9.979999542236328,10.0600004196167,9.920000076293945,10.020000457763672,2166600
2023-09-18,8.914621353149414,9.680000305175781,9.984999656677246,9.670000076293945,9.890000343322754,696700
2023-09-19,8.804110527038574,9.5600004196167,9.829999923706055,9.399999618530273,9.65999984741211,713000
2023-09-20,8.656760215759277,9.399999618530273,9.859999656677246,9.390000343322754,9.609999656677246,435900
2023-09-21,8.454155921936035,9.180000305175781,9.319999694824219,9.079999923706055,9.210000038146973,622300
2023-09-22,8.27917766571045,8.989999771118164,9.260000228881836,8.925000190734863,9.220000267028809,614600
2023-09-25,8.4449462890625,9.170000076293945,9.194999694824219,8.979999542236328,8.989999771118164,632500
2023-09-26,8.362061500549316,9.079999923706055,9.244999885559082,9.0,9.069999694824219,600000
2023-09-27,8.4449462890625,9.170000076293945,9.3100004196167,9.119999885559082,9.149999618530273,542100
2023-09-28,8.583085060119629,9.319999694824219,9.380000114440918,9.0,9.149999618530273,576500
2023-09-29,8.564666748046875,9.300000190734863,9.545000076293945,9.274999618530273,9.399999618530273,389700
2023-10-02,8.454155921936035,9.180000305175781,9.390000343322754,9.0600004196167,9.25,517600
2023-10-03,8.196294784545898,8.899999618530273,9.255000114440918,8.875,9.130000114440918,396500
2023-10-04,8.288387298583984,9.0,9.010000228881836,8.8100004196167,8.899999618530273,386300
2023-10-05,8.352852821350098,9.069999694824219,9.069999694824219,8.725000381469727,9.0,327900
2023-10-06,8.619922637939453,9.359999656677246,9.524999618530273,8.899999618530273,9.020000457763672,504600
2023-10-09,8.675179481506348,9.420000076293945,9.449999809265137,9.0600004196167,9.25,473200
2023-10-10,8.831737518310547,9.59000015258789,9.789999961853027,9.335000038146973,9.430000305175781,521700
2023-10-11,8.8501558303833,9.609999656677246,9.720000267028809,9.4399995803833,9.630000114440918,454100
2023-10-12,8.537039756774902,9.270000457763672,9.569999694824219,9.210000038146973,9.569999694824219,775900
2023-10-13,8.70280647277832,9.449999809265137,9.5600004196167,9.279999732971191,9.319999694824219,467000
2023-10-16,8.942249298095703,9.710000038146973,9.734999656677246,9.399999618530273,9.520000457763672,390400
2023-10-17,9.02513313293457,9.800000190734863,9.979999542236328,9.600000381469727,9.600000381469727,556700
2023-10-18,8.610713958740234,9.350000381469727,9.720000267028809,9.210000038146973,9.720000267028809,519400
2023-10-19,8.435736656188965,9.15999984741211,9.479999542236328,9.149999618530273,9.380000114440918,302500
2023-10-20,8.177876472473145,8.880000114440918,9.125,8.821999549865723,9.119999885559082,469000
2023-10-23,7.966061115264893,8.649999618530273,8.920000076293945,8.619999885559082,8.869999885559082,372600
2023-10-24,7.772665500640869,8.4399995803833,8.845000267028809,8.385000228881836,8.720000267028809,571800
2023-10-25,7.781874656677246,8.449999809265137,8.489999771118164,8.15999984741211,8.380000114440918,922000
2023-10-26,7.698991298675537,8.359999656677246,8.5600004196167,8.15999984741211,8.430000305175781,545300
2023-10-27,7.597688674926758,8.25,8.510000228881836,8.220000267028809,8.420000076293945,622400
2023-10-30,7.680572986602783,8.34000015258789,8.600000381469727,8.265000343322754,8.380000114440918,973600
2023-10-31,7.9384331703186035,8.619999885559082,8.630000114440918,8.229999542236328,8.399999618530273,667400
2023-11-01,7.5424323081970215,8.1899995803833,8.529999732971191,8.125,8.399999618530273,1903400
2023-11-02,7.36745548248291,8.0,8.649999618530273,7.559999942779541,7.670000076293945,3042100
2023-11-03,7.929223537445068,8.609999656677246,8.65999984741211,8.0,8.140000343322754,1637700
2023-11-06,8.14103889465332,8.84000015258789,9.015000343322754,8.569999694824219,8.699999809265137,1478600
2023-11-07,8.334434509277344,9.050000190734863,9.069999694824219,8.729000091552734,8.819999694824219,724100
2023-11-08,8.159457206726074,8.859999656677246,9.119999885559082,8.819999694824219,9.0,713800
2023-11-09,7.514804363250732,8.15999984741211,9.03499984741211,8.039999961853027,8.920000076293945,848700
2023-11-10,7.781874656677246,8.449999809265137,8.494999885559082,8.149999618530273,8.1899995803833,525100
2023-11-13,7.791084289550781,8.460000038146973,8.460000038146973,8.25,8.380000114440918,455900
2023-11-14,8.196294784545898,8.899999618530273,9.399999618530273,8.619999885559082,8.619999885559082,1236100
2023-11-15,7.8279218673706055,8.5,8.6850004196167,8.222999572753906,8.529999732971191,4121600
2023-11-16,7.8279218673706055,8.5,8.664999961853027,8.359999656677246,8.539999961853027,807300
2023-11-17,7.966061115264893,8.649999618530273,8.800000190734863,8.460000038146973,8.539999961853027,855300
2023-11-20,7.984480381011963,8.670000076293945,8.739999771118164,8.489999771118164,8.630000114440918,792400
2023-11-21,8.27917766571045,8.989999771118164,9.024999618530273,8.585000038146973,8.619999885559082,1797900
2023-11-22,8.242341041564941,8.949999809265137,9.229999542236328,8.869999885559082,9.0,1079900
2023-11-24,8.39889907836914,9.119999885559082,9.239999771118164,8.930000305175781,8.949999809265137,441600
2023-11-27,8.352852821350098,9.069999694824219,9.130000114440918,8.960000038146973,9.100000381469727,468800
2023-11-28,8.417318344116211,9.140000343322754,9.289999961853027,8.960000038146973,9.079999923706055,556600
2023-11-29,8.500202178955078,9.229999542236328,9.40999984741211,9.170000076293945,9.210000038146973,448300
2023-11-30,8.583085060119629,9.319999694824219,9.34000015258789,9.149999618530273,9.279999732971191,516100
2023-12-01,9.034342765808105,9.8100004196167,9.845000267028809,9.210000038146973,9.279999732971191,593100
2023-12-04,8.76727294921875,9.520000457763672,9.989999771118164,9.470000267028809,9.800000190734863,1007300
2023-12-05,8.712016105651855,9.460000038146973,9.619999885559082,9.25,9.449999809265137,881700
2023-12-06,8.57387638092041,9.3100004196167,9.649999618530273,9.298999786376953,9.619999885559082,392800
2023-12-07,8.693597793579102,9.4399995803833,9.470000267028809,9.1899995803833,9.350000381469727,721800
2023-12-08,8.629132270812988,9.369999885559082,9.395000457763672,9.199999809265137,9.359999656677246,641500
2023-12-11,8.91922664642334,9.6850004196167,9.835000038146973,9.399999618530273,9.40999984741211,809200
2023-12-12,8.804110527038574,9.5600004196167,9.720000267028809,9.46500015258789,9.680000305175781,463200
2023-12-13,9.15406322479248,9.9399995803833,9.9399995803833,9.255000114440918,9.5,864100
2023-12-14,9.881599426269531,10.729999542236328,10.75,9.869999885559082,10.0,2125800
2023-12-15,9.909228324890137,10.760000228881836,10.770000457763672,10.479999542236328,10.75,1032300
2023-12-18,9.982902526855469,10.84000015258789,10.850000381469727,10.630000114440918,10.770000457763672,1189100
2023-12-19,10.213135719299316,11.09000015258789,11.149999618530273,10.795000076293945,10.880000114440918,978800
2023-12-20,10.047367095947266,10.90999984741211,11.449999809265137,10.869999885559082,11.09000015258789,1828600
2023-12-21,10.4525785446167,11.350000381469727,11.380000114440918,11.010000228881836,11.09000015258789,718500
2023-12-22,10.609136581420898,11.520000457763672,11.5600004196167,11.274999618530273,11.34000015258789,488900
2023-12-26,10.940671920776367,11.880000114440918,11.890000343322754,11.479999542236328,11.5600004196167,909700
2023-12-27,10.986719131469727,11.930000305175781,12.010000228881836,11.6850004196167,11.869999885559082,702200
2023-12-28,11.106439590454102,12.0600004196167,12.069999694824219,11.875,11.880000114440918,656800
2023-12-29,10.913043975830078,11.850000381469727,12.149999618530273,11.819999694824219,12.069999694824219,687000
2024-01-02,10.747276306152344,11.670000076293945,11.920000076293945,11.539999961853027,11.739999771118164,827000
2024-01-03,10.4525785446167,11.350000381469727,11.680000305175781,11.119999885559082,11.449999809265137,1159500
2024-01-04,10.176299095153809,11.050000190734863,11.399999618530273,10.84000015258789,11.300000190734863,1913000
2024-01-05,10.4525785446167,11.350000381469727,11.420000076293945,10.899999618530273,11.039999961853027,898900
2024-01-08,10.563089370727539,11.470000267028809,11.609999656677246,11.319999694824219,11.319999694824219,638400
2024-01-09,10.314437866210938,11.199999809265137,11.470000267028809,11.199999809265137,11.289999961853027,698300
2024-01-10,9.936856269836426,10.789999961853027,11.210000038146973,10.755000114440918,11.199999809265137,1453600
2024-01-11,9.900018692016602,10.75,10.850000381469727,10.404999732971191,10.699999809265137,1160100
2024-01-12,9.853971481323242,10.699999809265137,10.960000038146973,10.569999694824219,10.75,728400
2024-01-16,10.194716453552246,11.069999694824219,11.085000038146973,10.619999885559082,10.670000076293945,584900
2024-01-17,10.240762710571289,11.119999885559082,11.130000114440918,10.829999923706055,10.960000038146973,527400
2024-01-18,10.461787223815918,11.359999656677246,11.380000114440918,11.128000259399414,11.260000228881836,734300
2024-01-19,10.765694618225098,11.6899995803833,11.6899995803833,11.225000381469727,11.420000076293945,496200
2024-01-22,10.986719131469727,11.930000305175781,11.949999809265137,11.720000267028809,11.789999961853027,608200
2024-01-23,11.170905113220215,12.130000114440918,12.1899995803833,11.90999984741211,11.949999809265137,855900
2024-01-24,10.728857040405273,11.649999618530273,12.645000457763672,11.574999809265137,12.25,1931800
2024-01-25,11.345881462097168,12.319999694824219,12.335000038146973,11.779999732971191,11.880000114440918,954700
2024-01-26,11.180113792419434,12.140000343322754,12.569999694824219,12.079999923706055,12.350000381469727,582300
2024-01-29,11.170905113220215,12.130000114440918,12.274999618530273,11.989999771118164,12.210000038146973,562200
2024-01-30,11.272207260131836,12.239999771118164,12.25,11.864999771118164,12.029999732971191,838400
2024-01-31,10.765694618225098,11.6899995803833,12.220000267028809,11.6899995803833,12.15999984741211,557400
2024-02-01,10.986719131469727,11.930000305175781,11.989999771118164,11.555000305175781,11.819999694824219,366000
2024-02-02,10.913043975830078,11.850000381469727,11.920000076293945,11.524999618530273,11.789999961853027,654000
2024-02-05,10.526251792907715,11.430000305175781,11.789999961853027,11.425000190734863,11.609999656677246,433500
2024-02-06,10.756485939025879,11.680000305175781,11.869999885559082,11.380000114440918,11.510000228881836,782100
2024-02-07,10.673602104187012,11.59000015258789,11.829999923706055,11.385000228881836,11.710000038146973,702600
2024-02-08,11.051183700561523,12.0,12.199999809265137,11.569999694824219,11.619999885559082,818100
2024-02-09,11.189322471618652,12.149999618530273,12.149999618530273,11.949999809265137,12.140000343322754,336300
2024-02-12,11.732672691345215,12.739999771118164,12.800000190734863,12.100000381469727,12.15999984741211,697700
2024-02-13,11.253788948059082,12.220000267028809,12.505999565124512,11.994999885559082,12.3100004196167,944300
2024-02-14,11.74188232421875,12.75,12.75,12.371000289916992,12.489999771118164,751100
2024-02-15,11.926068305969238,12.949999809265137,12.970000267028809,12.6899995803833,12.819999694824219,607000
2024-02-16,12.027371406555176,13.0600004196167,13.140000343322754,12.640000343322754,12.890000343322754,643500
2024-02-20,11.815557479858398,12.829999923706055,13.0,12.595000267028809,12.8100004196167,661000
2024-02-21,11.686625480651855,12.6899995803833,12.875,12.609999656677246,12.710000038146973,508900
2024-02-22,12.008952140808105,13.039999961853027,13.055000305175781,12.789999961853027,12.8100004196167,631400
2024-02-23,12.156302452087402,13.199999809265137,13.3100004196167,13.020000457763672,13.119999885559082,598600
2024-02-26,12.36811637878418,13.430000305175781,13.460000038146973,13.039999961853027,13.229999542236328,453500
2024-02-27,12.404953956604004,13.470000267028809,13.774999618530273,13.4399995803833,13.5,774700
2024-02-28,12.156302452087402,13.199999809265137,13.4399995803833,13.1899995803833,13.289999961853027,389300
2024-02-29,12.174720764160156,13.220000267028809,13.529999732971191,13.199999809265137,13.359999656677246,508800
2024-03-01,12.064208984375,13.100000381469727,13.359999656677246,13.024999618530273,13.359999656677246,630100
2024-03-04,11.72346305847168,12.729999542236328,13.335000038146973,12.729999542236328,13.119999885559082,788100
2024-03-05,11.907649993896484,12.930000305175781,13.140000343322754,12.510000228881836,12.6899995803833,1245200
2024-03-06,11.806347846984863,12.819999694824219,13.25,12.604999542236328,13.109999656677246,1631800
2024-03-07,13.233792304992676,14.369999885559082,15.59000015258789,13.800000190734863,14.0,3614600
2024-03-08,13.721885681152344,14.899999618530273,15.359999656677246,14.420000076293945,14.699999809265137,2213000
2024-03-11,13.841607093811035,15.029999732971191,15.1899995803833,14.550000190734863,14.8100004196167,1064500
2024-03-12,13.942910194396973,15.140000343322754,15.5600004196167,14.90999984741211,15.140000343322754,1004400
2024-03-13,14.75333023071289,16.020000457763672,16.43000030517578,15.204999923706055,15.210000038146973,1949500
2024-03-14,14.467841148376465,15.710000038146973,16.15999984741211,15.489999771118164,16.020000457763672,1773000
2024-03-15,14.062631607055664,15.270000457763672,15.65999984741211,15.239999771118164,15.4399995803833,1832300
2024-03-18,13.915281295776367,15.109999656677246,15.529999732971191,14.864999771118164,15.229999542236328,2254400
2024-03-19,13.6758394241333,14.850000381469727,15.130000114440918,14.0,14.670000076293945,3107300
2024-03-20,13.83785343170166,14.520000457763672,14.720000267028809,14.130000114440918,14.630000114440918,1728000
2024-03-21,14.7432222366333,15.470000267028809,15.505000114440918,14.520000457763672,14.520000457763672,1804400
2024-03-22,14.438255310058594,15.149999618530273,15.359999656677246,14.84000015258789,15.039999961853027,1465200
2024-03-25,13.599597930908203,14.270000457763672,15.3149995803833,14.260000228881836,15.069999694824219,1666000
2024-03-26,14.152349472045898,14.850000381469727,15.029999732971191,14.25,14.279999732971191,1866300
2024-03-27,14.104698181152344,14.800000190734863,15.279999732971191,14.520000457763672,15.039999961853027,1923200
2024-03-28,14.666980743408203,15.390000343322754,16.200000762939453,15.0600004196167,15.0600004196167,2766800
2024-04-01,14.781342506408691,15.510000228881836,15.550000190734863,14.779999732971191,15.319999694824219,1840700
2024-04-02,14.524026870727539,15.239999771118164,15.380000114440918,15.0,15.270000457763672,1395500
2024-04-03,14.914765357971191,15.649999618530273,15.65999984741211,14.880000114440918,15.0600004196167,1217300
2024-04-04,14.733691215515137,15.460000038146973,16.145000457763672,15.420000076293945,15.829999923706055,1718600
2024-04-05,14.962416648864746,15.699999809265137,15.755000114440918,15.310999870300293,15.40999984741211,871100
2024-04-08,15.505638122558594,16.270000457763672,16.3700008392334,15.8100004196167,15.8100004196167,1245900
2024-04-09,15.448455810546875,16.209999084472656,16.600000381469727,16.05500030517578,16.34000015258789,1334700
2024-04-10,15.076778411865234,15.819999694824219,16.024999618530273,15.319999694824219,15.670000076293945,1136400
2024-04-11,15.095839500427246,15.84000015258789,16.014999389648438,15.710000038146973,15.880000114440918,850900
2024-04-12,14.952885627746582,15.6899995803833,15.8100004196167,15.510000228881836,15.6899995803833,1046700
2024-04-15,14.066577911376953,14.760000228881836,16.06999969482422,14.645000457763672,15.869999885559082,1540900
2024-04-16,13.74255084991455,14.420000076293945,14.710000038146973,14.229999542236328,14.649999618530273,1076400
2024-04-17,13.818792343139648,14.5,14.680000305175781,14.220000267028809,14.670000076293945,766700
2024-04-18,13.370872497558594,14.029999732971191,14.65999984741211,13.979999542236328,14.5,1009600
2024-04-19,13.180268287658691,13.829999923706055,14.210000038146973,13.789999961853027,14.010000228881836,783700
2024-04-22,13.4089937210083,14.069999694824219,14.119999885559082,13.640000343322754,13.970000267028809,1217700
2024-04-23,14.018926620483398,14.710000038146973,14.710000038146973,14.010000228881836,14.180000305175781,1077000
2024-04-24,13.399463653564453,14.0600004196167,15.03499984741211,14.0600004196167,14.789999961853027,1234100
2024-04-25,12.970603942871094,13.609999656677246,13.770000457763672,13.420000076293945,13.729999542236328,875200
2024-04-26,13.084966659545898,13.729999542236328,14.050000190734863,13.579999923706055,13.699999809265137,745000
2024-04-29,12.827651023864746,13.460000038146973,14.100000381469727,13.359999656677246,13.850000381469727,912600
2024-04-30,12.065235137939453,12.65999984741211,13.164999961853027,12.630000114440918,13.020000457763672,1114300
2024-05-01,12.227248191833496,12.829999923706055,13.210000038146973,12.510000228881836,12.520000457763672,931000
2024-05-02,12.417852401733398,13.029999732971191,13.0600004196167,12.729999542236328,13.050000190734863,626600
2024-05-03,12.54174518585205,13.15999984741211,13.630000114440918,13.119999885559082,13.329999923706055,796200
2024-05-06,12.970603942871094,13.609999656677246,13.645000457763672,13.180000305175781,13.220000267028809,833500
2024-05-07,12.656106948852539,13.279999732971191,13.59000015258789,13.119999885559082,13.569999694824219,934800
2024-05-08,12.598926544189453,13.220000267028809,13.319999694824219,12.920000076293945,13.140000343322754,1650500
2024-05-09,14.771812438964844,15.5,15.880000114440918,13.609999656677246,13.75,2747500
2024-05-10,15.553288459777832,16.31999969482422,16.329999923706055,15.550000190734863,15.649999618530273,1631200
2024-05-13,15.62952995300293,16.399999618530273,16.75,15.989999771118164,16.399999618530273,2111800
2024-05-14,16.16322135925293,16.959999084472656,17.049999237060547,16.510000228881836,16.510000228881836,1264300
2024-05-15,16.106040954589844,16.899999618530273,17.270000457763672,16.780000686645508,17.079999923706055,1269800
2024-05-16,15.648591041564941,16.420000076293945,16.8700008392334,16.059999465942383,16.829999923706055,954400
2024-05-17,15.581879615783691,16.350000381469727,16.540000915527344,16.030000686645508,16.530000686645508,726900
2024-05-20,15.62952995300293,16.399999618530273,16.899999618530273,16.329999923706055,16.399999618530273,1057300
2024-05-21,15.219732284545898,15.970000267028809,16.43000030517578,15.710000038146973,16.40999984741211,1045900
2024-05-22,15.22926139831543,15.979999542236328,16.459999084472656,15.859999656677246,16.020000457763672,1729800
2024-05-23,15.257852554321289,16.010000228881836,16.31999969482422,15.8100004196167,16.06999969482422,966800
2024-05-24,16.010738372802734,16.799999237060547,16.93000030517578,16.079999923706055,16.18000030517578,1042100
2024-05-28,16.66832160949707,17.489999771118164,17.614999771118164,16.719999313354492,16.920000076293945,991200
2024-05-29,16.75409507751465,17.579999923706055,17.674999237060547,16.969999313354492,17.270000457763672,928000
2024-05-30,17.20201301574707,18.049999237060547,18.059999465942383,17.56999969482422,17.600000381469727,774900
2024-05-31,17.926307678222656,18.809999465942383,18.809999465942383,18.03499984741211,18.229999542236328,2435300
2024-06-03,18.088321685791016,18.979999542236328,19.25,18.719999313354492,18.729999542236328,2034100
2024-06-04,17.983491897583008,18.8700008392334,19.139999389648438,18.549999237060547,18.90999984741211,967800
2024-06-05,18.59342384338379,19.510000228881836,19.54800033569336,18.709999084472656,18.780000686645508,1150300
2024-06-06,18.317047119140625,19.219999313354492,19.639999389648438,18.940000534057617,19.5,1200500
2024-06-07,18.75543785095215,19.68000030517578,19.809999465942383,19.110000610351562,19.110000610351562,1816600
2024-06-10,18.107383728027344,19.0,19.540000915527344,18.65999984741211,19.530000686645508,1436100
2024-06-11,18.20268440246582,19.100000381469727,19.309999465942383,18.716999053955078,18.829999923706055,1038000
2024-06-12,18.078792572021484,18.969999313354492,19.799999237060547,18.889999389648438,19.690000534057617,959500
2024-06-13,18.00255012512207,18.889999389648438,19.299999237060547,18.829999923706055,18.8799991607666,685900
2024-06-14,17.344966888427734,18.200000762939453,18.979999542236328,17.989999771118164,18.65999984741211,1816200
2024-06-17,17.573692321777344,18.440000534057617,18.450000762939453,17.94499969482422,18.149999618530273,905600
2024-06-18,18.040672302246094,18.93000030517578,19.059999465942383,18.399999618530273,18.770000457763672,1293500
2024-06-20,17.0876522064209,17.93000030517578,19.024999618530273,17.770000457763672,18.739999771118164,1118100
2024-06-21,16.2871150970459,17.09000015258789,17.81999969482422,16.860000610351562,17.81999969482422,1454900
2024-06-24,16.66832160949707,17.489999771118164,17.600000381469727,17.09000015258789,17.110000610351562,1004300
2024-06-25,16.106040954589844,16.899999618530273,17.450000762939453,16.729999542236328,17.43000030517578,1001100
2024-06-26,16.17275047302246,16.969999313354492,17.0,16.549999237060547,16.850000381469727,1161800
2024-06-27,16.201343536376953,17.0,17.270000457763672,16.68000030517578,16.700000762939453,994400
2024-06-28,16.144161224365234,16.940000534057617,17.44499969482422,16.75,17.079999923706055,8285900
2024-07-01,15.076778411865234,15.819999694824219,16.969999313354492,15.625,16.959999084472656,1380300
2024-07-02,15.181611061096191,15.930000305175781,16.09000015258789,15.350000381469727,15.600000381469727,1012800
2024-07-03,15.153019905090332,15.899999618530273,16.3799991607666,15.890000343322754,16.149999618530273,709100
2024-07-05,15.057718276977539,15.800000190734863,16.0,15.65999984741211,16.0,721300
2024-07-08,14.066577911376953,14.760000228881836,15.484999656677246,14.220000267028809,15.329999923706055,3368500
2024-07-09,13.990336418151855,14.680000305175781,15.180000305175781,14.609999656677246,14.90999984741211,1337900
2024-07-10,14.266712188720703,14.970000267028809,15.010000228881836,14.65999984741211,14.819999694824219,882100
2024-07-11,15.286443710327148,16.040000915527344,16.25,15.295000076293945,15.329999923706055,1490400
2024-07-12,15.410335540771484,16.170000076293945,16.860000610351562,16.1299991607666,16.149999618530273,1234800
2024-07-15,15.524699211120605,16.290000915527344,16.600000381469727,15.920000076293945,16.34000015258789,898900
2024-07-16,16.19181251525879,16.989999771118164,17.270000457763672,16.540000915527344,16.56999969482422,1069800
2024-07-17,15.639060974121094,16.40999984741211,17.049999237060547,16.219999313354492,16.719999313354492,839400
2024-07-18,15.172080993652344,15.920000076293945,16.850000381469727,15.789999961853027,16.459999084472656,511900
2024-07-19,15.010066986083984,15.75,16.059999465942383,15.649999618530273,15.960000038146973,575700
2024-07-22,15.515169143676758,16.280000686645508,16.434999465942383,15.609999656677246,16.030000686645508,820900
2024-07-23,15.524699211120605,16.290000915527344,16.389999389648438,15.710000038146973,16.06999969482422,959700
2024-07-24,15.105369567871094,15.850000381469727,16.530000686645508,15.770000457763672,16.110000610351562,1596500
2024-07-25,14.895705223083496,15.630000114440918,15.984999656677246,15.345000267028809,15.850000381469727,1452200
2024-07-26,15.572349548339844,16.34000015258789,16.420000076293945,15.729999542236328,16.010000228881836,921400
2024-07-29,14.828993797302246,15.5600004196167,16.459999084472656,15.350000381469727,16.270000457763672,1294700
2024-07-30,14.571678161621094,15.289999961853027,15.710000038146973,15.010000228881836,15.5600004196167,724100
2024-07-31,14.476375579833984,15.1899995803833,15.609999656677246,15.039999961853027,15.399999618530273,917800
2024-08-01,13.03731632232666,13.680000305175781,15.255000114440918,13.5,15.170000076293945,1747900
2024-08-02,13.018255233764648,13.65999984741211,13.65999984741211,12.734999656677246,13.09000015258789,1626700
2024-08-05,13.170738220214844,13.819999694824219,13.880000114440918,12.600000381469727,12.600000381469727,1506400
2024-08-06,13.628188133239746,14.300000190734863,14.505000114440918,13.680000305175781,13.920000076293945,1122300
2024-08-07,13.189799308776855,13.84000015258789,14.5,13.5600004196167,14.3100004196167,1526100
2024-08-08,11.53154468536377,12.100000381469727,12.109999656677246,8.5,8.979999542236328,8588400
2024-08-09,12.065235137939453,12.65999984741211,12.920000076293945,11.850000381469727,12.0600004196167,2463300
2024-08-12,11.16939640045166,11.720000267028809,12.59000015258789,11.420000076293945,12.510000228881836,2037900
2024-08-13,11.159866333007812,11.710000038146973,12.199999809265137,11.489999771118164,11.760000228881836,2344800
2024-08-14,11.379059791564941,11.9399995803833,11.960000038146973,11.515000343322754,11.8100004196167,1068400
2024-08-15,11.226576805114746,11.779999732971191,12.640999794006348,11.699999809265137,12.3100004196167,1430000
2024-08-16,11.016913414001465,11.5600004196167,11.989999771118164,11.520000457763672,11.720000267028809,1616400
2024-08-19,10.912080764770508,11.449999809265137,11.770000457763672,11.359999656677246,11.569999694824219,1392100
2024-08-20,10.93114185333252,11.470000267028809,11.619999885559082,11.3100004196167,11.350000381469727,988900
2024-08-21,11.579194068908691,12.149999618530273,12.15999984741211,11.479999542236328,11.550000190734863,953300
2024-08-22,11.245637893676758,11.800000190734863,12.109999656677246,11.760000228881836,12.0600004196167,1516600
2024-08-23,12.112886428833008,12.710000038146973,12.84000015258789,11.84000015258789,11.960000038146973,1363400
2024-08-26,11.826979637145996,12.40999984741211,12.779999732971191,12.3100004196167,12.770000457763672,942100
2024-08-27,11.950872421264648,12.539999961853027,12.614999771118164,12.281999588012695,12.390000343322754,730100
2024-08-28,11.855570793151855,12.4399995803833,12.670000076293945,12.300000190734863,12.489999771118164,850500
2024-08-29,11.73167896270752,12.3100004196167,12.710000038146973,12.220000267028809,12.65999984741211,851700
2024-08-30,11.73167896270752,12.3100004196167,12.529999732971191,12.175000190734863,12.529999732971191,647400
2024-09-03,11.150335311889648,11.699999809265137,12.289999961853027,11.649999618530273,12.199999809265137,810200
2024-09-04,10.721476554870605,11.25,11.960000038146973,10.989999771118164,11.65999984741211,1174100
2024-09-05,10.607114791870117,11.130000114440918,11.494999885559082,11.069999694824219,11.319999694824219,614800
2024-09-06,10.492752075195312,11.010000228881836,11.270000457763672,10.9399995803833,11.140000343322754,511500
2024-09-09,10.349798202514648,10.859999656677246,11.6899995803833,10.850000381469727,11.130000114440918,1198500
2024-09-10,10.23543643951416,10.739999771118164,10.9399995803833,10.609999656677246,10.859999656677246,1002200
2024-09-11,10.426039695739746,10.9399995803833,11.09000015258789,10.645000457763672,10.720000267028809,777700
2024-09-12,10.645235061645508,11.170000076293945,11.170000076293945,10.8100004196167,10.84000015258789,768000
2024-09-13,11.865100860595703,12.449999809265137,12.729999542236328,11.720000267028809,11.739999771118164,2066300
2024-09-16,11.76979923248291,12.350000381469727,12.9399995803833,12.239999771118164,12.59000015258789,734900
2024-09-17,12.579865455627441,13.199999809265137,13.210000038146973,12.420000076293945,12.479999542236328,1067600
2024-09-18,12.684699058532715,13.3100004196167,13.949999809265137,13.069999694824219,13.300000190734863,1551300
2024-09-19,12.703758239746094,13.329999923706055,13.970000267028809,13.25,13.770000457763672,843300
2024-09-20,12.522685050964355,13.140000343322754,13.489999771118164,12.979999542236328,13.3100004196167,1900800
2024-09-23,12.684699058532715,13.3100004196167,13.369999885559082,12.914999961853027,13.239999771118164,466200
2024-09-24,11.950872421264648,12.539999961853027,13.329999923706055,12.4399995803833,13.3100004196167,942600
2024-09-25,11.73167896270752,12.3100004196167,12.600000381469727,12.180000305175781,12.510000228881836,861200
2024-09-26,11.9413423538208,12.529999732971191,12.729999542236328,12.369999885559082,12.539999961853027,952500
2024-09-27,12.131946563720703,12.729999542236328,12.819999694824219,12.46500015258789,12.729999542236328,627400
2024-09-30,11.73167896270752,12.3100004196167,12.8100004196167,12.069999694824219,12.670000076293945,1183000
2024-10-01,11.207517623901367,11.760000228881836,12.3100004196167,11.720000267028809,12.25,942100
2024-10-02,10.416510581970215,10.930000305175781,11.520000457763672,10.90999984741211,11.329999923706055,2577000
2024-10-03,10.092483520507812,10.59000015258789,10.920000076293945,10.1899995803833,10.829999923706055,2682400
2024-10-04,10.311677932739258,10.819999694824219,11.350000381469727,10.579999923706055,11.289999961853027,2037400
2024-10-07,10.044832229614258,10.539999961853027,10.70199966430664,10.34000015258789,10.65999984741211,1612800
2024-10-08,10.121073722839355,10.619999885559082,10.75,10.510000228881836,10.550000190734863,781600
2024-10-09,9.978121757507324,10.470000267028809,10.699999809265137,10.470000267028809,10.619999885559082,1803900
2024-10-10,9.882819175720215,10.369999885559082,10.460000038146973,10.010000228881836,10.4399995803833,1405600
2024-10-11,10.025772094726562,10.520000457763672,10.666000366210938,10.220000267028809,10.279999732971191,986600
2024-10-14,9.854228973388672,10.34000015258789,10.569999694824219,10.3100004196167,10.470000267028809,614600
2024-10-15,9.015570640563965,9.460000038146973,10.055000305175781,9.420000076293945,10.0,3269200
2024-10-16,9.16805362701416,9.619999885559082,9.670000076293945,9.335000038146973,9.529999732971191,1972500
2024-10-17,9.110873222351074,9.5600004196167,9.779999732971191,9.449999809265137,9.619999885559082,1573500
2024-10-18,8.90120792388916,9.34000015258789,9.770000457763672,9.324999809265137,9.579999923706055,849100
2024-10-21,8.615302085876465,9.039999961853027,9.420000076293945,9.029999732971191,9.380000114440918,1078000
2024-10-22,8.472349166870117,8.890000343322754,9.010000228881836,8.779999732971191,9.0,1167600
2024-10-23,8.300806045532227,8.710000038146973,8.89799976348877,8.6899995803833,8.800000190734863,943200
2024-10-24,8.319865226745605,8.729999542236328,8.854999542236328,8.520000457763672,8.680000305175781,1815200
2024-10-25,8.36751651763916,8.779999732971191,9.0,8.704999923706055,8.899999618530273,857800
2024-10-28,8.32939624786377,8.739999771118164,9.050000190734863,8.699999809265137,8.890000343322754,786600
2024-10-29,8.110201835632324,8.510000228881836,8.729999542236328,8.494999885559082,8.720000267028809,1066700
2024-10-30,8.16738224029541,8.569999694824219,8.850000381469727,8.479999542236328,8.5,2624200
2024-10-31,8.081610679626465,8.479999542236328,8.569999694824219,8.329999923706055,8.550000190734863,1441100
2024-11-01,8.148322105407715,8.550000190734863,8.789999961853027,8.4350004196167,8.699999809265137,772100
2024-11-04,8.157853126525879,8.5600004196167,8.770000457763672,8.300000190734863,8.350000381469727,1297400
2024-11-05,8.558120727539062,8.979999542236328,8.979999542236328,8.460000038146973,8.5,1471100
2024-11-06,8.691543579101562,9.119999885559082,9.260000228881836,8.699999809265137,8.960000038146973,3300600
2024-11-07,9.244295120239258,9.699999809265137,9.970000267028809,8.460000038146973,8.729999542236328,5281300
2024-11-08,9.225234985351562,9.680000305175781,10.069999694824219,9.274999618530273,9.34000015258789,1630600
2024-11-11,9.33006763458252,9.789999961853027,9.989999771118164,9.59000015258789,9.680000305175781,1483500
2024-11-12,9.339597702026367,9.800000190734863,10.600000381469727,9.710000038146973,9.8100004196167,2794900
2024-11-13,9.23476505279541,9.6899995803833,10.145000457763672,9.664999961853027,9.84000015258789,1353600
2024-11-14,9.12993335723877,9.579999923706055,9.850000381469727,9.369999885559082,9.670000076293945,1235900
2024-11-15,8.958389282226562,9.399999618530273,9.770000457763672,9.210000038146973,9.770000457763672,1397800
2024-11-18,8.720133781433105,9.149999618530273,9.619999885559082,9.09000015258789,9.460000038146973,1080800
2024-11-19,8.815436363220215,9.25,9.279999732971191,8.890000343322754,9.010000228881836,807600
2024-11-20,9.253826141357422,9.710000038146973,9.854999542236328,9.25,9.270000457763672,1377200
2024-11-21,9.16805362701416,9.619999885559082,9.819999694824219,9.494999885559082,9.710000038146973,1221100
2024-11-22,9.291946411132812,9.75,9.90999984741211,9.5,9.640000343322754,1031500
2024-11-25,10.16872501373291,10.670000076293945,10.819999694824219,9.920000076293945,9.920000076293945,1356500
2024-11-26,9.520670890808105,9.989999771118164,10.529999732971191,9.869999885559082,10.5,1441200
2024-11-27,9.625503540039062,10.100000381469727,10.404999732971191,9.9399995803833,10.010000228881836,605900
2024-11-29,9.46349048614502,9.930000305175781,10.260000228881836,9.880000114440918,10.09000015258789,524300
2024-12-02,9.90187931060791,10.390000343322754,10.430000305175781,9.760000228881836,9.9399995803833,1107000
2024-12-03,10.244966506958008,10.75,10.869999885559082,10.069999694824219,10.3100004196167,827000
2024-12-04,10.387919425964355,10.899999618530273,11.050000190734863,10.699999809265137,10.710000038146973,1000900
2024-12-05,10.197315216064453,10.699999809265137,10.960000038146973,10.630000114440918,10.859999656677246,893300
2024-12-06,10.025772094726562,10.520000457763672,11.050000190734863,10.449999809265137,10.989999771118164,869700
2024-12-09,10.50228214263916,11.020000457763672,11.170000076293945,10.600000381469727,10.600000381469727,878100
2024-12-10,10.607114791870117,11.130000114440918,11.335000038146973,10.84000015258789,11.010000228881836,1036400
2024-12-11,10.740537643432617,11.270000457763672,11.390000343322754,10.930000305175781,11.329999923706055,983400
2024-12-12,10.311677932739258,10.819999694824219,11.3100004196167,10.760000228881836,11.170000076293945,966500
2024-12-13,10.054363250732422,10.550000190734863,11.390000343322754,10.520000457763672,11.079999923706055,1094100
2024-12-16,9.453960418701172,9.920000076293945,10.475000381469727,9.819999694824219,10.460000038146973,1027100
2024-12-17,9.6731538772583,10.149999618530273,10.460000038146973,9.850000381469727,9.850000381469727,1260100
2024-12-18,8.948859214782715,9.390000343322754,10.225000381469727,9.380000114440918,10.220000267028809,1586100
2024-12-19,8.658187866210938,9.085000038146973,9.6899995803833,8.899999618530273,9.579999923706055,1948700
2024-12-20,9.187114715576172,9.640000343322754,9.770000457763672,8.920000076293945,8.970000267028809,2022100
2024-12-23,9.044160842895508,9.489999771118164,9.699999809265137,9.3149995803833,9.5,997000
2024-12-24,9.120402336120605,9.569999694824219,9.579999923706055,9.210000038146973,9.319999694824219,378300
2024-12-26,8.96791934967041,9.40999984741211,9.616000175476074,9.239999771118164,9.5,891200
2024-12-27,8.824966430664062,9.260000228881836,9.520000457763672,8.9399995803833,9.369999885559082,1596300
2024-12-30,8.844026565551758,9.279999732971191,9.348999977111816,8.890000343322754,9.119999885559082,1093100
2024-12-31,8.958389282226562,9.399999618530273,9.510000228881836,9.239999771118164,9.329999923706055,1355500
2025-01-02,8.977450370788574,9.420000076293945,9.800000190734863,9.350000381469727,9.600000381469727,732400
2025-01-03,8.758255004882812,9.1899995803833,9.539999961853027,8.984999656677246,9.460000038146973,1428500
2025-01-06,9.291946411132812,9.75,9.949999809265137,9.1899995803833,9.270000457763672,1449800
2025-01-07,9.015570640563965,9.460000038146973,9.8100004196167,9.220000267028809,9.760000228881836,1512900
2025-01-08,9.015570640563965,9.460000038146973,9.579999923706055,9.079999923706055,9.449999809265137,1282400
2025-01-10,10.36885929107666,10.880000114440918,11.28499984741211,10.5,10.859999656677246,4981100
2025-01-13,10.349798202514648,10.859999656677246,11.005000114440918,10.34000015258789,10.8100004196167,2631100
2025-01-14,10.426039695739746,10.9399995803833,11.170000076293945,10.75,10.880000114440918,1469100
2025-01-15,10.67382526397705,11.199999809265137,11.420999526977539,10.989999771118164,11.380000114440918,1706500
2025-01-16,10.8739595413208,11.40999984741211,11.4350004196167,10.859999656677246,11.1899995803833,1535300
2025-01-17,11.093154907226562,11.640000343322754,11.729999542236328,11.260000228881836,11.5,1432400
2025-01-21,11.23610782623291,11.789999961853027,11.8100004196167,11.279999732971191,11.680000305175781,1628000
2025-01-22,11.302818298339844,11.859999656677246,12.0,11.6899995803833,11.770000457763672,1062500
2025-01-23,11.6744966506958,12.25,12.289999961853027,11.8100004196167,11.819999694824219,1876400
2025-01-24,11.76979923248291,12.350000381469727,12.395000457763672,12.020000457763672,12.069999694824219,1396100
2025-01-27,11.826979637145996,12.40999984741211,12.65999984741211,11.979999542236328,12.140000343322754,3172600
2025-01-28,11.36953067779541,11.930000305175781,12.539999961853027,11.779999732971191,12.4399995803833,1845600
2025-01-29,11.684027671813965,12.260000228881836,12.600000381469727,11.90999984741211,11.90999984741211,1041100
2025-01-30,11.979462623596191,12.569999694824219,12.699999809265137,12.329999923706055,12.359999656677246,1323400
2025-01-31,11.703086853027344,12.279999732971191,12.680000305175781,12.135000228881836,12.539999961853027,1275900
2025-02-03,11.016913414001465,11.5600004196167,12.010000228881836,11.529999732971191,11.899999618530273,2116100
2025-02-04,11.826979637145996,12.40999984741211,12.5600004196167,11.569999694824219,11.569999694824219,1815000
2025-02-05,11.645906448364258,12.220000267028809,12.486000061035156,12.119999885559082,12.390000343322754,980200
2025-02-06,12.370201110839844,12.979999542236328,13.015000343322754,12.289999961853027,12.289999961853027,1439900
2025-02-07,11.617315292358398,12.1899995803833,12.98799991607666,12.175000190734863,12.880000114440918,1747900
2025-02-10,12.255839347839355,12.859999656677246,12.869999885559082,12.21399974822998,12.390000343322754,1511100
2025-02-11,11.93181324005127,12.520000457763672,12.75,12.3100004196167,12.609999656677246,1338500
2025-02-12,11.93181324005127,12.520000457763672,12.579999923706055,12.196999549865723,12.199999809265137,823000
2025-02-13,11.87463092803955,12.460000038146973,12.829999923706055,12.380000114440918,12.649999618530273,731500
2025-02-14,12.008054733276367,12.600000381469727,12.9399995803833,12.3100004196167,12.640000343322754,1753800
2025-02-18,12.189127922058105,12.789999961853027,12.8100004196167,12.300000190734863,12.720000267028809,1211400
2025-02-19,11.93181324005127,12.520000457763672,12.694999694824219,11.680000305175781,12.630000114440918,1961200
2025-02-20,11.607786178588867,12.180000305175781,12.496000289916992,12.020000457763672,12.369999885559082,1345500
2025-02-21,10.76912784576416,11.300000190734863,12.539999961853027,11.229999542236328,12.420000076293945,2550900
2025-02-24,11.112215042114258,11.65999984741211,11.949999809265137,11.229999542236328,11.369999885559082,2388800
2025-02-25,11.350469589233398,11.90999984741211,12.449999809265137,11.59000015258789,11.59000015258789,4434600
2025-02-26,10.43557071685791,10.949999809265137,12.130000114440918,10.569999694824219,11.069999694824219,2830800
2025-02-27,8.92979907989502,9.369999885559082,10.579999923706055,9.069999694824219,10.579999923706055,5547500
2025-02-28,9.072751998901367,9.520000457763672,9.8100004196167,9.3100004196167,9.399999618530273,3375400
2025-03-03,8.548590660095215,8.970000267028809,9.864999771118164,8.930000305175781,9.5600004196167,4971100
2025-03-04,8.824966430664062,9.260000228881836,9.390000343322754,8.59000015258789,8.774999618530273,2759100
2025-03-05,8.691543579101562,9.119999885559082,9.479999542236328,8.800000190734863,9.479999542236328,2358800
2025-03-06,8.548590660095215,8.970000267028809,9.1899995803833,8.770000457763672,9.0,1860000
2025-03-07,8.891677856445312,9.329999923706055,9.359999656677246,8.539999961853027,8.890000343322754,2851400
2025-03-10,8.548590660095215,8.970000267028809,9.404999732971191,8.859999656677246,9.15999984741211,3314800
2025-03-11,8.519999504089355,8.9399995803833,9.079999923706055,8.609999656677246,8.979999542236328,3740700
2025-03-12,8.386577606201172,8.800000190734863,9.270000457763672,8.595000267028809,9.010000228881836,1983700
2025-03-13,8.253154754638672,8.65999984741211,8.859999656677246,8.329999923706055,8.739999771118164,3503800
2025-03-14,8.434228897094727,8.850000381469727,8.869999885559082,8.53600025177002,8.829999923706055,2243300
2025-03-17,8.872617721557617,9.3100004196167,9.34000015258789,8.75,8.880000114440918,2556600
2025-03-18,8.52953052520752,8.949999809265137,9.225000381469727,8.800000190734863,9.149999618530273,1897900
2025-03-19,8.76778507232666,9.199999809265137,9.279999732971191,8.84000015258789,8.880000114440918,2055100
2025-03-20,8.820201873779297,9.255000114440918,9.369999885559082,8.970000267028809,9.15999984741211,2306700
2025-03-21,8.882147789001465,9.319999694824219,9.449999809265137,8.90999984741211,9.050000190734863,1195800
2025-03-24,9.387248992919922,9.850000381469727,9.9350004196167,9.444999694824219,9.449999809265137,2188300
2025-03-25,9.025100708007812,9.470000267028809,9.930000305175781,9.350000381469727,9.829999923706055,3120400
2025-03-26,9.006040573120117,9.449999809265137,9.550000190734863,9.152999877929688,9.420000076293945,1554600
2025-03-27,8.939329147338867,9.380000114440918,9.569999694824219,9.244999885559082,9.399999618530273,1391000
2025-03-28,8.16738224029541,8.569999694824219,9.319999694824219,8.449999809265137,9.300000190734863,3065200
2025-03-31,8.291275024414062,8.699999809265137,8.84000015258789,8.220000267028809,8.359999656677246,1669300
2025-04-01,8.205503463745117,8.609999656677246,8.71500015258789,8.399999618530273,8.670000076293945,1233800
2025-04-02,8.405637741088867,8.819999694824219,9.119999885559082,8.380000114440918,8.380000114440918,1018400
2025-04-03,6.7283220291137695,7.059999942779541,8.020000457763672,7.019999980926514,8.0,3919300
2025-04-04,7.385906219482422,7.75,7.78000020980835,6.610000133514404,6.610000133514404,4168600
2025-04-07,7.452617645263672,7.820000171661377,8.029999732971191,6.98799991607666,7.264999866485596,2827200
2025-04-08,7.042819023132324,7.389999866485596,8.270000457763672,7.260000228881836,8.270000457763672,2243100
2025-04-09,8.014899253845215,8.40999984741211,8.90999984741211,7.210000038146973,7.320000171661377,3165300
2025-04-10,7.614630699157715,7.989999771118164,8.180000305175781,7.78000020980835,8.0600004196167,1968600
2025-04-11,7.5288591384887695,7.900000095367432,8.0600004196167,7.21999979019165,7.980000019073486,2598900
2025-04-14,7.633691787719727,8.010000228881836,8.229999542236328,7.769999980926514,8.109999656677246,936900
2025-04-15,7.204832553863525,7.559999942779541,8.130000114440918,7.550000190734863,7.989999771118164,1023900
2025-04-16,7.252483367919922,7.610000133514404,7.670000076293945,7.454999923706055,7.5,837900
2025-04-17,7.576509952545166,7.949999809265137,7.989999771118164,7.449999809265137,7.619999885559082,1018700
2025-04-21,7.176241874694824,7.53000020980835,7.739999771118164,7.434999942779541,7.739999771118164,1158700
2025-04-22,7.614630699157715,7.989999771118164,8.039999961853027,7.659999847412109,7.659999847412109,1153400
2025-04-23,7.519329071044922,7.889999866485596,8.600000381469727,7.880000114440918,8.4399995803833,1330800
2025-04-24,7.929127216339111,8.319999694824219,8.404999732971191,7.75,7.889999866485596,1552900
2025-04-25,7.824295520782471,8.210000038146973,8.430000305175781,8.119999885559082,8.220000267028809,1225300
2025-04-28,7.8910064697265625,8.279999732971191,8.449999809265137,8.039999961853027,8.260000228881836,1201800
2025-04-29,7.824295520782471,8.210000038146973,8.279999732971191,7.949999809265137,8.149999618530273,924400
2025-04-30,7.490738391876221,7.860000133514404,8.050000190734863,7.679999828338623,8.010000228881836,1503800
2025-05-01,7.6622819900512695,8.039999961853027,8.229999542236328,7.929999828338623,7.929999828338623,790800
2025-05-02,7.833826065063477,8.220000267028809,8.430000305175781,8.180000305175781,8.180000305175781,681400
2025-05-05,7.681343078613281,8.0600004196167,8.220000267028809,8.029999732971191,8.109999656677246,1075100
2025-05-06,7.738523483276367,8.119999885559082,8.260000228881836,7.800000190734863,7.960000038146973,1367700
2025-05-07,7.96724796295166,8.359999656677246,8.520000457763672,8.15999984741211,8.170000076293945,1650000
2025-05-08,7.557449817657471,7.929999828338623,8.279999732971191,7.675000190734863,7.800000190734863,2496100
2025-05-09,7.586040496826172,7.960000038146973,8.100000381469727,7.650000095367432,8.010000228881836,3147900
2025-05-12,8.100671768188477,8.5,9.109999656677246,8.475000381469727,8.75,4883600
2025-05-13,8.310336112976074,8.720000267028809,8.765000343322754,8.479999542236328,8.680000305175781,1944300
2025-05-14,8.053020477294922,8.449999809265137,8.75,8.359999656677246,8.649999618530273,3186000
2025-05-15,7.986309051513672,8.380000114440918,8.479999542236328,8.274999618530273,8.449999809265137,1438700
2025-05-16,8.253154754638672,8.65999984741211,8.779999732971191,8.260000228881836,8.390000343322754,1946600
2025-05-19,8.291275024414062,8.699999809265137,8.729999542236328,8.289999961853027,8.399999618530273,1865400
2025-05-20,8.186443328857422,8.59000015258789,8.989999771118164,8.520000457763672,8.609999656677246,2903700
2025-05-21,7.738523483276367,8.119999885559082,8.505000114440918,8.095000267028809,8.4399995803833,1467000
2025-05-22,7.824295520782471,8.210000038146973,8.319999694824219,7.940000057220459,8.09000015258789,1800100
2025-05-23,7.786174774169922,8.170000076293945,8.260000228881836,7.980000019073486,7.980000019073486,1390800
2025-05-27,8.386577606201172,8.800000190734863,8.829999923706055,8.194999694824219,8.390000343322754,1986900
2025-05-28,8.453289031982422,8.869999885559082,8.970000267028809,8.739999771118164,8.84000015258789,1576300
2025-05-29,8.338926315307617,8.75,9.010000228881836,8.614999771118164,9.0,1550700
2025-05-30,8.558120727539062,8.979999542236328,9.050000190734863,8.529999732971191,8.600000381469727,1526900
2025-06-02,8.138792037963867,8.539999961853027,8.890000343322754,8.359999656677246,8.890000343322754,2042000
2025-06-03,8.319865226745605,8.729999542236328,8.869999885559082,8.4350004196167,8.539999961853027,1489500
2025-06-04,8.424697875976562,8.84000015258789,8.989999771118164,8.694999694824219,8.760000228881836,1615900
2025-06-05,8.515235900878906,8.9350004196167,9.149999618530273,8.460000038146973,8.829999923706055,967600
2025-06-06,8.348456382751465,8.760000228881836,9.149999618530273,8.619999885559082,9.09000015258789,1217100
2025-06-09,8.415167808532715,8.829999923706055,8.970000267028809,8.710000038146973,8.789999961853027,1168400
2025-06-10,8.39610767364502,8.8100004196167,9.062000274658203,8.774999618530273,8.970000267028809,1079900
2025-06-11,8.36751651763916,8.779999732971191,8.949999809265137,8.680000305175781,8.880000114440918,1253800
2025-06-12,8.291275024414062,8.699999809265137,8.800000190734863,8.574999809265137,8.65999984741211,902400
2025-06-13,8.033960342407227,8.430000305175781,8.845000267028809,8.3100004196167,8.529999732971191,1517900
2025-06-16,8.386577606201172,8.800000190734863,8.84000015258789,8.399999618530273,8.619999885559082,947300
2025-06-17,8.215033531188965,8.619999885559082,8.770000457763672,8.550000190734863,8.710000038146973,868900
2025-06-18,8.32939624786377,8.739999771118164,8.899999618530273,8.520000457763672,8.640000343322754,899300
2025-06-20,8.110201835632324,8.510000228881836,8.90999984741211,8.369999885559082,8.84000015258789,1983300
2025-06-23,8.243623733520508,8.649999618530273,8.65999984741211,8.234999656677246,8.40999984741211,1050200
2025-06-24,8.26268482208252,8.670000076293945,8.89900016784668,8.364999771118164,8.75,1251200
2025-06-25,8.119731903076172,8.520000457763672,8.710000038146973,8.454999923706055,8.710000038146973,897800
2025-06-26,8.291275024414062,8.699999809265137,8.779999732971191,8.479999542236328,8.520000457763672,716000
2025-06-27,8.319865226745605,8.729999542236328,8.920000076293945,8.585000038146973,8.739999771118164,1014200
2025-06-30,8.26268482208252,8.670000076293945,8.84000015258789,8.600000381469727,8.739999771118164,1796100
2025-07-01,8.796375274658203,9.229999542236328,9.600000381469727,8.460000038146973,8.680000305175781,3222500
2025-07-02,9.10134220123291,9.550000190734863,9.569999694824219,8.899999618530273,9.199999809265137,1062700
2025-07-03,8.948859214782715,9.390000343322754,9.630000114440918,9.364999771118164,9.600000381469727,1440800
2025-07-07,8.739194869995117,9.170000076293945,9.520000457763672,9.149999618530273,9.3100004196167,2701300
2025-07-08,8.748724937438965,9.180000305175781,9.298999786376953,8.800000190734863,9.239999771118164,2851200
2025-07-09,8.796375274658203,9.229999542236328,9.3100004196167,9.0600004196167,9.270000457763672,2484500
2025-07-10,8.96791934967041,9.40999984741211,9.774999618530273,9.104999542236328,9.199999809265137,2895500
2025-07-11,8.777316093444824,9.210000038146973,9.359999656677246,9.119999885559082,9.3100004196167,1810300
2025-07-14,8.377047538757324,8.789999961853027,9.291999816894531,8.760000228881836,9.170000076293945,3429800
2025-07-15,7.76711368560791,8.149999618530273,8.925000190734863,8.130000114440918,8.899999618530273,1930100
2025-07-16,7.6908721923828125,8.069999694824219,8.279999732971191,7.925000190734863,8.180000305175781,2391500
2025-07-17,8.053020477294922,8.449999809265137,8.539999961853027,8.100000381469727,8.1899995803833,2278100
2025-07-18,8.072080612182617,8.470000267028809,8.739999771118164,8.390000343322754,8.569999694824219,1560300
2025-07-21,8.148322105407715,8.550000190734863,8.6899995803833,8.4399995803833,8.59000015258789,1427000
2025-07-22,8.844026565551758,9.279999732971191,9.375,8.609999656677246,8.609999656677246,2201000
2025-07-23,9.253826141357422,9.710000038146973,9.895000457763672,9.395000457763672,9.420000076293945,2341700
2025-07-24,9.015570640563965,9.460000038146973,9.8100004196167,9.444999694824219,9.619999885559082,1298200
2025-07-25,9.082282066345215,9.529999732971191,9.609999656677246,8.979999542236328,9.609999656677246,2257200
2025-07-28,9.244295120239258,9.699999809265137,9.824999809265137,9.449999809265137,9.609999656677246,1459700
2025-07-29,8.786846160888672,9.220000267028809,9.710000038146973,9.194999694824219,9.710000038146973,983600
2025-07-30,8.52953052520752,8.949999809265137,9.520000457763672,8.861000061035156,9.229999542236328,2152900
2025-07-31,8.348456382751465,8.760000228881836,9.020000457763672,8.71500015258789,8.899999618530273,1420400
2025-08-01,8.272214889526367,8.680000305175781,8.770000457763672,8.399999618530273,8.640000343322754,1651100
2025-08-04,8.59624195098877,9.020000457763672,9.289999961853027,8.75,8.899999618530273,1718500
2025-08-05,9.067987442016602,9.515000343322754,9.645000457763672,9.100000381469727,9.100000381469727,2680500
2025-08-06,9.406309127807617,9.869999885559082,9.989999771118164,9.550000190734863,9.550000190734863,2965000
2025-08-07,11.426711082458496,11.989999771118164,12.979999542236328,11.479999542236328,12.399999618530273,4578300
2025-08-08,10.692886352539062,11.220000267028809,12.390000343322754,11.145000457763672,12.199999809265137,3604600
2025-08-11,10.63570499420166,11.15999984741211,11.760000228881836,11.069999694824219,11.399999618530273,3327300
2025-08-12,11.560134887695312,12.130000114440918,12.180000305175781,11.345000267028809,11.399999618530273,2603600
2025-08-13,12.131946563720703,12.729999542236328,12.880000114440918,12.119999885559082,12.119999885559082,3122200
2025-08-14,11.788859367370605,12.369999885559082,12.630000114440918,12.324999809265137,12.479999542236328,2535200
2025-08-15,12.198657989501953,12.800000190734863,12.930000305175781,12.524999618530273,12.619999885559082,3291100
2025-08-18,11.817449569702148,12.399999618530273,12.859999656677246,12.36299991607666,12.75,2432000
2025-08-19,11.979462623596191,12.569999694824219,12.859999656677246,12.4399995803833,12.5600004196167,2323700
2025-08-20,11.522013664245605,12.09000015258789,12.609999656677246,12.069999694824219,12.420000076293945,1253300
2025-08-21,11.312349319458008,11.869999885559082,12.0600004196167,11.770000457763672,11.880000114440918,1818000
2025-08-22,11.826979637145996,12.40999984741211,12.420000076293945,11.774999618530273,11.930000305175781,2425600
2025-08-25,11.43624210357666,12.0,12.1850004196167,11.800000190734863,11.899999618530273,1733600
2025-08-26,11.264698028564453,11.819999694824219,12.100000381469727,11.6899995803833,11.989999771118164,1347300
2025-08-27,11.426711082458496,11.989999771118164,12.140000343322754,11.675000190734863,11.729999542236328,1428800
2025-08-28,11.197986602783203,11.75,12.109999656677246,11.539999961853027,12.109999656677246,1825500
2025-08-29,11.178925514221191,11.729999542236328,11.779999732971191,11.555000305175781,11.770000457763672,1791900
2025-09-02,10.711946487426758,11.239999771118164,11.649999618530273,11.1899995803833,11.4399995803833,1747800
2025-09-03,10.645235061645508,11.170000076293945,11.390000343322754,10.920000076293945,11.229999542236328,1787400
2025-09-04,10.845369338989258,11.380000114440918,11.470000267028809,11.180000305175781,11.329999923706055,2075600
2025-09-05,10.978792190551758,11.520000457763672,11.84000015258789,11.430000305175781,11.579999923706055,2117300
2025-09-08,10.854900360107422,11.390000343322754,11.529999732971191,11.140000343322754,11.529999732971191,1551300
2025-09-09,10.645235061645508,11.170000076293945,11.401000022888184,11.020000457763672,11.239999771118164,1240000
2025-09-10,10.56899356842041,11.09000015258789,11.300000190734863,10.9399995803833,11.130000114440918,1869800
2025-09-11,10.711946487426758,11.239999771118164,11.319999694824219,11.020000457763672,11.029999732971191,1597800
2025-09-12,10.26402759552002,10.770000457763672,11.1850004196167,10.649999618530273,11.130000114440918,1732000
2025-09-15,10.50228214263916,11.020000457763672,11.100000381469727,10.75,10.880000114440918,1301700
2025-09-16,10.511812210083008,11.029999732971191,11.09000015258789,10.720000267028809,11.029999732971191,1364900
2025-09-17,10.683356285095215,11.210000038146973,11.819999694824219,11.085000038146973,11.140000343322754,2310400
2025-09-18,10.759597778320312,11.289999961853027,11.305000305175781,10.979999542236328,11.199999809265137,2626500
2025-09-19,10.540403366088867,11.0600004196167,11.369999885559082,10.940999984741211,11.369999885559082,2489500
2025-09-22,10.53087329864502,11.050000190734863,11.241999626159668,10.899999618530273,10.970000267028809,2417400
2025-09-23,10.540403366088867,11.0600004196167,11.329999923706055,10.859999656677246,11.1899995803833,1287100
2025-09-24,10.178255081176758,10.680000305175781,11.225000381469727,10.5600004196167,11.029999732971191,2301900
2025-09-25,10.26402759552002,10.770000457763672,10.949999809265137,10.460000038146973,10.510000228881836,1195800
2025-09-26,10.121073722839355,10.619999885559082,10.954999923706055,10.470000267028809,10.8100004196167,1369000
2025-09-29,10.082953453063965,10.579999923706055,10.6899995803833,10.319999694824219,10.6899995803833,1569500
2025-09-30,10.13060474395752,10.630000114440918,10.75,10.5,10.59000015258789,1613000
2025-10-01,10.13060474395752,10.630000114440918,10.800000190734863,10.454999923706055,10.640000343322754,1634500
2025-10-02,10.406980514526367,10.920000076293945,10.970000267028809,10.550000190734863,10.6899995803833,1306300
2025-10-03,10.511812210083008,11.029999732971191,11.199999809265137,10.895000457763672,10.970000267028809,2394300
2025-10-06,10.016242027282715,10.510000228881836,11.029999732971191,10.510000228881836,11.029999732971191,2205800
2025-10-07,9.816107749938965,10.300000190734863,10.720000267028809,10.229999542236328,10.609999656677246,1903500
2025-10-08,10.054363250732422,10.550000190734863,10.630000114440918,10.220000267028809,10.300000190734863,1762400
2025-10-09,9.711275100708008,10.1899995803833,10.520000457763672,10.140000343322754,10.520000457763672,2026500
2025-10-10,9.158523559570312,9.609999656677246,10.3100004196167,9.600000381469727,10.3100004196167,1953400
2025-10-13,9.654094696044922,10.130000114440918,10.220000267028809,9.850000381469727,9.850000381469727,1745500
2025-10-14,9.797046661376953,10.279999732971191,10.449999809265137,9.90999984741211,9.989999771118164,2158100
2025-10-15,9.806577682495117,10.289999961853027,10.510000228881836,10.1899995803833,10.3100004196167,1533400
2025-10-16,10.092483520507812,10.59000015258789,10.645000457763672,10.210000038146973,10.300000190734863,1294600
2025-10-17,9.959060668945312,10.449999809265137,10.6899995803833,10.3100004196167,10.520000457763672,1757400
2025-10-20,10.16872501373291,10.670000076293945,10.699999809265137,10.380000114440918,10.489999771118164,1821400
2025-10-21,10.10201358795166,10.600000381469727,10.850000381469727,10.5,10.609999656677246,2536100
2025-10-22,9.959060668945312,10.449999809265137,10.670000076293945,10.239999771118164,10.550000190734863,1226300
2025-10-23,9.911409378051758,10.399999618530273,10.5,10.220000267028809,10.390000343322754,1053800
2025-10-24,9.96859073638916,10.460000038146973,10.619999885559082,10.390000343322754,10.5,1054700
2025-10-27,9.911409378051758,10.399999618530273,10.739999771118164,10.289999961853027,10.600000381469727,1440100
2025-10-28,10.178255081176758,10.680000305175781,11.020000457763672,10.420000076293945,10.420000076293945,2416100
2025-10-29,9.692214965820312,10.170000076293945,10.699999809265137,10.100000381469727,10.619999885559082,1485700
2025-10-30,9.36818790435791,9.829999923706055,10.15999984741211,9.8149995803833,10.039999961853027,1033200
2025-10-31,9.549262046813965,10.020000457763672,10.069999694824219,9.694999694824219,9.84000015258789,1097800
2025-11-03,9.396778106689453,9.859999656677246,10.050000190734863,9.6899995803833,10.029999732971191,1451600
2025-11-04,9.244295120239258,9.699999809265137,9.8100004196167,9.609999656677246,9.739999771118164,1382700
2025-11-05,9.30147647857666,9.760000228881836,9.859999656677246,9.4399995803833,9.670000076293945,3263900
2025-11-06,8.958389282226562,9.399999618530273,9.949999809265137,9.220000267028809,9.40999984741211,1904300
2025-11-07,9.377718925476074,9.84000015258789,9.994999885559082,9.220000267028809,9.220000267028809,2321300
2025-11-10,9.120402336120605,9.569999694824219,10.09000015258789,9.5,9.960000038146973,2068900
2025-11-11,9.082282066345215,9.529999732971191,9.649999618530273,9.385000228881836,9.649999618530273,1672200
2025-11-12,8.853557586669922,9.289999961853027,9.649999618530273,9.270000457763672,9.569999694824219,1807100
2025-11-13,8.739194869995117,9.170000076293945,9.520000457763672,9.104999542236328,9.3100004196167,1081500
2025-11-14,8.605772018432617,9.029999732971191,9.185999870300293,8.880000114440918,9.079999923706055,1647400
2025-11-17,8.491409301757812,8.90999984741211,9.03600025177002,8.845000267028809,9.010000228881836,1281900
2025-11-18,8.453289031982422,8.869999885559082,8.90999984741211,8.680000305175781,8.779999732971191,1168200
2025-11-19,8.46281909942627,8.880000114440918,9.229999542236328,8.819999694824219,8.970000267028809,1176000
2025-11-20,8.510470390319824,8.930000305175781,9.260000228881836,8.899999618530273,9.010000228881836,1413800
2025-11-21,8.939329147338867,9.380000114440918,9.600000381469727,9.010000228881836,9.010000228881836,2562200
2025-11-24,8.92979907989502,9.369999885559082,9.555000305175781,9.270000457763672,9.359999656677246,1318700
2025-11-25,9.43489933013916,9.899999618530273,9.989999771118164,9.430000305175781,9.470000267028809,1490000
2025-11-26,9.987650871276855,10.479999542236328,10.545000076293945,9.819999694824219,9.819999694824219,1215600
2025-11-28,9.854228973388672,10.34000015258789,10.515000343322754,10.25,10.460000038146973,610400
2025-12-01,9.940000534057617,10.430000305175781,10.670000076293945,10.25,10.300000190734863,1182100
2025-12-02,10.159194946289062,10.65999984741211,10.755000114440918,10.449999809265137,10.470000267028809,1077600
2025-12-03,10.0734224319458,10.569999694824219,10.8100004196167,10.555000305175781,10.670000076293945,908600
2025-12-04,10.03530216217041,10.529999732971191,10.6850004196167,10.359999656677246,10.569999694824219,757900
2025-12-05,10.044832229614258,10.539999961853027,10.729999542236328,10.414999961853027,10.539999961853027,726300
2025-12-08,10.140134811401367,10.640000343322754,10.6899995803833,10.380000114440918,10.5600004196167,1056100
2025-12-09,10.23543643951416,10.739999771118164,10.899999618530273,10.399999618530273,10.520000457763672,1714600
2025-12-10,10.206846237182617,10.710000038146973,11.010000228881836,10.630000114440918,10.699999809265137,1364400
2025-12-11,10.36885929107666,10.880000114440918,10.960000038146973,10.680000305175781,10.770000457763672,1526900
2025-12-12,10.359329223632812,10.869999885559082,11.029999732971191,10.6899995803833,10.930000305175781,1161300
2025-12-15,10.73100757598877,11.260000228881836,11.28499984741211,10.880000114440918,10.979999542236328,995700
2025-12-16,10.702415466308594,11.229999542236328,11.710000038146973,11.100000381469727,11.1899995803833,1665300
2025-12-17,10.94067096710205,11.479999542236328,11.645000457763672,10.510000228881836,11.140000343322754,1412700
2025-12-18,11.13127613067627,11.680000305175781,12.079999923706055,11.604999542236328,11.680000305175781,1107500
2025-12-19,11.026442527770996,11.569999694824219,11.760000228881836,11.329999923706055,11.630000114440918,1403600
2025-12-22,11.312349319458008,11.869999885559082,11.890000343322754,11.300000190734863,11.569999694824219,1013100
2025-12-23,11.178925514221191,11.729999542236328,11.885000228881836,11.619999885559082,11.770000457763672,1066800
2025-12-24,11.1408052444458,11.6899995803833,11.920000076293945,11.210000038146973,11.800000190734863,604100
2025-12-26,11.16939640045166,11.720000267028809,11.729999542236328,11.380000114440918,11.699999809265137,797300
2025-12-29,11.16939640045166,11.720000267028809,11.890000343322754,11.4350004196167,11.720000267028809,1248600
2025-12-30,10.921610832214355,11.460000038146973,11.739999771118164,11.420000076293945,11.680000305175781,1326200
2025-12-31,10.683356285095215,11.210000038146973,11.430000305175781,11.170000076293945,11.430000305175781,469900
2026-01-02,10.826308250427246,11.359999656677246,11.529999732971191,11.274999618530273,11.369999885559082,1039700
2026-01-05,10.13060474395752,10.630000114440918,11.489999771118164,10.619999885559082,11.289999961853027,1572500
2026-01-06,10.540403366088867,11.0600004196167,11.079999923706055,10.5,10.619999885559082,1428400
2026-01-07,10.349798202514648,10.859999656677246,11.229999542236328,10.760000228881836,11.119999885559082,983100
2026-01-08,10.597583770751953,11.119999885559082,11.149999618530273,10.720000267028809,10.720000267028809,1945500
2026-01-09,10.549932479858398,11.069999694824219,11.545000076293945,10.75,11.25,1743900
2026-01-12,10.349798202514648,10.859999656677246,11.020000457763672,10.717000007629395,11.0,1049700
2026-01-13,10.445100784301758,10.960000038146973,11.175000190734863,10.694999694824219,10.880000114440918,1449000
2026-01-14,10.149663925170898,10.649999618530273,11.109999656677246,10.614999771118164,10.90999984741211,1017000
2026-01-15,10.53087329864502,11.050000190734863,11.135000228881836,10.635000228881836,10.699999809265137,1718000
2026-01-16,10.30214786529541,10.8100004196167,11.180000305175781,10.760000228881836,11.119999885559082,979300
2026-01-20,9.70174503326416,10.180000305175781,10.649999618530273,10.015000343322754,10.579999923706055,972100
2026-01-21,10.0734224319458,10.569999694824219,10.680000305175781,10.199999809265137,10.199999809265137,1278600
2026-01-22,10.206846237182617,10.710000038146973,10.845000267028809,10.569999694824219,10.569999694824219,708000
2026-01-23,9.87328815460205,10.359999656677246,10.75,10.274999618530273,10.670000076293945,592900
2026-01-26,9.816107749938965,10.300000190734863,10.569999694824219,10.15999984741211,10.369999885559082,600200
2026-01-27,9.949529647827148,10.4399995803833,10.510000228881836,10.251999855041504,10.420000076293945,732100
2026-01-28,9.520670890808105,9.989999771118164,10.600000381469727,9.960000038146973,10.489999771118164,687800
2026-01-29,9.453960418701172,9.920000076293945,10.085000038146973,9.600000381469727,10.010000228881836,1295600
2026-01-30,9.70174503326416,10.180000305175781,10.21500015258789,9.824999809265137,9.899999618530273,824300
2026-02-02,10.111543655395508,10.609999656677246,10.680000305175781,9.949999809265137,10.1899995803833,1071200
2026-02-03,10.397449493408203,10.90999984741211,11.079999923706055,10.510000228881836,10.520000457763672,904400
2026-02-04,10.4736909866333,10.989999771118164,11.1899995803833,10.819999694824219,11.069999694824219,1027800
2026-02-05,10.206846237182617,10.710000038146973,10.914999961853027,10.539999961853027,10.789999961853027,871900
2026-02-06,10.578523635864258,11.100000381469727,11.1850004196167,10.739999771118164,10.739999771118164,1326400
2026-02-09,10.187785148620605,10.6899995803833,11.229999542236328,10.640000343322754,11.170000076293945,480900
2026-02-10,10.16872501373291,10.670000076293945,10.920000076293945,10.640000343322754,10.6899995803833,668300
2026-02-11,9.311007499694824,9.770000457763672,10.805000305175781,9.630000114440918,10.65999984741211,1772900
2026-02-12,8.701074600219727,9.130000114440918,10.119999885559082,9.100000381469727,9.859999656677246,1612100
2026-02-13,8.815436363220215,9.25,9.59000015258789,9.0600004196167,9.1899995803833,1987900
2026-02-17,8.56765079498291,8.989999771118164,9.390000343322754,8.850000381469727,9.1899995803833,1095100
2026-02-18,8.66295337677002,9.09000015258789,9.399999618530273,8.960000038146973,8.979999542236328,2426300
2026-02-19,8.453289031982422,8.869999885559082,9.295000076293945,8.6899995803833,9.295000076293945,1166200
2026-02-20,8.748724937438965,9.180000305175781,9.329999923706055,8.779999732971191,8.8100004196167,1547300
2026-02-23,8.014899253845215,8.40999984741211,9.104999542236328,8.375,9.104999542236328,1393700
2026-02-24,8.005369186401367,8.399999618530273,8.670000076293945,8.399999618530273,8.5,891300
2026-02-25,7.986309051513672,8.380000114440918,8.524999618530273,8.130000114440918,8.399999618530273,1200400
2026-02-26,8.824966430664062,9.260000228881836,10.600000381469727,8.795000076293945,10.550000190734863,3841100
2026-02-27,7.8624162673950195,8.25,9.444999694824219,8.229999542236328,9.130000114440918,1657100
2026-03-02,7.709933280944824,8.09000015258789,8.149999618530273,7.78000020980835,8.149999618530273,1548600
2026-03-03,7.624161243438721,8.0,8.0649995803833,7.666999816894531,7.75,1734800
2026-03-04,7.500268459320068,7.869999885559082,8.100000381469727,7.820000171661377,8.020000457763672,1460900
2026-03-05,7.490738391876221,7.860000133514404,8.09000015258789,7.65500020980835,7.760000228881836,1921500
2026-03-06,7.281074047088623,7.639999866485596,7.74399995803833,7.554999828338623,7.650000095367432,1537700
2026-03-09,7.023758411407471,7.369999885559082,7.5,6.96999979019165,7.460000038146973,1806300
2026-03-10,7.052349090576172,7.400000095367432,7.480000019073486,7.239999771118164,7.369999885559082,1589800
2026-03-11,6.871275424957275,7.210000038146973,7.460000038146973,7.105000019073486,7.400000095367432,1239600
2026-03-12,6.7283220291137695,7.059999942779541,7.159999847412109,6.948999881744385,7.079999923706055,1568100
2026-03-13,6.766442775726318,7.099999904632568,7.21999979019165,7.005000114440918,7.119999885559082,1316700
2026-03-16,6.985637664794922,7.329999923706055,7.414999961853027,7.099999904632568,7.170000076293945,960600
2026-03-17,7.099999904632568,7.449999809265137,7.610000133514404,7.349999904632568,7.349999904632568,1159800
2026-03-18,7.119999885559082,7.119999885559082,7.300000190734863,7.010000228881836,7.010000228881836,1723900
2026-03-19,7.090000152587891,7.090000152587891,7.190000057220459,6.929999828338623,7.110000133514404,1102700
2026-03-20,6.78000020980835,6.78000020980835,7.130000114440918,6.744999885559082,7.090000152587891,1406300
2026-03-23,6.840000152587891,6.840000152587891,7.119999885559082,6.815000057220459,7.090000152587891,886400
2026-03-24,6.53000020980835,6.53000020980835,6.75,6.449999809265137,6.75,1468800
2026-03-25,6.849999904632568,6.849999904632568,6.885000228881836,6.554999828338623,6.630000114440918,1237700
2026-03-26,6.699999809265137,6.699999809265137,6.960000038146973,6.690000057220459,6.75,831700
2026-03-27,6.5,6.5,6.65500020980835,6.429999828338623,6.610000133514404,1294800
2026-03-30,6.510000228881836,6.510000228881836,6.635000228881836,6.454999923706055,6.519999980926514,720100
2026-03-31,6.78000020980835,6.78000020980835,6.820000171661377,6.460000038146973,6.610000133514404,1213000
2026-04-01,6.539999961853027,6.539999961853027,6.704999923706055,6.5,6.599999904632568,1509800
2026-04-02,6.380000114440918,6.380000114440918,6.550000190734863,6.255000114440918,6.360000133514404,1255500
2026-04-06,6.489999771118164,6.489999771118164,6.53000020980835,6.329999923706055,6.369999885559082,3043600
2026-04-07,6.269999980926514,6.269999980926514,6.46999979019165,6.170000076293945,6.449999809265137,1318400
2026-04-08,6.519999980926514,6.519999980926514,6.849999904632568,6.500999927520752,6.690000057220459,1101600
2026-04-09,6.610000133514404,6.610000133514404,6.690000057220459,6.389999866485596,6.429999828338623,928800
2026-04-10,6.769999980926514,6.769999980926514,6.84499979019165,6.534999847412109,6.650000095367432,860100
2026-04-13,6.849999904632568,6.849999904632568,6.980000019073486,6.684999942779541,6.730000019073486,1304500
2026-04-14,6.900000095367432,6.900000095367432,7.019999980926514,6.820000171661377,6.849999904632568,1658300
2026-04-15,7.119999885559082,7.119999885559082,7.199999809265137,6.840000152587891,6.920000076293945,2060300
2026-04-16,7.360000133514404,7.360000133514404,7.40500020980835,7.170000076293945,7.190000057220459,1126900
2026-04-17,7.789999961853027,7.789999961853027,7.860000133514404,7.559999942779541,7.610000133514404,1700300
2026-04-20,8.0600004196167,8.0600004196167,8.079999923706055,7.704999923706055,7.800000190734863,1145000
2026-04-21,7.96999979019165,7.96999979019165,8.404999732971191,7.940000057220459,8.069999694824219,921500
2026-04-22,7.800000190734863,7.800000190734863,8.234999656677246,7.78000020980835,8.020000457763672,845800
2026-04-23,7.519999980926514,7.519999980926514,7.849999904632568,7.440000057220459,7.800000190734863,610200
2026-04-24,7.650000095367432,7.650000095367432,7.739999771118164,7.409999847412109,7.46999979019165,662800
2026-04-27,7.53000020980835,7.53000020980835,7.735000133514404,7.510000228881836,7.650000095367432,615700
2026-04-28,7.539999961853027,7.539999961853027,7.784999847412109,7.440000057220459,7.550000190734863,1072500
2026-04-29,7.340000152587891,7.340000152587891,7.59499979019165,7.264999866485596,7.59499979019165,609300
2026-04-30,7.400000095367432,7.400000095367432,7.539999961853027,7.304999828338623,7.340000152587891,1073900
2026-05-01,7.579999923706055,7.579999923706055,7.590000152587891,7.380000114440918,7.440000057220459,1010300
2026-05-04,7.070000171661377,7.070000171661377,7.480000019073486,6.954999923706055,7.460000038146973,1741800
2026-05-05,7.260000228881836,7.260000228881836,7.340000152587891,7.090000152587891,7.25,895400
2026-05-06,7.590000152587891,7.590000152587891,7.630000114440918,7.369999885559082,7.380000114440918,2392400
2026-05-07,7.074999809265137,7.074999809265137,7.46999979019165,6.800000190734863,6.800000190734863,2953100
2026-05-08,6.505000114440918,6.505000114440918,6.980000019073486,6.5,6.900000095367432,1953900
2026-05-11,6.119999885559082,6.119999885559082,6.510000228881836,6.050000190734863,6.5,2011200
2026-05-12,5.900000095367432,5.900000095367432,6.195000171661377,5.900000095367432,6.119999885559082,1962800
2026-05-13,5.869999885559082,5.869999885559082,5.909999847412109,5.630000114440918,5.900000095367432,1622800
2026-05-14,5.880000114440918,5.880000114440918,6.070000171661377,5.75,5.909999847412109,2607900
2026-05-15,5.75,5.75,5.949999809265137,5.699999809265137,5.829999923706055,2799600
2026-05-18,5.869999885559082,5.869999885559082,6.039999961853027,5.789999961853027,5.889999866485596,1471400
2026-05-19,5.78000020980835,5.78000020980835,5.860000133514404,5.670000076293945,5.800000190734863,1504700
2026-05-20,5.989999771118164,5.989999771118164,6.014999866485596,5.570000171661377,5.78000020980835,1429300
2026-05-21,6.389999866485596,6.389999866485596,6.434999942779541,5.829999923706055,6.0,1598400
2026-05-22,6.320000171661377,6.320000171661377,6.5,6.309999942779541,6.360000133514404,770400
2026-05-26,6.440000057220459,6.440000057220459,6.579999923706055,6.329999923706055,6.380000114440918,1397200
2026-05-27,6.650000095367432,6.650000095367432,6.764999866485596,6.460000038146973,6.460000038146973,1254800
2026-05-28,6.860000133514404,6.860000133514404,6.90500020980835,6.610000133514404,6.630000114440918,1288800
2026-05-29,6.769999980926514,6.769999980926514,6.920000076293945,6.730000019073486,6.829999923706055,1192400
2026-06-01,6.610000133514404,6.610000133514404,6.755000114440918,6.429999828338623,6.75,846200
2026-06-02,6.53000020980835,6.53000020980835,6.735000133514404,6.489999771118164,6.53000020980835,648400
2026-06-03,6.510000228881836,6.510000228881836,6.840000152587891,6.28000020980835,6.559999942779541,1346700
2026-06-04,6.639999866485596,6.639999866485596,6.724999904632568,6.550000190734863,6.550000190734863,795800
2026-06-05,6.329999923706055,6.329999923706055,6.670000076293945,6.224999904632568,6.559999942779541,940100
2026-06-08,6.21999979019165,6.21999979019165,6.400000095367432,6.210000038146973,6.349999904632568,862900
2026-06-09,6.679999828338623,6.679999828338623,6.690000057220459,6.340000152587891,6.340000152587891,891500
2026-06-10,6.699999809265137,6.699999809265137,6.934999942779541,6.5,6.599999904632568,1132400
2026-06-11,7.070000171661377,7.070000171661377,7.119999885559082,6.59499979019165,6.650000095367432,2082600
2026-06-12,7.170000076293945,7.170000076293945,7.389999866485596,6.985000133514404,7.110000133514404,1695800
2026-06-15,7.449999809265137,7.449999809265137,7.579999923706055,7.335000038146973,7.349999904632568,1303300
2026-06-16,7.190000057220459,7.190000057220459,7.650000095367432,7.045000076293945,7.449999809265137,1782100
2026-06-17,6.880000114440918,6.880000114440918,7.510000228881836,6.840000152587891,7.179999828338623,1064600
2026-06-18,7.260000228881836,7.260000228881836,7.460000038146973,6.989999771118164,7.0,1235000
2026-06-22,6.949999809265137,6.949999809265137,7.309999942779541,6.940000057220459,7.199999809265137,770300
2026-06-23,7.070000171661377,7.070000171661377,7.144999980926514,6.880000114440918,6.940000057220459,682400
2026-06-24,7.829999923706055,7.829999923706055,8.069999694824219,7.224999904632568,7.239999771118164,1657400
2026-06-25,8.100000381469727,8.100000381469727,8.125,7.699999809265137,7.760000228881836,1529300
2026-06-26,8.40999984741211,8.40999984741211,8.470000267028809,8.0600004196167,8.079999923706055,2415800
2026-06-29,8.420000076293945,8.420000076293945,8.635000228881836,8.289999961853027,8.300000190734863,1873000
2026-06-30,8.420000076293945,8.420000076293945,8.489999771118164,8.260000228881836,8.3100004196167,1519100
2026-07-01,8.59000015258789,8.59000015258789,8.680000305175781,8.239999771118164,8.40999984741211,1807500
2026-07-02,8.619999885559082,8.619999885559082,8.8149995803833,8.529999732971191,8.600000381469727,1538200
2026-07-06,8.149999618530273,8.149999618530273,8.619999885559082,7.929999828338623,8.600000381469727,1139700
2026-07-07,8.140000343322754,8.140000343322754,8.359999656677246,8.130000114440918,8.149999618530273,791500
2026-07-08,7.71999979019165,7.71999979019165,8.100000381469727,7.554999828338623,7.96999979019165,1241500
2026-07-09,7.900000095367432,7.900000095367432,8.100000381469727,7.650000095367432,7.71999979019165,748100
2026-07-10,7.860000133514404,7.860000133514404,8.074999809265137,7.84499979019165,7.980000019073486,1002700
2026-07-13,7.730000019073486,7.730000019073486,8.0600004196167,7.695000171661377,7.949999809265137,998400
2026-07-14,7.829999923706055,7.829999923706055,7.945000171661377,7.659999847412109,7.820000171661377,696700
2026-07-15,8.029999732971191,8.029999732971191,8.229999542236328,7.730000019073486,7.800000190734863,849200
2026-07-16,7.840000152587891,7.840000152587891,8.274999618530273,7.824999809265137,8.029999732971191,939900
2026-07-17,7.690000057220459,7.690000057220459,7.949999809265137,7.570000171661377,7.75,829900
2026-07-20,7.480000019073486,7.480000019073486,7.789999961853027,7.460000038146973,7.789999961853027,804200
2026-07-21,7.539999961853027,7.539999961853027,7.585000038146973,7.230000019073486,7.46999979019165,1031400
2026-07-22,7.440000057220459,7.440000057220459,7.639999866485596,7.389999866485596,7.579999923706055,850100
2026-07-23,7.070000171661377,7.070000171661377,7.300000190734863,7.059999942779541,7.28000020980835,477285
