Date,Adjusted_Close,Close,High,Low,Open,Volume
2021-11-04,14.439641952514648,15.289999961853027,15.699999809265137,14.15999984741211,15.0,1674600
2021-11-05,14.44908618927002,15.300000190734863,15.390000343322754,14.850000381469727,15.050000190734863,309700
2021-11-08,16.980037689208984,17.979999542236328,18.5,15.375,15.449999809265137,273800
2021-11-09,16.555063247680664,17.530000686645508,17.969999313354492,15.789999961853027,17.450000762939453,157900
2021-11-10,16.148975372314453,17.100000381469727,17.979999542236328,16.719999313354492,16.889999389648438,59500
2021-11-11,18.698816299438477,19.799999237060547,20.889999389648438,17.299999237060547,17.299999237060547,231600
2021-11-12,18.764925003051758,19.8700008392334,20.5,19.389999389648438,20.0,223500
2021-11-15,20.50259017944336,21.709999084472656,21.950000762939453,19.520000457763672,19.649999618530273,180600
2021-11-16,20.219274520874023,21.40999984741211,22.0,21.18000030517578,22.0,222000
2021-11-17,19.72819709777832,20.889999389648438,21.645000457763672,20.652000427246094,21.0,128000
2021-11-18,19.11434555053711,20.239999771118164,21.270000457763672,19.889999389648438,20.670000076293945,32400
2021-11-19,19.787517547607422,20.8700008392334,21.350000381469727,19.2549991607666,20.049999237060547,84000
2021-11-22,19.161752700805664,20.209999084472656,21.360000610351562,19.459999084472656,20.760000228881836,65400
2021-11-23,17.929182052612305,18.90999984741211,20.65999984741211,17.71500015258789,20.65999984741211,68100
2021-11-24,18.57390785217285,19.59000015258789,20.450000762939453,18.059999465942383,18.989999771118164,58900
2021-11-26,18.488576889038086,19.5,19.739999771118164,18.43000030517578,19.420000076293945,68700
2021-11-29,18.95316505432129,19.989999771118164,20.290000915527344,18.979999542236328,19.6299991607666,89200
2021-11-30,19.218643188476562,20.270000457763672,20.649999618530273,19.31999969482422,19.979999542236328,67100
2021-12-01,18.972126007080078,20.010000228881836,21.0,19.56999969482422,20.719999313354492,83400
2021-12-02,19.190196990966797,20.239999771118164,20.625,18.90999984741211,20.06999969482422,143600
2021-12-03,19.190196990966797,20.239999771118164,20.90999984741211,19.219999313354492,20.5,160200
2021-12-06,20.839948654174805,21.979999542236328,22.799999237060547,19.86400032043457,20.40999984741211,330000
2021-12-07,18.725610733032227,19.75,23.739999771118164,19.364999771118164,22.889999389648438,471100
2021-12-08,17.06637954711914,18.0,20.170000076293945,17.399999618530273,19.670000076293945,332500
2021-12-09,19.531518936157227,20.600000381469727,21.079999923706055,17.551000595092773,18.1299991607666,120000
2021-12-10,18.31791877746582,19.31999969482422,20.82699966430664,19.100000381469727,20.25,91400
2021-12-13,18.090360641479492,19.079999923706055,19.979999542236328,18.66200065612793,19.15999984741211,26900
2021-12-14,19.03849983215332,20.079999923706055,20.200000762939453,18.559999465942383,18.790000915527344,55600
2021-12-15,20.356401443481445,21.469999313354492,21.489999771118164,19.829999923706055,19.829999923706055,208300
2021-12-16,19.360858917236328,20.420000076293945,22.100000381469727,20.020000457763672,21.389999389648438,121600
2021-12-17,19.531518936157227,20.600000381469727,20.969999313354492,19.31999969482422,20.5,1396000
2021-12-20,19.90129852294922,20.989999771118164,21.469999313354492,20.010000228881836,20.010000228881836,210300
2021-12-21,19.597890853881836,20.670000076293945,22.0,20.290000915527344,21.0,180000
2021-12-22,20.05299949645996,21.149999618530273,21.700000762939453,20.600000381469727,21.260000228881836,96300
2021-12-23,20.147811889648438,21.25,21.469999313354492,20.889999389648438,21.079999923706055,51400
2021-12-27,21.873411178588867,23.06999969482422,23.510000228881836,20.850000381469727,20.899999618530273,368100
2021-12-28,22.356956481933594,23.579999923706055,23.8700008392334,23.249000549316406,23.34000015258789,54800
2021-12-29,22.262144088745117,23.479999542236328,23.610000610351562,23.100000381469727,23.56999969482422,62500
2021-12-30,22.68880271911621,23.93000030517578,24.139999389648438,23.6200008392334,23.6299991607666,56600
2021-12-31,24.101520538330078,25.420000076293945,25.579999923706055,23.799999237060547,24.3700008392334,85500
2022-01-03,23.712785720825195,25.010000228881836,25.86400032043457,24.309999465942383,25.540000915527344,92000
2022-01-04,23.361974716186523,24.639999389648438,25.270000457763672,24.19099998474121,24.959999084472656,66200
2022-01-05,21.399341583251953,22.56999969482422,24.829999923706055,22.270000457763672,24.579999923706055,51000
2022-01-06,20.915796279907227,22.059999465942383,23.1299991607666,21.440000534057617,23.1299991607666,73300
2022-01-07,19.920257568359375,21.010000228881836,23.049999237060547,20.700000762939453,21.59000015258789,51300
2022-01-10,20.024555206298828,21.1200008392334,21.31999969482422,19.950000762939453,20.760000228881836,38900
2022-01-11,20.10988426208496,21.209999084472656,22.299999237060547,20.684999465942383,21.510000228881836,135600
2022-01-12,20.3469181060791,21.459999084472656,22.100000381469727,20.950000762939453,21.700000762939453,52900
2022-01-13,19.721145629882812,20.799999237060547,21.989999771118164,20.610000610351562,21.989999771118164,38900
2022-01-14,20.460693359375,21.579999923706055,21.719999313354492,19.479999542236328,20.479999542236328,61900
2022-01-18,21.010608673095703,22.15999984741211,22.229999542236328,21.299999237060547,21.520000457763672,44800
2022-01-19,20.754615783691406,21.889999389648438,22.420000076293945,21.6299991607666,21.920000076293945,60000
2022-01-20,20.16677474975586,21.270000457763672,22.920000076293945,21.06999969482422,21.889999389648438,45300
2022-01-21,18.716127395629883,19.739999771118164,21.399999618530273,19.56999969482422,21.06999969482422,67100
2022-01-24,20.280550003051758,21.389999389648438,21.700000762939453,19.06999969482422,19.170000076293945,51800
2022-01-25,20.043514251708984,21.139999389648438,21.56999969482422,20.5,21.030000686645508,38300
2022-01-26,19.446191787719727,20.510000228881836,21.959999084472656,20.1200008392334,21.65999984741211,43500
2022-01-27,19.484115600585938,20.549999237060547,21.229999542236328,20.149999618530273,20.670000076293945,40700
2022-01-28,20.432247161865234,21.549999237060547,22.100000381469727,20.350000381469727,20.760000228881836,64100
2022-01-31,20.697721481323242,21.829999923706055,22.280000686645508,21.600000381469727,21.600000381469727,54500
2022-02-01,20.887353897094727,22.030000686645508,22.030000686645508,21.2450008392334,22.0,59800
2022-02-02,21.029571533203125,22.18000030517578,23.290000915527344,21.85300064086914,22.100000381469727,117600
2022-02-03,21.020057678222656,22.09000015258789,22.350000381469727,21.790000915527344,22.049999237060547,79500
2022-02-04,21.2674617767334,22.350000381469727,22.479999542236328,21.489999771118164,21.850000381469727,59200
2022-02-07,21.0866641998291,22.15999984741211,22.610000610351562,21.59000015258789,22.3700008392334,50900
2022-02-08,21.58147621154785,22.68000030517578,23.200000762939453,22.010000228881836,22.010000228881836,52100
2022-02-09,21.600513458251953,22.700000762939453,23.43899917602539,22.360000610351562,22.979999542236328,33900
2022-02-10,21.43874168395996,22.530000686645508,22.899999618530273,22.110000610351562,22.56999969482422,69700
2022-02-11,21.676637649536133,22.780000686645508,23.09000015258789,22.27400016784668,22.6299991607666,33900
2022-02-14,22.219026565551758,23.350000381469727,24.350000381469727,22.75,22.75,85100
2022-02-15,21.87646484375,22.989999771118164,23.889999389648438,22.750999450683594,23.690000534057617,90300
2022-02-16,21.229400634765625,22.309999465942383,23.219999313354492,21.18000030517578,22.93000030517578,49200
2022-02-17,21.162792205810547,22.239999771118164,22.719999313354492,21.56999969482422,22.079999923706055,58600
2022-02-18,21.096181869506836,22.170000076293945,23.020000457763672,21.756000518798828,21.959999084472656,55500
2022-02-22,20.4871826171875,21.530000686645508,22.0,21.299999237060547,21.760000228881836,23000
2022-02-23,19.982851028442383,21.0,22.5,20.920000076293945,21.6299991607666,38900
2022-02-24,20.477664947509766,21.520000457763672,21.530000686645508,20.600000381469727,20.829999923706055,58600
2022-02-25,20.905866622924805,21.969999313354492,22.100000381469727,21.309999465942383,21.670000076293945,107300
2022-02-28,20.95345115661621,22.020000457763672,22.510000228881836,21.649999618530273,21.969999313354492,76500
2022-03-01,20.78216552734375,21.84000015258789,22.350000381469727,21.530000686645508,22.09000015258789,40400
2022-03-02,21.34358787536621,22.43000030517578,22.540000915527344,21.8799991607666,21.950000762939453,48300
2022-03-03,20.439603805541992,21.479999542236328,22.469999313354492,21.309999465942383,22.459999084472656,72500
2022-03-04,19.935274124145508,20.950000762939453,21.3700008392334,20.809999465942383,21.3700008392334,124200
2022-03-07,19.392885208129883,20.3799991607666,20.899999618530273,20.059999465942383,20.84000015258789,66400
2022-03-08,20.905866622924805,21.969999313354492,22.5,20.450000762939453,20.510000228881836,46500
2022-03-09,22.31418800354004,23.450000762939453,23.75,22.09000015258789,22.09000015258789,29900
2022-03-10,22.304668426513672,23.440000534057617,24.100000381469727,22.65999984741211,22.950000762939453,117500
2022-03-11,21.695669174194336,22.799999237060547,23.485000610351562,21.200000762939453,22.389999389648438,291200
2022-03-14,23.360904693603516,24.549999237060547,24.690000534057617,22.780000686645508,22.790000915527344,148900
2022-03-15,24.0841007232666,25.309999465942383,25.360000610351562,24.399999618530273,24.43000030517578,46000
2022-03-16,23.770078659057617,24.979999542236328,26.59000015258789,24.610000610351562,25.59000015258789,72600
2022-03-17,24.616971969604492,25.8700008392334,26.100000381469727,24.73900032043457,25.049999237060547,37700
2022-03-18,23.836687088012695,25.049999237060547,25.799999237060547,25.049999237060547,25.5,167300
2022-03-21,22.542556762695312,23.690000534057617,25.260000228881836,23.1200008392334,25.06999969482422,48200
2022-03-22,23.760562896728516,24.969999313354492,25.020000457763672,23.584999084472656,23.75,73600
2022-03-23,23.827173233032227,25.040000915527344,25.829999923706055,23.940000534057617,24.770000457763672,61600
2022-03-24,23.246715545654297,24.43000030517578,25.2549991607666,24.100000381469727,25.040000915527344,25500
2022-03-25,22.732873916625977,23.889999389648438,25.22800064086914,23.690000534057617,24.40999984741211,15500
2022-03-28,22.799482345581055,23.959999084472656,24.040000915527344,23.420000076293945,23.549999237060547,16900
2022-03-29,23.64637565612793,24.850000381469727,25.100000381469727,24.020000457763672,24.290000915527344,30600
2022-03-30,23.08495330810547,24.260000228881836,25.25,23.93000030517578,24.860000610351562,41800
2022-03-31,23.37042236328125,24.559999465942383,25.100000381469727,24.09000015258789,24.09000015258789,37200
2022-04-01,24.0555477142334,25.280000686645508,26.0,24.3700008392334,24.75,55700
2022-04-04,22.64723014831543,23.799999237060547,25.280000686645508,23.540000915527344,25.280000686645508,31900
2022-04-05,21.448259353637695,22.540000915527344,24.040000915527344,22.309999465942383,24.040000915527344,37800
2022-04-06,21.87646484375,22.989999771118164,23.030000686645508,21.89299964904785,22.549999237060547,35500
2022-04-07,22.866092681884766,24.030000686645508,24.31999969482422,23.139999389648438,23.139999389648438,15800
2022-04-08,23.18010902404785,24.360000610351562,24.549999237060547,23.5,24.00200080871582,39500
2022-04-11,23.189626693725586,24.3700008392334,25.030000686645508,23.809999465942383,24.420000076293945,29600
2022-04-12,23.37042236328125,24.559999465942383,26.06999969482422,24.350000381469727,24.350000381469727,79800
2022-04-13,23.636863708496094,24.84000015258789,25.5,24.670000076293945,25.5,29500
2022-04-14,22.552078247070312,23.700000762939453,25.209999084472656,23.219999313354492,24.989999771118164,29800
2022-04-18,22.590137481689453,23.739999771118164,23.809999465942383,22.770000457763672,23.3700008392334,32500
2022-04-19,24.188766479492188,25.420000076293945,25.8799991607666,23.549999237060547,23.729999542236328,41700
2022-04-20,24.24585723876953,25.479999542236328,26.899999618530273,25.399999618530273,25.760000228881836,47400
2022-04-21,23.417999267578125,24.610000610351562,26.049999237060547,24.389999389648438,25.829999923706055,27600
2022-04-22,23.08495330810547,24.260000228881836,24.700000762939453,23.642000198364258,24.700000762939453,25600
2022-04-25,23.379934310913086,24.56999969482422,24.6299991607666,23.410999298095703,24.170000076293945,19800
2022-04-26,23.103984832763672,24.280000686645508,25.239999771118164,23.739999771118164,24.6299991607666,32000
2022-04-27,23.199140548706055,24.3799991607666,24.8799991607666,23.6200008392334,24.239999771118164,30000
2022-04-28,24.00796890258789,25.229999542236328,25.290000915527344,23.950000762939453,24.700000762939453,23800
2022-04-29,24.227523803710938,25.3799991607666,26.399999618530273,25.1200008392334,25.1200008392334,54000
2022-05-02,24.370716094970703,25.530000686645508,25.790000915527344,24.84000015258789,25.479999542236328,60200
2022-05-03,24.743003845214844,25.920000076293945,26.75,25.350000381469727,25.860000610351562,99500
2022-05-04,24.542537689208984,25.709999084472656,26.31999969482422,24.809999465942383,26.31999969482422,56000
2022-05-05,24.389806747436523,25.549999237060547,26.2450008392334,24.780000686645508,25.68000030517578,83700
2022-05-06,23.864782333374023,25.0,25.520000457763672,24.670000076293945,25.510000228881836,91800
2022-05-09,22.37561798095703,23.440000534057617,25.639999389648438,23.09000015258789,24.959999084472656,109500
2022-05-10,23.387483596801758,24.5,24.81999969482422,23.860000610351562,23.940000534057617,76700
2022-05-11,22.136972427368164,23.190000534057617,24.760000228881836,23.139999389648438,24.760000228881836,96600
2022-05-12,22.404251098632812,23.469999313354492,24.47800064086914,22.75,23.049999237060547,123900
2022-05-13,22.82427406311035,23.90999984741211,25.049999237060547,23.65999984741211,24.5,209100
2022-05-16,22.671541213989258,23.75,24.132999420166016,23.329999923706055,24.06999969482422,73600
2022-05-17,22.96746253967285,24.059999465942383,24.469999313354492,23.790000915527344,24.260000228881836,84200
2022-05-18,22.91019058227539,24.0,24.25,23.582000732421875,23.940000534057617,75800
2022-05-19,23.244295120239258,24.350000381469727,24.459999084472656,23.520000457763672,23.969999313354492,86300
2022-05-20,22.92928123474121,24.020000457763672,24.770000457763672,23.84000015258789,24.770000457763672,102900
2022-05-23,23.826595306396484,24.959999084472656,25.020000457763672,23.780000686645508,24.399999618530273,126500
2022-05-24,23.473398208618164,24.59000015258789,24.829999923706055,24.309999465942383,24.6299991607666,95400
2022-05-25,25.325305938720703,26.530000686645508,26.780000686645508,24.5,24.579999923706055,209400
2022-05-26,24.943470001220703,26.1299991607666,27.299999237060547,25.829999923706055,26.850000381469727,140700
2022-05-27,26.022159576416016,27.260000228881836,27.850000381469727,26.075000762939453,26.139999389648438,187500
2022-05-31,24.046154022216797,25.190000534057617,27.530000686645508,24.649999618530273,27.25,301400
2022-06-01,24.95301628112793,26.139999389648438,26.280000686645508,24.420000076293945,24.8799991607666,141600
2022-06-02,25.373037338256836,26.579999923706055,26.790000915527344,25.639999389648438,26.1299991607666,154400
2022-06-03,25.75486946105957,26.979999542236328,27.709999084472656,26.43000030517578,26.450000762939453,136700
2022-06-06,26.556726455688477,27.81999969482422,28.489999771118164,27.139999389648438,27.510000228881836,206200
2022-06-07,26.671279907226562,27.940000534057617,28.3700008392334,26.229999542236328,27.809999465942383,306800
2022-06-08,22.919736862182617,24.010000228881836,25.899999618530273,22.820999145507812,25.799999237060547,597600
2022-06-09,23.51158332824707,24.6299991607666,25.09000015258789,23.3700008392334,23.3700008392334,491600
2022-06-10,20.437795639038086,21.40999984741211,22.610000610351562,20.889999389648438,22.559999465942383,3206400
2022-06-13,18.509523391723633,19.389999389648438,20.989999771118164,18.420000076293945,20.989999771118164,1418400
2022-06-14,17.32582664489746,18.149999618530273,19.844999313354492,17.739999771118164,19.530000686645508,651400
2022-06-15,18.20405387878418,19.06999969482422,19.260000228881836,17.739999771118164,18.09000015258789,408700
2022-06-16,17.564477920532227,18.399999618530273,18.815000534057617,17.75,18.520000457763672,349600
2022-06-17,18.089502334594727,18.950000762939453,19.399999618530273,18.329999923706055,18.59000015258789,402700
2022-06-21,17.95585823059082,18.809999465942383,19.360000610351562,18.584999084472656,19.209999084472656,279100
2022-06-22,18.2708797454834,19.139999389648438,19.459999084472656,18.719999313354492,18.84000015258789,257300
2022-06-23,17.91767692565918,18.770000457763672,19.6200008392334,18.6200008392334,19.170000076293945,200500
2022-06-24,18.280424118041992,19.149999618530273,20.065000534057617,18.93000030517578,18.93000030517578,1531600
2022-06-27,19.063182830810547,19.969999313354492,20.479999542236328,19.6299991607666,20.3799991607666,447000
2022-06-28,18.786354064941406,19.68000030517578,20.040000915527344,19.270000457763672,20.0,384000
2022-06-29,18.089502334594727,18.950000762939453,19.80500030517578,18.75,19.790000915527344,287200
2022-06-30,18.776809692382812,19.670000076293945,19.690000534057617,18.510000228881836,18.809999465942383,219200
2022-07-01,19.04409408569336,19.950000762939453,20.191999435424805,19.549999237060547,19.75,176000
2022-07-05,19.3686580657959,20.290000915527344,20.309999465942383,18.989999771118164,19.84000015258789,271400
2022-07-06,20.065509796142578,21.020000457763672,21.389999389648438,20.229999542236328,20.639999389648438,854600
2022-07-07,21.153743743896484,22.15999984741211,22.15999984741211,20.950000762939453,20.950000762939453,252000
2022-07-08,21.650127410888672,22.68000030517578,22.760000228881836,21.950000762939453,22.299999237060547,501200
2022-07-11,19.626399993896484,20.559999465942383,22.520000457763672,20.3799991607666,22.489999771118164,180500
2022-07-12,20.008230209350586,20.959999084472656,21.3700008392334,20.610000610351562,20.610000610351562,125500
2022-07-13,19.81730842590332,20.760000228881836,21.229999542236328,20.389999389648438,20.65999984741211,85100
2022-07-14,19.0822811126709,19.989999771118164,20.219999313354492,19.440000534057617,20.1299991607666,167200
2022-07-15,20.361431121826172,21.329999923706055,21.399999618530273,20.1200008392334,20.549999237060547,203000
2022-07-18,20.351884841918945,21.31999969482422,22.03499984741211,21.100000381469727,21.940000534057617,81900
2022-07-19,20.895998001098633,21.889999389648438,22.079999923706055,21.43000030517578,21.43000030517578,92400
2022-07-20,21.24920082092285,22.260000228881836,22.610000610351562,21.81399917602539,21.969999313354492,123500
2022-07-21,21.335111618041992,22.350000381469727,22.3799991607666,21.760000228881836,22.209999084472656,57500
2022-07-22,20.819631576538086,21.809999465942383,22.56999969482422,21.56999969482422,22.56999969482422,77400
2022-07-25,20.981914520263672,21.979999542236328,22.280000686645508,21.708999633789062,21.709999084472656,65400
2022-07-26,21.3732967376709,22.389999389648438,22.459999084472656,21.68000030517578,22.020000457763672,76200
2022-07-27,21.745590209960938,22.780000686645508,22.98699951171875,22.040000915527344,22.450000762939453,152100
2022-07-28,21.965145111083984,23.010000228881836,23.110000610351562,22.329999923706055,22.959999084472656,182000
2022-07-29,22.654844284057617,23.649999618530273,23.774999618530273,22.78499984741211,22.93000030517578,105300
2022-08-01,22.645265579223633,23.639999389648438,23.780000686645508,23.219999313354492,23.520000457763672,98000
2022-08-02,23.143390655517578,24.15999984741211,24.290000915527344,23.43000030517578,23.639999389648438,105300
2022-08-03,23.306232452392578,24.329999923706055,24.6299991607666,24.1200008392334,24.170000076293945,96100
2022-08-04,23.689401626586914,24.729999542236328,24.799999237060547,23.892000198364258,24.280000686645508,168700
2022-08-05,24.541948318481445,25.6200008392334,25.670000076293945,24.260000228881836,24.34000015258789,86600
2022-08-08,25.12628746032715,26.229999542236328,26.68000030517578,25.6200008392334,25.6200008392334,164100
2022-08-09,24.618589401245117,25.700000762939453,26.149999618530273,25.290000915527344,25.950000762939453,128800
2022-08-10,25.461557388305664,26.579999923706055,26.850000381469727,26.17099952697754,26.209999084472656,119300
2022-08-11,25.710617065429688,26.84000015258789,27.170000076293945,26.610000610351562,26.700000762939453,115500
2022-08-12,24.427003860473633,25.5,26.299999237060547,24.1200008392334,26.299999237060547,251600
2022-08-15,24.963441848754883,26.059999465942383,26.06999969482422,25.260000228881836,25.56999969482422,113800
2022-08-16,25.76809310913086,26.899999618530273,27.219999313354492,25.780000686645508,26.06999969482422,95400
2022-08-17,26.160837173461914,27.309999465942383,27.440000534057617,26.34000015258789,26.700000762939453,133300
2022-08-18,25.8447265625,26.979999542236328,27.469999313354492,26.270000457763672,27.059999465942383,129800
2022-08-19,25.394502639770508,26.510000228881836,27.079999923706055,26.350000381469727,26.690000534057617,116900
2022-08-22,24.915544509887695,26.010000228881836,26.809999465942383,25.959999084472656,26.350000381469727,80800
2022-08-23,24.90596580505371,26.0,26.40999984741211,25.610000610351562,26.18000030517578,148800
2022-08-24,25.375343322753906,26.489999771118164,26.700000762939453,25.899999618530273,26.049999237060547,90500
2022-08-25,25.595664978027344,26.719999313354492,27.219999313354492,26.450000762939453,26.700000762939453,116700
2022-08-26,24.743120193481445,25.829999923706055,26.739999771118164,25.780000686645508,26.739999771118164,92100
2022-08-29,24.541948318481445,25.6200008392334,25.889999389648438,25.170000076293945,25.450000762939453,74200
2022-08-30,24.70479965209961,25.790000915527344,25.899999618530273,25.280000686645508,25.799999237060547,150000
2022-08-31,24.427003860473633,25.5,26.270000457763672,25.5,26.270000457763672,77300
2022-09-01,24.09173011779785,25.149999618530273,25.170000076293945,24.360000610351562,25.15999984741211,98800
2022-09-02,23.890565872192383,24.940000534057617,25.790000915527344,24.670000076293945,25.489999771118164,127100
2022-09-06,25.32744789123535,26.440000534057617,27.59000015258789,25.559999465942383,25.8700008392334,230400
2022-09-07,26.5727481842041,27.739999771118164,27.81999969482422,26.43000030517578,26.56999969482422,146500
2022-09-08,26.00757598876953,27.149999618530273,27.90999984741211,26.90999984741211,27.670000076293945,96700
2022-09-09,26.44821548461914,27.610000610351562,27.850000381469727,27.200000762939453,27.40999984741211,111500
2022-09-12,25.978836059570312,27.1200008392334,28.520000457763672,26.6299991607666,28.030000686645508,129300
2022-09-13,25.69146156311035,26.81999969482422,27.389999389648438,25.920000076293945,26.579999923706055,174100
2022-09-14,26.247051239013672,27.399999618530273,27.420000076293945,26.59000015258789,27.0,144300
2022-09-15,25.614824295043945,26.739999771118164,27.7549991607666,26.329999923706055,27.450000762939453,213200
2022-09-16,24.89638328552246,25.989999771118164,26.549999237060547,25.780000686645508,26.389999389648438,750700
2022-09-19,25.12628746032715,26.229999542236328,26.549999237060547,25.5,25.5,134900
2022-09-20,23.61276626586914,24.649999618530273,25.850000381469727,24.6200008392334,25.850000381469727,108200
2022-09-21,23.73729705810547,24.780000686645508,25.81999969482422,24.719999313354492,24.889999389648438,137300
2022-09-22,23.40202522277832,24.43000030517578,24.704999923706055,23.780000686645508,24.56999969482422,148900
2022-09-23,23.0284366607666,24.040000915527344,24.420000076293945,23.5,23.979999542236328,126100
2022-09-26,22.970958709716797,23.979999542236328,24.719999313354492,23.649999618530273,24.079999923706055,97400
2022-09-27,22.894330978393555,23.899999618530273,24.719999313354492,23.735000610351562,24.290000915527344,105700
2022-09-28,23.708560943603516,24.75,24.81999969482422,23.834999084472656,23.889999389648438,131800
2022-09-29,23.248760223388672,24.270000457763672,24.299999237060547,23.829999923706055,24.299999237060547,85700
2022-09-30,23.047597885131836,24.059999465942383,24.905000686645508,23.8700008392334,24.270000457763672,253500
2022-10-03,24.331209182739258,25.399999618530273,25.8700008392334,24.405000686645508,24.540000915527344,142300
2022-10-04,25.14544105529785,26.25,26.700000762939453,25.899999618530273,26.059999465942383,141600
2022-10-05,24.99217414855957,26.09000015258789,26.309999465942383,25.540000915527344,25.690000534057617,66800
2022-10-06,25.24123764038086,26.350000381469727,26.8799991607666,25.770000457763672,25.799999237060547,62700
2022-10-07,24.810169219970703,25.899999618530273,26.014999389648438,25.489999771118164,25.90999984741211,51600
2022-10-10,25.16460418701172,26.270000457763672,26.5,25.540000915527344,25.84000015258789,66900
2022-10-11,25.777673721313477,26.90999984741211,27.200000762939453,25.899999618530273,26.18000030517578,137800
2022-10-12,25.748933792114258,26.8799991607666,27.18000030517578,26.299999237060547,26.93000030517578,98600
2022-10-13,27.204978942871094,28.399999618530273,28.459999084472656,25.969999313354492,26.31999969482422,107700
2022-10-14,25.959678649902344,27.100000381469727,29.20400047302246,27.0,29.110000610351562,104000
2022-10-17,27.185815811157227,28.3799991607666,28.770000457763672,27.780000686645508,27.829999923706055,63900
2022-10-18,26.98465347290039,28.170000076293945,29.270000457763672,27.43000030517578,28.950000762939453,120900
2022-10-19,27.061283111572266,28.25,28.360000610351562,27.489999771118164,27.860000610351562,54100
2022-10-20,27.118759155273438,28.309999465942383,28.954999923706055,27.989999771118164,28.170000076293945,69000
2022-10-21,27.693519592285156,28.90999984741211,29.274999618530273,28.3700008392334,28.639999389648438,119900
2022-10-24,28.268268585205078,29.510000228881836,29.684999465942383,28.670000076293945,29.1200008392334,114900
2022-10-25,27.329509735107422,28.530000686645508,29.71500015258789,28.469999313354492,29.34000015258789,129500
2022-10-26,27.214553833007812,28.40999984741211,28.725000381469727,28.239999771118164,28.68000030517578,102200
2022-10-27,27.272031784057617,28.469999313354492,29.014999389648438,28.270000457763672,28.709999084472656,124800
2022-10-28,28.689754486083984,29.950000762939453,30.229999542236328,28.6200008392334,28.6200008392334,152500
2022-10-31,28.209508895874023,29.3700008392334,30.139999389648438,29.25,29.809999465942383,113100
2022-11-01,29.26604652404785,30.469999313354492,31.3700008392334,29.719999313354492,29.850000381469727,106000
2022-11-02,28.805011749267578,29.989999771118164,30.81999969482422,29.739999771118164,30.459999084472656,87900
2022-11-03,29.10276222229004,30.299999237060547,30.8700008392334,29.389999389648438,29.389999389648438,191500
2022-11-04,28.814620971679688,30.0,31.5,29.551000595092773,30.5,266500
2022-11-07,28.6417293548584,29.81999969482422,30.459999084472656,29.729999542236328,30.459999084472656,94200
2022-11-08,28.094249725341797,29.25,29.940000534057617,28.95199966430664,29.770000457763672,86500
2022-11-09,27.431516647338867,28.559999465942383,29.329999923706055,28.520000457763672,29.239999771118164,62500
2022-11-10,27.30665397644043,28.43000030517578,29.860000610351562,28.15999984741211,29.780000686645508,203600
2022-11-11,28.564891815185547,29.739999771118164,30.020000457763672,29.25,30.0,338300
2022-11-14,28.315162658691406,29.479999542236328,29.979999542236328,29.31999969482422,29.709999084472656,199000
2022-11-15,24.300329208374023,25.299999237060547,26.920000076293945,24.709999084472656,26.520000457763672,739500
2022-11-16,25.155162811279297,26.190000534057617,26.764999389648438,25.25,25.25,252600
2022-11-17,25.347261428833008,26.389999389648438,26.81999969482422,25.950000762939453,25.950000762939453,193500
2022-11-18,24.38677215576172,25.389999389648438,26.979999542236328,25.18000030517578,26.979999542236328,122200
2022-11-21,24.252307891845703,25.25,25.6299991607666,25.040000915527344,25.389999389648438,158500
2022-11-22,24.290721893310547,25.290000915527344,25.645000457763672,24.760000228881836,25.25,145100
2022-11-23,23.95454978942871,24.940000534057617,25.3799991607666,24.799999237060547,25.149999618530273,87300
2022-11-25,24.62689208984375,25.639999389648438,25.65999984741211,24.81999969482422,25.059999465942383,119500
2022-11-28,24.684524536132812,25.700000762939453,25.729999542236328,25.010000228881836,25.450000762939453,156300
2022-11-29,24.329143524169922,25.329999923706055,26.299999237060547,25.270000457763672,25.700000762939453,130000
2022-11-30,24.915037155151367,25.940000534057617,25.959999084472656,25.100000381469727,25.329999923706055,151300
2022-12-01,25.145559310913086,26.18000030517578,26.479999542236328,25.84000015258789,26.100000381469727,94800
2022-12-02,24.991878509521484,26.020000457763672,26.385000228881836,25.75,25.770000457763672,128700
2022-12-05,24.703733444213867,25.719999313354492,25.979999542236328,25.34000015258789,25.979999542236328,138500
2022-12-06,23.8873233795166,24.8700008392334,25.770000457763672,24.760000228881836,25.770000457763672,119900
2022-12-07,22.235279083251953,23.149999618530273,24.829999923706055,22.989999771118164,24.700000762939453,131600
2022-12-08,22.091203689575195,23.0,23.350000381469727,22.5,22.950000762939453,126800
2022-12-09,22.350540161132812,23.270000457763672,23.5,22.719999313354492,22.719999313354492,89800
2022-12-12,21.169139862060547,22.040000915527344,23.100000381469727,21.763999938964844,22.979999542236328,135700
2022-12-13,20.890596389770508,21.75,22.3799991607666,21.309999465942383,22.1299991607666,407300
2022-12-14,21.03466796875,21.899999618530273,22.1200008392334,21.149999618530273,21.520000457763672,287800
2022-12-15,20.900203704833984,21.760000228881836,21.850000381469727,21.344999313354492,21.5,171800
2022-12-16,20.71770668029785,21.56999969482422,21.610000610351562,20.899999618530273,21.479999542236328,269800
2022-12-19,20.573637008666992,21.420000076293945,21.850000381469727,21.200000762939453,21.329999923706055,168800
2022-12-20,20.30470085144043,21.139999389648438,21.600000381469727,21.139999389648438,21.309999465942383,140700
2022-12-21,20.160625457763672,20.989999771118164,21.459999084472656,20.56999969482422,21.459999084472656,119500
2022-12-22,19.584335327148438,20.389999389648438,20.700000762939453,20.15999984741211,20.700000762939453,104800
2022-12-23,19.315397262573242,20.110000610351562,20.55299949645996,20.0,20.040000915527344,164300
2022-12-27,19.046463012695312,19.829999923706055,20.209999084472656,19.549999237060547,20.110000610351562,130300
2022-12-28,18.767919540405273,19.540000915527344,19.979999542236328,19.489999771118164,19.979999542236328,117400
2022-12-29,19.084882736206055,19.8700008392334,19.940000534057617,19.47599983215332,19.690000534057617,106200
2022-12-30,19.34421157836914,20.139999389648438,20.219999313354492,19.649999618530273,19.68000030517578,218200
2023-01-03,19.238563537597656,20.030000686645508,20.270000457763672,19.56999969482422,20.040000915527344,136500
2023-01-04,19.6419677734375,20.450000762939453,20.790000915527344,20.149999618530273,20.309999465942383,199300
2023-01-05,20.07418441772461,20.899999618530273,20.940000534057617,20.224000930786133,20.559999465942383,99900
2023-01-06,20.640869140625,21.489999771118164,21.520000457763672,21.0,21.139999389648438,119100
2023-01-09,20.400747299194336,21.239999771118164,21.860000610351562,21.239999771118164,21.670000076293945,96400
2023-01-10,20.68889808654785,21.540000915527344,21.6299991607666,20.829999923706055,21.110000610351562,86100
2023-01-11,20.823362350463867,21.68000030517578,21.719999313354492,21.270000457763672,21.639999389648438,69000
2023-01-12,21.13071632385254,22.0,22.040000915527344,21.645000457763672,21.729999542236328,57300
2023-01-13,21.09229850769043,21.959999084472656,22.19099998474121,21.860000610351562,21.8700008392334,42900
2023-01-17,20.986648559570312,21.850000381469727,22.110000610351562,21.6299991607666,21.989999771118164,63100
2023-01-18,21.13071632385254,22.0,22.579999923706055,21.825000762939453,22.06999969482422,215200
2023-01-19,20.852176666259766,21.709999084472656,21.975000381469727,21.309999465942383,21.719999313354492,80000
2023-01-20,21.149930953979492,22.020000457763672,22.6299991607666,21.780000686645508,21.850000381469727,103400
2023-01-23,20.909807205200195,21.770000457763672,22.209999084472656,21.479999542236328,22.209999084472656,64600
2023-01-24,21.313213348388672,22.190000534057617,22.25,21.485000610351562,21.920000076293945,54800
2023-01-25,21.543729782104492,22.43000030517578,22.469999313354492,21.8799991607666,21.959999084472656,35700
2023-01-26,21.438079833984375,22.31999969482422,22.670000076293945,22.200000762939453,22.610000610351562,39600
2023-01-27,21.658985137939453,22.549999237060547,22.6299991607666,22.1299991607666,22.219999313354492,37600
2023-01-30,21.447681427001953,22.329999923706055,22.788000106811523,22.329999923706055,22.399999618530273,41800
2023-01-31,21.985553741455078,22.889999389648438,22.899999618530273,22.329999923706055,22.329999923706055,45500
2023-02-01,22.120023727416992,23.030000686645508,23.360000610351562,22.760000228881836,22.799999237060547,57700
2023-02-02,22.332069396972656,23.170000076293945,23.43600082397461,23.0,23.059999465942383,53700
2023-02-03,22.264598846435547,23.100000381469727,23.690000534057617,23.0,23.0,59800
2023-02-06,22.29351043701172,23.1299991607666,23.309999465942383,22.809999465942383,22.8799991607666,53000
2023-02-07,22.52483558654785,23.3700008392334,23.43600082397461,22.888999938964844,23.010000228881836,50500
2023-02-08,22.40917205810547,23.25,23.360000610351562,22.889999389648438,23.200000762939453,44300
2023-02-09,22.177854537963867,23.010000228881836,23.459999084472656,22.90999984741211,23.40999984741211,43600
2023-02-10,22.43808937072754,23.280000686645508,23.420000076293945,22.790000915527344,22.899999618530273,50700
2023-02-13,22.515195846557617,23.360000610351562,23.459999084472656,22.950000762939453,23.229999542236328,46400
2023-02-14,22.582664489746094,23.43000030517578,23.770000457763672,23.209999084472656,23.209999084472656,39200
2023-02-15,22.79470443725586,23.649999618530273,23.940000534057617,23.219999313354492,23.290000915527344,67100
2023-02-16,22.3898983001709,23.229999542236328,23.700000762939453,23.229999542236328,23.360000610351562,41800
2023-02-17,22.900728225708008,23.760000228881836,23.969999313354492,23.195999145507812,23.309999465942383,47100
2023-02-21,21.936891555786133,22.760000228881836,23.799999237060547,22.610000610351562,23.670000076293945,60800
2023-02-22,22.1585750579834,22.989999771118164,23.3799991607666,22.773000717163086,22.829999923706055,44900
2023-02-23,22.303152084350586,23.139999389648438,23.459999084472656,22.56999969482422,23.18000030517578,128200
2023-02-24,20.982696533203125,21.770000457763672,22.84000015258789,21.100000381469727,22.84000015258789,171100
2023-02-27,20.944143295288086,21.729999542236328,22.770000457763672,21.709999084472656,21.950000762939453,56200
2023-02-28,20.703182220458984,21.479999542236328,21.75,21.219999313354492,21.600000381469727,97000
2023-03-01,21.069442749023438,21.860000610351562,21.90999984741211,21.375,21.520000457763672,51300
2023-03-02,20.963420867919922,21.75,21.989999771118164,21.639999389648438,21.639999389648438,28000
2023-03-03,21.416423797607422,22.219999313354492,22.459999084472656,21.860000610351562,21.860000610351562,41600
2023-03-06,21.445337295532227,22.25,22.760000228881836,22.040000915527344,22.389999389648438,63200
2023-03-07,21.059804916381836,21.850000381469727,22.399999618530273,21.739999771118164,22.260000228881836,42300
2023-03-08,21.030885696411133,21.81999969482422,22.010000228881836,21.469999313354492,21.950000762939453,41800
2023-03-09,20.982696533203125,21.770000457763672,22.139999389648438,21.639999389648438,21.93000030517578,61700
2023-03-10,20.1248836517334,20.8799991607666,21.68000030517578,20.760000228881836,21.68000030517578,49400
2023-03-13,19.78754425048828,20.530000686645508,20.75,20.18600082397461,20.6200008392334,61100
2023-03-14,19.700796127319336,20.440000534057617,21.15999984741211,20.1299991607666,20.959999084472656,84900
2023-03-15,18.968276977539062,19.68000030517578,20.0,18.889999389648438,19.90999984741211,129700
2023-03-16,18.264680862426758,18.950000762939453,19.190000534057617,16.579999923706055,19.18000030517578,278100
2023-03-17,18.3321533203125,19.020000457763672,19.489999771118164,18.280000686645508,18.860000610351562,337600
2023-03-20,18.139381408691406,18.81999969482422,19.280000686645508,18.6299991607666,19.110000610351562,154200
2023-03-21,18.31287384033203,19.0,19.415000915527344,18.920000076293945,19.110000610351562,118100
2023-03-22,17.985166549682617,18.65999984741211,19.014999389648438,18.600000381469727,19.0,85600
2023-03-23,17.715293884277344,18.3799991607666,18.739999771118164,18.309999465942383,18.729999542236328,112900
2023-03-24,18.139381408691406,18.81999969482422,18.8700008392334,18.209999084472656,18.209999084472656,109400
2023-03-27,18.929725646972656,19.639999389648438,19.75,18.8799991607666,18.989999771118164,249000
2023-03-28,19.074304580688477,19.790000915527344,19.920000076293945,19.520000457763672,19.540000915527344,65700
2023-03-29,19.575496673583984,20.309999465942383,20.393999099731445,19.739999771118164,19.969999313354492,69900
2023-03-30,20.095964431762695,20.850000381469727,20.950000762939453,20.450000762939453,20.489999771118164,62700
2023-03-31,20.76101303100586,21.540000915527344,21.559999465942383,20.81999969482422,21.0,88500
2023-04-03,20.732099533081055,21.510000228881836,21.59000015258789,20.90999984741211,21.559999465942383,118000
2023-04-04,20.404399871826172,21.170000076293945,21.489999771118164,20.860000610351562,21.489999771118164,64400
2023-04-05,20.29837417602539,21.059999465942383,21.25,20.950000762939453,20.950000762939453,58500
2023-04-06,20.52005958557129,21.290000915527344,21.389999389648438,20.815000534057617,21.079999923706055,43900
2023-04-10,20.693546295166016,21.469999313354492,21.530000686645508,21.059999465942383,21.059999465942383,47800
2023-04-11,21.01161003112793,21.799999237060547,21.850000381469727,21.40999984741211,21.600000381469727,66800
2023-04-12,21.387510299682617,22.190000534057617,22.549999237060547,21.94499969482422,22.010000228881836,67700
2023-04-13,21.560997009277344,22.3700008392334,22.520000457763672,22.149999618530273,22.200000762939453,53300
2023-04-14,21.541725158691406,22.350000381469727,22.5,22.209999084472656,22.209999084472656,48700
2023-04-17,21.657379150390625,22.469999313354492,22.5,22.270000457763672,22.270000457763672,37800
2023-04-18,21.580276489257812,22.389999389648438,22.575000762939453,22.100000381469727,22.520000457763672,66400
2023-04-19,21.406782150268555,22.209999084472656,22.530000686645508,22.010000228881836,22.15999984741211,42300
2023-04-20,21.079078674316406,21.8700008392334,22.264999389648438,21.68000030517578,22.239999771118164,42100
2023-04-21,20.91522789001465,21.700000762939453,22.040000915527344,21.559999465942383,22.040000915527344,56300
2023-04-24,21.165822982788086,21.959999084472656,21.969999313354492,21.540000915527344,21.709999084472656,46400
2023-04-25,20.1441593170166,20.899999618530273,22.0,20.719999313354492,21.709999084472656,57300
2023-04-26,20.04777717590332,20.799999237060547,20.84000015258789,20.510000228881836,20.68000030517578,42600
2023-04-27,20.086332321166992,20.84000015258789,21.405000686645508,20.760000228881836,20.860000610351562,45600
2023-04-28,20.29837417602539,21.059999465942383,21.329999923706055,20.780000686645508,20.780000686645508,44700
2023-05-01,20.53933334350586,21.309999465942383,21.56999969482422,21.0,21.0,26800
2023-05-02,20.095964431762695,20.850000381469727,21.360000610351562,20.56999969482422,21.360000610351562,46800
2023-05-03,20.1441593170166,20.899999618530273,21.459999084472656,20.84000015258789,20.860000610351562,40900
2023-05-04,19.650714874267578,20.309999465942383,20.68000030517578,20.200000762939453,20.68000030517578,34700
2023-05-05,20.279613494873047,20.959999084472656,21.09000015258789,20.579999923706055,20.579999923706055,32200
2023-05-08,20.076431274414062,20.75,21.15999984741211,20.3799991607666,20.889999389648438,169700
2023-05-09,20.269939422607422,20.950000762939453,21.209999084472656,20.540000915527344,20.610000610351562,51300
2023-05-10,20.618255615234375,21.309999465942383,21.989999771118164,20.920000076293945,21.989999771118164,38900
2023-05-11,20.50214958190918,21.190000534057617,21.219999313354492,20.510000228881836,21.219999313354492,76700
2023-05-12,20.627925872802734,21.31999969482422,21.520000457763672,21.190000534057617,21.389999389648438,36800
2023-05-15,20.89884376525879,21.600000381469727,21.690000534057617,21.229999542236328,21.299999237060547,58800
2023-05-16,20.927867889404297,21.6299991607666,21.889999389648438,21.364999771118164,21.450000762939453,45500
2023-05-17,21.22780418395996,21.940000534057617,22.360000610351562,21.655000686645508,21.790000915527344,317000
2023-05-18,21.48903465270996,22.209999084472656,22.270000457763672,21.719999313354492,21.969999313354492,53700
2023-05-19,21.721250534057617,22.450000762939453,22.969999313354492,22.22599983215332,22.440000534057617,53600
2023-05-22,21.721250534057617,22.450000762939453,22.895000457763672,22.280000686645508,22.510000228881836,46200
2023-05-23,21.363258361816406,22.079999923706055,22.51799964904785,22.049999237060547,22.34000015258789,52600
2023-05-24,20.5892276763916,21.280000686645508,21.959999084472656,21.170000076293945,21.959999084472656,48300
2023-05-25,20.31831932067871,21.0,21.190000534057617,20.8700008392334,21.170000076293945,39000
2023-05-26,20.453773498535156,21.139999389648438,21.200000762939453,20.860000610351562,20.979999542236328,38400
2023-05-30,20.06675910949707,20.739999771118164,21.209999084472656,20.610000610351562,21.18000030517578,56100
2023-05-31,20.22156524658203,20.899999618530273,20.899999618530273,20.614999771118164,20.719999313354492,127200
2023-06-01,20.482799530029297,21.170000076293945,21.43000030517578,20.899999618530273,20.969999313354492,35300
2023-06-02,21.42131233215332,22.139999389648438,22.290000915527344,21.479999542236328,21.540000915527344,59300
2023-06-05,21.05364418029785,21.760000228881836,21.993999481201172,21.6200008392334,21.950000762939453,40400
2023-06-06,18.760578155517578,19.389999389648438,20.18000030517578,19.1299991607666,19.229999542236328,912600
2023-06-07,19.505584716796875,20.15999984741211,20.34000015258789,19.420000076293945,19.56999969482422,241000
2023-06-08,19.35077667236328,20.0,20.350000381469727,19.709999084472656,19.90999984741211,121500
2023-06-09,19.41850471496582,20.06999969482422,20.15999984741211,19.799999237060547,20.040000915527344,79600
2023-06-12,19.42818260192871,20.079999923706055,20.235000610351562,19.899999618530273,20.010000228881836,128700
2023-06-13,19.486230850219727,20.139999389648438,20.479999542236328,20.100000381469727,20.360000610351562,82400
2023-06-14,19.35077667236328,20.0,20.280000686645508,19.65999984741211,20.1299991607666,78200
2023-06-15,19.466882705688477,20.1200008392334,20.15999984741211,19.760000228881836,20.0,59900
2023-06-16,20.22156524658203,20.899999618530273,20.93000030517578,20.155000686645508,20.350000381469727,250700
2023-06-20,19.911949157714844,20.579999923706055,20.889999389648438,20.44499969482422,20.8700008392334,67200
2023-06-21,19.87325096130371,20.540000915527344,20.780000686645508,20.440000534057617,20.520000457763672,118200
2023-06-22,20.028057098388672,20.700000762939453,20.760000228881836,20.3799991607666,20.520000457763672,51800
2023-06-23,19.728118896484375,20.389999389648438,20.649999618530273,20.31999969482422,20.469999313354492,172200
2023-06-26,20.87948989868164,21.579999923706055,21.959999084472656,20.673999786376953,20.790000915527344,134600
2023-06-27,22.02118492126465,22.760000228881836,22.790000915527344,21.3799991607666,21.559999465942383,130700
2023-06-28,21.382610321044922,22.100000381469727,23.170000076293945,22.06999969482422,22.829999923706055,100400
2023-06-29,21.440662384033203,22.15999984741211,22.5049991607666,22.1200008392334,22.18000030517578,110000
2023-06-30,21.09234619140625,21.799999237060547,22.3799991607666,21.760000228881836,22.34000015258789,104300
2023-07-03,21.34390640258789,22.059999465942383,22.079999923706055,21.815000534057617,21.84000015258789,53300
2023-07-05,21.072996139526367,21.780000686645508,22.15999984741211,21.735000610351562,21.989999771118164,77900
2023-07-06,21.247154235839844,21.959999084472656,22.030000686645508,21.420000076293945,21.739999771118164,76600
2023-07-07,21.314882278442383,22.030000686645508,22.295000076293945,22.0,22.0,47400
2023-07-10,21.314882278442383,22.030000686645508,22.309999465942383,21.989999771118164,22.059999465942383,36000
2023-07-11,21.140724182128906,21.850000381469727,22.1200008392334,21.760000228881836,22.09000015258789,40000
2023-07-12,21.150400161743164,21.860000610351562,22.1200008392334,21.809999465942383,22.010000228881836,48400
2023-07-13,21.324556350708008,22.040000915527344,22.43000030517578,21.7549991607666,21.84000015258789,34200
2023-07-14,21.498714447021484,22.219999313354492,22.364999771118164,21.698999404907227,22.209999084472656,44900
2023-07-17,22.069561004638672,22.809999465942383,23.0,22.139999389648438,22.139999389648438,63500
2023-07-18,22.0018310546875,22.739999771118164,23.110000610351562,22.489999771118164,22.729999542236328,47400
2023-07-19,22.030860900878906,22.770000457763672,22.899999618530273,22.4950008392334,22.719999313354492,55500
2023-07-20,22.146963119506836,22.889999389648438,22.979999542236328,22.559999465942383,22.739999771118164,42800
2023-07-21,22.117938995361328,22.860000610351562,23.040000915527344,22.799999237060547,23.040000915527344,42700
2023-07-24,22.156644821166992,22.899999618530273,23.0,22.69499969482422,22.729999542236328,37000
2023-07-25,22.146963119506836,22.889999389648438,23.024999618530273,22.562999725341797,22.799999237060547,44200
2023-07-26,22.17599105834961,22.920000076293945,23.09000015258789,22.780000686645508,22.889999389648438,50100
2023-07-27,22.504953384399414,23.260000228881836,23.40999984741211,22.920000076293945,22.93000030517578,56900
2023-07-28,22.408201217651367,23.15999984741211,23.709999084472656,23.139999389648438,23.450000762939453,49100
2023-07-31,22.514633178710938,23.270000457763672,23.45599937438965,22.920000076293945,23.219999313354492,68200
2023-08-01,22.57268524169922,23.329999923706055,23.360000610351562,22.75,23.229999542236328,58200
2023-08-02,22.83391761779785,23.600000381469727,23.809999465942383,23.219999313354492,23.219999313354492,57800
2023-08-03,22.61063003540039,23.290000915527344,23.489999771118164,22.725000381469727,23.459999084472656,41200
2023-08-04,22.62033462524414,23.299999237060547,23.75,23.290000915527344,23.420000076293945,29500
2023-08-07,22.88245964050293,23.56999969482422,23.68000030517578,23.31999969482422,23.450000762939453,35500
2023-08-08,22.66887855529785,23.350000381469727,23.65999984741211,23.170000076293945,23.280000686645508,50900
2023-08-09,24.833826065063477,25.579999923706055,26.959999084472656,24.719999313354492,24.979999542236328,204100
2023-08-10,25.251283645629883,26.010000228881836,26.459999084472656,25.75,25.75,104400
2023-08-11,24.59111785888672,25.329999923706055,26.049999237060547,24.950000762939453,25.75,284000
2023-08-14,24.4552059173584,25.190000534057617,25.690000534057617,25.110000610351562,25.219999313354492,110000
2023-08-15,24.261035919189453,24.989999771118164,25.334999084472656,24.850000381469727,25.190000534057617,84600
2023-08-16,24.086288452148438,24.809999465942383,25.09000015258789,24.809999465942383,25.0,66600
2023-08-17,23.94066619873047,24.65999984741211,24.944000244140625,24.489999771118164,24.809999465942383,57900
2023-08-18,23.736787796020508,24.450000762939453,24.716999053955078,24.190000534057617,24.43000030517578,46700
2023-08-21,23.853286743164062,24.56999969482422,24.75,23.850000381469727,24.399999618530273,116400
2023-08-22,24.2707462310791,25.0,25.18000030517578,24.329999923706055,24.770000457763672,133700
2023-08-23,24.193078994750977,24.920000076293945,25.5,24.84000015258789,25.06999969482422,190100
2023-08-24,23.921245574951172,24.639999389648438,24.719999313354492,24.316999435424805,24.719999313354492,75900
2023-08-25,24.144540786743164,24.8700008392334,25.049999237060547,24.639999389648438,24.639999389648438,37300
2023-08-28,24.59111785888672,25.329999923706055,25.489999771118164,24.742000579833984,24.850000381469727,115300
2023-08-29,24.80470085144043,25.549999237060547,25.639999389648438,25.2549991607666,25.270000457763672,42300
2023-08-30,25.299827575683594,26.059999465942383,26.059999465942383,25.549999237060547,25.549999237060547,98100
2023-08-31,25.649322509765625,26.420000076293945,26.520000457763672,25.940000534057617,26.1299991607666,119300
2023-09-01,25.26099395751953,26.020000457763672,26.450000762939453,25.93000030517578,26.450000762939453,210400
2023-09-05,25.11536979675293,25.8700008392334,26.100000381469727,25.3799991607666,25.950000762939453,86100
2023-09-06,25.018287658691406,25.770000457763672,26.114999771118164,25.649999618530273,25.84000015258789,59100
2023-09-07,25.193035125732422,25.950000762939453,26.16200065612793,25.559999465942383,25.84000015258789,87400
2023-09-08,25.027996063232422,25.780000686645508,26.030000686645508,25.690000534057617,25.770000457763672,60800
2023-09-11,24.80470085144043,25.549999237060547,25.8700008392334,25.524999618530273,25.8700008392334,88900
2023-09-12,24.5814151763916,25.31999969482422,25.719999313354492,25.219999313354492,25.450000762939453,64200
2023-09-13,24.814409255981445,25.559999465942383,25.829999923706055,25.149999618530273,25.280000686645508,110900
2023-09-14,25.008577346801758,25.760000228881836,26.0,25.34000015258789,25.56999969482422,76600
2023-09-15,24.969745635986328,25.719999313354492,26.059999465942383,25.479999542236328,25.75,388300
2023-09-18,24.969745635986328,25.719999313354492,26.024999618530273,25.329999923706055,25.610000610351562,109300
2023-09-19,25.105661392211914,25.860000610351562,26.010000228881836,25.670000076293945,25.809999465942383,49400
2023-09-20,25.193035125732422,25.950000762939453,26.524999618530273,25.950000762939453,25.969999313354492,126000
2023-09-21,25.15420150756836,25.90999984741211,26.209999084472656,25.709999084472656,25.790000915527344,70200
2023-09-22,25.2415771484375,26.0,26.208999633789062,25.65999984741211,25.850000381469727,60300
2023-09-25,25.92115592956543,26.700000762939453,27.0,25.90999984741211,25.90999984741211,136600
2023-09-26,25.426036834716797,26.190000534057617,26.75,26.149999618530273,26.469999313354492,89400
2023-09-27,25.474576950073242,26.239999771118164,26.59000015258789,26.15999984741211,26.190000534057617,123500
2023-09-28,25.610490798950195,26.3799991607666,26.725000381469727,26.079999923706055,26.290000915527344,84800
2023-09-29,25.872617721557617,26.649999618530273,26.690000534057617,26.350000381469727,26.479999542236328,185800
2023-10-02,25.639616012573242,26.40999984741211,27.09000015258789,26.209999084472656,26.510000228881836,130900
2023-10-03,25.765825271606445,26.540000915527344,26.709999084472656,26.1299991607666,26.200000762939453,110000
2023-10-04,26.037656784057617,26.81999969482422,27.190000534057617,26.440000534057617,26.440000534057617,88000
2023-10-05,26.057071685791016,26.84000015258789,27.149999618530273,26.719999313354492,26.8799991607666,67900
2023-10-06,26.523069381713867,27.31999969482422,27.6200008392334,26.420000076293945,26.420000076293945,122200
2023-10-09,27.57156753540039,28.399999618530273,28.40999984741211,27.079999923706055,27.31999969482422,172000
2023-10-10,26.81432342529297,27.6200008392334,28.780000686645508,27.6200008392334,28.780000686645508,108100
2023-10-11,27.270612716674805,28.09000015258789,28.18000030517578,27.6200008392334,27.6200008392334,82300
2023-10-12,27.05702781677246,27.8700008392334,28.420000076293945,27.850000381469727,28.1200008392334,101100
2023-10-13,26.853153228759766,27.65999984741211,27.8700008392334,27.239999771118164,27.8700008392334,92200
2023-10-16,26.629859924316406,27.43000030517578,28.350000381469727,27.360000610351562,28.020000457763672,82200
2023-10-17,26.833736419677734,27.639999389648438,27.829999923706055,27.350000381469727,27.350000381469727,88400
2023-10-18,26.72694206237793,27.530000686645508,28.010000228881836,27.399999618530273,27.5,52900
2023-10-19,26.7075252532959,27.510000228881836,27.899999618530273,27.34000015258789,27.389999389648438,67900
2023-10-20,27.280317306518555,28.100000381469727,29.610000610351562,27.582000732421875,27.6200008392334,233200
2023-10-23,27.047321319580078,27.860000610351562,28.375,27.540000915527344,28.100000381469727,84600
2023-10-24,26.89198875427246,27.700000762939453,28.389999389648438,27.670000076293945,28.059999465942383,64200
2023-10-25,27.367691040039062,28.190000534057617,28.260000228881836,27.770000457763672,27.790000915527344,146900
2023-10-26,27.299739837646484,28.1200008392334,28.489999771118164,27.969999313354492,28.18000030517578,78400
2023-10-27,26.969654083251953,27.780000686645508,28.03499984741211,27.344999313354492,27.989999771118164,83900
2023-10-30,26.89198875427246,27.700000762939453,28.25,27.690000534057617,27.760000228881836,85600
2023-10-31,27.231775283813477,28.049999237060547,28.15999984741211,27.594999313354492,27.68000030517578,74000
2023-11-01,27.82398223876953,28.65999984741211,28.700000762939453,27.84000015258789,27.959999084472656,147100
2023-11-02,27.512447357177734,28.260000228881836,28.75,28.0,28.489999771118164,119000
2023-11-03,27.84345245361328,28.600000381469727,28.81999969482422,28.219999313354492,28.530000686645508,125700
2023-11-06,27.80451202392578,28.559999465942383,28.579999923706055,27.989999771118164,28.549999237060547,90900
2023-11-07,28.077104568481445,28.84000015258789,29.030000686645508,28.239999771118164,28.40999984741211,92900
2023-11-08,27.6682186126709,28.420000076293945,29.510000228881836,28.135000228881836,29.229999542236328,158300
2023-11-09,29.85869598388672,30.670000076293945,31.020000457763672,28.458999633789062,30.100000381469727,372200
2023-11-10,29.994993209838867,30.809999465942383,31.360000610351562,29.950000762939453,30.969999313354492,177200
2023-11-13,31.445579528808594,32.29999923706055,32.43000030517578,30.6200008392334,31.149999618530273,321200
2023-11-14,31.38716697692871,32.2400016784668,32.58000183105469,31.860000610351562,32.31999969482422,238300
2023-11-15,31.31901741027832,32.16999816894531,32.20000076293945,31.68000030517578,32.20000076293945,269300
2023-11-16,30.949071884155273,31.790000915527344,32.4900016784668,31.75,32.25,125100
2023-11-17,31.134044647216797,31.979999542236328,32.2400016784668,31.834999084472656,31.90999984741211,111400
2023-11-20,31.153514862060547,32.0,32.33000183105469,31.823999404907227,32.0,121900
2023-11-21,30.54018211364746,31.3700008392334,32.09000015258789,31.260000228881836,32.09000015258789,122500
2023-11-22,31.153514862060547,32.0,32.220001220703125,31.454999923706055,31.469999313354492,164000
2023-11-24,30.96854019165039,31.809999465942383,32.119998931884766,31.760000228881836,31.899999618530273,75100
2023-11-27,31.81553077697754,32.68000030517578,32.845001220703125,31.6200008392334,31.899999618530273,328000
2023-11-28,31.299549102783203,32.150001525878906,33.18000030517578,32.0,33.0,166800
2023-11-29,31.465051651000977,32.31999969482422,32.95000076293945,32.130001068115234,32.5,215500
2023-11-30,31.348224639892578,32.20000076293945,32.7400016784668,32.060001373291016,32.27000045776367,181700
2023-12-01,31.8447322845459,32.709999084472656,32.7400016784668,31.940000534057617,32.08000183105469,236100
2023-12-04,32.24388885498047,33.119998931884766,33.52000045776367,32.29999923706055,32.65999984741211,483300
2023-12-05,32.32176971435547,33.20000076293945,33.619998931884766,32.72999954223633,33.099998474121094,272900
2023-12-06,31.64028549194336,32.5,33.36000061035156,32.38999938964844,33.29999923706055,147800
2023-12-07,31.659757614135742,32.52000045776367,32.650001525878906,32.060001373291016,32.630001068115234,184200
2023-12-08,31.33848762512207,32.189998626708984,32.68000030517578,31.8799991607666,32.459999084472656,155900
2023-12-11,31.503995895385742,32.36000061035156,32.970001220703125,32.15999984741211,32.88999938964844,249800
2023-12-12,31.513729095458984,32.369998931884766,32.45000076293945,31.770000457763672,32.400001525878906,193500
2023-12-13,31.98102378845215,32.849998474121094,32.970001220703125,31.81999969482422,32.130001068115234,327500
2023-12-14,30.60832977294922,31.440000534057617,33.56999969482422,30.940000534057617,33.0,369100
2023-12-15,31.02695655822754,31.8700008392334,32.709999084472656,31.715999603271484,31.84000015258789,1394400
2023-12-18,31.250869750976562,32.099998474121094,32.25,31.167999267578125,31.989999771118164,151500
2023-12-19,31.182722091674805,32.029998779296875,32.66999816894531,31.8799991607666,32.25,148700
2023-12-20,30.99774932861328,31.84000015258789,32.369998931884766,31.770000457763672,32.0,154200
2023-12-21,31.134044647216797,31.979999542236328,32.060001373291016,31.600000381469727,32.060001373291016,91000
2023-12-22,31.533201217651367,32.38999938964844,32.54999923706055,32.0099983215332,32.099998474121094,196300
2023-12-26,31.873943328857422,32.7400016784668,33.0099983215332,32.43000030517578,32.45000076293945,171300
2023-12-27,31.659757614135742,32.52000045776367,32.97999954223633,32.41999816894531,32.84000015258789,169400
2023-12-28,32.19520950317383,33.06999969482422,33.09000015258789,32.54999923706055,32.54999923706055,177300
2023-12-29,32.01996994018555,32.88999938964844,33.2599983215332,32.685001373291016,33.2599983215332,140000
2024-01-02,31.47478675842285,32.33000183105469,33.279998779296875,32.01499938964844,33.060001373291016,135300
2024-01-03,30.695947647094727,31.530000686645508,32.5,31.469999313354492,32.5,118900
2024-01-04,30.7056827545166,31.540000915527344,32.0099983215332,31.1200008392334,31.489999771118164,156200
2024-01-05,30.520708084106445,31.350000381469727,31.81999969482422,31.125,31.600000381469727,120400
2024-01-08,30.773832321166992,31.610000610351562,31.649999618530273,31.18000030517578,31.389999389648438,96800
2024-01-09,30.7056827545166,31.540000915527344,31.690000534057617,31.350000381469727,31.43000030517578,94000
2024-01-10,31.679235458374023,32.540000915527344,32.540000915527344,31.540000915527344,31.59000015258789,157300
2024-01-11,33.02272033691406,33.91999816894531,33.95000076293945,32.66999816894531,32.75,252200
2024-01-12,33.032466888427734,33.93000030517578,34.709999084472656,33.845001220703125,34.65999984741211,218000
2024-01-16,31.747377395629883,32.61000061035156,34.54999923706055,32.54999923706055,34.099998474121094,219000
2024-01-17,31.737640380859375,32.599998474121094,32.900001525878906,32.34000015258789,32.560001373291016,99500
2024-01-18,32.46780014038086,33.349998474121094,33.5,32.393001556396484,32.52000045776367,131500
2024-01-19,32.77933883666992,33.66999816894531,33.939998626708984,33.18000030517578,33.5,151600
2024-01-22,32.02970886230469,32.900001525878906,32.97999954223633,31.420000076293945,32.849998474121094,267300
2024-01-23,31.79605484008789,32.65999984741211,33.150001525878906,32.09000015258789,33.150001525878906,123000
2024-01-24,32.15626907348633,33.029998779296875,33.470001220703125,32.7400016784668,33.470001220703125,165700
2024-01-25,32.86695861816406,33.7599983215332,33.779998779296875,33.130001068115234,33.13999938964844,129100
2024-01-26,32.9935188293457,33.88999938964844,34.279998779296875,33.77000045776367,33.97999954223633,102900
2024-01-29,32.74039840698242,33.630001068115234,34.02000045776367,33.470001220703125,33.900001525878906,131100
2024-01-30,33.64580154418945,34.560001373291016,34.6150016784668,33.4900016784668,33.900001525878906,167200
2024-01-31,33.09087371826172,33.9900016784668,34.720001220703125,33.86000061035156,34.560001373291016,181600
2024-02-01,34.133323669433594,34.970001220703125,34.970001220703125,33.83000183105469,33.97999954223633,123000
2024-02-02,33.9478645324707,34.779998779296875,35.099998474121094,34.400001525878906,34.84000015258789,126400
2024-02-05,33.60624694824219,34.43000030517578,34.810001373291016,33.91999816894531,34.689998626708984,118300
2024-02-06,33.71360778808594,34.540000915527344,34.86000061035156,34.39500045776367,34.5099983215332,86200
2024-02-07,33.8990592956543,34.72999954223633,35.470001220703125,34.59000015258789,34.79999923706055,188800
2024-02-08,33.76240921020508,34.59000015258789,34.98099899291992,34.22999954223633,34.900001525878906,160200
2024-02-09,34.4163818359375,35.2599983215332,35.400001525878906,34.54999923706055,34.86000061035156,231700
2024-02-12,34.611595153808594,35.459999084472656,35.61000061035156,34.9900016784668,35.2599983215332,127100
2024-02-13,33.77217102050781,34.599998474121094,35.150001525878906,34.279998779296875,35.150001525878906,129600
2024-02-14,34.46518325805664,35.310001373291016,35.31999969482422,34.56999969482422,34.90999984741211,114600
2024-02-15,34.572547912597656,35.41999816894531,35.86000061035156,35.20000076293945,35.310001373291016,208700
2024-02-16,34.15283966064453,34.9900016784668,35.779998779296875,34.77000045776367,35.650001525878906,125700
2024-02-20,34.27973175048828,35.119998931884766,35.435001373291016,34.93000030517578,35.0,153800
2024-02-21,34.67992401123047,35.529998779296875,36.060001373291016,35.22999954223633,35.47999954223633,208400
2024-02-22,35.031314849853516,35.88999938964844,35.900001525878906,35.11000061035156,35.619998931884766,128100
2024-02-23,35.4022216796875,36.27000045776367,36.38999938964844,35.84000015258789,35.970001220703125,181500
2024-02-26,35.48030090332031,36.349998474121094,36.66999816894531,36.119998931884766,36.2599983215332,113200
2024-02-27,35.68528366088867,36.560001373291016,36.77000045776367,36.1349983215332,36.33000183105469,142800
2024-02-28,35.00202941894531,35.86000061035156,36.5,35.72999954223633,36.380001068115234,169000
2024-02-29,35.070350646972656,35.93000030517578,36.36000061035156,35.665000915527344,36.18000030517578,285300
2024-03-01,34.9044189453125,35.7599983215332,36.0,35.25,35.93000030517578,231100
2024-03-04,36.12451171875,37.0099983215332,37.400001525878906,35.500999450683594,35.61000061035156,255500
2024-03-05,36.09523391723633,36.97999954223633,37.95000076293945,36.645999908447266,36.95000076293945,402300
2024-03-06,36.21236038208008,37.099998474121094,38.849998474121094,34.38999938964844,38.849998474121094,600500
2024-03-07,37.471492767333984,38.38999938964844,38.650001525878906,37.2400016784668,37.43000030517578,391400
2024-03-08,37.53982162475586,38.459999084472656,39.29999923706055,37.810001373291016,38.7400016784668,323400
2024-03-11,37.120113372802734,38.029998779296875,38.5,37.439998626708984,38.5,277200
2024-03-12,38.252357482910156,39.189998626708984,39.290000915527344,37.83000183105469,38.029998779296875,218300
2024-03-13,38.5451774597168,39.4900016784668,39.80500030517578,39.150001525878906,39.599998474121094,197000
2024-03-14,34.74824523925781,35.599998474121094,38.189998626708984,35.36000061035156,38.189998626708984,765300
2024-03-15,33.9478645324707,34.779998779296875,35.43000030517578,34.5,35.36000061035156,1795000
2024-03-18,33.83074188232422,34.65999984741211,35.165000915527344,34.5,35.060001373291016,261500
2024-03-19,34.27973175048828,35.119998931884766,35.130001068115234,34.5,34.540000915527344,334900
2024-03-20,34.17236328125,35.0099983215332,35.38999938964844,34.23500061035156,34.7400016784668,334500
2024-03-21,34.15283966064453,34.9900016784668,35.685001373291016,34.599998474121094,35.15999984741211,387200
2024-03-22,33.78193283081055,34.61000061035156,35.279998779296875,34.599998474121094,34.939998626708984,224500
2024-03-25,33.86978530883789,34.70000076293945,35.0,34.474998474121094,34.72999954223633,240900
2024-03-26,34.777530670166016,35.630001068115234,35.970001220703125,35.005001068115234,35.47999954223633,446500
2024-03-27,34.953224182128906,35.810001373291016,36.525001525878906,35.79999923706055,35.880001068115234,585100
2024-03-28,35.33389663696289,36.20000076293945,36.2599983215332,35.6349983215332,35.810001373291016,267400
2024-04-01,35.216766357421875,36.08000183105469,36.40999984741211,35.880001068115234,36.40999984741211,314800
2024-04-02,34.777530670166016,35.630001068115234,36.18000030517578,35.31999969482422,35.880001068115234,183100
2024-04-03,34.9141845703125,35.77000045776367,36.09000015258789,35.38999938964844,35.52000045776367,289400
2024-04-04,35.060585021972656,35.91999816894531,36.630001068115234,35.584999084472656,35.970001220703125,306300
2024-04-05,35.75360870361328,36.630001068115234,36.720001220703125,35.91999816894531,35.91999816894531,268400
2024-04-08,35.05083465576172,35.90999984741211,37.09000015258789,35.72100067138672,36.650001525878906,719900
2024-04-09,33.08892822265625,33.900001525878906,36.220001220703125,33.869998931884766,36.0,514000
2024-04-10,32.98155212402344,33.790000915527344,34.400001525878906,32.7599983215332,33.5,408400
2024-04-11,33.362220764160156,34.18000030517578,34.630001068115234,33.792999267578125,33.84000015258789,266900
2024-04-12,32.77657699584961,33.58000183105469,34.36000061035156,33.38999938964844,34.040000915527344,315400
2024-04-15,32.74729537963867,33.54999923706055,34.13999938964844,33.130001068115234,33.97999954223633,297100
2024-04-16,32.757057189941406,33.560001373291016,33.75,32.939998626708984,33.279998779296875,151500
2024-04-17,32.30805969238281,33.099998474121094,34.06999969482422,33.0099983215332,33.9900016784668,123000
2024-04-18,32.181175231933594,32.970001220703125,33.779998779296875,32.75,33.099998474121094,214900
2024-04-19,32.07380676269531,32.86000061035156,33.30500030517578,32.68000030517578,33.099998474121094,148100
2024-04-22,32.41542434692383,33.209999084472656,33.40999984741211,32.810001373291016,33.08000183105469,266900
2024-04-23,32.600887298583984,33.400001525878906,33.70000076293945,33.119998931884766,33.380001068115234,144600
2024-04-24,32.63017272949219,33.43000030517578,33.599998474121094,33.09000015258789,33.400001525878906,208400
2024-04-25,32.30805969238281,33.099998474121094,33.209999084472656,32.41999816894531,33.209999084472656,293300
2024-04-26,32.32758331298828,33.119998931884766,33.41699981689453,32.98500061035156,33.11000061035156,113500
2024-04-29,33.09868240356445,33.90999984741211,33.970001220703125,32.91999816894531,33.27000045776367,229400
2024-04-30,32.55207824707031,33.349998474121094,34.02000045776367,33.349998474121094,33.77000045776367,205400
2024-05-01,32.91322708129883,33.720001220703125,34.152000427246094,33.058998107910156,33.470001220703125,157100
2024-05-02,33.11677932739258,33.84000015258789,34.18000030517578,33.4900016784668,34.029998779296875,145700
2024-05-03,33.45930099487305,34.189998626708984,34.459999084472656,33.59000015258789,34.18000030517578,174900
2024-05-06,33.85075378417969,34.59000015258789,34.86000061035156,34.36000061035156,34.36000061035156,203400
2024-05-07,33.61588668823242,34.349998474121094,34.69499969482422,34.150001525878906,34.599998474121094,205400
2024-05-08,29.711156845092773,30.360000610351562,32.349998474121094,29.184999465942383,31.0,959900
2024-05-09,30.26897430419922,30.93000030517578,31.079999923706055,30.18000030517578,30.280000686645508,344300
2024-05-10,30.640851974487305,31.309999465942383,31.3799991607666,30.420000076293945,31.18000030517578,322700
2024-05-13,29.339277267456055,29.979999542236328,31.420000076293945,29.790000915527344,31.309999465942383,392700
2024-05-14,29.789447784423828,30.440000534057617,30.610000610351562,29.6200008392334,30.190000534057617,417900
2024-05-15,29.260986328125,29.899999618530273,30.829999923706055,29.68000030517578,30.68000030517578,243300
2024-05-16,29.260986328125,29.899999618530273,30.229999542236328,29.690000534057617,29.979999542236328,192800
2024-05-17,29.79923439025879,30.450000762939453,30.5,29.9950008392334,30.100000381469727,185700
2024-05-20,30.484272003173828,31.149999618530273,31.149999618530273,30.329999923706055,30.450000762939453,210700
2024-05-21,31.002946853637695,31.68000030517578,31.700000762939453,31.15999984741211,31.209999084472656,163200
2024-05-22,31.218244552612305,31.899999618530273,31.93000030517578,31.4950008392334,31.68000030517578,152500
2024-05-23,31.62926483154297,32.31999969482422,32.70000076293945,31.940000534057617,32.0,182400
2024-05-24,32.480674743652344,33.189998626708984,33.34000015258789,32.2400016784668,32.400001525878906,164300
2024-05-28,32.69597244262695,33.40999984741211,33.92300033569336,33.040000915527344,33.310001373291016,285100
2024-05-29,31.903284072875977,32.599998474121094,33.54999923706055,32.36000061035156,33.20000076293945,211700
2024-05-30,31.95221519470215,32.650001525878906,33.119998931884766,32.47999954223633,32.7599983215332,124200
2024-05-31,32.13815689086914,32.84000015258789,32.95000076293945,32.388999938964844,32.72999954223633,305400
2024-06-03,31.394397735595703,32.08000183105469,32.82500076293945,31.809999465942383,32.63999938964844,148200
2024-06-04,31.012733459472656,31.690000534057617,32.040000915527344,31.40999984741211,31.8700008392334,148600
2024-06-05,32.29473114013672,33.0,33.22999954223633,31.979999542236328,31.979999542236328,286300
2024-06-06,31.550979614257812,32.2400016784668,33.02899932861328,32.13999938964844,32.90999984741211,205800
2024-06-07,31.746702194213867,32.439998626708984,32.619998931884766,31.920000076293945,32.16999816894531,205900
2024-06-10,32.010929107666016,32.709999084472656,32.93000030517578,32.404998779296875,32.45000076293945,258300
2024-06-11,32.97977828979492,33.70000076293945,33.810001373291016,32.25,32.56999969482422,275600
2024-06-12,33.322303771972656,34.04999923706055,34.709999084472656,33.7400016784668,33.97999954223633,167000
2024-06-13,33.23421096801758,33.959999084472656,34.1349983215332,33.2400016784668,34.099998474121094,137700
2024-06-14,32.09900665283203,32.79999923706055,33.880001068115234,32.599998474121094,33.5,175000
2024-06-17,31.355253219604492,32.040000915527344,32.8849983215332,31.940000534057617,32.83000183105469,326400
2024-06-18,31.668415069580078,32.36000061035156,32.50899887084961,32.0,32.0099983215332,186800
2024-06-20,30.924654006958008,31.600000381469727,32.54999923706055,31.43000030517578,32.34000015258789,128200
2024-06-21,30.601709365844727,31.270000457763672,31.559999465942383,31.06999969482422,31.549999237060547,407000
2024-06-24,30.924654006958008,31.600000381469727,32.1150016784668,31.34000015258789,31.34000015258789,157000
2024-06-25,30.768075942993164,31.440000534057617,31.899999618530273,31.399999618530273,31.510000228881836,181100
2024-06-26,31.815208435058594,32.5099983215332,32.54999923706055,31.25,31.25,196900
2024-06-27,32.226226806640625,32.93000030517578,32.939998626708984,32.20199966430664,32.5099983215332,184700
2024-06-28,32.842769622802734,33.560001373291016,33.56999969482422,32.849998474121094,33.13999938964844,1847300
2024-07-01,32.35345458984375,33.060001373291016,33.970001220703125,32.84000015258789,33.68000030517578,295700
2024-07-02,33.11677932739258,33.84000015258789,34.060001373291016,33.0,33.060001373291016,193800
2024-07-03,33.312503814697266,34.040000915527344,34.13999938964844,33.64500045776367,33.79999923706055,80600
2024-07-05,33.899688720703125,34.63999938964844,34.650001525878906,33.66999816894531,34.040000915527344,146700
2024-07-08,33.91925811767578,34.65999984741211,35.31999969482422,34.54899978637695,34.75,273300
2024-07-09,33.840972900390625,34.58000183105469,35.0,34.220001220703125,34.689998626708984,115600
2024-07-10,34.2911376953125,35.040000915527344,35.060001373291016,34.560001373291016,34.7599983215332,94100
2024-07-11,34.63365936279297,35.38999938964844,36.345001220703125,35.25,35.45000076293945,212300
2024-07-12,36.02330780029297,36.810001373291016,37.060001373291016,35.6349983215332,35.65999984741211,276600
2024-07-15,36.65941619873047,37.459999084472656,38.15999984741211,37.18000030517578,37.18000030517578,261900
2024-07-16,37.745697021484375,38.56999969482422,39.20000076293945,37.459999084472656,37.77000045776367,417400
2024-07-17,37.011722564697266,37.81999969482422,38.4900016784668,37.380001068115234,38.16999816894531,220000
2024-07-18,36.90407943725586,37.709999084472656,38.400001525878906,37.400001525878906,37.779998779296875,164300
2024-07-19,36.85514450073242,37.65999984741211,37.79499816894531,37.354000091552734,37.709999084472656,113400
2024-07-22,37.138946533203125,37.95000076293945,38.2599983215332,37.46500015258789,37.72999954223633,241300
2024-07-23,37.6380500793457,38.459999084472656,38.90999984741211,37.4900016784668,37.95000076293945,272000
2024-07-24,36.51262283325195,37.310001373291016,38.60499954223633,37.25,38.18000030517578,229400
2024-07-25,36.00373840332031,36.790000915527344,37.88999938964844,36.369998931884766,37.470001220703125,327800
2024-07-26,36.10160446166992,36.88999938964844,37.470001220703125,36.540000915527344,37.470001220703125,247400
2024-07-29,35.749290466308594,36.529998779296875,37.279998779296875,36.33000183105469,37.06999969482422,117600
2024-07-30,35.58292770385742,36.36000061035156,36.89500045776367,36.20500183105469,36.81999969482422,129000
2024-07-31,35.91566467285156,36.70000076293945,37.4900016784668,36.55500030517578,36.61000061035156,165400
2024-08-01,34.976173400878906,35.7400016784668,36.72999954223633,35.11000061035156,36.61000061035156,163600
2024-08-02,33.61056137084961,34.2599983215332,34.7599983215332,33.72999954223633,34.619998931884766,207800
2024-08-05,32.19786071777344,32.81999969482422,33.36000061035156,32.20000076293945,32.36000061035156,218900
2024-08-06,31.96240997314453,32.58000183105469,33.31999969482422,32.58000183105469,32.7599983215332,210600
2024-08-07,32.11937713623047,32.7400016784668,33.599998474121094,32.720001220703125,33.209999084472656,152600
2024-08-08,33.54188919067383,34.189998626708984,34.25,33.029998779296875,33.2400016784668,130000
2024-08-09,33.208335876464844,33.849998474121094,34.33000183105469,33.56999969482422,34.189998626708984,206500
2024-08-12,33.35549545288086,34.0,34.415000915527344,32.650001525878906,33.849998474121094,233500
2024-08-13,33.257389068603516,33.900001525878906,34.290000915527344,33.56999969482422,34.20000076293945,156600
2024-08-14,33.29662322998047,33.939998626708984,34.084999084472656,33.27000045776367,33.43000030517578,135700
2024-08-15,33.7479133605957,34.400001525878906,34.7400016784668,33.599998474121094,34.7400016784668,196100
2024-08-16,34.05203628540039,34.709999084472656,34.849998474121094,34.29999923706055,34.29999923706055,199700
2024-08-19,34.47388458251953,35.13999938964844,35.23500061035156,34.52000045776367,34.75,202300
2024-08-20,34.44445037841797,35.11000061035156,35.779998779296875,34.93000030517578,35.13999938964844,418500
2024-08-21,34.768192291259766,35.439998626708984,35.58000183105469,34.52000045776367,35.36000061035156,203800
2024-08-22,34.346343994140625,35.0099983215332,35.625,34.9900016784668,35.38999938964844,107400
2024-08-23,35.30777359008789,35.9900016784668,36.34000015258789,35.279998779296875,35.38999938964844,135200
2024-08-26,34.905540466308594,35.58000183105469,36.279998779296875,35.560001373291016,36.279998779296875,84200
2024-08-27,35.062503814697266,35.7400016784668,36.040000915527344,35.2400016784668,35.47999954223633,94800
2024-08-28,34.866294860839844,35.540000915527344,36.130001068115234,35.279998779296875,35.72999954223633,91700
2024-08-29,35.39606475830078,36.08000183105469,36.415000915527344,35.76499938964844,35.88999938964844,84100
2024-08-30,35.56283950805664,36.25,36.310001373291016,35.709999084472656,36.310001373291016,99100
2024-09-03,34.179569244384766,34.84000015258789,36.1349983215332,34.650001525878906,36.0099983215332,128200
2024-09-04,34.54255676269531,35.209999084472656,35.220001220703125,34.52000045776367,34.689998626708984,82700
2024-09-05,34.52293395996094,35.189998626708984,35.56999969482422,34.939998626708984,35.56999969482422,86600
2024-09-06,33.198524475097656,33.84000015258789,35.27000045776367,33.689998626708984,35.27000045776367,107700
2024-09-09,33.257389068603516,33.900001525878906,34.2400016784668,33.77000045776367,33.939998626708984,322000
2024-09-10,33.12985610961914,33.77000045776367,34.29999923706055,33.33000183105469,33.84000015258789,326700
2024-09-11,33.796958923339844,34.45000076293945,34.529998779296875,33.013999938964844,33.689998626708984,111200
2024-09-12,34.365966796875,35.029998779296875,35.09000015258789,34.369998931884766,34.5,125000
2024-09-13,35.091941833496094,35.77000045776367,36.08000183105469,35.25,35.41999816894531,146500
2024-09-16,35.454925537109375,36.13999938964844,36.4900016784668,35.638999938964844,36.11000061035156,170600
2024-09-17,35.73942565917969,36.43000030517578,36.88999938964844,36.040000915527344,36.439998626708984,135600
2024-09-18,35.80809783935547,36.5,36.970001220703125,36.0,36.54999923706055,150100
2024-09-19,36.651798248291016,37.36000061035156,37.63999938964844,36.845001220703125,37.0,107000
2024-09-20,37.28947448730469,38.0099983215332,38.90999984741211,37.029998779296875,37.369998931884766,1343900
2024-09-23,36.5831298828125,37.290000915527344,38.415000915527344,37.279998779296875,38.0099983215332,137400
2024-09-24,36.22995376586914,36.93000030517578,37.5,36.65999984741211,37.5,198000
2024-09-25,36.691043853759766,37.400001525878906,37.43000030517578,36.599998474121094,37.02000045776367,178600
2024-09-26,37.16194152832031,37.880001068115234,38.22999954223633,37.400001525878906,37.83000183105469,215500
2024-09-27,37.15213394165039,37.869998931884766,38.150001525878906,37.60499954223633,38.099998474121094,225600
2024-09-30,37.230613708496094,37.95000076293945,37.9900016784668,37.369998931884766,37.939998626708984,70600
2024-10-01,37.358154296875,38.08000183105469,38.11000061035156,37.459999084472656,37.77000045776367,98200
2024-10-02,37.58379364013672,38.310001373291016,38.709999084472656,38.0260009765625,38.09000015258789,113900
2024-10-03,37.0147819519043,37.72999954223633,38.290000915527344,37.529998779296875,38.290000915527344,88400
2024-10-04,38.27051544189453,39.0099983215332,39.08000183105469,37.84299850463867,38.33000183105469,154800
2024-10-07,38.08412170410156,38.81999969482422,39.0,38.369998931884766,39.0,118400
2024-10-08,38.35881423950195,39.099998474121094,39.650001525878906,38.83000183105469,39.060001373291016,124000
2024-10-09,39.202510833740234,39.959999084472656,40.20000076293945,39.099998474121094,39.099998474121094,339500
2024-10-10,39.08478927612305,39.84000015258789,40.0099983215332,39.11000061035156,39.470001220703125,422000
2024-10-11,39.457584381103516,40.220001220703125,40.279998779296875,39.659000396728516,39.75,181300
2024-10-14,37.789817810058594,38.52000045776367,40.11000061035156,38.5099983215332,40.060001373291016,276700
2024-10-15,36.347679138183594,37.04999923706055,38.45800018310547,37.0099983215332,38.33000183105469,181800
2024-10-16,37.56416702270508,38.290000915527344,38.349998474121094,37.349998474121094,37.349998474121094,134000
2024-10-17,37.956581115722656,38.689998626708984,38.70500183105469,38.290000915527344,38.599998474121094,78100
2024-10-18,37.77018737792969,38.5,38.720001220703125,38.22999954223633,38.720001220703125,77100
2024-10-21,37.554359436035156,38.279998779296875,38.65999984741211,37.97999954223633,38.56999969482422,176100
2024-10-22,36.877445220947266,37.59000015258789,38.209999084472656,37.439998626708984,38.209999084472656,67800
2024-10-23,36.73027801513672,37.439998626708984,37.540000915527344,37.05500030517578,37.36000061035156,85900
2024-10-24,36.36729431152344,37.06999969482422,37.86000061035156,37.05500030517578,37.790000915527344,84000
2024-10-25,36.416351318359375,37.119998931884766,37.63999938964844,36.810001373291016,37.459999084472656,77300
2024-10-28,36.5831298828125,37.290000915527344,37.45000076293945,37.060001373291016,37.41999816894531,146600
2024-10-29,36.524261474609375,37.22999954223633,37.400001525878906,36.82500076293945,37.18000030517578,117000
2024-10-30,35.768863677978516,36.459999084472656,37.459999084472656,36.400001525878906,37.18000030517578,118900
2024-10-31,34.11089324951172,34.77000045776367,36.46900177001953,34.72999954223633,36.25,156800
2024-11-01,34.62036895751953,35.20000076293945,35.7599983215332,34.93600082397461,35.0,198600
2024-11-04,34.305641174316406,34.880001068115234,35.65999984741211,34.81999969482422,35.08000183105469,97800
2024-11-05,34.777732849121094,35.36000061035156,35.61000061035156,34.970001220703125,34.970001220703125,107200
2024-11-06,36.53825759887695,37.150001525878906,39.16999816894531,36.900001525878906,37.380001068115234,293800
2024-11-07,33.440128326416016,34.0,37.25,32.63999938964844,34.7400016784668,502500
2024-11-08,34.35481643676758,34.93000030517578,35.189998626708984,33.83000183105469,34.119998931884766,234600
2024-11-11,34.2564582824707,34.83000183105469,36.0099983215332,34.790000915527344,36.0099983215332,193300
2024-11-12,33.88271713256836,34.45000076293945,35.09000015258789,33.689998626708984,34.459999084472656,232900
2024-11-13,32.78116226196289,33.33000183105469,34.834999084472656,33.310001373291016,34.650001525878906,226900
2024-11-14,32.94835662841797,33.5,33.72999954223633,33.09000015258789,33.31999969482422,242500
2024-11-15,31.984495162963867,32.52000045776367,33.91999816894531,32.290000915527344,33.630001068115234,369000
2024-11-18,30.489526748657227,31.0,32.45000076293945,30.913999557495117,32.04999923706055,396000
2024-11-19,31.42388343811035,31.950000762939453,32.060001373291016,30.459999084472656,30.8799991607666,349200
2024-11-20,31.89598274230957,32.43000030517578,32.459999084472656,31.549999237060547,31.739999771118164,307800
2024-11-21,32.259891510009766,32.79999923706055,33.119998931884766,32.459999084472656,32.5,316500
2024-11-22,32.92868423461914,33.47999954223633,33.52000045776367,32.65999984741211,32.79999923706055,259400
2024-11-25,33.04670715332031,33.599998474121094,34.099998474121094,33.369998931884766,33.90999984741211,209500
2024-11-26,32.997535705566406,33.54999923706055,33.84000015258789,33.143001556396484,33.38999938964844,247800
2024-11-27,32.89918899536133,33.45000076293945,33.75,33.0099983215332,33.470001220703125,287400
2024-11-29,32.84016799926758,33.38999938964844,33.869998931884766,33.310001373291016,33.4900016784668,164700
2024-12-02,33.63683319091797,34.20000076293945,34.470001220703125,33.04999923706055,33.45000076293945,354000
2024-12-03,34.1187629699707,34.689998626708984,34.900001525878906,33.7599983215332,34.16999816894531,412000
2024-12-04,34.56135559082031,35.13999938964844,35.5,34.685001373291016,34.77000045776367,305900
2024-12-05,35.239994049072266,35.83000183105469,36.47999954223633,34.869998931884766,35.20000076293945,446700
2024-12-06,34.94493103027344,35.529998779296875,36.439998626708984,34.97999954223633,35.93000030517578,553600
2024-12-09,34.69904708862305,35.279998779296875,36.06999969482422,35.08000183105469,35.59000015258789,233400
2024-12-10,34.43349075317383,35.0099983215332,35.38999938964844,34.310001373291016,35.18000030517578,208900
2024-12-11,35.09246063232422,35.68000030517578,35.7599983215332,35.11000061035156,35.209999084472656,265000
2024-12-12,35.19081115722656,35.779998779296875,36.459999084472656,35.439998626708984,35.77000045776367,250900
2024-12-13,34.69904708862305,35.279998779296875,35.9900016784668,34.900001525878906,35.70000076293945,294800
2024-12-16,35.780941009521484,36.380001068115234,36.41999816894531,35.060001373291016,35.16999816894531,267600
2024-12-17,35.131805419921875,35.720001220703125,36.599998474121094,35.1349983215332,36.130001068115234,316000
2024-12-18,35.702247619628906,36.29999923706055,37.209999084472656,35.66999816894531,36.36000061035156,554300
2024-12-19,35.161312103271484,35.75,36.88999938964844,35.13999938964844,36.31999969482422,283600
2024-12-20,33.39094924926758,33.95000076293945,35.65999984741211,33.86000061035156,34.9900016784668,608100
2024-12-23,31.97466278076172,32.5099983215332,34.470001220703125,32.25899887084961,34.08000183105469,486100
2024-12-24,31.76811981201172,32.29999923706055,32.810001373291016,32.119998931884766,32.619998931884766,224100
2024-12-26,31.08948516845703,31.610000610351562,32.380001068115234,31.389999389648438,32.189998626708984,478200
2024-12-27,31.522235870361328,32.04999923706055,32.08000183105469,30.860000610351562,31.399999618530273,360500
2024-12-30,31.54190444946289,32.06999969482422,32.36000061035156,31.43000030517578,31.670000076293945,240700
2024-12-31,31.76811981201172,32.29999923706055,32.58000183105469,31.8799991607666,32.27000045776367,289800
2025-01-02,31.71894645690918,32.25,32.83000183105469,31.770000457763672,32.7400016784668,313900
2025-01-03,32.043514251708984,32.58000183105469,32.61000061035156,32.040000915527344,32.220001220703125,128500
2025-01-06,31.915653228759766,32.45000076293945,32.720001220703125,32.154998779296875,32.689998626708984,172100
2025-01-07,31.6402587890625,32.16999816894531,32.66999816894531,31.6200008392334,32.59000015258789,209100
2025-01-08,31.807458877563477,32.34000015258789,32.630001068115234,31.89299964904785,31.979999542236328,196900
2025-01-10,31.522235870361328,32.04999923706055,32.185001373291016,31.559999465942383,31.93000030517578,183800
2025-01-13,31.453388214111328,31.979999542236328,32.224998474121094,31.600000381469727,31.65999984741211,290100
2025-01-14,32.5352783203125,33.08000183105469,33.150001525878906,31.770000457763672,32.0099983215332,535400
2025-01-15,33.88271713256836,34.45000076293945,34.880001068115234,33.244998931884766,33.5099983215332,190800
2025-01-16,35.43669891357422,36.029998779296875,36.310001373291016,34.51599884033203,35.130001068115234,344400
2025-01-17,37.56113052368164,38.189998626708984,38.45000076293945,36.290000915527344,36.349998474121094,359300
2025-01-21,38.288944244384766,38.93000030517578,40.040000915527344,38.33000183105469,38.7599983215332,641300
2025-01-22,38.741371154785156,39.38999938964844,39.599998474121094,38.7400016784668,39.290000915527344,292000
2025-01-23,37.85619354248047,38.4900016784668,39.41999816894531,38.040000915527344,38.9900016784668,264900
2025-01-24,38.84955596923828,39.5,39.7599983215332,37.900001525878906,38.47999954223633,422300
2025-01-27,39.183956146240234,39.84000015258789,39.959999084472656,38.349998474121094,38.75,358600
2025-01-28,38.71186447143555,39.36000061035156,40.2400016784668,38.94499969482422,39.93000030517578,265000
2025-01-29,38.043060302734375,38.68000030517578,39.65999984741211,38.65999984741211,39.5099983215332,162200
2025-01-30,38.6823616027832,39.33000183105469,39.599998474121094,38.90999984741211,38.90999984741211,154300
2025-01-31,38.00700378417969,38.54999923706055,39.42599868774414,38.52000045776367,39.40999984741211,121000
2025-02-03,36.833770751953125,37.36000061035156,38.790000915527344,37.31999969482422,37.790000915527344,206800
2025-02-04,36.60700988769531,37.130001068115234,37.849998474121094,37.09000015258789,37.47999954223633,206500
2025-02-05,36.32109451293945,36.84000015258789,37.400001525878906,36.7400016784668,37.22999954223633,135700
2025-02-06,35.443634033203125,35.95000076293945,37.18000030517578,35.7400016784668,36.880001068115234,157300
2025-02-07,34.9013786315918,35.400001525878906,36.79999923706055,35.400001525878906,35.95000076293945,159100
2025-02-10,35.77884292602539,36.290000915527344,36.439998626708984,35.72999954223633,35.72999954223633,138100
2025-02-11,35.916866302490234,36.43000030517578,36.49100112915039,35.7400016784668,35.90999984741211,144200
2025-02-12,35.17742919921875,35.68000030517578,36.41699981689453,35.310001373291016,36.279998779296875,143600
2025-02-13,35.19715118408203,35.70000076293945,36.119998931884766,34.9900016784668,35.939998626708984,318200
2025-02-14,34.556304931640625,35.04999923706055,35.875,34.90999984741211,35.689998626708984,109800
2025-02-18,34.75349044799805,35.25,35.49100112915039,34.95000076293945,35.2599983215332,144600
2025-02-19,35.019683837890625,35.52000045776367,35.869998931884766,34.88999938964844,35.13999938964844,174300
2025-02-20,34.45771408081055,34.95000076293945,35.415000915527344,34.619998931884766,35.380001068115234,127400
2025-02-21,33.10701370239258,33.58000183105469,35.380001068115234,33.54999923706055,35.380001068115234,223100
2025-02-24,32.8802490234375,33.349998474121094,34.130001068115234,33.2599983215332,33.70000076293945,124700
2025-02-25,32.8802490234375,33.349998474121094,34.310001373291016,33.119998931884766,33.63999938964844,187700
2025-02-26,32.94926834106445,33.41999816894531,34.220001220703125,33.369998931884766,33.4900016784668,152700
2025-02-27,32.60419464111328,33.06999969482422,34.97999954223633,33.040000915527344,33.400001525878906,155300
2025-02-28,33.14645004272461,33.619998931884766,33.63199996948242,32.8849983215332,33.09000015258789,220700
2025-03-03,31.953495025634766,32.40999984741211,33.95500183105469,32.380001068115234,33.790000915527344,183200
2025-03-04,31.86475944519043,32.31999969482422,32.810001373291016,31.68000030517578,32.15999984741211,135000
2025-03-05,32.3380012512207,32.79999923706055,33.02000045776367,32.45000076293945,32.45000076293945,154500
2025-03-06,32.4563102722168,32.91999816894531,33.33000183105469,32.459999084472656,32.459999084472656,196900
2025-03-07,33.54081726074219,34.02000045776367,34.099998474121094,32.68199920654297,32.79999923706055,168600
2025-03-10,33.373207092285156,33.849998474121094,34.53799819946289,33.790000915527344,34.0,340200
2025-03-11,33.047855377197266,33.52000045776367,34.2599983215332,33.17499923706055,33.84000015258789,296200
2025-03-12,34.733768463134766,35.22999954223633,35.7599983215332,31.59000015258789,31.59000015258789,588600
2025-03-13,34.418277740478516,34.90999984741211,35.21900177001953,33.63999938964844,35.0099983215332,395600
2025-03-14,33.24503707885742,33.720001220703125,35.380001068115234,33.040000915527344,35.380001068115234,379200
2025-03-17,31.97321319580078,32.43000030517578,33.689998626708984,32.029998779296875,33.11000061035156,396100
2025-03-18,31.874622344970703,32.33000183105469,32.59000015258789,31.93000030517578,32.41999816894531,348200
2025-03-19,31.904199600219727,32.36000061035156,32.61000061035156,31.3700008392334,31.8799991607666,393000
2025-03-20,31.45067596435547,31.899999618530273,32.39500045776367,31.43000030517578,32.38999938964844,257200
2025-03-21,30.73095703125,31.170000076293945,32.11000061035156,30.450000762939453,31.90999984741211,604300
2025-03-24,31.125322341918945,31.56999969482422,32.040000915527344,31.309999465942383,31.56999969482422,267400
2025-03-25,30.878843307495117,31.31999969482422,31.81999969482422,31.1299991607666,31.489999771118164,298300
2025-03-26,29.94222640991211,30.3700008392334,31.591999053955078,30.229999542236328,31.440000534057617,173500
2025-03-27,30.21828269958496,30.649999618530273,30.792999267578125,30.190000534057617,30.3700008392334,226700
2025-03-28,28.670394897460938,29.079999923706055,30.76300048828125,29.059999465942383,30.59000015258789,281900
2025-03-31,29.192930221557617,29.610000610351562,29.889999389648438,28.739999771118164,28.75,308600
2025-04-01,28.877437591552734,29.290000915527344,29.899999618530273,29.15999984741211,29.469999313354492,177000
2025-04-02,29.952085494995117,30.3799991607666,30.559999465942383,28.979999542236328,28.979999542236328,196700
2025-04-03,28.32532501220703,28.729999542236328,29.864999771118164,28.4950008392334,29.3700008392334,225300
2025-04-04,27.773212432861328,28.170000076293945,28.799999237060547,27.5049991607666,27.959999084472656,316500
2025-04-07,27.91124153137207,28.309999465942383,28.860000610351562,27.073999404907227,27.520000457763672,362200
2025-04-08,28.02955436706543,28.43000030517578,29.190000534057617,28.03499984741211,29.190000534057617,329100
2025-04-09,30.08025550842285,30.510000228881836,31.020000457763672,27.954999923706055,28.43000030517578,256100
2025-04-10,29.794336318969727,30.219999313354492,30.530000686645508,29.434999465942383,30.049999237060547,207500
2025-04-11,30.336593627929688,30.770000457763672,30.850000381469727,29.829999923706055,30.34000015258789,157400
2025-04-14,30.76053810119629,31.200000762939453,31.540000915527344,30.058000564575195,30.940000534057617,292900
2025-04-15,30.583072662353516,31.020000457763672,31.809999465942383,30.559999465942383,31.010000228881836,235700
2025-04-16,30.208423614501953,30.639999389648438,31.107999801635742,30.170000076293945,30.920000076293945,216900
2025-04-17,30.30701446533203,30.739999771118164,31.030000686645508,30.06999969482422,30.549999237060547,127000
2025-04-21,28.729551315307617,29.139999389648438,31.388999938964844,29.06999969482422,30.510000228881836,397400
2025-04-22,28.956310272216797,29.3700008392334,29.829999923706055,28.610000610351562,29.15999984741211,222500
2025-04-23,28.976028442382812,29.389999389648438,30.665000915527344,29.3700008392334,29.979999542236328,215000
2025-04-24,29.65631103515625,30.079999923706055,30.280000686645508,29.09000015258789,29.43000030517578,254800
2025-04-25,30.021100997924805,30.450000762939453,31.03499984741211,30.0,30.0,340600
2025-04-28,28.897157669067383,29.309999465942383,30.729999542236328,29.06999969482422,30.440000534057617,305000
2025-04-29,28.90701675415039,29.31999969482422,29.764999389648438,28.81999969482422,29.31999969482422,473100
2025-04-30,28.739410400390625,29.149999618530273,29.385000228881836,28.790000915527344,29.190000534057617,341700
2025-05-01,29.252086639404297,29.670000076293945,30.15999984741211,29.0,29.469999313354492,465900
2025-05-02,29.415285110473633,29.739999771118164,30.288999557495117,29.3799991607666,29.90999984741211,339800
2025-05-05,29.454849243164062,29.780000686645508,30.399999618530273,29.309999465942383,29.6200008392334,279200
2025-05-06,29.28670310974121,29.610000610351562,30.420000076293945,28.950000762939453,29.56999969482422,444100
2025-05-07,35.033260345458984,35.41999816894531,36.349998474121094,30.690000534057617,32.540000915527344,972800
2025-05-08,36.081695556640625,36.47999954223633,37.220001220703125,35.560001373291016,35.56999969482422,559600
2025-05-09,34.993709564208984,35.380001068115234,36.93000030517578,35.27000045776367,36.529998779296875,385000
2025-05-12,35.37944793701172,35.77000045776367,36.560001373291016,35.20000076293945,36.20000076293945,321900
2025-05-13,35.616825103759766,36.0099983215332,36.67499923706055,35.7599983215332,35.81999969482422,302200
2025-05-14,34.617855072021484,35.0,35.90999984741211,34.79999923706055,35.90999984741211,234500
2025-05-15,34.835453033447266,35.220001220703125,35.5,34.720001220703125,35.22999954223633,197900
2025-05-16,34.90468978881836,35.290000915527344,35.48099899291992,34.689998626708984,35.2400016784668,345100
2025-05-19,35.05304718017578,35.439998626708984,35.61000061035156,35.0,35.02000045776367,283500
2025-05-20,34.548622131347656,34.93000030517578,35.400001525878906,34.52000045776367,35.31999969482422,326600
2025-05-21,33.07489013671875,33.439998626708984,34.86000061035156,33.40999984741211,34.75,205700
2025-05-22,32.768272399902344,33.130001068115234,33.66999816894531,33.11000061035156,33.2599983215332,247800
2025-05-23,32.333072662353516,32.689998626708984,33.185001373291016,32.47999954223633,32.900001525878906,298300
2025-05-27,33.00564956665039,33.369998931884766,33.41999816894531,32.77000045776367,33.11000061035156,304200
2025-05-28,32.27373123168945,32.630001068115234,33.88999938964844,32.470001220703125,33.41999816894531,243800
2025-05-29,32.44187545776367,32.79999923706055,33.029998779296875,32.630001068115234,32.810001373291016,207100
2025-05-30,32.41219711303711,32.77000045776367,32.869998931884766,32.16999816894531,32.599998474121094,416600
2025-06-02,32.63969039916992,33.0,33.0,32.34000015258789,32.95000076293945,285500
2025-06-03,33.22324752807617,33.59000015258789,33.880001068115234,33.08000183105469,33.5,505800
2025-06-04,33.70790100097656,34.08000183105469,34.150001525878906,33.5099983215332,33.59000015258789,278700
2025-06-05,33.58920669555664,33.959999084472656,34.40999984741211,33.5099983215332,34.15999984741211,197700
2025-06-06,34.113426208496094,34.4900016784668,34.93000030517578,34.27000045776367,34.459999084472656,149300
2025-06-09,34.65741729736328,35.040000915527344,35.29999923706055,34.65999984741211,35.0,262600
2025-06-10,34.627742767333984,35.0099983215332,35.36000061035156,34.808998107910156,35.36000061035156,280800
2025-06-11,35.6366081237793,36.029998779296875,36.42499923706055,34.33000183105469,35.65999984741211,448000
2025-06-12,35.75530242919922,36.150001525878906,36.404998779296875,35.619998931884766,35.70000076293945,261800
2025-06-13,34.02440643310547,34.400001525878906,35.849998474121094,33.849998474121094,35.06999969482422,569600
2025-06-16,34.063968658447266,34.439998626708984,34.849998474121094,34.220001220703125,34.619998931884766,237400
2025-06-17,33.81669998168945,34.189998626708984,34.619998931884766,33.89500045776367,34.2400016784668,243200
2025-06-18,33.36172103881836,33.72999954223633,34.349998474121094,33.689998626708984,34.2599983215332,408500
2025-06-20,32.5111083984375,32.869998931884766,34.04999923706055,32.68000030517578,33.93000030517578,579900
2025-06-23,32.431983947753906,32.790000915527344,33.025001525878906,32.040000915527344,32.869998931884766,260900
2025-06-24,32.610015869140625,32.970001220703125,32.97999954223633,32.270999908447266,32.81999969482422,225900
2025-06-25,31.264867782592773,31.610000610351562,32.90999984741211,31.549999237060547,32.720001220703125,248800
2025-06-26,31.917661666870117,32.27000045776367,32.30500030517578,31.3799991607666,31.899999618530273,319700
2025-06-27,31.680280685424805,32.029998779296875,32.5099983215332,31.760000228881836,32.439998626708984,561500
2025-06-30,31.502246856689453,31.850000381469727,32.220001220703125,31.69499969482422,32.220001220703125,219300
2025-07-01,31.383556365966797,31.729999542236328,32.36000061035156,31.59000015258789,31.68000030517578,205700
2025-07-02,31.56159210205078,31.90999984741211,32.0099983215332,31.579999923706055,32.0099983215332,164600
2025-07-03,31.87809944152832,32.22999954223633,32.3849983215332,31.93000030517578,32.20000076293945,108000
2025-07-07,31.462682723999023,31.809999465942383,32.439998626708984,31.700000762939453,32.16999816894531,252700
2025-07-08,31.60115623474121,31.950000762939453,32.29999923706055,31.639999389648438,31.739999771118164,210300
2025-07-09,32.194602966308594,32.54999923706055,32.56999969482422,31.770000457763672,32.15999984741211,207500
2025-07-10,32.35285186767578,32.709999084472656,32.9900016784668,32.48500061035156,32.529998779296875,239900
2025-07-11,32.41219711303711,32.77000045776367,32.814998626708984,32.38999938964844,32.689998626708984,223600
2025-07-14,33.08477783203125,33.45000076293945,33.52000045776367,32.439998626708984,32.779998779296875,284800
2025-07-15,31.611045837402344,31.959999084472656,33.6150016784668,31.93000030517578,33.529998779296875,522400
2025-07-16,31.868206024169922,32.220001220703125,32.494998931884766,31.885000228881836,32.290000915527344,197500
2025-07-17,32.21438217163086,32.56999969482422,32.970001220703125,32.22999954223633,32.45000076293945,144100
2025-07-18,32.28362274169922,32.63999938964844,32.880001068115234,32.46500015258789,32.61000061035156,154700
2025-07-21,31.89788055419922,32.25,32.79999923706055,32.209999084472656,32.779998779296875,159500
2025-07-22,32.41219711303711,32.77000045776367,32.9900016784668,32.150001525878906,32.150001525878906,201600
2025-07-23,33.44084930419922,33.810001373291016,33.81999969482422,32.97999954223633,33.099998474121094,180800
2025-07-24,33.33204650878906,33.70000076293945,34.380001068115234,33.40999984741211,33.619998931884766,266400
2025-07-25,33.51997375488281,33.88999938964844,34.040000915527344,33.40999984741211,33.91999816894531,178600
2025-07-28,33.29248046875,33.65999984741211,34.060001373291016,33.380001068115234,34.060001373291016,190300
2025-07-29,32.84739685058594,33.209999084472656,33.939998626708984,33.209999084472656,33.75,234900
2025-07-30,32.34296798706055,32.70000076293945,33.7400016784668,32.244998931884766,33.61000061035156,164400
2025-07-31,32.70892333984375,33.06999969482422,33.45000076293945,32.29999923706055,32.459999084472656,278500
2025-08-01,32.07905197143555,32.34000015258789,32.709999084472656,31.920000076293945,32.439998626708984,286200
2025-08-04,32.803157806396484,33.06999969482422,33.150001525878906,32.36000061035156,32.59000015258789,265300
2025-08-05,34.01331329345703,34.290000915527344,34.7599983215332,33.16999816894531,33.27000045776367,400700
2025-08-06,28.617212295532227,28.850000381469727,32.54499816894531,28.670000076293945,32.0,1566400
2025-08-07,30.8292179107666,31.079999923706055,31.200000762939453,29.0,29.219999313354492,593200
2025-08-08,30.30349349975586,30.549999237060547,31.2450008392334,30.344999313354492,31.059999465942383,584700
2025-08-11,28.210519790649414,28.440000534057617,30.610000610351562,28.420000076293945,30.610000610351562,434500
2025-08-12,29.48019027709961,29.719999313354492,30.270000457763672,28.219999313354492,28.75,748900
2025-08-13,29.708335876464844,29.950000762939453,30.170000076293945,28.309999465942383,28.530000686645508,654900
2025-08-14,28.98422622680664,29.219999313354492,30.1200008392334,28.78499984741211,29.56999969482422,369200
2025-08-15,29.01398468017578,29.25,29.774999618530273,29.010000228881836,29.31999969482422,441300
2025-08-18,29.42067527770996,29.65999984741211,29.924999237060547,29.25,29.25,238500
2025-08-19,29.212371826171875,29.450000762939453,29.760000228881836,29.19499969482422,29.579999923706055,326800
2025-08-20,29.02390480041504,29.260000228881836,29.659000396728516,29.149999618530273,29.520000457763672,178800
2025-08-21,29.39091682434082,29.6299991607666,29.68000030517578,29.059999465942383,29.059999465942383,211200
2025-08-22,30.80937957763672,31.059999465942383,31.475000381469727,29.8700008392334,29.920000076293945,305600
2025-08-25,30.025754928588867,30.270000457763672,31.09000015258789,30.219999313354492,31.059999465942383,237000
2025-08-26,30.51180076599121,30.760000228881836,31.040000915527344,30.190000534057617,30.270000457763672,213800
2025-08-27,30.749862670898438,31.0,31.18000030517578,30.709999084472656,30.799999237060547,133700
2025-08-28,30.65066909790039,30.899999618530273,31.235000610351562,30.6299991607666,31.049999237060547,190800
2025-08-29,30.56139373779297,30.809999465942383,31.260000228881836,30.575000762939453,31.030000686645508,202200
2025-09-02,30.65066909790039,30.899999618530273,30.920000076293945,30.459999084472656,30.6200008392334,176000
2025-09-03,30.18446159362793,30.43000030517578,31.25,30.239999771118164,30.920000076293945,265600
2025-09-04,31.642601013183594,31.899999618530273,32.150001525878906,30.264999389648438,30.489999771118164,397100
2025-09-05,31.74179458618164,32.0,32.400001525878906,31.790000915527344,31.989999771118164,210300
2025-09-08,31.612844467163086,31.8700008392334,32.58000183105469,31.6299991607666,32.0099983215332,178500
2025-09-09,31.007766723632812,31.260000228881836,31.850000381469727,30.889999389648438,31.829999923706055,119200
2025-09-10,31.24582862854004,31.5,31.790000915527344,31.030000686645508,31.309999465942383,158800
2025-09-11,32.227840423583984,32.4900016784668,32.59000015258789,31.520000457763672,31.540000915527344,177700
2025-09-12,32.257598876953125,32.52000045776367,32.599998474121094,32.060001373291016,32.33000183105469,237700
2025-09-15,32.50558090209961,32.77000045776367,32.834999084472656,31.90999984741211,32.650001525878906,232600
2025-09-16,32.71388626098633,32.97999954223633,33.34000015258789,32.720001220703125,33.06999969482422,671900
2025-09-17,32.584930419921875,32.849998474121094,33.44499969482422,32.779998779296875,33.18000030517578,323100
2025-09-18,34.02323913574219,34.29999923706055,34.375,32.68000030517578,32.95000076293945,282500
2025-09-19,33.49751281738281,33.77000045776367,34.349998474121094,33.7400016784668,34.349998474121094,645700
2025-09-22,34.221622467041016,34.5,34.5099983215332,33.29999923706055,33.689998626708984,211200
2025-09-23,36.671695709228516,36.970001220703125,37.13999938964844,34.88999938964844,34.88999938964844,567800
2025-09-24,35.90790557861328,36.20000076293945,37.81999969482422,36.08000183105469,36.540000915527344,462000
2025-09-25,35.43177795410156,35.720001220703125,35.97999954223633,35.209999084472656,35.970001220703125,306800
2025-09-26,36.046775817871094,36.34000015258789,36.36000061035156,35.6349983215332,35.65999984741211,222300
2025-09-29,35.937660217285156,36.22999954223633,36.68000030517578,35.93000030517578,36.43000030517578,390000
2025-09-30,36.21540069580078,36.5099983215332,36.529998779296875,35.65999984741211,35.900001525878906,315000
2025-10-01,35.798789978027344,36.09000015258789,36.52000045776367,35.435001373291016,36.18000030517578,233100
2025-10-02,36.31459426879883,36.61000061035156,36.61000061035156,35.75,36.27000045776367,219700
2025-10-03,36.37411117553711,36.66999816894531,37.52000045776367,36.4900016784668,36.709999084472656,342300
2025-10-06,37.21725845336914,37.52000045776367,37.72999954223633,36.56999969482422,37.040000915527344,208200
2025-10-07,37.32636642456055,37.630001068115234,37.81999969482422,36.915000915527344,37.75,310900
2025-10-08,38.248863220214844,38.560001373291016,38.720001220703125,37.349998474121094,37.66999816894531,271100
2025-10-09,38.16950607299805,38.47999954223633,39.79999923706055,38.20600128173828,39.0,458400
2025-10-10,38.05047607421875,38.36000061035156,39.35499954223633,37.58000183105469,38.900001525878906,874200
2025-10-13,38.655555725097656,38.970001220703125,39.439998626708984,38.349998474121094,38.84000015258789,560900
2025-10-14,40.738609313964844,41.06999969482422,42.060001373291016,38.380001068115234,38.599998474121094,375400
2025-10-15,40.262481689453125,40.59000015258789,41.652000427246094,39.63999938964844,41.279998779296875,325600
2025-10-16,40.65925598144531,40.9900016784668,41.38999938964844,40.310001373291016,40.709999084472656,262400
2025-10-17,40.36167526245117,40.689998626708984,41.36000061035156,40.13999938964844,40.47999954223633,230800
2025-10-20,40.96675491333008,41.29999923706055,42.90999984741211,40.974998474121094,41.13999938964844,246600
2025-10-21,41.04610824584961,41.380001068115234,42.060001373291016,40.84000015258789,41.20000076293945,225200
2025-10-22,40.77828598022461,41.11000061035156,41.59000015258789,40.68000030517578,41.59000015258789,218300
2025-10-23,42.25625991821289,42.599998474121094,42.86000061035156,41.38999938964844,41.529998779296875,203100
2025-10-24,43.099403381347656,43.45000076293945,43.630001068115234,42.67499923706055,43.0,187500
2025-10-27,42.563758850097656,42.90999984741211,43.779998779296875,42.810001373291016,43.779998779296875,130000
2025-10-28,42.87126159667969,43.220001220703125,43.630001068115234,42.4900016784668,42.93000030517578,167600
2025-10-29,42.831581115722656,43.18000030517578,44.290000915527344,42.720001220703125,43.81999969482422,219500
2025-10-30,42.3256950378418,42.66999816894531,43.9109992980957,42.459999084472656,43.130001068115234,183500
2025-10-31,42.21137237548828,42.459999084472656,42.900001525878906,42.060001373291016,42.369998931884766,221700
2025-11-03,42.21137237548828,42.459999084472656,42.619998931884766,41.36000061035156,42.619998931884766,381500
2025-11-04,42.28096008300781,42.529998779296875,43.09000015258789,41.540000915527344,41.540000915527344,359600
2025-11-05,44.845855712890625,45.11000061035156,46.63999938964844,41.88999938964844,45.0,489500
2025-11-06,43.19557571411133,43.45000076293945,45.52000045776367,43.38999938964844,45.52000045776367,356700
2025-11-07,42.688560485839844,42.939998626708984,43.584999084472656,41.900001525878906,43.060001373291016,300100
2025-11-10,43.06633758544922,43.31999969482422,43.470001220703125,42.0,42.939998626708984,305600
2025-11-11,43.3745231628418,43.630001068115234,43.97999954223633,42.7400016784668,43.43000030517578,253500
2025-11-12,42.976863861083984,43.22999954223633,44.02000045776367,43.150001525878906,43.52000045776367,224700
2025-11-13,42.93709945678711,43.189998626708984,44.36000061035156,42.861000061035156,43.2400016784668,376500
2025-11-14,42.70844268798828,42.959999084472656,43.849998474121094,42.09000015258789,42.38999938964844,324900
2025-11-17,41.84354019165039,42.09000015258789,43.27000045776367,42.060001373291016,42.959999084472656,295600
2025-11-18,39.974544525146484,40.209999084472656,42.125,40.209999084472656,41.41999816894531,350000
2025-11-19,39.765777587890625,40.0,40.79499816894531,39.71500015258789,40.31999969482422,240200
2025-11-20,39.27864456176758,39.5099983215332,41.63999938964844,39.40999984741211,40.720001220703125,433800
2025-11-21,40.014312744140625,40.25,40.529998779296875,38.939998626708984,39.52000045776367,394100
2025-11-24,40.58097457885742,40.81999969482422,41.290000915527344,39.900001525878906,40.349998474121094,417100
2025-11-25,42.28096008300781,42.529998779296875,42.65999984741211,40.93000030517578,40.93000030517578,290800
2025-11-26,42.81780242919922,43.06999969482422,43.7400016784668,42.43000030517578,42.43000030517578,258000
2025-11-28,42.43008804321289,42.68000030517578,43.45000076293945,42.611000061035156,43.45000076293945,104200
2025-12-01,42.00260543823242,42.25,42.61000061035156,41.56399917602539,42.470001220703125,219400
2025-12-02,42.62891387939453,42.880001068115234,43.36000061035156,42.28499984741211,42.5099983215332,242700
2025-12-03,42.62891387939453,42.880001068115234,43.56999969482422,42.81999969482422,43.02000045776367,422300
2025-12-04,43.54352569580078,43.79999923706055,44.08000183105469,42.63999938964844,42.63999938964844,178500
2025-12-05,42.59908676147461,42.849998474121094,43.70000076293945,42.43000030517578,43.630001068115234,164800
2025-12-08,42.36049270629883,42.61000061035156,43.41999816894531,42.459999084472656,43.0,183100
2025-12-09,42.84762191772461,43.099998474121094,43.880001068115234,42.20000076293945,42.75,201000
2025-12-10,42.549381256103516,42.79999923706055,43.810001373291016,41.810001373291016,42.63999938964844,358100
2025-12-11,43.19557571411133,43.45000076293945,44.0,42.88999938964844,43.0,215000
2025-12-12,43.46399688720703,43.720001220703125,45.2400016784668,43.40999984741211,43.77000045776367,429700
2025-12-15,41.55523681640625,41.79999923706055,43.93000030517578,41.61000061035156,43.75,241200
2025-12-16,41.49559020996094,41.7400016784668,42.459999084472656,41.04999923706055,41.66999816894531,199400
2025-12-17,40.25291061401367,40.4900016784668,42.470001220703125,40.220001220703125,41.349998474121094,187300
2025-12-18,40.54120635986328,40.779998779296875,41.40999984741211,40.33000183105469,40.900001525878906,245700
2025-12-19,41.36635208129883,41.61000061035156,41.93000030517578,40.7130012512207,40.77000045776367,324000
2025-12-22,42.549381256103516,42.79999923706055,43.33000183105469,41.95000076293945,41.970001220703125,271500
2025-12-23,42.052310943603516,42.29999923706055,42.880001068115234,42.029998779296875,42.4900016784668,177900
2025-12-24,42.13184356689453,42.380001068115234,42.44499969482422,41.93199920654297,42.29999923706055,71300
2025-12-26,41.69441604614258,41.939998626708984,42.41999816894531,41.400001525878906,42.2599983215332,92400
2025-12-29,41.6546516418457,41.900001525878906,42.04999923706055,41.540000915527344,41.91999816894531,107800
2025-12-30,41.505531311035156,41.75,42.4640007019043,41.48500061035156,41.939998626708984,162000
2025-12-31,40.60085678100586,40.84000015258789,41.9900016784668,40.79999923706055,41.97999954223633,108700
2026-01-02,40.87921905517578,41.119998931884766,41.4900016784668,40.38999938964844,40.900001525878906,230100
2026-01-05,41.73418045043945,41.97999954223633,42.599998474121094,41.40999984741211,41.40999984741211,242100
2026-01-06,42.5394401550293,42.790000915527344,42.849998474121094,41.630001068115234,41.93000030517578,203400
2026-01-07,43.145870208740234,43.400001525878906,44.470001220703125,42.849998474121094,43.060001373291016,299900
2026-01-08,42.16166305541992,42.40999984741211,44.29999923706055,42.18000030517578,43.63999938964844,372100
2026-01-09,42.052310943603516,42.29999923706055,43.11000061035156,41.959999084472656,42.650001525878906,252200
2026-01-12,42.04236602783203,42.290000915527344,43.020999908447266,42.099998474121094,42.560001373291016,249100
2026-01-13,42.191490173339844,42.439998626708984,43.375,42.04999923706055,42.7599983215332,205000
2026-01-14,41.62482833862305,41.869998931884766,42.459999084472656,40.810001373291016,42.459999084472656,214500
2026-01-15,43.3248176574707,43.58000183105469,44.095001220703125,42.13999938964844,42.13999938964844,276300
2026-01-16,43.354637145996094,43.61000061035156,44.0629997253418,42.790000915527344,43.4900016784668,155800
2026-01-20,42.11195755004883,42.36000061035156,43.38999938964844,42.33000183105469,43.13999938964844,131900
2026-01-21,44.39849090576172,44.65999984741211,45.0,42.599998474121094,43.83000183105469,258200
2026-01-22,43.91135787963867,44.16999816894531,46.11399841308594,44.150001525878906,44.810001373291016,158800
2026-01-23,43.175689697265625,43.43000030517578,44.529998779296875,43.06999969482422,44.2599983215332,134300
2026-01-26,42.191490173339844,42.439998626708984,43.54999923706055,42.209999084472656,43.33000183105469,185200
2026-01-27,41.634769439697266,41.880001068115234,42.89500045776367,41.65999984741211,42.400001525878906,292000
2026-01-28,40.10378646850586,40.34000015258789,42.08000183105469,39.44499969482422,42.08000183105469,373900
2026-01-29,39.90495681762695,40.13999938964844,41.314998626708984,39.54999923706055,40.459999084472656,169400
2026-01-30,39.875057220458984,40.0099983215332,40.599998474121094,39.61000061035156,39.84000015258789,241200
2026-02-02,40.582664489746094,40.720001220703125,41.119998931884766,39.19499969482422,39.869998931884766,198500
2026-02-03,41.85834884643555,42.0,42.849998474121094,40.89500045776367,41.220001220703125,258000
2026-02-04,41.190608978271484,41.33000183105469,43.685001373291016,41.29999923706055,43.54999923706055,197100
2026-02-05,40.223880767822266,40.36000061035156,41.52000045776367,39.69499969482422,40.7599983215332,235900
2026-02-06,41.48959732055664,41.630001068115234,41.95000076293945,40.81999969482422,40.81999969482422,146700
2026-02-09,42.30683135986328,42.45000076293945,42.70000076293945,41.369998931884766,41.459999084472656,236400
2026-02-10,41.96797561645508,42.11000061035156,43.189998626708984,41.93000030517578,42.79999923706055,202300
2026-02-11,41.280303955078125,41.41999816894531,43.06999969482422,41.375,42.70000076293945,165400
2026-02-12,41.110877990722656,41.25,42.5,40.900001525878906,41.75,148400
2026-02-13,42.047706604003906,42.189998626708984,42.525001525878906,41.2599983215332,41.470001220703125,143200
2026-02-17,42.23706817626953,42.380001068115234,43.029998779296875,41.79999923706055,42.130001068115234,123100
2026-02-18,42.49618911743164,42.63999938964844,43.314998626708984,42.23500061035156,42.689998626708984,114200
2026-02-19,43.223724365234375,43.369998931884766,43.915000915527344,42.290000915527344,42.59000015258789,223800
2026-02-20,44.11072540283203,44.2599983215332,44.630001068115234,42.689998626708984,43.369998931884766,138500
2026-02-23,42.09754180908203,42.2400016784668,44.32500076293945,42.07500076293945,44.15999984741211,178500
2026-02-24,42.007843017578125,42.150001525878906,42.83000183105469,41.97999954223633,42.2599983215332,195000
2026-02-25,42.36662673950195,42.5099983215332,42.97999954223633,41.7400016784668,42.95000076293945,128000
2026-02-26,43.54264831542969,43.689998626708984,43.77000045776367,42.2400016784668,42.58000183105469,141500
2026-02-27,44.24028778076172,44.38999938964844,44.459999084472656,42.7599983215332,43.15999984741211,189600
2026-03-02,45.91461944580078,46.06999969482422,47.380001068115234,44.064998626708984,44.29999923706055,267500
2026-03-03,44.7585334777832,44.90999984741211,46.06999969482422,44.08000183105469,46.0099983215332,236900
2026-03-04,45.296714782714844,45.45000076293945,45.66999816894531,44.209999084472656,45.08000183105469,163600
2026-03-05,44.848228454589844,45.0,48.7599983215332,44.84199905395508,47.709999084472656,426700
2026-03-06,43.36325454711914,43.5099983215332,45.09199905395508,42.470001220703125,44.279998779296875,222400
2026-03-09,43.851600646972656,44.0,45.220001220703125,43.099998474121094,44.20000076293945,706700
2026-03-10,40.552764892578125,40.689998626708984,45.25,40.630001068115234,44.0099983215332,691300
2026-03-11,35.09124755859375,35.209999084472656,37.97999954223633,34.15999984741211,37.5,1349400
2026-03-12,31.842243194580078,31.950000762939453,34.5,31.719999313354492,34.41999816894531,984700
2026-03-13,31.543254852294922,31.649999618530273,32.909000396728516,31.268999099731445,32.29999923706055,643600
2026-03-16,32.749176025390625,32.86000061035156,33.5,31.950000762939453,32.2599983215332,772900
2026-03-17,32.868770599365234,32.97999954223633,33.59000015258789,32.7400016784668,32.9900016784668,348800
2026-03-18,32.111331939697266,32.220001220703125,33.22999954223633,32.09000015258789,32.689998626708984,335900
2026-03-19,31.9718074798584,32.08000183105469,32.84000015258789,31.299999237060547,32.0,325700
2026-03-20,31.463523864746094,31.56999969482422,32.25,31.0,32.0,639000
2026-03-23,31.50339126586914,31.610000610351562,32.540000915527344,31.549999237060547,32.09000015258789,464400
2026-03-24,31.772478103637695,31.8799991607666,32.040000915527344,31.020000457763672,31.06999969482422,349800
2026-03-25,32.111331939697266,32.220001220703125,32.86000061035156,31.809999465942383,32.15999984741211,478300
2026-03-26,30.546627044677734,30.649999618530273,31.889999389648438,30.6299991607666,31.770000457763672,277900
2026-03-27,29.85895347595215,29.959999084472656,30.729999542236328,29.885000228881836,30.40999984741211,339900
2026-03-30,29.290876388549805,29.389999389648438,30.565000534057617,29.190000534057617,30.420000076293945,413300
2026-03-31,30.576526641845703,30.68000030517578,30.839000701904297,29.579999923706055,29.93000030517578,356000
2026-04-01,32.061500549316406,32.16999816894531,32.2400016784668,31.05500030517578,31.219999313354492,455700
2026-04-02,32.400352478027344,32.5099983215332,32.70000076293945,30.860000610351562,31.020000457763672,503500
2026-04-06,32.45018768310547,32.560001373291016,32.95000076293945,31.959999084472656,32.02000045776367,487000
2026-04-07,31.074840545654297,31.18000030517578,32.4900016784668,30.760000228881836,32.279998779296875,266000
2026-04-08,32.75914001464844,32.869998931884766,33.560001373291016,32.720001220703125,33.099998474121094,563700
2026-04-09,33.287353515625,33.400001525878906,34.39500045776367,32.611000061035156,32.66999816894531,355200
2026-04-10,32.53988265991211,32.650001525878906,33.5099983215332,32.599998474121094,33.220001220703125,197300
2026-04-13,32.87873840332031,32.9900016784668,33.41999816894531,32.36000061035156,32.4900016784668,260200
2026-04-14,33.11792755126953,33.22999954223633,33.94599914550781,33.13800048828125,33.2599983215332,265600
2026-04-15,32.978397369384766,33.09000015258789,33.54999923706055,32.63999938964844,33.13999938964844,373700
2026-04-16,30.327369689941406,30.43000030517578,33.68000030517578,30.09000015258789,33.06999969482422,558300
2026-04-17,31.214366912841797,31.31999969482422,32.13999938964844,31.239999771118164,31.389999389648438,698100
2026-04-20,30.407100677490234,30.510000228881836,31.7549991607666,30.260000228881836,31.09000015258789,389300
2026-04-21,29.350675582885742,29.450000762939453,31.239999771118164,29.34000015258789,30.350000381469727,434800
2026-04-22,29.510135650634766,29.610000610351562,30.040000915527344,29.18000030517578,29.8700008392334,364400
2026-04-23,28.981922149658203,29.079999923706055,29.655000686645508,28.829999923706055,29.559999465942383,389300
2026-04-24,29.360639572143555,29.459999084472656,29.815000534057617,28.81999969482422,29.09000015258789,454000
2026-04-27,29.310810089111328,29.40999984741211,29.799999237060547,29.190000534057617,29.489999771118164,286300
2026-04-28,29.60979652404785,29.709999084472656,29.940000534057617,29.0,29.440000534057617,433100
2026-04-29,27.287654876708984,27.3799991607666,30.0,27.31999969482422,29.549999237060547,439600
2026-04-30,29.549999237060547,29.649999618530273,29.844999313354492,27.40999984741211,27.6200008392334,475000
2026-05-01,29.850000381469727,29.850000381469727,30.149999618530273,29.040000915527344,29.700000762939453,442600
2026-05-04,29.3799991607666,29.3799991607666,30.326000213623047,28.950000762939453,29.406999588012695,291900
2026-05-05,29.850000381469727,29.850000381469727,30.219999313354492,29.270000457763672,29.719999313354492,325300
2026-05-06,30.84000015258789,30.84000015258789,31.030000686645508,29.899999618530273,29.899999618530273,328800
2026-05-07,29.90999984741211,29.90999984741211,31.6200008392334,29.770000457763672,31.170000076293945,459400
2026-05-08,29.850000381469727,29.850000381469727,30.329999923706055,29.149999618530273,30.0,267000
2026-05-11,31.360000610351562,31.360000610351562,31.604999542236328,29.3799991607666,29.3799991607666,664900
2026-05-12,28.3799991607666,28.3799991607666,28.815000534057617,25.729999542236328,27.21500015258789,1520100
2026-05-13,31.280000686645508,31.280000686645508,31.309999465942383,27.475000381469727,27.920000076293945,937300
2026-05-14,30.489999771118164,30.489999771118164,31.649999618530273,29.959999084472656,31.170000076293945,446000
2026-05-15,29.780000686645508,29.780000686645508,30.44499969482422,29.719999313354492,29.93000030517578,359900
2026-05-18,29.270000457763672,29.270000457763672,30.020000457763672,29.170000076293945,29.649999618530273,304800
2026-05-19,29.59000015258789,29.59000015258789,29.59000015258789,28.639999389648438,29.09000015258789,272000
2026-05-20,29.1200008392334,29.1200008392334,30.209999084472656,28.799999237060547,29.6299991607666,363600
2026-05-21,29.84000015258789,29.84000015258789,29.90999984741211,28.3799991607666,28.809999465942383,229000
2026-05-22,30.309999465942383,30.309999465942383,30.559999465942383,28.91699981689453,30.100000381469727,190000
2026-05-26,31.06999969482422,31.06999969482422,32.150001525878906,30.809999465942383,30.899999618530273,248900
2026-05-27,30.700000762939453,30.700000762939453,31.6200008392334,30.579999923706055,31.270000457763672,253500
2026-05-28,31.950000762939453,31.950000762939453,32.939998626708984,30.760000228881836,30.790000915527344,329900
2026-05-29,31.139999389648438,31.139999389648438,31.93000030517578,30.989999771118164,31.56999969482422,319400
2026-06-01,30.6200008392334,30.6200008392334,31.239999771118164,30.010000228881836,30.700000762939453,250800
2026-06-02,30.200000762939453,30.200000762939453,30.770000457763672,29.924999237060547,30.270000457763672,246500
2026-06-03,29.190000534057617,29.190000534057617,30.440000534057617,29.094999313354492,30.299999237060547,393500
2026-06-04,30.239999771118164,30.239999771118164,30.479999542236328,29.639999389648438,29.670000076293945,293800
2026-06-05,30.010000228881836,30.010000228881836,31.270000457763672,29.649999618530273,29.81999969482422,322500
2026-06-08,30.170000076293945,30.170000076293945,30.8799991607666,29.959999084472656,30.209999084472656,187100
2026-06-09,30.190000534057617,30.190000534057617,31.329999923706055,29.354999542236328,30.229999542236328,349000
2026-06-10,29.540000915527344,29.540000915527344,30.690000534057617,29.40999984741211,30.0,256100
2026-06-11,30.959999084472656,30.959999084472656,31.06999969482422,29.0,29.68000030517578,238000
2026-06-12,30.450000762939453,30.450000762939453,31.4950008392334,30.34000015258789,30.90999984741211,303200
2026-06-15,29.09000015258789,29.09000015258789,31.260000228881836,29.06999969482422,31.0,455600
2026-06-16,28.75,28.75,29.09000015258789,26.8700008392334,28.739999771118164,746300
2026-06-17,28.170000076293945,28.170000076293945,29.5,28.079999923706055,28.899999618530273,795100
2026-06-18,28.25,28.25,28.575000762939453,27.5,28.549999237060547,1450500
2026-06-22,27.559999465942383,27.559999465942383,28.09000015258789,27.18000030517578,27.950000762939453,412300
2026-06-23,27.530000686645508,27.530000686645508,28.389999389648438,27.309999465942383,27.389999389648438,395200
2026-06-24,28.75,28.75,28.75,27.450000762939453,27.5,421000
2026-06-25,28.15999984741211,28.15999984741211,29.770000457763672,27.84000015258789,28.770000457763672,450600
2026-06-26,28.020000457763672,28.020000457763672,28.78499984741211,27.93000030517578,27.950000762939453,1076000
2026-06-29,27.360000610351562,27.360000610351562,28.40999984741211,27.360000610351562,27.920000076293945,331100
2026-06-30,28.510000228881836,28.510000228881836,28.579999923706055,27.290000915527344,27.469999313354492,349100
2026-07-01,28.610000610351562,28.610000610351562,29.280000686645508,28.375,28.860000610351562,267200
2026-07-02,29.440000534057617,29.440000534057617,29.739999771118164,28.899999618530273,28.90999984741211,289600
2026-07-06,30.280000686645508,30.280000686645508,30.90999984741211,29.672000885009766,29.700000762939453,441700
2026-07-07,29.329999923706055,29.329999923706055,30.479999542236328,28.889999389648438,30.459999084472656,250800
2026-07-08,28.829999923706055,28.829999923706055,29.520000457763672,28.75,28.75,224400
2026-07-09,29.559999465942383,29.559999465942383,29.559999465942383,28.510000228881836,28.860000610351562,303100
2026-07-10,28.950000762939453,28.950000762939453,30.010000228881836,28.950000762939453,29.6299991607666,244200
2026-07-13,28.329999923706055,28.329999923706055,29.1200008392334,28.25,28.84000015258789,212600
2026-07-14,28.3799991607666,28.3799991607666,28.98699951171875,28.34000015258789,28.600000381469727,172500
2026-07-15,28.84000015258789,28.84000015258789,29.5,28.399999618530273,28.579999923706055,194500
2026-07-16,30.18000030517578,30.18000030517578,30.260000228881836,28.639999389648438,28.639999389648438,350300
2026-07-17,29.059999465942383,29.059999465942383,30.770000457763672,29.0,29.479999542236328,281200
2026-07-20,29.170000076293945,29.170000076293945,29.440000534057617,28.246000289916992,29.1200008392334,371000
2026-07-21,29.149999618530273,29.149999618530273,30.170000076293945,28.200000762939453,28.889999389648438,260600
2026-07-22,29.899999618530273,29.899999618530273,30.0,28.799999237060547,28.799999237060547,263800
2026-07-23,30.295000076293945,30.295000076293945,30.799999237060547,29.209999084472656,29.3700008392334,151707
