Date,Adjusted_Close,Close,High,Low,Open,Volume
2021-07-23,101.80867004394531,115.23999786376953,116.33999633789062,114.41999816894531,115.68000030517578,405000
2021-07-26,103.16033935546875,116.7699966430664,117.19000244140625,115.26000213623047,115.26000213623047,452200
2021-07-27,102.5242691040039,116.05000305175781,116.58000183105469,114.47000122070312,115.87000274658203,552000
2021-07-28,100.44815063476562,113.69999694824219,116.45999908447266,112.88999938964844,116.45999908447266,530800
2021-07-29,103.99077606201172,117.70999908447266,118.52999877929688,114.41999816894531,116.01000213623047,852800
2021-07-30,104.14096069335938,117.87999725341797,119.12000274658203,115.69999694824219,115.69999694824219,1181500
2021-08-02,105.22761535644531,119.11000061035156,120.69000244140625,118.23999786376953,118.7300033569336,603500
2021-08-03,105.07743835449219,118.94000244140625,119.9800033569336,117.25,119.69999694824219,380500
2021-08-04,102.39175415039062,115.9000015258789,118.70999908447266,115.62999725341797,118.16999816894531,698500
2021-08-05,102.82463836669922,116.38999938964844,118.06999969482422,114.83000183105469,117.5,542600
2021-08-06,105.38662719726562,119.29000091552734,119.63999938964844,117.62000274658203,117.62000274658203,436900
2021-08-09,105.68700408935547,119.62999725341797,120.01000213623047,118.43000030517578,119.27999877929688,276300
2021-08-10,106.36727142333984,120.4000015258789,121.08000183105469,119.2699966430664,119.4800033569336,501500
2021-08-11,107.12702941894531,121.26000213623047,121.44999694824219,120.02999877929688,120.80000305175781,361000
2021-08-12,107.6394271850586,121.83999633789062,122.08999633789062,120.33999633789062,121.54000091552734,322300
2021-08-13,107.24188232421875,121.38999938964844,122.3499984741211,121.0199966430664,122.3499984741211,343400
2021-08-16,107.83377838134766,122.05999755859375,122.13999938964844,119.6500015258789,120.62999725341797,346100
2021-08-17,108.41688537597656,122.72000122070312,123.27999877929688,121.58000183105469,122.7300033569336,328000
2021-08-18,107.01217651367188,121.12999725341797,123.41000366210938,121.02999877929688,122.25,349700
2021-08-19,107.50691986083984,121.69000244140625,122.45999908447266,120.16999816894531,120.23999786376953,371200
2021-08-20,108.93809509277344,123.30999755859375,123.75,121.27999877929688,121.94999694824219,370000
2021-08-23,108.8939437866211,123.26000213623047,124.69000244140625,122.80999755859375,123.51000213623047,313300
2021-08-24,108.78791046142578,123.13999938964844,123.9800033569336,122.97000122070312,123.66999816894531,271800
2021-08-25,110.30744934082031,124.86000061035156,125.66999816894531,123.16000366210938,123.45999908447266,451900
2021-08-26,108.29318237304688,122.58000183105469,125.5,122.52999877929688,125.5,338500
2021-08-27,109.90106201171875,124.4000015258789,124.51000213623047,122.56999969482422,122.56999969482422,336400
2021-08-30,108.62006378173828,122.94999694824219,124.3499984741211,122.91000366210938,124.30999755859375,275900
2021-08-31,109.01761627197266,123.4000015258789,124.27999877929688,122.29000091552734,122.68000030517578,521800
2021-09-01,107.93980407714844,122.18000030517578,123.4000015258789,121.38999938964844,123.4000015258789,366500
2021-09-02,107.88679504394531,122.12000274658203,122.76000213623047,121.55000305175781,122.44000244140625,342100
2021-09-03,106.968017578125,121.08000183105469,122.3499984741211,120.69000244140625,122.3499984741211,370000
2021-09-07,105.51033782958984,119.43000030517578,121.37000274658203,119.3499984741211,121.37000274658203,357100
2021-09-08,106.22590637207031,120.23999786376953,121.16999816894531,118.69999694824219,119.13999938964844,361200
2021-09-09,105.35130310058594,119.25,121.87000274658203,119.16000366210938,120.2699966430664,410300
2021-09-10,103.69924926757812,117.37999725341797,120.23999786376953,117.33999633789062,119.63999938964844,382900
2021-09-13,104.67987060546875,118.48999786376953,118.97000122070312,117.33000183105469,118.12000274658203,362000
2021-09-14,103.75225067138672,117.44000244140625,118.66000366210938,116.94000244140625,118.66000366210938,463200
2021-09-15,105.0667953491211,118.29000091552734,118.61000061035156,116.30000305175781,116.5,494200
2021-09-16,104.7115249633789,117.88999938964844,118.51000213623047,117.0999984741211,118.27999877929688,368900
2021-09-17,103.4324951171875,116.44999694824219,118.38999938964844,116.31999969482422,117.41999816894531,1091900
2021-09-20,101.49617767333984,114.2699966430664,115.1500015258789,112.69999694824219,114.80999755859375,599100
2021-09-21,101.03431701660156,113.75,115.48999786376953,113.37000274658203,115.02999877929688,402800
2021-09-22,101.66494750976562,114.45999908447266,115.2300033569336,114.16000366210938,115.08999633789062,359100
2021-09-23,103.1305160522461,116.11000061035156,117.29000091552734,115.26000213623047,115.2699966430664,398400
2021-09-24,103.58349609375,116.62000274658203,117.16999816894531,115.37000274658203,116.36000061035156,252400
2021-09-27,105.23558044433594,118.4800033569336,118.80000305175781,117.18000030517578,117.20999908447266,404000
2021-09-28,102.78409576416016,115.72000122070312,119.25,115.54000091552734,118.26000213623047,498100
2021-09-29,103.34366607666016,116.3499984741211,117.25,115.56999969482422,115.83000183105469,315000
2021-09-30,101.4517822265625,114.22000122070312,117.87000274658203,113.62000274658203,117.05000305175781,758600
2021-10-01,101.95806121826172,114.79000091552734,115.7699966430664,112.76000213623047,114.4000015258789,481300
2021-10-04,100.65238189697266,113.31999969482422,115.93000030517578,112.97000122070312,114.27999877929688,673800
2021-10-05,102.58869934082031,115.5,115.95999908447266,112.72000122070312,113.87000274658203,528700
2021-10-06,103.45024871826172,116.47000122070312,116.55000305175781,113.52999877929688,114.52999877929688,338600
2021-10-07,105.58196258544922,118.87000274658203,119.05000305175781,117.76000213623047,117.77999877929688,385700
2021-10-08,106.66558837890625,120.08999633789062,120.61000061035156,118.88999938964844,119.55000305175781,427400
2021-10-11,105.48429107666016,118.76000213623047,122.58000183105469,118.72000122070312,120.33999633789062,336200
2021-10-12,104.88028717041016,118.08000183105469,119.94000244140625,117.87000274658203,118.94000244140625,310800
2021-10-13,103.91212463378906,116.98999786376953,117.94999694824219,116.36000061035156,117.93000030517578,355300
2021-10-14,105.27110290527344,118.5199966430664,119.16999816894531,117.38999938964844,117.6500015258789,479900
2021-10-15,105.64415740966797,118.94000244140625,120.52999877929688,118.23999786376953,120.01000213623047,356500
2021-10-18,103.88546752929688,116.95999908447266,118.76000213623047,116.80999755859375,118.76000213623047,316500
2021-10-19,104.64935302734375,117.81999969482422,119.30999755859375,117.1500015258789,118.16000366210938,303400
2021-10-20,106.39025115966797,119.77999877929688,120.2699966430664,117.66999816894531,117.66999816894531,365800
2021-10-21,106.39025115966797,119.77999877929688,120.55999755859375,119.0999984741211,119.62000274658203,308100
2021-10-22,108.53084564208984,122.19000244140625,122.26000213623047,119.95999908447266,119.95999908447266,395500
2021-10-25,109.64112854003906,123.44000244140625,123.55999755859375,121.19000244140625,122.08999633789062,476400
2021-10-26,109.29471588134766,123.05000305175781,123.9800033569336,122.69999694824219,123.94999694824219,477900
2021-10-27,107.64262390136719,121.19000244140625,123.93000030517578,121.05999755859375,123.6500015258789,633000
2021-10-28,112.07481384277344,126.18000030517578,127.0,123.0,123.0,708600
2021-10-29,107.86467742919922,121.44000244140625,126.62000274658203,121.0199966430664,125.68000030517578,927500
2021-11-01,107.0208740234375,120.48999786376953,122.30000305175781,118.43000030517578,121.81999969482422,596400
2021-11-02,109.756591796875,123.56999969482422,123.58999633789062,120.0199966430664,120.48999786376953,580200
2021-11-03,110.74248504638672,124.68000030517578,125.91000366210938,122.23999786376953,123.05000305175781,507500
2021-11-04,110.29838562011719,124.18000030517578,124.69000244140625,123.0,124.1500015258789,480400
2021-11-05,111.99488830566406,126.08999633789062,126.87999725341797,123.87999725341797,125.0,432900
2021-11-08,110.50270080566406,124.41000366210938,127.25,123.63999938964844,126.30000305175781,608500
2021-11-09,110.2806396484375,124.16000366210938,124.69999694824219,123.2699966430664,124.0,290500
2021-11-10,109.73880767822266,123.55000305175781,125.0,123.23999786376953,124.18000030517578,377900
2021-11-11,109.05489349365234,122.77999877929688,123.62000274658203,122.44000244140625,123.5999984741211,234400
2021-11-12,108.47753143310547,122.12999725341797,122.94999694824219,121.45999908447266,122.94999694824219,419600
2021-11-15,107.90021514892578,121.4800033569336,122.54000091552734,121.1500015258789,122.22000122070312,378800
2021-11-16,107.15411376953125,120.63999938964844,122.56999969482422,120.55999755859375,121.56999969482422,406600
2021-11-17,105.47539520263672,118.75,120.44999694824219,117.87000274658203,120.44999694824219,438200
2021-11-18,105.43097686767578,118.69999694824219,119.22000122070312,117.5,118.75,339800
2021-11-19,105.52867126464844,118.80999755859375,119.19000244140625,116.94000244140625,118.58999633789062,414400
2021-11-22,106.4701919555664,119.87000274658203,120.66999816894531,118.76000213623047,119.9800033569336,634500
2021-11-23,107.42057800292969,120.94000244140625,120.95999908447266,119.51000213623047,120.51000213623047,417800
2021-11-24,106.4257583618164,119.81999969482422,121.19000244140625,119.18000030517578,121.19000244140625,481500
2021-11-26,104.16082763671875,117.2699966430664,119.08000183105469,114.66000366210938,116.91000366210938,609700
2021-11-29,105.21780395507812,118.45999908447266,119.1500015258789,116.4800033569336,117.58999633789062,632800
2021-11-30,101.16755676269531,113.9000015258789,117.63999938964844,113.0199966430664,117.48999786376953,1653800
2021-12-01,100.23492431640625,112.8499984741211,116.91000366210938,112.81999969482422,115.80000305175781,639100
2021-12-02,104.56051635742188,117.72000122070312,119.05000305175781,113.66999816894531,113.66999816894531,727200
2021-12-03,102.92622375488281,115.87999725341797,117.98999786376953,114.7699966430664,117.87000274658203,476500
2021-12-06,103.29039764404297,116.29000091552734,118.77999877929688,116.02999877929688,117.66000366210938,694300
2021-12-07,104.59605407714844,117.76000213623047,118.5199966430664,116.56999969482422,117.02999877929688,498300
2021-12-08,104.10753631591797,117.20999908447266,118.41999816894531,116.44000244140625,117.77999877929688,455500
2021-12-09,102.26893615722656,115.13999938964844,116.08000183105469,113.87000274658203,114.27999877929688,576300
2021-12-10,103.37032318115234,116.37999725341797,116.83000183105469,115.72000122070312,115.98999786376953,406900
2021-12-13,101.58501434326172,114.37000274658203,116.02999877929688,113.44999694824219,116.02999877929688,483500
2021-12-14,102.93509674072266,115.88999938964844,116.9000015258789,114.01000213623047,114.48999786376953,535400
2021-12-15,103.42627716064453,115.80999755859375,116.5,114.80999755859375,115.69999694824219,398800
2021-12-16,104.73912048339844,117.27999877929688,118.29000091552734,115.87000274658203,116.66999816894531,480200
2021-12-17,100.9167709350586,113.0,117.38999938964844,111.94000244140625,117.38999938964844,1671500
2021-12-20,98.24650573730469,110.01000213623047,111.41000366210938,108.87999725341797,111.37999725341797,666300
2021-12-21,99.61286926269531,111.54000091552734,112.8499984741211,110.76000213623047,110.76000213623047,547200
2021-12-22,100.41666412353516,112.44000244140625,112.77999877929688,110.2300033569336,111.58000183105469,504100
2021-12-23,100.32733917236328,112.33999633789062,114.12999725341797,112.0,112.79000091552734,400000
2021-12-27,101.91699981689453,114.12000274658203,114.19999694824219,111.79000091552734,112.37999725341797,329000
2021-12-28,102.55109405517578,114.83000183105469,115.5,114.12000274658203,114.30000305175781,329200
2021-12-29,102.72074890136719,115.0199966430664,116.05999755859375,114.41000366210938,115.11000061035156,208700
2021-12-30,101.51512145996094,113.66999816894531,115.94000244140625,113.56999969482422,115.0999984741211,337900
2021-12-31,101.747314453125,113.93000030517578,114.62999725341797,113.08000183105469,113.45999908447266,414800
2022-01-03,101.01500701904297,113.11000061035156,115.81999969482422,112.43000030517578,114.36000061035156,403800
2022-01-04,103.3637466430664,115.73999786376953,116.8499984741211,114.11000061035156,114.26000213623047,570600
2022-01-05,101.9080581665039,114.11000061035156,116.79000091552734,114.05000305175781,115.97000122070312,469700
2022-01-06,103.79244995117188,116.22000122070312,116.80999755859375,114.81999969482422,114.81999969482422,533100
2022-01-07,105.95365905761719,118.63999938964844,118.98999786376953,115.95999908447266,116.6500015258789,872000
2022-01-10,105.60537719726562,118.25,119.48999786376953,117.05999755859375,119.0,775000
2022-01-11,106.70384216308594,119.4800033569336,119.66000366210938,118.16000366210938,119.0,536800
2022-01-12,106.16799926757812,118.87999725341797,120.30000305175781,118.36000061035156,119.48999786376953,515600
2022-01-13,108.05238342285156,120.98999786376953,122.5999984741211,119.19000244140625,119.19999694824219,691600
2022-01-14,106.75743865966797,119.54000091552734,120.62999725341797,118.7300033569336,120.08000183105469,541900
2022-01-18,104.8194580078125,117.37000274658203,120.0,116.91000366210938,119.23999786376953,491900
2022-01-19,102.6761245727539,114.97000122070312,117.7699966430664,114.86000061035156,117.7699966430664,432100
2022-01-20,103.39950561523438,115.77999877929688,118.66000366210938,115.41000366210938,115.70999908447266,627100
2022-01-21,102.22063446044922,114.45999908447266,116.9800033569336,114.30000305175781,115.58000183105469,727900
2022-01-24,104.64086151123047,117.16999816894531,117.5199966430664,112.12999725341797,113.4800033569336,820900
2022-01-25,102.78325653076172,115.08999633789062,116.45999908447266,113.33000183105469,116.04000091552734,595700
2022-01-26,102.6850357055664,114.9800033569336,117.63999938964844,113.56999969482422,116.11000061035156,693100
2022-01-27,101.33650970458984,113.47000122070312,117.91999816894531,112.91999816894531,116.16000366210938,706700
2022-01-28,104.8730697631836,117.43000030517578,117.5199966430664,112.9800033569336,113.02999877929688,664600
2022-01-31,105.23029327392578,117.83000183105469,117.9800033569336,115.63999938964844,116.73999786376953,984900
2022-02-01,105.66789245605469,118.31999969482422,118.87999725341797,116.55999755859375,117.4800033569336,586100
2022-02-02,108.00772857666016,120.94000244140625,121.18000030517578,117.9000015258789,117.9000015258789,658400
2022-02-03,107.60584259033203,120.48999786376953,121.75,120.05999755859375,120.51000213623047,696000
2022-02-04,108.67753601074219,121.69000244140625,122.98999786376953,120.16999816894531,120.54000091552734,619800
2022-02-07,108.34708404541016,121.31999969482422,122.62000274658203,120.75,122.16000366210938,466000
2022-02-08,109.99034881591797,123.16000366210938,123.75,121.11000061035156,121.94999694824219,710100
2022-02-09,109.97247314453125,123.13999938964844,124.94000244140625,122.94999694824219,123.87000274658203,517000
2022-02-10,109.43663024902344,122.54000091552734,124.12999725341797,121.87000274658203,122.4000015258789,941500
2022-02-11,108.18634796142578,121.13999938964844,123.52999877929688,120.4000015258789,122.72000122070312,894300
2022-02-14,106.70384216308594,119.4800033569336,121.63999938964844,117.66999816894531,121.13999938964844,1051100
2022-02-15,107.78446197509766,120.69000244140625,122.23999786376953,119.94999694824219,120.91000366210938,876200
2022-02-16,114.43782806396484,128.13999938964844,128.14999389648438,123.26000213623047,123.26000213623047,1377900
2022-02-17,112.74991607666016,126.25,129.1699981689453,125.05999755859375,127.33999633789062,963400
2022-02-18,112.15156555175781,125.58000183105469,127.0199966430664,124.80000305175781,126.0,743900
2022-02-22,110.68693542480469,123.94000244140625,125.51000213623047,122.36000061035156,125.11000061035156,745500
2022-02-23,109.34733581542969,122.44000244140625,124.91999816894531,121.95999908447266,124.62000274658203,594400
2022-02-24,106.65025329589844,119.41999816894531,119.70999908447266,116.7699966430664,119.70999908447266,1085700
2022-02-25,111.58000183105469,124.94000244140625,125.05999755859375,120.58999633789062,120.58999633789062,702200
2022-02-28,109.6598892211914,122.79000091552734,123.93000030517578,121.26000213623047,122.2699966430664,680100
2022-03-01,107.2129135131836,120.05000305175781,122.22000122070312,118.95999908447266,121.6500015258789,756000
2022-03-02,110.19573974609375,123.38999938964844,123.86000061035156,120.95999908447266,120.95999908447266,642300
2022-03-03,111.06201934814453,124.36000061035156,124.87999725341797,122.7699966430664,123.87000274658203,510900
2022-03-04,110.02604675292969,123.19999694824219,123.58999633789062,121.08000183105469,123.0,556700
2022-03-07,106.92710876464844,119.7300033569336,122.58999633789062,119.69000244140625,122.52999877929688,879900
2022-03-08,106.56095123291016,119.31999969482422,122.25,118.72000122070312,120.68000030517578,712200
2022-03-09,108.38282012939453,121.36000061035156,123.68000030517578,121.13999938964844,122.43000030517578,639300
2022-03-10,109.09727478027344,122.16000366210938,122.48999786376953,119.62999725341797,120.30000305175781,467400
2022-03-11,108.67753601074219,121.69000244140625,124.66999816894531,121.56999969482422,122.9000015258789,524400
2022-03-14,114.34850311279297,128.0399932861328,130.22999572753906,124.30999755859375,124.87000274658203,1372400
2022-03-15,116.74195861816406,130.72000122070312,131.02999877929688,128.25999450683594,128.82000732421875,674200
2022-03-16,116.54547882080078,130.5,133.3300018310547,129.24000549316406,131.17999267578125,753400
2022-03-17,118.75409698486328,132.27000427246094,132.6300048828125,128.99000549316406,128.99000549316406,650100
2022-03-18,114.86653900146484,127.94000244140625,132.5399932861328,127.6500015258789,132.2899932861328,3549000
2022-03-21,117.7126235961914,131.11000061035156,131.13999938964844,128.47999572753906,128.82000732421875,724000
2022-03-22,118.23335266113281,131.69000244140625,132.63999938964844,130.55999755859375,132.27000427246094,603600
2022-03-23,118.27825164794922,131.74000549316406,132.69000244140625,131.1199951171875,131.47999572753906,721400
2022-03-24,121.04352569580078,134.82000732421875,134.9600067138672,131.99000549316406,132.6699981689453,620400
2022-03-25,122.90199279785156,136.88999938964844,136.97999572753906,134.91000366210938,135.02999877929688,455400
2022-03-28,121.89644622802734,135.77000427246094,136.85000610351562,134.35000610351562,136.75999450683594,471800
2022-03-29,122.60572052001953,136.55999755859375,137.32000732421875,135.5,136.6699981689453,373600
2022-03-30,124.03325653076172,138.14999389648438,138.1999969482422,136.35000610351562,136.94000244140625,454800
2022-03-31,122.06703186035156,135.9600067138672,138.99000549316406,135.5800018310547,138.6699981689453,729300
2022-04-01,123.9614486694336,138.07000732421875,138.14999389648438,135.74000549316406,137.16000366210938,620100
2022-04-04,121.32184600830078,135.1300048828125,137.61000061035156,134.39999389648438,137.4600067138672,429200
2022-04-05,121.45652770996094,135.27999877929688,137.13999938964844,134.6199951171875,134.74000549316406,417700
2022-04-06,123.33295440673828,137.3699951171875,138.38999938964844,134.49000549316406,134.6300048828125,729200
2022-04-07,122.9917984008789,136.99000549316406,137.72999572753906,135.72999572753906,137.1999969482422,538400
2022-04-08,123.79981231689453,137.88999938964844,138.1300048828125,136.22999572753906,137.66000366210938,540000
2022-04-11,122.53389739990234,136.47999572753906,139.82000732421875,136.33999633789062,138.22999572753906,468400
2022-04-12,122.85708618164062,136.83999633789062,138.16000366210938,135.67999267578125,136.5500030517578,457800
2022-04-13,123.75489807128906,137.83999633789062,138.1199951171875,135.1699981689453,136.52000427246094,380200
2022-04-14,124.06914520263672,138.19000244140625,138.9499969482422,137.35000610351562,137.6699981689453,358500
2022-04-18,124.42829895019531,138.58999633789062,139.0800018310547,137.3300018310547,137.75999450683594,387200
2022-04-19,124.65274810791016,138.83999633789062,139.10000610351562,137.89999389648438,138.92999267578125,545000
2022-04-20,126.81647491455078,141.25,141.4600067138672,139.00999450683594,139.3300018310547,553400
2022-04-21,125.94561767578125,140.27999877929688,143.22000122070312,140.11000061035156,141.7100067138672,419300
2022-04-22,122.69549560546875,136.66000366210938,139.8800048828125,136.4199981689453,139.8800048828125,464300
2022-04-25,122.17475891113281,136.0800018310547,136.5500030517578,132.83999633789062,136.5500030517578,824500
2022-04-26,120.33423614501953,134.02999877929688,136.7100067138672,133.8300018310547,134.6199951171875,672700
2022-04-27,121.214111328125,135.00999450683594,136.4499969482422,133.52000427246094,134.4600067138672,591400
2022-04-28,122.10292053222656,136.0,136.5399932861328,133.6199951171875,135.2100067138672,670800
2022-04-29,110.1260757446289,122.66000366210938,133.9199981689453,122.25,133.9199981689453,2466000
2022-05-02,108.41123962402344,120.75,124.4000015258789,118.69999694824219,123.06999969482422,1090600
2022-05-03,109.68614196777344,122.16999816894531,123.68000030517578,121.47000122070312,121.58000183105469,768700
2022-05-04,114.32785034179688,127.33999633789062,127.38999938964844,121.83000183105469,122.16999816894531,744200
2022-05-05,112.99011993408203,125.8499984741211,127.01000213623047,124.05999755859375,126.0,691100
2022-05-06,113.53777313232422,126.45999908447266,126.9800033569336,124.2300033569336,125.51000213623047,533800
2022-05-09,112.24492645263672,125.0199966430664,126.12000274658203,124.0999984741211,125.16000366210938,737900
2022-05-10,112.22696685791016,125.0,127.20999908447266,123.91000366210938,126.29000091552734,865000
2022-05-11,112.36161804199219,125.1500015258789,126.79000091552734,124.66999816894531,125.23999786376953,599200
2022-05-12,112.06536102294922,124.81999969482422,125.3499984741211,122.73999786376953,124.98999786376953,884000
2022-05-13,113.33128356933594,126.2300033569336,126.5,124.6500015258789,125.08999633789062,506300
2022-05-16,113.22354125976562,126.11000061035156,127.01000213623047,125.0199966430664,126.06999969482422,438800
2022-05-17,113.99567413330078,126.97000122070312,127.9000015258789,125.87000274658203,127.26000213623047,469300
2022-05-18,112.05638885498047,124.80999755859375,126.52999877929688,124.33999633789062,126.4800033569336,425200
2022-05-19,110.13505554199219,122.66999816894531,124.29000091552734,119.9800033569336,122.98999786376953,670300
2022-05-20,109.51555633544922,121.9800033569336,124.08000183105469,120.26000213623047,123.41999816894531,813800
2022-05-23,112.5322265625,125.33999633789062,125.93000030517578,122.73999786376953,123.66999816894531,555700
2022-05-24,112.3077621459961,125.08999633789062,125.68000030517578,122.80999755859375,124.98999786376953,641200
2022-05-25,111.72418975830078,124.44000244140625,125.9000015258789,123.37999725341797,124.5999984741211,567500
2022-05-26,114.07646942138672,127.05999755859375,127.69000244140625,124.94999694824219,124.97000122070312,371300
2022-05-27,115.29749298095703,128.4199981689453,128.44000244140625,127.08999633789062,127.44000244140625,282500
2022-05-31,114.79472351074219,127.86000061035156,128.85000610351562,125.80000305175781,127.41999816894531,634700
2022-06-01,113.22354125976562,126.11000061035156,128.1999969482422,124.12999725341797,128.0399932861328,374000
2022-06-02,114.33683013916016,127.3499984741211,127.44000244140625,124.30999755859375,126.16000366210938,250400
2022-06-03,113.43003845214844,126.33999633789062,127.11000061035156,125.91999816894531,126.76000213623047,255000
2022-06-06,115.02816009521484,128.1199951171875,128.5800018310547,126.27999877929688,127.2699966430664,328200
2022-06-07,115.22566223144531,128.33999633789062,128.57000732421875,127.0,127.6500015258789,324900
2022-06-08,113.58267974853516,126.51000213623047,127.7300033569336,126.20999908447266,127.55999755859375,232100
2022-06-09,110.80841827392578,123.41999816894531,127.68000030517578,123.41000366210938,126.55999755859375,263000
2022-06-10,107.64810943603516,119.9000015258789,121.52999877929688,119.80999755859375,121.3499984741211,575100
2022-06-13,104.44291687011719,116.33000183105469,118.41999816894531,115.5999984741211,117.5,589000
2022-06-14,104.52369689941406,116.41999816894531,117.87999725341797,115.51000213623047,117.12000274658203,531100
2022-06-15,105.51131439208984,117.5199966430664,119.47000122070312,115.98999786376953,118.3499984741211,547900
2022-06-16,101.78141784667969,112.69999694824219,115.27999877929688,111.83999633789062,115.27999877929688,710500
2022-06-17,102.92839050292969,113.97000122070312,114.9000015258789,112.56999969482422,113.19999694824219,1383800
2022-06-21,104.3553237915039,115.55000305175781,116.0,113.80999755859375,115.48999786376953,640800
2022-06-22,104.50884246826172,115.72000122070312,116.91999816894531,113.91999816894531,114.30999755859375,523400
2022-06-23,102.576171875,113.58000183105469,116.47000122070312,112.8499984741211,115.97000122070312,687400
2022-06-24,105.2132797241211,116.5,117.12000274658203,113.81999969482422,114.83999633789062,1721000
2022-06-27,105.82740020751953,117.18000030517578,117.4800033569336,116.04000091552734,116.80999755859375,564400
2022-06-28,106.24283599853516,117.63999938964844,119.56999969482422,117.58000183105469,118.16000366210938,462900
2022-06-29,106.47764587402344,117.9000015258789,118.75,117.27999877929688,118.02999877929688,529400
2022-06-30,107.45301055908203,118.9800033569336,119.5199966430664,116.25,116.86000061035156,685200
2022-07-01,108.69931030273438,120.36000061035156,120.9000015258789,118.1500015258789,118.83000183105469,527500
2022-07-05,107.5252456665039,119.05999755859375,119.5199966430664,116.05999755859375,118.83999633789062,646800
2022-07-06,108.20259857177734,119.80999755859375,120.7699966430664,118.5199966430664,118.87999725341797,526300
2022-07-07,107.61559295654297,119.16000366210938,121.9800033569336,119.04000091552734,121.16999816894531,570000
2022-07-08,107.14594268798828,118.63999938964844,120.30000305175781,118.04000091552734,119.73999786376953,755700
2022-07-11,106.35121154785156,117.76000213623047,120.73999786376953,117.23999786376953,117.63999938964844,881200
2022-07-12,105.51132202148438,116.83000183105469,118.80999755859375,116.5199966430664,117.73999786376953,928900
2022-07-13,104.59012603759766,115.80999755859375,117.1500015258789,115.04000091552734,116.23999786376953,808300
2022-07-14,100.35450744628906,111.12000274658203,113.73999786376953,110.9800033569336,113.2300033569336,1100200
2022-07-15,101.49243927001953,112.37999725341797,113.80000305175781,111.30000305175781,112.48999786376953,4352100
2022-07-18,98.40377807617188,108.95999908447266,113.4000015258789,108.6500015258789,113.11000061035156,734300
2022-07-19,100.8873519897461,111.70999908447266,111.88999938964844,109.87000274658203,110.43000030517578,621700
2022-07-20,100.13774108886719,110.87999725341797,112.37000274658203,110.3499984741211,111.58000183105469,580500
2022-07-21,99.98420715332031,110.70999908447266,110.80000305175781,109.13999938964844,110.37999725341797,474600
2022-07-22,100.09261322021484,110.83000183105469,111.9800033569336,109.80000305175781,111.01000213623047,436500
2022-07-25,101.64595794677734,112.55000305175781,113.26000213623047,111.45999908447266,111.55000305175781,472900
2022-07-26,102.61228942871094,113.62000274658203,113.88999938964844,112.12000274658203,112.12000274658203,659800
2022-07-27,102.4677963256836,113.45999908447266,114.3499984741211,112.30000305175781,113.2300033569336,766400
2022-07-28,88.21659851074219,97.68000030517578,109.48999786376953,97.08000183105469,108.93000030517578,2368500
2022-07-29,87.90953063964844,97.33999633789062,98.80999755859375,96.41999816894531,97.69000244140625,2575600
2022-08-01,85.69689178466797,94.88999938964844,96.6500015258789,94.16000366210938,96.36000061035156,1229300
2022-08-02,85.44403839111328,94.61000061035156,95.73999786376953,93.41000366210938,95.37000274658203,1307000
2022-08-03,87.33154296875,96.69999694824219,97.08000183105469,94.58999633789062,94.83999633789062,905000
2022-08-04,86.24779510498047,95.5,96.91000366210938,95.30999755859375,96.30000305175781,811700
2022-08-05,87.8372802734375,97.26000213623047,97.62999725341797,95.37000274658203,95.66000366210938,830500
2022-08-08,88.81265258789062,98.33999633789062,99.0999984741211,97.51000213623047,97.8499984741211,810300
2022-08-09,89.26419830322266,98.83999633789062,99.62000274658203,98.04000091552734,98.93000030517578,821700
2022-08-10,90.34795379638672,100.04000091552734,100.41000366210938,99.55999755859375,99.7300033569336,910600
2022-08-11,92.80442810058594,102.76000213623047,103.36000061035156,100.56999969482422,100.63999938964844,911300
2022-08-12,94.2223129272461,104.33000183105469,104.41999816894531,103.0,103.0,685900
2022-08-15,94.37586975097656,104.5,105.02999877929688,103.11000061035156,103.11000061035156,571200
2022-08-16,95.12545013427734,105.33000183105469,105.5199966430664,104.19000244140625,104.43000030517578,761600
2022-08-17,96.1369400024414,106.44999694824219,106.80999755859375,103.83000183105469,104.08999633789062,700900
2022-08-18,95.8840560913086,106.16999816894531,107.16999816894531,105.37000274658203,106.26000213623047,623100
2022-08-19,93.81593322753906,103.87999725341797,105.51000213623047,103.81999969482422,105.30000305175781,631700
2022-08-22,91.77487182617188,101.62000274658203,103.31999969482422,101.0,103.31999969482422,603900
2022-08-23,91.35945129394531,101.16000366210938,102.19999694824219,100.94000244140625,101.55999755859375,392300
2022-08-24,91.48587799072266,101.30000305175781,101.55999755859375,100.26000213623047,101.16000366210938,314600
2022-08-25,92.94893646240234,102.91999816894531,102.95999908447266,100.7300033569336,101.48999786376953,345400
2022-08-26,91.0614242553711,100.83000183105469,103.5199966430664,100.7300033569336,103.08999633789062,496000
2022-08-29,90.51051330566406,100.22000122070312,101.30999755859375,99.69999694824219,100.33999633789062,485000
2022-08-30,88.99327850341797,98.54000091552734,101.44000244140625,98.36000061035156,100.30999755859375,671100
2022-08-31,87.56635284423828,96.95999908447266,99.08999633789062,96.83999633789062,98.75,801600
2022-09-01,88.25271606445312,97.72000122070312,98.0,96.31999969482422,96.83000183105469,553100
2022-09-02,87.43991088867188,96.81999969482422,99.3499984741211,96.44999694824219,98.11000061035156,531900
2022-09-06,87.80116271972656,97.22000122070312,98.25,96.70999908447266,97.66000366210938,765400
2022-09-07,89.4358139038086,99.02999877929688,99.12999725341797,97.2699966430664,97.30000305175781,483200
2022-09-08,90.02283477783203,99.68000030517578,100.08999633789062,98.2300033569336,98.3499984741211,604400
2022-09-09,90.93498229980469,100.69000244140625,101.16999816894531,99.94000244140625,100.31999969482422,726100
2022-09-12,92.67798614501953,102.62000274658203,102.83999633789062,101.16999816894531,101.16999816894531,832900
2022-09-13,89.75189208984375,99.37999725341797,101.87999725341797,99.19999694824219,101.30000305175781,822200
2022-09-14,90.49246215820312,100.19999694824219,100.47000122070312,98.7300033569336,99.88999938964844,758500
2022-09-15,90.75617980957031,99.80000305175781,101.43000030517578,99.26000213623047,99.51000213623047,779900
2022-09-16,88.58274841308594,97.41000366210938,99.98999786376953,97.3499984741211,99.98999786376953,3941700
2022-09-19,90.1741714477539,99.16000366210938,99.27999877929688,96.58000183105469,96.6500015258789,723800
2022-09-20,88.23719787597656,97.02999877929688,98.66999816894531,95.73999786376953,98.66999816894531,840700
2022-09-21,85.93646240234375,94.5,97.94999694824219,94.4800033569336,97.55000305175781,443900
2022-09-22,84.56330108642578,92.98999786376953,95.01000213623047,92.76000213623047,94.86000061035156,899700
2022-09-23,83.66300201416016,92.0,93.01000213623047,91.16999816894531,92.58999633789062,812800
2022-09-26,82.08068084716797,90.26000213623047,91.94000244140625,88.66000366210938,91.37000274658203,629400
2022-09-27,82.51717376708984,90.73999786376953,91.02999877929688,89.33999633789062,90.52999877929688,685000
2022-09-28,84.09952545166016,92.4800033569336,92.94999694824219,90.52999877929688,91.1500015258789,621700
2022-09-29,83.52659606933594,91.8499984741211,92.22000122070312,91.26000213623047,92.05999755859375,669700
2022-09-30,81.4532241821289,89.56999969482422,92.41999816894531,89.36000061035156,91.98999786376953,918000
2022-10-03,84.80883026123047,93.26000213623047,93.62999725341797,89.62000274658203,90.63999938964844,1023000
2022-10-04,87.47331237792969,96.19000244140625,96.36000061035156,93.66999816894531,93.66999816894531,681700
2022-10-05,87.88252258300781,96.63999938964844,97.31999969482422,95.08999633789062,95.08999633789062,608200
2022-10-06,86.90948486328125,95.56999969482422,96.3499984741211,95.12000274658203,95.9000015258789,862000
2022-10-07,85.42719268798828,93.94000244140625,95.12999725341797,93.6500015258789,95.11000061035156,884700
2022-10-10,87.07318878173828,95.75,96.0199966430664,94.48999786376953,94.52999877929688,409500
2022-10-11,87.80978393554688,96.55999755859375,98.61000061035156,95.0199966430664,95.37000274658203,739600
2022-10-12,88.30084991455078,97.0999984741211,98.4800033569336,96.11000061035156,96.56999969482422,876800
2022-10-13,92.21118927001953,101.4000015258789,101.79000091552734,95.30999755859375,96.0199966430664,812100
2022-10-14,90.07414245605469,99.05000305175781,102.48999786376953,98.9000015258789,101.44000244140625,839100
2022-10-17,91.2017593383789,100.29000091552734,100.9000015258789,99.11000061035156,100.75,762700
2022-10-18,92.38395690917969,101.58999633789062,102.51000213623047,100.66999816894531,101.77999877929688,756300
2022-10-19,91.88380432128906,101.04000091552734,102.58999633789062,100.12000274658203,101.30000305175781,626700
2022-10-20,88.89193725585938,97.75,100.04000091552734,97.25,100.04000091552734,825100
2022-10-21,90.24690246582031,99.23999786376953,100.1500015258789,97.13999938964844,97.88999938964844,3051400
2022-10-24,90.62885284423828,99.66000366210938,101.41000366210938,98.91000366210938,100.58999633789062,1046000
2022-10-25,89.98318481445312,98.94999694824219,99.02999877929688,96.70999908447266,98.87999725341797,791900
2022-10-26,89.21024322509766,98.0999984741211,100.37000274658203,97.75,99.73999786376953,1030800
2022-10-27,89.85587310791016,98.80999755859375,100.72000122070312,98.69999694824219,99.2300033569336,673800
2022-10-28,93.202392578125,102.48999786376953,102.61000061035156,99.20999908447266,99.4000015258789,635900
2022-10-31,93.95719909667969,103.31999969482422,103.44999694824219,101.08000183105469,101.83000183105469,1907300
2022-11-01,90.22872161865234,99.22000122070312,103.61000061035156,98.4000015258789,103.47000122070312,1103700
2022-11-02,90.07414245605469,99.05000305175781,101.19000244140625,97.95999908447266,98.66999816894531,914400
2022-11-03,88.20989990234375,97.0,98.70999908447266,96.62999725341797,97.88999938964844,630600
2022-11-04,90.7470703125,99.79000091552734,99.87000274658203,97.43000030517578,97.44000244140625,514900
2022-11-07,93.14784240722656,102.43000030517578,102.43000030517578,99.37000274658203,99.9000015258789,667200
2022-11-08,93.8025894165039,103.1500015258789,103.29000091552734,101.5,102.04000091552734,682300
2022-11-09,92.29302978515625,101.48999786376953,103.1500015258789,101.27999877929688,102.54000091552734,408400
2022-11-10,97.80387115478516,107.55000305175781,107.69999694824219,103.62000274658203,104.38999938964844,989600
2022-11-11,100.11368560791016,110.08999633789062,110.5,106.98999786376953,108.0,1042300
2022-11-14,99.05882263183594,108.93000030517578,111.7699966430664,108.87999725341797,110.12000274658203,977600
2022-11-15,96.7490005493164,106.38999938964844,109.7300033569336,105.9800033569336,109.62999725341797,547300
2022-11-16,96.26702117919922,105.86000061035156,106.97000122070312,105.47000122070312,106.58000183105469,581500
2022-11-17,96.06694030761719,105.63999938964844,105.80000305175781,104.29000091552734,104.79000091552734,322800
2022-11-18,97.1763916015625,106.86000061035156,107.62000274658203,105.62999725341797,106.77999877929688,401800
2022-11-21,97.14912414550781,106.83000183105469,107.45999908447266,105.97000122070312,106.58999633789062,535700
2022-11-22,98.24947357177734,108.04000091552734,108.31999969482422,106.70999908447266,107.51000213623047,383400
2022-11-23,98.94059753417969,108.80000305175781,108.83000183105469,107.41000366210938,107.94000244140625,364900
2022-11-25,99.87725830078125,109.83000183105469,109.94000244140625,108.91000366210938,109.23999786376953,173200
2022-11-28,97.65837860107422,107.38999938964844,109.45999908447266,107.2699966430664,109.2300033569336,444700
2022-11-29,98.33130645751953,108.12999725341797,109.0,107.0199966430664,107.05999755859375,401700
2022-11-30,100.90486145019531,110.95999908447266,111.05999755859375,105.61000061035156,107.26000213623047,955900
2022-12-01,101.05036926269531,111.12000274658203,112.13999938964844,109.81999969482422,111.83999633789062,594600
2022-12-02,100.40470123291016,110.41000366210938,110.7699966430664,109.70999908447266,109.75,360800
2022-12-05,98.09488677978516,107.87000274658203,110.61000061035156,106.91000366210938,109.83999633789062,370000
2022-12-06,97.24916076660156,106.94000244140625,107.87999725341797,105.80000305175781,107.80000305175781,466600
2022-12-07,95.3030776977539,104.80000305175781,107.19000244140625,104.66999816894531,106.55999755859375,519300
2022-12-08,96.5853042602539,106.20999908447266,106.2699966430664,104.61000061035156,104.98999786376953,464700
2022-12-09,96.3124771118164,105.91000366210938,106.88999938964844,104.69000244140625,106.25,463100
2022-12-12,97.64019775390625,107.37000274658203,107.41000366210938,104.88999938964844,106.11000061035156,525400
2022-12-13,97.84024047851562,107.58999633789062,110.01000213623047,107.33999633789062,109.2300033569336,648500
2022-12-14,96.76717376708984,106.41000366210938,109.2300033569336,105.66000366210938,107.66999816894531,615500
2022-12-15,94.88162231445312,103.66000366210938,104.77999877929688,103.41999816894531,103.9000015258789,496600
2022-12-16,93.56356811523438,102.22000122070312,103.08999633789062,100.94000244140625,102.5,2362900
2022-12-19,92.3919677734375,100.94000244140625,103.02999877929688,100.1500015258789,102.44000244140625,603800
2022-12-20,93.64592742919922,102.30999755859375,102.95999908447266,101.33000183105469,101.45999908447266,481100
2022-12-21,95.69625854492188,104.55000305175781,104.68000030517578,102.76000213623047,102.80000305175781,404300
2022-12-22,94.96400451660156,103.75,104.37000274658203,102.23999786376953,104.06999969482422,321900
2022-12-23,95.61387634277344,104.45999908447266,104.5199966430664,103.11000061035156,103.72000122070312,216500
2022-12-27,95.59557342529297,104.44000244140625,105.33999633789062,103.8499984741211,104.66999816894531,246400
2022-12-28,94.01206970214844,102.70999908447266,104.98999786376953,102.69000244140625,104.80999755859375,284400
2022-12-29,95.33927917480469,104.16000366210938,104.68000030517578,102.9000015258789,103.19000244140625,383400
2022-12-30,93.71917724609375,102.38999938964844,103.86000061035156,101.4800033569336,103.08000183105469,394800
2023-01-03,95.2020034790039,104.01000213623047,104.66000366210938,102.4000015258789,102.4000015258789,526500
2023-01-04,97.34381866455078,106.3499984741211,106.56999969482422,104.80999755859375,104.80999755859375,440500
2023-01-05,97.63673400878906,106.66999816894531,106.91000366210938,105.31999969482422,106.25,575900
2023-01-06,100.44673919677734,109.73999786376953,110.22000122070312,107.20999908447266,107.87999725341797,476400
2023-01-09,99.48565673828125,108.69000244140625,109.8499984741211,108.43000030517578,109.73999786376953,621900
2023-01-10,101.15154266357422,110.51000213623047,111.0999984741211,108.26000213623047,108.3499984741211,456800
2023-01-11,100.58406066894531,109.88999938964844,111.27999877929688,109.3499984741211,110.13999938964844,457500
2023-01-12,98.79002380371094,107.93000030517578,110.30999755859375,107.72000122070312,109.87999725341797,475500
2023-01-13,99.54058074951172,108.75,109.11000061035156,106.83000183105469,107.08999633789062,317300
2023-01-17,97.19738006591797,106.19000244140625,109.04000091552734,105.12000274658203,108.75,573700
2023-01-18,95.55895233154297,104.4000015258789,107.01000213623047,104.33000183105469,106.19000244140625,355400
2023-01-19,92.58418273925781,101.1500015258789,104.22000122070312,101.05000305175781,103.58000183105469,678100
2023-01-20,94.03036499023438,102.7300033569336,102.94999694824219,98.83000183105469,101.1500015258789,570500
2023-01-23,96.28206634521484,105.19000244140625,105.7300033569336,101.9800033569336,103.3499984741211,416700
2023-01-24,96.56581115722656,105.5,106.25,105.08999633789062,105.31999969482422,340900
2023-01-25,96.26374053955078,105.16999816894531,105.48999786376953,103.41999816894531,104.2699966430664,379700
2023-01-26,96.83124542236328,105.79000091552734,105.91000366210938,104.75,105.36000061035156,391500
2023-01-27,96.51090240478516,105.44000244140625,105.98999786376953,104.41000366210938,105.38999938964844,392700
2023-01-30,102.07598876953125,111.5199966430664,113.56999969482422,105.77999877929688,106.25,1347100
2023-01-31,103.56796264648438,113.1500015258789,113.44000244140625,110.2699966430664,111.66000366210938,1313200
2023-02-01,104.62973022460938,114.30999755859375,114.8499984741211,111.9000015258789,112.8499984741211,697200
2023-02-02,105.63658905029297,115.41000366210938,115.69000244140625,113.0,114.05999755859375,679500
2023-02-03,105.36198425292969,115.11000061035156,116.45999908447266,114.66999816894531,114.9000015258789,682900
2023-02-06,105.51759338378906,115.27999877929688,115.47000122070312,113.23999786376953,114.55999755859375,616100
2023-02-07,116.81260681152344,127.62000274658203,128.19000244140625,115.44999694824219,116.55999755859375,1424700
2023-02-08,116.87667083740234,127.69000244140625,129.41000366210938,126.80999755859375,127.98999786376953,1021000
2023-02-09,115.55860900878906,126.25,130.66000366210938,126.1500015258789,128.6999969482422,1123000
2023-02-10,114.570068359375,125.16999816894531,126.48999786376953,123.25,125.66999816894531,635000
2023-02-13,116.34577178955078,127.11000061035156,127.19000244140625,124.16000366210938,125.36000061035156,496000
2023-02-14,115.12842559814453,125.77999877929688,127.7699966430664,125.44999694824219,127.13999938964844,509300
2023-02-15,115.98881530761719,126.72000122070312,126.83000183105469,124.66999816894531,125.33999633789062,423200
2023-02-16,115.22911071777344,125.88999938964844,127.05000305175781,125.12999725341797,125.12999725341797,484800
2023-02-17,116.27254486083984,127.02999877929688,127.47000122070312,125.2300033569336,125.38999938964844,498200
2023-02-21,114.28632354736328,124.86000061035156,126.94000244140625,124.20999908447266,126.63999938964844,573700
2023-02-22,114.14903259277344,124.70999908447266,125.72000122070312,124.04000091552734,124.66000366210938,534500
2023-02-23,112.5563735961914,122.97000122070312,125.48999786376953,122.43000030517578,124.7300033569336,440000
2023-02-24,111.16508483886719,121.44999694824219,121.93000030517578,120.5,121.80999755859375,517600
2023-02-27,110.73490142822266,120.9800033569336,123.80999755859375,120.62999725341797,121.87999725341797,520100
2023-02-28,110.47860717773438,120.69999694824219,121.81999969482422,120.58000183105469,121.1500015258789,938300
2023-03-01,109.76465606689453,119.91999816894531,121.19999694824219,118.7699966430664,119.91000366210938,647500
2023-03-02,109.42598724365234,119.55000305175781,121.41000366210938,118.44999694824219,119.5999984741211,412400
2023-03-03,110.80810546875,121.05999755859375,121.12999725341797,119.27999877929688,119.66000366210938,501400
2023-03-06,110.68913269042969,120.93000030517578,122.0199966430664,120.13999938964844,121.5,630100
2023-03-07,107.86078643798828,117.83999633789062,121.91999816894531,117.33000183105469,120.76000213623047,562400
2023-03-08,107.0919418334961,117.0,118.80999755859375,116.26000213623047,118.47000122070312,648400
2023-03-09,105.17892456054688,114.91000366210938,118.05999755859375,114.30999755859375,117.13999938964844,657000
2023-03-10,103.03707122802734,112.56999969482422,115.19000244140625,112.13999938964844,114.13999938964844,960800
2023-03-13,99.54972839355469,108.76000213623047,111.04000091552734,107.73999786376953,110.19999694824219,1575000
2023-03-14,101.70989227294922,111.12000274658203,112.80000305175781,109.4800033569336,111.61000061035156,1405300
2023-03-15,98.40560150146484,107.51000213623047,108.0999984741211,105.05000305175781,107.56999969482422,1725400
2023-03-16,102.19397735595703,110.87000274658203,111.01000213623047,104.66000366210938,105.83999633789062,1302200
2023-03-17,96.70037078857422,104.91000366210938,109.7699966430664,102.87000274658203,109.6500015258789,7773400
2023-03-20,101.76996612548828,110.41000366210938,110.86000061035156,105.55999755859375,106.0,1135700
2023-03-21,102.56266021728516,111.2699966430664,113.02999877929688,110.41999816894531,113.0,705200
2023-03-22,99.2996826171875,107.7300033569336,111.45999908447266,107.68000030517578,111.08000183105469,573400
2023-03-23,97.68661499023438,105.9800033569336,108.05999755859375,105.05999755859375,107.62000274658203,475800
2023-03-24,98.25809478759766,106.5999984741211,106.62999725341797,104.04000091552734,104.37000274658203,574500
2023-03-27,99.90802764892578,108.38999938964844,109.16999816894531,107.44000244140625,108.23999786376953,621100
2023-03-28,99.57620239257812,108.02999877929688,108.55000305175781,107.37000274658203,107.69000244140625,428600
2023-03-29,102.0649185180664,110.7300033569336,110.94000244140625,108.81999969482422,109.29000091552734,509900
2023-03-30,101.72388458251953,110.36000061035156,111.66999816894531,109.7300033569336,111.20999908447266,395300
2023-03-31,103.30927276611328,112.08000183105469,112.23999786376953,110.97000122070312,111.3499984741211,636500
2023-04-03,103.63189697265625,112.43000030517578,113.23999786376953,111.98999786376953,112.08999633789062,812000
2023-04-04,102.17552947998047,110.8499984741211,112.48999786376953,109.69999694824219,112.48999786376953,385700
2023-04-05,102.5718765258789,111.27999877929688,111.54000091552734,109.62000274658203,110.0,629800
2023-04-06,103.09727478027344,111.8499984741211,111.95999908447266,110.1500015258789,111.27999877929688,575800
2023-04-10,102.59953308105469,111.30999755859375,111.9800033569336,110.66999816894531,111.48999786376953,373100
2023-04-11,102.3045654296875,110.98999786376953,112.31999969482422,110.87000274658203,111.55000305175781,341000
2023-04-12,101.78839874267578,110.43000030517578,111.9000015258789,110.12999725341797,111.13999938964844,335800
2023-04-13,101.89900207519531,110.55000305175781,110.79000091552734,108.87999725341797,109.94999694824219,465100
2023-04-14,98.38713836669922,106.73999786376953,111.45999908447266,106.11000061035156,111.4000015258789,762700
2023-04-17,99.10611724853516,107.5199966430664,107.55999755859375,105.19999694824219,106.5199966430664,924200
2023-04-18,99.40106964111328,107.83999633789062,108.05999755859375,107.0199966430664,107.66999816894531,635800
2023-04-19,99.84351348876953,108.31999969482422,108.87000274658203,107.37999725341797,107.41999816894531,421800
2023-04-20,98.55306243896484,106.91999816894531,108.69000244140625,106.37999725341797,108.0199966430664,553500
2023-04-21,97.50228118896484,105.77999877929688,106.5,104.80000305175781,106.5,431500
2023-04-24,97.29949188232422,105.55999755859375,106.76000213623047,104.98999786376953,106.26000213623047,309400
2023-04-25,95.44679260253906,103.55000305175781,105.20999908447266,103.41000366210938,104.94000244140625,510500
2023-04-26,93.83373260498047,101.80000305175781,103.72000122070312,101.3499984741211,102.77999877929688,735300
2023-04-27,95.50209045410156,103.61000061035156,103.63999938964844,101.79000091552734,101.9800033569336,652400
2023-04-28,98.11063385009766,106.44000244140625,106.80999755859375,103.33999633789062,106.77999877929688,1086500
2023-05-01,97.08748626708984,105.33000183105469,106.81999969482422,105.01000213623047,105.94999694824219,613300
2023-05-02,95.52973937988281,103.63999938964844,104.86000061035156,102.05000305175781,104.6500015258789,652300
2023-05-03,96.26713562011719,104.44000244140625,106.0,103.66000366210938,103.94000244140625,618500
2023-05-04,95.87080383300781,104.01000213623047,104.94000244140625,102.16999816894531,103.75,539900
2023-05-05,97.0045394897461,105.23999786376953,105.97000122070312,104.5,104.93000030517578,593300
2023-05-08,97.70506286621094,106.0,106.51000213623047,105.16999816894531,105.70999908447266,438800
2023-05-09,97.26260375976562,105.5199966430664,106.2699966430664,104.9000015258789,105.43000030517578,322500
2023-05-10,96.32245635986328,104.5,106.37000274658203,103.9000015258789,105.93000030517578,321600
2023-05-11,95.81548309326172,103.94999694824219,104.16000366210938,103.2300033569336,104.16000366210938,549400
2023-05-12,95.4652099609375,103.56999969482422,104.69000244140625,102.4000015258789,104.54000091552734,334100
2023-05-15,95.87080383300781,104.01000213623047,104.16999816894531,103.30999755859375,104.05000305175781,374000
2023-05-16,93.85215759277344,101.81999969482422,104.01000213623047,101.76000213623047,103.62000274658203,322100
2023-05-17,94.6540756225586,102.69000244140625,103.2300033569336,101.87999725341797,102.45999908447266,373200
2023-05-18,97.45618438720703,105.7300033569336,105.80999755859375,102.76000213623047,103.4000015258789,578600
2023-05-19,96.74646759033203,104.95999908447266,106.83000183105469,104.66999816894531,106.54000091552734,574900
2023-05-22,96.25791931152344,104.43000030517578,105.20999908447266,103.43000030517578,105.06999969482422,348400
2023-05-23,94.67251586914062,102.70999908447266,104.62000274658203,102.33999633789062,104.3499984741211,355000
2023-05-24,92.57095336914062,100.43000030517578,102.36000061035156,100.13999938964844,102.26000213623047,412900
2023-05-25,90.78275299072266,98.48999786376953,100.08999633789062,98.11000061035156,99.80000305175781,427500
2023-05-26,90.62605285644531,98.31999969482422,99.1500015258789,97.58000183105469,98.26000213623047,351300
2023-05-30,91.1422348022461,98.87999725341797,99.0199966430664,97.12999725341797,97.95999908447266,519900
2023-05-31,88.948486328125,96.5,99.06999969482422,96.36000061035156,98.73999786376953,1299300
2023-06-01,89.547607421875,97.1500015258789,97.30999755859375,95.48999786376953,96.51000213623047,593800
2023-06-02,92.70919036865234,100.58000183105469,100.87999725341797,97.4000015258789,97.9000015258789,654900
2023-06-05,92.69998931884766,100.56999969482422,101.0999984741211,99.54000091552734,100.41999816894531,542000
2023-06-06,93.24381256103516,101.16000366210938,101.29000091552734,100.25,100.56999969482422,429000
2023-06-07,94.77389526367188,102.81999969482422,103.05999755859375,100.55999755859375,101.4000015258789,546700
2023-06-08,93.7231216430664,101.68000030517578,102.6500015258789,101.16000366210938,102.38999938964844,674200
2023-06-09,93.95355224609375,101.93000030517578,102.69999694824219,101.05999755859375,101.41999816894531,462200
2023-06-12,94.98590850830078,103.05000305175781,103.44999694824219,101.33999633789062,101.88999938964844,547500
2023-06-13,94.86608123779297,102.91999816894531,104.0,102.72000122070312,103.0199966430664,477400
2023-06-14,92.14692687988281,99.97000122070312,103.26000213623047,99.66999816894531,102.94000244140625,667500
2023-06-15,93.2428207397461,100.4000015258789,100.93000030517578,98.97000122070312,99.27999877929688,535900
2023-06-16,93.70716857910156,100.9000015258789,101.81999969482422,100.38999938964844,100.98999786376953,2513000
2023-06-20,91.87760162353516,98.93000030517578,100.5,98.11000061035156,100.30000305175781,763400
2023-06-21,91.00460815429688,97.98999786376953,98.80000305175781,97.7300033569336,98.80000305175781,524600
2023-06-22,90.48454284667969,97.43000030517578,98.72000122070312,96.91000366210938,98.41999816894531,788500
2023-06-23,88.88713836669922,95.70999908447266,97.58000183105469,95.3499984741211,96.87000274658203,1286500
2023-06-26,89.8344497680664,96.7300033569336,96.94999694824219,95.36000061035156,95.80000305175781,828000
2023-06-27,90.25234985351562,97.18000030517578,98.33999633789062,96.80000305175781,96.80000305175781,719200
2023-06-28,88.73855590820312,95.55000305175781,97.3499984741211,95.01000213623047,97.0999984741211,532800
2023-06-29,89.75084686279297,96.63999938964844,96.94999694824219,95.4000015258789,95.7300033569336,589200
2023-06-30,90.38236999511719,97.31999969482422,97.86000061035156,96.72000122070312,97.12999725341797,659500
2023-07-03,91.31109619140625,98.31999969482422,98.69000244140625,96.2300033569336,96.58000183105469,377200
2023-07-05,90.07589721679688,96.98999786376953,97.62000274658203,95.95999908447266,97.62000274658203,388400
2023-07-06,90.30807495117188,97.23999786376953,97.33000183105469,95.80999755859375,96.4800033569336,805900
2023-07-07,91.17178344726562,98.16999816894531,99.44999694824219,97.23999786376953,97.23999786376953,845900
2023-07-10,90.4566879272461,97.4000015258789,99.23999786376953,97.18000030517578,97.88999938964844,642200
2023-07-11,92.49984741210938,99.5999984741211,99.80999755859375,97.94000244140625,98.30999755859375,763400
2023-07-12,92.70417022705078,99.81999969482422,101.58999633789062,99.70999908447266,100.72000122070312,710700
2023-07-13,92.57413482666016,99.68000030517578,100.22000122070312,98.87000274658203,99.11000061035156,536600
2023-07-14,90.9117431640625,97.88999938964844,100.02999877929688,97.69999694824219,100.02999877929688,599500
2023-07-17,91.34823608398438,98.36000061035156,99.5,97.95999908447266,97.95999908447266,495900
2023-07-18,92.6205825805664,99.7300033569336,99.94999694824219,97.81999969482422,98.11000061035156,627300
2023-07-19,92.8620376586914,99.98999786376953,100.54000091552734,99.5199966430664,99.54000091552734,569200
2023-07-20,95.24884033203125,102.55999755859375,102.70999908447266,100.7300033569336,100.7300033569336,813700
2023-07-21,95.24884033203125,102.55999755859375,103.26000213623047,102.08000183105469,103.05999755859375,678600
2023-07-24,95.41600036621094,102.73999786376953,103.87999725341797,102.30000305175781,102.75,572100
2023-07-25,94.45014953613281,101.69999694824219,103.23999786376953,101.6500015258789,102.88999938964844,524400
2023-07-26,96.23328399658203,103.62000274658203,104.1500015258789,101.98999786376953,102.11000061035156,756000
2023-07-27,95.30455017089844,102.62000274658203,104.43000030517578,102.27999877929688,103.73999786376953,848000
2023-07-28,101.83340454101562,109.6500015258789,111.7300033569336,106.25,107.91999816894531,1636400
2023-07-31,99.91097259521484,107.58000183105469,110.36000061035156,106.69999694824219,109.91999816894531,2007000
2023-08-01,100.68180847167969,108.41000366210938,108.76000213623047,107.20999908447266,107.56999969482422,1027200
2023-08-02,101.59195709228516,109.38999938964844,110.4800033569336,107.70999908447266,108.05000305175781,809800
2023-08-03,101.59195709228516,109.38999938964844,109.8499984741211,107.69000244140625,108.7300033569336,699000
2023-08-04,101.22974395751953,109.0,110.41000366210938,108.83000183105469,109.38999938964844,554800
2023-08-07,101.89842987060547,109.72000122070312,110.68000030517578,109.41999816894531,110.18000030517578,555600
2023-08-08,100.74683380126953,108.4800033569336,108.9800033569336,107.75,108.43000030517578,844200
2023-08-09,100.86754608154297,108.61000061035156,109.37000274658203,107.94999694824219,108.4800033569336,832400
2023-08-10,99.87383270263672,107.54000091552734,109.7699966430664,107.25,109.0199966430664,583600
2023-08-11,99.89239501953125,107.55999755859375,108.30999755859375,107.08000183105469,107.16999816894531,556800
2023-08-14,99.2423095703125,106.86000061035156,107.7699966430664,106.4800033569336,107.7300033569336,530500
2023-08-15,98.09998321533203,105.62999725341797,106.4000015258789,105.18000030517578,105.97000122070312,497600
2023-08-16,98.13713836669922,105.66999816894531,106.8499984741211,105.3499984741211,105.3499984741211,394100
2023-08-17,97.63561248779297,105.12999725341797,106.43000030517578,104.87000274658203,106.30000305175781,503600
2023-08-18,96.46546173095703,103.87000274658203,105.05000305175781,103.66999816894531,104.3499984741211,554300
2023-08-21,96.41902160644531,103.81999969482422,104.11000061035156,103.05000305175781,103.9000015258789,505000
2023-08-22,95.86178588867188,103.22000122070312,104.37999725341797,103.0199966430664,103.87000274658203,546800
2023-08-23,96.91123962402344,104.3499984741211,104.5999984741211,103.45999908447266,103.45999908447266,531500
2023-08-24,96.60475158691406,104.0199966430664,105.70999908447266,104.0199966430664,104.3499984741211,466400
2023-08-25,96.79048919677734,104.22000122070312,104.94000244140625,103.5999984741211,104.0999984741211,399600
2023-08-28,96.97624969482422,104.41999816894531,105.08999633789062,103.87000274658203,104.22000122070312,366100
2023-08-29,97.3848876953125,104.86000061035156,104.88999938964844,104.20999908447266,104.66999816894531,510200
2023-08-30,98.62006378173828,106.19000244140625,106.45999908447266,105.0,105.0,631400
2023-08-31,98.24858093261719,105.79000091552734,106.75,105.4800033569336,106.31999969482422,642300
2023-09-01,98.88938903808594,106.4800033569336,106.95999908447266,106.13999938964844,106.66000366210938,468800
2023-09-05,97.57062530517578,105.05999755859375,106.55999755859375,104.88999938964844,106.33999633789062,524600
2023-09-06,97.0691146850586,104.5199966430664,105.68000030517578,104.30999755859375,105.16000366210938,521000
2023-09-07,97.29200744628906,104.76000213623047,105.16999816894531,104.33999633789062,104.55000305175781,505400
2023-09-08,97.51490783691406,105.0,105.6500015258789,104.43000030517578,104.76000213623047,567100
2023-09-11,98.36002349853516,105.91000366210938,106.26000213623047,105.29000091552734,105.5199966430664,449900
2023-09-12,99.54878997802734,107.19000244140625,107.87000274658203,105.98999786376953,106.18000030517578,748100
2023-09-13,98.84295654296875,106.43000030517578,107.73999786376953,106.08000183105469,107.73999786376953,435800
2023-09-14,100.70967864990234,108.44000244140625,108.5199966430664,106.66000366210938,107.0199966430664,667200
2023-09-15,100.24208068847656,107.19000244140625,107.81999969482422,106.6500015258789,107.66999816894531,1120300
2023-09-18,101.41107177734375,108.44000244140625,108.9000015258789,106.27999877929688,107.19999694824219,608100
2023-09-19,101.9908676147461,109.05999755859375,109.36000061035156,108.36000061035156,108.51000213623047,551000
2023-09-20,102.42105102539062,109.5199966430664,110.56999969482422,109.22000122070312,109.52999877929688,672700
2023-09-21,100.47588348388672,107.44000244140625,109.5,107.02999877929688,109.5,660400
2023-09-22,100.07374572753906,107.01000213623047,107.69000244140625,106.80999755859375,107.25,566100
2023-09-25,99.72773742675781,106.63999938964844,107.01000213623047,106.25,106.9000015258789,499400
2023-09-26,98.38107299804688,105.19999694824219,107.16000366210938,104.19999694824219,106.44999694824219,1237100
2023-09-27,97.91349029541016,104.69999694824219,105.4800033569336,104.0999984741211,105.4800033569336,499900
2023-09-28,96.9782943725586,103.69999694824219,105.45999908447266,103.41999816894531,104.80000305175781,634100
2023-09-29,95.6596908569336,102.29000091552734,104.25,101.94999694824219,103.70999908447266,622400
2023-10-02,93.57423400878906,100.05999755859375,101.83999633789062,99.56999969482422,101.83999633789062,754900
2023-10-03,93.31238555908203,99.77999877929688,100.55999755859375,99.05999755859375,99.94000244140625,548800
2023-10-04,94.3410873413086,100.87999725341797,101.0999984741211,98.45999908447266,99.9800033569336,690100
2023-10-05,94.7712631225586,101.33999633789062,101.93000030517578,100.66999816894531,100.68000030517578,672300
2023-10-06,93.76127624511719,100.26000213623047,101.16000366210938,100.04000091552734,100.73999786376953,953000
2023-10-09,95.66905212402344,102.30000305175781,102.30999755859375,100.01000213623047,100.51000213623047,690300
2023-10-10,94.81803894042969,101.38999938964844,103.26000213623047,101.29000091552734,102.44999694824219,749600
2023-10-11,95.64098358154297,102.2699966430664,102.63999938964844,101.52999877929688,101.52999877929688,568900
2023-10-12,94.78062438964844,101.3499984741211,102.80999755859375,100.69000244140625,102.80999755859375,525700
2023-10-13,95.20145416259766,101.80000305175781,103.1500015258789,101.33000183105469,102.30999755859375,552800
2023-10-16,96.41719055175781,103.0999984741211,103.83000183105469,102.41999816894531,102.83000183105469,659300
2023-10-17,97.30561065673828,104.05000305175781,104.83000183105469,102.72000122070312,102.81999969482422,677900
2023-10-18,95.89348602294922,102.54000091552734,103.91000366210938,102.3499984741211,103.91000366210938,632900
2023-10-19,94.37849426269531,100.91999816894531,102.7300033569336,100.61000061035156,102.7300033569336,677500
2023-10-20,92.2369384765625,98.62999725341797,101.44999694824219,98.56999969482422,101.12999725341797,739500
2023-10-23,91.83480072021484,98.19999694824219,98.7699966430664,97.48999786376953,98.4800033569336,584700
2023-10-24,93.34979248046875,99.81999969482422,99.93000030517578,98.6500015258789,98.6500015258789,466000
2023-10-25,92.01248931884766,98.38999938964844,101.33000183105469,98.0999984741211,99.2699966430664,1481300
2023-10-26,93.2188720703125,99.68000030517578,100.05000305175781,98.0,98.6500015258789,1207700
2023-10-27,91.25499725341797,97.58000183105469,102.52999877929688,96.86000061035156,97.55000305175781,1453500
2023-10-30,93.79869079589844,100.30000305175781,100.87000274658203,97.72000122070312,98.5,1153700
2023-10-31,93.20952606201172,99.66999816894531,100.5999984741211,98.97000122070312,100.38999938964844,1523200
2023-11-01,95.32302856445312,101.93000030517578,102.13999938964844,99.62000274658203,100.4000015258789,727500
2023-11-02,93.41525268554688,99.88999938964844,103.87999725341797,99.69000244140625,102.44000244140625,770900
2023-11-03,94.3410873413086,100.87999725341797,102.0999984741211,100.81999969482422,101.2300033569336,672800
2023-11-06,93.62098693847656,100.11000061035156,101.22000122070312,99.72000122070312,100.87999725341797,454600
2023-11-07,94.10728454589844,100.62999725341797,100.87000274658203,99.66000366210938,100.11000061035156,477700
2023-11-08,93.36849975585938,99.83999633789062,101.06999969482422,99.62999725341797,101.06999969482422,265300
2023-11-09,92.66710662841797,99.08999633789062,100.36000061035156,98.98999786376953,100.02999877929688,419600
2023-11-10,93.26563262939453,99.7300033569336,99.9000015258789,98.6500015258789,99.43000030517578,482200
2023-11-13,92.75128173828125,99.18000030517578,100.0,99.01000213623047,99.55000305175781,464500
2023-11-14,95.57552337646484,102.19999694824219,102.69000244140625,99.83999633789062,100.16999816894531,625400
2023-11-15,94.80867004394531,101.37999725341797,103.12999725341797,101.2699966430664,102.29000091552734,512000
2023-11-16,94.52812194824219,101.08000183105469,102.20999908447266,100.98999786376953,101.5999984741211,519400
2023-11-17,94.3504409790039,100.88999938964844,101.69999694824219,100.44000244140625,101.41999816894531,614000
2023-11-20,94.24757385253906,100.77999877929688,101.05000305175781,99.61000061035156,100.94999694824219,592500
2023-11-21,94.98637390136719,101.56999969482422,101.91000366210938,100.94000244140625,100.94000244140625,418100
2023-11-22,95.4259033203125,102.04000091552734,102.19000244140625,101.02999877929688,101.73999786376953,280100
2023-11-24,96.0244140625,102.68000030517578,102.69000244140625,101.87999725341797,102.25,178300
2023-11-27,95.85609436035156,102.5,102.55000305175781,101.33999633789062,102.44999694824219,334900
2023-11-28,94.16341400146484,100.69000244140625,102.51000213623047,100.63999938964844,102.18000030517578,685200
2023-11-29,94.13536071777344,100.66000366210938,101.16000366210938,99.91999816894531,100.83999633789062,582400
2023-11-30,96.12727355957031,102.79000091552734,102.87000274658203,100.5999984741211,100.91999816894531,713900
2023-12-01,95.99635314941406,102.6500015258789,103.43000030517578,102.19000244140625,102.58000183105469,473900
2023-12-04,97.04376220703125,103.7699966430664,103.87999725341797,102.45999908447266,102.4800033569336,596400
2023-12-05,96.48265838623047,103.16999816894531,104.0199966430664,102.88999938964844,103.7699966430664,489400
2023-12-06,94.95832061767578,101.54000091552734,103.69999694824219,101.37000274658203,103.31999969482422,444900
2023-12-07,95.95894622802734,102.61000061035156,102.69000244140625,101.37999725341797,101.87000274658203,657600
2023-12-08,96.13663482666016,102.80000305175781,103.11000061035156,102.0999984741211,102.7699966430664,478200
2023-12-11,97.17469787597656,103.91000366210938,104.3499984741211,103.20999908447266,103.37000274658203,1488200
2023-12-12,97.84803009033203,104.62999725341797,104.88999938964844,103.55999755859375,104.0,636900
2023-12-13,99.11051177978516,105.9800033569336,106.08999633789062,103.88999938964844,104.80000305175781,924500
2023-12-14,98.1379165649414,104.94000244140625,106.79000091552734,104.5199966430664,106.79000091552734,942200
2023-12-15,95.8373794555664,102.4800033569336,105.20999908447266,101.63999938964844,104.75,1798200
2023-12-18,96.03521728515625,101.94000244140625,102.5999984741211,101.12000274658203,102.22000122070312,735400
2023-12-19,96.40261840820312,102.33000183105469,103.08000183105469,101.70999908447266,101.9800033569336,881300
2023-12-20,95.13082885742188,100.9800033569336,102.66999816894531,100.97000122070312,102.19999694824219,604700
2023-12-21,95.95042419433594,101.8499984741211,102.26000213623047,100.30999755859375,101.11000061035156,508200
2023-12-22,95.95042419433594,101.8499984741211,102.6500015258789,101.4800033569336,102.33999633789062,344700
2023-12-26,96.60987091064453,102.55000305175781,102.86000061035156,101.41000366210938,101.86000061035156,297500
2023-12-27,96.79829406738281,102.75,103.01000213623047,101.80000305175781,102.3499984741211,370300
2023-12-28,97.4012222290039,103.38999938964844,103.69000244140625,102.87999725341797,102.87999725341797,268600
2023-12-29,97.4671630859375,103.45999908447266,103.66999816894531,102.91999816894531,103.30000305175781,656700
2024-01-02,99.74700164794922,105.87999725341797,105.95999908447266,103.26000213623047,103.38999938964844,899900
2024-01-03,99.1440658569336,105.23999786376953,106.80000305175781,105.08999633789062,106.04000091552734,624800
2024-01-04,100.42528533935547,106.5999984741211,107.3499984741211,105.93000030517578,105.93000030517578,712500
2024-01-05,101.14126586914062,107.36000061035156,108.06999969482422,106.7300033569336,106.88999938964844,475600
2024-01-08,101.26374053955078,107.48999786376953,107.73999786376953,106.25,107.5,643400
2024-01-09,100.34050750732422,106.51000213623047,107.2300033569336,105.2699966430664,107.02999877929688,438200
2024-01-10,101.19779205322266,107.41999816894531,107.48999786376953,105.98999786376953,106.4000015258789,505800
2024-01-11,101.9985580444336,108.2699966430664,108.36000061035156,107.16000366210938,107.51000213623047,656800
2024-01-12,101.15068817138672,107.37000274658203,109.29000091552734,106.62000274658203,108.87000274658203,914200
2024-01-16,101.0753173828125,107.29000091552734,108.12999725341797,106.61000061035156,107.37000274658203,616000
2024-01-17,101.0847396850586,107.30000305175781,108.56999969482422,107.01000213623047,107.05000305175781,455200
2024-01-18,101.9985580444336,108.2699966430664,108.3499984741211,106.4000015258789,106.70999908447266,464100
2024-01-19,104.84362030029297,111.29000091552734,111.95999908447266,109.7300033569336,109.73999786376953,858300
2024-01-22,105.46538543701172,111.94999694824219,112.2699966430664,111.20999908447266,111.75,508900
2024-01-23,105.2769775390625,111.75,112.48999786376953,111.2699966430664,112.0999984741211,1032700
2024-01-24,106.4074478149414,112.94999694824219,113.20999908447266,111.7699966430664,112.06999969482422,604100
2024-01-25,105.79512786865234,112.30000305175781,113.83000183105469,111.2699966430664,113.72000122070312,619100
2024-01-26,105.71033477783203,112.20999908447266,112.62000274658203,111.79000091552734,112.62000274658203,414600
2024-01-29,105.44657135009766,111.93000030517578,112.02999877929688,110.01000213623047,110.44999694824219,705000
2024-01-30,105.54075622558594,112.02999877929688,112.29000091552734,110.98999786376953,111.68000030517578,509700
2024-01-31,104.38201141357422,110.80000305175781,112.91000366210938,110.5999984741211,112.33000183105469,1547100
2024-02-01,104.16532135009766,110.56999969482422,110.87999725341797,108.56999969482422,110.08999633789062,761500
2024-02-02,105.71975708007812,112.22000122070312,112.91999816894531,110.93000030517578,110.95999908447266,780700
2024-02-05,105.29582214355469,111.7699966430664,112.30000305175781,111.0,111.45999908447266,660600
2024-02-06,105.60669708251953,112.0999984741211,112.83999633789062,111.80000305175781,111.80000305175781,786800
2024-02-07,100.83038330078125,107.02999877929688,108.98999786376953,104.77999877929688,107.97000122070312,1701500
2024-02-08,101.36736297607422,107.5999984741211,108.01000213623047,105.75,107.05000305175781,939700
2024-02-09,102.58264923095703,108.88999938964844,109.4800033569336,107.12000274658203,107.6500015258789,647200
2024-02-12,104.12764739990234,110.52999877929688,111.25,109.33000183105469,109.33000183105469,787700
2024-02-13,103.2703628540039,109.62000274658203,111.2300033569336,107.75,110.52999877929688,798000
2024-02-14,104.5138931274414,110.94000244140625,111.55000305175781,109.9800033569336,110.12000274658203,665500
2024-02-15,105.89875030517578,112.41000366210938,112.8499984741211,110.9000015258789,111.05999755859375,711100
2024-02-16,105.380615234375,111.86000061035156,113.3499984741211,111.37999725341797,112.37000274658203,685300
2024-02-20,104.5138931274414,110.94000244140625,112.33999633789062,110.80999755859375,111.61000061035156,448400
2024-02-21,104.80594635009766,111.25,111.61000061035156,110.58000183105469,111.48999786376953,898100
2024-02-22,105.61613464355469,112.11000061035156,112.31999969482422,110.79000091552734,111.33000183105469,624000
2024-02-23,106.27557373046875,112.80999755859375,113.16999816894531,112.31999969482422,112.63999938964844,741800
2024-02-26,105.73860168457031,112.23999786376953,112.87000274658203,111.2699966430664,112.1500015258789,482500
2024-02-27,106.75602722167969,113.31999969482422,113.38999938964844,111.66000366210938,112.22000122070312,485400
2024-02-28,107.11402130126953,113.69999694824219,114.0999984741211,112.7300033569336,113.30000305175781,861300
2024-02-29,107.39665985107422,114.0,114.47000122070312,112.25,114.47000122070312,1266500
2024-03-01,106.96329498291016,113.54000091552734,114.16000366210938,113.12999725341797,114.0,541000
2024-03-04,105.9081802368164,112.41999816894531,113.77999877929688,112.26000213623047,113.25,847300
2024-03-05,105.47481536865234,111.95999908447266,113.05000305175781,111.5,112.36000061035156,593900
2024-03-06,110.96711730957031,117.79000091552734,119.37999725341797,116.0199966430664,117.93000030517578,2247900
2024-03-07,110.43955993652344,117.2300033569336,118.2699966430664,116.75,118.0,1328000
2024-03-08,110.49608612060547,117.29000091552734,118.76000213623047,117.0999984741211,117.25,765500
2024-03-11,110.58087921142578,117.37999725341797,118.06999969482422,116.69999694824219,117.01000213623047,878400
2024-03-12,111.4852523803711,118.33999633789062,118.6500015258789,117.0999984741211,117.16999816894531,877500
2024-03-13,112.02223205566406,118.91000366210938,119.98999786376953,118.44999694824219,118.81999969482422,674400
2024-03-14,112.87010955810547,119.80999755859375,119.93000030517578,117.75,119.02999877929688,1093400
2024-03-15,112.95489501953125,119.9000015258789,121.37999725341797,119.41000366210938,119.80999755859375,10787300
2024-03-18,112.12972259521484,118.22000122070312,119.41999816894531,117.70999908447266,119.08999633789062,958100
2024-03-19,111.79774475097656,117.87000274658203,119.23999786376953,117.69000244140625,118.69000244140625,889400
2024-03-20,112.4901351928711,118.5999984741211,119.19999694824219,117.05999755859375,117.55999755859375,483200
2024-03-21,112.71778106689453,118.83999633789062,119.19999694824219,118.05000305175781,118.5999984741211,492200
2024-03-22,111.37092590332031,117.41999816894531,119.69999694824219,117.37999725341797,119.29000091552734,727300
2024-03-25,114.53887176513672,120.76000213623047,121.19000244140625,118.5,118.5,971400
2024-03-26,114.08358764648438,120.27999877929688,121.61000061035156,120.18000030517578,120.55000305175781,773800
2024-03-27,116.93853759765625,123.29000091552734,123.37000274658203,120.87000274658203,120.87000274658203,807400
2024-03-28,117.77320098876953,124.16999816894531,124.3499984741211,123.23999786376953,123.7300033569336,762700
2024-04-01,115.87622833251953,122.16999816894531,123.95999908447266,122.06999969482422,123.95999908447266,663200
2024-04-02,115.38301849365234,121.6500015258789,123.01000213623047,121.55000305175781,122.7300033569336,693500
2024-04-03,115.04157257080078,121.29000091552734,122.30999755859375,120.02999877929688,121.2300033569336,486100
2024-04-04,114.08358764648438,120.27999877929688,122.33999633789062,119.87999725341797,122.0999984741211,420000
2024-04-05,115.25971221923828,121.5199966430664,121.66000366210938,120.47000122070312,120.95999908447266,424000
2024-04-08,115.62014770507812,121.9000015258789,122.51000213623047,121.01000213623047,121.73999786376953,517900
2024-04-09,113.70419311523438,119.87999725341797,122.79000091552734,119.54000091552734,122.5,394500
2024-04-10,114.61474609375,120.83999633789062,121.30000305175781,119.66000366210938,119.87999725341797,573700
2024-04-11,113.0307846069336,119.16999816894531,121.29000091552734,119.0999984741211,121.29000091552734,527300
2024-04-12,112.50911712646484,118.62000274658203,120.11000061035156,118.41999816894531,119.0999984741211,464600
2024-04-15,110.78287506103516,116.80000305175781,120.0,116.55000305175781,119.98999786376953,830200
2024-04-16,111.03895568847656,117.06999969482422,117.8499984741211,116.33000183105469,116.6500015258789,529900
2024-04-17,109.36014556884766,115.30000305175781,117.30000305175781,115.1500015258789,116.63999938964844,876000
2024-04-18,111.46578216552734,117.5199966430664,117.9000015258789,116.37000274658203,116.69999694824219,808200
2024-04-19,113.77059173583984,119.94999694824219,120.02999877929688,118.0999984741211,118.22000122070312,808500
2024-04-22,114.72856140136719,120.95999908447266,121.8499984741211,119.76000213623047,120.9000015258789,484500
2024-04-23,114.60525512695312,120.83000183105469,121.86000061035156,120.69999694824219,121.20999908447266,528500
2024-04-24,113.74214935302734,119.91999816894531,120.56999969482422,119.47000122070312,119.83000183105469,601900
2024-04-25,112.33838653564453,118.44000244140625,119.55000305175781,118.04000091552734,119.1500015258789,717100
2024-04-26,105.16785430908203,110.87999725341797,118.26000213623047,109.93000030517578,118.26000213623047,2184600
2024-04-29,107.70030975341797,113.55000305175781,114.63999938964844,111.19000244140625,111.29000091552734,1372400
2024-04-30,109.73005676269531,115.69000244140625,116.04000091552734,113.04000091552734,113.04000091552734,1289800
2024-05-01,111.25712585449219,117.30000305175781,118.5199966430664,115.69000244140625,115.69000244140625,1039400
2024-05-02,110.17583465576172,116.16000366210938,118.44999694824219,115.31999969482422,118.33000183105469,883000
2024-05-03,110.91565704345703,116.94000244140625,117.23999786376953,115.02999877929688,115.79000091552734,593900
2024-05-06,111.3329849243164,117.37999725341797,118.06999969482422,117.05000305175781,117.66000366210938,378700
2024-05-07,111.16226196289062,117.19999694824219,118.19000244140625,117.05000305175781,117.95999908447266,411400
2024-05-08,111.38990020751953,117.44000244140625,117.83000183105469,117.0999984741211,117.33999633789062,399300
2024-05-09,112.21507263183594,118.30999755859375,118.52999877929688,117.1500015258789,117.1500015258789,403900
2024-05-10,112.74622344970703,118.87000274658203,119.19000244140625,118.12999725341797,118.30999755859375,331300
2024-05-13,112.23405456542969,118.33000183105469,119.48999786376953,118.12999725341797,119.04000091552734,300200
2024-05-14,112.12022399902344,118.20999908447266,119.04000091552734,117.81999969482422,118.55000305175781,330800
2024-05-15,111.24762725830078,117.29000091552734,118.38999938964844,117.08999633789062,118.06999969482422,312800
2024-05-16,112.41426086425781,118.5199966430664,118.94000244140625,117.54000091552734,117.91999816894531,578000
2024-05-17,113.87491607666016,120.05999755859375,120.13999938964844,118.44999694824219,119.19999694824219,463500
2024-05-20,111.87362670898438,117.94999694824219,120.20999908447266,117.36000061035156,120.0999984741211,625200
2024-05-21,112.48064422607422,118.58999633789062,118.98999786376953,118.30999755859375,118.5999984741211,418900
2024-05-22,112.69880676269531,118.81999969482422,119.61000061035156,118.47000122070312,118.66000366210938,546000
2024-05-23,111.07689666748047,117.11000061035156,118.66999816894531,117.01000213623047,118.66999816894531,398400
2024-05-24,111.61753845214844,117.68000030517578,117.95999908447266,116.98999786376953,117.48999786376953,529800
2024-05-28,109.77748107910156,115.73999786376953,117.22000122070312,115.54000091552734,117.0199966430664,574500
2024-05-29,108.75311279296875,114.66000366210938,115.6500015258789,114.43000030517578,115.43000030517578,537000
2024-05-30,110.2137680053711,116.19999694824219,116.72000122070312,114.36000061035156,114.47000122070312,735000
2024-05-31,111.52269744873047,117.58000183105469,117.6500015258789,115.94000244140625,116.0999984741211,944900
2024-06-03,110.3560562133789,116.3499984741211,117.69999694824219,115.44999694824219,117.31999969482422,405400
2024-06-04,108.92384338378906,114.83999633789062,116.12000274658203,114.36000061035156,115.94999694824219,703200
2024-06-05,108.71517181396484,114.62000274658203,115.27999877929688,113.36000061035156,115.02999877929688,425600
2024-06-06,108.99024200439453,114.91000366210938,115.47000122070312,114.2300033569336,114.56999969482422,361100
2024-06-07,109.9956283569336,115.97000122070312,116.7300033569336,114.91000366210938,115.2699966430664,327800
2024-06-10,109.32221221923828,115.26000213623047,115.43000030517578,114.48999786376953,115.43000030517578,410700
2024-06-11,108.03226470947266,113.9000015258789,115.73999786376953,113.16000366210938,114.6500015258789,689400
2024-06-12,107.83309173583984,113.69000244140625,114.47000122070312,113.0999984741211,114.0,530800
2024-06-13,107.80463409423828,113.66000366210938,113.87999725341797,112.19999694824219,113.38999938964844,521200
2024-06-14,106.48623657226562,112.2699966430664,113.2300033569336,111.91999816894531,112.69000244140625,670800
2024-06-17,107.94691467285156,113.80999755859375,113.9800033569336,112.2699966430664,112.2699966430664,444500
2024-06-18,108.58694458007812,113.66999816894531,114.38999938964844,112.77999877929688,113.0199966430664,525000
2024-06-20,110.23958587646484,115.4000015258789,116.12999725341797,114.19999694824219,114.22000122070312,1063600
2024-06-21,110.0580825805664,115.20999908447266,115.61000061035156,114.19000244140625,115.61000061035156,1199800
2024-06-24,111.39547729492188,116.61000061035156,117.0999984741211,114.83999633789062,115.19999694824219,547700
2024-06-25,110.64080047607422,115.81999969482422,117.54000091552734,115.37000274658203,116.9000015258789,415600
2024-06-26,109.80015563964844,114.94000244140625,115.44999694824219,113.69999694824219,115.44999694824219,666300
2024-06-27,111.46234893798828,116.68000030517578,116.7300033569336,114.41000366210938,115.37999725341797,427200
2024-06-28,112.81884765625,118.0999984741211,119.27999877929688,117.0199966430664,118.18000030517578,1867600
2024-07-01,113.86009979248047,119.19000244140625,119.73999786376953,118.37000274658203,118.98999786376953,736200
2024-07-02,113.5353012084961,118.8499984741211,119.48999786376953,118.12000274658203,118.12000274658203,879500
2024-07-03,111.50055694580078,116.72000122070312,119.13999938964844,116.69000244140625,118.54000091552734,485600
2024-07-05,110.52616882324219,115.69999694824219,116.45999908447266,114.75,116.33999633789062,1034800
2024-07-08,111.46234893798828,116.68000030517578,117.6500015258789,116.44999694824219,116.47000122070312,390700
2024-07-09,111.70116424560547,116.93000030517578,118.45999908447266,116.1500015258789,116.55999755859375,524900
2024-07-10,113.77413940429688,119.0999984741211,119.16000366210938,117.20999908447266,117.22000122070312,701200
2024-07-11,115.98084259033203,121.41000366210938,121.54000091552734,119.06999969482422,119.61000061035156,1180600
2024-07-12,116.86924743652344,122.33999633789062,123.54000091552734,121.6500015258789,122.22000122070312,662600
2024-07-15,117.74810791015625,123.26000213623047,124.27999877929688,122.52999877929688,122.73999786376953,730000
2024-07-16,119.53448486328125,125.12999725341797,125.95999908447266,123.56999969482422,123.70999908447266,626300
2024-07-17,121.48326110839844,127.16999816894531,128.1699981689453,125.94000244140625,125.94000244140625,816200
2024-07-18,120.37513732910156,126.01000213623047,128.22999572753906,125.79000091552734,126.58999633789062,571800
2024-07-19,115.6178207397461,121.02999877929688,126.45999908447266,120.33999633789062,126.31999969482422,989300
2024-07-22,115.00643920898438,120.38999938964844,122.0,120.18000030517578,121.8499984741211,625700
2024-07-23,115.78022766113281,121.19999694824219,121.41000366210938,119.72000122070312,120.38999938964844,696400
2024-07-24,114.66255187988281,120.02999877929688,121.94999694824219,119.79000091552734,121.94999694824219,754900
2024-07-25,114.92047882080078,120.30000305175781,122.7300033569336,120.0199966430664,120.75,780700
2024-07-26,118.41680145263672,123.95999908447266,125.7699966430664,115.43000030517578,116.0,889500
2024-07-29,120.79546356201172,126.44999694824219,126.62000274658203,124.58999633789062,124.58999633789062,651000
2024-07-30,124.35865783691406,130.17999267578125,130.57000732421875,127.2699966430664,127.44999694824219,1073600
2024-07-31,124.77899932861328,130.6199951171875,131.0800018310547,129.19000244140625,129.77999877929688,1438500
2024-08-01,124.12938690185547,129.94000244140625,132.69000244140625,127.12999725341797,131.25,1713600
2024-08-02,124.52105712890625,130.35000610351562,130.6699981689453,126.63999938964844,129.0800018310547,1138400
2024-08-05,120.1936264038086,125.81999969482422,129.13999938964844,125.0199966430664,129.13999938964844,892400
2024-08-06,121.11070251464844,126.77999877929688,129.05999755859375,126.08999633789062,126.08999633789062,606600
2024-08-07,120.62349700927734,126.2699966430664,128.41000366210938,125.87000274658203,127.0999984741211,651000
2024-08-08,121.66476440429688,127.36000061035156,127.69000244140625,126.55000305175781,126.61000061035156,367400
2024-08-09,122.44808197021484,128.17999267578125,128.27000427246094,126.44999694824219,127.2300033569336,296700
2024-08-12,121.18711853027344,126.86000061035156,128.5399932861328,126.80000305175781,128.0399932861328,275400
2024-08-13,122.72513580322266,128.47000122070312,128.60000610351562,126.6500015258789,127.7699966430664,412000
2024-08-14,124.25360107421875,130.07000732421875,130.6699981689453,127.66000366210938,128.38999938964844,553900
2024-08-15,124.0625228881836,129.8699951171875,131.2100067138672,129.30999755859375,130.77000427246094,433400
2024-08-16,125.2566146850586,131.1199951171875,131.27000427246094,129.02000427246094,129.0800018310547,515000
2024-08-19,125.44769287109375,131.32000732421875,131.97999572753906,131.1300048828125,131.13999938964844,216800
2024-08-20,124.81719207763672,130.66000366210938,131.5,130.44000244140625,131.32000732421875,258600
2024-08-21,125.18018341064453,131.0399932861328,132.0,130.22999572753906,131.60000610351562,236700
2024-08-22,126.06861877441406,131.97000122070312,132.0500030517578,130.3300018310547,130.97999572753906,353000
2024-08-23,126.87104797363281,132.80999755859375,133.1199951171875,131.75,132.61000061035156,200300
2024-08-26,126.6322250366211,132.55999755859375,134.22999572753906,132.42999267578125,133.11000061035156,224800
2024-08-27,127.62572479248047,133.60000610351562,133.7100067138672,132.58999633789062,132.94000244140625,339500
2024-08-28,128.79119873046875,134.82000732421875,134.91000366210938,132.8300018310547,133.91000366210938,456600
2024-08-29,129.54583740234375,135.61000061035156,135.9199981689453,133.52999877929688,135.0,372000
2024-08-30,130.90234375,137.02999877929688,137.50999450683594,135.60000610351562,135.75,726400
2024-09-03,131.41819763183594,137.57000732421875,138.4199981689453,136.4199981689453,136.7899932861328,528600
2024-09-04,132.02000427246094,138.1999969482422,139.33999633789062,137.41000366210938,138.5500030517578,578800
2024-09-05,130.24317932128906,136.33999633789062,139.14999389648438,135.6699981689453,138.91000366210938,466000
2024-09-06,129.33566284179688,135.38999938964844,137.32000732421875,134.97000122070312,136.3300018310547,468400
2024-09-09,131.32269287109375,137.47000122070312,138.49000549316406,133.8800048828125,136.13999938964844,840600
2024-09-10,131.2939910888672,137.44000244140625,138.55999755859375,136.52999877929688,137.47000122070312,327700
2024-09-11,127.97916412353516,133.97000122070312,137.1300048828125,132.22000122070312,136.85000610351562,597700
2024-09-12,129.0777587890625,135.1199951171875,135.22000122070312,133.5500030517578,133.99000549316406,305200
2024-09-13,129.74644470214844,135.82000732421875,136.3699951171875,134.83999633789062,135.6199951171875,315000
2024-09-16,131.04563903808594,137.17999267578125,137.61000061035156,135.9199981689453,136.5399932861328,626200
2024-09-17,130.8534393310547,136.1699981689453,137.61000061035156,135.9199981689453,136.3800048828125,761500
2024-09-18,130.97837829589844,136.3000030517578,137.33999633789062,135.74000549316406,136.44000244140625,434800
2024-09-19,130.46905517578125,135.77000427246094,137.64999389648438,134.35000610351562,136.9600067138672,384400
2024-09-20,129.3735809326172,134.6300048828125,135.86000061035156,134.42999267578125,135.32000732421875,1523000
2024-09-23,130.91110229492188,136.22999572753906,136.2899932861328,134.6999969482422,135.4600067138672,383300
2024-09-24,130.87266540527344,136.19000244140625,136.60000610351562,134.69000244140625,136.22999572753906,291200
2024-09-25,129.9405517578125,135.22000122070312,137.25999450683594,135.10000610351562,137.25999450683594,443500
2024-09-26,129.69070434570312,134.9600067138672,136.2100067138672,134.17999267578125,135.67999267578125,412900
2024-09-27,130.3441619873047,135.63999938964844,136.25999450683594,135.0,135.19000244140625,364600
2024-09-30,130.8053741455078,136.1199951171875,136.4199981689453,134.0,136.00999450683594,601700
2024-10-01,131.9201202392578,137.27999877929688,137.92999267578125,135.00999450683594,136.41000366210938,515900
2024-10-02,131.3627471923828,136.6999969482422,137.7100067138672,136.47000122070312,137.27999877929688,279700
2024-10-03,130.44024658203125,135.74000549316406,136.32000732421875,135.1999969482422,136.2899932861328,240700
2024-10-04,133.3039093017578,138.72000122070312,138.9199981689453,135.5,136.0,420500
2024-10-07,127.67267608642578,132.86000061035156,138.94000244140625,132.1300048828125,138.77999877929688,561700
2024-10-08,128.65286254882812,133.8800048828125,135.1999969482422,133.82000732421875,133.82000732421875,498200
2024-10-09,129.43124389648438,134.69000244140625,135.5500030517578,133.60000610351562,133.6699981689453,392200
2024-10-10,129.7387237548828,135.00999450683594,137.00999450683594,134.24000549316406,136.27999877929688,480900
2024-10-11,131.06484985351562,136.38999938964844,137.47000122070312,135.4600067138672,135.85000610351562,489100
2024-10-14,131.5357208251953,136.8800048828125,137.0,135.05999755859375,136.35000610351562,427700
2024-10-15,131.45884704589844,136.8000030517578,138.97999572753906,136.63999938964844,136.7100067138672,515300
2024-10-16,132.82339477539062,138.22000122070312,138.74000549316406,136.5800018310547,136.61000061035156,588000
2024-10-17,135.7831573486328,141.3000030517578,141.8300018310547,139.80999755859375,140.5,1007700
2024-10-18,135.87924194335938,141.39999389648438,141.67999267578125,139.92999267578125,140.9600067138672,625600
2024-10-21,134.69728088378906,140.1699981689453,142.25,139.67999267578125,141.52999877929688,452100
2024-10-22,133.18858337402344,138.60000610351562,139.63999938964844,137.02999877929688,139.50999450683594,428300
2024-10-23,133.4576416015625,138.8800048828125,139.22000122070312,137.3300018310547,138.24000549316406,373600
2024-10-24,132.8426513671875,138.24000549316406,139.52000427246094,137.88999938964844,139.10000610351562,616600
2024-10-25,135.73512268066406,141.25,141.91000366210938,137.82000732421875,139.58999633789062,857200
2024-10-28,138.84861755371094,144.49000549316406,144.82000732421875,141.6699981689453,142.11000061035156,866600
2024-10-29,136.45582580566406,142.0,145.3300018310547,141.30999755859375,144.61000061035156,670600
2024-10-30,137.839599609375,143.44000244140625,143.85000610351562,141.9600067138672,141.9600067138672,543600
2024-10-31,135.33151245117188,140.8300018310547,143.85000610351562,140.75999450683594,143.30999755859375,1067900
2024-11-01,135.15853881835938,140.64999389648438,142.69000244140625,140.5,140.8800048828125,393600
2024-11-04,132.7946014404297,138.19000244140625,140.7899932861328,137.64999389648438,140.2899932861328,551100
2024-11-05,134.88946533203125,140.3699951171875,140.60000610351562,138.1300048828125,138.17999267578125,483900
2024-11-06,143.83595275878906,149.67999267578125,150.9600067138672,147.83999633789062,149.0,868200
2024-11-07,141.37591552734375,147.1199951171875,148.9499969482422,146.4499969482422,148.7100067138672,489500
2024-11-08,142.88462829589844,148.69000244140625,149.2899932861328,147.30999755859375,147.72999572753906,412700
2024-11-11,145.26780700683594,151.1699981689453,152.3000030517578,149.3800048828125,149.77999877929688,412000
2024-11-12,145.2773895263672,151.17999267578125,152.2100067138672,150.39999389648438,150.6999969482422,358500
2024-11-13,144.89305114746094,150.77999877929688,151.74000549316406,149.1699981689453,149.1699981689453,371700
2024-11-14,143.71104431152344,149.5500030517578,150.6999969482422,148.74000549316406,150.6999969482422,639200
2024-11-15,145.85398864746094,151.77999877929688,151.9499969482422,149.50999450683594,150.00999450683594,760200
2024-11-18,146.1903076171875,152.1300048828125,152.85000610351562,150.82000732421875,151.60000610351562,420200
2024-11-19,144.7008514404297,150.5800018310547,150.75,148.91000366210938,149.91000366210938,320200
2024-11-20,145.7002410888672,151.6199951171875,151.99000549316406,150.19000244140625,151.3800048828125,403400
2024-11-21,148.80413818359375,154.85000610351562,155.25,151.77000427246094,152.7100067138672,478100
2024-11-22,150.36085510253906,156.47000122070312,156.8699951171875,154.30999755859375,154.36000061035156,391600
2024-11-25,153.19570922851562,159.4199981689453,159.75,157.41000366210938,157.86000061035156,876400
2024-11-26,153.37828063964844,159.61000061035156,159.80999755859375,158.58999633789062,159.4199981689453,468800
2024-11-27,153.90679931640625,160.16000366210938,161.75,159.89999389648438,160.14999389648438,456900
2024-11-29,153.58969116210938,159.8300018310547,160.75999450683594,159.00999450683594,160.4600067138672,361200
2024-12-02,151.4275360107422,157.5800018310547,160.02999877929688,156.55999755859375,159.9199981689453,548700
2024-12-03,150.3800811767578,156.49000549316406,158.5399932861328,156.24000549316406,158.5399932861328,473400
2024-12-04,150.19749450683594,156.3000030517578,156.8800048828125,155.0,156.44000244140625,338400
2024-12-05,151.02394104003906,157.16000366210938,158.02000427246094,156.25999450683594,156.82000732421875,531600
2024-12-06,149.93804931640625,156.02999877929688,157.75,155.22999572753906,156.97000122070312,332200
2024-12-09,147.6509552001953,153.64999389648438,156.1199951171875,152.80999755859375,155.85000610351562,362200
2024-12-10,143.98011779785156,149.8300018310547,153.02999877929688,148.80999755859375,152.6999969482422,975200
2024-12-11,145.7578887939453,151.67999267578125,152.0,149.0399932861328,150.19000244140625,578200
2024-12-12,146.21913146972656,152.16000366210938,153.38999938964844,151.33999633789062,152.55999755859375,490800
2024-12-13,146.27682495117188,152.22000122070312,153.5399932861328,151.60000610351562,152.6300048828125,455500
2024-12-16,146.34405517578125,152.2899932861328,153.99000549316406,152.05999755859375,153.16000366210938,818700
2024-12-17,142.0293731689453,147.8000030517578,151.16000366210938,147.13999938964844,151.05999755859375,760600
2024-12-18,137.4167938232422,143.0,148.36000061035156,142.8800048828125,146.72000122070312,861400
2024-12-19,137.4554443359375,142.22999572753906,144.44000244140625,141.6699981689453,142.7100067138672,680600
2024-12-20,139.71690368652344,144.57000732421875,144.85000610351562,141.02999877929688,141.35000610351562,2881100
2024-12-23,138.10292053222656,142.89999389648438,144.47999572753906,142.0399932861328,143.83999633789062,664600
2024-12-24,140.3933868408203,145.27000427246094,145.27000427246094,142.72999572753906,142.9600067138672,274300
2024-12-26,140.4320526123047,145.30999755859375,145.64999389648438,143.97000122070312,145.07000732421875,315500
2024-12-27,139.21435546875,144.0500030517578,145.4199981689453,143.10000610351562,144.17999267578125,386700
2024-12-30,138.33489990234375,143.13999938964844,143.7100067138672,141.47999572753906,142.58999633789062,430500
2024-12-31,138.8760986328125,143.6999969482422,144.17999267578125,143.0399932861328,143.44000244140625,329500
2025-01-02,137.69703674316406,142.47999572753906,144.6699981689453,142.25999450683594,143.89999389648438,534600
2025-01-03,137.32981872558594,142.10000610351562,143.30999755859375,140.97999572753906,142.50999450683594,465800
2025-01-06,136.99154663085938,141.75,144.80999755859375,141.0,141.91000366210938,596900
2025-01-07,137.53274536132812,142.30999755859375,143.33999633789062,140.80999755859375,141.99000549316406,483700
2025-01-08,136.95289611816406,141.7100067138672,142.30999755859375,139.9499969482422,142.30999755859375,700600
2025-01-10,131.0286865234375,135.5800018310547,139.2100067138672,132.99000549316406,139.19000244140625,1151800
2025-01-13,131.3572540283203,135.9199981689453,136.7899932861328,133.6699981689453,135.58999633789062,582200
2025-01-14,134.80743408203125,139.49000549316406,139.5800018310547,136.0399932861328,136.1300048828125,614700
2025-01-15,136.49867248535156,141.24000549316406,143.94000244140625,140.77000427246094,143.08999633789062,679900
2025-01-16,138.1126251220703,142.91000366210938,143.33999633789062,140.99000549316406,140.99000549316406,434800
2025-01-17,135.9381561279297,140.66000366210938,144.1199951171875,140.5,143.66000366210938,607800
2025-01-21,135.42593383789062,140.1300048828125,142.42999267578125,138.17999267578125,141.16000366210938,823700
2025-01-22,133.37709045410156,138.00999450683594,141.63999938964844,137.8800048828125,141.11000061035156,775400
2025-01-23,131.50222778320312,136.07000732421875,138.6300048828125,135.9499969482422,137.58999633789062,771800
2025-01-24,132.63294982910156,137.24000549316406,137.3300018310547,135.52000427246094,135.52000427246094,392500
2025-01-27,136.16041564941406,140.88999938964844,141.1300048828125,137.7100067138672,137.7100067138672,612100
2025-01-28,134.73976135253906,139.4199981689453,141.17999267578125,138.7100067138672,140.75,509800
2025-01-29,133.62835693359375,138.27000427246094,140.30999755859375,137.44000244140625,139.50999450683594,668600
2025-01-30,134.3725128173828,139.0399932861328,140.02999877929688,138.1999969482422,139.2100067138672,571500
2025-01-31,132.44932556152344,137.0500030517578,138.6199951171875,136.42999267578125,138.5500030517578,1757300
2025-02-03,132.33335876464844,136.92999267578125,137.86000061035156,134.05999755859375,137.07000732421875,1003100
2025-02-04,131.07701110839844,135.6300048828125,137.47999572753906,135.39999389648438,136.66000366210938,762200
2025-02-05,132.1787109375,136.77000427246094,137.05999755859375,135.3800048828125,136.35000610351562,666800
2025-02-06,133.28045654296875,137.91000366210938,138.0,136.60000610351562,137.66000366210938,764600
2025-02-07,132.3623504638672,136.9600067138672,138.75999450683594,136.4600067138672,138.0800018310547,632400
2025-02-10,131.06732177734375,135.6199951171875,137.72999572753906,135.44000244140625,137.41000366210938,833400
2025-02-11,134.74942016601562,139.42999267578125,145.13999938964844,138.5,141.50999450683594,1374200
2025-02-12,129.18280029296875,133.6699981689453,136.8699951171875,132.25,136.8699951171875,940800
2025-02-13,132.58462524414062,137.19000244140625,137.2899932861328,133.80999755859375,134.0,1121500
2025-02-14,132.37200927734375,136.97000122070312,138.7899932861328,136.33999633789062,137.05999755859375,948700
2025-02-18,132.0240936279297,136.61000061035156,137.0399932861328,135.60000610351562,136.97000122070312,939200
2025-02-19,131.85012817382812,136.42999267578125,137.5,134.9199981689453,136.50999450683594,641700
2025-02-20,131.21229553222656,135.77000427246094,135.92999267578125,133.66000366210938,135.77000427246094,603500
2025-02-21,130.60345458984375,135.13999938964844,136.85000610351562,134.89999389648438,135.8300018310547,468600
2025-02-24,132.5266571044922,137.1300048828125,138.14999389648438,135.77000427246094,135.77000427246094,640100
2025-02-25,135.2423095703125,139.94000244140625,140.47000122070312,137.55999755859375,137.75999450683594,853600
2025-02-26,135.4742431640625,140.17999267578125,141.1199951171875,139.4499969482422,140.2100067138672,673100
2025-02-27,139.69757080078125,144.5500030517578,144.72999572753906,140.35000610351562,140.3800048828125,707300
2025-02-28,142.84812927246094,147.80999755859375,147.9499969482422,145.25,145.82000732421875,961600
2025-03-03,142.52920532226562,147.47999572753906,150.38999938964844,146.55999755859375,148.17999267578125,751900
2025-03-04,138.45086669921875,143.25999450683594,148.22999572753906,143.1300048828125,147.86000061035156,964000
2025-03-05,138.37353515625,143.17999267578125,145.47000122070312,142.30999755859375,142.74000549316406,618100
2025-03-06,136.04444885253906,140.77000427246094,142.1300048828125,140.05999755859375,141.92999267578125,821000
2025-03-07,135.26165771484375,139.9600067138672,141.19000244140625,138.10000610351562,140.22999572753906,654700
2025-03-10,133.81199645996094,138.4600067138672,142.1699981689453,137.6699981689453,139.39999389648438,641000
2025-03-11,135.42593383789062,140.1300048828125,141.05999755859375,136.7100067138672,138.74000549316406,925600
2025-03-12,135.26165771484375,139.9600067138672,141.6699981689453,137.3800048828125,140.17999267578125,1168300
2025-03-13,137.22349548339844,141.99000549316406,142.33999633789062,139.4499969482422,139.74000549316406,1489800
2025-03-14,140.50936889648438,145.38999938964844,145.57000732421875,141.9499969482422,142.66000366210938,1238600
2025-03-17,142.27793884277344,147.22000122070312,147.58999633789062,144.22000122070312,145.0500030517578,833800
2025-03-18,140.98294067382812,145.8800048828125,147.60000610351562,145.82000732421875,147.14999389648438,1156600
2025-03-19,142.7224884033203,147.67999267578125,148.32000732421875,145.60000610351562,145.60000610351562,754100
2025-03-20,141.31149291992188,146.22000122070312,147.99000549316406,145.1999969482422,146.86000061035156,845400
2025-03-21,140.7316436767578,145.6199951171875,146.6999969482422,143.60000610351562,145.6300048828125,3566700
2025-03-24,141.62611389160156,145.6699981689453,146.4600067138672,144.4199981689453,145.50999450683594,600200
2025-03-25,141.75250244140625,145.8000030517578,146.97999572753906,144.4600067138672,145.6699981689453,788100
2025-03-26,142.42337036132812,146.49000549316406,148.0399932861328,145.5399932861328,146.3000030517578,601200
2025-03-27,143.44418334960938,147.5399932861328,148.02999877929688,145.60000610351562,146.74000549316406,652000
2025-03-28,141.5094451904297,145.5500030517578,149.02000427246094,145.27999877929688,147.5399932861328,593800
2025-03-31,143.6191864013672,147.72000122070312,148.42999267578125,145.3699951171875,145.5500030517578,798600
2025-04-01,143.35667419433594,147.4499969482422,148.69000244140625,145.66000366210938,147.72999572753906,533000
2025-04-02,143.4927978515625,147.58999633789062,148.0399932861328,145.77999877929688,146.82000732421875,559000
2025-04-03,140.6830291748047,144.6999969482422,146.61000061035156,142.99000549316406,144.02999877929688,926400
2025-04-04,128.03421020507812,131.69000244140625,142.49000549316406,130.72000122070312,141.61000061035156,1339000
2025-04-07,123.08549499511719,126.5999984741211,132.44000244140625,123.58000183105469,129.0399932861328,1156300
2025-04-08,123.52301788330078,127.05000305175781,133.36000061035156,125.16999816894531,130.82000732421875,971000
2025-04-09,130.892578125,134.6300048828125,135.2100067138672,123.0199966430664,125.16000366210938,1407700
2025-04-10,127.94671630859375,131.60000610351562,134.3699951171875,129.91000366210938,134.25,799400
2025-04-11,127.45083618164062,131.08999633789062,132.00999450683594,128.02999877929688,131.41000366210938,842000
2025-04-14,129.60922241210938,133.30999755859375,134.60000610351562,131.5399932861328,132.30999755859375,572400
2025-04-15,129.62867736816406,133.3300018310547,135.11000061035156,132.9199981689453,133.50999450683594,430400
2025-04-16,128.44253540039062,132.11000061035156,135.32000732421875,131.4600067138672,133.52000427246094,472500
2025-04-17,128.5689239501953,132.24000549316406,133.7899932861328,131.58999633789062,133.00999450683594,463600
2025-04-21,124.17440795898438,127.72000122070312,132.02000427246094,126.44999694824219,131.9199981689453,699700
2025-04-22,129.25921630859375,132.9499969482422,133.35000610351562,129.5500030517578,129.9199981689453,567200
2025-04-23,130.3286895751953,134.0500030517578,137.4600067138672,133.24000549316406,134.0,735100
2025-04-24,131.60231018066406,135.36000061035156,135.9199981689453,132.3699951171875,133.57000732421875,517400
2025-04-25,129.97866821289062,133.69000244140625,135.0399932861328,132.13999938964844,134.39999389648438,686800
2025-04-28,132.09815979003906,135.8699951171875,136.38999938964844,133.47999572753906,133.80999755859375,909800
2025-04-29,135.96768188476562,139.85000610351562,144.2100067138672,136.5800018310547,144.2100067138672,1206900
2025-04-30,135.345458984375,139.2100067138672,139.89999389648438,135.86000061035156,139.4499969482422,979300
2025-05-01,135.95794677734375,139.83999633789062,141.10000610351562,136.6199951171875,137.9199981689453,746200
2025-05-02,139.5941162109375,143.5800018310547,144.0800018310547,140.47000122070312,141.07000732421875,522900
2025-05-05,139.8955078125,143.88999938964844,144.66000366210938,141.77999877929688,142.1999969482422,374500
2025-05-06,140.8969268798828,144.9199981689453,145.27000427246094,142.67999267578125,143.07000732421875,504300
2025-05-07,141.16912841796875,145.1999969482422,146.3800048828125,144.52999877929688,144.9199981689453,519900
2025-05-08,142.59832763671875,146.6699981689453,148.2899932861328,145.39999389648438,146.27999877929688,441800
2025-05-09,143.6969757080078,147.8000030517578,148.22999572753906,146.13999938964844,146.75999450683594,503000
2025-05-12,145.8358917236328,150.0,150.07000732421875,146.91000366210938,150.07000732421875,578800
2025-05-13,144.43588256835938,148.55999755859375,151.0,148.55999755859375,149.8699951171875,718200
2025-05-14,142.23861694335938,146.3000030517578,148.3800048828125,145.10000610351562,147.97999572753906,515800
2025-05-15,145.15533447265625,149.3000030517578,149.61000061035156,146.44000244140625,146.44000244140625,395000
2025-05-16,146.67202758789062,150.86000061035156,150.88999938964844,148.82000732421875,149.3000030517578,635700
2025-05-19,146.759521484375,150.9499969482422,151.6699981689453,149.80999755859375,150.2899932861328,470900
2025-05-20,146.00119018554688,150.1699981689453,150.97999572753906,149.89999389648438,150.32000732421875,384300
2025-05-21,142.45249938964844,146.52000427246094,149.75999450683594,146.42999267578125,149.3000030517578,455200
2025-05-22,141.26637268066406,145.3000030517578,146.72000122070312,144.27000427246094,146.52000427246094,531700
2025-05-23,141.7816619873047,145.8300018310547,146.13999938964844,143.85000610351562,144.1300048828125,329700
2025-05-27,145.32061767578125,149.47000122070312,149.52999877929688,146.1300048828125,147.58999633789062,448400
2025-05-28,143.71641540527344,147.82000732421875,149.2899932861328,147.60000610351562,149.25,436600
2025-05-29,145.80673217773438,149.97000122070312,150.0,147.5800018310547,147.86000061035156,473600
2025-05-30,146.63314819335938,150.82000732421875,151.1199951171875,148.58999633789062,149.61000061035156,1106700
2025-06-02,147.3914794921875,151.60000610351562,151.60000610351562,148.1699981689453,150.57000732421875,537200
2025-06-03,147.30398559570312,151.50999450683594,152.3300018310547,148.33999633789062,151.60000610351562,517200
2025-06-04,145.60256958007812,149.75999450683594,151.50999450683594,149.72000122070312,151.50999450683594,480300
2025-06-05,145.70950317382812,149.8699951171875,150.0800018310547,148.3699951171875,149.75999450683594,419400
2025-06-06,146.83729553222656,151.02999877929688,152.00999450683594,150.14999389648438,151.0,350100
2025-06-09,144.83450317382812,148.97000122070312,151.05999755859375,145.74000549316406,151.02999877929688,386400
2025-06-10,142.96780395507812,147.0500030517578,148.47999572753906,146.41000366210938,148.19000244140625,396700
2025-06-11,142.90945434570312,146.99000549316406,147.6699981689453,145.7899932861328,146.97999572753906,427200
2025-06-12,144.1344757080078,148.25,148.27999877929688,146.25999450683594,146.6699981689453,438300
2025-06-13,142.2969512939453,146.36000061035156,148.1300048828125,145.0,147.2899932861328,440800
2025-06-16,142.62750244140625,146.6999969482422,148.10000610351562,146.00999450683594,146.58999633789062,729000
2025-06-17,141.23721313476562,145.27000427246094,145.7899932861328,143.6300048828125,145.5500030517578,509300
2025-06-18,141.65525817871094,145.6999969482422,147.19000244140625,145.33999633789062,145.42999267578125,498600
2025-06-20,141.40249633789062,145.44000244140625,146.82000732421875,145.17999267578125,145.6999969482422,1160000
2025-06-23,144.0139923095703,147.24000549316406,147.2899932861328,144.4499969482422,144.8300018310547,590900
2025-06-24,143.4760284423828,146.69000244140625,147.9199981689453,146.35000610351562,147.9199981689453,533400
2025-06-25,140.5711212158203,143.72000122070312,146.69000244140625,143.3699951171875,146.69000244140625,645600
2025-06-26,142.56640625,145.75999450683594,145.9499969482422,143.8300018310547,144.3699951171875,337600
2025-06-27,143.02610778808594,146.22999572753906,146.6300048828125,144.6199951171875,145.3699951171875,1007400
2025-06-30,145.6571807861328,148.9199981689453,149.3300018310547,145.63999938964844,145.86000061035156,721100
2025-07-01,146.10711669921875,149.3800048828125,150.0399932861328,148.3699951171875,148.57000732421875,542800
2025-07-02,142.90875244140625,146.11000061035156,149.05999755859375,144.57000732421875,149.05999755859375,542900
2025-07-03,145.33441162109375,148.58999633789062,148.6999969482422,145.44000244140625,146.41000366210938,472500
2025-07-07,143.02610778808594,146.22999572753906,149.0800018310547,145.4499969482422,148.35000610351562,442800
2025-07-08,142.88917541503906,146.08999633789062,147.2100067138672,145.42999267578125,145.9600067138672,539400
2025-07-09,143.49560546875,146.7100067138672,146.75,145.36000061035156,146.72000122070312,671000
2025-07-10,144.6106414794922,147.85000610351562,148.33999633789062,145.44000244140625,146.5,456500
2025-07-11,144.18026733398438,147.41000366210938,148.25,146.1999969482422,147.41000366210938,448900
2025-07-14,145.98973083496094,149.25999450683594,149.5800018310547,147.1999969482422,147.33999633789062,340700
2025-07-15,142.6055450439453,145.8000030517578,149.02000427246094,145.52000427246094,148.63999938964844,885200
2025-07-16,144.4932403564453,147.72999572753906,147.9499969482422,145.0,146.47000122070312,479500
2025-07-17,145.7647705078125,149.02999877929688,149.38999938964844,145.0,146.75999450683594,578600
2025-07-18,147.42752075195312,150.72999572753906,151.07000732421875,148.33999633789062,149.85000610351562,699300
2025-07-21,145.7354278564453,149.0,151.22999572753906,148.77000427246094,150.38999938964844,376000
2025-07-22,147.6916046142578,151.0,151.25999450683594,149.0,149.58999633789062,382700
2025-07-23,147.6133575439453,150.9199981689453,152.02000427246094,149.7899932861328,152.02000427246094,270900
2025-07-24,144.6301727294922,147.8699951171875,150.07000732421875,146.3300018310547,150.0399932861328,659100
2025-07-25,146.12664794921875,149.39999389648438,150.25,147.52999877929688,148.32000732421875,419300
2025-07-28,143.87705993652344,147.10000610351562,149.52999877929688,147.07000732421875,149.05999755859375,828700
2025-07-29,149.08050537109375,152.4199981689453,157.50999450683594,151.11000061035156,154.47000122070312,1149600
2025-07-30,146.23423767089844,149.50999450683594,153.3300018310547,148.94000244140625,153.25999450683594,885000
2025-07-31,144.27806091308594,147.50999450683594,150.67999267578125,146.97000122070312,149.0,869900
2025-08-01,142.98699951171875,146.19000244140625,146.7899932861328,143.8699951171875,146.7899932861328,694700
2025-08-04,146.459228515625,149.74000549316406,149.77999877929688,146.52000427246094,146.52000427246094,523300
2025-08-05,147.13409423828125,150.42999267578125,151.13999938964844,149.5,150.38999938964844,569200
2025-08-06,150.67478942871094,154.0500030517578,154.42999267578125,150.42999267578125,150.85000610351562,811800
2025-08-07,148.15130615234375,151.47000122070312,154.4499969482422,150.7899932861328,154.4499969482422,534700
2025-08-08,146.84066772460938,150.1300048828125,153.44000244140625,149.3800048828125,151.66000366210938,510600
2025-08-11,146.5961456298828,149.8800048828125,151.85000610351562,149.2100067138672,150.5,365500
2025-08-12,148.07305908203125,151.38999938964844,151.4600067138672,149.82000732421875,150.07000732421875,423100
2025-08-13,150.63565063476562,154.00999450683594,154.30999755859375,151.10000610351562,151.42999267578125,495800
2025-08-14,150.77259826660156,154.14999389648438,154.6300048828125,152.91000366210938,154.00999450683594,503300
2025-08-15,147.7502899169922,151.05999755859375,155.44000244140625,150.5399932861328,155.35000610351562,760800
2025-08-18,146.50811767578125,149.7899932861328,150.6999969482422,149.60000610351562,150.6999969482422,376300
2025-08-19,149.0413818359375,152.3800048828125,152.41000366210938,150.11000061035156,150.11000061035156,542900
2025-08-20,150.2835235595703,153.64999389648438,154.1199951171875,152.25,152.8000030517578,529400
2025-08-21,149.6086883544922,152.9600067138672,153.91000366210938,152.8800048828125,153.19000244140625,384200
2025-08-22,151.9951934814453,155.39999389648438,156.42999267578125,153.97000122070312,154.17999267578125,458400
2025-08-25,149.9510040283203,153.30999755859375,156.0,153.2899932861328,155.39999389648438,387400
2025-08-26,150.22486877441406,153.58999633789062,153.89999389648438,152.47000122070312,153.30999755859375,557300
2025-08-27,150.63565063476562,154.00999450683594,154.47000122070312,153.0399932861328,153.0399932861328,470500
2025-08-28,150.0390167236328,153.39999389648438,154.02000427246094,152.8800048828125,153.97000122070312,466800
2025-08-29,150.23463439941406,153.60000610351562,154.7100067138672,153.39999389648438,153.58999633789062,375900
2025-09-02,149.59889221191406,152.9499969482422,153.47999572753906,151.9600067138672,153.08999633789062,399600
2025-09-03,150.1661834716797,153.52999877929688,153.6999969482422,152.0500030517578,152.0500030517578,280200
2025-09-04,152.1810302734375,155.58999633789062,155.6300048828125,154.4499969482422,154.5,229100
2025-09-05,149.99990844726562,153.36000061035156,155.97000122070312,152.3800048828125,155.77999877929688,333300
2025-09-08,150.09771728515625,153.4600067138672,153.5800018310547,151.5399932861328,153.4199981689453,345100
2025-09-09,150.3226776123047,153.69000244140625,154.77999877929688,153.07000732421875,153.07000732421875,408000
2025-09-10,148.972900390625,152.30999755859375,152.9499969482422,151.22000122070312,152.3300018310547,443100
2025-09-11,153.3253936767578,156.75999450683594,156.89999389648438,152.17999267578125,152.50999450683594,395300
2025-09-12,153.4232177734375,156.86000061035156,157.6699981689453,156.13999938964844,156.36000061035156,613700
2025-09-15,151.7311248779297,155.1300048828125,157.64999389648438,154.64999389648438,157.14999389648438,515900
2025-09-16,149.91188049316406,153.27000427246094,154.6999969482422,153.10000610351562,154.69000244140625,434700
2025-09-17,151.09535217285156,154.47999572753906,156.36000061035156,152.97999572753906,153.0500030517578,405900
2025-09-18,152.5135955810547,155.92999267578125,156.10000610351562,153.66000366210938,153.66000366210938,426100
2025-09-19,152.68963623046875,156.11000061035156,156.88999938964844,154.27000427246094,156.47999572753906,1123200
2025-09-22,152.14869689941406,154.69000244140625,155.50999450683594,153.91000366210938,154.47000122070312,357900
2025-09-23,151.9027862548828,154.44000244140625,156.02999877929688,154.0500030517578,154.0500030517578,302800
2025-09-24,151.9814910888672,154.52000427246094,155.22999572753906,154.00999450683594,154.52999877929688,337600
2025-09-25,151.88311767578125,154.4199981689453,156.57000732421875,154.1199951171875,154.8300018310547,380400
2025-09-26,154.32237243652344,156.89999389648438,157.13999938964844,155.14999389648438,155.2899932861328,312000
2025-09-29,153.8010711669922,156.3699951171875,157.32000732421875,155.8699951171875,157.0399932861328,396900
2025-09-30,155.50267028808594,158.10000610351562,158.39999389648438,155.80999755859375,156.4600067138672,378700
2025-10-01,157.16490173339844,159.7899932861328,160.33999633789062,157.2100067138672,157.5,484600
2025-10-02,157.87306213378906,160.50999450683594,160.63999938964844,158.47999572753906,158.85000610351562,452300
2025-10-03,160.60739135742188,163.2899932861328,164.02999877929688,160.50999450683594,160.50999450683594,594100
2025-10-06,162.495849609375,165.2100067138672,165.92999267578125,163.64999389648438,164.30999755859375,476000
2025-10-07,162.96798706054688,165.69000244140625,166.89999389648438,165.0,165.2100067138672,406100
2025-10-08,162.8302764892578,165.5500030517578,166.7899932861328,164.77000427246094,165.42999267578125,445100
2025-10-09,159.0238494873047,161.67999267578125,166.19000244140625,161.05999755859375,165.61000061035156,540400
2025-10-10,156.35836791992188,158.97000122070312,163.5500030517578,158.6999969482422,162.63999938964844,712100
2025-10-13,155.28628540039062,157.8800048828125,159.6699981689453,157.3300018310547,159.0,487100
2025-10-14,156.14198303222656,158.75,159.3000030517578,156.7100067138672,157.4199981689453,499000
2025-10-15,153.7814178466797,156.35000610351562,159.52999877929688,155.52999877929688,158.55999755859375,573800
2025-10-16,148.90289306640625,151.38999938964844,154.6199951171875,151.08999633789062,153.97999572753906,675400
2025-10-17,150.50613403320312,153.02000427246094,154.42999267578125,151.72000122070312,151.72000122070312,592600
2025-10-20,152.35520935058594,154.89999389648438,155.16000366210938,153.0399932861328,153.9199981689453,379500
2025-10-21,153.72239685058594,156.2899932861328,156.8699951171875,153.52000427246094,154.05999755859375,496200
2025-10-22,152.91586303710938,155.47000122070312,157.8000030517578,154.8300018310547,157.24000549316406,495900
2025-10-23,153.16177368164062,155.72000122070312,156.58999633789062,154.92999267578125,155.66000366210938,350200
2025-10-24,154.0961456298828,156.6699981689453,157.08999633789062,155.72000122070312,155.72000122070312,370200
2025-10-27,155.05020141601562,157.63999938964844,158.33999633789062,156.5,156.74000549316406,657400
2025-10-28,149.25698852539062,151.75,157.10000610351562,151.4199981689453,157.10000610351562,970700
2025-10-29,149.33567810058594,151.8300018310547,152.27000427246094,150.0,150.6999969482422,790900
2025-10-30,151.8240966796875,154.36000061035156,154.61000061035156,150.92999267578125,151.5,742400
2025-10-31,152.05032348632812,154.58999633789062,155.9199981689453,152.75,152.9499969482422,998800
2025-11-03,151.13560485839844,153.66000366210938,154.91000366210938,151.99000549316406,153.86000061035156,750100
2025-11-04,154.80433654785156,157.38999938964844,157.39999389648438,153.82000732421875,153.85000610351562,647300
2025-11-05,157.41078186035156,160.0399932861328,160.25999450683594,156.89999389648438,157.77000427246094,520400
2025-11-06,158.72877502441406,161.3800048828125,161.8699951171875,160.10000610351562,160.19000244140625,603700
2025-11-07,161.9352264404297,164.63999938964844,164.77000427246094,161.5800018310547,161.88999938964844,694800
2025-11-10,163.6663055419922,166.39999389648438,167.10000610351562,163.69000244140625,164.24000549316406,431100
2025-11-11,163.40074157714844,166.1300048828125,168.0,165.55999755859375,166.77000427246094,397400
2025-11-12,164.14825439453125,166.88999938964844,168.1999969482422,165.49000549316406,165.72000122070312,357900
2025-11-13,163.28271484375,166.00999450683594,167.9499969482422,165.64999389648438,166.7100067138672,517700
2025-11-14,161.20736694335938,163.89999389648438,166.5399932861328,163.74000549316406,166.13999938964844,510900
2025-11-17,158.78778076171875,161.44000244140625,164.5500030517578,160.94000244140625,164.42999267578125,544800
2025-11-18,159.7025146484375,162.3699951171875,164.14999389648438,161.0,161.82000732421875,540500
2025-11-19,158.9943389892578,161.64999389648438,162.88999938964844,160.5800018310547,162.57000732421875,403400
2025-11-20,160.97132873535156,163.66000366210938,164.9600067138672,162.7100067138672,162.89999389648438,367300
2025-11-21,163.29254150390625,166.02000427246094,167.88999938964844,163.82000732421875,164.08999633789062,606100
2025-11-24,163.97120666503906,166.7100067138672,167.47000122070312,164.66000366210938,165.49000549316406,844300
2025-11-25,165.61376953125,168.3800048828125,169.22999572753906,167.8800048828125,168.1999969482422,374600
2025-11-26,165.71212768554688,168.47999572753906,169.86000061035156,167.9600067138672,168.25999450683594,718000
2025-11-28,164.8367462158203,167.58999633789062,169.42999267578125,167.22000122070312,169.25,266300
2025-12-01,163.30238342285156,166.02999877929688,168.6699981689453,165.4499969482422,166.85000610351562,466800
2025-12-02,161.0795135498047,163.77000427246094,166.80999755859375,163.52000427246094,166.02999877929688,759900
2025-12-03,160.15496826171875,162.8300018310547,164.55999755859375,161.66000366210938,163.77000427246094,497200
2025-12-04,160.3319854736328,163.00999450683594,164.14999389648438,162.41000366210938,162.77999877929688,351000
2025-12-05,159.63365173339844,162.3000030517578,162.77999877929688,161.0800018310547,162.41000366210938,393000
2025-12-08,158.65008544921875,161.3000030517578,162.22000122070312,160.4199981689453,162.1999969482422,442900
2025-12-09,158.8369598388672,161.49000549316406,163.08999633789062,161.3699951171875,161.39999389648438,353700
2025-12-10,159.94839477539062,162.6199951171875,163.82000732421875,161.0399932861328,161.2899932861328,1030900
2025-12-11,162.30897521972656,165.02000427246094,166.36000061035156,163.0800018310547,163.0800018310547,529900
2025-12-12,163.13519287109375,165.86000061035156,167.35000610351562,164.74000549316406,166.3699951171875,482700
2025-12-15,164.32530212402344,167.07000732421875,167.63999938964844,165.32000732421875,166.8000030517578,522400
2025-12-16,162.70240783691406,165.4199981689453,168.10000610351562,163.36000061035156,167.97000122070312,666700
2025-12-17,164.36463928222656,167.11000061035156,167.2899932861328,164.38999938964844,165.3699951171875,580200
2025-12-18,165.1514892578125,167.91000366210938,168.22000122070312,166.4499969482422,166.72999572753906,461100
2025-12-19,164.5416717529297,167.2899932861328,168.0800018310547,166.27000427246094,167.75999450683594,1077900
2025-12-22,165.0756072998047,166.9600067138672,168.1699981689453,164.92999267578125,165.77999877929688,494800
2025-12-23,163.90892028808594,165.77999877929688,167.77999877929688,165.74000549316406,166.9600067138672,763100
2025-12-24,163.99789428710938,165.8699951171875,166.64999389648438,164.9600067138672,165.77999877929688,227500
2025-12-26,162.93006896972656,164.7899932861328,166.47999572753906,164.38999938964844,166.47999572753906,271800
2025-12-29,163.12782287597656,164.99000549316406,165.77999877929688,164.30999755859375,165.17999267578125,552300
2025-12-30,163.08827209472656,164.9499969482422,165.27999877929688,164.24000549316406,164.5399932861328,356700
2025-12-31,161.4766845703125,163.32000732421875,164.67999267578125,162.91000366210938,164.58999633789062,453200
2026-01-02,159.66732788085938,161.49000549316406,163.32000732421875,160.3800048828125,163.32000732421875,547300
2026-01-05,160.1320343017578,161.9600067138672,163.27999877929688,159.3000030517578,160.24000549316406,637100
2026-01-06,160.2902069091797,162.1199951171875,162.67999267578125,159.5800018310547,161.52000427246094,753500
2026-01-07,161.1998291015625,163.0399932861328,163.47999572753906,160.47999572753906,161.64999389648438,594300
2026-01-08,163.3255615234375,165.19000244140625,166.27999877929688,163.02999877929688,163.2899932861328,576300
2026-01-09,161.15040588378906,162.99000549316406,166.11000061035156,162.6999969482422,165.19000244140625,596700
2026-01-12,161.78317260742188,163.6300048828125,164.7899932861328,161.66000366210938,162.66000366210938,628100
2026-01-13,159.1927490234375,161.00999450683594,164.52000427246094,160.58999633789062,163.3300018310547,591900
2026-01-14,161.8325958251953,163.67999267578125,163.82000732421875,161.22000122070312,161.22000122070312,567100
2026-01-15,161.52610778808594,163.3699951171875,165.49000549316406,162.86000061035156,164.08999633789062,435200
2026-01-16,160.3495330810547,162.17999267578125,163.17999267578125,161.75999450683594,163.0500030517578,646200
2026-01-20,158.99501037597656,160.80999755859375,163.0,160.35000610351562,162.3000030517578,667100
2026-01-21,159.9540557861328,161.77999877929688,162.75,160.5,160.97999572753906,523400
2026-01-22,156.36502075195312,158.14999389648438,161.57000732421875,157.55999755859375,161.57000732421875,794500
2026-01-23,155.25767517089844,157.02999877929688,157.88999938964844,155.13999938964844,157.05999755859375,590600
2026-01-26,156.1969451904297,157.97999572753906,159.63999938964844,157.4199981689453,157.9199981689453,725400
2026-01-27,156.0782928466797,157.86000061035156,158.10000610351562,155.72000122070312,157.64999389648438,494700
2026-01-28,156.61219787597656,158.39999389648438,159.35000610351562,156.3699951171875,157.30999755859375,527600
2026-01-29,156.40457153320312,158.19000244140625,161.08999633789062,157.72999572753906,159.44000244140625,1361800
2026-01-30,159.0740966796875,160.88999938964844,161.11000061035156,156.77000427246094,158.19000244140625,1075500
2026-02-02,160.6461639404297,162.47999572753906,162.86000061035156,160.91000366210938,161.55999755859375,736800
2026-02-03,161.99081420898438,163.83999633789062,165.1300048828125,161.0800018310547,161.92999267578125,600600
2026-02-04,167.0431365966797,168.9499969482422,169.82000732421875,164.8300018310547,164.9499969482422,715700
2026-02-05,169.56434631347656,171.5,172.72999572753906,169.49000549316406,169.5399932861328,751900
2026-02-06,170.7013702392578,172.64999389648438,174.27000427246094,172.27000427246094,172.5,593500
2026-02-09,166.79595947265625,168.6999969482422,174.0,167.82000732421875,173.74000549316406,797400
2026-02-10,161.249267578125,163.08999633789062,167.11000061035156,158.91000366210938,164.4199981689453,1262000
2026-02-11,161.6151123046875,163.4600067138672,164.5500030517578,161.67999267578125,162.8800048828125,762300
2026-02-12,163.24647521972656,165.11000061035156,165.88999938964844,162.1300048828125,163.75999450683594,728800
2026-02-13,160.93289184570312,162.77000427246094,164.89999389648438,162.05999755859375,163.77999877929688,920200
2026-02-17,164.19564819335938,166.07000732421875,167.13999938964844,163.3300018310547,164.0800018310547,761000
2026-02-18,161.407470703125,163.25,166.00999450683594,162.3699951171875,165.55999755859375,423800
2026-02-19,160.56704711914062,162.39999389648438,164.36000061035156,161.77000427246094,163.3300018310547,443800
2026-02-20,161.16029357910156,163.0,163.60000610351562,160.3800048828125,163.1300048828125,1257800
2026-02-23,159.0938720703125,160.91000366210938,164.89999389648438,160.66000366210938,163.91000366210938,1063400
2026-02-24,158.91590881347656,160.72999572753906,161.6999969482422,159.27000427246094,160.49000549316406,1182400
2026-02-25,161.90182495117188,163.75,164.08999633789062,160.35000610351562,160.88999938964844,607600
2026-02-26,163.33546447753906,165.1999969482422,165.52999877929688,163.8300018310547,163.8300018310547,499900
2026-02-27,162.1292266845703,163.97999572753906,165.27999877929688,161.57000732421875,165.27999877929688,1054600
2026-03-02,168.06149291992188,169.97999572753906,170.10000610351562,164.2100067138672,164.32000732421875,1137000
2026-03-03,166.62786865234375,168.52999877929688,169.27000427246094,164.8800048828125,167.17999267578125,751800
2026-03-04,166.07418823242188,167.97000122070312,169.13999938964844,165.05999755859375,168.27000427246094,583300
2026-03-05,164.46258544921875,166.33999633789062,167.74000549316406,166.25999450683594,166.6999969482422,942400
2026-03-06,163.5233154296875,165.38999938964844,165.5800018310547,162.27000427246094,164.6699981689453,726200
2026-03-09,161.4766845703125,163.32000732421875,164.33999633789062,160.47999572753906,164.33999633789062,1004600
2026-03-10,162.87075805664062,164.72999572753906,166.14999389648438,162.10000610351562,162.72999572753906,857700
2026-03-11,162.1490020751953,164.0,165.10000610351562,162.74000549316406,164.32000732421875,889000
2026-03-12,162.37640380859375,164.22999572753906,166.05999755859375,162.0,162.35000610351562,809200
2026-03-13,161.97103881835938,163.82000732421875,166.57000732421875,163.7899932861328,165.88999938964844,891000
2026-03-16,164.69000244140625,166.57000732421875,168.47999572753906,164.49000549316406,165.00999450683594,610400
2026-03-17,162.91030883789062,164.77000427246094,168.91000366210938,164.72000122070312,167.97999572753906,611200
2026-03-18,158.39187622070312,160.1999969482422,164.72999572753906,160.0800018310547,164.08999633789062,493600
2026-03-19,156.0782928466797,157.86000061035156,160.9600067138672,156.77999877929688,160.4600067138672,554800
2026-03-20,156.64186096191406,158.42999267578125,158.85000610351562,156.64999389648438,157.80999755859375,4144900
2026-03-23,158.3820037841797,160.19000244140625,162.22999572753906,159.82000732421875,160.80999755859375,737000
2026-03-24,157.4073486328125,158.27000427246094,160.57000732421875,158.2100067138672,158.47000122070312,468400
2026-03-25,154.6027069091797,155.4499969482422,159.5800018310547,155.41000366210938,159.22000122070312,581100
2026-03-26,156.70120239257812,157.55999755859375,157.58999633789062,155.17999267578125,155.17999267578125,485300
2026-03-27,152.84234619140625,153.67999267578125,157.3000030517578,153.39999389648438,157.05999755859375,518700
2026-03-30,155.5674285888672,156.4199981689453,157.13999938964844,153.9499969482422,153.9499969482422,450500
2026-03-31,156.4923553466797,157.35000610351562,158.5500030517578,155.13999938964844,158.1699981689453,719000
2026-04-01,156.80067443847656,157.66000366210938,158.74000549316406,156.4600067138672,157.08999633789062,596900
2026-04-02,157.5465850830078,158.41000366210938,159.86000061035156,156.5500030517578,157.11000061035156,543100
2026-04-06,159.16769409179688,160.0399932861328,160.08999633789062,157.57000732421875,157.9199981689453,360900
2026-04-07,159.3069305419922,160.17999267578125,161.27999877929688,158.75,160.0399932861328,621600
2026-04-08,162.36019897460938,163.25,163.36000061035156,160.14999389648438,160.3000030517578,657300
2026-04-09,163.05638122558594,163.9499969482422,165.63999938964844,162.6199951171875,162.75999450683594,615400
2026-04-10,160.26170349121094,161.13999938964844,163.60000610351562,160.75,163.4499969482422,670600
2026-04-13,162.787841796875,163.67999267578125,163.99000549316406,161.2100067138672,161.75,698200
2026-04-14,162.45965576171875,163.35000610351562,164.08999633789062,162.22000122070312,163.24000549316406,649600
2026-04-15,162.11155700683594,163.0,164.25999450683594,161.85000610351562,163.10000610351562,556400
2026-04-16,162.4696044921875,163.36000061035156,163.82000732421875,161.82000732421875,163.0,559400
2026-04-17,165.91075134277344,166.82000732421875,167.6300048828125,163.25,163.38999938964844,2809700
2026-04-20,165.08526611328125,165.99000549316406,168.69000244140625,165.27000427246094,166.7100067138672,524400
2026-04-21,165.55270385742188,166.4600067138672,167.72999572753906,164.89999389648438,166.44000244140625,640800
2026-04-22,165.36373901367188,166.27000427246094,166.5,163.6699981689453,166.14999389648438,613000
2026-04-23,167.26332092285156,168.17999267578125,168.77999877929688,166.25999450683594,166.91000366210938,566500
2026-04-24,163.58349609375,164.47999572753906,167.24000549316406,164.39999389648438,167.1999969482422,619100
2026-04-27,164.73716735839844,165.63999938964844,167.17999267578125,163.6300048828125,163.6300048828125,907700
2026-04-28,164.06088256835938,164.9600067138672,167.66000366210938,162.41000366210938,163.16000366210938,1014800
2026-04-29,162.3303680419922,163.22000122070312,166.10000610351562,161.74000549316406,164.9600067138672,495100
2026-04-30,162.7082977294922,163.60000610351562,164.66000366210938,161.0,162.11000061035156,863900
2026-05-01,161.166748046875,162.0500030517578,165.11000061035156,161.97999572753906,164.55999755859375,579700
2026-05-04,158.70025634765625,159.57000732421875,162.9499969482422,159.0800018310547,160.77999877929688,472800
2026-05-05,159.47601318359375,160.35000610351562,160.9600067138672,158.8000030517578,159.38999938964844,456000
2026-05-06,159.55555725097656,160.42999267578125,163.16000366210938,160.32000732421875,160.88999938964844,588600
2026-05-07,161.166748046875,162.0500030517578,162.41000366210938,159.5,159.9199981689453,777200
2026-05-08,160.61973571777344,161.5,162.77999877929688,160.97999572753906,161.44000244140625,664400
2026-05-11,162.43975830078125,163.3300018310547,163.5399932861328,161.27999877929688,161.74000549316406,839600
2026-05-12,162.89724731445312,163.7899932861328,165.25999450683594,162.66000366210938,163.75,732800
2026-05-13,162.37013244628906,163.25999450683594,165.17999267578125,161.74000549316406,163.7899932861328,708500
2026-05-14,164.40896606445312,165.30999755859375,165.5500030517578,163.83999633789062,163.83999633789062,630500
2026-05-15,165.51292419433594,166.4199981689453,167.66000366210938,165.27000427246094,166.35000610351562,848200
2026-05-18,166.7362060546875,167.64999389648438,169.27999877929688,166.4199981689453,166.4199981689453,646000
2026-05-19,166.9351348876953,167.85000610351562,168.50999450683594,166.0,167.64999389648438,517900
2026-05-20,167.61141967773438,168.52999877929688,168.85000610351562,166.32000732421875,167.3000030517578,526200
2026-05-21,167.45228576660156,168.3699951171875,168.5399932861328,165.52000427246094,167.92999267578125,620000
2026-05-22,167.1837615966797,168.10000610351562,169.5,167.61000061035156,168.25,332100
2026-05-26,166.12953186035156,167.0399932861328,168.77999877929688,166.99000549316406,168.10000610351562,388600
2026-05-27,162.05189514160156,162.94000244140625,167.82000732421875,162.5800018310547,167.0399932861328,492600
2026-05-28,159.12791442871094,160.0,163.02999877929688,159.3800048828125,161.97999572753906,628000
2026-05-29,156.5619659423828,157.4199981689453,160.0500030517578,157.13999938964844,159.1699981689453,835900
2026-06-01,155.97518920898438,156.8300018310547,158.49000549316406,155.61000061035156,156.36000061035156,768000
2026-06-02,157.13880920410156,158.0,159.00999450683594,156.17999267578125,156.39999389648438,629900
2026-06-03,157.15870666503906,158.02000427246094,159.6699981689453,157.4600067138672,157.47000122070312,753100
2026-06-04,159.78431701660156,160.66000366210938,162.3800048828125,160.0,160.2899932861328,851900
2026-06-05,164.38906860351562,165.2899932861328,165.64999389648438,162.13999938964844,162.13999938964844,523400
2026-06-08,161.3656463623047,162.25,165.3000030517578,162.14999389648438,165.2899932861328,472100
2026-06-09,162.93704223632812,163.8300018310547,165.36000061035156,162.55999755859375,163.19000244140625,725700
2026-06-10,165.52285766601562,166.42999267578125,167.8800048828125,164.77000427246094,165.30999755859375,510600
2026-06-11,167.38267517089844,168.3000030517578,170.42999267578125,167.27000427246094,167.50999450683594,1282700
2026-06-12,168.0887908935547,169.00999450683594,169.8300018310547,166.8000030517578,169.22999572753906,600300
2026-06-15,168.41700744628906,169.33999633789062,170.61000061035156,168.17999267578125,169.00999450683594,748100
2026-06-16,170.8536376953125,171.7899932861328,172.6699981689453,169.9600067138672,171.0,676000
2026-06-17,170.535400390625,171.47000122070312,173.52999877929688,170.1699981689453,170.1699981689453,704700
2026-06-18,169.27230834960938,170.1999969482422,172.11000061035156,169.64999389648438,171.8699951171875,3239500
2026-06-22,171.52000427246094,172.4600067138672,175.33999633789062,170.55999755859375,170.55999755859375,929700
2026-06-23,175.80999755859375,175.80999755859375,175.97999572753906,171.6199951171875,173.2100067138672,956700
2026-06-24,178.4499969482422,178.4499969482422,180.2100067138672,175.72999572753906,176.74000549316406,829800
2026-06-25,177.72999572753906,177.72999572753906,180.9600067138672,177.0500030517578,178.25999450683594,607100
2026-06-26,184.0800018310547,184.0800018310547,185.1999969482422,178.16000366210938,179.13999938964844,1547600
2026-06-29,186.16000366210938,186.16000366210938,186.36000061035156,182.52000427246094,183.38999938964844,693500
2026-06-30,185.13999938964844,185.13999938964844,187.39999389648438,184.1999969482422,186.16000366210938,684900
2026-07-01,187.2100067138672,187.2100067138672,187.7899932861328,185.38999938964844,185.86000061035156,711900
2026-07-02,192.02999877929688,192.02999877929688,192.08999633789062,186.8800048828125,188.64999389648438,798400
2026-07-06,189.58999633789062,189.58999633789062,192.05999755859375,189.11000061035156,190.5500030517578,730700
2026-07-07,189.05999755859375,189.05999755859375,194.80999755859375,188.92999267578125,191.16000366210938,954700
2026-07-08,181.57000732421875,181.57000732421875,188.5500030517578,181.3300018310547,188.38999938964844,953900
2026-07-09,175.42999267578125,175.42999267578125,182.63999938964844,173.39999389648438,182.1199951171875,2196200
2026-07-10,179.27999877929688,179.27999877929688,179.5399932861328,175.89999389648438,176.77999877929688,1007100
2026-07-13,182.6699981689453,182.6699981689453,183.5,179.9499969482422,180.8800048828125,734600
2026-07-14,180.02999877929688,180.02999877929688,183.16000366210938,179.86000061035156,181.49000549316406,563300
2026-07-15,172.42999267578125,172.42999267578125,178.77000427246094,172.07000732421875,178.77000427246094,1024500
2026-07-16,176.2899932861328,176.2899932861328,176.36000061035156,173.0500030517578,173.52999877929688,1166200
2026-07-17,180.7899932861328,180.7899932861328,182.66000366210938,176.9499969482422,176.9499969482422,1355000
2026-07-20,180.36000061035156,180.36000061035156,182.08999633789062,180.1199951171875,180.47999572753906,944900
2026-07-21,180.50999450683594,180.50999450683594,180.52000427246094,177.3300018310547,179.57000732421875,706700
2026-07-22,179.22999572753906,179.22999572753906,180.52000427246094,177.97000122070312,180.35000610351562,521800
2026-07-23,178.94000244140625,178.94000244140625,179.8800048828125,177.24000549316406,178.72000122070312,207043
