Date,Adjusted_Close,Close,High,Low,Open,Volume
2021-07-23,12.435209274291992,15.329999923706055,15.329999923706055,15.329999923706055,15.329999923706055,100
2021-07-26,12.573108673095703,15.5,15.5,15.5,15.5,300
2021-07-27,12.573108673095703,15.5,15.5,15.5,15.5,0
2021-07-28,12.613666534423828,15.550000190734863,15.550000190734863,15.5,15.5,1000
2021-07-29,12.613666534423828,15.550000190734863,15.550000190734863,15.550000190734863,15.550000190734863,0
2021-07-30,12.730741500854492,15.550000190734863,15.550000190734863,15.550000190734863,15.550000190734863,0
2021-08-02,12.730741500854492,15.550000190734863,15.550000190734863,15.550000190734863,15.550000190734863,0
2021-08-03,12.730741500854492,15.550000190734863,15.550000190734863,15.550000190734863,15.550000190734863,0
2021-08-04,12.730741500854492,15.550000190734863,15.550000190734863,15.550000190734863,15.550000190734863,0
2021-08-05,12.730741500854492,15.550000190734863,15.550000190734863,15.550000190734863,15.550000190734863,0
2021-08-06,12.730741500854492,15.550000190734863,15.550000190734863,15.550000190734863,15.550000190734863,0
2021-08-09,12.730741500854492,15.550000190734863,15.550000190734863,15.550000190734863,15.550000190734863,0
2021-08-10,12.689806938171387,15.5,15.5,15.5,15.5,200
2021-08-11,12.689806938171387,15.5,15.5,15.5,15.5,0
2021-08-12,12.689806938171387,15.5,15.5,15.5,15.5,0
2021-08-13,12.689806938171387,15.5,15.5,15.5,15.5,0
2021-08-16,12.689806938171387,15.5,15.5,15.5,15.5,0
2021-08-17,12.689806938171387,15.5,15.5,15.5,15.5,0
2021-08-18,12.689806938171387,15.5,15.5,15.5,15.5,0
2021-08-19,12.689806938171387,15.5,15.5,15.5,15.5,0
2021-08-20,12.81260871887207,15.649999618530273,15.649999618530273,15.399999618530273,15.399999618530273,800
2021-08-23,12.81260871887207,15.649999618530273,15.649999618530273,15.649999618530273,15.649999618530273,0
2021-08-24,12.81260871887207,15.649999618530273,15.649999618530273,15.649999618530273,15.649999618530273,0
2021-08-25,12.81260871887207,15.649999618530273,15.649999618530273,15.649999618530273,15.649999618530273,0
2021-08-26,12.81260871887207,15.649999618530273,15.649999618530273,15.649999618530273,15.649999618530273,0
2021-08-27,12.81260871887207,15.649999618530273,15.649999618530273,15.649999618530273,15.649999618530273,0
2021-08-30,12.81260871887207,15.649999618530273,15.649999618530273,15.649999618530273,15.649999618530273,0
2021-08-31,12.81260871887207,15.649999618530273,15.649999618530273,15.649999618530273,15.649999618530273,0
2021-09-01,12.81260871887207,15.649999618530273,15.649999618530273,15.649999618530273,15.649999618530273,0
2021-09-02,12.444196701049805,15.199999809265137,15.199999809265137,15.199999809265137,15.199999809265137,1200
2021-09-03,12.444196701049805,15.199999809265137,15.199999809265137,15.199999809265137,15.199999809265137,100
2021-09-07,12.444196701049805,15.199999809265137,15.199999809265137,15.199999809265137,15.199999809265137,0
2021-09-08,12.280458450317383,15.0,15.0,15.0,15.0,300
2021-09-09,12.280458450317383,15.0,15.0,15.0,15.0,400
2021-09-10,12.280458450317383,15.0,15.0,15.0,15.0,200
2021-09-13,12.206774711608887,14.90999984741211,14.90999984741211,14.90999984741211,14.90999984741211,200
2021-09-14,11.027850151062012,13.470000267028809,15.050000190734863,13.470000267028809,15.050000190734863,700
2021-09-15,10.323770523071289,12.609999656677246,12.609999656677246,12.609999656677246,12.609999656677246,400
2021-09-16,10.323770523071289,12.609999656677246,12.609999656677246,12.609999656677246,12.609999656677246,0
2021-09-17,10.569379806518555,12.90999984741211,12.90999984741211,12.649999618530273,12.649999618530273,700
2021-09-20,10.520257949829102,12.850000381469727,16.040000915527344,12.850000381469727,14.5,42500
2021-09-21,11.150654792785645,13.619999885559082,14.75,13.619999885559082,13.6899995803833,3400
2021-09-22,11.32258129119873,13.829999923706055,14.350000381469727,13.449999809265137,14.15999984741211,20900
2021-09-23,11.453572273254395,13.989999771118164,14.619999885559082,13.010000228881836,14.300000190734863,25300
2021-09-24,11.24889850616455,13.739999771118164,13.739999771118164,13.739999771118164,13.739999771118164,200
2021-09-27,11.24889850616455,13.739999771118164,13.739999771118164,13.739999771118164,13.739999771118164,0
2021-09-28,11.24889850616455,13.739999771118164,13.739999771118164,13.739999771118164,13.739999771118164,0
2021-09-29,11.24889850616455,13.739999771118164,13.739999771118164,13.739999771118164,13.739999771118164,0
2021-09-30,11.24889850616455,13.739999771118164,13.739999771118164,13.739999771118164,13.739999771118164,100
2021-10-01,12.280458450317383,15.0,15.0,14.100000381469727,14.100000381469727,600
2021-10-04,12.280458450317383,15.0,15.0,15.0,15.0,0
2021-10-05,12.280458450317383,15.0,15.0,15.0,15.0,0
2021-10-06,12.149463653564453,14.84000015258789,14.899999618530273,14.84000015258789,14.899999618530273,400
2021-10-07,12.149463653564453,14.84000015258789,14.84000015258789,14.84000015258789,14.84000015258789,0
2021-10-08,12.141277313232422,14.829999923706055,14.829999923706055,14.829999923706055,14.829999923706055,400
2021-10-11,12.141277313232422,14.829999923706055,14.829999923706055,14.829999923706055,14.829999923706055,0
2021-10-12,12.141277313232422,14.829999923706055,14.829999923706055,14.829999923706055,14.829999923706055,0
2021-10-13,12.141277313232422,14.829999923706055,14.829999923706055,14.829999923706055,14.829999923706055,100
2021-10-14,12.141277313232422,14.829999923706055,14.829999923706055,14.829999923706055,14.829999923706055,0
2021-10-15,11.306208610534668,13.8100004196167,13.8100004196167,13.8100004196167,13.8100004196167,200
2021-10-18,10.995104789733887,13.430000305175781,13.430000305175781,13.430000305175781,13.430000305175781,800
2021-10-19,10.995104789733887,13.430000305175781,13.430000305175781,13.430000305175781,13.430000305175781,0
2021-10-20,10.995104789733887,13.430000305175781,13.430000305175781,13.430000305175781,13.430000305175781,0
2021-10-21,11.658246994018555,14.239999771118164,14.239999771118164,14.239999771118164,14.239999771118164,200
2021-10-22,12.12490463256836,14.8100004196167,14.8100004196167,14.8100004196167,14.8100004196167,200
2021-10-25,12.12490463256836,14.8100004196167,14.8100004196167,14.8100004196167,14.8100004196167,0
2021-10-26,12.12490463256836,14.8100004196167,14.8100004196167,14.8100004196167,14.8100004196167,0
2021-10-27,12.12490463256836,14.8100004196167,14.8100004196167,14.8100004196167,14.8100004196167,0
2021-10-28,12.12490463256836,14.8100004196167,14.8100004196167,14.8100004196167,14.8100004196167,0
2021-10-29,12.243120193481445,14.8100004196167,14.8100004196167,14.8100004196167,14.8100004196167,0
2021-11-01,12.243120193481445,14.8100004196167,14.8100004196167,14.8100004196167,14.8100004196167,0
2021-11-02,12.243120193481445,14.8100004196167,14.8100004196167,14.8100004196167,14.8100004196167,0
2021-11-03,12.243120193481445,14.8100004196167,14.8100004196167,14.8100004196167,14.8100004196167,0
2021-11-04,12.243120193481445,14.8100004196167,14.8100004196167,14.8100004196167,14.8100004196167,0
2021-11-05,12.193519592285156,14.75,14.75,14.75,14.75,900
2021-11-08,12.193519592285156,14.75,14.75,14.75,14.75,0
2021-11-09,11.556974411010742,13.979999542236328,13.979999542236328,13.40999984741211,13.40999984741211,8700
2021-11-10,11.04443359375,13.359999656677246,13.359999656677246,13.359999656677246,13.359999656677246,200
2021-11-11,11.267638206481934,13.630000114440918,13.630000114440918,13.630000114440918,13.630000114440918,300
2021-11-12,11.308972358703613,13.680000305175781,13.680000305175781,13.609999656677246,13.640000343322754,3700
2021-11-15,11.73884391784668,14.199999809265137,14.199999809265137,14.199999809265137,14.199999809265137,200
2021-11-16,11.036168098449707,13.350000381469727,13.350000381469727,13.210000038146973,13.350000381469727,900
2021-11-17,10.589762687683105,12.8100004196167,13.350000381469727,12.449999809265137,13.350000381469727,4200
2021-11-18,10.796433448791504,13.0600004196167,13.0600004196167,13.0600004196167,13.0600004196167,200
2021-11-19,10.631094932556152,12.859999656677246,12.859999656677246,12.859999656677246,12.859999656677246,800
2021-11-22,10.647629737854004,12.880000114440918,13.210000038146973,12.829999923706055,13.0,700
2021-11-23,10.664162635803223,12.899999618530273,12.960000038146973,12.899999618530273,12.899999618530273,1300
2021-11-24,10.540160179138184,12.75,12.75,12.75,12.75,700
2021-11-26,10.540160179138184,12.75,12.75,12.75,12.75,0
2021-11-29,10.292156219482422,12.449999809265137,12.600000381469727,12.449999809265137,12.600000381469727,1600
2021-11-30,10.556694984436035,12.770000457763672,12.770000457763672,12.0,12.069999694824219,1300
2021-12-01,10.556694984436035,12.770000457763672,12.770000457763672,12.770000457763672,12.770000457763672,0
2021-12-02,10.746830940246582,13.0,13.0,13.0,13.0,900
2021-12-03,11.027901649475098,13.34000015258789,13.350000381469727,12.300000190734863,12.300000190734863,1100
2021-12-06,11.077502250671387,13.399999618530273,13.399999618530273,12.9399995803833,12.9399995803833,1300
2021-12-07,11.598309516906738,14.029999732971191,14.029999732971191,12.800000190734863,12.800000190734863,500
2021-12-08,11.50737476348877,13.920000076293945,13.920000076293945,13.920000076293945,13.920000076293945,500
2021-12-09,10.903900146484375,13.1899995803833,13.1899995803833,13.1899995803833,13.1899995803833,400
2021-12-10,10.43269157409668,12.619999885559082,12.619999885559082,12.619999885559082,12.619999885559082,300
2021-12-13,10.416157722473145,12.600000381469727,12.600000381469727,12.600000381469727,12.600000381469727,200
2021-12-14,10.416157722473145,12.600000381469727,12.600000381469727,12.600000381469727,12.600000381469727,0
2021-12-15,11.532175064086914,13.949999809265137,13.949999809265137,13.369999885559082,13.369999885559082,2100
2021-12-16,11.532175064086914,13.949999809265137,13.949999809265137,13.949999809265137,13.949999809265137,0
2021-12-17,11.532175064086914,13.949999809265137,13.949999809265137,13.949999809265137,13.949999809265137,0
2021-12-20,11.532175064086914,13.949999809265137,13.949999809265137,13.949999809265137,13.949999809265137,0
2021-12-21,11.532175064086914,13.949999809265137,13.949999809265137,13.949999809265137,13.949999809265137,0
2021-12-22,10.912165641784668,13.199999809265137,13.199999809265137,13.199999809265137,13.199999809265137,200
2021-12-23,10.912165641784668,13.199999809265137,13.199999809265137,13.199999809265137,13.199999809265137,0
2021-12-27,10.912165641784668,13.199999809265137,13.199999809265137,13.199999809265137,13.199999809265137,0
2021-12-28,10.912165641784668,13.199999809265137,13.199999809265137,13.199999809265137,13.199999809265137,0
2021-12-29,11.135371208190918,13.470000267028809,13.470000267028809,13.430000305175781,13.460000038146973,1000
2021-12-30,11.135371208190918,13.470000267028809,13.470000267028809,13.470000267028809,13.470000267028809,300
2021-12-31,11.135371208190918,13.470000267028809,13.470000267028809,13.470000267028809,13.470000267028809,200
2022-01-03,11.242837905883789,13.600000381469727,14.079999923706055,13.199999809265137,13.199999809265137,1300
2022-01-04,11.780179977416992,14.25,14.25,14.25,14.25,200
2022-01-05,11.490840911865234,13.899999618530273,13.899999618530273,13.710000038146973,13.710000038146973,2100
2022-01-06,12.00338363647461,14.520000457763672,14.520000457763672,14.5,14.5,500
2022-01-07,12.00338363647461,14.520000457763672,14.520000457763672,14.520000457763672,14.520000457763672,200
2022-01-10,11.614843368530273,14.050000190734863,14.050000190734863,14.050000190734863,14.050000190734863,400
2022-01-11,11.614843368530273,14.050000190734863,14.050000190734863,14.050000190734863,14.050000190734863,0
2022-01-12,11.614843368530273,14.050000190734863,14.050000190734863,14.050000190734863,14.050000190734863,0
2022-01-13,11.39163875579834,13.779999732971191,13.779999732971191,13.430000305175781,13.430000305175781,1600
2022-01-14,11.375105857849121,13.760000228881836,13.760000228881836,13.729999542236328,13.739999771118164,400
2022-01-18,11.490840911865234,13.899999618530273,14.0,13.899999618530273,14.0,500
2022-01-19,11.573508262634277,14.0,14.0,14.0,14.0,300
2022-01-20,11.573508262634277,14.0,14.0,14.0,14.0,0
2022-01-21,11.540441513061523,13.960000038146973,13.979999542236328,13.199999809265137,13.199999809265137,600
2022-01-24,10.978301048278809,13.279999732971191,13.970000267028809,13.279999732971191,13.930000305175781,900
2022-01-25,11.085770606994629,13.40999984741211,13.40999984741211,13.199999809265137,13.199999809265137,1600
2022-01-26,11.523908615112305,13.9399995803833,14.050000190734863,13.199999809265137,14.050000190734863,2600
2022-01-27,10.928698539733887,13.220000267028809,13.220000267028809,13.220000267028809,13.220000267028809,200
2022-01-28,11.036168098449707,13.350000381469727,13.350000381469727,13.350000381469727,13.350000381469727,500
2022-01-31,11.155662536621094,13.350000381469727,13.350000381469727,13.350000381469727,13.350000381469727,0
2022-02-01,11.097168922424316,13.279999732971191,13.279999732971191,13.050000190734863,13.050000190734863,300
2022-02-02,11.097168922424316,13.279999732971191,13.279999732971191,13.279999732971191,13.279999732971191,0
2022-02-03,10.913331985473633,13.0600004196167,13.0600004196167,13.0600004196167,13.0600004196167,300
2022-02-04,11.322789192199707,13.550000190734863,13.5600004196167,13.550000190734863,13.5600004196167,900
2022-02-07,11.322789192199707,13.550000190734863,13.550000190734863,13.550000190734863,13.550000190734863,0
2022-02-08,11.339499473571777,13.569999694824219,13.569999694824219,13.569999694824219,13.569999694824219,600
2022-02-09,11.097168922424316,13.279999732971191,13.579999923706055,13.109999656677246,13.140000343322754,2500
2022-02-10,11.097168922424316,13.279999732971191,13.279999732971191,13.279999732971191,13.279999732971191,0
2022-02-11,11.097168922424316,13.279999732971191,13.279999732971191,13.279999732971191,13.279999732971191,0
2022-02-14,11.097168922424316,13.279999732971191,13.279999732971191,13.279999732971191,13.279999732971191,0
2022-02-15,11.097168922424316,13.279999732971191,13.279999732971191,13.279999732971191,13.279999732971191,0
2022-02-16,11.723891258239746,14.029999732971191,14.109999656677246,14.020000457763672,14.109999656677246,1500
2022-02-17,11.723891258239746,14.029999732971191,14.029999732971191,14.029999732971191,14.029999732971191,0
2022-02-18,11.439775466918945,13.6899995803833,13.739999771118164,13.6899995803833,13.739999771118164,600
2022-02-22,11.439775466918945,13.6899995803833,13.6899995803833,13.6899995803833,13.6899995803833,0
2022-02-23,11.439775466918945,13.6899995803833,13.6899995803833,13.6899995803833,13.6899995803833,0
2022-02-24,11.097168922424316,13.279999732971191,13.279999732971191,13.279999732971191,13.279999732971191,200
2022-02-25,11.097168922424316,13.279999732971191,13.279999732971191,13.279999732971191,13.279999732971191,0
2022-02-28,11.097168922424316,13.279999732971191,13.279999732971191,13.279999732971191,13.279999732971191,0
2022-03-01,10.938398361206055,13.09000015258789,13.09000015258789,13.09000015258789,13.09000015258789,100
2022-03-02,11.063743591308594,13.239999771118164,13.239999771118164,13.239999771118164,13.239999771118164,100
2022-03-03,11.063743591308594,13.239999771118164,13.239999771118164,13.239999771118164,13.239999771118164,0
2022-03-04,11.063743591308594,13.239999771118164,13.239999771118164,13.239999771118164,13.239999771118164,0
2022-03-07,11.063743591308594,13.239999771118164,13.239999771118164,13.239999771118164,13.239999771118164,0
2022-03-08,11.063743591308594,13.239999771118164,13.239999771118164,13.239999771118164,13.239999771118164,0
2022-03-09,11.11388111114502,13.300000190734863,13.300000190734863,13.300000190734863,13.300000190734863,600
2022-03-10,11.11388111114502,13.300000190734863,13.300000190734863,13.300000190734863,13.300000190734863,0
2022-03-11,11.11388111114502,13.300000190734863,13.300000190734863,13.300000190734863,13.300000190734863,0
2022-03-14,11.11388111114502,13.300000190734863,13.300000190734863,13.300000190734863,13.300000190734863,100
2022-03-15,11.11388111114502,13.300000190734863,13.300000190734863,13.300000190734863,13.300000190734863,0
2022-03-16,11.11388111114502,13.300000190734863,13.300000190734863,13.300000190734863,13.300000190734863,0
2022-03-17,11.11388111114502,13.300000190734863,13.300000190734863,13.300000190734863,13.300000190734863,0
2022-03-18,11.11388111114502,13.300000190734863,13.300000190734863,13.300000190734863,13.300000190734863,0
2022-03-21,11.11388111114502,13.300000190734863,13.300000190734863,13.300000190734863,13.300000190734863,0
2022-03-22,10.930042266845703,13.079999923706055,13.220000267028809,13.079999923706055,13.220000267028809,400
2022-03-23,10.930042266845703,13.079999923706055,13.079999923706055,13.079999923706055,13.079999923706055,0
2022-03-24,10.930042266845703,13.079999923706055,13.079999923706055,13.079999923706055,13.079999923706055,0
2022-03-25,11.130594253540039,13.319999694824219,13.319999694824219,13.319999694824219,13.319999694824219,100
2022-03-28,11.130594253540039,13.319999694824219,13.319999694824219,13.319999694824219,13.319999694824219,0
2022-03-29,11.514983177185059,13.779999732971191,13.779999732971191,13.779999732971191,13.779999732971191,400
2022-03-30,11.514983177185059,13.779999732971191,13.779999732971191,13.779999732971191,13.779999732971191,100
2022-03-31,11.514983177185059,13.779999732971191,13.779999732971191,13.779999732971191,13.779999732971191,0
2022-04-01,11.514983177185059,13.779999732971191,13.779999732971191,13.779999732971191,13.779999732971191,0
2022-04-04,11.514983177185059,13.779999732971191,13.779999732971191,13.779999732971191,13.779999732971191,0
2022-04-05,11.514983177185059,13.779999732971191,13.779999732971191,13.779999732971191,13.779999732971191,0
2022-04-06,11.514983177185059,13.779999732971191,13.779999732971191,13.779999732971191,13.779999732971191,0
2022-04-07,10.963470458984375,13.119999885559082,13.119999885559082,13.119999885559082,13.119999885559082,300
2022-04-08,11.105525970458984,13.289999961853027,13.289999961853027,13.119999885559082,13.119999885559082,300
2022-04-11,11.105525970458984,13.289999961853027,13.289999961853027,13.289999961853027,13.289999961853027,100
2022-04-12,11.105525970458984,13.289999961853027,13.289999961853027,13.289999961853027,13.289999961853027,0
2022-04-13,11.105525970458984,13.289999961853027,13.289999961853027,13.289999961853027,13.289999961853027,0
2022-04-14,11.105525970458984,13.289999961853027,13.289999961853027,13.289999961853027,13.289999961853027,0
2022-04-18,11.331146240234375,13.5600004196167,13.5600004196167,13.5600004196167,13.5600004196167,200
2022-04-19,11.331146240234375,13.5600004196167,13.5600004196167,13.5600004196167,13.5600004196167,0
2022-04-20,10.955111503601074,13.109999656677246,13.3100004196167,13.109999656677246,13.3100004196167,1800
2022-04-21,10.955111503601074,13.109999656677246,13.109999656677246,13.109999656677246,13.109999656677246,0
2022-04-22,10.955111503601074,13.109999656677246,13.109999656677246,13.109999656677246,13.109999656677246,0
2022-04-25,11.78238582611084,14.100000381469727,14.100000381469727,14.100000381469727,14.100000381469727,400
2022-04-26,11.297719955444336,13.520000457763672,13.520000457763672,13.100000381469727,13.100000381469727,22100
2022-04-27,11.297719955444336,13.520000457763672,13.520000457763672,13.520000457763672,13.520000457763672,100
2022-04-28,11.297719955444336,13.520000457763672,13.520000457763672,13.520000457763672,13.520000457763672,100
2022-04-29,11.312928199768066,13.390000343322754,13.390000343322754,13.390000343322754,13.390000343322754,600
2022-05-02,11.312928199768066,13.390000343322754,13.390000343322754,13.390000343322754,13.390000343322754,0
2022-05-03,11.997279167175293,14.199999809265137,14.199999809265137,13.699999809265137,13.699999809265137,1200
2022-05-04,11.997279167175293,14.199999809265137,14.199999809265137,14.199999809265137,14.199999809265137,0
2022-05-05,11.90434455871582,14.09000015258789,14.399999618530273,13.9399995803833,14.399999618530273,58000
2022-05-06,11.921239852905273,14.109999656677246,14.199999809265137,14.109999656677246,14.199999809265137,700
2022-05-09,12.377474784851074,14.649999618530273,14.800000190734863,14.59000015258789,14.800000190734863,2700
2022-05-10,12.377474784851074,14.649999618530273,14.649999618530273,14.649999618530273,14.649999618530273,0
2022-05-11,13.382881164550781,15.84000015258789,15.84000015258789,14.800000190734863,14.800000190734863,700
2022-05-12,13.382881164550781,15.84000015258789,15.84000015258789,15.84000015258789,15.84000015258789,0
2022-05-13,13.382881164550781,15.84000015258789,15.84000015258789,15.84000015258789,15.84000015258789,0
2022-05-16,13.349085807800293,15.800000190734863,15.800000190734863,15.800000190734863,15.800000190734863,4900
2022-05-17,13.306841850280762,15.75,15.75,15.75,15.75,1200
2022-05-18,13.180110931396484,15.600000381469727,15.600000381469727,15.600000381469727,15.600000381469727,400
2022-05-19,13.180110931396484,15.600000381469727,15.600000381469727,15.600000381469727,15.600000381469727,0
2022-05-20,13.180110931396484,15.600000381469727,15.600000381469727,15.600000381469727,15.600000381469727,0
2022-05-23,13.180110931396484,15.600000381469727,15.600000381469727,15.600000381469727,15.600000381469727,0
2022-05-24,13.349085807800293,15.800000190734863,15.800000190734863,15.800000190734863,15.800000190734863,2100
2022-05-25,13.349085807800293,15.800000190734863,15.800000190734863,15.800000190734863,15.800000190734863,0
2022-05-26,13.365983009338379,15.819999694824219,15.819999694824219,15.75,15.75,300
2022-05-27,14.15172290802002,16.75,16.75,16.75,16.75,800
2022-05-31,13.6194486618042,16.1200008392334,16.1200008392334,15.65999984741211,15.65999984741211,1500
2022-06-01,13.602551460266113,16.100000381469727,16.100000381469727,16.100000381469727,16.100000381469727,500
2022-06-02,13.602551460266113,16.100000381469727,16.100000381469727,16.100000381469727,16.100000381469727,0
2022-06-03,13.602551460266113,16.100000381469727,16.100000381469727,16.100000381469727,16.100000381469727,0
2022-06-06,13.602551460266113,16.100000381469727,16.100000381469727,16.100000381469727,16.100000381469727,100
2022-06-07,13.602551460266113,16.100000381469727,16.100000381469727,16.100000381469727,16.100000381469727,0
2022-06-08,13.416678428649902,15.880000114440918,15.880000114440918,15.880000114440918,15.880000114440918,300
2022-06-09,13.416678428649902,15.880000114440918,15.880000114440918,15.880000114440918,15.880000114440918,0
2022-06-10,13.746179580688477,16.270000457763672,16.270000457763672,15.199999809265137,15.859999656677246,1000
2022-06-13,12.53800106048584,14.84000015258789,14.84000015258789,14.84000015258789,14.84000015258789,400
2022-06-14,12.935094833374023,15.3100004196167,15.3100004196167,15.3100004196167,15.3100004196167,400
2022-06-15,12.935094833374023,15.3100004196167,15.3100004196167,15.3100004196167,15.3100004196167,0
2022-06-16,12.935094833374023,15.3100004196167,15.3100004196167,15.3100004196167,15.3100004196167,0
2022-06-17,12.935094833374023,15.3100004196167,15.3100004196167,15.3100004196167,15.3100004196167,0
2022-06-21,12.935094833374023,15.3100004196167,15.3100004196167,15.3100004196167,15.3100004196167,0
2022-06-22,12.935094833374023,15.3100004196167,15.3100004196167,15.3100004196167,15.3100004196167,0
2022-06-23,12.935094833374023,15.3100004196167,15.3100004196167,15.3100004196167,15.3100004196167,0
2022-06-24,12.935094833374023,15.3100004196167,15.3100004196167,15.3100004196167,15.3100004196167,0
2022-06-27,13.560306549072266,16.049999237060547,16.049999237060547,16.049999237060547,16.049999237060547,100
2022-06-28,13.560306549072266,16.049999237060547,16.049999237060547,16.049999237060547,16.049999237060547,0
2022-06-29,13.501164436340332,15.979999542236328,15.979999542236328,15.979999542236328,15.979999542236328,100
2022-06-30,13.501164436340332,15.979999542236328,15.979999542236328,15.979999542236328,15.979999542236328,0
2022-07-01,14.270002365112305,16.889999389648438,16.889999389648438,16.780000686645508,16.780000686645508,300
2022-07-05,13.078722953796387,15.479999542236328,16.299999237060547,14.460000038146973,15.199999809265137,2400
2022-07-06,13.078722953796387,15.479999542236328,15.479999542236328,15.479999542236328,15.479999542236328,0
2022-07-07,13.078722953796387,15.479999542236328,15.479999542236328,15.479999542236328,15.479999542236328,0
2022-07-08,13.078722953796387,15.479999542236328,15.479999542236328,15.479999542236328,15.479999542236328,0
2022-07-11,13.644792556762695,16.149999618530273,16.149999618530273,16.1200008392334,16.1200008392334,300
2022-07-12,13.644792556762695,16.149999618530273,16.149999618530273,16.149999618530273,16.149999618530273,0
2022-07-13,14.092580795288086,16.68000030517578,16.68000030517578,16.25,16.25,500
2022-07-14,13.391331672668457,15.850000381469727,16.8700008392334,15.850000381469727,16.8700008392334,300
2022-07-15,13.391331672668457,15.850000381469727,15.850000381469727,15.850000381469727,15.850000381469727,0
2022-07-18,13.27304744720459,15.710000038146973,15.710000038146973,15.710000038146973,15.710000038146973,300
2022-07-19,13.27304744720459,15.710000038146973,15.710000038146973,15.710000038146973,15.710000038146973,0
2022-07-20,13.27304744720459,15.710000038146973,15.710000038146973,15.710000038146973,15.710000038146973,0
2022-07-21,13.568755149841309,16.059999465942383,16.059999465942383,16.059999465942383,16.059999465942383,100
2022-07-22,13.568755149841309,16.059999465942383,16.059999465942383,16.059999465942383,16.059999465942383,0
2022-07-25,13.568755149841309,16.059999465942383,16.059999465942383,16.059999465942383,16.059999465942383,0
2022-07-26,13.568755149841309,16.059999465942383,16.059999465942383,16.059999465942383,16.059999465942383,0
2022-07-27,13.653244018554688,16.15999984741211,16.399999618530273,16.15999984741211,16.399999618530273,600
2022-07-28,12.673182487487793,15.0,15.149999618530273,15.0,15.149999618530273,400
2022-07-29,12.116832733154297,14.199999809265137,14.199999809265137,14.199999809265137,14.199999809265137,100
2022-08-01,15.137508392333984,17.739999771118164,17.75,14.6899995803833,14.6899995803833,7700
2022-08-02,14.190347671508789,16.6299991607666,17.799999237060547,15.640000343322754,17.799999237060547,3100
2022-08-03,13.191987991333008,15.460000038146973,16.670000076293945,15.4399995803833,16.670000076293945,3900
2022-08-04,13.191987991333008,15.460000038146973,15.460000038146973,15.460000038146973,15.460000038146973,0
2022-08-05,12.773871421813965,14.970000267028809,15.420000076293945,14.970000267028809,15.420000076293945,600
2022-08-08,12.773871421813965,14.970000267028809,14.970000267028809,14.970000267028809,14.970000267028809,0
2022-08-09,12.773871421813965,14.970000267028809,14.970000267028809,14.970000267028809,14.970000267028809,0
2022-08-10,12.773871421813965,14.970000267028809,14.970000267028809,14.970000267028809,14.970000267028809,100
2022-08-11,12.773871421813965,14.970000267028809,14.970000267028809,14.970000267028809,14.970000267028809,100
2022-08-12,12.773871421813965,14.970000267028809,14.970000267028809,14.970000267028809,14.970000267028809,100
2022-08-15,12.773871421813965,14.970000267028809,14.970000267028809,14.970000267028809,14.970000267028809,0
2022-08-16,12.995728492736816,15.229999542236328,15.869999885559082,14.989999771118164,15.869999885559082,3100
2022-08-17,12.953065872192383,15.180000305175781,15.380000114440918,15.149999618530273,15.380000114440918,1900
2022-08-18,13.268784523010254,15.550000190734863,15.550000190734863,15.079999923706055,15.199999809265137,1200
2022-08-19,13.268784523010254,15.550000190734863,15.550000190734863,15.550000190734863,15.550000190734863,0
2022-08-22,13.268784523010254,15.550000190734863,15.550000190734863,15.550000190734863,15.550000190734863,0
2022-08-23,12.92746639251709,15.149999618530273,15.149999618530273,14.890000343322754,14.890000343322754,6600
2022-08-24,12.961596488952637,15.1899995803833,15.350000381469727,14.829999923706055,14.850000381469727,7600
2022-08-25,12.97866439819336,15.210000038146973,15.390000343322754,15.199999809265137,15.199999809265137,4700
2022-08-26,12.970131874084473,15.199999809265137,16.170000076293945,15.199999809265137,16.170000076293945,600
2022-08-29,13.012795448303223,15.25,15.25,15.25,15.25,2000
2022-08-30,12.680009841918945,14.859999656677246,15.0,14.859999656677246,15.0,800
2022-08-31,13.840494155883789,16.219999313354492,16.219999313354492,14.979999542236328,14.989999771118164,600
2022-09-01,13.840494155883789,16.219999313354492,16.219999313354492,16.219999313354492,16.219999313354492,0
2022-09-02,12.714141845703125,14.899999618530273,14.899999618530273,14.899999618530273,14.899999618530273,100
2022-09-06,13.567440032958984,15.899999618530273,16.200000762939453,15.899999618530273,16.200000762939453,1000
2022-09-07,13.226119995117188,15.5,16.219999313354492,15.5,16.15999984741211,1800
2022-09-08,13.089591979980469,15.34000015258789,15.899999618530273,15.119999885559082,15.420000076293945,2500
2022-09-09,13.490644454956055,15.8100004196167,16.25,15.149999618530273,16.25,2800
2022-09-12,13.866094589233398,16.25,16.25,15.460000038146973,15.680000305175781,2100
2022-09-13,12.628811836242676,14.800000190734863,15.920000076293945,14.529999732971191,15.920000076293945,1300
2022-09-14,12.338690757751465,14.460000038146973,15.300000190734863,14.460000038146973,15.279999732971191,3400
2022-09-15,12.15949821472168,14.25,14.630000114440918,14.25,14.630000114440918,1400
2022-09-16,11.912038803100586,13.960000038146973,14.149999618530273,13.960000038146973,14.149999618530273,5000
2022-09-19,12.065634727478027,14.140000343322754,14.140000343322754,14.140000343322754,14.140000343322754,900
2022-09-20,11.946170806884766,14.0,14.140000343322754,14.0,14.140000343322754,2200
2022-09-21,12.202162742614746,14.300000190734863,14.5,14.149999618530273,14.399999618530273,1600
2022-09-22,12.17656421661377,14.270000457763672,14.270000457763672,14.270000457763672,14.270000457763672,400
2022-09-23,12.17656421661377,14.270000457763672,14.270000457763672,14.270000457763672,14.270000457763672,0
2022-09-26,12.17656421661377,14.270000457763672,14.270000457763672,14.270000457763672,14.270000457763672,0
2022-09-27,12.17656421661377,14.270000457763672,14.270000457763672,14.270000457763672,14.270000457763672,0
2022-09-28,12.202162742614746,14.300000190734863,14.300000190734863,14.25,14.289999961853027,2100
2022-09-29,12.202162742614746,14.300000190734863,14.300000190734863,14.300000190734863,14.300000190734863,0
2022-09-30,12.031503677368164,14.100000381469727,14.239999771118164,14.100000381469727,14.199999809265137,2300
2022-10-03,12.108299255371094,14.1899995803833,14.220000267028809,14.1899995803833,14.220000267028809,300
2022-10-04,12.108299255371094,14.1899995803833,14.1899995803833,14.1899995803833,14.1899995803833,0
2022-10-05,11.988838195800781,14.050000190734863,14.050000190734863,14.050000190734863,14.050000190734863,300
2022-10-06,11.988838195800781,14.050000190734863,14.050000190734863,14.050000190734863,14.050000190734863,0
2022-10-07,11.988838195800781,14.050000190734863,14.050000190734863,14.039999961853027,14.039999961853027,500
2022-10-10,11.229401588439941,13.15999984741211,13.15999984741211,13.15999984741211,13.15999984741211,300
2022-10-11,11.519526481628418,13.5,13.5,13.5,13.5,300
2022-10-12,11.519526481628418,13.5,13.5,13.5,13.5,100
2022-10-13,11.519526481628418,13.5,13.5,13.5,13.5,100
2022-10-14,12.509349822998047,14.65999984741211,14.6899995803833,14.300000190734863,14.300000190734863,1100
2022-10-17,13.439444541931152,15.75,16.34000015258789,14.399999618530273,14.789999961853027,4300
2022-10-18,12.97866439819336,15.210000038146973,16.5,15.210000038146973,15.729999542236328,4700
2022-10-19,12.799469947814941,15.0,16.010000228881836,15.0,15.050000190734863,3700
2022-10-20,12.799469947814941,15.0,16.010000228881836,15.0,15.039999961853027,3900
2022-10-21,12.722673416137695,14.90999984741211,15.300000190734863,14.90999984741211,15.300000190734863,1500
2022-10-24,12.50081729888916,14.649999618530273,14.850000381469727,14.649999618530273,14.850000381469727,3300
2022-10-25,13.456511497497559,15.770000457763672,15.770000457763672,15.770000457763672,15.770000457763672,200
2022-10-26,14.412202835083008,16.889999389648438,16.889999389648438,16.889999389648438,16.889999389648438,800
2022-10-27,14.412202835083008,16.889999389648438,16.889999389648438,16.889999389648438,16.889999389648438,0
2022-10-28,13.7381010055542,16.100000381469727,16.100000381469727,16.100000381469727,16.100000381469727,200
2022-10-31,13.865559577941895,16.100000381469727,16.100000381469727,16.100000381469727,16.100000381469727,0
2022-11-01,12.935446739196777,15.020000457763672,15.970000267028809,15.020000457763672,15.970000267028809,1800
2022-11-02,12.935446739196777,15.020000457763672,15.020000457763672,15.020000457763672,15.020000457763672,100
2022-11-03,12.513450622558594,14.529999732971191,14.529999732971191,14.380000114440918,14.430000305175781,2700
2022-11-04,12.341209411621094,14.329999923706055,14.34000015258789,14.329999923706055,14.329999923706055,1600
2022-11-07,13.434951782226562,15.600000381469727,15.65999984741211,14.149999618530273,14.920000076293945,3100
2022-11-08,12.969895362854004,15.0600004196167,15.0600004196167,15.0600004196167,15.0600004196167,300
2022-11-09,12.969895362854004,15.0600004196167,15.0600004196167,15.0600004196167,15.0600004196167,0
2022-11-10,13.193809509277344,15.319999694824219,16.110000610351562,15.300000190734863,15.300000190734863,3000
2022-11-11,13.219647407531738,15.350000381469727,15.489999771118164,14.989999771118164,15.0,2900
2022-11-14,12.582347869873047,14.609999656677246,15.34000015258789,14.550000190734863,14.550000190734863,1600
2022-11-15,13.03879165649414,15.140000343322754,15.449999809265137,14.960000038146973,14.960000038146973,3300
2022-11-16,13.03879165649414,15.140000343322754,15.140000343322754,15.140000343322754,15.140000343322754,0
2022-11-17,12.711530685424805,14.760000228881836,14.760000228881836,14.760000228881836,14.760000228881836,900
2022-11-18,12.711530685424805,14.760000228881836,14.760000228881836,14.760000228881836,14.760000228881836,100
2022-11-21,12.711530685424805,14.760000228881836,14.760000228881836,14.760000228881836,14.760000228881836,100
2022-11-22,13.142138481140137,15.260000228881836,15.260000228881836,14.640000343322754,14.75,900
2022-11-23,12.754592895507812,14.8100004196167,14.8100004196167,14.8100004196167,14.8100004196167,200
2022-11-25,12.754592895507812,14.8100004196167,14.8100004196167,14.8100004196167,14.8100004196167,0
2022-11-28,12.754592895507812,14.8100004196167,14.8100004196167,14.8100004196167,14.8100004196167,0
2022-11-29,12.754592895507812,14.8100004196167,14.8100004196167,14.8100004196167,14.8100004196167,0
2022-11-30,12.754592895507812,14.8100004196167,14.8100004196167,14.8100004196167,14.8100004196167,0
2022-12-01,12.754592895507812,14.8100004196167,14.8100004196167,14.8100004196167,14.8100004196167,0
2022-12-02,12.754592895507812,14.8100004196167,14.8100004196167,14.8100004196167,14.8100004196167,0
2022-12-05,12.754592895507812,14.8100004196167,14.8100004196167,14.8100004196167,14.8100004196167,0
2022-12-06,12.754592895507812,14.8100004196167,14.8100004196167,14.8100004196167,14.8100004196167,0
2022-12-07,12.754592895507812,14.8100004196167,14.8100004196167,14.8100004196167,14.8100004196167,0
2022-12-08,12.754592895507812,14.8100004196167,14.8100004196167,14.8100004196167,14.8100004196167,0
2022-12-09,12.754592895507812,14.8100004196167,14.8100004196167,14.8100004196167,14.8100004196167,0
2022-12-12,12.754592895507812,14.8100004196167,14.8100004196167,14.8100004196167,14.8100004196167,0
2022-12-13,12.754592895507812,14.8100004196167,14.8100004196167,14.8100004196167,14.8100004196167,0
2022-12-14,13.348830223083496,15.5,15.890000343322754,14.119999885559082,14.119999885559082,7100
2022-12-15,17.000381469726562,19.739999771118164,19.739999771118164,14.729999542236328,15.0,10100
2022-12-16,15.915251731872559,18.479999542236328,19.649999618530273,16.209999084472656,17.889999389648438,16900
2022-12-19,17.379316329956055,20.18000030517578,20.18000030517578,16.149999618530273,16.950000762939453,10400
2022-12-20,17.22429847717285,20.0,20.100000381469727,18.09000015258789,20.010000228881836,13100
2022-12-21,15.252115249633789,17.709999084472656,20.0,17.709999084472656,20.0,2900
2022-12-22,15.389908790588379,17.8700008392334,20.0,17.8700008392334,20.0,500
2022-12-23,15.389908790588379,17.8700008392334,17.8700008392334,17.8700008392334,17.8700008392334,0
2022-12-27,14.761220932006836,17.139999389648438,18.010000228881836,17.1299991607666,17.1299991607666,2900
2022-12-28,14.287552833557129,16.59000015258789,17.09000015258789,16.329999923706055,17.09000015258789,1800
2022-12-29,15.04542064666748,17.469999313354492,17.469999313354492,16.540000915527344,16.540000915527344,800
2022-12-30,14.011963844299316,16.270000457763672,16.270000457763672,16.270000457763672,16.270000457763672,600
2023-01-03,14.13253402709961,16.40999984741211,16.40999984741211,16.1200008392334,16.139999389648438,700
2023-01-04,13.779435157775879,16.0,16.43000030517578,15.729999542236328,16.43000030517578,3500
2023-01-05,13.779435157775879,16.0,16.0,16.0,16.0,0
2023-01-06,12.935446739196777,15.020000457763672,15.8100004196167,15.020000457763672,15.8100004196167,2300
2023-01-09,13.348830223083496,15.5,15.5,14.5600004196167,14.5600004196167,2800
2023-01-10,13.288545608520508,15.430000305175781,15.6899995803833,15.020000457763672,15.380000114440918,3800
2023-01-11,13.538298606872559,15.720000267028809,16.06999969482422,15.670000076293945,15.8100004196167,1600
2023-01-12,13.546908378601074,15.729999542236328,16.1200008392334,15.729999542236328,16.020000457763672,2100
2023-01-13,13.658866882324219,15.859999656677246,15.970000267028809,15.460000038146973,15.899999618530273,1900
2023-01-17,13.727763175964355,15.9399995803833,16.100000381469727,15.9399995803833,16.09000015258789,900
2023-01-18,13.874173164367676,16.110000610351562,16.1299991607666,15.84000015258789,16.020000457763672,4600
2023-01-19,13.348830223083496,15.5,16.079999923706055,15.5,16.010000228881836,2300
2023-01-20,13.874173164367676,16.110000610351562,16.1200008392334,15.5,15.550000190734863,1300
2023-01-23,13.383278846740723,15.539999961853027,16.100000381469727,15.539999961853027,15.779999732971191,2900
2023-01-24,13.538298606872559,15.720000267028809,16.149999618530273,15.649999618530273,16.149999618530273,1900
2023-01-25,13.736376762390137,15.949999809265137,15.970000267028809,15.949999809265137,15.970000267028809,1200
2023-01-26,13.271319389343262,15.40999984741211,16.110000610351562,15.40999984741211,16.010000228881836,2300
2023-01-27,13.779435157775879,16.0,16.700000762939453,15.710000038146973,15.859999656677246,3700
2023-01-30,14.003351211547852,16.260000228881836,16.260000228881836,16.010000228881836,16.020000457763672,800
2023-01-31,13.897319793701172,15.989999771118164,16.100000381469727,15.869999885559082,15.869999885559082,1000
2023-02-01,13.262858390808105,15.260000228881836,16.690000534057617,15.260000228881836,16.690000534057617,1400
2023-02-02,13.862554550170898,15.949999809265137,16.440000534057617,15.899999618530273,15.899999618530273,2000
2023-02-03,13.984231948852539,16.09000015258789,16.59000015258789,15.789999961853027,15.979999542236328,3000
2023-02-06,13.49752140045166,15.529999732971191,16.15999984741211,15.529999732971191,15.670000076293945,1200
2023-02-07,13.897319793701172,15.989999771118164,15.989999771118164,15.65999984741211,15.65999984741211,1000
2023-02-08,14.027687072753906,16.139999389648438,16.139999389648438,16.139999389648438,16.139999389648438,400
2023-02-09,14.027687072753906,16.139999389648438,16.139999389648438,16.139999389648438,16.139999389648438,0
2023-02-10,14.557854652404785,16.75,16.75,16.75,16.75,200
2023-02-13,14.557854652404785,16.75,16.75,16.75,16.75,0
2023-02-14,13.384535789489746,15.399999618530273,15.399999618530273,15.399999618530273,15.399999618530273,400
2023-02-15,13.480140686035156,15.510000228881836,15.789999961853027,15.149999618530273,15.359999656677246,1700
2023-02-16,13.454065322875977,15.479999542236328,15.479999542236328,15.479999542236328,15.479999542236328,400
2023-02-17,13.219401359558105,15.210000038146973,15.210000038146973,15.210000038146973,15.210000038146973,400
2023-02-21,13.036885261535645,15.0,15.0,15.0,15.0,200
2023-02-22,13.115105628967285,15.09000015258789,15.09000015258789,15.09000015258789,15.09000015258789,500
2023-02-23,13.175945281982422,15.15999984741211,15.15999984741211,15.010000228881836,15.010000228881836,1000
2023-02-24,13.341078758239746,15.350000381469727,15.350000381469727,15.350000381469727,15.350000381469727,400
2023-02-27,13.341078758239746,15.350000381469727,15.350000381469727,15.350000381469727,15.350000381469727,800
2023-02-28,13.123798370361328,15.100000381469727,15.5,15.100000381469727,15.100000381469727,1500
2023-03-01,13.123798370361328,15.100000381469727,15.100000381469727,15.100000381469727,15.100000381469727,600
2023-03-02,13.132489204406738,15.109999656677246,15.5,15.100000381469727,15.5,1000
2023-03-03,13.080342292785645,15.050000190734863,15.050000190734863,15.050000190734863,15.050000190734863,300
2023-03-06,13.045577049255371,15.010000228881836,15.010000228881836,15.010000228881836,15.010000228881836,300
2023-03-07,13.045577049255371,15.010000228881836,15.010000228881836,15.010000228881836,15.010000228881836,200
2023-03-08,13.054268836975098,15.020000457763672,15.020000457763672,15.020000457763672,15.020000457763672,400
2023-03-09,13.254166603088379,15.25,15.25,15.25,15.25,1000
2023-03-10,13.254166603088379,15.25,15.25,15.25,15.25,0
2023-03-13,13.036885261535645,15.0,15.0,15.0,15.0,200
2023-03-14,12.385040283203125,14.25,14.5,14.210000038146973,14.5,600
2023-03-15,12.385040283203125,14.25,14.25,14.25,14.25,200
2023-03-16,12.385040283203125,14.25,14.25,14.25,14.25,300
2023-03-17,12.385040283203125,14.25,14.25,14.25,14.25,0
2023-03-20,12.428496360778809,14.300000190734863,15.25,14.170000076293945,14.369999885559082,5100
2023-03-21,12.923898696899414,14.869999885559082,15.210000038146973,14.399999618530273,14.789999961853027,9000
2023-03-22,12.645776748657227,14.550000190734863,14.84000015258789,14.550000190734863,14.75,2300
2023-03-23,12.228598594665527,14.069999694824219,14.350000381469727,14.069999694824219,14.350000381469727,400
2023-03-24,12.854368209838867,14.789999961853027,14.84000015258789,14.720000267028809,14.75,3800
2023-03-27,13.036885261535645,15.0,15.149999618530273,15.0,15.039999961853027,1100
2023-03-28,13.271549224853516,15.270000457763672,15.270000457763672,15.270000457763672,15.270000457763672,1300
2023-03-29,12.941282272338867,14.890000343322754,15.1899995803833,13.890000343322754,15.1899995803833,900
2023-03-30,13.245474815368652,15.239999771118164,15.34000015258789,15.050000190734863,15.34000015258789,1700
2023-03-31,13.071651458740234,15.039999961853027,15.09000015258789,15.039999961853027,15.09000015258789,400
2023-04-03,13.071651458740234,15.039999961853027,15.039999961853027,15.039999961853027,15.039999961853027,100
2023-04-04,13.071651458740234,15.039999961853027,15.039999961853027,15.039999961853027,15.039999961853027,0
2023-04-05,13.071651458740234,15.039999961853027,15.039999961853027,15.039999961853027,15.039999961853027,0
2023-04-06,13.254166603088379,15.25,15.420000076293945,15.010000228881836,15.010000228881836,2700
2023-04-10,13.193328857421875,15.180000305175781,15.220000267028809,15.180000305175781,15.220000267028809,500
2023-04-11,13.002120018005371,14.960000038146973,15.109999656677246,14.960000038146973,15.109999656677246,400
2023-04-12,13.384535789489746,15.399999618530273,15.399999618530273,15.399999618530273,15.399999618530273,1300
2023-04-13,13.384535789489746,15.399999618530273,15.399999618530273,15.399999618530273,15.399999618530273,0
2023-04-14,12.949972152709961,14.899999618530273,15.149999618530273,14.649999618530273,15.149999618530273,2500
2023-04-17,12.75007438659668,14.670000076293945,14.869999885559082,14.670000076293945,14.869999885559082,600
2023-04-18,12.82829475402832,14.760000228881836,14.760000228881836,14.760000228881836,14.760000228881836,300
2023-04-19,12.80222225189209,14.729999542236328,14.729999542236328,14.729999542236328,14.729999542236328,200
2023-04-20,13.219401359558105,15.210000038146973,15.25,14.470000267028809,15.25,3000
2023-04-21,12.949972152709961,14.899999618530273,15.199999809265137,14.550000190734863,14.930000305175781,3300
2023-04-24,12.611016273498535,14.510000228881836,15.039999961853027,14.510000228881836,15.0,2900
2023-04-25,13.036885261535645,15.0,15.0,14.779999732971191,15.0,2100
2023-04-26,12.541482925415039,14.430000305175781,14.430000305175781,14.430000305175781,14.430000305175781,300
2023-04-27,12.541482925415039,14.430000305175781,14.430000305175781,14.430000305175781,14.430000305175781,100
2023-04-28,12.675884246826172,14.430000305175781,14.430000305175781,14.430000305175781,14.430000305175781,0
2023-05-01,12.58803939819336,14.329999923706055,14.329999923706055,14.329999923706055,14.329999923706055,300
2023-05-02,12.58803939819336,14.329999923706055,14.329999923706055,14.329999923706055,14.329999923706055,0
2023-05-03,12.324508666992188,14.029999732971191,14.149999618530273,14.029999732971191,14.149999618530273,700
2023-05-04,12.904279708862305,14.6899995803833,14.6899995803833,14.420000076293945,14.420000076293945,1700
2023-05-05,12.904279708862305,14.6899995803833,14.6899995803833,14.6899995803833,14.6899995803833,0
2023-05-08,12.904279708862305,14.6899995803833,14.6899995803833,14.6899995803833,14.6899995803833,0
2023-05-09,12.904279708862305,14.6899995803833,14.6899995803833,14.6899995803833,14.6899995803833,0
2023-05-10,12.904279708862305,14.6899995803833,14.6899995803833,14.6899995803833,14.6899995803833,0
2023-05-11,12.904279708862305,14.6899995803833,14.6899995803833,14.6899995803833,14.6899995803833,0
2023-05-12,12.2981538772583,14.0,14.0,14.0,14.0,200
2023-05-15,12.359646797180176,14.069999694824219,14.069999694824219,14.069999694824219,14.069999694824219,300
2023-05-16,12.385998725891113,14.100000381469727,14.100000381469727,14.100000381469727,14.100000381469727,200
2023-05-17,11.999485969543457,13.65999984741211,14.510000228881836,13.65999984741211,14.010000228881836,1800
2023-05-18,11.727170944213867,13.350000381469727,13.989999771118164,13.350000381469727,13.989999771118164,1800
2023-05-19,11.797446250915527,13.430000305175781,14.25,13.430000305175781,14.25,1000
2023-05-22,11.797446250915527,13.430000305175781,13.430000305175781,13.430000305175781,13.430000305175781,0
2023-05-23,12.605608940124512,14.350000381469727,14.350000381469727,14.300000190734863,14.300000190734863,1300
2023-05-24,12.263019561767578,13.960000038146973,13.960000038146973,13.960000038146973,13.960000038146973,100
2023-05-25,12.263019561767578,13.960000038146973,13.960000038146973,13.960000038146973,13.960000038146973,0
2023-05-26,12.263019561767578,13.960000038146973,13.960000038146973,13.960000038146973,13.960000038146973,0
2023-05-30,12.263019561767578,13.960000038146973,13.960000038146973,13.960000038146973,13.960000038146973,100
2023-05-31,12.263019561767578,13.960000038146973,13.960000038146973,13.960000038146973,13.960000038146973,0
2023-06-01,12.263019561767578,13.960000038146973,13.960000038146973,13.960000038146973,13.960000038146973,0
2023-06-02,12.263019561767578,13.960000038146973,13.960000038146973,13.960000038146973,13.960000038146973,0
2023-06-05,12.263019561767578,13.960000038146973,13.960000038146973,13.960000038146973,13.960000038146973,0
2023-06-06,12.263019561767578,13.960000038146973,13.960000038146973,13.960000038146973,13.960000038146973,0
2023-06-07,12.263019561767578,13.960000038146973,13.960000038146973,13.960000038146973,13.960000038146973,0
2023-06-08,12.790081977844238,14.5600004196167,14.5600004196167,14.5,14.5,800
2023-06-09,13.51040267944336,15.380000114440918,15.550000190734863,14.949999809265137,15.359999656677246,6200
2023-06-12,12.921849250793457,14.710000038146973,15.430000305175781,14.65999984741211,15.420000076293945,2000
2023-06-13,12.921849250793457,14.710000038146973,14.710000038146973,14.710000038146973,14.710000038146973,0
2023-06-14,11.85893440246582,13.5,15.850000381469727,13.5,15.399999618530273,5100
2023-06-15,12.57047176361084,14.3100004196167,15.039999961853027,14.069999694824219,14.149999618530273,4700
2023-06-16,12.219096183776855,13.90999984741211,14.350000381469727,13.90999984741211,14.350000381469727,5100
2023-06-20,11.753523826599121,13.380000114440918,14.399999618530273,13.350000381469727,14.25,6400
2023-06-21,11.147398948669434,12.6899995803833,14.25,12.6899995803833,13.350000381469727,5500
2023-06-22,11.94678020477295,13.600000381469727,14.050000190734863,13.430000305175781,13.449999809265137,6200
2023-06-23,12.069761276245117,13.739999771118164,13.739999771118164,13.539999961853027,13.539999961853027,600
2023-06-26,12.01705551147461,13.680000305175781,13.680000305175781,13.680000305175781,13.680000305175781,1100
2023-06-27,11.841365814208984,13.479999542236328,13.770000457763672,13.479999542236328,13.770000457763672,1600
2023-06-28,11.876505851745605,13.520000457763672,13.520000457763672,13.520000457763672,13.520000457763672,200
2023-06-29,11.876505851745605,13.520000457763672,13.520000457763672,13.520000457763672,13.520000457763672,0
2023-06-30,11.876505851745605,13.520000457763672,13.520000457763672,13.520000457763672,13.520000457763672,0
2023-07-03,11.876505851745605,13.520000457763672,13.520000457763672,13.520000457763672,13.520000457763672,0
2023-07-05,11.876505851745605,13.520000457763672,13.520000457763672,13.520000457763672,13.520000457763672,0
2023-07-06,11.683247566223145,13.300000190734863,13.300000190734863,13.300000190734863,13.300000190734863,300
2023-07-07,11.683247566223145,13.300000190734863,13.300000190734863,13.300000190734863,13.300000190734863,0
2023-07-10,12.122468948364258,13.800000190734863,13.800000190734863,13.539999961853027,13.539999961853027,1400
2023-07-11,12.122468948364258,13.800000190734863,13.800000190734863,13.800000190734863,13.800000190734863,100
2023-07-12,12.122468948364258,13.800000190734863,13.800000190734863,13.800000190734863,13.800000190734863,300
2023-07-13,11.58661937713623,13.1899995803833,13.350000381469727,13.1899995803833,13.350000381469727,18600
2023-07-14,11.419716835021973,13.0,13.069999694824219,13.0,13.069999694824219,600
2023-07-17,11.340656280517578,12.90999984741211,13.050000190734863,12.90999984741211,12.949999809265137,1500
2023-07-18,11.112261772155762,12.649999618530273,12.75,12.649999618530273,12.6899995803833,12500
2023-07-19,11.068340301513672,12.600000381469727,12.619999885559082,12.59000015258789,12.619999885559082,1000
2023-07-20,11.068340301513672,12.600000381469727,12.619999885559082,12.550000190734863,12.600000381469727,4100
2023-07-21,11.112261772155762,12.649999618530273,13.0,12.600000381469727,12.600000381469727,3800
2023-07-24,11.2615966796875,12.819999694824219,12.90999984741211,12.800000190734863,12.90999984741211,900
2023-07-25,11.621755599975586,13.229999542236328,13.369999885559082,12.949999809265137,12.949999809265137,2600
2023-07-26,11.331871032714844,12.899999618530273,13.920000076293945,12.899999618530273,13.920000076293945,800
2023-07-27,11.709601402282715,13.329999923706055,13.539999961853027,13.300000190734863,13.4399995803833,1900
2023-07-28,12.122468948364258,13.800000190734863,14.25,13.699999809265137,13.699999809265137,3800
2023-07-31,11.752049446105957,13.229999542236328,13.319999694824219,13.220000267028809,13.25,1400
2023-08-01,11.9563570022583,13.460000038146973,13.899999618530273,13.289999961853027,13.289999961853027,3900
2023-08-02,13.368736267089844,15.050000190734863,15.600000381469727,13.600000381469727,13.6899995803833,6700
2023-08-03,13.05783462524414,14.699999809265137,15.010000228881836,14.369999885559082,14.949999809265137,4000
2023-08-04,13.235492706298828,14.899999618530273,15.100000381469727,14.579999923706055,14.920000076293945,2700
2023-08-07,12.924591064453125,14.550000190734863,15.050000190734863,14.390000343322754,14.869999885559082,2400
2023-08-08,12.924591064453125,14.550000190734863,14.550000190734863,14.550000190734863,14.550000190734863,0
2023-08-09,12.373854637145996,13.930000305175781,14.0,13.75,13.850000381469727,2800
2023-08-10,12.480447769165039,14.050000190734863,15.270000457763672,14.050000190734863,14.119999885559082,11900
2023-08-11,12.436034202575684,14.0,14.180000305175781,13.850000381469727,13.850000381469727,2400
2023-08-14,12.57815933227539,14.15999984741211,14.170000076293945,14.0,14.050000190734863,1000
2023-08-15,12.524862289428711,14.100000381469727,14.100000381469727,13.949999809265137,13.949999809265137,400
2023-08-16,12.880176544189453,14.5,15.300000190734863,13.789999961853027,14.119999885559082,14100
2023-08-17,13.324321746826172,15.0,15.729999542236328,14.0600004196167,14.0600004196167,9100
2023-08-18,13.413150787353516,15.100000381469727,15.399999618530273,15.0,15.399999618530273,1700
2023-08-21,13.413150787353516,15.100000381469727,15.100000381469727,15.100000381469727,15.100000381469727,200
2023-08-22,13.324321746826172,15.0,15.25,15.0,15.25,900
2023-08-23,13.315438270568848,14.989999771118164,14.989999771118164,14.5,14.989999771118164,1700
2023-08-24,13.315438270568848,14.989999771118164,14.989999771118164,14.989999771118164,14.989999771118164,300
2023-08-25,13.315438270568848,14.989999771118164,14.989999771118164,14.989999771118164,14.989999771118164,0
2023-08-28,13.02230453491211,14.65999984741211,15.25,14.65999984741211,14.90999984741211,1900
2023-08-29,13.413150787353516,15.100000381469727,15.180000305175781,14.600000381469727,14.600000381469727,2000
2023-08-30,12.480447769165039,14.050000190734863,14.619999885559082,14.050000190734863,14.569999694824219,900
2023-08-31,12.436034202575684,14.0,14.300000190734863,13.979999542236328,14.050000190734863,700
2023-09-01,12.436034202575684,14.0,14.0,14.0,14.0,600
2023-09-05,12.418266296386719,13.979999542236328,14.0,13.979999542236328,14.0,400
2023-09-06,12.427151679992676,13.989999771118164,13.989999771118164,13.989999771118164,13.989999771118164,200
2023-09-07,12.427151679992676,13.989999771118164,13.989999771118164,13.989999771118164,13.989999771118164,0
2023-09-08,12.427151679992676,13.989999771118164,13.989999771118164,13.989999771118164,13.989999771118164,0
2023-09-11,12.427151679992676,13.989999771118164,13.989999771118164,13.989999771118164,13.989999771118164,0
2023-09-12,12.427151679992676,13.989999771118164,13.989999771118164,13.989999771118164,13.989999771118164,0
2023-09-13,12.222844123840332,13.760000228881836,13.760000228881836,13.760000228881836,13.760000228881836,200
2023-09-14,12.169547080993652,13.699999809265137,14.039999961853027,13.699999809265137,14.039999961853027,1900
2023-09-15,12.320556640625,13.869999885559082,13.869999885559082,13.699999809265137,13.699999809265137,2000
2023-09-18,12.320556640625,13.869999885559082,13.869999885559082,13.869999885559082,13.869999885559082,0
2023-09-19,12.205077171325684,13.739999771118164,13.739999771118164,13.739999771118164,13.739999771118164,100
2023-09-20,12.205077171325684,13.739999771118164,13.739999771118164,13.739999771118164,13.739999771118164,100
2023-09-21,12.436034202575684,14.0,14.0,14.0,14.0,600
2023-09-22,12.436034202575684,14.0,14.0,14.0,14.0,100
2023-09-25,12.436034202575684,14.0,14.0,14.0,14.0,0
2023-09-26,12.347203254699707,13.899999618530273,13.899999618530273,13.699999809265137,13.699999809265137,1700
2023-09-27,12.347203254699707,13.899999618530273,13.899999618530273,13.899999618530273,13.899999618530273,0
2023-09-28,12.347203254699707,13.899999618530273,13.899999618530273,13.899999618530273,13.899999618530273,0
2023-09-29,12.169547080993652,13.699999809265137,13.699999809265137,13.699999809265137,13.699999809265137,500
2023-10-02,12.169547080993652,13.699999809265137,13.699999809265137,13.699999809265137,13.699999809265137,0
2023-10-03,12.169547080993652,13.699999809265137,13.699999809265137,13.699999809265137,13.699999809265137,0
2023-10-04,12.169547080993652,13.699999809265137,13.699999809265137,13.699999809265137,13.699999809265137,200
2023-10-05,12.436034202575684,14.0,14.0,13.699999809265137,13.699999809265137,800
2023-10-06,12.249492645263672,13.789999961853027,13.789999961853027,13.270000457763672,13.640000343322754,600
2023-10-09,12.249492645263672,13.789999961853027,13.789999961853027,13.789999961853027,13.789999961853027,100
2023-10-10,12.249492645263672,13.789999961853027,13.789999961853027,13.789999961853027,13.789999961853027,0
2023-10-11,12.249492645263672,13.789999961853027,13.789999961853027,13.789999961853027,13.789999961853027,0
2023-10-12,12.249492645263672,13.789999961853027,13.789999961853027,13.789999961853027,13.789999961853027,0
2023-10-13,12.249492645263672,13.789999961853027,13.789999961853027,13.789999961853027,13.789999961853027,100
2023-10-16,11.796466827392578,13.279999732971191,13.279999732971191,13.279999732971191,13.279999732971191,400
2023-10-17,12.258376121520996,13.800000190734863,13.800000190734863,13.800000190734863,13.800000190734863,700
2023-10-18,12.258376121520996,13.800000190734863,13.800000190734863,13.800000190734863,13.800000190734863,0
2023-10-19,12.258376121520996,13.800000190734863,13.800000190734863,13.800000190734863,13.800000190734863,300
2023-10-20,12.258376121520996,13.800000190734863,13.800000190734863,13.800000190734863,13.800000190734863,300
2023-10-23,12.258376121520996,13.800000190734863,13.800000190734863,13.800000190734863,13.800000190734863,0
2023-10-24,12.258376121520996,13.800000190734863,13.800000190734863,13.800000190734863,13.800000190734863,0
2023-10-25,12.258376121520996,13.800000190734863,13.800000190734863,13.800000190734863,13.800000190734863,0
2023-10-26,11.903059005737305,13.399999618530273,13.399999618530273,13.390000343322754,13.390000343322754,700
2023-10-27,11.903059005737305,13.399999618530273,13.399999618530273,13.399999618530273,13.399999618530273,0
2023-10-30,11.903059005737305,13.399999618530273,13.399999618530273,13.399999618530273,13.399999618530273,0
2023-10-31,12.04053783416748,13.399999618530273,13.399999618530273,13.399999618530273,13.399999618530273,0
2023-11-01,12.525753021240234,13.9399995803833,14.350000381469727,13.380000114440918,13.380000114440918,1700
2023-11-02,12.328075408935547,13.720000267028809,14.09000015258789,13.699999809265137,13.8100004196167,1400
2023-11-03,12.328075408935547,13.720000267028809,14.670000076293945,13.720000267028809,14.670000076293945,600
2023-11-06,11.72604751586914,13.050000190734863,13.050000190734863,13.050000190734863,13.050000190734863,400
2023-11-07,11.72604751586914,13.050000190734863,13.050000190734863,13.050000190734863,13.050000190734863,600
2023-11-08,11.72604751586914,13.050000190734863,13.050000190734863,13.050000190734863,13.050000190734863,0
2023-11-09,11.717059135437012,13.039999961853027,13.039999961853027,13.039999961853027,13.039999961853027,1400
2023-11-10,11.717059135437012,13.039999961853027,13.039999961853027,13.039999961853027,13.039999961853027,0
2023-11-13,11.717059135437012,13.039999961853027,13.039999961853027,13.039999961853027,13.039999961853027,0
2023-11-14,11.717059135437012,13.039999961853027,13.039999961853027,13.039999961853027,13.039999961853027,0
2023-11-15,11.717059135437012,13.039999961853027,13.039999961853027,13.039999961853027,13.039999961853027,0
2023-11-16,11.717059135437012,13.039999961853027,13.039999961853027,13.039999961853027,13.039999961853027,0
2023-11-17,11.717059135437012,13.039999961853027,13.039999961853027,13.039999961853027,13.039999961853027,0
2023-11-20,11.860828399658203,13.199999809265137,13.199999809265137,13.039999961853027,13.039999961853027,1100
2023-11-21,11.860828399658203,13.199999809265137,13.199999809265137,13.199999809265137,13.199999809265137,800
2023-11-22,11.815901756286621,13.149999618530273,13.149999618530273,12.5,12.699999809265137,2400
2023-11-24,11.699089050292969,13.020000457763672,13.130000114440918,13.020000457763672,13.130000114440918,800
2023-11-27,11.699089050292969,13.020000457763672,13.260000228881836,13.020000457763672,13.260000228881836,600
2023-11-28,11.699089050292969,13.020000457763672,13.020000457763672,13.020000457763672,13.020000457763672,0
2023-11-29,11.959670066833496,13.3100004196167,13.3100004196167,13.229999542236328,13.229999542236328,2100
2023-11-30,12.355030059814453,13.75,13.75,13.75,13.75,200
2023-12-01,12.355030059814453,13.75,13.75,13.75,13.75,0
2023-12-04,12.355030059814453,13.75,13.75,13.75,13.75,0
2023-12-05,12.355030059814453,13.75,13.75,13.75,13.75,0
2023-12-06,12.355030059814453,13.75,13.75,13.75,13.75,0
2023-12-07,12.355030059814453,13.75,13.75,13.75,13.75,0
2023-12-08,12.355030059814453,13.75,13.75,13.75,13.75,0
2023-12-11,12.355030059814453,13.75,13.75,13.75,13.75,0
2023-12-12,12.355030059814453,13.75,13.75,13.75,13.75,0
2023-12-13,11.770975112915039,13.100000381469727,13.399999618530273,13.100000381469727,13.399999618530273,200
2023-12-14,11.779958724975586,13.109999656677246,13.15999984741211,13.109999656677246,13.15999984741211,600
2023-12-15,13.630967140197754,15.170000076293945,15.170000076293945,13.789999961853027,13.789999961853027,5400
2023-12-18,12.247204780578613,13.630000114440918,13.670000076293945,13.630000114440918,13.640000343322754,1200
2023-12-19,13.469228744506836,14.989999771118164,14.989999771118164,14.989999771118164,14.989999771118164,200
2023-12-20,13.469228744506836,14.989999771118164,14.989999771118164,14.989999771118164,14.989999771118164,0
2023-12-21,13.469228744506836,14.989999771118164,14.989999771118164,14.989999771118164,14.989999771118164,0
2023-12-22,13.469228744506836,14.989999771118164,14.989999771118164,14.989999771118164,14.989999771118164,0
2023-12-26,13.469228744506836,14.989999771118164,14.989999771118164,14.989999771118164,14.989999771118164,0
2023-12-27,13.469228744506836,14.989999771118164,14.989999771118164,14.989999771118164,14.989999771118164,0
2023-12-28,13.469228744506836,14.989999771118164,14.989999771118164,14.989999771118164,14.989999771118164,0
2023-12-29,13.055896759033203,14.529999732971191,14.529999732971191,14.529999732971191,14.529999732971191,100
2024-01-02,12.831258773803711,14.279999732971191,14.279999732971191,14.279999732971191,14.279999732971191,100
2024-01-03,13.478214263916016,15.0,15.630000114440918,14.0,14.0,4500
2024-01-04,13.693865776062012,15.239999771118164,15.25,15.229999542236328,15.25,600
2024-01-05,14.071253776550293,15.65999984741211,15.670000076293945,15.140000343322754,15.140000343322754,3500
2024-01-08,13.595026016235352,15.130000114440918,15.960000038146973,14.0,15.960000038146973,5200
2024-01-09,13.019953727722168,14.489999771118164,16.0,13.220000267028809,16.0,5200
2024-01-10,13.082854270935059,14.5600004196167,14.5600004196167,14.5600004196167,14.5600004196167,100
2024-01-11,13.74777889251709,15.300000190734863,15.300000190734863,15.300000190734863,15.300000190734863,1200
2024-01-12,13.74777889251709,15.300000190734863,15.300000190734863,15.300000190734863,15.300000190734863,1700
2024-01-16,13.74777889251709,15.300000190734863,15.399999618530273,15.300000190734863,15.399999618530273,300
2024-01-17,13.172709465026855,14.65999984741211,14.65999984741211,14.65999984741211,14.65999984741211,700
2024-01-18,13.172709465026855,14.65999984741211,14.65999984741211,14.65999984741211,14.65999984741211,0
2024-01-19,13.172709465026855,14.65999984741211,14.65999984741211,14.65999984741211,14.65999984741211,0
2024-01-22,13.460243225097656,14.979999542236328,15.0,14.979999542236328,15.0,500
2024-01-23,13.298504829406738,14.800000190734863,14.800000190734863,14.350000381469727,14.350000381469727,1100
2024-01-24,13.118796348571777,14.600000381469727,14.600000381469727,14.600000381469727,14.600000381469727,400
2024-01-25,14.017342567443848,15.600000381469727,15.600000381469727,14.779999732971191,14.779999732971191,1800
2024-01-26,14.017342567443848,15.600000381469727,15.600000381469727,15.600000381469727,15.600000381469727,300
2024-01-29,14.197053909301758,15.800000190734863,15.800000190734863,15.800000190734863,15.800000190734863,2700
2024-01-30,13.45125675201416,14.970000267028809,14.970000267028809,14.329999923706055,14.329999923706055,1300
2024-01-31,13.590154647827148,14.970000267028809,14.970000267028809,14.970000267028809,14.970000267028809,0
2024-02-01,13.8352689743042,15.239999771118164,15.239999771118164,15.229999542236328,15.229999542236328,1100
2024-02-02,13.8352689743042,15.239999771118164,15.239999771118164,15.239999771118164,15.239999771118164,0
2024-02-05,13.599233627319336,14.979999542236328,14.979999542236328,14.979999542236328,14.979999542236328,700
2024-02-06,13.599233627319336,14.979999542236328,14.979999542236328,14.979999542236328,14.979999542236328,500
2024-02-07,13.599233627319336,14.979999542236328,14.979999542236328,14.979999542236328,14.979999542236328,900
2024-02-08,13.599233627319336,14.979999542236328,14.979999542236328,14.979999542236328,14.979999542236328,300
2024-02-09,13.599233627319336,14.979999542236328,14.979999542236328,14.979999542236328,14.979999542236328,0
2024-02-12,13.163476943969727,14.5,14.600000381469727,14.239999771118164,14.449999809265137,2600
2024-02-13,12.4826078414917,13.75,14.399999618530273,13.75,14.399999618530273,700
2024-02-14,12.70048713684082,13.989999771118164,14.029999732971191,13.989999771118164,14.029999732971191,800
2024-02-15,12.66417121887207,13.949999809265137,14.199999809265137,13.34000015258789,14.0,3900
2024-02-16,12.845739364624023,14.149999618530273,14.1899995803833,14.149999618530273,14.180000305175781,1100
2024-02-20,12.555233001708984,13.829999923706055,14.100000381469727,13.680000305175781,14.050000190734863,6600
2024-02-21,12.183025360107422,13.420000076293945,13.710000038146973,13.420000076293945,13.710000038146973,900
2024-02-22,13.290574073791504,14.640000343322754,14.640000343322754,13.949999809265137,13.949999809265137,4900
2024-02-23,12.66417121887207,13.949999809265137,13.949999809265137,13.949999809265137,13.949999809265137,600
2024-02-26,12.66417121887207,13.949999809265137,13.949999809265137,13.949999809265137,13.949999809265137,100
2024-02-27,12.900209426879883,14.210000038146973,14.210000038146973,14.210000038146973,14.210000038146973,200
2024-02-28,12.900209426879883,14.210000038146973,14.210000038146973,14.210000038146973,14.210000038146973,0
2024-02-29,12.900209426879883,14.210000038146973,14.210000038146973,14.210000038146973,14.210000038146973,0
2024-03-01,12.900209426879883,14.210000038146973,14.210000038146973,14.210000038146973,14.210000038146973,400
2024-03-04,12.900209426879883,14.210000038146973,14.210000038146973,14.210000038146973,14.210000038146973,100
2024-03-05,12.900209426879883,14.210000038146973,14.210000038146973,14.210000038146973,14.210000038146973,300
2024-03-06,12.119478225708008,13.350000381469727,13.350000381469727,13.350000381469727,13.350000381469727,1200
2024-03-07,12.119478225708008,13.350000381469727,13.350000381469727,13.350000381469727,13.350000381469727,0
2024-03-08,12.119478225708008,13.350000381469727,13.350000381469727,13.350000381469727,13.350000381469727,0
2024-03-11,12.119478225708008,13.350000381469727,13.350000381469727,13.350000381469727,13.350000381469727,0
2024-03-12,12.101322174072266,13.329999923706055,13.350000381469727,13.329999923706055,13.350000381469727,500
2024-03-13,12.101322174072266,13.329999923706055,13.329999923706055,13.329999923706055,13.329999923706055,0
2024-03-14,12.083166122436523,13.3100004196167,13.3100004196167,13.3100004196167,13.3100004196167,300
2024-03-15,11.856207847595215,13.0600004196167,13.0600004196167,13.0600004196167,13.0600004196167,3000
2024-03-18,11.91067886352539,13.119999885559082,13.119999885559082,13.100000381469727,13.100000381469727,1000
2024-03-19,11.901598930358887,13.109999656677246,13.109999656677246,13.050000190734863,13.0600004196167,3800
2024-03-20,11.901598930358887,13.109999656677246,13.109999656677246,13.109999656677246,13.109999656677246,0
2024-03-21,11.901598930358887,13.109999656677246,13.109999656677246,13.109999656677246,13.109999656677246,0
2024-03-22,12.001460075378418,13.220000267028809,13.220000267028809,13.109999656677246,13.109999656677246,2700
2024-03-25,12.001460075378418,13.220000267028809,13.220000267028809,13.220000267028809,13.220000267028809,0
2024-03-26,11.91067886352539,13.119999885559082,13.119999885559082,13.119999885559082,13.119999885559082,200
2024-03-27,12.22841739654541,13.470000267028809,13.470000267028809,13.470000267028809,13.470000267028809,200
2024-03-28,12.22841739654541,13.470000267028809,13.470000267028809,13.470000267028809,13.470000267028809,0
2024-04-01,12.22841739654541,13.470000267028809,13.470000267028809,13.470000267028809,13.470000267028809,1100
2024-04-02,12.028695106506348,13.25,13.25,13.25,13.25,1500
2024-04-03,12.13763427734375,13.369999885559082,13.369999885559082,13.199999809265137,13.199999809265137,3100
2024-04-04,11.602015495300293,12.779999732971191,12.779999732971191,12.779999732971191,12.779999732971191,1600
2024-04-05,11.638331413269043,12.819999694824219,13.800000190734863,12.819999694824219,13.800000190734863,5800
2024-04-08,12.29196548461914,13.539999961853027,13.539999961853027,12.819999694824219,13.199999809265137,4000
2024-04-09,12.246573448181152,13.489999771118164,13.489999771118164,13.489999771118164,13.489999771118164,200
2024-04-10,11.965147972106934,13.180000305175781,13.180000305175781,12.970000267028809,12.970000267028809,500
2024-04-11,11.710955619812012,12.899999618530273,13.100000381469727,12.899999618530273,13.100000381469727,2400
2024-04-12,11.710955619812012,12.899999618530273,12.899999618530273,12.899999618530273,12.899999618530273,0
2024-04-15,11.801738739013672,13.0,13.0,12.989999771118164,12.989999771118164,2000
2024-04-16,11.647406578063965,12.829999923706055,12.829999923706055,12.829999923706055,12.829999923706055,800
2024-04-17,11.574782371520996,12.75,12.800000190734863,12.75,12.770000457763672,700
2024-04-18,11.7200345993042,12.90999984741211,12.90999984741211,12.90999984741211,12.90999984741211,300
2024-04-19,11.7200345993042,12.90999984741211,12.90999984741211,12.90999984741211,12.90999984741211,0
2024-04-22,11.647406578063965,12.829999923706055,12.829999923706055,12.829999923706055,12.829999923706055,700
2024-04-23,11.647406578063965,12.829999923706055,12.829999923706055,12.829999923706055,12.829999923706055,0
2024-04-24,11.61109447479248,12.789999961853027,12.789999961853027,12.789999961853027,12.789999961853027,400
2024-04-25,11.7200345993042,12.90999984741211,13.300000190734863,12.90999984741211,13.300000190734863,300
2024-04-26,11.7200345993042,12.90999984741211,12.90999984741211,12.90999984741211,12.90999984741211,0
2024-04-29,11.7200345993042,12.90999984741211,12.90999984741211,12.90999984741211,12.90999984741211,0
2024-04-30,11.7200345993042,12.90999984741211,12.90999984741211,12.90999984741211,12.90999984741211,0
2024-05-01,11.7200345993042,12.90999984741211,12.90999984741211,12.90999984741211,12.90999984741211,0
2024-05-02,11.7200345993042,12.90999984741211,12.90999984741211,12.90999984741211,12.90999984741211,0
2024-05-03,11.620173454284668,12.800000190734863,12.800000190734863,12.800000190734863,12.800000190734863,100
2024-05-06,11.48399829864502,12.649999618530273,12.75,12.649999618530273,12.75,1400
2024-05-07,11.44264030456543,12.449999809265137,12.600000381469727,12.449999809265137,12.600000381469727,700
2024-05-08,11.44264030456543,12.449999809265137,12.449999809265137,12.449999809265137,12.449999809265137,0
2024-05-09,11.44264030456543,12.449999809265137,12.449999809265137,12.449999809265137,12.449999809265137,0
2024-05-10,11.44264030456543,12.449999809265137,12.449999809265137,12.449999809265137,12.449999809265137,100
2024-05-13,11.44264030456543,12.449999809265137,12.449999809265137,12.449999809265137,12.449999809265137,400
2024-05-14,11.488595008850098,12.5,12.5,12.5,12.5,600
2024-05-15,11.488595008850098,12.5,12.5,12.5,12.5,200
2024-05-16,11.488595008850098,12.5,12.5,12.5,12.5,0
2024-05-17,11.580504417419434,12.600000381469727,12.600000381469727,12.25,12.25,2500
2024-05-20,11.580504417419434,12.600000381469727,12.600000381469727,12.600000381469727,12.600000381469727,0
2024-05-21,11.580504417419434,12.600000381469727,12.600000381469727,12.600000381469727,12.600000381469727,400
2024-05-22,11.029051780700684,12.0,12.1899995803833,11.989999771118164,12.1899995803833,1500
2024-05-23,11.902185440063477,12.949999809265137,12.979999542236328,12.270000457763672,12.270000457763672,1800
2024-05-24,11.902185440063477,12.949999809265137,12.949999809265137,12.949999809265137,12.949999809265137,100
2024-05-28,11.056622505187988,12.029999732971191,12.170000076293945,11.59000015258789,12.039999961853027,5300
2024-05-29,11.056622505187988,12.029999732971191,12.029999732971191,12.029999732971191,12.029999732971191,100
2024-05-30,11.75512981414795,12.789999961853027,12.789999961853027,12.789999961853027,12.789999961853027,500
2024-05-31,11.75512981414795,12.789999961853027,12.789999961853027,12.789999961853027,12.789999961853027,0
2024-06-03,11.268013954162598,12.260000228881836,12.260000228881836,12.039999961853027,12.039999961853027,800
2024-06-04,10.266209602355957,11.170000076293945,12.920000076293945,11.170000076293945,12.920000076293945,5200
2024-06-05,11.488595008850098,12.5,12.5,11.850000381469727,11.899999618530273,2500
2024-06-06,11.534550666809082,12.550000190734863,12.550000190734863,12.550000190734863,12.550000190734863,200
2024-06-07,11.341540336608887,12.34000015258789,12.34000015258789,12.170000076293945,12.170000076293945,400
2024-06-10,11.341540336608887,12.34000015258789,12.34000015258789,12.34000015258789,12.34000015258789,0
2024-06-11,10.57869815826416,11.510000228881836,12.119999885559082,11.5,12.119999885559082,6300
2024-06-12,11.24963092803955,12.239999771118164,12.319999694824219,11.949999809265137,12.3100004196167,1300
2024-06-13,11.176104545593262,12.15999984741211,12.15999984741211,11.319999694824219,12.079999923706055,2400
2024-06-14,11.176104545593262,12.15999984741211,12.15999984741211,12.15999984741211,12.15999984741211,0
2024-06-17,10.57869815826416,11.510000228881836,11.510000228881836,11.510000228881836,11.510000228881836,400
2024-06-18,10.633842468261719,11.569999694824219,12.0,11.510000228881836,11.510000228881836,3300
2024-06-20,10.643033981323242,11.579999923706055,11.579999923706055,11.5,11.510000228881836,1000
2024-06-21,11.029051780700684,12.0,12.0,12.0,12.0,700
2024-06-24,11.029051780700684,12.0,12.0,12.0,12.0,0
2024-06-25,10.339734077453613,11.25,11.850000381469727,10.949999809265137,11.850000381469727,7900
2024-06-26,10.339734077453613,11.25,11.25,11.25,11.25,0
2024-06-27,10.836043357849121,11.789999961853027,11.789999961853027,11.289999961853027,11.289999961853027,200
2024-06-28,10.836043357849121,11.789999961853027,11.789999961853027,11.789999961853027,11.789999961853027,400
2024-07-01,9.898573875427246,10.770000457763672,11.180000305175781,10.75,11.149999618530273,8100
2024-07-02,10.109964370727539,11.0,11.5,11.0,11.300000190734863,1100
2024-07-03,10.018054008483887,10.899999618530273,11.109999656677246,10.899999618530273,11.109999656677246,500
2024-07-05,10.018054008483887,10.899999618530273,10.899999618530273,10.899999618530273,10.899999618530273,0
2024-07-08,10.348925590515137,11.260000228881836,11.260000228881836,10.8100004196167,10.8100004196167,2300
2024-07-09,10.348925590515137,11.260000228881836,11.260000228881836,11.260000228881836,11.260000228881836,0
2024-07-10,10.348925590515137,11.260000228881836,11.260000228881836,11.260000228881836,11.260000228881836,0
2024-07-11,10.293780326843262,11.199999809265137,11.279999732971191,11.199999809265137,11.260000228881836,1400
2024-07-12,10.569507598876953,11.5,12.119999885559082,11.210000038146973,11.489999771118164,4600
2024-07-15,10.606269836425781,11.539999961853027,12.15999984741211,11.5,12.15999984741211,2200
2024-07-16,10.872807502746582,11.829999923706055,12.1899995803833,11.829999923706055,12.0,1500
2024-07-17,11.580504417419434,12.600000381469727,12.600000381469727,11.829999923706055,11.829999923706055,3400
2024-07-18,11.580504417419434,12.600000381469727,12.600000381469727,12.600000381469727,12.600000381469727,0
2024-07-19,10.523552894592285,11.449999809265137,11.449999809265137,11.449999809265137,11.449999809265137,700
2024-07-22,10.606269836425781,11.539999961853027,12.8100004196167,11.529999732971191,11.75,1100
2024-07-23,10.854424476623535,11.8100004196167,11.8100004196167,11.8100004196167,11.8100004196167,300
2024-07-24,10.854424476623535,11.8100004196167,11.8100004196167,11.8100004196167,11.8100004196167,0
2024-07-25,10.854424476623535,11.8100004196167,11.8100004196167,11.8100004196167,11.8100004196167,0
2024-07-26,11.378304481506348,12.380000114440918,12.399999618530273,12.140000343322754,12.140000343322754,1000
2024-07-29,11.663219451904297,12.6899995803833,12.6899995803833,12.6899995803833,12.6899995803833,900
2024-07-30,11.663219451904297,12.6899995803833,12.6899995803833,12.6899995803833,12.6899995803833,0
2024-07-31,11.819465637207031,12.859999656677246,12.859999656677246,12.859999656677246,12.859999656677246,300
2024-08-01,11.963663101196289,12.859999656677246,12.859999656677246,12.859999656677246,12.859999656677246,0
2024-08-02,11.963663101196289,12.859999656677246,12.859999656677246,12.859999656677246,12.859999656677246,0
2024-08-05,10.698453903198242,11.5,12.5,11.5,12.5,4400
2024-08-06,11.675270080566406,12.550000190734863,12.550000190734863,12.550000190734863,12.550000190734863,400
2024-08-07,10.763574600219727,11.569999694824219,11.569999694824219,11.569999694824219,11.569999694824219,100
2024-08-08,11.051969528198242,11.880000114440918,11.880000114440918,11.880000114440918,11.880000114440918,100
2024-08-09,11.051969528198242,11.880000114440918,11.880000114440918,11.880000114440918,11.880000114440918,0
2024-08-12,11.051969528198242,11.880000114440918,11.880000114440918,11.880000114440918,11.880000114440918,0
2024-08-13,10.977545738220215,11.800000190734863,12.050000190734863,11.800000190734863,12.050000190734863,800
2024-08-14,11.321755409240723,12.170000076293945,12.170000076293945,12.010000228881836,12.010000228881836,600
2024-08-15,11.089180946350098,11.920000076293945,12.65999984741211,11.920000076293945,12.40999984741211,1200
2024-08-16,11.349664688110352,12.199999809265137,12.279999732971191,12.0,12.0,1700
2024-08-19,11.824118614196777,12.710000038146973,12.710000038146973,12.25,12.25,11800
2024-08-20,11.693875312805176,12.569999694824219,12.569999694824219,12.5600004196167,12.569999694824219,4000
2024-08-21,11.433390617370605,12.289999961853027,12.289999961853027,12.239999771118164,12.239999771118164,200
2024-08-22,11.628755569458008,12.5,12.5,12.5,12.5,300
2024-08-23,11.879938125610352,12.770000457763672,12.979999542236328,12.520000457763672,12.979999542236328,1100
2024-08-26,11.907846450805664,12.800000190734863,12.979999542236328,12.739999771118164,12.979999542236328,1500
2024-08-27,11.907846450805664,12.800000190734863,12.800000190734863,12.800000190734863,12.800000190734863,0
2024-08-28,11.442694664001465,12.300000190734863,12.920000076293945,12.300000190734863,12.920000076293945,1300
2024-08-29,12.010178565979004,12.90999984741211,12.90999984741211,12.739999771118164,12.739999771118164,3100
2024-08-30,11.954360961914062,12.850000381469727,12.850000381469727,12.699999809265137,12.699999809265137,700
2024-09-03,11.954360961914062,12.850000381469727,12.850000381469727,12.649999618530273,12.649999618530273,1400
2024-09-04,11.898542404174805,12.789999961853027,12.789999961853027,12.680000305175781,12.680000305175781,900
2024-09-05,11.954360961914062,12.850000381469727,12.850000381469727,12.850000381469727,12.850000381469727,700
2024-09-06,12.13111686706543,13.039999961853027,13.039999961853027,13.039999961853027,13.039999961853027,400
2024-09-09,12.13111686706543,13.039999961853027,13.039999961853027,13.039999961853027,13.039999961853027,200
2024-09-10,12.13111686706543,13.039999961853027,13.039999961853027,13.039999961853027,13.039999961853027,0
2024-09-11,12.13111686706543,13.039999961853027,13.039999961853027,13.039999961853027,13.039999961853027,0
2024-09-12,12.13111686706543,13.039999961853027,13.039999961853027,13.039999961853027,13.039999961853027,0
2024-09-13,12.531147003173828,13.470000267028809,13.470000267028809,13.470000267028809,13.470000267028809,300
2024-09-16,12.531147003173828,13.470000267028809,13.470000267028809,13.470000267028809,13.470000267028809,0
2024-09-17,12.531147003173828,13.470000267028809,13.470000267028809,13.470000267028809,13.470000267028809,0
2024-09-18,12.37299633026123,13.300000190734863,13.300000190734863,13.300000190734863,13.300000190734863,500
2024-09-19,12.698600769042969,13.649999618530273,13.739999771118164,13.5,13.739999771118164,1000
2024-09-20,11.489211082458496,12.350000381469727,13.550000190734863,12.350000381469727,13.539999961853027,3900
2024-09-23,11.954360961914062,12.850000381469727,12.850000381469727,12.550000190734863,12.550000190734863,700
2024-09-24,11.954360961914062,12.850000381469727,12.850000381469727,12.850000381469727,12.850000381469727,600
2024-09-25,11.954360961914062,12.850000381469727,12.850000381469727,12.850000381469727,12.850000381469727,300
2024-09-26,12.921873092651367,13.890000343322754,14.979999542236328,12.770000457763672,12.970000267028809,25000
2024-09-27,12.140421867370605,13.050000190734863,14.100000381469727,12.0,13.720000267028809,8500
2024-09-30,11.982270240783691,12.880000114440918,13.319999694824219,12.880000114440918,13.319999694824219,1500
2024-10-01,11.879938125610352,12.770000457763672,13.010000228881836,12.670000076293945,13.010000228881836,1000
2024-10-02,11.879938125610352,12.770000457763672,12.770000457763672,12.770000457763672,12.770000457763672,0
2024-10-03,12.000874519348145,12.899999618530273,12.899999618530273,12.6899995803833,12.6899995803833,1700
2024-10-04,12.466025352478027,13.399999618530273,13.819999694824219,13.399999618530273,13.819999694824219,800
2024-10-07,12.466025352478027,13.399999618530273,13.399999618530273,13.399999618530273,13.399999618530273,0
2024-10-08,12.466025352478027,13.399999618530273,13.399999618530273,13.399999618530273,13.399999618530273,0
2024-10-09,12.000874519348145,12.899999618530273,12.899999618530273,12.800000190734863,12.800000190734863,600
2024-10-10,12.047390937805176,12.949999809265137,13.0,12.949999809265137,13.0,400
2024-10-11,12.047390937805176,12.949999809265137,12.949999809265137,12.949999809265137,12.949999809265137,0
2024-10-14,12.047390937805176,12.949999809265137,12.949999809265137,12.949999809265137,12.949999809265137,0
2024-10-15,11.982270240783691,12.880000114440918,12.880000114440918,12.880000114440918,12.880000114440918,300
2024-10-16,12.893963813781738,13.859999656677246,13.859999656677246,13.859999656677246,13.859999656677246,300
2024-10-17,12.466025352478027,13.399999618530273,13.399999618530273,13.399999618530273,13.399999618530273,100
2024-10-18,12.466025352478027,13.399999618530273,13.399999618530273,13.399999618530273,13.399999618530273,0
2024-10-21,11.907846450805664,12.800000190734863,12.9399995803833,12.800000190734863,12.9399995803833,700
2024-10-22,11.731087684631348,12.609999656677246,12.609999656677246,12.609999656677246,12.609999656677246,300
2024-10-23,11.81481647491455,12.699999809265137,12.779999732971191,12.699999809265137,12.779999732971191,400
2024-10-24,12.093905448913574,13.0,13.0,13.0,13.0,700
2024-10-25,13.052115440368652,14.029999732971191,14.029999732971191,14.029999732971191,14.029999732971191,500
2024-10-28,13.814961433410645,14.850000381469727,14.850000381469727,13.609999656677246,13.609999656677246,600
2024-10-29,13.721931457519531,14.75,14.880000114440918,14.199999809265137,14.199999809265137,1000
2024-10-30,13.721931457519531,14.75,14.75,14.75,14.75,0
2024-10-31,13.65680980682373,14.680000305175781,14.680000305175781,14.680000305175781,14.680000305175781,200
2024-11-01,13.802546501159668,14.680000305175781,14.680000305175781,14.680000305175781,14.680000305175781,0
2024-11-04,13.802546501159668,14.680000305175781,14.680000305175781,14.680000305175781,14.680000305175781,0
2024-11-05,12.918730735778809,13.739999771118164,13.739999771118164,13.34000015258789,13.510000228881836,700
2024-11-06,12.918730735778809,13.739999771118164,13.739999771118164,13.739999771118164,13.739999771118164,0
2024-11-07,12.918730735778809,13.739999771118164,13.739999771118164,13.739999771118164,13.739999771118164,0
2024-11-08,12.918730735778809,13.739999771118164,13.739999771118164,13.739999771118164,13.739999771118164,0
2024-11-11,13.93417739868164,14.819999694824219,14.899999618530273,14.399999618530273,14.399999618530273,1000
2024-11-12,13.93417739868164,14.819999694824219,14.819999694824219,14.819999694824219,14.819999694824219,0
2024-11-13,13.93417739868164,14.819999694824219,14.819999694824219,14.819999694824219,14.819999694824219,0
2024-11-14,13.58629322052002,14.449999809265137,14.449999809265137,14.449999809265137,14.449999809265137,600
2024-11-15,13.266615867614746,14.109999656677246,14.109999656677246,13.899999618530273,13.899999618530273,600
2024-11-18,13.58629322052002,14.449999809265137,14.449999809265137,14.449999809265137,14.449999809265137,200
2024-11-19,13.58629322052002,14.449999809265137,14.449999809265137,14.449999809265137,14.449999809265137,0
2024-11-20,13.163190841674805,14.0,14.0,14.0,14.0,500
2024-11-21,13.492271423339844,14.350000381469727,14.350000381469727,14.350000381469727,14.350000381469727,100
2024-11-22,13.492271423339844,14.350000381469727,14.350000381469727,14.350000381469727,14.350000381469727,0
2024-11-25,13.492271423339844,14.350000381469727,14.449999809265137,13.949999809265137,13.949999809265137,700
2024-11-26,14.009394645690918,14.899999618530273,15.25,14.800000190734863,14.800000190734863,1600
2024-11-27,14.009394645690918,14.899999618530273,14.899999618530273,14.899999618530273,14.899999618530273,0
2024-11-29,13.642707824707031,14.510000228881836,14.6899995803833,14.510000228881836,14.6899995803833,400
2024-12-02,13.642707824707031,14.510000228881836,14.510000228881836,14.510000228881836,14.510000228881836,0
2024-12-03,13.445259094238281,14.300000190734863,14.399999618530273,14.270000457763672,14.399999618530273,800
2024-12-04,13.981189727783203,14.869999885559082,16.809999465942383,14.600000381469727,15.239999771118164,4200
2024-12-05,14.479510307312012,15.399999618530273,15.4399995803833,14.600000381469727,14.850000381469727,2500
2024-12-06,13.727328300476074,14.600000381469727,16.389999389648438,14.260000228881836,16.190000534057617,1600
2024-12-09,13.727328300476074,14.600000381469727,15.100000381469727,14.600000381469727,15.100000381469727,1300
2024-12-10,13.727328300476074,14.600000381469727,14.600000381469727,14.600000381469727,14.600000381469727,700
2024-12-11,13.727328300476074,14.600000381469727,14.710000038146973,14.600000381469727,14.710000038146973,1400
2024-12-12,13.727328300476074,14.600000381469727,15.899999618530273,14.600000381469727,15.899999618530273,1800
2024-12-13,13.727328300476074,14.600000381469727,14.600000381469727,14.600000381469727,14.600000381469727,0
2024-12-16,13.727328300476074,14.600000381469727,14.600000381469727,14.600000381469727,14.600000381469727,0
2024-12-17,14.159832954406738,15.0600004196167,15.0600004196167,15.0600004196167,15.0600004196167,400
2024-12-18,13.125581741333008,13.960000038146973,14.600000381469727,13.960000038146973,14.600000381469727,700
2024-12-19,13.727328300476074,14.600000381469727,14.600000381469727,14.600000381469727,14.600000381469727,1300
2024-12-20,14.37608528137207,15.289999961853027,15.289999961853027,14.569999694824219,14.569999694824219,2800
2024-12-23,14.37608528137207,15.289999961853027,15.289999961853027,15.289999961853027,15.289999961853027,0
2024-12-24,14.37608528137207,15.289999961853027,15.289999961853027,15.289999961853027,15.289999961853027,0
2024-12-26,14.37608528137207,15.289999961853027,15.289999961853027,15.289999961853027,15.289999961853027,0
2024-12-27,13.82135009765625,14.699999809265137,15.670000076293945,14.550000190734863,14.550000190734863,2800
2024-12-30,14.047003746032715,14.9399995803833,15.59000015258789,14.100000381469727,15.59000015258789,1700
2024-12-31,13.266615867614746,14.109999656677246,14.109999656677246,14.109999656677246,14.109999656677246,400
2025-01-02,13.276018142700195,14.119999885559082,14.149999618530273,13.899999618530273,14.149999618530273,2100
2025-01-03,13.276018142700195,14.119999885559082,14.119999885559082,14.119999885559082,14.119999885559082,0
2025-01-06,13.276018142700195,14.119999885559082,14.119999885559082,14.119999885559082,14.119999885559082,0
2025-01-07,13.276018142700195,14.119999885559082,14.119999885559082,14.119999885559082,14.119999885559082,0
2025-01-08,13.276018142700195,14.119999885559082,14.119999885559082,14.119999885559082,14.119999885559082,0
2025-01-10,13.069168090820312,13.899999618530273,13.899999618530273,13.899999618530273,13.899999618530273,1100
2025-01-13,13.351236343383789,14.199999809265137,14.199999809265137,14.149999618530273,14.199999809265137,1100
2025-01-14,13.116179466247559,13.949999809265137,13.949999809265137,13.949999809265137,13.949999809265137,300
2025-01-15,13.116179466247559,13.949999809265137,13.949999809265137,13.949999809265137,13.949999809265137,0
2025-01-16,13.238409042358398,14.079999923706055,14.079999923706055,14.079999923706055,14.079999923706055,400
2025-01-17,13.990592002868652,14.880000114440918,14.880000114440918,13.529999732971191,13.529999732971191,800
2025-01-21,13.633304595947266,14.5,14.5,14.5,14.5,400
2025-01-22,13.633304595947266,14.5,14.5,14.5,14.5,0
2025-01-23,14.103419303894043,15.0,15.289999961853027,13.899999618530273,14.09000015258789,5800
2025-01-24,13.633304595947266,14.5,14.5,14.0,14.0,800
2025-01-27,13.633304595947266,14.5,14.5,14.5,14.5,0
2025-01-28,13.915373802185059,14.800000190734863,14.800000190734863,14.800000190734863,14.800000190734863,700
2025-01-29,13.022156715393066,13.850000381469727,14.960000038146973,13.649999618530273,14.960000038146973,9600
2025-01-30,13.022156715393066,13.850000381469727,13.850000381469727,13.850000381469727,13.850000381469727,0
2025-01-31,12.97514533996582,13.800000190734863,13.800000190734863,13.800000190734863,13.800000190734863,1300
2025-02-03,12.542638778686523,13.34000015258789,14.699999809265137,13.34000015258789,14.449999809265137,1300
2025-02-04,12.74716567993164,13.399999618530273,13.40999984741211,13.399999618530273,13.399999618530273,800
2025-02-05,13.222805976867676,13.899999618530273,14.0,13.899999618530273,14.0,700
2025-02-06,13.222805976867676,13.899999618530273,13.899999618530273,13.899999618530273,13.899999618530273,0
2025-02-07,13.222805976867676,13.899999618530273,13.899999618530273,13.899999618530273,13.899999618530273,0
2025-02-10,13.222805976867676,13.899999618530273,13.899999618530273,13.899999618530273,13.899999618530273,0
2025-02-11,13.222805976867676,13.899999618530273,13.899999618530273,13.899999618530273,13.899999618530273,0
2025-02-12,13.222805976867676,13.899999618530273,13.899999618530273,13.899999618530273,13.899999618530273,0
2025-02-13,13.3179349899292,14.0,14.0,13.1899995803833,13.1899995803833,900
2025-02-14,13.3179349899292,14.0,14.0,14.0,14.0,0
2025-02-18,13.3179349899292,14.0,14.0,14.0,14.0,0
2025-02-19,13.3179349899292,14.0,14.0,14.0,14.0,0
2025-02-20,13.3179349899292,14.0,14.0,14.0,14.0,0
2025-02-21,13.3179349899292,14.0,14.0,14.0,14.0,0
2025-02-24,13.3179349899292,14.0,14.699999809265137,14.0,14.699999809265137,3300
2025-02-25,14.26921558380127,15.0,15.0,13.989999771118164,14.0,4300
2025-02-26,14.26921558380127,15.0,15.0,15.0,15.0,0
2025-02-27,13.917242050170898,14.630000114440918,14.630000114440918,14.5600004196167,14.5600004196167,400
2025-02-28,13.77454948425293,14.479999542236328,14.479999542236328,13.949999809265137,13.949999809265137,400
2025-03-03,13.983831405639648,14.699999809265137,15.0,14.210000038146973,14.960000038146973,4900
2025-03-04,13.546241760253906,14.239999771118164,14.930000305175781,14.239999771118164,14.369999885559082,1600
2025-03-05,13.546241760253906,14.239999771118164,14.239999771118164,14.239999771118164,14.239999771118164,0
2025-03-06,14.839983940124512,15.600000381469727,15.600000381469727,14.850000381469727,14.850000381469727,900
2025-03-07,15.030241966247559,15.800000190734863,16.100000381469727,15.0,15.729999542236328,2500
2025-03-10,15.030241966247559,15.800000190734863,15.800000190734863,15.800000190734863,15.800000190734863,0
2025-03-11,15.030241966247559,15.800000190734863,15.800000190734863,15.800000190734863,15.800000190734863,0
2025-03-12,13.888703346252441,14.600000381469727,15.609999656677246,14.350000381469727,14.350000381469727,2000
2025-03-13,13.888703346252441,14.600000381469727,14.600000381469727,14.600000381469727,14.600000381469727,0
2025-03-14,14.259702682495117,14.989999771118164,15.279999732971191,14.989999771118164,15.0600004196167,800
2025-03-17,14.69729232788086,15.449999809265137,15.470000267028809,15.449999809265137,15.470000267028809,600
2025-03-18,14.373856544494629,15.109999656677246,15.4399995803833,13.84000015258789,15.149999618530273,6100
2025-03-19,13.793575286865234,14.5,14.59000015258789,14.5,14.59000015258789,700
2025-03-20,13.793575286865234,14.5,14.5,14.5,14.5,0
2025-03-21,15.71516227722168,16.520000457763672,16.520000457763672,14.359999656677246,14.359999656677246,6500
2025-03-24,15.325139045715332,16.110000610351562,16.520000457763672,15.300000190734863,15.479999542236328,3300
2025-03-25,14.45947265625,15.199999809265137,18.5,15.199999809265137,16.450000762939453,2700
2025-03-26,14.773394584655762,15.529999732971191,15.529999732971191,15.529999732971191,15.529999732971191,400
2025-03-27,16.03860092163086,16.860000610351562,16.860000610351562,16.1200008392334,16.1200008392334,300
2025-03-28,15.74370002746582,16.549999237060547,16.549999237060547,16.260000228881836,16.260000228881836,600
2025-03-31,15.74370002746582,16.549999237060547,16.549999237060547,16.549999237060547,16.549999237060547,0
2025-04-01,16.171777725219727,17.0,17.0,17.0,17.0,600
2025-04-02,16.171777725219727,17.0,17.0,17.0,17.0,0
2025-04-03,15.505880355834961,16.299999237060547,16.299999237060547,16.299999237060547,16.299999237060547,300
2025-04-04,16.16226577758789,16.989999771118164,16.989999771118164,16.989999771118164,16.989999771118164,300
2025-04-07,15.639060020446777,16.440000534057617,17.200000762939453,15.859999656677246,17.200000762939453,2800
2025-04-08,15.696136474609375,16.5,16.829999923706055,16.0,16.1299991607666,3500
2025-04-09,16.16226577758789,16.989999771118164,16.989999771118164,16.139999389648438,16.139999389648438,700
2025-04-10,15.458317756652832,16.25,16.5,16.25,16.5,1900
2025-04-11,15.458317756652832,16.25,16.25,16.25,16.25,0
2025-04-14,15.220497131347656,16.0,16.0,16.0,16.0,1200
2025-04-15,15.220497131347656,16.0,16.0,16.0,16.0,0
2025-04-16,15.696136474609375,16.5,16.5,16.5,16.5,200
2025-04-17,15.810291290283203,16.6200008392334,16.6200008392334,16.5,16.5,400
2025-04-21,15.810291290283203,16.6200008392334,16.6200008392334,16.6200008392334,16.6200008392334,0
2025-04-22,16.152751922607422,16.979999542236328,16.989999771118164,16.979999542236328,16.989999771118164,300
2025-04-23,16.152751922607422,16.979999542236328,16.979999542236328,16.979999542236328,16.979999542236328,0
2025-04-24,16.647417068481445,17.5,17.5,17.100000381469727,17.100000381469727,900
2025-04-25,16.74254608154297,17.600000381469727,17.600000381469727,17.600000381469727,17.600000381469727,200
2025-04-28,16.74254608154297,17.600000381469727,17.600000381469727,17.600000381469727,17.600000381469727,0
2025-04-29,16.74254608154297,17.600000381469727,17.600000381469727,17.600000381469727,17.600000381469727,0
2025-04-30,16.656932830810547,17.510000228881836,17.510000228881836,17.329999923706055,17.329999923706055,700
2025-05-01,16.709749221801758,17.399999618530273,17.399999618530273,17.360000610351562,17.360000610351562,500
2025-05-02,16.709749221801758,17.399999618530273,17.399999618530273,17.399999618530273,17.399999618530273,0
2025-05-05,15.845451354980469,16.5,17.0,16.5,17.0,1000
2025-05-06,16.594511032104492,17.280000686645508,17.280000686645508,17.280000686645508,17.280000686645508,200
2025-05-07,15.557353973388672,16.200000762939453,16.200000762939453,16.200000762939453,16.200000762939453,100
2025-05-08,15.557353973388672,16.200000762939453,16.200000762939453,16.200000762939453,16.200000762939453,0
2025-05-09,16.056726455688477,16.719999313354492,16.729999542236328,16.719999313354492,16.719999313354492,500
2025-05-12,17.045866012573242,17.75,17.75,17.3799991607666,17.399999618530273,8800
2025-05-13,17.045866012573242,17.75,17.75,17.75,17.75,0
2025-05-14,16.997848510742188,17.700000762939453,17.850000381469727,17.700000762939453,17.84000015258789,1100
2025-05-15,16.997848510742188,17.700000762939453,17.700000762939453,17.700000762939453,17.700000762939453,0
2025-05-16,17.132293701171875,17.84000015258789,18.469999313354492,17.829999923706055,18.469999313354492,600
2025-05-19,17.132293701171875,17.84000015258789,17.84000015258789,17.84000015258789,17.84000015258789,0
2025-05-20,17.132293701171875,17.84000015258789,17.84000015258789,17.84000015258789,17.84000015258789,0
2025-05-21,17.132293701171875,17.84000015258789,17.84000015258789,17.84000015258789,17.84000015258789,0
2025-05-22,17.103485107421875,17.809999465942383,17.809999465942383,15.859999656677246,15.859999656677246,400
2025-05-23,17.103485107421875,17.809999465942383,17.809999465942383,17.809999465942383,17.809999465942383,0
2025-05-27,17.103485107421875,17.809999465942383,17.809999465942383,17.809999465942383,17.809999465942383,0
2025-05-28,17.103485107421875,17.809999465942383,17.809999465942383,17.809999465942383,17.809999465942383,0
2025-05-29,16.1335506439209,16.799999237060547,16.799999237060547,16.799999237060547,16.799999237060547,300
2025-05-30,16.1335506439209,16.799999237060547,16.799999237060547,16.799999237060547,16.799999237060547,0
2025-06-02,16.1335506439209,16.799999237060547,16.799999237060547,16.799999237060547,16.799999237060547,0
2025-06-03,16.1335506439209,16.799999237060547,16.799999237060547,16.799999237060547,16.799999237060547,0
2025-06-04,17.266738891601562,17.979999542236328,17.979999542236328,17.979999542236328,17.979999542236328,200
2025-06-05,17.266738891601562,17.979999542236328,17.979999542236328,17.979999542236328,17.979999542236328,0
2025-06-06,17.266738891601562,17.979999542236328,17.979999542236328,17.979999542236328,17.979999542236328,0
2025-06-09,17.266738891601562,17.979999542236328,17.979999542236328,17.979999542236328,17.979999542236328,0
2025-06-10,17.16110610961914,17.8700008392334,17.8700008392334,16.25,16.25,700
2025-06-11,17.16110610961914,17.8700008392334,17.8700008392334,17.8700008392334,17.8700008392334,0
2025-06-12,16.517684936523438,17.200000762939453,17.979999542236328,17.0,17.0,1500
2025-06-13,16.90181541442871,17.600000381469727,17.899999618530273,17.59000015258789,17.600000381469727,3500
2025-06-16,15.941486358642578,16.600000381469727,16.600000381469727,16.600000381469727,16.600000381469727,200
2025-06-17,15.941486358642578,16.600000381469727,16.600000381469727,16.600000381469727,16.600000381469727,0
2025-06-18,15.941486358642578,16.600000381469727,16.600000381469727,16.600000381469727,16.600000381469727,0
2025-06-20,18.63041114807129,19.399999618530273,20.459999084472656,17.3700008392334,17.600000381469727,49200
2025-06-23,17.28594970703125,18.0,19.239999771118164,18.0,19.239999771118164,3400
2025-06-24,17.689287185668945,18.420000076293945,18.420000076293945,17.610000610351562,18.110000610351562,2200
2025-06-25,17.093881607055664,17.799999237060547,17.899999618530273,17.790000915527344,17.899999618530273,3600
2025-06-26,16.969038009643555,17.670000076293945,17.670000076293945,17.670000076293945,17.670000076293945,300
2025-06-27,17.76611328125,18.5,18.5,17.860000610351562,17.860000610351562,600
2025-06-30,17.06507110595703,17.770000457763672,17.950000762939453,17.760000228881836,17.950000762939453,5000
2025-07-01,17.06507110595703,17.770000457763672,17.770000457763672,17.770000457763672,17.770000457763672,0
2025-07-02,16.62331771850586,17.309999465942383,17.309999465942383,17.309999465942383,17.309999465942383,200
2025-07-03,16.62331771850586,17.309999465942383,17.309999465942383,17.309999465942383,17.309999465942383,0
2025-07-07,15.970294952392578,16.6299991607666,16.6299991607666,16.6299991607666,16.6299991607666,400
2025-07-08,15.845451354980469,16.5,17.5,16.5,17.5,1200
2025-07-09,15.845451354980469,16.5,16.5,16.5,16.5,0
2025-07-10,16.652132034301758,17.34000015258789,17.34000015258789,17.34000015258789,17.34000015258789,800
2025-07-11,16.652132034301758,17.34000015258789,17.34000015258789,17.34000015258789,17.34000015258789,0
2025-07-14,16.652132034301758,17.34000015258789,17.34000015258789,17.34000015258789,17.34000015258789,0
2025-07-15,16.652132034301758,17.34000015258789,17.34000015258789,17.34000015258789,17.34000015258789,0
2025-07-16,16.652132034301758,17.34000015258789,17.34000015258789,17.34000015258789,17.34000015258789,0
2025-07-17,16.652132034301758,17.34000015258789,17.34000015258789,17.34000015258789,17.34000015258789,0
2025-07-18,15.365286827087402,16.0,16.049999237060547,15.970000267028809,16.049999237060547,1500
2025-07-21,15.365286827087402,16.0,16.0,16.0,16.0,0
2025-07-22,15.077187538146973,15.699999809265137,15.699999809265137,15.699999809265137,15.699999809265137,600
2025-07-23,15.077187538146973,15.699999809265137,15.699999809265137,15.699999809265137,15.699999809265137,0
2025-07-24,15.134808540344238,15.760000228881836,16.190000534057617,15.239999771118164,15.399999618530273,1600
2025-07-25,15.134808540344238,15.760000228881836,15.760000228881836,15.760000228881836,15.760000228881836,0
2025-07-28,14.635436058044434,15.239999771118164,15.239999771118164,15.170000076293945,15.239999771118164,2800
2025-07-29,13.992013931274414,14.569999694824219,14.569999694824219,14.569999694824219,14.569999694824219,1700
2025-07-30,13.992013931274414,14.569999694824219,14.569999694824219,14.569999694824219,14.569999694824219,0
2025-07-31,14.952343940734863,15.569999694824219,15.569999694824219,15.569999694824219,15.569999694824219,500
2025-08-01,13.695396423339844,14.109999656677246,14.960000038146973,13.84000015258789,14.960000038146973,1800
2025-08-04,13.695396423339844,14.109999656677246,14.109999656677246,14.109999656677246,14.109999656677246,0
2025-08-05,13.802164077758789,14.220000267028809,14.220000267028809,14.220000267028809,14.220000267028809,200
2025-08-06,13.753633499145508,14.170000076293945,14.170000076293945,14.170000076293945,14.170000076293945,300
2025-08-07,14.66601276397705,15.109999656677246,15.109999656677246,14.25,14.25,400
2025-08-08,13.821576118469238,14.239999771118164,14.239999771118164,14.239999771118164,14.239999771118164,200
2025-08-11,14.743661880493164,15.1899995803833,15.1899995803833,13.880000114440918,14.0,2200
2025-08-12,13.840988159179688,14.260000228881836,14.260000228881836,14.260000228881836,14.260000228881836,200
2025-08-13,13.976875305175781,14.399999618530273,14.5,14.399999618530273,14.5,900
2025-08-14,13.899225234985352,14.319999694824219,14.930000305175781,14.319999694824219,14.930000305175781,1300
2025-08-15,15.025140762329102,15.479999542236328,15.479999542236328,15.449999809265137,15.449999809265137,500
2025-08-18,14.365121841430664,14.800000190734863,15.130000114440918,14.800000190734863,15.130000114440918,800
2025-08-19,14.539831161499023,14.979999542236328,14.979999542236328,14.5,14.979999542236328,1300
2025-08-20,14.549537658691406,14.989999771118164,14.989999771118164,14.489999771118164,14.489999771118164,1000
2025-08-21,13.608040809631348,14.020000457763672,14.420000076293945,14.020000457763672,14.420000076293945,1200
2025-08-22,14.413652420043945,14.850000381469727,14.880000114440918,14.100000381469727,14.880000114440918,1800
2025-08-25,14.413652420043945,14.850000381469727,14.850000381469727,14.850000381469727,14.850000381469727,0
2025-08-26,14.45247745513916,14.890000343322754,14.890000343322754,14.890000343322754,14.890000343322754,400
2025-08-27,13.879813194274902,14.300000190734863,14.300000190734863,14.300000190734863,14.300000190734863,200
2025-08-28,13.879813194274902,14.300000190734863,14.300000190734863,14.300000190734863,14.300000190734863,0
2025-08-29,13.831282615661621,14.25,14.270000457763672,14.25,14.270000457763672,500
2025-09-02,14.442770957946777,14.880000114440918,14.880000114440918,14.880000114440918,14.880000114440918,300
2025-09-03,14.442770957946777,14.880000114440918,14.880000114440918,14.880000114440918,14.880000114440918,0
2025-09-04,14.442770957946777,14.880000114440918,14.880000114440918,14.880000114440918,14.880000114440918,0
2025-09-05,14.442770957946777,14.880000114440918,14.880000114440918,14.880000114440918,14.880000114440918,0
2025-09-08,16.22870445251465,16.719999313354492,16.739999771118164,16.719999313354492,16.739999771118164,900
2025-09-09,16.413122177124023,16.90999984741211,16.950000762939453,16.90999984741211,16.950000762939453,800
2025-09-10,16.413122177124023,16.90999984741211,16.90999984741211,16.90999984741211,16.90999984741211,0
2025-09-11,16.413122177124023,16.90999984741211,16.90999984741211,16.90999984741211,16.90999984741211,0
2025-09-12,16.112232208251953,16.600000381469727,16.600000381469727,15.100000381469727,15.100000381469727,500
2025-09-15,16.112232208251953,16.600000381469727,16.600000381469727,16.600000381469727,16.600000381469727,0
2025-09-16,16.112232208251953,16.600000381469727,16.600000381469727,16.600000381469727,16.600000381469727,0
2025-09-17,16.112232208251953,16.600000381469727,16.600000381469727,16.600000381469727,16.600000381469727,0
2025-09-18,16.112232208251953,16.600000381469727,16.600000381469727,16.600000381469727,16.600000381469727,0
2025-09-19,17.37403106689453,17.899999618530273,17.899999618530273,16.829999923706055,16.829999923706055,6700
2025-09-22,16.034582138061523,16.520000457763672,16.520000457763672,16.520000457763672,16.520000457763672,400
2025-09-23,16.034582138061523,16.520000457763672,16.520000457763672,16.520000457763672,16.520000457763672,0
2025-09-24,16.034582138061523,16.520000457763672,16.520000457763672,16.520000457763672,16.520000457763672,0
2025-09-25,16.034582138061523,16.520000457763672,16.520000457763672,16.520000457763672,16.520000457763672,0
2025-09-26,16.034582138061523,16.520000457763672,16.520000457763672,16.520000457763672,16.520000457763672,0
2025-09-29,15.539567947387695,16.010000228881836,16.010000228881836,16.010000228881836,16.010000228881836,200
2025-09-30,15.539567947387695,16.010000228881836,16.010000228881836,16.010000228881836,16.010000228881836,0
2025-10-01,15.28720760345459,15.75,16.399999618530273,15.729999542236328,16.1200008392334,5900
2025-10-02,15.28720760345459,15.75,15.75,15.75,15.75,0
2025-10-03,16.34518051147461,16.84000015258789,16.860000610351562,16.600000381469727,16.799999237060547,2900
2025-10-06,16.34518051147461,16.84000015258789,16.84000015258789,16.84000015258789,16.84000015258789,0
2025-10-07,14.947491645812988,15.399999618530273,16.0,15.390000343322754,15.979999542236328,7100
2025-10-08,14.801898956298828,15.25,15.25,15.180000305175781,15.180000305175781,400
2025-10-09,14.801898956298828,15.25,15.25,15.25,15.25,0
2025-10-10,14.801898956298828,15.25,15.25,15.25,15.25,0
2025-10-13,14.656307220458984,15.100000381469727,15.260000228881836,15.0,15.260000228881836,900
2025-10-14,15.04455280303955,15.5,15.869999885559082,15.420000076293945,15.420000076293945,1700
2025-10-15,14.433065414428711,14.869999885559082,14.869999885559082,14.869999885559082,14.869999885559082,1300
2025-10-16,14.433065414428711,14.869999885559082,14.869999885559082,14.869999885559082,14.869999885559082,0
2025-10-17,14.433065414428711,14.869999885559082,14.869999885559082,14.869999885559082,14.869999885559082,0
2025-10-20,14.433065414428711,14.869999885559082,14.869999885559082,14.869999885559082,14.869999885559082,0
2025-10-21,14.957197189331055,15.40999984741211,15.40999984741211,15.40999984741211,15.40999984741211,400
2025-10-22,15.04455280303955,15.5,15.5,15.5,15.5,1100
2025-10-23,15.04455280303955,15.5,15.5,15.5,15.5,0
2025-10-24,15.248382568359375,15.710000038146973,15.710000038146973,15.710000038146973,15.710000038146973,500
2025-10-27,14.879548072814941,15.329999923706055,15.699999809265137,15.329999923706055,15.699999809265137,400
2025-10-28,15.04455280303955,15.5,15.550000190734863,15.5,15.550000190734863,1100
2025-10-29,15.04455280303955,15.5,15.5,15.5,15.5,400
2025-10-30,15.04455280303955,15.5,15.5,15.5,15.5,0
2025-10-31,14.879548072814941,15.329999923706055,15.329999923706055,15.329999923706055,15.329999923706055,500
2025-11-03,15.04144287109375,15.329999923706055,15.329999923706055,15.329999923706055,15.329999923706055,0
2025-11-04,15.04144287109375,15.329999923706055,15.329999923706055,15.329999923706055,15.329999923706055,0
2025-11-05,15.04144287109375,15.329999923706055,15.329999923706055,15.329999923706055,15.329999923706055,0
2025-11-06,15.04144287109375,15.329999923706055,15.329999923706055,15.329999923706055,15.329999923706055,0
2025-11-07,15.04144287109375,15.329999923706055,15.329999923706055,15.329999923706055,15.329999923706055,0
2025-11-10,15.767513275146484,16.06999969482422,16.06999969482422,16.06999969482422,16.06999969482422,100
2025-11-11,15.767513275146484,16.06999969482422,16.06999969482422,16.06999969482422,16.06999969482422,0
2025-11-12,14.972761154174805,15.260000228881836,15.260000228881836,15.260000228881836,15.260000228881836,200
2025-11-13,15.767513275146484,16.06999969482422,16.979999542236328,15.25,16.3700008392334,8100
2025-11-14,15.767513275146484,16.06999969482422,16.06999969482422,16.06999969482422,16.06999969482422,0
2025-11-17,15.767513275146484,16.06999969482422,16.06999969482422,16.06999969482422,16.06999969482422,0
2025-11-18,15.767513275146484,16.06999969482422,16.06999969482422,16.06999969482422,16.06999969482422,0
2025-11-19,15.767513275146484,16.06999969482422,16.06999969482422,16.06999969482422,16.06999969482422,0
2025-11-20,15.88525676727295,16.190000534057617,16.190000534057617,15.75,15.75,400
2025-11-21,15.88525676727295,16.190000534057617,16.190000534057617,16.190000534057617,16.190000534057617,0
2025-11-24,15.88525676727295,16.190000534057617,16.190000534057617,16.190000534057617,16.190000534057617,0
2025-11-25,16.18941879272461,16.5,16.889999389648438,16.5,16.5,4000
2025-11-26,17.180410385131836,17.510000228881836,17.510000228881836,17.059999465942383,17.25,2400
2025-11-28,15.963749885559082,16.270000457763672,16.270000457763672,16.270000457763672,16.270000457763672,200
2025-12-01,16.768314361572266,17.09000015258789,17.09000015258789,17.049999237060547,17.049999237060547,400
2025-12-02,16.768314361572266,17.09000015258789,17.09000015258789,17.09000015258789,17.09000015258789,0
2025-12-03,16.768314361572266,17.09000015258789,17.09000015258789,17.09000015258789,17.09000015258789,0
2025-12-04,16.513208389282227,16.829999923706055,16.829999923706055,16.510000228881836,16.510000228881836,500
2025-12-05,16.513208389282227,16.829999923706055,16.829999923706055,16.829999923706055,16.829999923706055,0
2025-12-08,16.513208389282227,16.829999923706055,16.829999923706055,16.829999923706055,16.829999923706055,0
2025-12-09,16.43471336364746,16.75,16.969999313354492,16.600000381469727,16.600000381469727,2900
2025-12-10,16.140361785888672,16.450000762939453,17.059999465942383,16.219999313354492,16.739999771118164,8200
2025-12-11,15.88525676727295,16.190000534057617,16.780000686645508,16.190000534057617,16.780000686645508,400
2025-12-12,15.414290428161621,15.710000038146973,16.079999923706055,15.680000305175781,16.079999923706055,6700
2025-12-15,15.590902328491211,15.890000343322754,15.890000343322754,15.890000343322754,15.890000343322754,700
2025-12-16,15.747889518737793,16.049999237060547,16.049999237060547,16.049999237060547,16.049999237060547,200
2025-12-17,15.747889518737793,16.049999237060547,16.049999237060547,16.049999237060547,16.049999237060547,0
2025-12-18,16.630950927734375,16.950000762939453,16.950000762939453,16.450000762939453,16.450000762939453,2000
2025-12-19,16.817373275756836,17.139999389648438,17.399999618530273,16.700000762939453,17.399999618530273,18200
2025-12-22,16.49358367919922,16.809999465942383,16.860000610351562,16.600000381469727,16.600000381469727,1700
2025-12-23,16.012807846069336,16.31999969482422,16.31999969482422,16.31999969482422,16.31999969482422,300
2025-12-24,16.012807846069336,16.31999969482422,16.31999969482422,16.31999969482422,16.31999969482422,0
2025-12-26,15.659584999084473,15.960000038146973,15.960000038146973,15.960000038146973,15.960000038146973,400
2025-12-29,15.855819702148438,16.15999984741211,16.84000015258789,16.15999984741211,16.790000915527344,3200
2025-12-30,16.43471336364746,16.75,16.760000228881836,16.739999771118164,16.739999771118164,6700
2025-12-31,17.35702133178711,17.690000534057617,17.709999084472656,17.030000686645508,17.459999084472656,9400
2026-01-02,17.219655990600586,17.549999237060547,17.549999237060547,17.290000915527344,17.290000915527344,1200
2026-01-05,16.974361419677734,17.299999237060547,17.299999237060547,16.93000030517578,17.299999237060547,500
2026-01-06,17.170597076416016,17.5,17.5,17.299999237060547,17.299999237060547,1100
2026-01-07,17.425703048706055,17.760000228881836,17.760000228881836,17.760000228881836,17.760000228881836,200
2026-01-08,17.376644134521484,17.709999084472656,17.8799991607666,17.709999084472656,17.8799991607666,600
2026-01-09,17.376644134521484,17.709999084472656,17.709999084472656,17.709999084472656,17.709999084472656,0
2026-01-12,16.73887825012207,17.059999465942383,17.739999771118164,17.059999465942383,17.739999771118164,2300
2026-01-13,16.73887825012207,17.059999465942383,17.059999465942383,17.059999465942383,17.059999465942383,0
2026-01-14,16.680009841918945,17.0,17.309999465942383,17.0,17.309999465942383,2700
2026-01-15,16.415090560913086,16.729999542236328,16.729999542236328,16.729999542236328,16.729999542236328,500
2026-01-16,16.316972732543945,16.6299991607666,16.6299991607666,16.6299991607666,16.6299991607666,300
2026-01-20,17.052854537963867,17.3799991607666,17.450000762939453,16.700000762939453,16.719999313354492,4700
2026-01-21,15.54184341430664,15.84000015258789,16.700000762939453,15.84000015258789,15.84000015258789,500
2026-01-22,15.54184341430664,15.84000015258789,15.84000015258789,15.84000015258789,15.84000015258789,0
2026-01-23,14.972761154174805,15.260000228881836,15.6899995803833,15.260000228881836,15.6899995803833,900
2026-01-26,15.070878028869629,15.359999656677246,16.43000030517578,15.359999656677246,16.43000030517578,4200
2026-01-27,15.286736488342285,15.579999923706055,15.579999923706055,15.579999923706055,15.579999923706055,800
2026-01-28,15.855819702148438,16.15999984741211,16.15999984741211,16.15999984741211,16.15999984741211,1100
2026-01-29,15.846007347106934,16.149999618530273,16.149999618530273,15.75,15.75,400
2026-01-30,16.267913818359375,16.579999923706055,16.579999923706055,16.34000015258789,16.34000015258789,1300
2026-02-02,16.48377227783203,16.799999237060547,16.799999237060547,16.56999969482422,16.56999969482422,1100
2026-02-03,16.64727210998535,16.799999237060547,16.799999237060547,16.799999237060547,16.799999237060547,0
2026-02-04,16.637365341186523,16.790000915527344,16.790000915527344,16.790000915527344,16.790000915527344,300
2026-02-05,16.637365341186523,16.790000915527344,16.790000915527344,16.790000915527344,16.790000915527344,0
2026-02-06,19.511001586914062,19.690000534057617,19.690000534057617,16.790000915527344,16.790000915527344,38800
2026-02-09,17.83636474609375,18.0,18.010000228881836,16.25,17.399999618530273,5800
2026-02-10,17.103092193603516,17.260000228881836,17.260000228881836,16.200000762939453,16.93000030517578,96100
2026-02-11,15.95363712310791,16.100000381469727,16.31999969482422,15.850000381469727,16.299999237060547,5300
2026-02-12,15.923909187316895,16.06999969482422,16.739999771118164,16.010000228881836,16.010000228881836,2300
2026-02-13,15.923909187316895,16.06999969482422,16.06999969482422,16.06999969482422,16.06999969482422,0
2026-02-17,15.923909187316895,16.06999969482422,16.06999969482422,16.06999969482422,16.06999969482422,0
2026-02-18,15.95363712310791,16.100000381469727,16.100000381469727,16.100000381469727,16.100000381469727,400
2026-02-19,15.90408992767334,16.049999237060547,16.049999237060547,15.670000076293945,15.819999694824219,2000
2026-02-20,15.874363899230957,16.020000457763672,16.18000030517578,15.90999984741211,16.170000076293945,1400
2026-02-23,15.458182334899902,15.600000381469727,15.600000381469727,15.600000381469727,15.600000381469727,700
2026-02-24,15.458182334899902,15.600000381469727,15.600000381469727,15.600000381469727,15.600000381469727,0
2026-02-25,15.458182334899902,15.600000381469727,15.600000381469727,15.600000381469727,15.600000381469727,0
2026-02-26,16.538272857666016,16.690000534057617,16.690000534057617,16.690000534057617,16.690000534057617,1100
2026-02-27,16.538272857666016,16.690000534057617,16.690000534057617,16.690000534057617,16.690000534057617,0
2026-03-02,16.538272857666016,16.690000534057617,16.690000534057617,16.690000534057617,16.690000534057617,0
2026-03-03,16.538272857666016,16.690000534057617,16.690000534057617,16.690000534057617,16.690000534057617,0
2026-03-04,15.66627311706543,15.8100004196167,15.8100004196167,15.8100004196167,15.8100004196167,200
2026-03-05,15.66627311706543,15.8100004196167,15.8100004196167,15.8100004196167,15.8100004196167,0
2026-03-06,15.289728164672852,15.430000305175781,16.15999984741211,15.430000305175781,16.15999984741211,600
2026-03-09,15.289728164672852,15.430000305175781,15.430000305175781,15.430000305175781,15.430000305175781,0
2026-03-10,15.745546340942383,15.890000343322754,16.1200008392334,15.350000381469727,15.489999771118164,3300
2026-03-11,15.151000022888184,15.289999961853027,15.289999961853027,15.289999961853027,15.289999961853027,300
2026-03-12,15.151000022888184,15.289999961853027,15.289999961853027,15.289999961853027,15.289999961853027,0
2026-03-13,14.962727546691895,15.100000381469727,15.100000381469727,15.100000381469727,15.100000381469727,400
2026-03-16,15.884273529052734,16.030000686645508,16.030000686645508,16.030000686645508,16.030000686645508,200
2026-03-17,15.884273529052734,16.030000686645508,16.030000686645508,16.030000686645508,16.030000686645508,0
2026-03-18,15.557272911071777,15.699999809265137,15.699999809265137,15.699999809265137,15.699999809265137,600
2026-03-19,15.557272911071777,15.699999809265137,15.699999809265137,15.699999809265137,15.699999809265137,0
2026-03-20,17.70754623413086,17.8700008392334,17.8700008392334,15.649999618530273,15.670000076293945,22900
2026-03-23,18.014728546142578,18.18000030517578,18.239999771118164,17.84000015258789,17.84000015258789,2900
2026-03-24,16.795909881591797,16.950000762939453,18.979999542236328,16.790000915527344,18.979999542236328,4200
2026-03-25,16.795909881591797,16.950000762939453,16.950000762939453,16.950000762939453,16.950000762939453,0
2026-03-26,17.340909957885742,17.5,17.5,16.889999389648438,16.889999389648438,1300
2026-03-27,17.222000122070312,17.3799991607666,17.3799991607666,16.559999465942383,16.559999465942383,400
2026-03-30,17.222000122070312,17.3799991607666,17.3799991607666,17.3799991607666,17.3799991607666,0
2026-03-31,17.52918243408203,17.690000534057617,17.690000534057617,16.969999313354492,16.969999313354492,4400
2026-04-01,17.52918243408203,17.690000534057617,17.690000534057617,17.690000534057617,17.690000534057617,0
2026-04-02,17.52918243408203,17.690000534057617,17.690000534057617,17.690000534057617,17.690000534057617,0
2026-04-06,17.52918243408203,17.690000534057617,17.690000534057617,17.690000534057617,17.690000534057617,0
2026-04-07,17.52918243408203,17.690000534057617,17.690000534057617,17.690000534057617,17.690000534057617,0
2026-04-08,18.718273162841797,18.889999389648438,18.889999389648438,18.0,18.190000534057617,3900
2026-04-09,18.718273162841797,18.889999389648438,18.889999389648438,18.889999389648438,18.889999389648438,0
2026-04-10,17.350818634033203,17.510000228881836,17.510000228881836,17.510000228881836,17.510000228881836,900
2026-04-13,17.350818634033203,17.510000228881836,17.510000228881836,17.510000228881836,17.510000228881836,0
2026-04-14,17.925546646118164,18.09000015258789,18.610000610351562,17.829999923706055,18.610000610351562,1300
2026-04-15,18.014728546142578,18.18000030517578,18.3799991607666,18.0,18.18000030517578,2000
2026-04-16,18.480453491210938,18.649999618530273,18.649999618530273,18.350000381469727,18.479999542236328,1900
2026-04-17,18.67863655090332,18.850000381469727,19.850000381469727,18.540000915527344,19.850000381469727,6600
2026-04-20,18.133636474609375,18.299999237060547,19.209999084472656,18.299999237060547,19.190000534057617,800
2026-04-21,18.054363250732422,18.219999313354492,18.219999313354492,18.219999313354492,18.219999313354492,300
2026-04-22,18.708362579345703,18.8799991607666,18.8799991607666,18.8799991607666,18.8799991607666,600
2026-04-23,18.708362579345703,18.8799991607666,18.8799991607666,18.8799991607666,18.8799991607666,0
2026-04-24,19.580364227294922,19.760000228881836,20.350000381469727,18.90999984741211,18.90999984741211,3000
2026-04-27,19.580364227294922,19.760000228881836,19.889999389648438,19.760000228881836,19.889999389648438,1100
2026-04-28,19.144363403320312,19.31999969482422,19.31999969482422,18.709999084472656,18.709999084472656,500
2026-04-29,19.57045555114746,19.75,19.75,19.6299991607666,19.739999771118164,700
2026-04-30,19.075000762939453,19.25,19.420000076293945,18.0,19.420000076293945,500
2026-05-01,19.239999771118164,19.239999771118164,19.239999771118164,19.239999771118164,19.239999771118164,400
2026-05-04,19.219999313354492,19.219999313354492,19.219999313354492,19.219999313354492,19.219999313354492,200
2026-05-05,18.139999389648438,18.139999389648438,18.139999389648438,18.139999389648438,18.139999389648438,400
2026-05-06,18.0,18.0,18.600000381469727,17.260000228881836,17.260000228881836,2000
2026-05-07,19.719999313354492,19.719999313354492,19.719999313354492,18.709999084472656,18.709999084472656,800
2026-05-08,19.719999313354492,19.719999313354492,19.719999313354492,19.719999313354492,19.719999313354492,0
2026-05-11,19.15999984741211,19.15999984741211,19.15999984741211,19.15999984741211,19.15999984741211,200
2026-05-12,19.15999984741211,19.15999984741211,19.440000534057617,19.15999984741211,19.440000534057617,700
2026-05-13,17.59000015258789,17.59000015258789,17.59000015258789,17.59000015258789,17.59000015258789,1300
2026-05-14,18.6299991607666,18.6299991607666,18.8700008392334,18.6299991607666,18.8700008392334,600
2026-05-15,19.170000076293945,19.170000076293945,19.170000076293945,18.34000015258789,18.34000015258789,700
2026-05-18,18.520000457763672,18.520000457763672,19.170000076293945,18.520000457763672,19.170000076293945,1400
2026-05-19,19.1299991607666,19.1299991607666,19.149999618530273,19.1299991607666,19.149999618530273,300
2026-05-20,19.139999389648438,19.139999389648438,19.139999389648438,19.139999389648438,19.139999389648438,500
2026-05-21,18.950000762939453,18.950000762939453,18.950000762939453,18.950000762939453,18.950000762939453,300
2026-05-22,18.950000762939453,18.950000762939453,18.950000762939453,18.950000762939453,18.950000762939453,0
2026-05-26,18.290000915527344,18.290000915527344,18.709999084472656,18.25,18.709999084472656,1900
2026-05-27,18.290000915527344,18.290000915527344,18.290000915527344,18.290000915527344,18.290000915527344,0
2026-05-28,19.149999618530273,19.149999618530273,19.149999618530273,19.0,19.0,600
2026-05-29,19.149999618530273,19.149999618530273,19.149999618530273,19.149999618530273,19.149999618530273,0
2026-06-01,18.40999984741211,18.40999984741211,18.40999984741211,18.0,18.010000228881836,800
2026-06-02,18.40999984741211,18.40999984741211,18.40999984741211,18.40999984741211,18.40999984741211,0
2026-06-03,19.1299991607666,19.1299991607666,19.1299991607666,17.920000076293945,17.920000076293945,500
2026-06-04,19.149999618530273,19.149999618530273,19.149999618530273,19.149999618530273,19.149999618530273,300
2026-06-05,19.149999618530273,19.149999618530273,19.149999618530273,19.149999618530273,19.149999618530273,400
2026-06-08,19.149999618530273,19.149999618530273,19.149999618530273,19.149999618530273,19.149999618530273,0
2026-06-09,19.149999618530273,19.149999618530273,19.149999618530273,19.149999618530273,19.149999618530273,0
2026-06-10,19.149999618530273,19.149999618530273,19.149999618530273,19.149999618530273,19.149999618530273,0
2026-06-11,18.219999313354492,18.219999313354492,18.219999313354492,18.219999313354492,18.219999313354492,500
2026-06-12,18.219999313354492,18.219999313354492,18.219999313354492,18.219999313354492,18.219999313354492,0
2026-06-15,18.219999313354492,18.219999313354492,18.219999313354492,18.219999313354492,18.219999313354492,0
2026-06-16,23.690000534057617,23.690000534057617,23.690000534057617,18.549999237060547,18.549999237060547,18100
2026-06-17,18.809999465942383,18.809999465942383,21.200000762939453,18.110000610351562,21.200000762939453,18900
2026-06-18,22.860000610351562,22.860000610351562,22.860000610351562,17.770000457763672,19.25,25700
2026-06-22,21.059999465942383,21.059999465942383,21.8700008392334,21.0,21.8700008392334,1000
2026-06-23,20.020000457763672,20.020000457763672,22.530000686645508,20.020000457763672,22.440000534057617,6700
2026-06-24,20.329999923706055,20.329999923706055,21.75,20.329999923706055,21.75,900
2026-06-25,24.0,24.0,24.0,22.219999313354492,23.690000534057617,1300
2026-06-26,24.0,24.0,24.0,24.0,24.0,0
2026-06-29,23.600000381469727,23.600000381469727,23.600000381469727,23.600000381469727,23.600000381469727,800
2026-06-30,21.780000686645508,21.780000686645508,21.780000686645508,21.780000686645508,21.780000686645508,400
2026-07-01,21.780000686645508,21.780000686645508,21.780000686645508,21.780000686645508,21.780000686645508,0
2026-07-02,21.780000686645508,21.780000686645508,21.780000686645508,21.780000686645508,21.780000686645508,0
2026-07-06,24.0,24.0,24.0,24.0,24.0,400
2026-07-07,23.950000762939453,23.950000762939453,23.950000762939453,23.950000762939453,23.950000762939453,600
2026-07-08,23.81999969482422,23.81999969482422,23.81999969482422,23.81999969482422,23.81999969482422,300
2026-07-09,23.81999969482422,23.81999969482422,23.81999969482422,23.81999969482422,23.81999969482422,0
2026-07-10,22.899999618530273,22.899999618530273,25.5,22.899999618530273,24.0,2100
2026-07-13,26.700000762939453,26.700000762939453,26.700000762939453,26.700000762939453,26.700000762939453,200
2026-07-14,26.149999618530273,26.149999618530273,29.989999771118164,24.829999923706055,24.829999923706055,5500
2026-07-15,26.100000381469727,26.100000381469727,27.690000534057617,26.100000381469727,27.690000534057617,1200
2026-07-16,23.010000228881836,23.010000228881836,25.389999389648438,23.010000228881836,24.75,9000
2026-07-17,22.149999618530273,22.149999618530273,22.149999618530273,22.149999618530273,22.149999618530273,1300
2026-07-20,24.700000762939453,24.700000762939453,24.700000762939453,22.459999084472656,22.459999084472656,3300
2026-07-21,21.809999465942383,21.809999465942383,24.489999771118164,21.809999465942383,24.489999771118164,4300
2026-07-22,22.979999542236328,22.979999542236328,23.780000686645508,21.649999618530273,23.780000686645508,15600
2026-07-23,20.40999984741211,20.40999984741211,22.600000381469727,20.350000381469727,22.600000381469727,133468
