Date,Adjusted_Close,Close,High,Low,Open,Volume
2022-01-13,6.437973976135254,8.90999984741211,12.15999984741211,8.899999618530273,12.0,42100
2022-01-14,5.975539207458496,8.270000457763672,9.0,8.020000457763672,9.0,15200
2022-01-18,5.888831615447998,8.149999618530273,8.399999618530273,8.149999618530273,8.244000434875488,19800
2022-01-19,5.896057605743408,8.15999984741211,8.458999633789062,8.149999618530273,8.178999900817871,2500
2022-01-20,5.245757102966309,7.260000228881836,8.170000076293945,7.130000114440918,8.170000076293945,19100
2022-01-21,6.033342361450195,8.350000381469727,8.350000381469727,7.425000190734863,7.5,13900
2022-01-24,5.9823994636535645,8.220000267028809,8.869999885559082,8.0,8.0,39000
2022-01-25,6.542792797088623,8.989999771118164,8.989999771118164,8.199999809265137,8.220000267028809,21400
2022-01-26,6.601016044616699,9.069999694824219,9.199999809265137,8.59000015258789,8.649999618530273,29000
2022-01-27,6.011510848999023,8.260000228881836,9.399999618530273,8.260000228881836,9.399999618530273,12900
2022-01-28,6.09156608581543,8.369999885559082,8.489999771118164,8.260000228881836,8.489999771118164,7200
2022-01-31,6.011510848999023,8.260000228881836,8.442000389099121,8.260000228881836,8.27400016784668,3500
2022-02-01,5.946009159088135,8.170000076293945,8.347999572753906,8.0600004196167,8.25,16000
2022-02-02,6.331735134124756,8.699999809265137,8.699999809265137,8.109999656677246,8.109999656677246,4200
2022-02-03,6.376857280731201,8.76200008392334,8.899999618530273,8.649999618530273,8.800000190734863,4100
2022-02-04,6.149789333343506,8.449999809265137,8.640000343322754,8.279999732971191,8.640000343322754,6700
2022-02-07,6.17889928817749,8.489999771118164,8.5,8.25,8.399999618530273,13800
2022-02-08,6.186178207397461,8.5,8.600000381469727,8.310999870300293,8.310999870300293,5700
2022-02-09,6.229846477508545,8.5600004196167,8.569999694824219,8.25,8.279999732971191,8500
2022-02-10,6.113399982452393,8.399999618530273,8.600000381469727,8.260000228881836,8.5,9100
2022-02-11,5.9532856941223145,8.180000305175781,8.317000389099121,8.15999984741211,8.300000190734863,19200
2022-02-14,5.8513970375061035,8.039999961853027,8.289999961853027,8.03499984741211,8.15999984741211,14400
2022-02-15,5.9387311935424805,8.15999984741211,8.279999732971191,8.020000457763672,8.079999923706055,6700
2022-02-16,5.9823994636535645,8.220000267028809,8.239999771118164,8.109999656677246,8.239999771118164,8100
2022-02-17,5.975067138671875,8.149999618530273,8.25,8.0600004196167,8.097999572753906,4700
2022-02-18,5.971401214599609,8.145000457763672,8.149999618530273,8.0600004196167,8.121000289916992,6700
2022-02-22,5.740462779998779,7.829999923706055,8.229999542236328,7.760000228881836,8.0600004196167,15000
2022-02-23,5.8357696533203125,7.960000038146973,8.010000228881836,7.809999942779541,7.980000019073486,9500
2022-02-24,5.527853965759277,7.539999961853027,7.909999847412109,7.130000114440918,7.800000190734863,20000
2022-02-25,5.791782855987549,7.900000095367432,7.900000095367432,7.650000095367432,7.699999809265137,6100
2022-02-28,5.740462779998779,7.829999923706055,8.180000305175781,7.769999980926514,8.180000305175781,8600
2022-03-01,5.659816741943359,7.71999979019165,7.880000114440918,7.659999847412109,7.849999904632568,10000
2022-03-02,5.7697882652282715,7.869999885559082,7.900000095367432,7.800000190734863,7.800000190734863,12700
2022-03-03,5.953071594238281,8.119999885559082,8.170999526977539,7.820000171661377,7.820000171661377,15200
2022-03-04,6.033718585968018,8.229999542236328,8.25,8.020000457763672,8.25,12000
2022-03-07,5.98239803314209,8.15999984741211,8.210000038146973,8.100000381469727,8.100000381469727,7000
2022-03-08,6.004391670227051,8.1899995803833,8.239999771118164,8.039999961853027,8.039999961853027,15300
2022-03-09,6.184011459350586,8.4350004196167,8.4350004196167,8.25,8.25,4100
2022-03-10,6.180345058441162,8.430000305175781,8.430000305175781,8.369999885559082,8.369999885559082,1700
2022-03-11,6.0923686027526855,8.3100004196167,8.5,8.3100004196167,8.5,3200
2022-03-14,6.06304407119751,8.270000457763672,8.390000343322754,8.0600004196167,8.350000381469727,7400
2022-03-15,6.07037353515625,8.279999732971191,8.5,8.069999694824219,8.279999732971191,6800
2022-03-16,6.158351421356201,8.399999618530273,8.449999809265137,8.279999732971191,8.449999809265137,4200
2022-03-17,6.224332332611084,8.489999771118164,8.5,8.34000015258789,8.34000015258789,13900
2022-03-18,6.1645331382751465,8.350000381469727,8.399999618530273,8.300000190734863,8.300000190734863,2900
2022-03-21,6.216212272644043,8.420000076293945,8.479999542236328,8.319999694824219,8.319999694824219,4800
2022-03-22,6.260507106781006,8.479999542236328,8.640000343322754,8.270000457763672,8.270000457763672,33900
2022-03-23,6.27527379989624,8.5,8.579999923706055,8.5,8.579999923706055,600
2022-03-24,6.319571018218994,8.5600004196167,8.649999618530273,8.369999885559082,8.5,4500
2022-03-25,6.356482028961182,8.609999656677246,8.609999656677246,8.399999618530273,8.600000381469727,3500
2022-03-28,6.4967546463012695,8.800000190734863,8.800000190734863,8.279999732971191,8.279999732971191,25500
2022-03-29,6.4967546463012695,8.800000190734863,8.8100004196167,8.40999984741211,8.460000038146973,5200
2022-03-30,6.607493877410889,8.949999809265137,8.949999809265137,8.75,8.75,11400
2022-03-31,6.570580005645752,8.899999618530273,9.239999771118164,8.75,8.949999809265137,34200
2022-04-01,6.629641532897949,8.979999542236328,8.979999542236328,8.619999885559082,8.979999542236328,7300
2022-04-04,6.349101543426514,8.600000381469727,9.010000228881836,8.399999618530273,9.010000228881836,23200
2022-04-05,6.23836088180542,8.449999809265137,8.550000190734863,8.420000076293945,8.550000190734863,11700
2022-04-06,6.208829402923584,8.40999984741211,8.520999908447266,8.319999694824219,8.520999908447266,6400
2022-04-07,6.27527379989624,8.5,8.600000381469727,8.420000076293945,8.420000076293945,5200
2022-04-08,6.223596572875977,8.430000305175781,8.430000305175781,8.399999618530273,8.399999618530273,2700
2022-04-11,6.297421455383301,8.529999732971191,8.550000190734863,8.430000305175781,8.430000305175781,6800
2022-04-12,6.23836088180542,8.449999809265137,8.569999694824219,8.420000076293945,8.53499984741211,7200
2022-04-13,6.2457427978515625,8.460000038146973,8.5,8.239999771118164,8.470000267028809,16400
2022-04-14,6.349101543426514,8.600000381469727,8.649999618530273,8.5,8.5,9000
2022-04-18,6.319362163543701,8.5,8.600000381469727,8.350000381469727,8.600000381469727,10100
2022-04-19,6.356534481048584,8.550000190734863,8.550000190734863,8.260000228881836,8.260000228881836,8400
2022-04-20,6.2450175285339355,8.399999618530273,8.579999923706055,8.3100004196167,8.5,16000
2022-04-21,6.356534481048584,8.550000190734863,8.550000190734863,8.350000381469727,8.5,15300
2022-04-22,6.282189846038818,8.449999809265137,8.581999778747559,8.449999809265137,8.550000190734863,5400
2022-04-25,6.274755477905273,8.4399995803833,8.449999809265137,8.40999984741211,8.449999809265137,6900
2022-04-26,6.222713470458984,8.369999885559082,8.390000343322754,8.319999694824219,8.319999694824219,7000
2022-04-27,6.155801773071289,8.279999732971191,8.449999809265137,8.270000457763672,8.4399995803833,9600
2022-04-28,6.140933513641357,8.260000228881836,8.279999732971191,8.239999771118164,8.279999732971191,26300
2022-04-29,6.200409412384033,8.34000015258789,8.732000350952148,8.3100004196167,8.729999542236328,13400
2022-05-02,6.148367881774902,8.270000457763672,8.489999771118164,8.1899995803833,8.32699966430664,11900
2022-05-03,6.185539722442627,8.319999694824219,8.34000015258789,8.180000305175781,8.229999542236328,5900
2022-05-04,6.118630886077881,8.229999542236328,8.406999588012695,8.0,8.34000015258789,3800
2022-05-05,6.118630886077881,8.229999542236328,8.229999542236328,8.229999542236328,8.229999542236328,0
2022-05-06,6.103761196136475,8.210000038146973,8.25,8.210000038146973,8.229999542236328,3500
2022-05-09,6.088890075683594,8.1899995803833,8.260000228881836,8.1899995803833,8.210000038146973,2300
2022-05-10,6.126063823699951,8.239999771118164,8.239999771118164,8.100000381469727,8.1899995803833,3600
2022-05-11,6.044284820556641,8.130000114440918,8.229999542236328,8.0,8.199999809265137,9400
2022-05-12,5.895593643188477,7.929999828338623,8.199999809265137,7.849999904632568,8.109999656677246,17700
2022-05-13,6.066587448120117,8.15999984741211,8.234000205993652,8.0,8.0,4100
2022-05-16,6.044284820556641,8.130000114440918,8.25,8.130000114440918,8.25,1500
2022-05-17,6.036849498748779,8.119999885559082,8.119999885559082,7.980000019073486,7.980000019073486,20800
2022-05-18,6.133500099182129,8.25,8.25,8.119999885559082,8.119999885559082,6700
2022-05-19,6.095309734344482,8.140000343322754,8.1850004196167,8.130000114440918,8.1850004196167,900
2022-05-20,6.072844505310059,8.109999656677246,8.149999618530273,7.960000038146973,7.960000038146973,12700
2022-05-23,6.035404205322266,8.0600004196167,8.229999542236328,7.960000038146973,8.220000267028809,11900
2022-05-24,6.042891502380371,8.069999694824219,8.239999771118164,7.989999771118164,8.23900032043457,5600
2022-05-25,5.975500583648682,7.980000019073486,8.095000267028809,7.864999771118164,7.992000102996826,24900
2022-05-26,5.975500583648682,7.980000019073486,8.050000190734863,7.889999866485596,8.029999732971191,14800
2022-05-27,6.095309734344482,8.140000343322754,8.140000343322754,8.020000457763672,8.050000190734863,15400
2022-05-31,6.050380706787109,8.079999923706055,8.399999618530273,8.079999923706055,8.399999618530273,12600
2022-06-01,6.072844505310059,8.109999656677246,8.229999542236328,7.96999979019165,8.142999649047852,18900
2022-06-02,6.02791690826416,8.050000190734863,8.199999809265137,7.960000038146973,8.119999885559082,22000
2022-06-03,6.10279655456543,8.149999618530273,8.154999732971191,8.079999923706055,8.119999885559082,2800
2022-06-06,6.10279655456543,8.149999618530273,8.229999542236328,8.149999618530273,8.229999542236328,5000
2022-06-07,6.140239238739014,8.199999809265137,8.350000381469727,8.100000381469727,8.300000190734863,10500
2022-06-08,6.061612606048584,8.095000267028809,8.446999549865723,8.0,8.446999549865723,9300
2022-06-09,6.065356731414795,8.100000381469727,8.149999618530273,7.909999847412109,7.929999828338623,11800
2022-06-10,5.945548057556152,7.940000057220459,8.050000190734863,7.809999942779541,8.050000190734863,13700
2022-06-13,5.87066650390625,7.840000152587891,8.0,7.760000228881836,7.869999885559082,30300
2022-06-14,5.848202705383301,7.809999942779541,8.163999557495117,7.75,8.163999557495117,9400
2022-06-15,5.87815523147583,7.849999904632568,7.949999809265137,7.639999866485596,7.639999866485596,3400
2022-06-16,5.884945869445801,7.800000190734863,7.849999904632568,7.550000190734863,7.849999904632568,11100
2022-06-17,5.620877265930176,7.449999809265137,7.739999771118164,7.449999809265137,7.739999771118164,3900
2022-06-21,5.537883758544922,7.340000152587891,7.75,7.340000152587891,7.579999923706055,19500
2022-06-22,5.530339241027832,7.329999923706055,7.480000019073486,7.230000019073486,7.480000019073486,13600
2022-06-23,5.4171671867370605,7.179999828338623,7.440000057220459,7.179999828338623,7.440000057220459,8300
2022-06-24,5.394532680511475,7.150000095367432,7.519999980926514,7.130000114440918,7.210000038146973,19800
2022-06-27,5.341719150543213,7.079999923706055,7.400000095367432,7.059999942779541,7.329999923706055,16500
2022-06-28,5.16818904876709,6.849999904632568,7.21999979019165,6.849999904632568,7.079999923706055,15600
2022-06-29,5.319084644317627,7.050000190734863,7.150000095367432,6.949999809265137,7.0,16600
2022-06-30,5.16818904876709,6.849999904632568,7.309999942779541,6.820000171661377,7.309999942779541,33900
2022-07-01,5.205912113189697,6.900000095367432,7.0,6.900000095367432,6.900000095367432,4500
2022-07-05,5.228548526763916,6.929999828338623,7.0,6.900000095367432,6.949999809265137,9000
2022-07-06,5.296450614929199,7.019999980926514,7.050000190734863,6.909999847412109,7.0,19300
2022-07-07,5.319084644317627,7.050000190734863,7.050000190734863,6.900000095367432,7.0,10600
2022-07-08,5.243636608123779,6.949999809265137,7.0,6.880000114440918,7.0,6600
2022-07-11,5.2813615798950195,7.0,7.001999855041504,6.869999885559082,6.960000038146973,7100
2022-07-12,5.160643577575684,6.840000152587891,7.0,6.829999923706055,6.929999828338623,22700
2022-07-13,5.258726596832275,6.96999979019165,6.980000019073486,6.929999828338623,6.929999828338623,3600
2022-07-14,5.177996635437012,6.86299991607666,6.96999979019165,6.809999942779541,6.960999965667725,42500
2022-07-15,5.213458061218262,6.909999847412109,7.039999961853027,6.900000095367432,6.989999771118164,7000
2022-07-18,5.309298515319824,6.980000019073486,7.068999767303467,6.800000190734863,6.849999904632568,24800
2022-07-19,5.377757549285889,7.070000171661377,7.110000133514404,7.0229997634887695,7.0229997634887695,10500
2022-07-20,5.332118511199951,7.010000228881836,7.0929999351501465,6.929999828338623,7.010000228881836,5400
2022-07-21,5.2636613845825195,6.920000076293945,7.090000152587891,6.900000095367432,7.090000152587891,49400
2022-07-22,5.469033718109131,7.190000057220459,7.190000057220459,6.940000057220459,7.061999797821045,5700
2022-07-25,5.324512481689453,7.0,7.09499979019165,6.949999809265137,7.050000190734863,15000
2022-07-26,5.2925639152526855,6.958000183105469,6.989999771118164,6.840000152587891,6.974999904632568,10200
2022-07-27,5.3853631019592285,7.079999923706055,7.079999923706055,6.925000190734863,6.989999771118164,32300
2022-07-28,5.415788650512695,7.119999885559082,7.119999885559082,6.946000099182129,6.980999946594238,48500
2022-07-29,5.392970085144043,7.090000152587891,7.309999942779541,6.989999771118164,7.159999847412109,31600
2022-08-01,5.392970085144043,7.090000152587891,7.090000152587891,6.96999979019165,7.045000076293945,20200
2022-08-02,5.316905498504639,6.989999771118164,7.070000171661377,6.940000057220459,7.059000015258789,22200
2022-08-03,5.309298515319824,6.980000019073486,7.079999923706055,6.940000057220459,7.0,12700
2022-08-04,5.3549370765686035,7.039999961853027,7.050000190734863,6.940000057220459,6.940000057220459,26600
2022-08-05,5.36254358291626,7.050000190734863,7.070000171661377,6.96999979019165,6.96999979019165,4700
2022-08-08,5.36254358291626,7.050000190734863,7.059999942779541,6.909999847412109,7.03000020980835,19100
2022-08-09,5.36254358291626,7.050000190734863,7.050000190734863,6.920000076293945,7.039999961853027,14100
2022-08-10,5.3853631019592285,7.079999923706055,7.159999847412109,6.995999813079834,7.159999847412109,20100
2022-08-11,5.4462151527404785,7.159999847412109,7.210000038146973,7.0,7.070000171661377,55100
2022-08-12,5.514672756195068,7.25,7.25,7.050000190734863,7.050000190734863,21000
2022-08-15,5.484246730804443,7.210000038146973,7.25,7.170000076293945,7.190000057220459,17000
2022-08-16,5.621162414550781,7.389999866485596,7.570000171661377,7.158999919891357,7.21999979019165,84300
2022-08-17,5.522279739379883,7.260000228881836,7.510000228881836,7.170000076293945,7.400000095367432,38700
2022-08-18,5.719311714172363,7.460000038146973,7.460000038146973,7.239999771118164,7.25,29700
2022-08-19,5.696312427520752,7.429999828338623,7.429999828338623,7.269999980926514,7.409999847412109,42400
2022-08-22,5.627311706542969,7.340000152587891,7.380000114440918,7.190000057220459,7.199999809265137,25600
2022-08-23,5.618113040924072,7.328000068664551,7.349999904632568,7.230000019073486,7.230000019073486,31000
2022-08-24,5.634978294372559,7.349999904632568,7.349999904632568,7.260000228881836,7.300000190734863,7200
2022-08-25,5.619646072387695,7.329999923706055,7.449999809265137,7.320000171661377,7.449999809265137,16700
2022-08-26,5.55064582824707,7.239999771118164,7.409999847412109,7.239999771118164,7.409999847412109,25900
2022-08-29,5.504645347595215,7.179999828338623,7.239999771118164,7.099999904632568,7.239999771118164,24300
2022-08-30,5.47398042678833,7.139999866485596,7.260000228881836,7.070000171661377,7.080999851226807,21700
2022-08-31,5.719311714172363,7.460000038146973,7.460000038146973,7.159999847412109,7.360000133514404,11200
2022-09-01,5.604312896728516,7.309999942779541,7.409999847412109,7.309999942779541,7.3429999351501465,1800
2022-09-02,5.535312175750732,7.21999979019165,7.360000133514404,7.119999885559082,7.360000133514404,8000
2022-09-06,5.458646297454834,7.119999885559082,7.150000095367432,7.119999885559082,7.150000095367432,3700
2022-09-07,5.604312896728516,7.309999942779541,7.349999904632568,7.03000020980835,7.090000152587891,7900
2022-09-08,5.55064582824707,7.239999771118164,7.340000152587891,7.150000095367432,7.317999839782715,13200
2022-09-09,5.512312889099121,7.190000057220459,7.34499979019165,7.019999980926514,7.25,39600
2022-09-12,5.504645347595215,7.179999828338623,7.210000038146973,7.079999923706055,7.079999923706055,22900
2022-09-13,5.4548115730285645,7.114999771118164,7.178999900817871,7.0,7.039999961853027,32200
2022-09-14,5.481645584106445,7.150000095367432,7.190000057220459,6.909999847412109,7.119999885559082,5200
2022-09-15,5.389646530151367,7.03000020980835,7.150000095367432,7.03000020980835,7.1479997634887695,3000
2022-09-16,5.42414665222168,7.074999809265137,7.099999904632568,6.900000095367432,6.955999851226807,20600
2022-09-19,5.363095760345459,6.940000057220459,7.0,6.889999866485596,6.90500020980835,20700
2022-09-20,5.30127477645874,6.860000133514404,7.0,6.860000133514404,7.0,1300
2022-09-21,5.30127477645874,6.860000133514404,6.900000095367432,6.809999942779541,6.809999942779541,16800
2022-09-22,5.208540916442871,6.739999771118164,6.811999797821045,6.730000019073486,6.811999797821045,7100
2022-09-23,5.092623710632324,6.590000152587891,6.795000076293945,6.570000171661377,6.699999809265137,38300
2022-09-26,5.061712265014648,6.550000190734863,6.599999904632568,6.46999979019165,6.599999904632568,22700
2022-09-27,5.046257495880127,6.53000020980835,6.599999904632568,6.519999980926514,6.559999942779541,19800
2022-09-28,5.107305526733398,6.609000205993652,6.619999885559082,6.46999979019165,6.539999961853027,23300
2022-09-29,5.12353515625,6.630000114440918,6.630000114440918,6.320000171661377,6.5,21600
2022-09-30,5.023073196411133,6.5,6.630000114440918,6.409999847412109,6.630000114440918,9900
2022-10-03,5.061712265014648,6.550000190734863,6.630000114440918,6.369999885559082,6.546000003814697,21400
2022-10-04,5.2008137702941895,6.730000019073486,6.730000019073486,6.510000228881836,6.590000152587891,29200
2022-10-05,5.193085670471191,6.71999979019165,6.739999771118164,6.570000171661377,6.570000171661377,4500
2022-10-06,5.115807056427002,6.619999885559082,6.684000015258789,6.579999923706055,6.684000015258789,1500
2022-10-07,4.992161750793457,6.460000038146973,6.605000019073486,6.449999809265137,6.570000171661377,8400
2022-10-10,5.077167510986328,6.570000171661377,6.570000171661377,6.369999885559082,6.440000057220459,11000
2022-10-11,5.061712265014648,6.550000190734863,6.585000038146973,6.377999782562256,6.585000038146973,16900
2022-10-12,4.9535231590271,6.409999847412109,6.440000057220459,6.3460001945495605,6.420000076293945,12900
2022-10-13,5.100351333618164,6.599999904632568,6.599999904632568,6.360000133514404,6.360000133514404,19200
2022-10-14,4.984433174133301,6.449999809265137,6.599999904632568,6.449999809265137,6.539999961853027,11100
2022-10-17,5.038527965545654,6.519999980926514,6.599999904632568,6.449999809265137,6.449999809265137,8400
2022-10-18,4.992161750793457,6.460000038146973,6.625,6.460000038146973,6.539999961853027,7800
2022-10-19,4.984433174133301,6.449999809265137,6.698999881744385,6.400000095367432,6.574999809265137,18400
2022-10-20,5.0343098640441895,6.460000038146973,6.5,6.454999923706055,6.489999771118164,1600
2022-10-21,5.0343098640441895,6.460000038146973,6.651000022888184,6.364999771118164,6.651000022888184,5500
2022-10-24,5.049896240234375,6.480000019073486,6.579999923706055,6.4120001792907715,6.4120001792907715,3600
2022-10-25,5.166791915893555,6.630000114440918,6.630000114440918,6.454999923706055,6.454999923706055,8200
2022-10-26,5.088860988616943,6.53000020980835,6.550000190734863,6.519999980926514,6.539999961853027,6100
2022-10-27,5.065481185913086,6.5,6.550000190734863,6.400000095367432,6.510000228881836,15600
2022-10-28,5.073275089263916,6.510000228881836,6.730000019073486,6.440000057220459,6.730000019073486,41300
2022-10-31,5.049896240234375,6.480000019073486,6.739999771118164,6.46999979019165,6.739999771118164,25000
2022-11-01,5.190169811248779,6.659999847412109,6.861000061035156,6.599999904632568,6.610000133514404,24800
2022-11-02,5.252516746520996,6.739999771118164,6.739999771118164,6.539999961853027,6.599999904632568,10300
2022-11-03,5.0343098640441895,6.460000038146973,6.715000152587891,6.460000038146973,6.579999923706055,23100
2022-11-04,5.260308265686035,6.75,6.789999961853027,6.460000038146973,6.460000038146973,31300
2022-11-07,5.229135990142822,6.710000038146973,6.889999866485596,6.550000190734863,6.769999980926514,16700
2022-11-08,5.260308265686035,6.75,6.835000038146973,6.60099983215332,6.800000190734863,1500
2022-11-09,5.088860988616943,6.53000020980835,6.806000232696533,6.53000020980835,6.699999809265137,5800
2022-11-10,5.353825092315674,6.869999885559082,6.935999870300293,6.690000057220459,6.71999979019165,10300
2022-11-11,5.260308265686035,6.75,6.889999866485596,6.75,6.800000190734863,8300
2022-11-14,5.353825092315674,6.869999885559082,6.96999979019165,6.820000171661377,6.875,4200
2022-11-15,5.244722366333008,6.730000019073486,6.949999809265137,6.570000171661377,6.820000171661377,28400
2022-11-16,5.253293991088867,6.741000175476074,6.789999961853027,6.741000175476074,6.789999961853027,2900
2022-11-17,5.265082359313965,6.699999809265137,6.735000133514404,6.519999980926514,6.679999828338623,2600
2022-11-18,5.178640365600586,6.590000152587891,6.679999828338623,6.590000152587891,6.679999828338623,900
2022-11-21,5.257223606109619,6.690000057220459,6.699999809265137,6.590000152587891,6.590000152587891,10300
2022-11-22,5.265082359313965,6.699999809265137,6.699999809265137,6.590000152587891,6.599999904632568,21600
2022-11-23,5.2886576652526855,6.730000019073486,6.739999771118164,6.693999767303467,6.693999767303467,13000
2022-11-25,5.225790500640869,6.650000095367432,6.730000019073486,6.650000095367432,6.675000190734863,2700
2022-11-28,5.186497688293457,6.599999904632568,6.730000019073486,6.599999904632568,6.730000019073486,3700
2022-11-29,5.257223606109619,6.690000057220459,6.699999809265137,6.619999885559082,6.650000095367432,2900
2022-11-30,5.3750996589660645,6.840000152587891,6.849999904632568,6.714000225067139,6.800000190734863,13800
2022-12-01,5.382956504821777,6.849999904632568,6.880000114440918,6.75,6.880000114440918,27400
2022-12-02,5.382956504821777,6.849999904632568,6.849999904632568,6.75,6.760000228881836,1600
2022-12-05,5.382956504821777,6.849999904632568,6.849999904632568,6.71999979019165,6.75,13300
2022-12-06,5.343665599822998,6.800000190734863,6.804999828338623,6.699999809265137,6.769999980926514,12300
2022-12-07,5.3043742179870605,6.75,6.849999904632568,6.699999809265137,6.800000190734863,40600
2022-12-08,5.324018955230713,6.775000095367432,6.775000095367432,6.771999835968018,6.771999835968018,1900
2022-12-09,5.265082359313965,6.699999809265137,6.724999904632568,6.570000171661377,6.710000038146973,32200
2022-12-12,5.225790500640869,6.650000095367432,6.673999786376953,6.650000095367432,6.673999786376953,1000
2022-12-13,5.217931270599365,6.639999866485596,6.78000020980835,6.639999866485596,6.78000020980835,4800
2022-12-14,5.20221471786499,6.619999885559082,6.754000186920166,6.590000152587891,6.739999771118164,30200
2022-12-15,5.092199325561523,6.480000019073486,6.617000102996826,6.46999979019165,6.570000171661377,42600
2022-12-16,5.0843400955200195,6.46999979019165,6.520999908447266,6.46999979019165,6.5,5900
2022-12-19,5.116042613983154,6.454999923706055,6.610000133514404,6.409999847412109,6.46999979019165,8700
2022-12-20,5.147746562957764,6.494999885559082,6.550000190734863,6.449999809265137,6.449999809265137,11900
2022-12-21,5.11207914352417,6.449999809265137,6.541999816894531,6.429999828338623,6.460000038146973,24700
2022-12-22,5.125554084777832,6.4670000076293945,6.499000072479248,6.380000114440918,6.380000114440918,8000
2022-12-23,5.184204578399658,6.540999889373779,6.579999923706055,6.409999847412109,6.409999847412109,3000
2022-12-27,5.024897575378418,6.340000152587891,6.5,6.340000152587891,6.5,54500
2022-12-28,5.104154586791992,6.440000057220459,6.5,6.380000114440918,6.381999969482422,50700
2022-12-29,5.238892078399658,6.610000133514404,6.610000133514404,6.369999885559082,6.489999771118164,16200
2022-12-30,5.413257598876953,6.829999923706055,7.110000133514404,6.5329999923706055,7.110000133514404,20600
2023-01-03,5.500439643859863,6.940000057220459,6.985000133514404,6.800000190734863,6.96999979019165,40100
2023-01-04,5.476662635803223,6.909999847412109,6.989999771118164,6.800000190734863,6.929999828338623,16700
2023-01-05,5.39740514755249,6.809999942779541,6.880000114440918,6.739999771118164,6.789999961853027,6900
2023-01-06,5.4211835861206055,6.840000152587891,6.889999866485596,6.760000228881836,6.760000228881836,5200
2023-01-09,5.389479637145996,6.800000190734863,6.860000133514404,6.800000190734863,6.840000152587891,2100
2023-01-10,5.278519630432129,6.659999847412109,6.800000190734863,6.659999847412109,6.800000190734863,12500
2023-01-11,5.389479637145996,6.800000190734863,6.800000190734863,6.650000095367432,6.690000057220459,33400
2023-01-12,5.482212066650391,6.916999816894531,6.916999816894531,6.739999771118164,6.739999771118164,9200
2023-01-13,5.405331611633301,6.820000171661377,7.0,6.752999782562256,6.752999782562256,3400
2023-01-17,5.429108142852783,6.849999904632568,7.0,6.849999904632568,6.929999828338623,5600
2023-01-18,5.409294128417969,6.824999809265137,6.96999979019165,6.818999767303467,6.940000057220459,6200
2023-01-19,5.51316499710083,6.900000095367432,6.900000095367432,6.710000038146973,6.730000019073486,7000
2023-01-20,5.5611066818237305,6.960000038146973,6.960000038146973,6.710000038146973,6.789999961853027,5500
2023-01-23,5.4652252197265625,6.840000152587891,6.980000019073486,6.829999923706055,6.829999923706055,10800
2023-01-24,5.4172844886779785,6.78000020980835,6.849999904632568,6.71999979019165,6.71999979019165,9300
2023-01-25,5.433265209197998,6.800000190734863,6.980000019073486,6.650000095367432,6.829999923706055,10100
2023-01-26,5.433265209197998,6.800000190734863,6.900000095367432,6.610000133514404,6.849999904632568,50300
2023-01-27,5.401304721832275,6.760000228881836,6.840000152587891,6.696000099182129,6.800000190734863,15700
2023-01-30,5.4652252197265625,6.840000152587891,6.840000152587891,6.710000038146973,6.800000190734863,6100
2023-01-31,5.401304721832275,6.760000228881836,6.940999984741211,6.710000038146973,6.889999866485596,18400
2023-02-01,5.449244976043701,6.820000171661377,6.849999904632568,6.760000228881836,6.769999980926514,9400
2023-02-02,5.489195346832275,6.869999885559082,6.940000057220459,6.710000038146973,6.869999885559082,20100
2023-02-03,5.433265209197998,6.800000190734863,6.869999885559082,6.75,6.869999885559082,3100
2023-02-06,5.409294128417969,6.769999980926514,6.800000190734863,6.670000076293945,6.800000190734863,3200
2023-02-07,5.449244976043701,6.820000171661377,6.828000068664551,6.670000076293945,6.730000019073486,14000
2023-02-08,5.409294128417969,6.769999980926514,6.829999923706055,6.699999809265137,6.760000228881836,8400
2023-02-09,5.385323524475098,6.739999771118164,6.800000190734863,6.739999771118164,6.769999980926514,8700
2023-02-10,5.377333164215088,6.730000019073486,6.809999942779541,6.71999979019165,6.730000019073486,2900
2023-02-13,5.393313407897949,6.75,6.820000171661377,6.650000095367432,6.820000171661377,32000
2023-02-14,5.409294128417969,6.769999980926514,6.900000095367432,6.670000076293945,6.800000190734863,52500
2023-02-15,5.525151252746582,6.914999961853027,6.96999979019165,6.796000003814697,6.860000133514404,32100
2023-02-16,5.5581769943237305,6.900000095367432,6.929999828338623,6.820000171661377,6.860000133514404,26600
2023-02-17,5.570260524749756,6.914999961853027,6.96999979019165,6.829999923706055,6.880000114440918,42800
2023-02-21,5.614564418792725,6.96999979019165,6.989999771118164,6.849999904632568,6.980000019073486,12900
2023-02-22,5.485680103302002,6.809999942779541,6.900000095367432,6.699999809265137,6.869999885559082,13300
2023-02-23,5.5179009437561035,6.849999904632568,6.96999979019165,6.739999771118164,6.800000190734863,24300
2023-02-24,5.501790523529053,6.829999923706055,6.889999866485596,6.690000057220459,6.690000057220459,15700
2023-02-27,5.501790523529053,6.829999923706055,6.86899995803833,6.739999771118164,6.739999771118164,27700
2023-02-28,5.445403575897217,6.760000228881836,6.860000133514404,6.760000228881836,6.829999923706055,15700
2023-03-01,5.485680103302002,6.809999942779541,6.9720001220703125,6.710000038146973,6.800000190734863,26000
2023-03-02,5.477624416351318,6.800000190734863,6.980000019073486,6.775000095367432,6.840000152587891,11300
2023-03-03,5.445403575897217,6.760000228881836,6.949999809265137,6.710000038146973,6.800000190734863,47600
2023-03-06,5.501790523529053,6.829999923706055,6.848999977111816,6.769999980926514,6.829999923706055,5200
2023-03-07,5.485680103302002,6.809999942779541,6.809999942779541,6.769999980926514,6.769999980926514,2600
2023-03-08,5.469568729400635,6.789999961853027,6.828000068664551,6.760000228881836,6.809999942779541,7200
2023-03-09,5.477624416351318,6.800000190734863,6.829999923706055,6.730000019073486,6.75,15600
2023-03-10,5.461513996124268,6.78000020980835,6.789999961853027,6.639999866485596,6.758999824523926,7900
2023-03-13,5.469568729400635,6.789999961853027,6.789999961853027,6.699999809265137,6.789999961853027,1300
2023-03-14,5.384987831115723,6.684999942779541,6.75,6.5,6.75,25500
2023-03-15,5.163465976715088,6.409999847412109,6.644999980926514,6.380000114440918,6.519999980926514,27800
2023-03-16,5.1151347160339355,6.349999904632568,6.449999809265137,6.309999942779541,6.389999866485596,43300
2023-03-17,5.078568458557129,6.25,6.369999885559082,6.210000038146973,6.269999980926514,24100
2023-03-20,4.842922687530518,5.960000038146973,6.230000019073486,5.880000114440918,6.210000038146973,56300
2023-03-21,4.855111598968506,5.974999904632568,6.229000091552734,5.920000076293945,6.03000020980835,64200
2023-03-22,4.834797382354736,5.949999809265137,6.09499979019165,5.923999786376953,5.989999771118164,50700
2023-03-23,4.794168949127197,5.900000095367432,6.019999980926514,5.880000114440918,6.010000228881836,27200
2023-03-24,4.69666051864624,5.78000020980835,5.900000095367432,5.5,5.900000095367432,76200
2023-03-27,4.745414733886719,5.840000152587891,5.980000019073486,5.670000076293945,5.800000190734863,38100
2023-03-28,4.69666051864624,5.78000020980835,5.9079999923706055,5.78000020980835,5.869999885559082,17400
2023-03-29,4.745414733886719,5.840000152587891,5.9029998779296875,5.730000019073486,5.829999923706055,48700
2023-03-30,4.769791603088379,5.869999885559082,5.900000095367432,5.789999961853027,5.789999961853027,12100
2023-03-31,4.8916778564453125,6.019999980926514,6.099999904632568,5.840000152587891,5.840000152587891,68500
2023-04-03,4.883552074432373,6.010000228881836,6.099999904632568,6.00600004196167,6.050000190734863,20000
2023-04-04,4.940430641174316,6.079999923706055,6.079999923706055,5.949999809265137,5.949999809265137,5300
2023-04-05,4.956683158874512,6.099999904632568,6.099999904632568,6.0,6.0,23500
2023-04-06,5.054190635681152,6.21999979019165,6.21999979019165,6.03000020980835,6.199999809265137,3900
2023-04-10,4.907928466796875,6.039999961853027,6.230000019073486,6.019999980926514,6.230000019073486,19000
2023-04-11,4.851048469543457,5.96999979019165,6.25,5.949999809265137,6.25,56700
2023-04-12,4.92418098449707,6.059999942779541,6.059999942779541,5.960000038146973,5.980000019073486,10200
2023-04-13,4.948556900024414,6.090000152587891,6.09499979019165,6.010000228881836,6.010000228881836,10300
2023-04-14,4.948556900024414,6.090000152587891,6.0980000495910645,6.050000190734863,6.090000152587891,14000
2023-04-17,4.976432800292969,6.070000171661377,6.070000171661377,5.989999771118164,6.064000129699707,1700
2023-04-18,4.919042587280273,6.0,6.070000171661377,5.960000038146973,6.050000190734863,18100
2023-04-19,4.919042587280273,6.0,6.0,5.949999809265137,5.949999809265137,4200
2023-04-20,4.927241802215576,6.010000228881836,6.050000190734863,5.949999809265137,6.050000190734863,3500
2023-04-21,4.878050804138184,5.949999809265137,6.03000020980835,5.909999847412109,5.960000038146973,10500
2023-04-24,4.869852542877197,5.940000057220459,5.949999809265137,5.900000095367432,5.920000076293945,9600
2023-04-25,4.664892673492432,5.690000057220459,5.940000057220459,5.679999828338623,5.909999847412109,45800
2023-04-26,4.689486503601074,5.71999979019165,5.800000190734863,5.579999923706055,5.710000038146973,92500
2023-04-27,4.697685718536377,5.730000019073486,5.809999942779541,5.579999923706055,5.809999942779541,24100
2023-04-28,4.828860759735107,5.889999866485596,5.889999866485596,5.639999866485596,5.639999866485596,42700
2023-05-01,4.7632737159729,5.809999942779541,5.999000072479248,5.800000190734863,5.849999904632568,20800
2023-05-02,4.7714715003967285,5.820000171661377,5.889999866485596,5.75,5.889999866485596,9900
2023-05-03,4.755074501037598,5.800000190734863,5.900000095367432,5.670000076293945,5.763999938964844,21400
2023-05-04,4.67309045791626,5.699999809265137,5.769999980926514,5.619999885559082,5.769999980926514,13700
2023-05-05,4.664892673492432,5.690000057220459,5.706999778747559,5.579999923706055,5.706999778747559,28200
2023-05-08,4.88624906539917,5.960000038146973,5.960000038146973,5.670000076293945,5.670000076293945,90200
2023-05-09,4.755074501037598,5.800000190734863,5.909999847412109,5.71999979019165,5.909999847412109,8700
2023-05-10,4.755074501037598,5.800000190734863,5.849999904632568,5.71999979019165,5.71999979019165,19300
2023-05-11,4.722280979156494,5.760000228881836,5.791999816894531,5.75,5.751999855041504,2000
2023-05-12,4.738678455352783,5.78000020980835,5.840000152587891,5.659999847412109,5.699999809265137,22600
2023-05-15,4.755074501037598,5.800000190734863,5.840000152587891,5.699999809265137,5.78000020980835,22400
2023-05-16,4.7468767166137695,5.789999961853027,5.829999923706055,5.670000076293945,5.789999961853027,5300
2023-05-17,4.738678455352783,5.78000020980835,5.809999942779541,5.710000038146973,5.760000228881836,17900
2023-05-18,4.749434471130371,5.739999771118164,5.795000076293945,5.670000076293945,5.75,29000
2023-05-19,4.749434471130371,5.739999771118164,5.78000020980835,5.7179999351501465,5.7179999351501465,4800
2023-05-22,4.69151496887207,5.670000076293945,5.795000076293945,5.610000133514404,5.78000020980835,31300
2023-05-23,4.69151496887207,5.670000076293945,5.704999923706055,5.599999904632568,5.690000057220459,8500
2023-05-24,4.6253204345703125,5.590000152587891,5.699999809265137,5.510000228881836,5.559999942779541,20600
2023-05-25,4.583949565887451,5.539999961853027,5.599999904632568,5.46999979019165,5.579999923706055,25200
2023-05-26,4.575675010681152,5.53000020980835,5.610000133514404,5.449999809265137,5.46999979019165,27400
2023-05-30,4.575675010681152,5.53000020980835,5.579999923706055,5.449999809265137,5.550000190734863,12800
2023-05-31,4.592223644256592,5.550000190734863,5.583000183105469,5.46999979019165,5.579999923706055,18000
2023-06-01,4.583949565887451,5.539999961853027,5.550000190734863,5.429999828338623,5.449999809265137,33000
2023-06-02,4.592223644256592,5.550000190734863,5.599999904632568,5.420000076293945,5.489999771118164,69300
2023-06-05,4.608771800994873,5.570000171661377,5.599999904632568,5.5,5.550000190734863,9500
2023-06-06,4.61704683303833,5.579999923706055,5.599999904632568,5.489999771118164,5.590000152587891,23800
2023-06-07,4.583949565887451,5.539999961853027,5.610000133514404,5.449999809265137,5.53000020980835,34400
2023-06-08,4.492931842803955,5.429999828338623,5.5,5.369999885559082,5.5,63200
2023-06-09,4.343995094299316,5.25,5.445000171661377,5.079999923706055,5.409999847412109,281600
2023-06-12,4.3564066886901855,5.264999866485596,5.289999961853027,5.159999847412109,5.289999961853027,173700
2023-06-13,4.385366439819336,5.300000190734863,5.340000152587891,5.179999828338623,5.300000190734863,59100
2023-06-14,4.343995094299316,5.25,5.329999923706055,5.179999828338623,5.320000171661377,35900
2023-06-15,4.352269172668457,5.260000228881836,5.329999923706055,5.170000076293945,5.199999809265137,74800
2023-06-16,4.321343421936035,5.170000076293945,5.230000019073486,5.099999904632568,5.170000076293945,86800
2023-06-20,4.321343421936035,5.170000076293945,5.199999809265137,5.070000171661377,5.170000076293945,125100
2023-06-21,4.221041202545166,5.050000190734863,5.159999847412109,5.031000137329102,5.070000171661377,127200
2023-06-22,4.237758636474609,5.070000171661377,5.119999885559082,5.050000190734863,5.119999885559082,42200
2023-06-23,4.204324722290039,5.03000020980835,5.090000152587891,5.019999980926514,5.050000190734863,58600
2023-06-26,4.221041202545166,5.050000190734863,5.050000190734863,5.03000020980835,5.039999961853027,20000
2023-06-27,4.187607765197754,5.010000228881836,5.099999904632568,4.980000019073486,5.010000228881836,59600
2023-06-28,4.262833595275879,5.099999904632568,5.099999904632568,4.980000019073486,4.980000019073486,18600
2023-06-29,4.154172897338867,4.96999979019165,5.090000152587891,4.940000057220459,5.03000020980835,38000
2023-06-30,4.187607765197754,5.010000228881836,5.059999942779541,4.96999979019165,4.96999979019165,109800
2023-07-03,4.204324722290039,5.03000020980835,5.090000152587891,4.949999809265137,5.090000152587891,35600
2023-07-05,4.229400157928467,5.059999942779541,5.059999942779541,4.96999979019165,4.96999979019165,35800
2023-07-06,4.112380027770996,4.920000076293945,5.0,4.920000076293945,5.0,55400
2023-07-07,4.154172897338867,4.96999979019165,4.98799991607666,4.880000114440918,4.96999979019165,62600
2023-07-10,4.195965766906738,5.019999980926514,5.019999980926514,4.929999828338623,5.0,40500
2023-07-11,4.212683200836182,5.039999961853027,5.0879998207092285,4.929999828338623,4.949999809265137,207500
2023-07-12,4.312984466552734,5.159999847412109,5.170000076293945,5.059999942779541,5.090000152587891,78000
2023-07-13,4.2711920738220215,5.110000133514404,5.179999828338623,5.03000020980835,5.119999885559082,68300
2023-07-14,4.237758636474609,5.070000171661377,5.090000152587891,5.03000020980835,5.090000152587891,52300
2023-07-17,4.3547773361206055,5.210000038146973,5.239999771118164,5.099999904632568,5.110000133514404,119600
2023-07-18,4.212683200836182,5.039999961853027,5.25,5.019999980926514,5.170000076293945,91800
2023-07-19,4.120738983154297,4.929999828338623,5.119999885559082,4.900000095367432,5.039999961853027,80100
2023-07-20,4.120738983154297,4.929999828338623,5.0,4.820000171661377,4.900000095367432,87000
2023-07-21,4.095663547515869,4.900000095367432,4.960000038146973,4.869999885559082,4.960000038146973,36200
2023-07-24,4.053871154785156,4.849999904632568,4.949999809265137,4.829999923706055,4.889999866485596,30000
2023-07-25,4.095663547515869,4.900000095367432,4.949999809265137,4.78000020980835,4.809999942779541,77100
2023-07-26,4.129096984863281,4.940000057220459,4.96999979019165,4.860000133514404,4.860000133514404,35000
2023-07-27,4.137456893920898,4.949999809265137,4.980000019073486,4.889999866485596,4.920000076293945,52500
2023-07-28,4.16253137588501,4.980000019073486,4.982999801635742,4.940000057220459,4.940000057220459,48500
2023-07-31,4.179248332977295,5.0,5.01200008392334,4.880000114440918,4.940000057220459,47400
2023-08-01,4.187607765197754,5.010000228881836,5.010000228881836,4.900000095367432,4.949999809265137,141100
2023-08-02,4.112380027770996,4.920000076293945,5.039999961853027,4.869999885559082,5.039999961853027,79300
2023-08-03,4.16253137588501,4.980000019073486,5.079999923706055,4.860000133514404,4.949999809265137,50500
2023-08-04,4.187607765197754,5.010000228881836,5.039999961853027,4.940000057220459,4.940000057220459,52400
2023-08-07,4.204324722290039,5.03000020980835,5.079999923706055,4.96999979019165,4.980000019073486,56800
2023-08-08,4.204324722290039,5.03000020980835,5.053999900817871,4.929999828338623,4.929999828338623,29200
2023-08-09,4.195965766906738,5.019999980926514,5.079999923706055,4.960999965667725,5.079999923706055,61600
2023-08-10,4.212683200836182,5.039999961853027,5.099999904632568,5.019999980926514,5.059999942779541,111900
2023-08-11,4.262833595275879,5.099999904632568,5.110000133514404,5.03000020980835,5.090000152587891,79600
2023-08-14,4.279550552368164,5.119999885559082,5.190000057220459,5.079999923706055,5.099999904632568,48100
2023-08-15,4.262833595275879,5.099999904632568,5.150000095367432,5.070000171661377,5.110000133514404,9000
2023-08-16,4.296267032623291,5.139999866485596,5.14900016784668,4.96999979019165,5.079999923706055,72500
2023-08-17,4.413287162780762,5.28000020980835,5.28000020980835,5.159999847412109,5.159999847412109,78400
2023-08-18,4.5720977783203125,5.46999979019165,5.579999923706055,5.239999771118164,5.239999771118164,152500
2023-08-21,4.705834865570068,5.630000114440918,5.739999771118164,5.449999809265137,5.46999979019165,173600
2023-08-22,4.689118385314941,5.610000133514404,5.699999809265137,5.510000228881836,5.519999980926514,28000
2023-08-23,4.7977776527404785,5.739999771118164,5.739999771118164,5.610000133514404,5.610000133514404,45800
2023-08-24,4.839570045471191,5.789999961853027,5.829999923706055,5.75,5.760000228881836,76900
2023-08-25,4.906437397003174,5.869999885559082,5.888999938964844,5.78000020980835,5.78000020980835,25700
2023-08-28,4.998381614685059,5.980000019073486,6.070000171661377,5.849999904632568,5.849999904632568,121000
2023-08-29,5.048532009124756,6.039999961853027,6.070000171661377,5.980000019073486,5.980000019073486,40800
2023-08-30,5.090324878692627,6.090000152587891,6.138999938964844,6.0,6.019999980926514,83400
2023-08-31,5.031815528869629,6.019999980926514,6.25,6.019999980926514,6.119999885559082,53800
2023-09-01,4.990023136138916,5.96999979019165,6.119999885559082,5.900000095367432,5.954999923706055,49800
2023-09-05,4.9733052253723145,5.949999809265137,6.0,5.880000114440918,5.920000076293945,21300
2023-09-06,5.073606967926025,6.070000171661377,6.201000213623047,5.929999828338623,5.929999828338623,299000
2023-09-07,5.023457050323486,6.010000228881836,6.159999847412109,5.909999847412109,6.019999980926514,185300
2023-09-08,5.065249919891357,6.059999942779541,6.150000095367432,5.929999828338623,5.960000038146973,235200
2023-09-11,4.914796829223633,5.880000114440918,6.110000133514404,5.829999923706055,6.0,81100
2023-09-12,4.806136131286621,5.75,5.954999923706055,5.690000057220459,5.829999923706055,90000
2023-09-13,4.948229789733887,5.920000076293945,5.920000076293945,5.730000019073486,5.730000019073486,30300
2023-09-14,5.056890964508057,6.050000190734863,6.099999904632568,5.809999942779541,5.829999923706055,173800
2023-09-15,5.065249919891357,6.059999942779541,6.098999977111816,5.900000095367432,5.949999809265137,106900
2023-09-18,5.123757839202881,6.130000114440918,6.150000095367432,5.920000076293945,6.010000228881836,65300
2023-09-19,5.307645320892334,6.349999904632568,6.349999904632568,6.130000114440918,6.179999828338623,109500
2023-09-20,5.433023929595947,6.5,6.590000152587891,6.340000152587891,6.460000038146973,114300
2023-09-21,5.407946586608887,6.46999979019165,6.46999979019165,6.159999847412109,6.449999809265137,126200
2023-09-22,5.357796669006348,6.409999847412109,6.460000038146973,6.400000095367432,6.460000038146973,46800
2023-09-25,5.1989850997924805,6.21999979019165,6.449999809265137,6.079999923706055,6.400000095367432,28900
2023-09-26,5.1822686195373535,6.199999809265137,6.269999980926514,5.929999828338623,6.269999980926514,43600
2023-09-27,4.839570045471191,5.789999961853027,6.230000019073486,5.71999979019165,6.079999923706055,89000
2023-09-28,4.948229789733887,5.920000076293945,6.010000228881836,5.730000019073486,5.730000019073486,74700
2023-09-29,4.998381614685059,5.980000019073486,5.980000019073486,5.769999980926514,5.869999885559082,118300
2023-10-02,4.981664180755615,5.960000038146973,5.989999771118164,5.800000190734863,5.960000038146973,25500
2023-10-03,4.822852611541748,5.769999980926514,5.900000095367432,5.710000038146973,5.860000133514404,46400
2023-10-04,4.93151330947876,5.900000095367432,5.900000095367432,5.71999979019165,5.75,35400
2023-10-05,4.93151330947876,5.900000095367432,5.929999828338623,5.699999809265137,5.889999866485596,33200
2023-10-06,5.407946586608887,6.46999979019165,6.570000171661377,5.849999904632568,5.849999904632568,174300
2023-10-09,5.516608238220215,6.599999904632568,6.629000186920166,6.5,6.550000190734863,65400
2023-10-10,5.575117111206055,6.670000076293945,6.739999771118164,6.554999828338623,6.599999904632568,89000
2023-10-11,5.650343894958496,6.760000228881836,6.829999923706055,6.670000076293945,6.670000076293945,26900
2023-10-12,5.575117111206055,6.670000076293945,6.809999942779541,6.539999961853027,6.730000019073486,144400
2023-10-13,5.616909980773926,6.71999979019165,6.800000190734863,6.485000133514404,6.659999847412109,72100
2023-10-16,5.64198637008667,6.75,6.820000171661377,6.630000114440918,6.815000057220459,16900
2023-10-17,5.64198637008667,6.75,6.789000034332275,6.489999771118164,6.519999980926514,85600
2023-10-18,5.600192546844482,6.699999809265137,6.75,6.480000019073486,6.670000076293945,37100
2023-10-19,5.5082502365112305,6.590000152587891,6.75,6.539999961853027,6.699999809265137,53600
2023-10-20,5.2825703620910645,6.320000171661377,6.599999904632568,6.269999980926514,6.46999979019165,67500
2023-10-23,5.1989850997924805,6.21999979019165,6.400000095367432,6.179999828338623,6.400000095367432,67000
2023-10-24,5.123757839202881,6.130000114440918,6.369999885559082,5.940000057220459,6.230000019073486,98300
2023-10-25,5.031815528869629,6.019999980926514,6.179999828338623,5.840000152587891,6.179999828338623,14600
2023-10-26,5.023457050323486,6.010000228881836,6.070000171661377,5.889999866485596,6.070000171661377,18700
2023-10-27,5.015098571777344,6.0,6.070000171661377,5.849999904632568,6.0,32600
2023-10-30,5.073606967926025,6.070000171661377,6.130000114440918,5.929999828338623,5.929999828338623,27300
2023-10-31,5.090324878692627,6.090000152587891,6.099999904632568,5.739999771118164,6.099999904632568,135200
2023-11-01,5.123757839202881,6.130000114440918,6.130000114440918,6.000999927520752,6.059999942779541,32700
2023-11-02,5.140475749969482,6.150000095367432,6.260000228881836,6.03000020980835,6.079999923706055,114500
2023-11-03,5.257494926452637,6.289999961853027,6.329999923706055,6.130000114440918,6.130000114440918,27400
2023-11-06,5.098682880401611,6.099999904632568,6.260000228881836,6.03000020980835,6.190000057220459,64100
2023-11-07,5.165551662445068,6.179999828338623,6.190000057220459,6.0,6.0,58500
2023-11-08,5.065249919891357,6.059999942779541,6.179999828338623,5.989999771118164,6.179999828338623,27000
2023-11-09,4.956589221954346,5.929999828338623,6.090000152587891,5.800000190734863,6.059999942779541,59000
2023-11-10,5.107041358947754,6.110000133514404,6.110000133514404,5.869999885559082,5.909999847412109,47000
2023-11-13,5.098682880401611,6.099999904632568,6.190000057220459,5.974999904632568,6.0,17500
2023-11-14,5.065249919891357,6.059999942779541,6.309999942779541,5.96999979019165,6.139999866485596,75700
2023-11-15,5.056890964508057,6.050000190734863,6.119999885559082,6.010000228881836,6.110000133514404,36400
2023-11-16,5.006739139556885,5.989999771118164,6.150000095367432,5.829999923706055,6.090000152587891,61100
2023-11-17,4.9733052253723145,5.949999809265137,6.119999885559082,5.880000114440918,6.070000171661377,43100
2023-11-20,5.081966400146484,6.079999923706055,6.230000019073486,5.980000019073486,6.070000171661377,101000
2023-11-21,5.031815528869629,6.019999980926514,6.210000038146973,5.980000019073486,6.130000114440918,25600
2023-11-22,5.140475749969482,6.150000095367432,6.21999979019165,6.019999980926514,6.019999980926514,68100
2023-11-24,5.140475749969482,6.150000095367432,6.21999979019165,6.090000152587891,6.199999809265137,2000
2023-11-27,5.1153998374938965,6.119999885559082,6.170000076293945,6.059999942779541,6.139999866485596,22800
2023-11-28,5.081966400146484,6.079999923706055,6.150000095367432,5.960000038146973,6.070000171661377,78100
2023-11-29,5.073606967926025,6.070000171661377,6.150000095367432,5.989999771118164,6.110000133514404,60200
2023-11-30,5.065249919891357,6.059999942779541,6.130000114440918,5.980000019073486,6.119999885559082,22700
2023-12-01,5.107041358947754,6.110000133514404,6.21999979019165,6.039999961853027,6.070000171661377,88000
2023-12-04,5.056890964508057,6.050000190734863,6.150000095367432,6.014999866485596,6.090000152587891,47600
2023-12-05,5.073606967926025,6.070000171661377,6.21999979019165,6.019999980926514,6.099999904632568,97600
2023-12-06,5.107041358947754,6.110000133514404,6.139999866485596,6.039999961853027,6.099999904632568,28100
2023-12-07,5.1153998374938965,6.119999885559082,6.150000095367432,6.03000020980835,6.079999923706055,31400
2023-12-08,5.090324878692627,6.090000152587891,6.139999866485596,6.079999923706055,6.139999866485596,36000
2023-12-11,5.090324878692627,6.090000152587891,6.150000095367432,6.03000020980835,6.139999866485596,47700
2023-12-12,5.081966400146484,6.079999923706055,6.21999979019165,6.019999980926514,6.079999923706055,73200
2023-12-13,5.132116794586182,6.139999866485596,6.230000019073486,6.050000190734863,6.119999885559082,61000
2023-12-14,5.157192707061768,6.170000076293945,6.380000114440918,6.119999885559082,6.139999866485596,109400
2023-12-15,5.224059581756592,6.25,6.360000133514404,6.130000114440918,6.130000114440918,69600
2023-12-18,5.307645320892334,6.349999904632568,6.389999866485596,6.260000228881836,6.260000228881836,26800
2023-12-19,5.240777969360352,6.269999980926514,6.440000057220459,6.190000057220459,6.349999904632568,30100
2023-12-20,5.140475749969482,6.150000095367432,6.340000152587891,6.090000152587891,6.340000152587891,51600
2023-12-21,5.132116794586182,6.139999866485596,6.329999923706055,6.039999961853027,6.170000076293945,58000
2023-12-22,5.173910140991211,6.190000057220459,6.210000038146973,6.090000152587891,6.139999866485596,29300
2023-12-26,5.132116794586182,6.139999866485596,6.239999771118164,6.079999923706055,6.190000057220459,40300
2023-12-27,5.190627098083496,6.210000038146973,6.230000019073486,6.110000133514404,6.179999828338623,11900
2023-12-28,5.165551662445068,6.179999828338623,6.300000190734863,6.119999885559082,6.239999771118164,26000
2023-12-29,5.207344055175781,6.230000019073486,6.260000228881836,6.139999866485596,6.21999979019165,15900
2024-01-02,5.215702533721924,6.239999771118164,6.260000228881836,6.159999847412109,6.179999828338623,24300
2024-01-03,5.190627098083496,6.210000038146973,6.289999961853027,6.079999923706055,6.230000019073486,27300
2024-01-04,5.173910140991211,6.190000057220459,6.260000228881836,6.119999885559082,6.199999809265137,62300
2024-01-05,5.098682880401611,6.099999904632568,6.289999961853027,6.010000228881836,6.190000057220459,115200
2024-01-08,5.165551662445068,6.179999828338623,6.190000057220459,6.039999961853027,6.070000171661377,40100
2024-01-09,5.1989850997924805,6.21999979019165,6.349999904632568,6.159999847412109,6.170000076293945,63800
2024-01-10,5.382872104644775,6.440000057220459,6.46999979019165,6.260000228881836,6.269999980926514,116800
2024-01-11,5.3410797119140625,6.389999866485596,6.5,6.28000020980835,6.5,45200
2024-01-12,5.3410797119140625,6.389999866485596,6.429999828338623,6.28000020980835,6.369999885559082,15700
2024-01-16,5.416306972503662,6.480000019073486,6.579999923706055,6.349999904632568,6.349999904632568,40700
2024-01-17,5.374512195587158,6.429999828338623,6.480000019073486,6.360000133514404,6.460000038146973,23300
2024-01-18,5.44138240814209,6.510000228881836,6.539999961853027,6.425000190734863,6.449999809265137,29900
2024-01-19,5.49989128112793,6.579999923706055,6.590000152587891,6.510000228881836,6.53000020980835,36700
2024-01-22,5.558399677276611,6.650000095367432,6.650000095367432,6.558000087738037,6.650000095367432,13500
2024-01-23,5.62526798248291,6.730000019073486,6.730000019073486,6.550000190734863,6.599999904632568,20600
2024-01-24,5.658702850341797,6.769999980926514,6.849999904632568,6.736999988555908,6.75,19000
2024-01-25,5.725570201873779,6.849999904632568,6.849999904632568,6.659999847412109,6.809999942779541,66000
2024-01-26,5.834230899810791,6.980000019073486,6.989999771118164,6.796000003814697,6.796000003814697,29800
2024-01-29,5.926174640655518,7.090000152587891,7.099999904632568,6.980000019073486,7.010000228881836,35400
2024-01-30,6.043193340301514,7.230000019073486,7.269999980926514,7.070000171661377,7.099999904632568,79300
2024-01-31,6.1267781257629395,7.329999923706055,7.349999904632568,7.21999979019165,7.239999771118164,29900
2024-02-01,6.05155086517334,7.239999771118164,7.3429999351501465,7.199999809265137,7.210000038146973,30300
2024-02-02,6.0264763832092285,7.210000038146973,7.269999980926514,7.078000068664551,7.269999980926514,29000
2024-02-05,6.034834384918213,7.21999979019165,7.269999980926514,7.110000133514404,7.119999885559082,27400
2024-02-06,6.1267781257629395,7.329999923706055,7.329999923706055,7.215000152587891,7.269999980926514,33900
2024-02-07,6.101702690124512,7.300000190734863,7.400000095367432,7.21999979019165,7.369999885559082,17000
2024-02-08,6.135138034820557,7.340000152587891,7.369999885559082,7.230000019073486,7.230000019073486,32400
2024-02-09,6.135138034820557,7.340000152587891,7.369999885559082,7.269999980926514,7.300000190734863,25700
2024-02-12,6.285589694976807,7.519999980926514,7.539999961853027,7.335000038146973,7.369999885559082,56700
2024-02-13,6.202005386352539,7.420000076293945,7.510000228881836,7.349999904632568,7.510000228881836,30700
2024-02-14,6.243797779083252,7.46999979019165,7.46999979019165,7.400000095367432,7.400000095367432,21700
2024-02-15,6.310665607452393,7.550000190734863,7.570000171661377,7.420000076293945,7.46999979019165,41900
2024-02-16,6.3357415199279785,7.579999923706055,7.670000076293945,7.539999961853027,7.590000152587891,42600
2024-02-20,6.394250392913818,7.650000095367432,7.670000076293945,7.539999961853027,7.610000133514404,67200
2024-02-21,6.394250392913818,7.650000095367432,7.670000076293945,7.590000152587891,7.670000076293945,21900
2024-02-22,6.494551658630371,7.769999980926514,7.820000171661377,7.650000095367432,7.670000076293945,35200
2024-02-23,6.477835655212402,7.75,7.769999980926514,7.630000114440918,7.699999809265137,24900
2024-02-26,6.486194610595703,7.760000228881836,7.840000152587891,7.690000057220459,7.760000228881836,75600
2024-02-27,6.494551658630371,7.769999980926514,7.789999961853027,7.630000114440918,7.760000228881836,77300
2024-02-28,6.519628047943115,7.800000190734863,7.820000171661377,7.670000076293945,7.820000171661377,31400
2024-02-29,6.603212833404541,7.900000095367432,7.940000057220459,7.800000190734863,7.860000133514404,33300
2024-03-01,6.628288745880127,7.929999828338623,8.0,7.690000057220459,7.940000057220459,30300
2024-03-04,6.56141996383667,7.849999904632568,7.929999828338623,7.690000057220459,7.929999828338623,19600
2024-03-05,6.37753438949585,7.630000114440918,7.729000091552734,7.550000190734863,7.71999979019165,28400
2024-03-06,6.319024085998535,7.559999942779541,7.710000038146973,7.449999809265137,7.650000095367432,19600
2024-03-07,6.327382564544678,7.570000171661377,7.630000114440918,7.46999979019165,7.619999885559082,21600
2024-03-08,6.310665607452393,7.550000190734863,7.639999866485596,7.420000076293945,7.53000020980835,35100
2024-03-11,6.310665607452393,7.550000190734863,7.599999904632568,7.460000038146973,7.550000190734863,14700
2024-03-12,6.277231693267822,7.510000228881836,7.559999942779541,7.400000095367432,7.460000038146973,9500
2024-03-13,6.210363388061523,7.429999828338623,7.570000171661377,7.269999980926514,7.5,43300
2024-03-14,6.235438346862793,7.460000038146973,7.480000019073486,7.320000171661377,7.440000057220459,9400
2024-03-15,6.176929473876953,7.389999866485596,7.440000057220459,7.179999828338623,7.360000133514404,40400
2024-03-18,6.143495082855225,7.349999904632568,7.480000019073486,7.321000099182129,7.340000152587891,4800
2024-03-19,6.185288429260254,7.400000095367432,7.53000020980835,7.289999961853027,7.289999961853027,28200
2024-03-20,6.176929473876953,7.389999866485596,7.396999835968018,7.269999980926514,7.269999980926514,11900
2024-03-21,6.293949127197266,7.53000020980835,7.599999904632568,7.340000152587891,7.400000095367432,6700
2024-03-22,6.3357415199279785,7.579999923706055,7.619999885559082,7.460000038146973,7.460000038146973,7900
2024-03-25,6.502911567687988,7.78000020980835,7.789999961853027,7.500999927520752,7.599999904632568,36400
2024-03-26,6.46947717666626,7.739999771118164,7.829999923706055,7.699999809265137,7.71999979019165,4700
2024-03-27,6.511270046234131,7.789999961853027,7.789999961853027,7.6479997634887695,7.78000020980835,4800
2024-03-28,6.5363450050354,7.820000171661377,7.940000057220459,7.755000114440918,7.800000190734863,35300
2024-04-01,6.427684307098389,7.690000057220459,7.840000152587891,7.611000061035156,7.739999771118164,21300
2024-04-02,6.394250392913818,7.650000095367432,7.650000095367432,7.545000076293945,7.650000095367432,8700
2024-04-03,6.385891914367676,7.639999866485596,7.679999828338623,7.449999809265137,7.659999847412109,18000
2024-04-04,6.260515213012695,7.489999771118164,7.730000019073486,7.309999942779541,7.670000076293945,38400
2024-04-05,6.252155780792236,7.480000019073486,7.618000030517578,7.340000152587891,7.489999771118164,16800
2024-04-08,6.135138034820557,7.340000152587891,7.519999980926514,7.300000190734863,7.429999828338623,14300
2024-04-09,6.076627254486084,7.269999980926514,7.389999866485596,7.159999847412109,7.360000133514404,9900
2024-04-10,5.9428911209106445,7.110000133514404,7.239999771118164,7.039999961853027,7.190000057220459,20900
2024-04-11,5.993042945861816,7.170000076293945,7.28000020980835,6.96999979019165,7.059999942779541,36400
2024-04-12,5.951249122619629,7.119999885559082,7.199999809265137,7.010000228881836,7.010000228881836,4400
2024-04-15,5.917816162109375,7.079999923706055,7.119999885559082,6.931000232696533,7.099999904632568,30000
2024-04-16,5.926174640655518,7.090000152587891,7.230000019073486,7.039999961853027,7.039999961853027,8100
2024-04-17,5.901098728179932,7.059999942779541,7.159999847412109,7.050000190734863,7.059999942779541,8000
2024-04-18,5.934532165527344,7.099999904632568,7.199999809265137,7.010000228881836,7.099999904632568,18200
2024-04-19,5.984683990478516,7.159999847412109,7.21999979019165,6.989999771118164,7.099999904632568,25800
2024-04-22,5.917816162109375,7.079999923706055,7.230000019073486,7.019999980926514,7.210000038146973,29200
2024-04-23,5.959609031677246,7.130000114440918,7.159999847412109,6.949999809265137,6.949999809265137,9400
2024-04-24,5.934532165527344,7.099999904632568,7.21999979019165,7.090000152587891,7.21999979019165,5900
2024-04-25,5.9428911209106445,7.110000133514404,7.130000114440918,6.96999979019165,7.130000114440918,5100
2024-04-26,6.05155086517334,7.239999771118164,7.380000114440918,7.150000095367432,7.190000057220459,52300
2024-04-29,6.05155086517334,7.239999771118164,7.489999771118164,7.199999809265137,7.25,30000
2024-04-30,6.009759902954102,7.190000057220459,7.289999961853027,7.114999771118164,7.190000057220459,33200
2024-05-01,6.0264763832092285,7.210000038146973,7.25,7.070000171661377,7.190000057220459,28700
2024-05-02,6.0264763832092285,7.210000038146973,7.320000171661377,7.063000202178955,7.320000171661377,24600
2024-05-03,6.059910297393799,7.25,7.360000133514404,7.210000038146973,7.260000228881836,48600
2024-05-06,6.043193340301514,7.230000019073486,7.360000133514404,7.195000171661377,7.360000133514404,26900
2024-05-07,6.059910297393799,7.25,7.320000171661377,7.21999979019165,7.25,11900
2024-05-08,6.101702690124512,7.300000190734863,7.360000133514404,7.059999942779541,7.210000038146973,103200
2024-05-09,6.143495082855225,7.349999904632568,7.480000019073486,7.339000225067139,7.360000133514404,25300
2024-05-10,6.1685709953308105,7.380000114440918,7.420000076293945,7.329999923706055,7.349999904632568,13200
2024-05-13,6.176929473876953,7.389999866485596,7.489999771118164,7.340000152587891,7.46999979019165,10200
2024-05-14,6.160212516784668,7.369999885559082,7.440000057220459,7.360000133514404,7.429999828338623,13400
2024-05-15,6.202005386352539,7.420000076293945,7.5,7.400000095367432,7.440000057220459,32000
2024-05-16,6.260515213012695,7.489999771118164,7.559999942779541,7.400000095367432,7.489999771118164,26700
2024-05-17,6.227081298828125,7.449999809265137,7.550000190734863,7.389999866485596,7.474999904632568,43000
2024-05-20,6.185288429260254,7.400000095367432,7.489999771118164,7.369999885559082,7.460000038146973,11200
2024-05-21,6.076627254486084,7.269999980926514,7.449999809265137,7.25,7.449999809265137,50200
2024-05-22,6.0264763832092285,7.210000038146973,7.340000152587891,7.150000095367432,7.25,40700
2024-05-23,6.059910297393799,7.25,7.260000228881836,7.130000114440918,7.170000076293945,60700
2024-05-24,6.1685709953308105,7.380000114440918,7.389999866485596,7.25,7.25,31100
2024-05-28,6.1267781257629395,7.329999923706055,7.380000114440918,7.090000152587891,7.090000152587891,19100
2024-05-29,6.05155086517334,7.239999771118164,7.519999980926514,7.239999771118164,7.340000152587891,38100
2024-05-30,6.135138034820557,7.340000152587891,7.440000057220459,7.309999942779541,7.320000171661377,35100
2024-05-31,6.285589694976807,7.519999980926514,7.519999980926514,7.440000057220459,7.480000019073486,24700
2024-06-03,6.302306652069092,7.539999961853027,7.690000057220459,7.429999828338623,7.429999828338623,20100
2024-06-04,6.37753438949585,7.630000114440918,7.650000095367432,7.610000133514404,7.610000133514404,7400
2024-06-05,6.436042785644531,7.699999809265137,7.769999980926514,7.635000228881836,7.639999866485596,31100
2024-06-06,6.477835655212402,7.75,7.769999980926514,7.659999847412109,7.769999980926514,5400
2024-06-07,6.402608871459961,7.659999847412109,7.75,7.639999866485596,7.735000133514404,4200
2024-06-10,6.310665607452393,7.550000190734863,7.75,7.519999980926514,7.659999847412109,21500
2024-06-11,6.2688727378845215,7.5,7.659999847412109,7.400000095367432,7.550000190734863,16300
2024-06-12,6.277231693267822,7.510000228881836,7.663000106811523,7.5,7.590000152587891,48500
2024-06-13,6.243797779083252,7.46999979019165,7.599999904632568,7.400000095367432,7.599999904632568,45500
2024-06-14,6.277231693267822,7.510000228881836,7.570000171661377,7.409999847412109,7.5,9300
2024-06-17,6.302306652069092,7.539999961853027,7.550000190734863,7.449999809265137,7.539999961853027,6000
2024-06-18,6.2688727378845215,7.5,7.559999942779541,7.440000057220459,7.559999942779541,53400
2024-06-20,6.2688727378845215,7.5,7.53000020980835,7.409999847412109,7.510000228881836,5400
2024-06-21,6.2688727378845215,7.5,7.550000190734863,7.449999809265137,7.5,8400
2024-06-24,6.410967826843262,7.670000076293945,7.699999809265137,7.449999809265137,7.449999809265137,46600
2024-06-25,6.5363450050354,7.820000171661377,7.895999908447266,7.659999847412109,7.710000038146973,79100
2024-06-26,6.645004749298096,7.949999809265137,7.96999979019165,7.809999942779541,7.849999904632568,41600
2024-06-27,6.653364658355713,7.960000038146973,8.050000190734863,7.949999809265137,7.980000019073486,34400
2024-06-28,6.745306968688965,8.069999694824219,8.100000381469727,7.960000038146973,8.020000457763672,31900
2024-07-01,6.7954583168029785,8.130000114440918,8.180000305175781,8.0600004196167,8.100000381469727,108400
2024-07-02,6.736949443817139,8.0600004196167,8.130000114440918,7.980000019073486,8.083000183105469,34500
2024-07-03,6.678438186645508,7.989999771118164,8.09000015258789,7.980000019073486,8.09000015258789,10900
2024-07-05,6.778740882873535,8.109999656677246,8.149999618530273,7.960000038146973,8.0,61000
2024-07-08,6.845608711242676,8.1899995803833,8.1899995803833,8.100000381469727,8.109999656677246,20200
2024-07-09,6.853967666625977,8.199999809265137,8.239999771118164,8.119999885559082,8.229999542236328,31000
2024-07-10,6.979344844818115,8.350000381469727,8.350000381469727,8.180000305175781,8.229999542236328,90200
2024-07-11,7.0712890625,8.460000038146973,8.5,8.350000381469727,8.350000381469727,144900
2024-07-12,7.021137714385986,8.399999618530273,8.479999542236328,8.369999885559082,8.40999984741211,91100
2024-07-15,7.0880045890808105,8.479999542236328,8.479999542236328,8.329999923706055,8.359999656677246,105600
2024-07-16,7.054571151733398,8.4399995803833,8.550000190734863,8.369999885559082,8.489999771118164,35500
2024-07-17,7.0378546714782715,8.420000076293945,8.420000076293945,8.359999656677246,8.359999656677246,104100
2024-07-18,7.046213626861572,8.430000305175781,8.489999771118164,8.399999618530273,8.489999771118164,58300
2024-07-19,7.029497146606445,8.40999984741211,8.484999656677246,8.350000381469727,8.430000305175781,28500
2024-07-22,6.987702369689941,8.359999656677246,8.550000190734863,8.25,8.479999542236328,45500
2024-07-23,6.987702369689941,8.359999656677246,8.40999984741211,8.319999694824219,8.390000343322754,48000
2024-07-24,6.979344844818115,8.350000381469727,8.399999618530273,8.3100004196167,8.350000381469727,86400
2024-07-25,7.021137714385986,8.399999618530273,8.399999618530273,8.369999885559082,8.380000114440918,32200
2024-07-26,7.046213626861572,8.430000305175781,8.510000228881836,8.40999984741211,8.40999984741211,28400
2024-07-29,7.054571151733398,8.4399995803833,8.5600004196167,8.40999984741211,8.430000305175781,40500
2024-07-30,7.004421234130859,8.380000114440918,8.470000267028809,8.347999572753906,8.430000305175781,34700
2024-07-31,7.01278018951416,8.390000343322754,8.430000305175781,8.350000381469727,8.390000343322754,29000
2024-08-01,6.945911407470703,8.3100004196167,8.430000305175781,8.3100004196167,8.430000305175781,38000
2024-08-02,6.929194450378418,8.289999961853027,8.354000091552734,8.229999542236328,8.300000190734863,17300
2024-08-05,6.72859001159668,8.050000190734863,8.199999809265137,8.031000137329102,8.199999809265137,24200
2024-08-06,6.778740882873535,8.109999656677246,8.149999618530273,8.0600004196167,8.130000114440918,32300
2024-08-07,6.636646747589111,7.940000057220459,8.347999572753906,7.880000114440918,8.140000343322754,111400
2024-08-08,6.803816795349121,8.140000343322754,8.140000343322754,8.010000228881836,8.010000228881836,14000
2024-08-09,6.736949443817139,8.0600004196167,8.194999694824219,8.020000457763672,8.149999618530273,16100
2024-08-12,6.770382881164551,8.100000381469727,8.100000381469727,8.029999732971191,8.050000190734863,4600
2024-08-13,6.887401580810547,8.239999771118164,8.289999961853027,8.109999656677246,8.109999656677246,15800
2024-08-14,6.870685577392578,8.220000267028809,8.229999542236328,8.109999656677246,8.199999809265137,8100
2024-08-15,6.820533275604248,8.15999984741211,8.229999542236328,8.020000457763672,8.229999542236328,30900
2024-08-16,6.787100315093994,8.119999885559082,8.170000076293945,8.050000190734863,8.100000381469727,5400
2024-08-19,6.853967666625977,8.199999809265137,8.199999809265137,8.0600004196167,8.100000381469727,29900
2024-08-20,6.929194450378418,8.289999961853027,8.300000190734863,8.149999618530273,8.270000457763672,28200
2024-08-21,6.853967666625977,8.199999809265137,8.369999885559082,8.130000114440918,8.25,30100
2024-08-22,6.8790435791015625,8.229999542236328,8.390000343322754,8.180000305175781,8.199999809265137,14600
2024-08-23,6.912476539611816,8.270000457763672,8.4399995803833,8.25,8.25,28200
2024-08-26,6.8957600593566895,8.25,8.40999984741211,8.100000381469727,8.40999984741211,39300
2024-08-27,6.862326622009277,8.210000038146973,8.369999885559082,8.180000305175781,8.180000305175781,13000
2024-08-28,6.8957600593566895,8.25,8.25,8.199999809265137,8.210000038146973,9900
2024-08-29,6.929194450378418,8.289999961853027,8.300000190734863,8.175000190734863,8.25,15300
2024-08-30,6.9960618019104,8.369999885559082,8.394000053405762,8.25,8.329999923706055,11000
2024-09-03,6.979344844818115,8.350000381469727,8.390000343322754,8.307999610900879,8.369999885559082,4900
2024-09-04,6.979344844818115,8.350000381469727,8.380000114440918,8.25,8.260000228881836,16500
2024-09-05,6.979344844818115,8.350000381469727,8.399999618530273,8.109999656677246,8.390000343322754,36100
2024-09-06,6.8790435791015625,8.229999542236328,8.420000076293945,8.194000244140625,8.420000076293945,35700
2024-09-09,6.9960618019104,8.369999885559082,8.369999885559082,8.270000457763672,8.270000457763672,5300
2024-09-10,7.0378546714782715,8.420000076293945,8.420000076293945,8.364999771118164,8.364999771118164,6400
2024-09-11,7.021137714385986,8.399999618530273,8.4399995803833,8.34000015258789,8.4399995803833,24900
2024-09-12,7.029497146606445,8.40999984741211,8.579999923706055,8.260000228881836,8.420000076293945,35800
2024-09-13,7.054571151733398,8.4399995803833,8.460000038146973,8.395999908447266,8.4399995803833,10300
2024-09-16,7.0880045890808105,8.479999542236328,8.498000144958496,8.439000129699707,8.439000129699707,8900
2024-09-17,7.062929630279541,8.449999809265137,8.5,8.350000381469727,8.5,16800
2024-09-18,7.0712890625,8.460000038146973,8.479999542236328,8.420000076293945,8.479999542236328,10200
2024-09-19,7.154874801635742,8.5600004196167,8.579999923706055,8.470000267028809,8.470000267028809,23500
2024-09-20,7.1883087158203125,8.600000381469727,8.739999771118164,8.550000190734863,8.739999771118164,11100
2024-09-23,7.255175590515137,8.680000305175781,8.680000305175781,8.595000267028809,8.670000076293945,4300
2024-09-24,7.246816635131836,8.670000076293945,8.699999809265137,8.5600004196167,8.664999961853027,11100
2024-09-25,7.1883087158203125,8.600000381469727,8.670000076293945,8.600000381469727,8.65999984741211,4400
2024-09-26,7.230100154876709,8.649999618530273,8.670000076293945,8.600000381469727,8.649999618530273,4200
2024-09-27,7.263535499572754,8.6899995803833,8.6899995803833,8.609000205993652,8.649999618530273,800
2024-09-30,7.246816635131836,8.670000076293945,8.6899995803833,8.619999885559082,8.680000305175781,12800
2024-10-01,7.238457679748535,8.65999984741211,8.6899995803833,8.635000228881836,8.635000228881836,5300
2024-10-02,7.230100154876709,8.649999618530273,8.65999984741211,8.5,8.649999618530273,10100
2024-10-03,7.230100154876709,8.649999618530273,8.65999984741211,8.609999656677246,8.649999618530273,18000
2024-10-04,7.230100154876709,8.649999618530273,8.65999984741211,8.5600004196167,8.5600004196167,18600
2024-10-07,7.171590805053711,8.579999923706055,8.600000381469727,8.5649995803833,8.600000381469727,2300
2024-10-08,7.1883087158203125,8.600000381469727,8.649999618530273,8.51099967956543,8.600000381469727,15300
2024-10-09,7.255175590515137,8.680000305175781,8.6899995803833,8.633999824523926,8.640000343322754,10100
2024-10-10,7.1883087158203125,8.600000381469727,8.6899995803833,8.569999694824219,8.6899995803833,11300
2024-10-11,7.263535499572754,8.6899995803833,8.6899995803833,8.460000038146973,8.460000038146973,18500
2024-10-14,7.330402851104736,8.770000457763672,8.770000457763672,8.680000305175781,8.6899995803833,12400
2024-10-15,7.313685417175293,8.75,8.770000457763672,8.739999771118164,8.739999771118164,4900
2024-10-16,7.388911247253418,8.84000015258789,8.850000381469727,8.75,8.75,20300
2024-10-17,7.388911247253418,8.84000015258789,8.850000381469727,8.75,8.850000381469727,3200
2024-10-18,7.380553245544434,8.829999923706055,8.850000381469727,8.800000190734863,8.850000381469727,7800
2024-10-21,7.422345161437988,8.880000114440918,8.979999542236328,8.829999923706055,8.829999923706055,28500
2024-10-22,7.422345161437988,8.880000114440918,8.90999984741211,8.819999694824219,8.829999923706055,9900
2024-10-23,7.355477333068848,8.800000190734863,8.890000343322754,8.755000114440918,8.8100004196167,10600
2024-10-24,7.397270202636719,8.850000381469727,8.892000198364258,8.800000190734863,8.800000190734863,21000
2024-10-25,7.322043418884277,8.760000228881836,8.90999984741211,8.710000038146973,8.800000190734863,23100
2024-10-28,7.305325031280518,8.739999771118164,8.75,8.670999526977539,8.75,13600
2024-10-29,7.230100154876709,8.649999618530273,8.789999961853027,8.539999961853027,8.744999885559082,44800
2024-10-30,7.238457679748535,8.65999984741211,8.699999809265137,8.619999885559082,8.649999618530273,4200
2024-10-31,7.263535499572754,8.6899995803833,8.6899995803833,8.645000457763672,8.645000457763672,400
2024-11-01,7.271892547607422,8.699999809265137,8.699999809265137,8.600000381469727,8.699999809265137,1300
2024-11-04,7.238457679748535,8.65999984741211,8.687999725341797,8.600000381469727,8.687999725341797,17200
2024-11-05,7.238457679748535,8.65999984741211,8.699999809265137,8.59000015258789,8.680000305175781,34300
2024-11-06,7.3471174240112305,8.789999961853027,8.800000190734863,8.680000305175781,8.680000305175781,23200
2024-11-07,7.447420597076416,8.90999984741211,8.970000267028809,8.774999618530273,8.800000190734863,16400
2024-11-08,7.4741692543029785,8.942000389099121,8.989999771118164,8.87600040435791,8.930000305175781,5300
2024-11-11,7.489212989807129,8.960000038146973,9.0,8.937999725341797,8.9399995803833,14700
2024-11-12,7.472496509552002,8.9399995803833,8.989999771118164,8.850000381469727,8.989999771118164,2000
2024-11-13,7.430704593658447,8.890000343322754,9.0,8.84000015258789,8.989999771118164,13900
2024-11-14,7.447420597076416,8.90999984741211,8.970000267028809,8.85099983215332,8.960000038146973,1400
2024-11-15,7.338759899139404,8.779999732971191,8.970000267028809,8.710000038146973,8.968999862670898,14300
2024-11-18,7.380553245544434,8.829999923706055,8.84000015258789,8.710000038146973,8.779999732971191,3200
2024-11-19,7.363837242126465,8.8100004196167,8.829999923706055,8.699999809265137,8.829999923706055,2600
2024-11-20,7.330402851104736,8.770000457763672,8.819999694824219,8.619999885559082,8.800000190734863,23700
2024-11-21,7.322043418884277,8.760000228881836,8.819999694824219,8.729999542236328,8.75,10100
2024-11-22,7.447420597076416,8.90999984741211,8.90999984741211,8.760000228881836,8.760000228881836,13500
2024-11-25,7.49757194519043,8.970000267028809,9.0,8.888999938964844,9.0,13900
2024-11-26,7.49757194519043,8.970000267028809,9.0,8.899999618530273,9.0,6500
2024-11-27,7.4808549880981445,8.949999809265137,9.0,8.850000381469727,9.0,9200
2024-11-29,7.4808549880981445,8.949999809265137,8.989999771118164,8.899999618530273,8.979999542236328,8600
2024-12-02,7.51428747177124,8.989999771118164,9.0,8.925000190734863,9.0,11700
2024-12-03,7.547722816467285,9.029999732971191,9.0600004196167,8.920000076293945,8.989999771118164,32500
2024-12-04,7.597873210906982,9.09000015258789,9.15999984741211,9.050000190734863,9.100000381469727,6500
2024-12-05,7.606232643127441,9.100000381469727,9.100000381469727,9.010000228881836,9.010000228881836,5400
2024-12-06,7.581155776977539,9.069999694824219,9.100000381469727,8.899999618530273,9.100000381469727,15100
2024-12-09,7.572799205780029,9.0600004196167,9.081000328063965,9.0,9.050000190734863,6900
2024-12-10,7.464138031005859,8.930000305175781,9.0600004196167,8.850000381469727,9.050000190734863,12400
2024-12-11,7.464138031005859,8.930000305175781,8.979999542236328,8.914999961853027,8.930000305175781,9300
2024-12-12,7.447420597076416,8.90999984741211,9.0,8.852999687194824,8.930000305175781,37600
2024-12-13,7.4808549880981445,8.949999809265137,8.960000038146973,8.859999656677246,8.90999984741211,21900
2024-12-16,7.489212989807129,8.960000038146973,8.970000267028809,8.901000022888184,8.949999809265137,3100
2024-12-17,7.380553245544434,8.829999923706055,8.960000038146973,8.760000228881836,8.920000076293945,35800
2024-12-18,7.221742630004883,8.640000343322754,8.930000305175781,8.510000228881836,8.829999923706055,48000
2024-12-19,7.246816635131836,8.670000076293945,8.789999961853027,8.529999732971191,8.720000267028809,33200
2024-12-20,7.345803737640381,8.460000038146973,8.550000190734863,8.350000381469727,8.479999542236328,13800
2024-12-23,7.380535125732422,8.5,8.5,8.399999618530273,8.40999984741211,15200
2024-12-24,7.354487419128418,8.470000267028809,8.5,8.350000381469727,8.449999809265137,19500
2024-12-26,7.363168239593506,8.479999542236328,8.479999542236328,8.399999618530273,8.420000076293945,31300
2024-12-27,7.354487419128418,8.470000267028809,8.5,8.319999694824219,8.5,91300
2024-12-30,7.380535125732422,8.5,8.5,8.359999656677246,8.399999618530273,69200
2024-12-31,7.345803737640381,8.460000038146973,8.520000457763672,8.430000305175781,8.5,55700
2025-01-02,7.389218807220459,8.510000228881836,8.510000228881836,8.449999809265137,8.510000228881836,15200
2025-01-03,7.423949241638184,8.550000190734863,8.569999694824219,8.399999618530273,8.539999961853027,14800
2025-01-06,7.39790153503418,8.520000457763672,8.579999923706055,8.470000267028809,8.569999694824219,13100
2025-01-07,7.380535125732422,8.5,8.579999923706055,8.425000190734863,8.510000228881836,19700
2025-01-08,7.363168239593506,8.479999542236328,8.520000457763672,8.430000305175781,8.5,20600
2025-01-10,7.319755554199219,8.430000305175781,8.460000038146973,8.350000381469727,8.359999656677246,67100
2025-01-13,7.380535125732422,8.5,8.5,8.399999618530273,8.449999809265137,18300
2025-01-14,7.415266513824463,8.539999961853027,8.550000190734863,8.449999809265137,8.510000228881836,82800
2025-01-15,7.380535125732422,8.5,8.640000343322754,8.460000038146973,8.569999694824219,22800
2025-01-16,7.406583786010742,8.529999732971191,8.569999694824219,8.449999809265137,8.510000228881836,15900
2025-01-17,7.458681583404541,8.59000015258789,8.640000343322754,8.510000228881836,8.569999694824219,45500
2025-01-21,7.476048469543457,8.609999656677246,8.640000343322754,8.539999961853027,8.539999961853027,23100
2025-01-22,7.476048469543457,8.609999656677246,8.670000076293945,8.59000015258789,8.600000381469727,20600
2025-01-23,7.476048469543457,8.609999656677246,8.649999618530273,8.41100025177002,8.640000343322754,14100
2025-01-24,7.467365264892578,8.600000381469727,8.65999984741211,8.583000183105469,8.609999656677246,12200
2025-01-27,7.502098083496094,8.640000343322754,8.6899995803833,8.586999893188477,8.65999984741211,3000
2025-01-28,7.502098083496094,8.640000343322754,8.670000076293945,8.600000381469727,8.640000343322754,24400
2025-01-29,7.5802435874938965,8.729999542236328,8.788000106811523,8.600000381469727,8.65999984741211,65400
2025-01-30,7.5802435874938965,8.729999542236328,8.920000076293945,8.65999984741211,8.739999771118164,62300
2025-01-31,7.519461631774902,8.65999984741211,8.779999732971191,8.609999656677246,8.729999542236328,33100
2025-02-03,7.528146266937256,8.670000076293945,8.670000076293945,8.550000190734863,8.60200023651123,15500
2025-02-04,7.502098083496094,8.640000343322754,8.699999809265137,8.619999885559082,8.670000076293945,35000
2025-02-05,7.562877655029297,8.710000038146973,8.710000038146973,8.630000114440918,8.6899995803833,3300
2025-02-06,7.588925838470459,8.739999771118164,8.760000228881836,8.710000038146973,8.75,7200
2025-02-07,7.519461631774902,8.65999984741211,8.699999809265137,8.569999694824219,8.670000076293945,18700
2025-02-10,7.423949241638184,8.550000190734863,8.699999809265137,8.5,8.699999809265137,8500
2025-02-11,7.380535125732422,8.5,8.550000190734863,8.460000038146973,8.550000190734863,29800
2025-02-12,7.389218807220459,8.510000228881836,8.579999923706055,8.470000267028809,8.5,7700
2025-02-13,7.432634353637695,8.5600004196167,8.579999923706055,8.539999961853027,8.550000190734863,5900
2025-02-14,7.432634353637695,8.5600004196167,8.65999984741211,8.510000228881836,8.619999885559082,15500
2025-02-18,7.562877655029297,8.710000038146973,8.710000038146973,8.581000328063965,8.600000381469727,43900
2025-02-19,7.606292247772217,8.760000228881836,8.779999732971191,8.649999618530273,8.649999618530273,16000
2025-02-20,7.528146266937256,8.670000076293945,8.75,8.5,8.75,69200
2025-02-21,7.423949241638184,8.550000190734863,8.729999542236328,8.5,8.657999992370605,14700
2025-02-24,7.39790153503418,8.520000457763672,8.600000381469727,8.451000213623047,8.550000190734863,15600
2025-02-25,7.276340007781982,8.380000114440918,8.479999542236328,8.350000381469727,8.479999542236328,20600
2025-02-26,7.562877655029297,8.710000038146973,8.850000381469727,8.40999984741211,8.420000076293945,127500
2025-02-27,7.641024589538574,8.800000190734863,8.90999984741211,8.720000267028809,8.720000267028809,139800
2025-02-28,7.641024589538574,8.800000190734863,8.850000381469727,8.789999961853027,8.789999961853027,29000
2025-03-03,7.54551362991333,8.6899995803833,8.869999885559082,8.649999618530273,8.75,73000
2025-03-04,7.554194927215576,8.699999809265137,8.734999656677246,8.619999885559082,8.680000305175781,30300
2025-03-05,7.649708271026611,8.8100004196167,8.819999694824219,8.649999618530273,8.699999809265137,37700
2025-03-06,7.536828994750977,8.680000305175781,8.800000190734863,8.600000381469727,8.75,12300
2025-03-07,7.519461631774902,8.65999984741211,8.720000267028809,8.609999656677246,8.649999618530273,12500
2025-03-10,7.371852874755859,8.489999771118164,8.720000267028809,8.449999809265137,8.649999618530273,38300
2025-03-11,7.371852874755859,8.489999771118164,8.5600004196167,8.430000305175781,8.5,10300
2025-03-12,7.415266513824463,8.539999961853027,8.5600004196167,8.475000381469727,8.550000190734863,30200
2025-03-13,7.4499993324279785,8.579999923706055,8.579999923706055,8.5,8.550000190734863,14600
2025-03-14,7.476048469543457,8.609999656677246,8.664999961853027,8.550000190734863,8.569999694824219,2900
2025-03-17,7.476048469543457,8.609999656677246,8.609999656677246,8.550000190734863,8.550000190734863,28800
2025-03-18,7.4499993324279785,8.579999923706055,8.609999656677246,8.5600004196167,8.609999656677246,5700
2025-03-19,7.432634353637695,8.5600004196167,8.600000381469727,8.5,8.579999923706055,18900
2025-03-20,7.496565818786621,8.5600004196167,8.59000015258789,8.479999542236328,8.479999542236328,3400
2025-03-21,7.514080047607422,8.579999923706055,8.579999923706055,8.53499984741211,8.550000190734863,1800
2025-03-24,7.522836685180664,8.59000015258789,8.649999618530273,8.59000015258789,8.619999885559082,17900
2025-03-25,7.514080047607422,8.579999923706055,8.649999618530273,8.579999923706055,8.600000381469727,46500
2025-03-26,7.514080047607422,8.579999923706055,8.619999885559082,8.5600004196167,8.5600004196167,3000
2025-03-27,7.514080047607422,8.579999923706055,8.628000259399414,8.53600025177002,8.600000381469727,6700
2025-03-28,7.4702911376953125,8.529999732971191,8.630000114440918,8.510000228881836,8.630000114440918,9700
2025-03-31,7.426502227783203,8.479999542236328,8.5,8.430000305175781,8.5,9600
2025-04-01,7.373956680297852,8.420000076293945,8.470000267028809,8.361000061035156,8.470000267028809,18300
2025-04-02,7.347684860229492,8.390000343322754,8.5,8.359999656677246,8.399999618530273,10600
2025-04-03,7.163773059844971,8.180000305175781,8.420000076293945,8.130000114440918,8.270000457763672,19600
2025-04-04,6.830981254577637,7.800000190734863,8.130000114440918,7.699999809265137,8.0600004196167,13700
2025-04-07,6.463159561157227,7.380000114440918,7.909999847412109,7.239999771118164,7.699999809265137,76200
2025-04-08,6.436886310577393,7.349999904632568,7.650000095367432,7.170000076293945,7.409999847412109,11700
2025-04-09,7.067437648773193,8.069999694824219,8.069999694824219,7.400000095367432,7.400000095367432,29600
2025-04-10,6.839738368988037,7.809999942779541,7.849999904632568,7.599999904632568,7.75,2200
2025-04-11,6.918558120727539,7.900000095367432,7.900000095367432,7.702000141143799,7.800000190734863,52800
2025-04-14,6.8134660720825195,7.78000020980835,7.96999979019165,7.659999847412109,7.949999809265137,13100
2025-04-15,6.962345600128174,7.949999809265137,7.949999809265137,7.75,7.75,25500
2025-04-16,7.049922943115234,8.050000190734863,8.09000015258789,7.849999904632568,7.849999904632568,12500
2025-04-17,7.0967631340026855,8.029999732971191,8.039999961853027,7.710000038146973,8.038000106811523,14700
2025-04-21,6.955358505249023,7.869999885559082,8.050000190734863,7.828000068664551,8.029999732971191,4100
2025-04-22,7.0614118576049805,7.989999771118164,8.039999961853027,7.849999904632568,7.849999904632568,20400
2025-04-23,7.0614118576049805,7.989999771118164,8.100000381469727,7.949999809265137,8.079999923706055,9200
2025-04-24,7.264681816101074,8.220000267028809,8.220000267028809,7.900000095367432,7.900000095367432,30500
2025-04-25,7.291195869445801,8.25,8.399999618530273,8.109999656677246,8.295000076293945,26000
2025-04-28,7.4149250984191895,8.390000343322754,8.449999809265137,8.170000076293945,8.170000076293945,48500
2025-04-29,7.4502763748168945,8.430000305175781,8.4399995803833,8.319999694824219,8.399999618530273,15000
2025-04-30,7.42376184463501,8.399999618530273,8.489999771118164,8.34000015258789,8.430000305175781,24300
2025-05-01,7.494463920593262,8.479999542236328,8.625,8.329999923706055,8.359999656677246,52400
2025-05-02,7.476789474487305,8.460000038146973,8.579999923706055,8.399999618530273,8.449999809265137,39400
2025-05-05,7.379573345184326,8.350000381469727,8.4399995803833,8.279999732971191,8.319999694824219,7800
2025-05-06,7.370736122131348,8.34000015258789,8.350000381469727,8.25,8.25,7700
2025-05-07,7.432600975036621,8.40999984741211,8.538999557495117,8.279999732971191,8.279999732971191,10400
2025-05-08,7.476789474487305,8.460000038146973,8.529999732971191,8.399999618530273,8.529999732971191,23100
2025-05-09,7.4502763748168945,8.430000305175781,8.5,8.399999618530273,8.5,27300
2025-05-12,7.494463920593262,8.479999542236328,8.59000015258789,8.449999809265137,8.449999809265137,63400
2025-05-13,7.60935640335083,8.609999656677246,8.609999656677246,8.498000144958496,8.5600004196167,27400
2025-05-14,7.618195056915283,8.619999885559082,8.699999809265137,8.595000267028809,8.670000076293945,10600
2025-05-15,7.635870933532715,8.640000343322754,8.770000457763672,8.600000381469727,8.600000381469727,58300
2025-05-16,7.768435478210449,8.789999961853027,8.890000343322754,8.75,8.84000015258789,39200
2025-05-19,7.922611713409424,8.890000343322754,8.9399995803833,8.699999809265137,8.699999809265137,77500
2025-05-20,8.056289672851562,9.039999961853027,9.119999885559082,8.890000343322754,8.979999542236328,53100
2025-05-21,7.9849958419799805,8.960000038146973,9.039999961853027,8.850000381469727,8.949999809265137,94600
2025-05-22,7.913700580596924,8.880000114440918,8.961999893188477,8.875,8.880000114440918,19700
2025-05-23,8.01172924041748,8.989999771118164,9.0,8.779000282287598,8.800000190734863,63400
2025-05-27,7.967170238494873,8.9399995803833,9.0600004196167,8.890000343322754,8.979999542236328,39900
2025-05-28,7.886965274810791,8.850000381469727,8.920000076293945,8.819999694824219,8.819999694824219,32600
2025-05-29,7.878052234649658,8.84000015258789,8.970000267028809,8.819999694824219,8.949999809265137,31100
2025-05-30,7.824581146240234,8.779999732971191,8.989999771118164,8.75,8.819999694824219,44700
2025-06-02,7.7621989250183105,8.710000038146973,8.869999885559082,8.635000228881836,8.869999885559082,27200
2025-06-03,7.753286838531494,8.699999809265137,8.946999549865723,8.60200023651123,8.798999786376953,6800
2025-06-04,7.79784631729126,8.75,8.970000267028809,8.65999984741211,8.65999984741211,6700
2025-06-05,7.7354631423950195,8.680000305175781,8.869999885559082,8.625,8.859999656677246,46600
2025-06-06,7.753286838531494,8.699999809265137,8.880000114440918,8.600000381469727,8.739999771118164,5200
2025-06-09,7.681992530822754,8.619999885559082,8.829999923706055,8.619999885559082,8.789999961853027,12200
2025-06-10,7.7354631423950195,8.680000305175781,8.75,8.600000381469727,8.600000381469727,11600
2025-06-11,7.780021667480469,8.729999542236328,8.770000457763672,8.680000305175781,8.680000305175781,8300
2025-06-12,7.753286838531494,8.699999809265137,8.789999961853027,8.680000305175781,8.789999961853027,4800
2025-06-13,7.7265520095825195,8.670000076293945,8.800000190734863,8.640000343322754,8.699999809265137,5200
2025-06-16,7.708728790283203,8.649999618530273,8.65999984741211,8.569999694824219,8.579999923706055,32700
2025-06-17,7.708728790283203,8.649999618530273,8.649999618530273,8.510000228881836,8.649999618530273,7300
2025-06-18,7.720425605773926,8.579999923706055,8.630000114440918,8.51200008392334,8.630000114440918,18500
2025-06-20,7.756418228149414,8.619999885559082,8.630000114440918,8.585000038146973,8.619999885559082,10000
2025-06-23,7.804109573364258,8.67300033569336,8.779999732971191,8.579999923706055,8.71399974822998,19700
2025-06-24,7.783411979675293,8.649999618530273,8.739999771118164,8.609999656677246,8.739999771118164,5700
2025-06-25,7.8014092445373535,8.670000076293945,8.75,8.670000076293945,8.75,1400
2025-06-26,7.819405555725098,8.6899995803833,8.699999809265137,8.619999885559082,8.619999885559082,1300
2025-06-27,7.828403472900391,8.699999809265137,8.699999809265137,8.65999984741211,8.680000305175781,7500
2025-06-30,7.873393535614014,8.75,8.760000228881836,8.654999732971191,8.75,9100
2025-07-01,7.828403472900391,8.699999809265137,8.800000190734863,8.65999984741211,8.779999732971191,13700
2025-07-02,7.819405555725098,8.6899995803833,8.699999809265137,8.59000015258789,8.699999809265137,11300
2025-07-03,7.873393535614014,8.75,8.75,8.680000305175781,8.680000305175781,3500
2025-07-07,7.792409896850586,8.65999984741211,8.789999961853027,8.579999923706055,8.699999809265137,41200
2025-07-08,7.819405555725098,8.6899995803833,8.779999732971191,8.649999618530273,8.710000038146973,4400
2025-07-09,7.810408115386963,8.680000305175781,8.75,8.65999984741211,8.699999809265137,3000
2025-07-10,7.810408115386963,8.680000305175781,8.770000457763672,8.680000305175781,8.770000457763672,7400
2025-07-11,7.756418228149414,8.619999885559082,8.640000343322754,8.619999885559082,8.635000228881836,12300
2025-07-14,7.864396095275879,8.739999771118164,8.75,8.579999923706055,8.619999885559082,40900
2025-07-15,7.873393535614014,8.75,8.789999961853027,8.718999862670898,8.779999732971191,8600
2025-07-16,7.864396095275879,8.739999771118164,8.788999557495117,8.630000114440918,8.779999732971191,38300
2025-07-17,7.873393535614014,8.75,8.789999961853027,8.680000305175781,8.789999961853027,11000
2025-07-18,7.857950210571289,8.649999618530273,8.6899995803833,8.600000381469727,8.6899995803833,8900
2025-07-21,7.848867893218994,8.640000343322754,8.710000038146973,8.5600004196167,8.710000038146973,41100
2025-07-22,7.8216142654418945,8.609999656677246,8.619999885559082,8.539999961853027,8.619999885559082,18000
2025-07-23,7.739855766296387,8.520000457763672,8.619999885559082,8.489999771118164,8.619999885559082,60000
2025-07-24,7.703516960144043,8.479999542236328,8.57699966430664,8.4350004196167,8.5600004196167,37800
2025-07-25,7.748938083648682,8.529999732971191,8.539999961853027,8.470000267028809,8.539999961853027,12600
2025-07-28,7.803444862365723,8.59000015258789,8.600000381469727,8.5,8.529999732971191,115500
2025-07-29,7.830697536468506,8.619999885559082,8.640000343322754,8.579999923706055,8.609999656677246,80000
2025-07-30,7.8852057456970215,8.680000305175781,8.6899995803833,8.619999885559082,8.619999885559082,9100
2025-07-31,7.939709663391113,8.739999771118164,8.800000190734863,8.680000305175781,8.710000038146973,74300
2025-08-01,7.912457466125488,8.710000038146973,8.800000190734863,8.699999809265137,8.800000190734863,34200
2025-08-04,7.976047515869141,8.779999732971191,8.899999618530273,8.770000457763672,8.829999923706055,72100
2025-08-05,7.939709663391113,8.739999771118164,8.850000381469727,8.720000267028809,8.770000457763672,33200
2025-08-06,7.939709663391113,8.739999771118164,8.890000343322754,8.729999542236328,8.739999771118164,45300
2025-08-07,7.939709663391113,8.739999771118164,8.84000015258789,8.729999542236328,8.739999771118164,28700
2025-08-08,7.9306254386901855,8.729999542236328,8.75,8.720000267028809,8.75,13800
2025-08-11,7.921541213989258,8.720000267028809,8.75,8.710000038146973,8.75,31100
2025-08-12,7.8852057456970215,8.680000305175781,8.710000038146973,8.680000305175781,8.710000038146973,36800
2025-08-13,7.876120567321777,8.670000076293945,8.699999809265137,8.65999984741211,8.699999809265137,40900
2025-08-14,7.830697536468506,8.619999885559082,8.696999549865723,8.619999885559082,8.649999618530273,68800
2025-08-15,7.839782238006592,8.630000114440918,8.65999984741211,8.609999656677246,8.609999656677246,52700
2025-08-18,7.915914535522461,8.630000114440918,8.664999961853027,8.579999923706055,8.579999923706055,53500
2025-08-19,7.980123043060303,8.699999809265137,8.789999961853027,8.616999626159668,8.65999984741211,114800
2025-08-20,7.943432807922363,8.65999984741211,8.760000228881836,8.652000427246094,8.760000228881836,66100
2025-08-21,7.943432807922363,8.65999984741211,8.729999542236328,8.65999984741211,8.65999984741211,66000
2025-08-22,7.980123043060303,8.699999809265137,8.800000190734863,8.680000305175781,8.680000305175781,42500
2025-08-25,7.980123043060303,8.699999809265137,8.776000022888184,8.680000305175781,8.699999809265137,50800
2025-08-26,7.980123043060303,8.699999809265137,8.729000091552734,8.677000045776367,8.710000038146973,48200
2025-08-27,7.980123043060303,8.699999809265137,8.739999771118164,8.699999809265137,8.739999771118164,51100
2025-08-28,7.980123043060303,8.699999809265137,8.720000267028809,8.680000305175781,8.720000267028809,43000
2025-08-29,7.980123043060303,8.699999809265137,8.699999809265137,8.680000305175781,8.699999809265137,14100
2025-09-02,7.943432807922363,8.65999984741211,8.65999984741211,8.630000114440918,8.65999984741211,19500
2025-09-03,7.925088405609131,8.640000343322754,8.699999809265137,8.630000114440918,8.6899995803833,33000
2025-09-04,7.8975701332092285,8.609999656677246,8.670000076293945,8.609999656677246,8.645000457763672,60700
2025-09-05,7.888397216796875,8.600000381469727,8.637999534606934,8.550000190734863,8.600000381469727,127200
2025-09-08,7.8975701332092285,8.609999656677246,8.609999656677246,8.579999923706055,8.590999603271484,23500
2025-09-09,7.934258937835693,8.649999618530273,8.649999618530273,8.585000038146973,8.600000381469727,141800
2025-09-10,7.9617791175842285,8.680000305175781,8.699999809265137,8.607000350952148,8.65999984741211,46200
2025-09-11,8.071849822998047,8.800000190734863,8.826000213623047,8.619999885559082,8.619999885559082,55900
2025-09-12,8.062675476074219,8.789999961853027,8.800000190734863,8.760000228881836,8.800000190734863,19700
2025-09-15,8.044331550598145,8.770000457763672,8.810999870300293,8.729999542236328,8.729999542236328,76700
2025-09-16,8.044331550598145,8.770000457763672,8.819999694824219,8.739999771118164,8.774999618530273,20000
2025-09-17,8.117711067199707,8.850000381469727,8.850000381469727,8.779999732971191,8.798999786376953,24300
2025-09-18,8.071849822998047,8.800000190734863,8.84000015258789,8.789999961853027,8.800000190734863,37100
2025-09-19,8.025984764099121,8.75,8.789999961853027,8.699999809265137,8.779999732971191,20700
2025-09-22,8.00763988494873,8.729999542236328,8.829999923706055,8.680000305175781,8.75,30700
2025-09-23,7.943432807922363,8.65999984741211,8.829999923706055,8.609999656677246,8.609999656677246,17700
2025-09-24,7.8975701332092285,8.609999656677246,8.800000190734863,8.5600004196167,8.800000190734863,32100
2025-09-25,7.860878944396973,8.569999694824219,8.720000267028809,8.569999694824219,8.59000015258789,26900
2025-09-26,7.8975701332092285,8.609999656677246,8.722999572753906,8.583000183105469,8.649999618530273,26100
2025-09-29,7.934258937835693,8.649999618530273,8.6899995803833,8.609999656677246,8.649999618530273,19600
2025-09-30,7.925088405609131,8.640000343322754,8.675000190734863,8.61299991607666,8.630000114440918,17900
2025-10-01,7.906741619110107,8.619999885559082,8.65999984741211,8.609999656677246,8.65999984741211,26100
2025-10-02,7.870051860809326,8.579999923706055,8.63700008392334,8.539999961853027,8.630000114440918,23100
2025-10-03,7.860878944396973,8.569999694824219,8.640000343322754,8.520000457763672,8.579999923706055,49700
2025-10-06,7.980123043060303,8.699999809265137,8.75,8.619999885559082,8.619999885559082,36000
2025-10-07,8.00763988494873,8.729999542236328,8.729999542236328,8.670000076293945,8.699999809265137,21500
2025-10-08,8.025984764099121,8.75,8.779999732971191,8.699999809265137,8.770000457763672,25800
2025-10-09,8.025984764099121,8.75,8.819999694824219,8.699999809265137,8.789999961853027,36600
2025-10-10,7.980123043060303,8.699999809265137,8.779999732971191,8.670000076293945,8.6850004196167,29300
2025-10-13,8.062675476074219,8.789999961853027,8.8100004196167,8.670000076293945,8.789999961853027,32400
2025-10-14,8.062675476074219,8.789999961853027,8.850000381469727,8.75,8.789999961853027,28500
2025-10-15,8.035157203674316,8.760000228881836,8.84000015258789,8.6899995803833,8.819999694824219,28900
2025-10-16,8.081021308898926,8.8100004196167,8.84000015258789,8.680000305175781,8.680000305175781,118100
2025-10-17,7.998467445373535,8.720000267028809,8.821000099182129,8.720000267028809,8.8100004196167,15000
2025-10-20,7.989295482635498,8.710000038146973,8.734999656677246,8.600000381469727,8.699999809265137,18500
2025-10-21,7.970950126647949,8.6899995803833,8.744999885559082,8.65999984741211,8.689000129699707,14300
2025-10-22,7.943432807922363,8.65999984741211,8.680000305175781,8.59000015258789,8.680000305175781,20100
2025-10-23,7.934258937835693,8.649999618530273,8.649999618530273,8.62399959564209,8.649999618530273,12000
2025-10-24,7.906741619110107,8.619999885559082,8.6899995803833,8.609999656677246,8.6899995803833,21100
2025-10-27,7.970950126647949,8.6899995803833,8.6899995803833,8.619999885559082,8.649999618530273,25500
2025-10-28,7.943432807922363,8.65999984741211,8.6899995803833,8.635000228881836,8.6899995803833,7900
2025-10-29,7.943432807922363,8.65999984741211,8.6899995803833,8.600000381469727,8.6899995803833,5900
2025-10-30,7.943432807922363,8.65999984741211,8.680000305175781,8.619999885559082,8.65999984741211,23700
2025-10-31,7.915914535522461,8.630000114440918,8.680000305175781,8.59000015258789,8.680000305175781,16200
2025-11-03,7.915914535522461,8.630000114440918,8.680000305175781,8.619999885559082,8.680000305175781,24100
2025-11-04,7.8792243003845215,8.59000015258789,8.609999656677246,8.5600004196167,8.59000015258789,15700
2025-11-05,7.934258937835693,8.649999618530273,8.670000076293945,8.609999656677246,8.609999656677246,24100
2025-11-06,7.915914535522461,8.630000114440918,8.670000076293945,8.628999710083008,8.670000076293945,15000
2025-11-07,8.016812324523926,8.739999771118164,8.739999771118164,8.628999710083008,8.640000343322754,20600
2025-11-10,8.090193748474121,8.819999694824219,8.869999885559082,8.739999771118164,8.739999771118164,42600
2025-11-11,8.108538627624512,8.84000015258789,8.843999862670898,8.78600025177002,8.8149995803833,16300
2025-11-12,8.117711067199707,8.850000381469727,8.880000114440918,8.829999923706055,8.880000114440918,18000
2025-11-13,8.081021308898926,8.8100004196167,8.850000381469727,8.739999771118164,8.850000381469727,5900
2025-11-14,8.090193748474121,8.819999694824219,8.829999923706055,8.739999771118164,8.739999771118164,12900
2025-11-17,7.9617791175842285,8.680000305175781,8.741999626159668,8.611000061035156,8.739999771118164,37700
2025-11-18,7.925088405609131,8.640000343322754,8.65999984741211,8.609999656677246,8.65999984741211,14200
2025-11-19,7.952605724334717,8.670000076293945,8.725000381469727,8.619999885559082,8.630000114440918,28000
2025-11-20,7.888397216796875,8.600000381469727,8.75,8.539999961853027,8.75,17400
2025-11-21,7.870051860809326,8.579999923706055,8.65999984741211,8.579999923706055,8.65999984741211,21200
2025-11-24,8.044331550598145,8.770000457763672,8.819999694824219,8.600000381469727,8.600000381469727,47500
2025-11-25,7.998467445373535,8.720000267028809,8.760000228881836,8.619999885559082,8.760000228881836,8400
2025-11-26,7.943432807922363,8.65999984741211,8.776000022888184,8.65999984741211,8.670000076293945,16400
2025-11-28,7.980123043060303,8.699999809265137,8.75,8.649999618530273,8.699999809265137,20700
2025-12-01,7.9617791175842285,8.680000305175781,8.760000228881836,8.630000114440918,8.760000228881836,12500
2025-12-02,7.970950126647949,8.6899995803833,8.789999961853027,8.640000343322754,8.739999771118164,41600
2025-12-03,8.00763988494873,8.729999542236328,8.74899959564209,8.680000305175781,8.699999809265137,3600
2025-12-04,8.00763988494873,8.729999542236328,8.755000114440918,8.6899995803833,8.755000114440918,17100
2025-12-05,8.00763988494873,8.729999542236328,8.789999961853027,8.699999809265137,8.789999961853027,16300
2025-12-08,8.035157203674316,8.760000228881836,8.779999732971191,8.720000267028809,8.734000205993652,6500
2025-12-09,8.301162719726562,9.050000190734863,9.0600004196167,8.829999923706055,8.869999885559082,109100
2025-12-10,8.36536979675293,9.119999885559082,9.140000343322754,8.9399995803833,9.029999732971191,50000
2025-12-11,8.383715629577637,9.140000343322754,9.149999618530273,9.069999694824219,9.140000343322754,24200
2025-12-12,8.310334205627441,9.0600004196167,9.149999618530273,9.039999961853027,9.09000015258789,29100
2025-12-15,8.236954689025879,8.979999542236328,9.140000343322754,8.970000267028809,8.989999771118164,29900
2025-12-16,8.27364444732666,9.020000457763672,9.050000190734863,8.920000076293945,9.050000190734863,34200
2025-12-17,8.291990280151367,9.039999961853027,9.079999923706055,8.960000038146973,9.020000457763672,41100
2025-12-18,8.347024917602539,9.100000381469727,9.100000381469727,9.039999961853027,9.100000381469727,89800
2025-12-19,8.282816886901855,9.029999732971191,9.09000015258789,8.920000076293945,8.989999771118164,25800
2025-12-22,8.301162719726562,9.050000190734863,9.140000343322754,8.970000267028809,9.039999961853027,46100
2025-12-23,8.264472007751465,9.010000228881836,9.118000030517578,8.970000267028809,9.050000190734863,30500
2025-12-24,8.301162719726562,9.050000190734863,9.119999885559082,8.979999542236328,8.979999542236328,34500
2025-12-26,8.27364444732666,9.020000457763672,9.149999618530273,8.970000267028809,9.149999618530273,30100
2025-12-29,8.27364444732666,9.020000457763672,9.100000381469727,8.979999542236328,9.039999961853027,27100
2025-12-30,8.282816886901855,9.029999732971191,9.128999710083008,8.970000267028809,9.039999961853027,39900
2025-12-31,8.227781295776367,8.970000267028809,9.09000015258789,8.960000038146973,9.029999732971191,23500
2026-01-02,8.255298614501953,9.0,9.109999656677246,8.979999542236328,9.100000381469727,13000
2026-01-05,8.291990280151367,9.039999961853027,9.109999656677246,8.98900032043457,9.010000228881836,9900
2026-01-06,8.27364444732666,9.020000457763672,9.119999885559082,8.979999542236328,9.079999923706055,27000
2026-01-07,8.246127128601074,8.989999771118164,9.050000190734863,8.979999542236328,9.010000228881836,16900
2026-01-08,8.255298614501953,9.0,9.029999732971191,8.930000305175781,8.989999771118164,9000
2026-01-09,8.246127128601074,8.989999771118164,9.029999732971191,8.850000381469727,9.029999732971191,37000
2026-01-12,8.282816886901855,9.029999732971191,9.0600004196167,8.9350004196167,8.989999771118164,24700
2026-01-13,8.301162719726562,9.050000190734863,9.09000015258789,9.010000228881836,9.09000015258789,21100
2026-01-14,8.337851524353027,9.09000015258789,9.140000343322754,9.0,9.069999694824219,43400
2026-01-15,8.328680038452148,9.079999923706055,9.149999618530273,9.050000190734863,9.149999618530273,24100
2026-01-16,8.27364444732666,9.020000457763672,9.039999961853027,8.920999526977539,9.0,44200
2026-01-20,8.236954689025879,8.979999542236328,9.003999710083008,8.899999618530273,8.970000267028809,12900
2026-01-21,8.191092491149902,8.930000305175781,9.029999732971191,8.899999618530273,9.029999732971191,21400
2026-01-22,8.191092491149902,8.930000305175781,8.989999771118164,8.880000114440918,8.949999809265137,28200
2026-01-23,8.191092491149902,8.930000305175781,8.970000267028809,8.890000343322754,8.9399995803833,12600
2026-01-26,8.200263023376465,8.9399995803833,8.9399995803833,8.913999557495117,8.9399995803833,20900
2026-01-27,8.218609809875488,8.960000038146973,8.979999542236328,8.90999984741211,8.9399995803833,29500
2026-01-28,8.227781295776367,8.970000267028809,8.989999771118164,8.90999984741211,8.979999542236328,8600
2026-01-29,8.236954689025879,8.979999542236328,8.994999885559082,8.930000305175781,8.949999809265137,43300
2026-01-30,8.218609809875488,8.960000038146973,9.029999732971191,8.899999618530273,9.029999732971191,34000
2026-02-02,8.209436416625977,8.949999809265137,9.020000457763672,8.90999984741211,8.90999984741211,14500
2026-02-03,8.200263023376465,8.9399995803833,9.020000457763672,8.90999984741211,8.989999771118164,21800
2026-02-04,8.163573265075684,8.899999618530273,8.989999771118164,8.789999961853027,8.979999542236328,102800
2026-02-05,8.053503036499023,8.779999732971191,8.9399995803833,8.699999809265137,8.859999656677246,96000
2026-02-06,8.126884460449219,8.859999656677246,8.859999656677246,8.774999618530273,8.829999923706055,29900
2026-02-09,8.053503036499023,8.779999732971191,8.869999885559082,8.755000114440918,8.869999885559082,50600
2026-02-10,7.998467445373535,8.720000267028809,8.805000305175781,8.6899995803833,8.805000305175781,37500
2026-02-11,8.016812324523926,8.739999771118164,8.8100004196167,8.699999809265137,8.800000190734863,12700
2026-02-12,7.952605724334717,8.670000076293945,8.739999771118164,8.670000076293945,8.739999771118164,14100
2026-02-13,7.952605724334717,8.670000076293945,8.779999732971191,8.630000114440918,8.739999771118164,18400
2026-02-17,7.788107395172119,8.380000114440918,8.569999694824219,8.25,8.550000190734863,64600
2026-02-18,7.8717498779296875,8.470000267028809,8.489999771118164,8.350000381469727,8.369999885559082,100700
2026-02-19,8.001861572265625,8.609999656677246,8.640000343322754,8.416000366210938,8.489999771118164,53600
2026-02-20,8.076210975646973,8.6899995803833,8.729999542236328,8.600000381469727,8.619999885559082,28400
2026-02-23,7.946100234985352,8.550000190734863,8.699999809265137,8.470000267028809,8.699999809265137,28900
2026-02-24,7.955393314361572,8.5600004196167,8.670000076293945,8.470000267028809,8.5649995803833,9200
2026-02-25,7.9368062019348145,8.539999961853027,8.640000343322754,8.470000267028809,8.640000343322754,16300
2026-02-26,7.983274459838867,8.59000015258789,8.680000305175781,8.479999542236328,8.479999542236328,32400
2026-02-27,7.918218612670898,8.520000457763672,8.680000305175781,8.4399995803833,8.680000305175781,98000
2026-03-02,7.918218612670898,8.520000457763672,8.569999694824219,8.420000076293945,8.420000076293945,10800
2026-03-03,7.788107395172119,8.380000114440918,8.579999923706055,8.270000457763672,8.579999923706055,70300
2026-03-04,7.918218612670898,8.520000457763672,8.640000343322754,8.29800033569336,8.399999618530273,32400
2026-03-05,7.881043434143066,8.479999542236328,8.520000457763672,8.432999610900879,8.520000457763672,7500
2026-03-06,7.611526012420654,8.1899995803833,8.470000267028809,8.020000457763672,8.4399995803833,179100
2026-03-09,7.518589973449707,8.09000015258789,8.180000305175781,7.840000152587891,8.180000305175781,62800
2026-03-10,7.574352264404297,8.149999618530273,8.270000457763672,8.069999694824219,8.199999809265137,32000
2026-03-11,7.592939376831055,8.170000076293945,8.350000381469727,8.140000343322754,8.319999694824219,9800
2026-03-12,7.611526012420654,8.1899995803833,8.34000015258789,8.109999656677246,8.109999656677246,22900
2026-03-13,7.611526012420654,8.1899995803833,8.34000015258789,8.119999885559082,8.34000015258789,14000
2026-03-16,7.74163818359375,8.329999923706055,8.479999542236328,8.140000343322754,8.140000343322754,14800
2026-03-17,7.667288780212402,8.25,8.479000091552734,8.21500015258789,8.34000015258789,31500
2026-03-18,7.648700714111328,8.229999542236328,8.489999771118164,8.140000343322754,8.25,27500
2026-03-19,7.6301140785217285,8.210000038146973,8.229999542236328,8.15999984741211,8.15999984741211,19900
2026-03-20,7.5764007568359375,8.039999961853027,8.220000267028809,8.010000228881836,8.220000267028809,10700
2026-03-23,7.642364501953125,8.109999656677246,8.229999542236328,8.050000190734863,8.229999542236328,30200
2026-03-24,7.632942199707031,8.100000381469727,8.199999809265137,8.039999961853027,8.039999961853027,14200
2026-03-25,7.661211967468262,8.130000114440918,8.180000305175781,8.0600004196167,8.0600004196167,11800
2026-03-26,7.595248222351074,8.0600004196167,8.15999984741211,8.029999732971191,8.149999618530273,6500
2026-03-27,7.614094257354736,8.079999923706055,8.218000411987305,7.940000057220459,8.029999732971191,14100
2026-03-30,7.642364501953125,8.109999656677246,8.170000076293945,7.929999828338623,8.0600004196167,23500
2026-03-31,7.642364501953125,8.109999656677246,8.210000038146973,8.010000228881836,8.1899995803833,20400
2026-04-01,7.736598491668701,8.210000038146973,8.220000267028809,8.100000381469727,8.199999809265137,10200
2026-04-02,7.595248222351074,8.0600004196167,8.210000038146973,7.991000175476074,8.210000038146973,14200
2026-04-06,7.453896999359131,7.909999847412109,8.079999923706055,7.699999809265137,8.079999923706055,48400
2026-04-07,7.41620397567749,7.869999885559082,7.900000095367432,7.769999980926514,7.769999980926514,5800
2026-04-08,7.5292840003967285,7.989999771118164,8.220000267028809,7.954999923706055,8.220000267028809,19200
2026-04-09,7.557554721832275,8.020000457763672,8.069999694824219,7.9039998054504395,7.9039998054504395,8500
2026-04-10,7.5764007568359375,8.039999961853027,8.100000381469727,8.0,8.100000381469727,6400
2026-04-13,7.538707733154297,8.0,8.039999961853027,7.951000213623047,8.039999961853027,14700
2026-04-14,7.51986026763916,7.980000019073486,8.0,7.949999809265137,7.949999809265137,12400
2026-04-15,7.566977500915527,8.029999732971191,8.029999732971191,7.96999979019165,7.980000019073486,21500
2026-04-16,7.538707733154297,8.0,8.039999961853027,7.989999771118164,8.029999732971191,14600
2026-04-17,7.670635223388672,8.140000343322754,8.229999542236328,8.017999649047852,8.079999923706055,25400
2026-04-20,7.606609344482422,7.960000038146973,8.239999771118164,7.860000133514404,8.029999732971191,20200
2026-04-21,7.530160903930664,7.880000114440918,7.929999828338623,7.860000133514404,7.860000133514404,5500
2026-04-22,7.577940940856934,7.929999828338623,8.170000076293945,7.889999866485596,8.039999961853027,13300
2026-04-23,7.597053050994873,7.949999809265137,8.210000038146973,7.820000171661377,7.820000171661377,5600
2026-04-24,7.530160903930664,7.880000114440918,8.069999694824219,7.78000020980835,8.020000457763672,42700
2026-04-27,7.3390398025512695,7.679999828338623,7.880000114440918,7.340000152587891,7.820000171661377,128900
2026-04-28,7.014134883880615,7.340000152587891,7.679999828338623,7.264999866485596,7.679999828338623,107800
2026-04-29,7.071471214294434,7.400000095367432,7.454999923706055,7.360000133514404,7.360000133514404,39300
2026-04-30,7.167031288146973,7.5,7.545000076293945,7.400000095367432,7.400000095367432,28600
2026-05-01,7.205255508422852,7.539999961853027,7.590000152587891,7.494999885559082,7.550000190734863,18000
2026-05-04,7.205255508422852,7.539999961853027,7.619999885559082,7.519999980926514,7.619999885559082,11100
2026-05-05,7.157474994659424,7.489999771118164,7.579999923706055,7.425000190734863,7.579999923706055,17500
2026-05-06,7.1765875816345215,7.510000228881836,7.590000152587891,7.480000019073486,7.510000228881836,25600
2026-05-07,7.157474994659424,7.489999771118164,7.550000190734863,7.449999809265137,7.449999809265137,8700
2026-05-08,7.100139141082764,7.429999828338623,7.545000076293945,7.389999866485596,7.460000038146973,14700
2026-05-11,6.937686920166016,7.260000228881836,7.480000019073486,7.211999893188477,7.440000057220459,50700
2026-05-12,6.8994622230529785,7.21999979019165,7.260000228881836,7.119999885559082,7.260000228881836,27400
2026-05-13,6.966354846954346,7.289999961853027,7.300000190734863,7.199999809265137,7.230000019073486,22600
2026-05-14,6.823013782501221,7.139999866485596,7.309999942779541,6.96999979019165,7.260000228881836,85700
2026-05-15,6.775233745574951,7.090000152587891,7.139999866485596,7.039999961853027,7.139999866485596,25300
2026-05-18,6.823013782501221,7.139999866485596,7.239999771118164,7.03000020980835,7.239999771118164,59600
2026-05-19,6.757958889007568,6.960000038146973,7.059999942779541,6.940000057220459,7.059999942779541,24900
2026-05-20,6.9278788566589355,7.135000228881836,7.269999980926514,6.985000133514404,7.269999980926514,46600
2026-05-21,6.952153205871582,7.159999847412109,7.179999828338623,7.090000152587891,7.179999828338623,21100
2026-05-22,6.893895149230957,7.099999904632568,7.289999961853027,7.090000152587891,7.099999904632568,71600
2026-05-26,6.855056285858154,7.059999942779541,7.21999979019165,7.050000190734863,7.090000152587891,35000
2026-05-27,6.835636615753174,7.039999961853027,7.229000091552734,6.980000019073486,7.099999904632568,58300
2026-05-28,6.94244384765625,7.150000095367432,7.239999771118164,6.980000019073486,7.199999809265137,27200
2026-05-29,7.000701904296875,7.210000038146973,7.25,7.105000019073486,7.179999828338623,21200
2026-06-01,7.321122169494629,7.539999961853027,7.579999923706055,7.239999771118164,7.239999771118164,26500
2026-06-02,7.301702976226807,7.519999980926514,7.590000152587891,7.489999771118164,7.590000152587891,10400
2026-06-03,7.427928924560547,7.650000095367432,7.670000076293945,7.539999961853027,7.590000152587891,32200
2026-06-04,7.379380226135254,7.599999904632568,7.679999828338623,7.599999904632568,7.679999828338623,9000
2026-06-05,7.0783796310424805,7.289999961853027,7.519999980926514,7.150000095367432,7.409999847412109,26200
2026-06-08,7.214315414428711,7.429999828338623,7.519999980926514,7.28000020980835,7.28000020980835,20000
2026-06-09,7.224025249481201,7.440000057220459,7.510000228881836,7.329999923706055,7.409999847412109,10400
2026-06-10,7.204605579376221,7.420000076293945,7.53000020980835,7.28000020980835,7.489999771118164,12800
2026-06-11,7.219170093536377,7.434999942779541,7.489999771118164,7.400000095367432,7.489999771118164,6300
2026-06-12,7.243444442749023,7.460000038146973,7.53000020980835,7.454999923706055,7.454999923706055,7400
2026-06-15,7.392003059387207,7.61299991607666,7.659999847412109,7.590000152587891,7.659999847412109,11200
2026-06-16,7.566778182983398,7.793000221252441,7.800000190734863,7.599999904632568,7.679999828338623,23100
2026-06-17,7.398799896240234,7.619999885559082,7.75,7.619999885559082,7.75,26600
2026-06-18,7.316010475158691,7.422999858856201,7.505000114440918,7.422999858856201,7.5,8900
2026-06-22,7.2903852462768555,7.396999835968018,7.480000019073486,7.396999835968018,7.409999847412109,11300
2026-06-23,7.244062423706055,7.349999904632568,7.480000019073486,7.329999923706055,7.389999866485596,32200
2026-06-24,7.184927463531494,7.289999961853027,7.369999885559082,7.28000020980835,7.349999904632568,11200
2026-06-25,7.219422817230225,7.324999809265137,7.539999961853027,7.269999980926514,7.28000020980835,21900
2026-06-26,7.244062423706055,7.349999904632568,7.53000020980835,7.3379998207092285,7.369999885559082,21400
2026-06-29,7.322909355163574,7.429999828338623,7.510000228881836,7.300000190734863,7.329999923706055,26000
2026-06-30,7.372189044952393,7.480000019073486,7.53000020980835,7.425000190734863,7.489999771118164,12900
2026-07-01,7.490459442138672,7.599999904632568,7.644999980926514,7.520999908447266,7.579999923706055,14400
2026-07-02,7.529882907867432,7.639999866485596,7.644000053405762,7.570000171661377,7.599999904632568,6700
2026-07-06,7.510170936584473,7.619999885559082,7.650000095367432,7.619999885559082,7.639999866485596,4700
2026-07-07,7.522983551025391,7.632999897003174,7.690000057220459,7.599999904632568,7.690000057220459,10300
2026-07-08,7.431324005126953,7.539999961853027,7.644999980926514,7.510000228881836,7.570000171661377,13700
2026-07-09,7.559450626373291,7.670000076293945,7.670000076293945,7.599999904632568,7.599999904632568,10700
2026-07-10,7.697432518005371,7.809999942779541,7.809999942779541,7.630000114440918,7.630000114440918,24100
2026-07-13,7.618585586547852,7.730000019073486,7.820000171661377,7.710000038146973,7.710000038146973,8000
2026-07-14,7.648153305053711,7.760000228881836,7.78000020980835,7.420000076293945,7.630000114440918,34700
2026-07-15,7.687576770782471,7.800000190734863,7.800000190734863,7.739999771118164,7.769999980926514,6100
2026-07-16,7.628441333770752,7.739999771118164,7.820000171661377,7.579999923706055,7.820000171661377,10600
2026-07-17,7.756567478179932,7.869999885559082,7.869999885559082,7.739999771118164,7.760000228881836,30900
2026-07-20,7.7270002365112305,7.840000152587891,7.849999904632568,7.775000095367432,7.849999904632568,30600
2026-07-21,7.78000020980835,7.78000020980835,7.817999839782715,7.630000114440918,7.699999809265137,21700
2026-07-22,7.739999771118164,7.739999771118164,7.869999885559082,7.639999866485596,7.869999885559082,17700
2026-07-23,7.675000190734863,7.675000190734863,7.760000228881836,7.409999847412109,7.78000020980835,6548
