Date,Adjusted_Close,Close,High,Low,Open,Volume
2022-04-13,26.10407066345215,26.850000381469727,28.5,26.549999237060547,28.200000762939453,11900700
2022-04-14,27.222126007080078,28.0,28.5,26.889999389648438,27.3799991607666,3106100
2022-04-18,26.629070281982422,27.389999389648438,29.100000381469727,27.354000091552734,28.649999618530273,1497200
2022-04-19,25.53046417236328,26.260000228881836,27.709999084472656,25.889999389648438,27.059999465942383,1521400
2022-04-20,24.96657371520996,25.68000030517578,26.969999313354492,24.68000030517578,26.25,2870800
2022-04-21,23.06102752685547,23.719999313354492,26.520000457763672,22.860000610351562,26.229999542236328,1818200
2022-04-22,23.527694702148438,24.200000762939453,24.850000381469727,22.649999618530273,23.43000030517578,988300
2022-04-25,24.305469512939453,25.0,26.459999084472656,24.549999237060547,25.270000457763672,2085300
2022-04-26,24.937410354614258,25.649999618530273,26.565000534057617,25.020000457763672,25.399999618530273,1290600
2022-04-27,26.41518211364746,27.170000076293945,27.809999465942383,25.850000381469727,26.200000762939453,1637000
2022-04-28,26.49295997619629,27.25,27.972999572753906,25.520000457763672,27.850000381469727,1342100
2022-04-29,26.259628295898438,27.010000228881836,27.3799991607666,26.5,27.0,647300
2022-05-02,24.4512996673584,25.149999618530273,26.81999969482422,24.030000686645508,26.690000534057617,1088200
2022-05-03,24.8887996673584,25.600000381469727,26.15999984741211,24.770000457763672,24.770000457763672,627000
2022-05-04,25.39435577392578,26.1200008392334,26.700000762939453,25.43000030517578,25.950000762939453,837100
2022-05-05,25.442964553833008,26.170000076293945,26.6200008392334,25.020000457763672,26.219999313354492,848600
2022-05-06,26.152685165405273,26.899999618530273,27.3799991607666,25.799999237060547,26.15999984741211,726100
2022-05-09,23.138803482055664,23.799999237060547,26.780000686645508,23.43199920654297,26.540000915527344,1305900
2022-05-10,23.94574737548828,24.6299991607666,25.59000015258789,23.968000411987305,24.6200008392334,605700
2022-05-11,23.391582489013672,24.059999465942383,25.799999237060547,23.81999969482422,25.1200008392334,684800
2022-05-12,23.245750427246094,23.90999984741211,24.579999923706055,23.020000457763672,23.540000915527344,430000
2022-05-13,23.32352638244629,23.989999771118164,24.860000610351562,23.81999969482422,24.059999465942383,504400
2022-05-16,24.033246994018555,24.719999313354492,25.5,24.479999542236328,24.479999542236328,468800
2022-05-17,24.636022567749023,25.34000015258789,25.729999542236328,24.420000076293945,24.90999984741211,410100
2022-05-18,23.89713478088379,24.579999923706055,25.75,23.260000228881836,25.450000762939453,576900
2022-05-19,23.498525619506836,24.170000076293945,24.625,23.920000076293945,24.270000457763672,208900
2022-05-20,23.138803482055664,23.799999237060547,25.59000015258789,23.422000885009766,25.200000762939453,537400
2022-05-23,23.44991683959961,24.1200008392334,24.200000762939453,23.382999420166016,23.93000030517578,373400
2022-05-24,23.527694702148438,24.200000762939453,24.709999084472656,23.889999389648438,24.0,352600
2022-05-25,26.045745849609375,26.790000915527344,26.979999542236328,24.549999237060547,24.549999237060547,905700
2022-05-26,26.230457305908203,26.979999542236328,27.834999084472656,26.809999465942383,27.040000915527344,585700
2022-05-27,25.705463409423828,26.440000534057617,28.229999542236328,25.75,26.979999542236328,633400
2022-05-31,25.909626007080078,26.649999618530273,27.389999389648438,25.260000228881836,26.350000381469727,273000
2022-06-01,27.999900817871094,28.799999237060547,29.229999542236328,26.850000381469727,26.8700008392334,1367000
2022-06-02,28.554065704345703,29.3700008392334,29.3700008392334,27.65999984741211,28.75,1128800
2022-06-03,29.049894332885742,29.8799991607666,30.738000869750977,28.3700008392334,29.350000381469727,1647700
2022-06-06,27.338790893554688,28.1200008392334,30.81999969482422,27.530000686645508,30.469999313354492,1128100
2022-06-07,28.75823211669922,29.579999923706055,29.579999923706055,27.75,27.860000610351562,929800
2022-06-08,27.397127151489258,28.18000030517578,29.75,27.75,29.309999465942383,601300
2022-06-09,26.016572952270508,26.760000228881836,28.17099952697754,26.389999389648438,27.829999923706055,896300
2022-06-10,26.4735164642334,27.229999542236328,27.78700065612793,26.149999618530273,26.350000381469727,734700
2022-06-13,24.529081344604492,25.229999542236328,26.420000076293945,25.082000732421875,26.290000915527344,707500
2022-06-14,26.259628295898438,27.010000228881836,27.389999389648438,25.219999313354492,25.229999542236328,805800
2022-06-15,24.47074317932129,25.170000076293945,27.350000381469727,24.270000457763672,27.0,1013000
2022-06-16,22.827693939208984,23.479999542236328,24.920000076293945,23.059999465942383,24.559999465942383,927400
2022-06-17,23.80963897705078,24.489999771118164,24.770000457763672,23.260000228881836,23.670000076293945,2034200
2022-06-21,23.955467224121094,24.639999389648438,25.850000381469727,24.510000228881836,24.770000457763672,601900
2022-06-22,22.069368362426758,22.700000762939453,24.100000381469727,22.670000076293945,23.90999984741211,592900
2022-06-23,20.47492790222168,21.059999465942383,23.100000381469727,20.641000747680664,22.8700008392334,983900
2022-06-24,20.25131607055664,20.829999923706055,21.84000015258789,20.760000228881836,21.0,2972400
2022-06-27,22.574918746948242,23.219999313354492,23.364999771118164,21.010000228881836,21.110000610351562,804600
2022-06-28,21.563810348510742,22.18000030517578,23.739999771118164,21.8700008392334,23.489999771118164,724300
2022-06-29,19.794376373291016,20.360000610351562,22.399999618530273,19.75,22.260000228881836,1164300
2022-06-30,19.366594314575195,19.920000076293945,20.209999084472656,19.010000228881836,19.860000610351562,855700
2022-07-01,18.627710342407227,19.15999984741211,19.989999771118164,18.399999618530273,19.989999771118164,590500
2022-07-05,19.949928283691406,20.520000457763672,20.799999237060547,18.639999389648438,19.5,987600
2022-07-06,19.074934005737305,19.6200008392334,21.729999542236328,18.809999465942383,21.149999618530273,1372300
2022-07-07,20.484651565551758,21.06999969482422,21.739999771118164,20.0,20.0,885000
2022-07-08,20.572153091430664,21.15999984741211,21.510000228881836,20.25,21.079999923706055,422800
2022-07-11,19.83326530456543,20.399999618530273,21.09000015258789,20.15999984741211,21.09000015258789,363000
2022-07-12,19.541597366333008,20.100000381469727,20.530000686645508,19.610000610351562,20.100000381469727,438600
2022-07-13,19.308265686035156,19.860000610351562,20.489999771118164,19.75,19.760000228881836,307000
2022-07-14,18.676321029663086,19.209999084472656,19.510000228881836,18.309999465942383,19.06999969482422,796700
2022-07-15,19.736040115356445,20.299999237060547,20.34000015258789,19.469999313354492,19.540000915527344,350600
2022-07-18,20.06659507751465,20.639999389648438,21.290000915527344,20.520000457763672,20.56999969482422,238500
2022-07-19,20.601314544677734,21.190000534057617,21.75,20.610000610351562,20.8799991607666,392700
2022-07-20,21.048534393310547,21.649999618530273,21.780000686645508,20.770999908447266,21.079999923706055,369700
2022-07-21,20.465208053588867,21.049999237060547,21.184999465942383,20.049999237060547,20.959999084472656,347200
2022-07-22,19.95964813232422,20.530000686645508,21.290000915527344,20.399999618530273,21.0,193100
2022-07-25,20.892980575561523,21.489999771118164,21.639999389648438,20.299999237060547,20.690000534057617,270200
2022-07-26,21.21381378173828,21.81999969482422,22.479999542236328,21.600000381469727,21.84000015258789,402200
2022-07-27,21.767974853515625,22.389999389648438,22.469999313354492,21.260000228881836,21.8799991607666,361500
2022-07-28,21.47631072998047,22.09000015258789,22.799999237060547,21.8700008392334,22.56999969482422,221500
2022-07-29,21.524927139282227,22.139999389648438,22.6200008392334,21.790000915527344,22.389999389648438,345400
2022-08-01,21.554088592529297,22.170000076293945,22.385000228881836,21.299999237060547,21.8700008392334,260700
2022-08-02,22.97353172302246,23.6299991607666,23.709999084472656,22.079999923706055,22.309999465942383,581500
2022-08-03,22.954082489013672,23.610000610351562,24.114999771118164,23.329999923706055,23.719999313354492,401100
2022-08-04,21.981868743896484,22.610000610351562,23.489999771118164,22.53499984741211,23.489999771118164,434600
2022-08-05,21.69019889831543,22.309999465942383,22.8700008392334,21.8799991607666,22.399999618530273,516900
2022-08-08,21.631866455078125,22.25,22.799999237060547,22.135000228881836,22.5,362100
2022-08-09,22.613805770874023,23.260000228881836,23.280000686645508,22.440000534057617,22.5,334000
2022-08-10,22.31241798400879,22.950000762939453,23.5,22.719999313354492,23.489999771118164,281200
2022-08-11,23.342971801757812,24.010000228881836,24.969999313354492,23.40999984741211,23.8700008392334,544300
2022-08-12,24.538799285888672,25.239999771118164,25.520000457763672,23.475000381469727,24.18000030517578,706100
2022-08-15,24.6165771484375,25.31999969482422,25.420000076293945,24.25,24.729999542236328,315200
2022-08-16,24.937410354614258,25.649999618530273,26.1200008392334,25.083999633789062,25.31999969482422,533400
2022-08-17,24.59712791442871,25.299999237060547,25.760000228881836,24.90999984741211,25.639999389648438,231200
2022-08-18,25.234569549560547,25.93000030517578,26.25,25.5,25.530000686645508,334500
2022-08-19,24.738243103027344,25.420000076293945,25.899999618530273,25.020000457763672,25.84000015258789,284600
2022-08-22,25.09832191467285,25.790000915527344,26.979999542236328,24.950000762939453,25.290000915527344,557500
2022-08-23,25.331884384155273,26.030000686645508,26.65999984741211,25.510000228881836,26.0,509700
2022-08-24,26.295333862304688,27.020000457763672,27.15999984741211,26.049999237060547,26.139999389648438,480500
2022-08-25,26.295333862304688,27.020000457763672,27.5,26.610000610351562,27.399999618530273,385700
2022-08-26,25.896326065063477,26.610000610351562,27.350000381469727,26.56999969482422,27.239999771118164,414700
2022-08-29,26.95709800720215,27.700000762939453,28.450000762939453,26.020000457763672,26.3799991607666,972400
2022-08-30,24.80636978149414,25.489999771118164,27.579999923706055,25.260000228881836,27.489999771118164,630600
2022-08-31,24.991268157958984,25.68000030517578,25.84000015258789,24.520000457763672,25.239999771118164,401600
2022-09-01,24.601999282836914,25.280000686645508,26.224000930786133,24.329999923706055,26.0,635500
2022-09-02,26.56782341003418,27.299999237060547,27.489999771118164,25.40999984741211,25.8799991607666,592200
2022-09-06,26.159088134765625,26.8799991607666,28.18000030517578,26.520000457763672,28.15999984741211,525800
2022-09-07,25.75035285949707,26.459999084472656,26.645000457763672,25.540000915527344,26.559999465942383,423700
2022-09-08,26.489967346191406,27.219999313354492,27.309999465942383,26.329999923706055,26.3700008392334,342800
2022-09-09,26.022844314575195,26.739999771118164,27.989999771118164,26.579999923706055,27.700000762939453,464400
2022-09-12,26.32453155517578,27.049999237060547,27.3700008392334,26.610000610351562,27.079999923706055,244600
2022-09-13,25.52652359008789,26.229999542236328,27.049999237060547,26.030000686645508,26.479999542236328,369700
2022-09-14,27.472881317138672,28.229999542236328,28.780000686645508,26.25,26.25,1036500
2022-09-15,25.545984268188477,26.25,28.229999542236328,25.809999465942383,28.200000762939453,645800
2022-09-16,23.833189010620117,24.489999771118164,25.809999465942383,24.329999923706055,25.809999465942383,650400
2022-09-19,24.34897232055664,25.020000457763672,25.229999542236328,23.610000610351562,23.850000381469727,488600
2022-09-20,24.037553787231445,24.700000762939453,25.1299991607666,24.024999618530273,24.989999771118164,361600
2022-09-21,24.81609535217285,25.5,26.770000457763672,25.1200008392334,25.1200008392334,749300
2022-09-22,23.59962272644043,24.25,25.979999542236328,24.09000015258789,25.700000762939453,450900
2022-09-23,21.91602325439453,22.520000457763672,23.507999420166016,21.687000274658203,23.309999465942383,753900
2022-09-26,21.118013381958008,21.700000762939453,22.780000686645508,21.3799991607666,22.25,448400
2022-09-27,21.90629005432129,22.510000228881836,23.030000686645508,21.8799991607666,22.290000915527344,360400
2022-09-28,24.01808738708496,24.68000030517578,24.940000534057617,22.84000015258789,22.959999084472656,502900
2022-09-29,22.879470825195312,23.510000228881836,24.389999389648438,23.235000610351562,24.280000686645508,362100
2022-09-30,22.77242088317871,23.399999618530273,23.81999969482422,22.884000778198242,23.43000030517578,293100
2022-10-03,24.01808738708496,24.68000030517578,24.954999923706055,24.170000076293945,24.309999465942383,300600
2022-10-04,24.747976303100586,25.43000030517578,25.75,24.729999542236328,25.200000762939453,294900
2022-10-05,23.881847381591797,24.540000915527344,25.44700050354004,24.18199920654297,25.3799991607666,448500
2022-10-06,23.60935401916504,24.260000228881836,25.31999969482422,24.149999618530273,24.299999237060547,472200
2022-10-07,23.54123306274414,24.190000534057617,24.93000030517578,23.575000762939453,23.93000030517578,457300
2022-10-10,22.59724998474121,23.219999313354492,25.309999465942383,23.020000457763672,24.309999465942383,388800
2022-10-11,22.801616668701172,23.43000030517578,23.450000762939453,21.8700008392334,22.8799991607666,407600
2022-10-12,22.38315200805664,23.0,23.6299991607666,22.690000534057617,23.450000762939453,281300
2022-10-13,22.96705436706543,23.600000381469727,24.010000228881836,22.280000686645508,22.690000534057617,353200
2022-10-14,22.237173080444336,22.850000381469727,23.81999969482422,22.509000778198242,23.670000076293945,273300
2022-10-17,23.083837509155273,23.719999313354492,24.3799991607666,23.239999771118164,23.239999771118164,613800
2022-10-18,23.30767059326172,23.950000762939453,24.520000457763672,23.729999542236328,24.200000762939453,198500
2022-10-19,24.01808738708496,24.68000030517578,24.700000762939453,23.729999542236328,23.950000762939453,184400
2022-10-20,24.086212158203125,24.75,25.40999984741211,24.459999084472656,24.850000381469727,179800
2022-10-21,24.845293045043945,25.530000686645508,25.56999969482422,24.399999618530273,24.639999389648438,223700
2022-10-24,24.81609535217285,25.5,26.420000076293945,25.34000015258789,25.75,321600
2022-10-25,25.40973663330078,26.110000610351562,26.735000610351562,25.399999618530273,25.399999618530273,620600
2022-10-26,25.79901123046875,26.510000228881836,27.479999542236328,26.18000030517578,26.40999984741211,603600
2022-10-27,25.75035285949707,26.459999084472656,27.15999984741211,26.360000610351562,26.81999969482422,461800
2022-10-28,25.983919143676758,26.700000762939453,27.64900016784668,26.420000076293945,27.299999237060547,417900
2022-10-31,26.879241943359375,27.6200008392334,28.0,26.700000762939453,26.700000762939453,1147800
2022-11-01,26.100696563720703,26.81999969482422,28.389999389648438,26.799999237060547,28.280000686645508,518000
2022-11-02,25.185909271240234,25.8799991607666,27.08799934387207,25.81999969482422,26.510000228881836,327200
2022-11-03,25.166444778442383,25.860000610351562,26.479999542236328,25.6200008392334,25.639999389648438,378400
2022-11-04,25.906063079833984,26.6200008392334,27.360000610351562,25.93000030517578,26.239999771118164,319400
2022-11-07,26.314794540405273,27.040000915527344,27.399999618530273,26.632999420166016,26.8799991607666,403100
2022-11-08,25.672494888305664,26.3799991607666,27.170000076293945,26.280000686645508,27.15999984741211,441600
2022-11-09,24.475488662719727,25.149999618530273,26.0310001373291,24.674999237060547,25.780000686645508,689100
2022-11-10,25.974184036254883,26.690000534057617,27.190000534057617,25.520000457763672,26.5,823400
2022-11-11,25.400009155273438,26.100000381469727,26.989999771118164,25.8700008392334,26.989999771118164,600100
2022-11-14,25.263761520385742,25.959999084472656,26.450000762939453,25.09000015258789,26.010000228881836,512500
2022-11-15,25.66276741027832,26.3700008392334,26.6200008392334,25.530000686645508,26.049999237060547,387500
2022-11-16,26.139623641967773,26.860000610351562,27.020000457763672,25.799999237060547,26.170000076293945,365900
2022-11-17,25.74062156677246,26.450000762939453,27.049999237060547,25.850000381469727,26.549999237060547,260900
2022-11-18,26.44131088256836,27.170000076293945,27.719999313354492,25.920000076293945,26.510000228881836,393000
2022-11-21,26.660478591918945,27.3700008392334,27.690000534057617,26.200000762939453,27.239999771118164,336400
2022-11-22,29.22229766845703,30.0,30.110000610351562,27.709999084472656,27.90999984741211,845800
2022-11-23,28.384592056274414,29.139999389648438,31.1299991607666,29.110000610351562,30.110000610351562,612000
2022-11-25,28.969039916992188,29.739999771118164,30.059999465942383,29.114999771118164,29.149999618530273,133400
2022-11-28,27.595590591430664,28.329999923706055,29.540000915527344,27.969999313354492,28.850000381469727,338300
2022-11-29,28.07288932800293,28.81999969482422,29.010000228881836,28.34000015258789,28.34000015258789,362900
2022-11-30,27.62481117248535,28.360000610351562,29.520000457763672,27.90999984741211,29.229999542236328,781000
2022-12-01,27.858591079711914,28.600000381469727,29.079999923706055,28.040000915527344,28.31999969482422,311100
2022-12-02,28.881372451782227,29.649999618530273,29.999000549316406,28.200000762939453,28.200000762939453,891500
2022-12-05,27.04036521911621,27.760000228881836,30.479999542236328,27.18000030517578,30.100000381469727,785000
2022-12-06,26.416961669921875,27.1200008392334,27.760000228881836,26.40999984741211,27.549999237060547,546800
2022-12-07,26.631254196166992,27.34000015258789,27.527999877929688,26.84000015258789,26.979999542236328,364200
2022-12-08,26.865034103393555,27.579999923706055,28.040000915527344,27.239999771118164,27.780000686645508,327700
2022-12-09,26.348772048950195,27.049999237060547,27.989999771118164,26.969999313354492,27.520000457763672,272200
2022-12-12,26.602035522460938,27.309999465942383,27.540000915527344,26.940000534057617,27.239999771118164,226900
2022-12-13,27.254667282104492,27.979999542236328,28.459999084472656,27.56999969482422,27.860000610351562,371400
2022-12-14,26.163698196411133,26.860000610351562,28.299999237060547,26.329999923706055,27.770000457763672,291400
2022-12-15,25.890953063964844,26.579999923706055,26.878999710083008,25.65999984741211,25.950000762939453,299300
2022-12-16,25.101953506469727,25.770000457763672,26.15999984741211,25.280000686645508,26.0,364600
2022-12-19,24.527250289916992,25.18000030517578,25.950000762939453,25.010000228881836,25.950000762939453,241700
2022-12-20,24.67336082458496,25.329999923706055,25.649999618530273,25.040000915527344,25.040000915527344,166200
2022-12-21,25.696138381958008,26.3799991607666,26.700000762939453,25.6299991607666,25.809999465942383,210500
2022-12-22,25.08247184753418,25.75,26.46500015258789,25.040000915527344,26.459999084472656,236700
2022-12-23,25.774065017700195,26.459999084472656,26.459999084472656,25.579999923706055,25.780000686645508,98500
2022-12-27,25.676660537719727,26.360000610351562,26.940000534057617,26.299999237060547,26.520000457763672,146900
2022-12-28,25.13117790222168,25.799999237060547,26.350000381469727,25.3799991607666,26.350000381469727,215600
2022-12-29,25.17013931274414,25.84000015258789,26.424999237060547,25.770000457763672,25.780000686645508,188500
2022-12-30,24.400615692138672,25.049999237060547,25.784000396728516,24.719999313354492,25.690000534057617,313900
2023-01-03,24.03046989440918,24.670000076293945,25.450000762939453,24.219999313354492,25.09000015258789,409200
2023-01-04,23.572656631469727,24.200000762939453,24.799999237060547,23.920000076293945,24.149999618530273,400100
2023-01-05,22.793394088745117,23.399999618530273,24.229999542236328,23.059999465942383,24.190000534057617,607100
2023-01-06,22.59857940673828,23.200000762939453,24.1299991607666,23.09000015258789,23.540000915527344,538500
2023-01-09,23.02717399597168,23.639999389648438,24.219999313354492,23.43000030517578,23.540000915527344,238900
2023-01-10,23.1050968170166,23.719999313354492,24.309999465942383,23.329999923706055,23.40999984741211,353500
2023-01-11,23.465511322021484,24.09000015258789,24.489999771118164,23.950000762939453,24.079999923706055,211600
2023-01-12,24.566211700439453,25.219999313354492,25.270000457763672,24.270000457763672,24.31999969482422,240300
2023-01-13,24.429838180541992,25.079999923706055,25.520000457763672,25.040000915527344,25.219999313354492,188800
2023-01-17,23.74798583984375,24.3799991607666,25.34000015258789,24.1299991607666,25.229999542236328,361500
2023-01-18,23.845396041870117,24.479999542236328,24.799999237060547,24.31999969482422,24.639999389648438,300200
2023-01-19,23.86487579345703,24.5,24.895999908447266,24.020000457763672,24.34000015258789,253500
2023-01-20,23.368101119995117,23.989999771118164,24.834999084472656,23.989999771118164,24.649999618530273,193200
2023-01-23,23.348617553710938,23.969999313354492,24.420000076293945,23.674999237060547,23.8700008392334,233400
2023-01-24,22.793394088745117,23.399999618530273,24.100000381469727,23.309999465942383,24.100000381469727,223400
2023-01-25,22.812875747680664,23.420000076293945,23.469999313354492,22.600000381469727,23.25,317600
2023-01-26,23.134315490722656,23.75,23.790000915527344,22.969999313354492,23.540000915527344,329000
2023-01-27,22.773906707763672,23.3799991607666,23.8700008392334,22.94099998474121,23.8700008392334,201700
2023-01-30,22.25765037536621,22.850000381469727,23.780000686645508,22.7450008392334,23.170000076293945,289600
2023-01-31,22.695985794067383,23.299999237060547,23.344999313354492,22.600000381469727,22.829999923706055,299600
2023-02-01,23.31939697265625,23.940000534057617,24.149999618530273,23.079999923706055,23.239999771118164,330100
2023-02-02,22.842100143432617,23.450000762939453,24.149999618530273,22.81999969482422,23.989999771118164,474900
2023-02-03,22.364795684814453,22.959999084472656,23.8799991607666,22.760000228881836,23.389999389648438,199800
2023-02-06,22.238168716430664,22.829999923706055,23.170000076293945,22.25,22.729999542236328,231200
2023-02-07,22.07257652282715,22.65999984741211,23.010000228881836,22.15999984741211,22.850000381469727,196100
2023-02-08,21.780351638793945,22.360000610351562,22.700000762939453,22.05500030517578,22.600000381469727,176500
2023-02-09,21.273832321166992,21.84000015258789,22.600000381469727,21.700000762939453,22.360000610351562,217400
2023-02-10,22.160242080688477,22.75,22.770000457763672,21.850000381469727,21.959999084472656,204800
2023-02-13,22.150501251220703,22.739999771118164,22.8799991607666,22.360000610351562,22.8799991607666,178900
2023-02-14,21.98491096496582,22.56999969482422,23.045000076293945,22.351999282836914,22.549999237060547,134400
2023-02-15,22.121278762817383,22.709999084472656,22.790000915527344,22.0,22.290000915527344,141300
2023-02-16,21.585535049438477,22.15999984741211,22.670000076293945,22.139999389648438,22.520000457763672,180600
2023-02-17,20.93290901184082,21.489999771118164,22.139999389648438,21.399999618530273,22.139999389648438,173500
2023-02-21,20.39716911315918,20.940000534057617,21.34000015258789,20.56999969482422,21.209999084472656,315700
2023-02-22,20.2802734375,20.81999969482422,21.200000762939453,20.459999084472656,20.899999618530273,193600
2023-02-23,20.718610763549805,21.270000457763672,21.65999984741211,20.975000381469727,21.31999969482422,160600
2023-02-24,20.62120246887207,21.170000076293945,21.280000686645508,20.709999084472656,21.040000915527344,133100
2023-02-27,20.591978073120117,21.139999389648438,21.450000762939453,20.959999084472656,21.43000030517578,181200
2023-02-28,21.049795150756836,21.610000610351562,21.799999237060547,21.1200008392334,21.540000915527344,436800
2023-03-01,20.93290901184082,21.489999771118164,21.59000015258789,21.280000686645508,21.489999771118164,187600
2023-03-02,21.059537887573242,21.6200008392334,21.84000015258789,21.075000762939453,21.34000015258789,142100
2023-03-03,21.790096282958984,22.3700008392334,22.469999313354492,21.4950008392334,21.600000381469727,178100
2023-03-06,21.790096282958984,22.3700008392334,22.440000534057617,22.020000457763672,22.31999969482422,167600
2023-03-07,20.854976654052734,21.40999984741211,22.3700008392334,21.399999618530273,22.309999465942383,191000
2023-03-08,21.28357696533203,21.850000381469727,22.020000457763672,21.32200050354004,21.450000762939453,237900
2023-03-09,20.845239639282227,21.399999618530273,22.1200008392334,21.399999618530273,21.90999984741211,163600
2023-03-10,19.978315353393555,20.510000228881836,21.295000076293945,20.395000457763672,21.270000457763672,271400
2023-03-13,19.783498764038086,20.309999465942383,20.600000381469727,19.441999435424805,20.030000686645508,239000
2023-03-14,19.841941833496094,20.3700008392334,21.0,20.18000030517578,20.65999984741211,220100
2023-03-15,19.6568660736084,20.18000030517578,20.3799991607666,19.5,20.0,320000
2023-03-16,19.637386322021484,20.15999984741211,20.34000015258789,19.670000076293945,20.190000534057617,242700
2023-03-17,18.634084701538086,19.1299991607666,20.200000762939453,19.040000915527344,20.040000915527344,435800
2023-03-20,19.14061164855957,19.649999618530273,19.84000015258789,19.06999969482422,19.290000915527344,318200
2023-03-21,19.754274368286133,20.280000686645508,20.6299991607666,19.950000762939453,19.950000762939453,224100
2023-03-22,19.861421585083008,20.389999389648438,20.780000686645508,20.030000686645508,20.309999465942383,236100
2023-03-23,18.682788848876953,19.18000030517578,20.6200008392334,19.1299991607666,20.5,285300
2023-03-24,18.517192840576172,19.010000228881836,19.149999618530273,18.479999542236328,19.149999618530273,263800
2023-03-27,19.199054718017578,19.709999084472656,19.834999084472656,19.25,19.25,216100
2023-03-28,20.718610763549805,21.270000457763672,21.850000381469727,19.75,20.1299991607666,432300
2023-03-29,20.86471939086914,21.420000076293945,21.59000015258789,20.764999389648438,21.59000015258789,308600
2023-03-30,21.059537887573242,21.6200008392334,21.979999542236328,21.459999084472656,21.549999237060547,207500
2023-03-31,21.566057205200195,22.139999389648438,22.15999984741211,21.600000381469727,21.65999984741211,260400
2023-04-03,21.088760375976562,21.649999618530273,22.5,21.459999084472656,22.5,222900
2023-04-04,21.176424026489258,21.739999771118164,22.239999771118164,21.329999923706055,21.5,252300
2023-04-05,21.643985748291016,22.219999313354492,22.219999313354492,21.6299991607666,21.6299991607666,160100
2023-04-06,22.277130126953125,22.8700008392334,23.100000381469727,22.239999771118164,22.40999984741211,187600
2023-04-10,22.588838577270508,23.190000534057617,23.75,22.93000030517578,22.989999771118164,273900
2023-04-11,22.9057559967041,23.489999771118164,24.0,23.209999084472656,23.3799991607666,320300
2023-04-12,22.457199096679688,23.030000686645508,23.600000381469727,22.719999313354492,23.59000015258789,248600
2023-04-13,23.0715274810791,23.65999984741211,23.756999969482422,23.139999389648438,23.139999389648438,167400
2023-04-14,22.798484802246094,23.3799991607666,23.90999984741211,23.209999084472656,23.65999984741211,146300
2023-04-17,22.603464126586914,23.18000030517578,23.739999771118164,23.040000915527344,23.610000610351562,152300
2023-04-18,21.89162254333496,22.450000762939453,23.139999389648438,22.309999465942383,23.139999389648438,160900
2023-04-19,21.5698299407959,22.1200008392334,22.389999389648438,21.920000076293945,22.049999237060547,137100
2023-04-20,20.76047134399414,21.290000915527344,22.049999237060547,21.290000915527344,21.950000762939453,159000
2023-04-21,20.60445213317871,21.1299991607666,21.290000915527344,20.75,21.290000915527344,190000
2023-04-24,21.004255294799805,21.540000915527344,21.739999771118164,21.010000228881836,21.110000610351562,138100
2023-04-25,20.029125213623047,20.540000915527344,21.301000595092773,20.290000915527344,21.25,137700
2023-04-26,19.814598083496094,20.31999969482422,20.649999618530273,20.19700050354004,20.489999771118164,112300
2023-04-27,20.23390007019043,20.75,20.81999969482422,19.93000030517578,20.399999618530273,252000
2023-04-28,20.965248107910156,21.5,21.780000686645508,20.719999313354492,20.719999313354492,183100
2023-05-01,20.965248107910156,21.5,21.700000762939453,21.239999771118164,21.399999618530273,146000
2023-05-02,20.37042236328125,20.889999389648438,21.690000534057617,20.649999618530273,21.5,238400
2023-05-03,20.019372940063477,20.530000686645508,21.139999389648438,20.5,20.84000015258789,139900
2023-05-04,19.51230812072754,20.010000228881836,20.6299991607666,19.829999923706055,20.489999771118164,294900
2023-05-05,20.516693115234375,21.040000915527344,21.239999771118164,20.3700008392334,20.40999984741211,183200
2023-05-08,21.14077377319336,21.68000030517578,21.75,20.799999237060547,21.1299991607666,262700
2023-05-09,21.423559188842773,21.969999313354492,22.030000686645508,21.31999969482422,21.610000610351562,200700
2023-05-10,21.53082275390625,22.079999923706055,22.3799991607666,21.565000534057617,22.350000381469727,192400
2023-05-11,20.68246078491211,21.209999084472656,21.559999465942383,19.850000381469727,20.329999923706055,294500
2023-05-12,20.984752655029297,21.520000457763672,21.639999389648438,21.030000686645508,21.09000015258789,158900
2023-05-15,20.848234176635742,21.3799991607666,21.81999969482422,21.31999969482422,21.81999969482422,143600
2023-05-16,20.60445213317871,21.1299991607666,21.270000457763672,20.979999542236328,21.25,121000
2023-05-17,20.448427200317383,20.969999313354492,21.459999084472656,20.950000762939453,21.31999969482422,135300
2023-05-18,19.6683292388916,20.170000076293945,20.81999969482422,20.139999389648438,20.81999969482422,170900
2023-05-19,19.756088256835938,20.260000228881836,20.457000732421875,20.049999237060547,20.360000610351562,250200
2023-05-22,19.570816040039062,20.06999969482422,20.3700008392334,20.024999618530273,20.31999969482422,155400
2023-05-23,19.41948127746582,19.889999389648438,20.489999771118164,19.8799991607666,20.0,162400
2023-05-24,19.71238899230957,20.190000534057617,20.219999313354492,19.510000228881836,19.889999389648438,167600
2023-05-25,18.960599899291992,19.420000076293945,20.09000015258789,19.34000015258789,19.940000534057617,169600
2023-05-26,19.46830177307129,19.940000534057617,20.010000228881836,19.25,19.5,197300
2023-05-30,18.199050903320312,18.639999389648438,19.93000030517578,18.450000762939453,19.889999389648438,392100
2023-05-31,18.120946884155273,18.559999465942383,18.969999313354492,18.267000198364258,18.459999084472656,322200
2023-06-01,18.902021408081055,19.360000610351562,19.790000915527344,18.350000381469727,18.530000686645508,247200
2023-06-02,19.761201858520508,20.239999771118164,20.260000228881836,19.530000686645508,19.799999237060547,149500
2023-06-05,19.13634490966797,19.600000381469727,20.375,19.450000762939453,20.350000381469727,133900
2023-06-06,19.780731201171875,20.260000228881836,20.260000228881836,19.440000534057617,19.489999771118164,200500
2023-06-07,20.30795669555664,20.799999237060547,20.8700008392334,20.079999923706055,20.40999984741211,218900
2023-06-08,19.966236114501953,20.450000762939453,20.799999237060547,20.209999084472656,20.799999237060547,178200
2023-06-09,19.751440048217773,20.229999542236328,20.496999740600586,20.09000015258789,20.469999313354492,110400
2023-06-12,19.44877052307129,19.920000076293945,20.239999771118164,19.729999542236328,20.010000228881836,164000
2023-06-13,19.341371536254883,19.809999465942383,20.350000381469727,19.780000686645508,20.059999465942383,132700
2023-06-14,19.273029327392578,19.739999771118164,20.1299991607666,19.510000228881836,19.899999618530273,106900
2023-06-15,19.84907341003418,20.329999923706055,20.459999084472656,19.6299991607666,19.6299991607666,184400
2023-06-16,19.575695037841797,20.049999237060547,20.549999237060547,19.979999542236328,20.510000228881836,151600
2023-06-20,19.331613540649414,19.799999237060547,20.110000610351562,19.440000534057617,20.079999923706055,101200
2023-06-21,19.936948776245117,20.420000076293945,20.809999465942383,19.709999084472656,19.709999084472656,184900
2023-06-22,19.692859649658203,20.170000076293945,20.354999542236328,19.604000091552734,20.219999313354492,162800
2023-06-23,19.536643981933594,20.010000228881836,20.43000030517578,19.780000686645508,19.950000762939453,690800
2023-06-26,19.41948127746582,19.889999389648438,20.329999923706055,19.8799991607666,20.030000686645508,127400
2023-06-27,19.370664596557617,19.84000015258789,20.049999237060547,19.420000076293945,19.889999389648438,272000
2023-06-28,19.439008712768555,19.90999984741211,20.06999969482422,19.658000946044922,19.84000015258789,125700
2023-06-29,19.966236114501953,20.450000762939453,20.729999542236328,20.040000915527344,20.040000915527344,148000
2023-06-30,19.84907341003418,20.329999923706055,20.65999984741211,19.93000030517578,20.65999984741211,116000
2023-07-03,20.132219314575195,20.6200008392334,20.690000534057617,20.2450008392334,20.31999969482422,58700
2023-07-05,19.819782257080078,20.299999237060547,20.6299991607666,20.209999084472656,20.6299991607666,114500
2023-07-06,19.673330307006836,20.149999618530273,20.219999313354492,19.8700008392334,20.06999969482422,132400
2023-07-07,20.327482223510742,20.81999969482422,21.0,20.1299991607666,20.1299991607666,172100
2023-07-10,20.112686157226562,20.600000381469727,21.110000610351562,20.450000762939453,20.850000381469727,112400
2023-07-11,20.415353775024414,20.90999984741211,21.05500030517578,20.6299991607666,20.649999618530273,89200
2023-07-12,21.01091957092285,21.520000457763672,21.575000762939453,20.990999221801758,21.25,123500
2023-07-13,20.63991355895996,21.139999389648438,21.950000762939453,21.079999923706055,21.610000610351562,134100
2023-07-14,19.263273239135742,19.729999542236328,21.03700065612793,19.65999984741211,21.020000457763672,289500
2023-07-17,19.917421340942383,20.399999618530273,20.56999969482422,19.81999969482422,19.81999969482422,157700
2023-07-18,19.927181243896484,20.40999984741211,20.649999618530273,20.274999618530273,20.299999237060547,135400
2023-07-19,19.88812828063965,20.3700008392334,20.69499969482422,20.209999084472656,20.40999984741211,123200
2023-07-20,20.073633193969727,20.559999465942383,20.684999465942383,20.170000076293945,20.540000915527344,85400
2023-07-21,20.1907958984375,20.68000030517578,20.790000915527344,20.3799991607666,20.6299991607666,106600
2023-07-24,20.268901824951172,20.760000228881836,21.0049991607666,20.670000076293945,20.670000076293945,128100
2023-07-25,20.522750854492188,21.020000457763672,21.076000213623047,20.75,20.84000015258789,179500
2023-07-26,20.268901824951172,20.760000228881836,21.15999984741211,20.670000076293945,20.959999084472656,117900
2023-07-27,20.054105758666992,20.540000915527344,21.009000778198242,20.399999618530273,20.799999237060547,103100
2023-07-28,20.48369598388672,20.979999542236328,20.989999771118164,20.600000381469727,20.780000686645508,109400
2023-07-31,20.718017578125,21.219999313354492,21.40999984741211,21.049999237060547,21.079999923706055,136100
2023-08-01,20.522750854492188,21.020000457763672,21.079999923706055,20.729999542236328,21.079999923706055,134700
2023-08-02,20.200559616088867,20.690000534057617,20.989999771118164,20.510000228881836,20.809999465942383,81100
2023-08-03,20.737546920776367,21.239999771118164,21.40999984741211,20.56999969482422,20.65999984741211,125700
2023-08-04,20.688732147216797,21.190000534057617,21.68000030517578,21.059999465942383,21.270000457763672,103700
2023-08-07,20.630146026611328,21.1299991607666,21.40999984741211,20.90999984741211,21.200000762939453,134300
2023-08-08,20.991395950317383,21.5,21.510000228881836,20.520000457763672,20.799999237060547,162600
2023-08-09,21.47956657409668,22.0,22.420000076293945,21.690000534057617,21.8700008392334,221600
2023-08-10,20.024816513061523,20.510000228881836,21.239999771118164,19.690000534057617,20.020000457763672,245300
2023-08-11,20.200559616088867,20.690000534057617,20.780000686645508,20.31999969482422,20.399999618530273,100800
2023-08-14,18.970367431640625,19.43000030517578,20.520000457763672,19.360000610351562,20.520000457763672,217100
2023-08-15,19.038707733154297,19.5,19.530000686645508,18.899999618530273,19.260000228881836,128300
2023-08-16,18.765329360961914,19.219999313354492,19.549999237060547,19.149999618530273,19.360000610351562,110800
2023-08-17,18.941070556640625,19.399999618530273,19.4950008392334,19.200000762939453,19.290000915527344,114600
2023-08-18,19.263273239135742,19.729999542236328,19.780000686645508,19.190000534057617,19.190000534057617,137000
2023-08-21,18.687223434448242,19.139999389648438,19.729999542236328,19.110000610351562,19.729999542236328,128900
2023-08-22,18.682340621948242,19.110000610351562,19.31999969482422,19.09000015258789,19.1299991607666,83700
2023-08-23,18.692113876342773,19.1200008392334,19.309999465942383,18.709999084472656,18.969999313354492,159300
2023-08-24,18.115314483642578,18.530000686645508,19.174999237060547,18.5049991607666,19.100000381469727,170900
2023-08-25,18.09576416015625,18.510000228881836,18.59000015258789,18.18000030517578,18.549999237060547,155500
2023-08-28,17.75359535217285,18.15999984741211,18.770000457763672,18.149999618530273,18.6299991607666,140600
2023-08-29,18.525920867919922,18.950000762939453,18.969999313354492,18.010000228881836,18.209999084472656,159800
2023-08-30,18.525920867919922,18.950000762939453,19.329999923706055,18.802000045776367,18.959999084472656,127700
2023-08-31,18.18375015258789,18.600000381469727,19.049999237060547,18.600000381469727,19.049999237060547,176100
2023-09-01,18.701889038085938,19.1299991607666,19.229999542236328,18.850000381469727,18.850000381469727,121900
2023-09-05,18.731216430664062,19.15999984741211,19.59000015258789,18.889999389648438,19.139999389648438,108600
2023-09-06,18.134868621826172,18.549999237060547,19.364999771118164,18.40999984741211,19.25,105300
2023-09-07,17.489639282226562,17.889999389648438,18.559999465942383,17.860000610351562,18.5,190700
2023-09-08,17.44075584411621,17.84000015258789,18.040000915527344,17.704999923706055,17.959999084472656,87000
2023-09-11,17.870912551879883,18.280000686645508,18.299999237060547,17.850000381469727,17.850000381469727,137100
2023-09-12,18.3792724609375,18.799999237060547,18.809999465942383,18.327999114990234,18.399999618530273,145600
2023-09-13,17.567848205566406,17.969999313354492,18.829999923706055,17.969999313354492,18.829999923706055,131900
2023-09-14,17.94912338256836,18.360000610351562,18.559999465942383,18.040000915527344,18.15999984741211,126800
2023-09-15,17.64605712890625,18.049999237060547,18.413000106811523,17.825000762939453,18.3700008392334,219700
2023-09-18,17.57762336730957,17.979999542236328,18.139999389648438,17.739999771118164,18.139999389648438,89000
2023-09-19,17.489639282226562,17.889999389648438,18.190000534057617,17.670000076293945,18.1299991607666,92300
2023-09-20,17.470088958740234,17.8700008392334,18.100000381469727,17.600000381469727,17.899999618530273,187600
2023-09-21,17.167024612426758,17.559999465942383,17.915000915527344,17.530000686645508,17.829999923706055,79000
2023-09-22,17.18657684326172,17.579999923706055,17.829999923706055,17.350000381469727,17.610000610351562,189800
2023-09-25,17.49941635131836,17.899999618530273,18.010000228881836,17.34000015258789,17.399999618530273,93400
2023-09-26,17.06926155090332,17.459999084472656,17.780000686645508,17.218000411987305,17.68000030517578,134300
2023-09-27,17.118139266967773,17.510000228881836,17.969999313354492,17.389999389648438,17.56999969482422,99900
2023-09-28,16.89328956604004,17.280000686645508,17.549999237060547,17.209999084472656,17.459999084472656,82300
2023-09-29,16.65866470336914,17.040000915527344,17.510000228881836,16.899999618530273,17.149999618530273,358800
2023-10-02,16.169851303100586,16.540000915527344,17.139999389648438,16.40999984741211,17.040000915527344,138900
2023-10-03,15.573501586914062,15.930000305175781,16.420000076293945,15.829999923706055,16.309999465942383,241200
2023-10-04,15.299766540527344,15.649999618530273,15.970000267028809,15.539999961853027,15.880000114440918,215900
2023-10-05,15.28999137878418,15.640000343322754,15.739999771118164,15.199999809265137,15.510000228881836,212200
2023-10-06,15.260662078857422,15.609999656677246,15.930000305175781,15.34000015258789,15.640000343322754,113300
2023-10-09,15.319321632385254,15.670000076293945,15.9350004196167,15.630000114440918,15.739999771118164,104700
2023-10-10,15.358424186706543,15.710000038146973,15.800000190734863,15.460000038146973,15.710000038146973,201500
2023-10-11,15.035810470581055,15.380000114440918,15.75,15.289999961853027,15.710000038146973,192800
2023-10-12,14.63498592376709,14.970000267028809,15.364999771118164,14.875,15.220000267028809,238700
2023-10-13,14.869614601135254,15.210000038146973,15.4399995803833,15.039999961853027,15.130000114440918,157200
2023-10-16,15.769026756286621,16.1299991607666,16.149999618530273,15.239999771118164,15.319999694824219,296100
2023-10-17,16.05253791809082,16.420000076293945,16.709999084472656,16.05500030517578,16.110000610351562,239800
2023-10-18,15.407306671142578,15.760000228881836,16.440000534057617,15.699999809265137,16.31999969482422,164600
2023-10-19,15.084692001342773,15.430000305175781,15.729999542236328,15.220000267028809,15.729999542236328,204900
2023-10-20,15.065139770507812,15.40999984741211,15.470000267028809,14.979999542236328,15.470000267028809,195200
2023-10-23,15.055363655090332,15.399999618530273,15.649999618530273,15.045000076293945,15.220000267028809,152500
2023-10-24,15.094467163085938,15.4399995803833,15.600000381469727,15.270000457763672,15.399999618530273,111000
2023-10-25,14.732747077941895,15.069999694824219,15.399999618530273,15.029999732971191,15.380000114440918,99600
2023-10-26,14.615432739257812,14.949999809265137,15.149999618530273,14.819999694824219,15.0600004196167,124800
2023-10-27,14.72297191619873,15.0600004196167,15.079999923706055,14.529999732971191,14.899999618530273,173200
2023-10-30,14.507894515991211,14.84000015258789,15.11299991607666,14.539999961853027,15.079999923706055,135100
2023-10-31,13.901769638061523,14.220000267028809,14.75,14.140000343322754,14.75,203200
2023-11-01,14.087517738342285,14.40999984741211,14.430000305175781,13.699999809265137,14.09000015258789,224700
2023-11-02,14.957601547241211,15.300000190734863,15.3100004196167,14.550000190734863,14.550000190734863,194600
2023-11-03,15.026033401489258,15.369999885559082,15.729999542236328,15.15999984741211,15.579999923706055,136700
2023-11-06,14.830510139465332,15.170000076293945,15.460000038146973,14.989999771118164,15.460000038146973,205600
2023-11-07,14.644760131835938,14.979999542236328,15.119999885559082,14.739999771118164,15.010000228881836,131800
2023-11-08,14.546998977661133,14.880000114440918,15.300000190734863,14.720000267028809,15.300000190734863,186000
2023-11-09,15.690814971923828,16.049999237060547,17.270000457763672,15.875,16.209999084472656,532900
2023-11-10,16.785755157470703,17.170000076293945,17.59000015258789,16.25,16.440000534057617,321700
2023-11-13,17.372325897216797,17.770000457763672,17.860000610351562,17.010000228881836,17.040000915527344,241700
2023-11-14,17.812253952026367,18.219999313354492,18.239999771118164,17.610000610351562,18.010000228881836,255500
2023-11-15,17.85135841369629,18.260000228881836,18.44499969482422,18.0310001373291,18.149999618530273,163900
2023-11-16,17.303892135620117,17.700000762939453,18.239999771118164,17.649999618530273,18.239999771118164,207900
2023-11-17,17.43098258972168,17.829999923706055,17.924999237060547,17.652000427246094,17.899999618530273,166400
2023-11-20,17.8220272064209,18.229999542236328,18.280000686645508,17.780000686645508,17.850000381469727,169700
2023-11-21,17.29411506652832,17.690000534057617,18.059999465942383,17.670000076293945,18.030000686645508,248300
2023-11-22,16.824853897094727,17.209999084472656,17.639999389648438,17.1299991607666,17.510000228881836,191100
2023-11-24,17.010604858398438,17.399999618530273,17.565000534057617,17.018999099731445,17.079999923706055,89400
2023-11-27,16.643468856811523,17.0,17.25,16.8799991607666,17.239999771118164,138400
2023-11-28,16.57493782043457,16.93000030517578,17.219999313354492,16.75,16.809999465942383,168700
2023-11-29,16.428083419799805,16.780000686645508,17.100000381469727,16.75,17.020000457763672,192400
2023-11-30,16.369342803955078,16.719999313354492,16.8799991607666,16.600000381469727,16.799999237060547,193400
2023-12-01,17.181934356689453,17.549999237060547,17.56999969482422,16.452999114990234,16.6299991607666,178900
2023-12-04,16.49661636352539,16.850000381469727,17.540000915527344,16.760000228881836,17.510000228881836,213800
2023-12-05,15.879826545715332,16.219999313354492,16.969999313354492,16.1299991607666,16.850000381469727,281800
2023-12-06,15.380522727966309,15.710000038146973,16.6299991607666,15.649999618530273,16.31999969482422,234600
2023-12-07,15.546957969665527,15.880000114440918,16.149999618530273,15.789999961853027,15.859999656677246,132100
2023-12-08,15.98752212524414,16.329999923706055,16.3799991607666,15.960000038146973,15.960000038146973,115100
2023-12-11,15.71339225769043,16.049999237060547,16.469999313354492,15.984999656677246,16.329999923706055,139200
2023-12-12,15.311992645263672,15.640000343322754,15.979999542236328,15.5,15.979999542236328,154500
2023-12-13,16.242069244384766,16.59000015258789,16.600000381469727,15.576000213623047,15.739999771118164,251200
2023-12-14,15.948360443115234,16.290000915527344,16.81999969482422,16.110000610351562,16.110000610351562,282400
2023-12-15,15.674232482910156,16.010000228881836,16.559999465942383,15.859999656677246,16.559999465942383,258700
2023-12-18,15.742764472961426,16.079999923706055,16.15999984741211,15.779999732971191,16.09000015258789,250300
2023-12-19,16.007104873657227,16.350000381469727,16.459999084472656,16.079999923706055,16.110000610351562,131700
2023-12-20,15.419684410095215,15.75,16.56999969482422,15.710000038146973,16.31999969482422,211400
2023-12-21,15.174928665161133,15.5,15.869999885559082,15.489999771118164,15.850000381469727,375600
2023-12-22,15.742764472961426,16.079999923706055,16.299999237060547,15.600000381469727,15.609999656677246,172500
2023-12-26,15.57632827758789,15.90999984741211,16.145000457763672,15.864999771118164,16.010000228881836,110500
2023-12-27,15.439265251159668,15.770000457763672,15.960000038146973,15.510000228881836,15.960000038146973,145600
2023-12-28,15.311992645263672,15.640000343322754,15.9350004196167,15.579999923706055,15.630000114440918,121900
2023-12-29,15.13576602935791,15.460000038146973,15.729999542236328,15.399999618530273,15.489999771118164,158800
2024-01-02,14.763736724853516,15.079999923706055,15.579999923706055,15.029999732971191,15.470000267028809,202500
2024-01-03,14.695205688476562,15.010000228881836,15.359999656677246,14.920000076293945,15.130000114440918,221800
2024-01-04,14.274222373962402,14.579999923706055,15.15999984741211,14.569999694824219,15.15999984741211,290500
2024-01-05,14.264431953430176,14.569999694824219,14.788999557495117,14.420000076293945,14.670000076293945,409000
2024-01-08,14.68541431427002,15.0,15.010000228881836,14.260000228881836,14.5,303400
2024-01-09,14.5189790725708,14.829999923706055,14.899999618530273,14.607999801635742,14.880000114440918,175100
2024-01-10,14.205689430236816,14.510000228881836,14.880000114440918,14.5,14.770000457763672,99100
2024-01-11,13.863031387329102,14.15999984741211,14.494999885559082,14.079999923706055,14.449999809265137,160700
2024-01-12,14.401496887207031,14.710000038146973,14.949999809265137,14.479999542236328,14.479999542236328,213000
2024-01-16,13.814081192016602,14.109999656677246,14.710000038146973,14.0600004196167,14.710000038146973,216700
2024-01-17,14.17632007598877,14.479999542236328,14.529999732971191,13.670000076293945,13.8100004196167,249700
2024-01-18,14.381916046142578,14.6899995803833,14.699999809265137,14.324999809265137,14.489999771118164,181400
2024-01-19,14.59730052947998,14.90999984741211,14.930000305175781,14.520000457763672,14.75,165400
2024-01-22,15.13576602935791,15.460000038146973,15.90999984741211,14.930000305175781,15.010000228881836,274400
2024-01-23,15.01828384399414,15.34000015258789,15.729999542236328,15.229999542236328,15.510000228881836,144000
2024-01-24,15.06723690032959,15.390000343322754,15.829999923706055,15.359999656677246,15.5,154500
2024-01-25,15.13576602935791,15.460000038146973,15.670000076293945,15.210000038146973,15.65999984741211,217200
2024-01-26,15.214088439941406,15.539999961853027,15.760000228881836,15.239999771118164,15.550000190734863,152700
2024-01-29,15.918990135192871,16.260000228881836,16.299999237060547,15.399999618530273,15.670000076293945,240800
2024-01-30,15.351151466369629,15.680000305175781,16.239999771118164,15.630000114440918,16.049999237060547,140500
2024-01-31,14.998702049255371,15.319999694824219,15.779999732971191,15.3100004196167,15.609999656677246,127500
2024-02-01,15.086816787719727,15.40999984741211,15.600000381469727,15.210000038146973,15.4399995803833,148400
2024-02-02,14.548351287841797,14.859999656677246,15.329999923706055,14.789999961853027,15.329999923706055,126400
2024-02-05,14.00009536743164,14.300000190734863,14.609999656677246,14.199999809265137,14.609999656677246,429700
2024-02-06,13.863031387329102,14.15999984741211,14.515000343322754,14.079999923706055,14.399999618530273,205300
2024-02-07,13.814081192016602,14.109999656677246,14.270000457763672,13.84000015258789,14.270000457763672,217800
2024-02-08,13.686806678771973,13.979999542236328,14.25,13.789999961853027,14.149999618530273,160400
2024-02-09,13.647644996643066,13.9399995803833,14.055000305175781,13.84000015258789,13.920000076293945,146000
2024-02-12,14.039255142211914,14.34000015258789,14.460000038146973,13.970000267028809,13.970000267028809,289000
2024-02-13,13.353937149047852,13.640000343322754,14.15999984741211,13.529999732971191,14.039999961853027,235200
2024-02-14,13.275615692138672,13.5600004196167,13.875,13.380000114440918,13.850000381469727,165200
2024-02-15,13.735757827758789,14.029999732971191,14.149999618530273,13.670000076293945,13.6899995803833,398500
2024-02-16,13.314774513244629,13.600000381469727,14.039999961853027,13.579999923706055,14.0,122200
2024-02-20,13.393096923828125,13.680000305175781,13.760000228881836,13.5,13.630000114440918,180500
2024-02-21,13.539953231811523,13.829999923706055,14.020000457763672,13.550000190734863,13.670000076293945,335400
2024-02-22,13.344146728515625,13.630000114440918,13.9399995803833,13.524999618530273,13.829999923706055,205700
2024-02-23,13.481210708618164,13.770000457763672,13.789999961853027,13.385000228881836,13.5,152300
2024-02-26,13.96093463897705,14.260000228881836,14.354999542236328,13.920000076293945,13.949999809265137,322900
2024-02-27,13.882612228393555,14.180000305175781,14.579999923706055,14.069999694824219,14.369999885559082,145000
2024-02-28,13.598695755004883,13.890000343322754,14.20300006866455,13.859999656677246,14.020000457763672,172300
2024-02-29,15.370732307434082,15.699999809265137,15.890000343322754,13.800000190734863,13.859999656677246,669100
2024-03-01,15.253249168395996,15.579999923706055,15.779999732971191,15.149999618530273,15.779999732971191,336500
2024-03-04,14.675623893737793,14.989999771118164,15.694999694824219,14.989999771118164,15.510000228881836,248100
2024-03-05,14.861639976501465,15.180000305175781,15.789999961853027,14.876999855041504,14.930000305175781,267000
2024-03-06,15.174928665161133,15.5,15.550000190734863,15.050000190734863,15.350000381469727,311000
2024-03-07,15.889615058898926,16.229999542236328,16.264999389648438,15.59000015258789,15.59000015258789,285700
2024-03-08,15.772136688232422,16.110000610351562,17.020000457763672,16.110000610351562,16.209999084472656,306000
2024-03-11,15.615489959716797,15.949999809265137,16.25,15.699999809265137,15.970000267028809,243800
2024-03-12,15.63019847869873,15.9399995803833,16.1299991607666,15.770000457763672,15.899999618530273,188000
2024-03-13,15.659616470336914,15.970000267028809,16.219999313354492,15.84000015258789,15.979999542236328,184600
2024-03-14,15.39486312866211,15.699999809265137,15.949999809265137,15.640000343322754,15.920000076293945,156200
2024-03-15,15.60078239440918,15.90999984741211,16.06999969482422,15.630000114440918,15.630000114440918,297500
2024-03-18,15.551753044128418,15.859999656677246,16.1299991607666,15.859999656677246,15.960000038146973,158100
2024-03-19,15.59097671508789,15.899999618530273,16.110000610351562,15.779999732971191,15.779999732971191,114300
2024-03-20,15.73806095123291,16.049999237060547,16.200000762939453,15.760000228881836,15.789999961853027,185300
2024-03-21,15.87534236907959,16.190000534057617,16.42799949645996,16.030000686645508,16.030000686645508,149600
2024-03-22,15.551753044128418,15.859999656677246,16.299999237060547,15.8100004196167,16.25,112200
2024-03-25,15.649810791015625,15.960000038146973,16.145000457763672,15.649999618530273,15.90999984741211,294300
2024-03-26,15.267390251159668,15.569999694824219,16.059999465942383,15.569999694824219,16.040000915527344,136900
2024-03-27,15.443891525268555,15.75,15.90999984741211,15.569999694824219,15.59000015258789,146100
2024-03-28,15.70864486694336,16.020000457763672,16.15999984741211,15.739999771118164,15.84000015258789,292600
2024-04-01,15.551753044128418,15.859999656677246,16.15999984741211,15.850000381469727,16.110000610351562,118500
2024-04-02,14.904580116271973,15.199999809265137,15.760000228881836,15.1899995803833,15.720000267028809,221300
2024-04-03,15.532142639160156,15.84000015258789,15.84000015258789,15.109999656677246,15.140000343322754,203400
2024-04-04,14.875164985656738,15.170000076293945,15.989999771118164,15.15999984741211,15.960000038146973,184000
2024-04-05,15.071276664733887,15.369999885559082,15.614999771118164,14.9399995803833,15.069999694824219,154600
2024-04-08,15.296807289123535,15.600000381469727,15.78499984741211,15.460000038146973,15.460000038146973,230500
2024-04-09,15.551753044128418,15.859999656677246,15.989999771118164,15.604999542236328,15.800000190734863,178200
2024-04-10,15.492920875549316,15.800000190734863,15.899999618530273,15.460000038146973,15.539999961853027,229200
2024-04-11,15.385056495666504,15.6899995803833,15.850000381469727,15.539999961853027,15.850000381469727,179500
2024-04-12,14.99283218383789,15.289999961853027,15.989999771118164,15.210000038146973,15.720000267028809,248300
2024-04-15,15.00263786315918,15.300000190734863,15.470000267028809,15.140000343322754,15.319999694824219,220000
2024-04-16,14.845747947692871,15.140000343322754,15.350000381469727,14.979999542236328,15.119999885559082,228700
2024-04-17,15.061470031738281,15.359999656677246,15.609999656677246,15.25,15.25,126100
2024-04-18,15.2379732131958,15.539999961853027,15.619999885559082,15.329999923706055,15.390000343322754,165200
2024-04-19,15.924367904663086,16.239999771118164,16.40999984741211,15.479999542236328,15.479999542236328,233800
2024-04-22,16.581348419189453,16.90999984741211,16.979999542236328,16.145000457763672,16.18000030517578,343600
2024-04-23,16.287179946899414,16.610000610351562,17.0,16.459999084472656,16.809999465942383,218500
2024-04-24,16.70882225036621,17.040000915527344,17.059999465942383,16.389999389648438,16.540000915527344,191400
2024-04-25,16.591150283813477,16.920000076293945,17.049999237060547,16.690000534057617,16.920000076293945,123200
2024-04-26,16.87551498413086,17.209999084472656,17.399999618530273,16.899999618530273,17.079999923706055,179800
2024-04-29,16.81668472290039,17.149999618530273,17.56999969482422,17.139999389648438,17.200000762939453,183400
2024-04-30,16.532318115234375,16.860000610351562,17.149999618530273,16.719999313354492,17.149999618530273,190400
2024-05-01,16.493093490600586,16.81999969482422,17.020000457763672,16.739999771118164,16.889999389648438,144900
2024-05-02,16.88532257080078,17.219999313354492,17.229999542236328,16.90999984741211,17.049999237060547,205100
2024-05-03,17.07162857055664,17.40999984741211,17.6200008392334,17.239999771118164,17.40999984741211,151100
2024-05-06,17.601133346557617,17.950000762939453,17.979999542236328,17.59000015258789,17.68000030517578,241200
2024-05-07,17.728609085083008,18.079999923706055,18.209999084472656,17.950000762939453,18.040000915527344,150800
2024-05-08,17.8560791015625,18.209999084472656,18.280000686645508,17.850000381469727,18.010000228881836,255300
2024-05-09,19.1700382232666,19.549999237060547,19.6299991607666,18.219999313354492,18.690000534057617,419800
2024-05-10,18.689558029174805,19.059999465942383,19.75,19.01799964904785,19.5,204700
2024-05-13,18.513059616088867,18.8799991607666,19.3439998626709,18.850000381469727,19.149999618530273,215800
2024-05-14,18.238500595092773,18.600000381469727,19.09000015258789,18.31999969482422,19.09000015258789,152100
2024-05-15,18.0031681060791,18.360000610351562,18.700000762939453,18.299999237060547,18.700000762939453,101600
2024-05-16,18.26791763305664,18.6299991607666,18.739999771118164,18.27199935913086,18.329999923706055,134700
2024-05-17,18.28753089904785,18.649999618530273,19.0,18.6299991607666,18.770000457763672,118800
2024-05-20,18.032581329345703,18.389999389648438,18.84000015258789,18.3700008392334,18.690000534057617,88600
2024-05-21,17.811655044555664,18.139999389648438,18.450000762939453,18.110000610351562,18.31999969482422,82600
2024-05-22,17.507265090942383,17.829999923706055,18.104999542236328,17.770000457763672,17.979999542236328,122300
2024-05-23,16.87885093688965,17.190000534057617,18.09000015258789,17.149999618530273,18.0,270500
2024-05-24,16.849393844604492,17.15999984741211,17.389999389648438,17.139999389648438,17.260000228881836,188600
2024-05-28,16.761022567749023,17.06999969482422,17.315000534057617,16.90999984741211,17.280000686645508,176400
2024-05-29,16.545005798339844,16.850000381469727,17.049999237060547,16.700000762939453,16.8700008392334,248100
2024-05-30,16.810115814208984,17.1200008392334,17.385000228881836,16.829999923706055,16.829999923706055,217700
2024-05-31,17.487628936767578,17.809999465942383,17.8700008392334,17.1200008392334,17.239999771118164,554600
2024-06-03,17.35016441345215,17.670000076293945,17.989999771118164,17.459999084472656,17.989999771118164,199100
2024-06-04,17.23233413696289,17.549999237060547,17.65999984741211,17.239999771118164,17.56999969482422,198500
2024-06-05,17.340343475341797,17.65999984741211,17.709999084472656,17.514999389648438,17.579999923706055,134800
2024-06-06,17.222517013549805,17.540000915527344,17.56999969482422,17.280000686645508,17.559999465942383,145800
2024-06-07,16.99667739868164,17.309999465942383,17.549999237060547,17.219999313354492,17.350000381469727,213000
2024-06-10,16.72174644470215,17.030000686645508,17.260000228881836,16.920000076293945,17.139999389648438,208500
2024-06-11,17.143962860107422,17.459999084472656,17.530000686645508,16.75,16.8799991607666,267100
2024-06-12,17.291250228881836,17.610000610351562,17.989999771118164,17.40999984741211,17.940000534057617,327600
2024-06-13,17.301069259643555,17.6200008392334,17.68000030517578,17.329999923706055,17.520000457763672,192800
2024-06-14,16.869033813476562,17.18000030517578,17.440000534057617,17.040000915527344,17.420000076293945,235000
2024-06-17,16.898487091064453,17.209999084472656,17.420000076293945,17.02199935913086,17.040000915527344,134100
2024-06-18,17.173418045043945,17.489999771118164,17.530000686645508,17.1299991607666,17.219999313354492,218000
2024-06-20,17.310888290405273,17.6299991607666,17.670000076293945,17.3799991607666,17.43000030517578,165700
2024-06-21,17.458171844482422,17.780000686645508,17.940000534057617,17.6299991607666,17.649999618530273,239200
2024-06-24,17.438533782958984,17.760000228881836,17.920000076293945,17.469999313354492,17.790000915527344,160500
2024-06-25,17.46799087524414,17.790000915527344,17.959999084472656,17.450000762939453,17.719999313354492,199500
2024-06-26,17.998218536376953,18.329999923706055,18.360000610351562,17.690000534057617,17.709999084472656,259100
2024-06-27,18.017852783203125,18.350000381469727,18.524999618530273,18.15999984741211,18.40999984741211,96700
2024-06-28,18.106224060058594,18.440000534057617,18.540000915527344,18.100000381469727,18.510000228881836,954400
2024-07-01,18.233875274658203,18.56999969482422,18.84000015258789,18.329999923706055,18.479999542236328,207400
2024-07-02,18.174957275390625,18.510000228881836,18.68000030517578,18.3700008392334,18.68000030517578,123200
2024-07-03,18.351701736450195,18.690000534057617,18.780000686645508,18.5,18.5,104200
2024-07-05,17.566179275512695,17.889999389648438,18.614999771118164,17.719999313354492,18.610000610351562,243400
2024-07-08,17.41889762878418,17.739999771118164,18.139999389648438,17.635000228881836,17.90999984741211,120300
2024-07-09,17.949121475219727,18.280000686645508,18.43000030517578,17.739999771118164,17.799999237060547,226400
2024-07-10,18.037492752075195,18.3700008392334,18.53499984741211,18.174999237060547,18.43000030517578,175300
2024-07-11,18.89174461364746,19.239999771118164,19.309999465942383,18.450000762939453,18.760000228881836,280800
2024-07-12,19.12740135192871,19.479999542236328,19.690000534057617,19.299999237060547,19.469999313354492,177400
2024-07-15,19.03902816772461,19.389999389648438,19.6299991607666,19.190000534057617,19.6299991607666,120800
2024-07-16,19.03902816772461,19.389999389648438,19.656999588012695,19.31999969482422,19.510000228881836,277500
2024-07-17,18.646270751953125,18.989999771118164,19.719999313354492,18.920000076293945,19.360000610351562,270700
2024-07-18,19.353240966796875,19.709999084472656,19.75,18.94300079345703,18.969999313354492,477000
2024-07-19,19.795093536376953,20.15999984741211,20.3700008392334,19.75,19.81999969482422,289500
2024-07-22,19.480884552001953,19.84000015258789,20.15999984741211,19.610000610351562,20.15999984741211,243600
2024-07-23,19.255050659179688,19.610000610351562,19.799999237060547,19.31999969482422,19.719999313354492,130600
2024-07-24,18.862289428710938,19.209999084472656,19.6299991607666,19.209999084472656,19.510000228881836,118400
2024-07-25,18.803373336791992,19.149999618530273,19.389999389648438,18.729999542236328,19.190000534057617,175200
2024-07-26,18.823013305664062,19.170000076293945,19.360000610351562,18.780000686645508,19.360000610351562,152900
2024-07-29,18.31242561340332,18.649999618530273,19.309999465942383,18.649999618530273,19.219999313354492,173100
2024-07-30,19.559436798095703,19.920000076293945,20.010000228881836,18.739999771118164,18.850000381469727,262400
2024-07-31,19.765636444091797,20.1299991607666,20.65999984741211,19.829999923706055,20.0,172100
2024-08-01,19.696901321411133,20.059999465942383,20.420000076293945,19.88800048828125,20.270000457763672,199400
2024-08-02,19.166677474975586,19.520000457763672,19.770000457763672,19.239999771118164,19.729999542236328,167000
2024-08-05,18.116046905517578,18.450000762939453,18.78499984741211,17.540000915527344,18.59000015258789,332600
2024-08-06,18.06694984436035,18.399999618530273,18.649999618530273,18.34000015258789,18.43000030517578,85800
2024-08-07,17.850929260253906,18.18000030517578,18.6299991607666,18.049999237060547,18.459999084472656,107300
2024-08-08,18.656091690063477,19.0,19.594999313354492,18.600000381469727,18.600000381469727,146600
2024-08-09,18.233875274658203,18.56999969482422,18.950000762939453,18.469999313354492,18.93000030517578,107100
2024-08-12,18.980113983154297,19.329999923706055,19.3799991607666,18.770000457763672,18.8700008392334,167600
2024-08-13,18.538259506225586,18.8799991607666,19.40999984741211,18.719999313354492,19.40999984741211,242200
2024-08-14,19.04884910583496,19.399999618530273,19.479999542236328,18.93000030517578,19.059999465942383,103900
2024-08-15,19.097946166992188,19.450000762939453,19.709999084472656,19.440000534057617,19.56999969482422,88000
2024-08-16,19.156858444213867,19.510000228881836,19.799999237060547,19.3799991607666,19.440000534057617,160000
2024-08-19,19.17649269104004,19.530000686645508,19.920000076293945,19.469999313354492,19.559999465942383,127300
2024-08-20,18.999753952026367,19.350000381469727,19.524999618530273,19.200000762939453,19.510000228881836,91600
2024-08-21,18.98500633239746,19.309999465942383,19.520000457763672,19.200000762939453,19.520000457763672,108400
2024-08-22,18.994836807250977,19.31999969482422,19.440000534057617,19.170000076293945,19.270000457763672,105900
2024-08-23,19.270126342773438,19.600000381469727,19.71500015258789,19.479999542236328,19.5,112000
2024-08-26,19.742048263549805,20.079999923706055,20.309999465942383,19.520000457763672,19.780000686645508,178700
2024-08-27,19.56507682800293,19.899999618530273,20.09000015258789,19.809999465942383,20.09000015258789,58100
2024-08-28,19.240629196166992,19.56999969482422,19.795000076293945,19.479999542236328,19.709999084472656,62800
2024-08-29,19.250459671020508,19.579999923706055,19.729999542236328,19.190000534057617,19.670000076293945,175100
2024-08-30,17.923181533813477,18.229999542236328,19.209999084472656,17.75,18.81999969482422,413800
2024-09-03,18.041162490844727,18.350000381469727,18.469999313354492,17.729999542236328,18.110000610351562,346600
2024-09-04,17.91335105895996,18.219999313354492,18.579999923706055,18.059999465942383,18.350000381469727,227500
2024-09-05,17.992006301879883,18.299999237060547,18.520000457763672,18.280000686645508,18.450000762939453,166400
2024-09-06,17.618398666381836,17.920000076293945,18.524999618530273,17.860000610351562,18.299999237060547,214400
2024-09-09,18.208301544189453,18.520000457763672,18.600000381469727,17.93000030517578,17.93000030517578,352400
2024-09-10,17.618398666381836,17.920000076293945,18.440000534057617,17.701000213623047,18.440000534057617,170000
2024-09-11,17.795372009277344,18.100000381469727,18.239999771118164,17.889999389648438,17.899999618530273,154600
2024-09-12,18.198469161987305,18.510000228881836,18.719999313354492,18.1200008392334,18.1200008392334,118100
2024-09-13,18.65073013305664,18.969999313354492,19.15999984741211,18.690000534057617,18.760000228881836,213200
2024-09-16,18.994836807250977,19.31999969482422,19.5,18.889999389648438,18.969999313354492,252300
2024-09-17,20.331951141357422,20.68000030517578,20.68000030517578,19.3799991607666,19.5,245900
2024-09-18,20.331951141357422,20.68000030517578,21.09000015258789,20.309999465942383,20.68000030517578,319500
2024-09-19,20.371273040771484,20.719999313354492,21.040000915527344,20.559999465942383,21.0,259700
2024-09-20,20.489255905151367,20.84000015258789,21.049999237060547,20.280000686645508,20.280000686645508,348500
2024-09-23,21.187307357788086,21.549999237060547,21.59000015258789,20.770000457763672,20.770000457763672,295000
2024-09-24,21.305286407470703,21.670000076293945,21.950000762939453,21.479999542236328,21.729999542236328,278600
2024-09-25,21.20697021484375,21.56999969482422,21.81999969482422,21.360000610351562,21.670000076293945,198600
2024-09-26,20.833364486694336,21.190000534057617,21.58300018310547,20.989999771118164,21.399999618530273,170900
2024-09-27,21.737884521484375,22.110000610351562,22.190000534057617,21.299999237060547,21.299999237060547,284700
2024-09-30,21.639564514160156,22.010000228881836,22.389999389648438,21.885000228881836,22.190000534057617,307700
2024-10-01,22.0328311920166,22.40999984741211,22.604999542236328,21.989999771118164,21.989999771118164,225000
2024-10-02,22.50475311279297,22.889999389648438,23.049999237060547,22.520000457763672,22.520000457763672,212900
2024-10-03,22.966842651367188,23.360000610351562,23.3799991607666,22.729999542236328,22.809999465942383,194100
2024-10-04,22.74071502685547,23.1299991607666,23.579999923706055,23.0,23.34000015258789,140900
2024-10-07,22.68172264099121,23.06999969482422,23.3799991607666,22.770000457763672,23.149999618530273,157100
2024-10-08,22.11148452758789,22.489999771118164,22.950000762939453,22.350000381469727,22.950000762939453,223100
2024-10-09,22.298288345336914,22.68000030517578,22.860000610351562,22.290000915527344,22.299999237060547,179800
2024-10-10,22.180307388305664,22.559999465942383,23.0,22.520000457763672,22.709999084472656,167200
2024-10-11,23.212636947631836,23.610000610351562,23.610000610351562,22.899999618530273,22.940000534057617,236400
2024-10-14,23.35028076171875,23.75,23.959999084472656,23.299999237060547,23.459999084472656,306100
2024-10-15,22.947179794311523,23.34000015258789,23.69499969482422,23.18000030517578,23.280000686645508,188900
2024-10-16,23.27162742614746,23.670000076293945,23.90999984741211,23.30500030517578,23.440000534057617,210500
2024-10-17,22.612905502319336,23.0,23.989999771118164,22.969999313354492,23.690000534057617,144700
2024-10-18,22.947179794311523,23.34000015258789,23.34000015258789,22.790000915527344,23.049999237060547,160200
2024-10-21,22.50475311279297,22.889999389648438,24.1200008392334,22.8799991607666,23.889999389648438,190700
2024-10-22,23.04549789428711,23.440000534057617,23.59000015258789,22.795000076293945,22.920000076293945,241500
2024-10-23,23.08482551574707,23.479999542236328,23.510000228881836,22.989999771118164,23.31999969482422,189300
2024-10-24,22.750545501708984,23.139999389648438,23.770000457763672,23.094999313354492,23.520000457763672,192500
2024-10-25,22.819366455078125,23.209999084472656,23.440000534057617,23.110000610351562,23.31999969482422,106000
2024-10-28,22.888193130493164,23.280000686645508,23.5,22.82200050354004,23.010000228881836,158400
2024-10-29,23.08482551574707,23.479999542236328,23.479999542236328,23.1299991607666,23.260000228881836,145900
2024-10-30,23.251964569091797,23.649999618530273,23.735000610351562,23.375,23.479999542236328,213000
2024-10-31,23.478090286254883,23.8799991607666,24.350000381469727,23.700000762939453,23.700000762939453,255900
2024-11-01,23.871360778808594,24.280000686645508,24.739999771118164,24.0,24.549999237060547,337800
2024-11-04,23.1241512298584,23.520000457763672,24.388999938964844,23.5,24.18000030517578,351800
2024-11-05,24.25479507446289,24.670000076293945,24.709999084472656,23.614999771118164,23.690000534057617,324000
2024-11-06,25.9556827545166,26.399999618530273,26.420000076293945,25.09000015258789,25.209999084472656,397700
2024-11-07,24.018835067749023,24.43000030517578,26.399999618530273,24.309999465942383,26.399999618530273,327600
2024-11-08,26.142480850219727,26.59000015258789,26.84000015258789,24.670000076293945,24.670000076293945,423900
2024-11-11,27.440263748168945,27.90999984741211,28.15999984741211,27.209999084472656,27.700000762939453,310100
2024-11-12,27.489425659179688,27.959999084472656,28.600000381469727,27.700000762939453,28.149999618530273,272900
2024-11-13,26.299789428710938,26.75,28.28499984741211,26.600000381469727,28.18000030517578,441100
2024-11-14,27.115819931030273,27.579999923706055,27.6299991607666,26.639999389648438,26.639999389648438,243200
2024-11-15,27.076494216918945,27.540000915527344,28.40999984741211,27.479999542236328,28.100000381469727,244700
2024-11-18,27.725385665893555,28.200000762939453,29.010000228881836,27.690000534057617,27.690000534057617,354700
2024-11-19,29.347614288330078,29.850000381469727,29.920000076293945,28.25,28.25,371900
2024-11-20,29.05207061767578,29.489999771118164,30.469999313354492,29.34000015258789,29.950000762939453,199900
2024-11-21,29.968257904052734,30.420000076293945,30.540000915527344,29.5,29.5,353300
2024-11-22,30.116031646728516,30.56999969482422,30.889999389648438,30.040000915527344,30.360000610351562,277800
2024-11-25,29.63330841064453,30.079999923706055,30.899999618530273,29.549999237060547,30.65999984741211,323600
2024-11-26,29.702268600463867,30.149999618530273,30.354999542236328,29.469999313354492,29.950000762939453,192200
2024-11-27,30.234249114990234,30.690000534057617,31.889999389648438,30.209999084472656,30.209999084472656,201500
2024-11-29,30.510089874267578,30.969999313354492,31.68000030517578,30.809999465942383,30.809999465942383,138300
2024-12-02,29.68256378173828,30.1299991607666,31.299999237060547,29.489999771118164,30.809999465942383,319700
2024-12-03,29.78108024597168,30.229999542236328,30.5,30.040000915527344,30.360000610351562,153400
2024-12-04,30.57905387878418,31.040000915527344,31.1299991607666,30.389999389648438,30.56999969482422,238100
2024-12-05,31.623310089111328,32.099998474121094,32.25,31.25,31.25,253100
2024-12-06,30.83519172668457,31.299999237060547,32.125,31.030000686645508,31.940000534057617,366900
2024-12-09,29.643157958984375,30.09000015258789,31.5,30.020000457763672,31.030000686645508,361600
2024-12-10,30.382022857666016,30.84000015258789,31.200000762939453,30.020000457763672,30.020000457763672,177900
2024-12-11,30.923852920532227,31.389999389648438,31.610000610351562,30.639999389648438,30.950000762939453,234100
2024-12-12,30.9632625579834,31.43000030517578,31.94499969482422,31.155000686645508,31.299999237060547,294400
2024-12-13,31.367170333862305,31.84000015258789,32.25,31.420000076293945,31.489999771118164,162200
2024-12-16,30.09632682800293,30.549999237060547,31.93000030517578,30.540000915527344,31.649999618530273,317000
2024-12-17,30.313060760498047,30.770000457763672,31.020000457763672,30.049999237060547,30.15999984741211,247400
2024-12-18,28.549644470214844,28.979999542236328,31.024999618530273,28.68000030517578,30.899999618530273,352200
2024-12-19,28.589048385620117,29.020000457763672,29.770000457763672,28.639999389648438,29.559999465942383,187200
2024-12-20,29.327913284301758,29.770000457763672,30.280000686645508,28.610000610351562,28.610000610351562,260000
2024-12-23,29.6037540435791,30.049999237060547,30.360000610351562,29.43000030517578,29.75,168400
2024-12-24,30.09632682800293,30.549999237060547,30.729999542236328,30.09000015258789,30.290000915527344,104700
2024-12-26,29.997814178466797,30.450000762939453,30.549999237060547,29.8700008392334,30.549999237060547,164500
2024-12-27,29.731822967529297,30.18000030517578,30.510000228881836,29.530000686645508,30.40999984741211,204700
2024-12-30,29.68256378173828,30.1299991607666,30.579999923706055,29.809999465942383,30.079999923706055,161700
2024-12-31,29.800785064697266,30.25,30.719999313354492,30.1200008392334,30.25,323100
2025-01-02,30.973112106323242,31.440000534057617,31.450000762939453,30.329999923706055,30.579999923706055,203900
2025-01-03,31.160287857055664,31.6299991607666,31.895000457763672,31.440000534057617,31.729999542236328,116700
2025-01-06,31.229251861572266,31.700000762939453,32.25899887084961,31.40999984741211,31.690000534057617,185000
2025-01-07,29.160438537597656,29.600000381469727,31.010000228881836,27.382999420166016,30.81999969482422,519300
2025-01-08,29.042217254638672,29.479999542236328,29.610000610351562,28.350000381469727,29.40999984741211,239200
2025-01-10,29.28850555419922,29.729999542236328,30.0,29.325000762939453,29.6200008392334,239000
2025-01-13,29.45598030090332,29.899999618530273,30.29199981689453,29.584999084472656,29.850000381469727,191200
2025-01-14,30.510089874267578,30.969999313354492,31.3799991607666,29.610000610351562,29.8700008392334,182800
2025-01-15,31.455835342407227,31.93000030517578,31.93000030517578,30.959999084472656,31.3700008392334,163600
2025-01-16,31.554349899291992,32.029998779296875,32.22999954223633,31.100000381469727,31.700000762939453,222700
2025-01-17,31.849897384643555,32.33000183105469,32.470001220703125,31.690000534057617,32.16999816894531,158000
2025-01-21,31.899152755737305,32.380001068115234,32.9900016784668,32.0099983215332,32.58000183105469,253400
2025-01-22,30.608604431152344,31.06999969482422,32.52000045776367,31.030000686645508,32.41999816894531,169900
2025-01-23,30.79578399658203,31.260000228881836,31.774999618530273,30.844999313354492,31.290000915527344,172400
2025-01-24,30.598756790161133,31.059999465942383,31.530000686645508,30.709999084472656,31.190000534057617,264000
2025-01-27,29.11117935180664,29.549999237060547,30.739999771118164,29.149999618530273,30.739999771118164,295400
2025-01-28,29.85004234313965,30.299999237060547,30.3799991607666,29.299999237060547,29.56999969482422,135000
2025-01-29,30.244102478027344,30.700000762939453,30.8799991607666,30.149999618530273,30.149999618530273,106200
2025-01-30,30.49039077758789,30.950000762939453,31.3700008392334,30.639999389648438,30.950000762939453,111400
2025-01-31,29.42642593383789,29.8700008392334,30.260000228881836,29.31100082397461,30.219999313354492,289000
2025-02-03,29.85004234313965,30.299999237060547,30.299999237060547,28.850000381469727,29.479999542236328,156400
2025-02-04,30.322914123535156,30.780000686645508,30.8700008392334,30.1200008392334,30.139999389648438,176400
2025-02-05,30.726825714111328,31.190000534057617,31.31999969482422,30.790000915527344,31.0,107300
2025-02-06,29.475685119628906,29.920000076293945,31.469999313354492,29.360000610351562,31.469999313354492,338100
2025-02-07,29.800785064697266,30.25,30.40999984741211,29.905000686645508,30.010000228881836,167800
2025-02-10,30.42142677307129,30.8799991607666,31.253999710083008,30.229999542236328,30.549999237060547,150600
2025-02-11,30.066774368286133,30.520000457763672,30.8799991607666,30.121000289916992,30.8799991607666,151300
2025-02-12,29.209692001342773,29.649999618530273,30.5,29.530000686645508,30.18000030517578,150700
2025-02-13,29.347614288330078,29.790000915527344,29.924999237060547,29.3700008392334,29.799999237060547,146700
2025-02-14,28.687564849853516,29.1200008392334,29.825000762939453,28.950000762939453,29.760000228881836,166400
2025-02-18,28.99295997619629,29.43000030517578,29.770000457763672,28.75,28.979999542236328,187700
2025-02-19,29.327913284301758,29.770000457763672,30.0,29.375,29.43000030517578,131800
2025-02-20,29.012664794921875,29.450000762939453,29.65999984741211,28.75,29.6299991607666,157700
2025-02-21,27.929000854492188,28.350000381469727,29.690000534057617,27.969999313354492,29.690000534057617,242200
2025-02-24,27.692562103271484,28.110000610351562,28.350000381469727,27.6200008392334,28.350000381469727,195700
2025-02-25,27.50538444519043,27.920000076293945,28.229999542236328,26.65999984741211,28.229999542236328,320100
2025-02-26,27.603899002075195,28.020000457763672,28.225000381469727,27.420000076293945,27.799999237060547,187700
2025-02-27,28.96340560913086,29.399999618530273,30.674999237060547,28.450000762939453,28.829999923706055,277800
2025-02-28,30.224397659301758,30.68000030517578,31.3700008392334,29.448999404907227,29.729999542236328,433800
2025-03-03,29.554494857788086,30.0,30.719999313354492,29.59000015258789,30.700000762939453,262000
2025-03-04,29.702268600463867,30.149999618530273,30.600000381469727,29.079999923706055,29.889999389648438,413700
2025-03-05,29.298355102539062,29.739999771118164,30.135000228881836,29.239999771118164,29.950000762939453,410600
2025-03-06,28.066917419433594,28.489999771118164,29.55500030517578,28.479999542236328,29.34000015258789,196300
2025-03-07,28.31320571899414,28.739999771118164,29.149999618530273,27.469999313354492,28.15999984741211,308100
2025-03-10,27.879741668701172,28.299999237060547,28.6299991607666,27.40999984741211,28.219999313354492,283600
2025-03-11,27.613750457763672,28.030000686645508,28.799999237060547,27.780000686645508,28.350000381469727,239900
2025-03-12,28.01852798461914,28.3799991607666,28.920000076293945,27.739999771118164,28.40999984741211,239600
2025-03-13,27.969165802001953,28.329999923706055,28.6299991607666,27.610000610351562,28.459999084472656,419400
2025-03-14,27.969165802001953,28.329999923706055,29.1200008392334,28.309999465942383,28.399999618530273,196300
2025-03-17,28.058021545410156,28.420000076293945,28.450000762939453,27.889999389648438,27.940000534057617,198800
2025-03-18,27.98891258239746,28.350000381469727,29.1200008392334,28.239999771118164,28.729999542236328,174100
2025-03-19,28.531906127929688,28.899999618530273,28.969999313354492,28.34000015258789,28.350000381469727,184500
2025-03-20,28.84783172607422,29.219999313354492,29.360000610351562,28.459999084472656,28.649999618530273,137300
2025-03-21,28.7984676361084,29.170000076293945,29.40999984741211,28.809999465942383,29.040000915527344,325500
2025-03-24,30.35834503173828,30.75,30.829999923706055,29.489999771118164,29.5,243200
2025-03-25,31.30611228942871,31.709999084472656,31.84000015258789,30.645000457763672,30.739999771118164,259500
2025-03-26,31.069169998168945,31.469999313354492,32.5,30.922000885009766,31.979999542236328,303000
2025-03-27,29.489551544189453,29.8700008392334,32.61000061035156,29.540000915527344,31.690000534057617,680600
2025-03-28,27.63349723815918,27.989999771118164,30.200000762939453,26.790000915527344,30.010000228881836,588300
2025-03-31,28.314708709716797,28.68000030517578,28.979999542236328,27.059999465942383,27.700000762939453,357900
2025-04-01,26.3204345703125,26.65999984741211,27.40999984741211,26.549999237060547,27.0,4006000
2025-04-02,26.37967300415039,26.719999313354492,26.93000030517578,26.25,26.790000915527344,2202100
2025-04-03,25.57011604309082,25.899999618530273,26.450000762939453,25.5,25.5,1080800
2025-04-04,24.434762954711914,24.75,25.711999893188477,23.7450008392334,25.5,1389300
2025-04-07,24.839542388916016,25.15999984741211,25.84000015258789,23.25,24.0,914100
2025-04-08,24.385400772094727,24.700000762939453,26.18400001525879,24.209999084472656,25.84000015258789,655700
2025-04-09,25.905784606933594,26.239999771118164,27.155000686645508,24.0,24.389999389648438,616800
2025-04-10,25.115978240966797,25.440000534057617,25.770000457763672,24.68000030517578,25.739999771118164,335300
2025-04-11,25.787317276000977,26.1200008392334,26.170000076293945,25.049999237060547,25.65999984741211,462600
2025-04-14,26.221710205078125,26.559999465942383,26.6299991607666,25.709999084472656,26.520000457763672,833900
2025-04-15,26.053876876831055,26.389999389648438,26.895000457763672,26.280000686645508,26.420000076293945,308000
2025-04-16,26.330310821533203,26.670000076293945,26.81399917602539,26.360000610351562,26.56999969482422,249200
2025-04-17,26.25132942199707,26.59000015258789,27.065000534057617,26.459999084472656,26.790000915527344,745600
2025-04-21,25.86629867553711,26.200000762939453,26.479999542236328,25.90999984741211,25.90999984741211,404300
2025-04-22,25.510881423950195,25.84000015258789,26.75,25.6200008392334,26.75,367500
2025-04-23,25.678714752197266,26.010000228881836,26.375,25.34000015258789,26.350000381469727,364700
2025-04-24,26.201967239379883,26.540000915527344,26.764999389648438,26.174999237060547,26.190000534057617,272200
2025-04-25,26.192092895507812,26.530000686645508,26.600000381469727,26.246000289916992,26.40999984741211,171200
2025-04-28,26.547508239746094,26.889999389648438,26.959999084472656,26.415000915527344,26.520000457763672,270100
2025-04-29,26.51789093017578,26.860000610351562,27.040000915527344,26.489999771118164,26.649999618530273,406700
2025-04-30,25.25419044494629,25.579999923706055,26.450000762939453,25.202999114990234,26.450000762939453,312100
2025-05-01,25.23444366455078,25.559999465942383,26.25,25.200000762939453,25.43000030517578,511800
2025-05-02,25.40228271484375,25.729999542236328,25.950000762939453,25.402999877929688,25.889999389648438,445000
2025-05-05,25.4417724609375,25.770000457763672,25.790000915527344,25.25,25.56999969482422,320000
2025-05-06,25.283809661865234,25.610000610351562,25.959999084472656,25.450000762939453,25.649999618530273,295900
2025-05-07,24.612470626831055,24.93000030517578,25.799999237060547,24.760000228881836,25.799999237060547,272300
2025-05-08,27.149736404418945,27.5,27.920000076293945,25.440000534057617,26.079999923706055,667500
2025-05-09,28.314708709716797,28.68000030517578,28.940000534057617,27.155000686645508,27.540000915527344,475400
2025-05-12,28.74910545349121,29.1200008392334,29.639999389648438,29.1200008392334,29.239999771118164,473300
2025-05-13,29.420442581176758,29.799999237060547,30.100000381469727,29.229999542236328,29.229999542236328,380700
2025-05-14,28.96630096435547,29.34000015258789,29.80500030517578,29.149999618530273,29.510000228881836,498800
2025-05-15,28.87744903564453,29.25,29.579999923706055,28.969999313354492,28.989999771118164,242100
2025-05-16,28.492416381835938,28.860000610351562,29.405000686645508,28.389999389648438,29.15999984741211,429600
2025-05-19,28.768848419189453,29.139999389648438,29.183000564575195,28.489999771118164,28.520000457763672,338000
2025-05-20,29.035409927368164,29.40999984741211,29.559999465942383,28.81999969482422,29.049999237060547,403000
2025-05-21,29.114553451538086,29.43000030517578,30.110000610351562,29.09000015258789,29.440000534057617,503500
2025-05-22,28.17473602294922,28.479999542236328,29.43000030517578,28.40999984741211,29.399999618530273,280100
2025-05-23,28.61991310119629,28.93000030517578,29.219999313354492,28.209999084472656,28.3799991607666,272300
2025-05-27,28.946374893188477,29.260000228881836,29.530000686645508,28.92099952697754,29.1299991607666,258500
2025-05-28,28.520986557006836,28.829999923706055,29.420000076293945,28.6299991607666,29.420000076293945,200200
2025-05-29,28.40226936340332,28.709999084472656,28.920000076293945,28.224000930786133,28.75,195800
2025-05-30,27.828487396240234,28.1299991607666,28.8799991607666,28.010000228881836,28.600000381469727,270200
2025-06-02,28.511091232299805,28.81999969482422,29.110000610351562,28.329999923706055,28.780000686645508,289600
2025-06-03,29.47069549560547,29.790000915527344,29.979999542236328,28.600000381469727,28.950000762939453,336800
2025-06-04,29.35198211669922,29.670000076293945,30.06999969482422,29.1299991607666,29.809999465942383,285400
2025-06-05,30.638046264648438,30.969999313354492,31.149999618530273,30.270000457763672,30.6299991607666,498100
2025-06-06,31.271188735961914,31.610000610351562,31.670000076293945,30.649999618530273,31.110000610351562,307500
2025-06-09,31.488828659057617,31.829999923706055,32.189998626708984,31.440000534057617,31.8700008392334,477800
2025-06-10,30.4302978515625,30.760000228881836,32.12300109863281,30.610000610351562,31.81999969482422,400400
2025-06-11,31.00408172607422,31.34000015258789,31.670000076293945,30.700000762939453,30.799999237060547,322300
2025-06-12,30.420408248901367,30.75,31.325000762939453,30.43000030517578,31.079999923706055,345800
2025-06-13,30.46986961364746,30.799999237060547,31.110000610351562,30.56999969482422,31.040000915527344,413100
2025-06-16,30.4302978515625,30.760000228881836,31.239999771118164,30.440000534057617,30.81999969482422,261200
2025-06-17,29.510265350341797,29.829999923706055,31.010000228881836,29.829999923706055,30.8700008392334,310000
2025-06-18,29.213483810424805,29.530000686645508,30.045000076293945,29.489999771118164,29.829999923706055,290900
2025-06-20,29.025516510009766,29.34000015258789,29.820999145507812,29.229999542236328,29.600000381469727,455900
2025-06-23,28.758413314819336,29.06999969482422,29.65999984741211,28.790000915527344,29.40999984741211,383300
2025-06-24,28.807878494262695,29.1200008392334,29.4950008392334,28.898000717163086,28.899999618530273,354800
2025-06-25,28.273662567138672,28.579999923706055,29.25,28.549999237060547,29.1200008392334,480300
2025-06-26,29.084875106811523,29.399999618530273,29.46500015258789,28.520000457763672,28.6299991607666,461500
2025-06-27,29.17391014099121,29.489999771118164,29.979999542236328,28.809999465942383,29.360000610351562,1500300
2025-06-30,29.005733489990234,29.31999969482422,29.8700008392334,29.149999618530273,29.469999313354492,425700
2025-07-01,28.184627532958984,28.489999771118164,29.3799991607666,28.399999618530273,29.239999771118164,559800
2025-07-02,28.61991310119629,28.93000030517578,29.149999618530273,27.780000686645508,28.6299991607666,631300
2025-07-03,28.639698028564453,28.950000762939453,29.270000457763672,28.299999237060547,28.8700008392334,183300
2025-07-07,27.947200775146484,28.25,29.0,28.18000030517578,28.93000030517578,402800
2025-07-08,27.660308837890625,27.959999084472656,28.584999084472656,27.770000457763672,28.25,532800
2025-07-09,27.323955535888672,27.6200008392334,28.3799991607666,27.579999923706055,28.360000610351562,697600
2025-07-10,26.99749183654785,27.290000915527344,27.700000762939453,26.6200008392334,27.700000762939453,514800
2025-07-11,26.79963493347168,27.09000015258789,27.6200008392334,26.889999389648438,27.309999465942383,315600
2025-07-14,26.39402961730957,26.68000030517578,27.139999389648438,26.649999618530273,26.790000915527344,425800
2025-07-15,26.295101165771484,26.579999923706055,26.823999404907227,26.264999389648438,26.579999923706055,478600
2025-07-16,26.037887573242188,26.31999969482422,26.739999771118164,26.219999313354492,26.610000610351562,515000
2025-07-17,25.473997116088867,25.75,26.4950008392334,25.719999313354492,26.149999618530273,341500
2025-07-18,26.334674835205078,26.6200008392334,26.93000030517578,25.989999771118164,26.020000457763672,522700
2025-07-21,25.098072052001953,25.3700008392334,26.8799991607666,25.329999923706055,26.559999465942383,441800
2025-07-22,24.42536163330078,24.690000534057617,25.3799991607666,24.6299991607666,25.1299991607666,463600
2025-07-23,24.45503807067871,24.719999313354492,24.989999771118164,24.530000686645508,24.600000381469727,315700
2025-07-24,24.45503807067871,24.719999313354492,25.049999237060547,24.565000534057617,24.690000534057617,380600
2025-07-25,23.594362258911133,23.850000381469727,24.780000686645508,23.719999313354492,24.690000534057617,431000
2025-07-28,23.56468391418457,23.81999969482422,24.451000213623047,23.700000762939453,24.270000457763672,396200
2025-07-29,24.42536163330078,24.690000534057617,24.920000076293945,24.1200008392334,24.219999313354492,663100
2025-07-30,24.920000076293945,25.190000534057617,25.559999465942383,24.67099952697754,24.920000076293945,717000
2025-07-31,25.384960174560547,25.65999984741211,25.690000534057617,24.899999618530273,24.899999618530273,496200
2025-08-01,25.28603172302246,25.559999465942383,25.829999923706055,25.329999923706055,25.780000686645508,661500
2025-08-04,24.2967529296875,24.559999465942383,25.760000228881836,24.559999465942383,25.540000915527344,359800
2025-08-05,24.722143173217773,24.989999771118164,25.010000228881836,24.290000915527344,24.809999465942383,618900
2025-08-06,24.3066463470459,24.56999969482422,25.1299991607666,24.479999542236328,25.020000457763672,280900
2025-08-07,24.158254623413086,24.420000076293945,24.950000762939453,24.229999542236328,24.950000762939453,322500
2025-08-08,24.059324264526367,24.31999969482422,24.540000915527344,23.950000762939453,24.5,322100
2025-08-11,23.554792404174805,23.809999465942383,24.56999969482422,21.28499984741211,24.34000015258789,1511600
2025-08-12,23.72296714782715,23.979999542236328,24.059999465942383,23.149999618530273,23.5,767800
2025-08-13,23.990074157714844,24.25,24.90999984741211,23.790000915527344,23.989999771118164,706600
2025-08-14,24.138465881347656,24.399999618530273,24.780000686645508,24.0,24.1200008392334,531400
2025-08-15,23.683399200439453,23.940000534057617,24.549999237060547,23.729999542236328,24.5,716400
2025-08-18,23.49543571472168,23.75,24.020000457763672,23.280000686645508,23.8799991607666,490800
2025-08-19,23.307472229003906,23.559999465942383,23.889999389648438,23.3700008392334,23.75,478700
2025-08-20,23.515928268432617,23.690000534057617,23.84000015258789,23.3799991607666,23.690000534057617,416700
2025-08-21,24.210784912109375,24.389999389648438,24.40999984741211,23.520000457763672,23.610000610351562,341800
2025-08-22,24.32990264892578,24.510000228881836,24.6299991607666,24.03499984741211,24.229999542236328,780900
2025-08-25,24.141298294067383,24.31999969482422,24.801000595092773,24.299999237060547,24.420000076293945,313700
2025-08-26,24.637622833251953,24.81999969482422,24.8799991607666,23.969999313354492,24.15999984741211,417500
2025-08-27,24.260417938232422,24.440000534057617,25.170000076293945,24.3700008392334,24.950000762939453,377400
2025-08-28,24.62769889831543,24.809999465942383,24.81999969482422,24.149999618530273,24.40999984741211,283300
2025-08-29,24.240564346313477,24.420000076293945,24.809999465942383,24.34000015258789,24.799999237060547,277100
2025-09-02,23.64497184753418,23.81999969482422,24.549999237060547,23.719999313354492,24.299999237060547,318700
2025-09-03,23.148645401000977,23.31999969482422,24.020000457763672,23.260000228881836,23.790000915527344,587100
2025-09-04,23.56555938720703,23.739999771118164,23.764999389648438,23.299999237060547,23.329999923706055,323200
2025-09-05,23.525854110717773,23.700000762939453,23.8799991607666,23.229999542236328,23.649999618530273,311200
2025-09-08,22.840925216674805,23.010000228881836,23.889999389648438,22.860000610351562,23.850000381469727,422300
2025-09-09,22.85085105895996,23.020000457763672,23.479999542236328,22.950000762939453,23.100000381469727,228000
2025-09-10,23.545705795288086,23.719999313354492,23.889999389648438,23.190000534057617,23.190000534057617,386200
2025-09-11,23.704530715942383,23.8799991607666,23.90999984741211,23.434999465942383,23.559999465942383,222900
2025-09-12,23.873281478881836,24.049999237060547,24.1200008392334,23.809999465942383,23.899999618530273,290800
2025-09-15,23.704530715942383,23.8799991607666,24.229999542236328,23.7450008392334,23.899999618530273,186500
2025-09-16,23.605266571044922,23.780000686645508,24.100000381469727,23.551000595092773,23.959999084472656,276300
2025-09-17,23.813724517822266,23.989999771118164,24.190000534057617,23.815000534057617,23.850000381469727,250200
2025-09-18,24.171077728271484,24.350000381469727,24.69499969482422,23.920000076293945,23.920000076293945,393700
2025-09-19,23.85342788696289,24.030000686645508,24.440000534057617,23.899999618530273,24.350000381469727,398100
2025-09-22,23.912988662719727,24.09000015258789,24.25,23.690000534057617,23.90999984741211,346600
2025-09-23,24.826229095458984,25.010000228881836,25.5,24.049999237060547,24.1200008392334,527100
2025-09-24,25.183584213256836,25.3700008392334,25.739999771118164,25.149999618530273,25.149999618530273,438900
2025-09-25,24.776596069335938,24.959999084472656,25.68000030517578,24.940000534057617,25.299999237060547,414200
2025-09-26,25.11409568786621,25.299999237060547,25.440000534057617,24.799999237060547,24.989999771118164,399900
2025-09-29,24.7170352935791,24.899999618530273,25.40999984741211,24.725000381469727,25.40999984741211,474200
2025-09-30,25.004905700683594,25.190000534057617,25.290000915527344,24.6299991607666,24.649999618530273,383100
2025-10-01,25.23321533203125,25.420000076293945,25.65999984741211,24.854999542236328,25.059999465942383,315000
2025-10-02,24.885787963867188,25.06999969482422,25.719999313354492,24.94499969482422,25.459999084472656,324300
2025-10-03,25.689834594726562,25.8799991607666,25.940000534057617,25.1299991607666,25.1299991607666,382200
2025-10-06,25.799028396606445,25.989999771118164,27.739999771118164,25.360000610351562,25.889999389648438,607200
2025-10-07,26.662635803222656,26.860000610351562,27.020000457763672,25.714000701904297,26.0,516700
2025-10-08,27.496463775634766,27.700000762939453,27.729999542236328,26.040000915527344,26.809999465942383,537200
2025-10-09,27.3376407623291,27.540000915527344,27.8799991607666,27.1299991607666,27.579999923706055,729500
2025-10-10,26.75197410583496,26.950000762939453,27.725000381469727,26.899999618530273,27.3799991607666,469400
2025-10-13,27.21851921081543,27.420000076293945,27.559999465942383,26.770000457763672,27.1299991607666,480300
2025-10-14,27.317787170410156,27.520000457763672,27.795000076293945,26.899999618530273,27.010000228881836,613600
2025-10-15,28.131757736206055,28.34000015258789,28.454999923706055,27.719999313354492,27.719999313354492,724800
2025-10-16,27.963010787963867,28.170000076293945,28.969999313354492,27.90999984741211,28.59000015258789,406500
2025-10-17,27.11925506591797,27.31999969482422,28.290000915527344,27.1200008392334,28.049999237060547,503800
2025-10-20,27.704919815063477,27.90999984741211,28.260000228881836,27.200000762939453,27.600000381469727,718200
2025-10-21,27.07954978942871,27.280000686645508,28.405000686645508,27.280000686645508,28.010000228881836,404100
2025-10-22,25.650129318237305,25.84000015258789,27.520000457763672,25.459999084472656,27.459999084472656,494000
2025-10-23,25.511159896850586,25.700000762939453,26.3700008392334,25.670000076293945,26.209999084472656,334700
2025-10-24,26.20601463317871,26.399999618530273,26.399999618530273,25.44499969482422,25.760000228881836,520600
2025-10-27,25.05453872680664,25.239999771118164,26.799999237060547,25.09000015258789,26.6200008392334,568300
2025-10-28,25.679908752441406,25.8700008392334,26.059999465942383,24.889999389648438,25.3700008392334,555800
2025-10-29,25.1538028717041,25.34000015258789,26.059999465942383,25.19499969482422,26.059999465942383,311300
2025-10-30,25.818880081176758,26.010000228881836,26.229999542236328,25.190000534057617,25.280000686645508,664500
2025-10-31,25.719614028930664,25.90999984741211,26.219999313354492,25.69499969482422,26.110000610351562,433900
2025-11-03,25.37218475341797,25.559999465942383,25.860000610351562,25.329999923706055,25.860000610351562,392400
2025-11-04,25.411893844604492,25.600000381469727,25.850000381469727,24.899999618530273,25.1299991607666,363900
2025-11-05,26.116676330566406,26.309999465942383,26.479999542236328,25.600000381469727,25.600000381469727,363000
2025-11-06,27.98286247253418,28.190000534057617,30.3700008392334,27.989999771118164,28.719999313354492,991700
2025-11-07,27.36741828918457,27.56999969482422,28.889999389648438,27.350000381469727,28.799999237060547,700500
2025-11-10,27.675138473510742,27.8799991607666,28.219999313354492,27.75,27.799999237060547,341400
2025-11-11,26.94057846069336,27.139999389648438,27.844999313354492,26.875,27.84000015258789,387800
2025-11-12,26.930648803710938,27.1299991607666,27.639999389648438,26.780000686645508,27.100000381469727,415200
2025-11-13,26.305278778076172,26.5,27.30500030517578,26.049999237060547,27.079999923706055,509600
2025-11-14,27.32771110534668,27.530000686645508,27.540000915527344,26.209999084472656,26.290000915527344,411500
2025-11-17,27.04977035522461,27.25,28.5,27.15999984741211,27.729999542236328,598100
2025-11-18,27.069622039794922,27.270000457763672,27.610000610351562,26.700000762939453,27.299999237060547,461500
2025-11-19,26.512100219726562,26.6299991607666,27.270000457763672,26.450000762939453,26.770000457763672,272600
2025-11-20,26.472278594970703,26.59000015258789,27.389999389648438,26.489999771118164,26.889999389648438,393000
2025-11-21,26.63157081604004,26.75,27.010000228881836,25.780000686645508,26.600000381469727,553900
2025-11-24,26.751039505004883,26.8700008392334,27.18000030517578,26.190000534057617,26.549999237060547,363100
2025-11-25,26.611658096313477,26.729999542236328,27.020000457763672,26.360000610351562,26.610000610351562,321900
2025-11-26,27.428028106689453,27.549999237060547,27.649999618530273,26.780000686645508,26.780000686645508,256300
2025-11-28,27.95568084716797,28.079999923706055,28.09000015258789,27.270000457763672,27.399999618530273,195500
2025-12-01,27.746612548828125,27.8700008392334,28.610000610351562,27.729999542236328,27.899999618530273,678700
2025-12-02,27.577363967895508,27.700000762939453,28.100000381469727,27.540000915527344,28.09000015258789,354700
2025-12-03,28.55302619934082,28.68000030517578,28.809999465942383,27.784000396728516,27.920000076293945,299700
2025-12-04,28.732229232788086,28.860000610351562,28.8799991607666,28.3799991607666,28.530000686645508,175500
2025-12-05,28.54306983947754,28.670000076293945,29.329999923706055,28.6200008392334,28.690000534057617,287800
2025-12-08,27.706789016723633,27.829999923706055,28.56999969482422,27.719999313354492,28.56999969482422,224500
2025-12-09,28.105016708374023,28.229999542236328,28.350000381469727,27.719999313354492,27.799999237060547,207400
2025-12-10,27.119401931762695,27.239999771118164,28.270000457763672,27.149999618530273,28.110000610351562,472200
2025-12-11,26.91033172607422,27.030000686645508,27.239999771118164,26.739999771118164,27.040000915527344,299300
2025-12-12,27.119401931762695,27.239999771118164,28.049999237060547,27.190000534057617,27.579999923706055,411100
2025-12-15,26.691303253173828,26.809999465942383,27.31999969482422,26.459999084472656,27.020000457763672,410900
2025-12-16,26.00436019897461,26.1200008392334,26.889999389648438,26.040000915527344,26.549999237060547,376600
2025-12-17,26.183561325073242,26.299999237060547,26.350000381469727,25.665000915527344,26.049999237060547,317800
2025-12-18,26.163652420043945,26.280000686645508,26.700000762939453,26.19499969482422,26.469999313354492,303400
2025-12-19,26.621612548828125,26.739999771118164,26.989999771118164,26.149999618530273,26.149999618530273,332800
2025-12-22,27.139310836791992,27.260000228881836,27.739999771118164,26.920000076293945,26.920000076293945,295300
2025-12-23,28.055238723754883,28.18000030517578,28.229999542236328,27.3700008392334,27.399999618530273,225300
2025-12-24,27.94572639465332,28.06999969482422,28.459999084472656,27.954999923706055,28.110000610351562,106300
2025-12-26,27.726699829101562,27.850000381469727,28.3700008392334,27.479999542236328,28.010000228881836,205300
2025-12-29,27.93577003479004,28.059999465942383,28.31999969482422,27.670000076293945,27.989999771118164,255400
2025-12-30,27.876035690307617,28.0,28.579999923706055,27.8799991607666,28.579999923706055,205700
2025-12-31,27.925813674926758,28.049999237060547,28.239999771118164,27.81999969482422,28.0,205400
2026-01-02,28.21453094482422,28.34000015258789,28.489999771118164,27.649999618530273,27.84000015258789,233200
2026-01-05,28.861652374267578,28.989999771118164,29.549999237060547,28.079999923706055,29.125,288900
2026-01-06,28.035327911376953,28.15999984741211,28.950000762939453,28.010000228881836,28.860000610351562,302400
2026-01-07,28.48333740234375,28.610000610351562,28.719999313354492,27.790000915527344,28.110000610351562,189300
2026-01-08,29.628244400024414,29.760000228881836,29.989999771118164,28.459999084472656,28.610000610351562,314700
2026-01-09,30.315189361572266,30.450000762939453,30.940000534057617,29.979999542236328,30.0,312500
2026-01-12,30.663639068603516,30.799999237060547,30.959999084472656,30.139999389648438,30.25,328600
2026-01-13,31.43023109436035,31.56999969482422,32.31999969482422,30.44499969482422,31.229999542236328,480900
2026-01-14,32.24659729003906,32.38999938964844,32.81999969482422,31.649999618530273,31.65999984741211,393600
2026-01-15,32.72447204589844,32.869998931884766,32.97999954223633,32.0,32.33000183105469,368900
2026-01-16,33.092838287353516,33.2400016784668,33.77000045776367,32.685001373291016,32.75,644400
2026-01-20,33.122703552246094,33.27000045776367,33.560001373291016,32.7400016784668,33.369998931884766,445100
2026-01-21,34.28752517700195,34.439998626708984,34.849998474121094,33.72999954223633,33.779998779296875,569500
2026-01-22,34.84504318237305,35.0,35.0099983215332,34.0099983215332,34.0099983215332,567300
2026-01-23,35.900352478027344,36.060001373291016,36.09000015258789,35.06100082397461,35.349998474121094,374400
2026-01-26,34.745487213134766,34.900001525878906,36.45000076293945,34.88999938964844,36.45000076293945,769300
2026-01-27,35.46229934692383,35.619998931884766,35.9900016784668,34.78499984741211,34.78499984741211,381300
2026-01-28,36.10942077636719,36.27000045776367,36.400001525878906,35.584999084472656,35.869998931884766,435500
2026-01-29,36.567386627197266,36.72999954223633,37.439998626708984,36.16999816894531,36.93000030517578,361300
2026-01-30,37.18463897705078,37.349998474121094,37.58000183105469,36.29999923706055,36.29999923706055,505400
2026-02-02,35.88043975830078,36.040000915527344,37.16999816894531,36.029998779296875,36.560001373291016,465000
2026-02-03,36.388179779052734,36.54999923706055,36.810001373291016,36.06999969482422,36.47999954223633,303200
2026-02-04,35.54194641113281,35.70000076293945,36.84000015258789,35.31700134277344,36.70000076293945,394200
2026-02-05,35.641502380371094,35.79999923706055,36.14400100708008,35.029998779296875,35.2400016784668,309700
2026-02-06,36.945701599121094,37.11000061035156,37.63999938964844,36.54999923706055,37.439998626708984,456800
2026-02-09,38.518707275390625,38.689998626708984,38.72999954223633,37.040000915527344,37.040000915527344,243900
2026-02-10,38.94680404663086,39.119998931884766,39.27799987792969,38.380001068115234,38.56999969482422,222500
2026-02-11,41.01759719848633,41.20000076293945,41.209999084472656,39.900001525878906,39.900001525878906,334900
2026-02-12,40.18131637573242,40.36000061035156,41.53499984741211,40.04999923706055,41.22999954223633,364100
2026-02-13,41.654762268066406,41.84000015258789,41.93000030517578,40.380001068115234,40.380001068115234,292000
2026-02-17,41.595027923583984,41.779998779296875,42.279998779296875,41.189998626708984,41.79999923706055,297700
2026-02-18,41.61493682861328,41.79999923706055,43.03499984741211,41.599998474121094,42.43000030517578,745100
2026-02-19,41.744361877441406,41.93000030517578,42.310001373291016,41.28499984741211,41.95000076293945,316700
2026-02-20,41.9633903503418,42.150001525878906,42.5,41.529998779296875,41.93000030517578,349200
2026-02-23,42.19237518310547,42.380001068115234,43.02000045776367,42.029998779296875,42.59000015258789,309700
2026-02-24,42.252105712890625,42.439998626708984,43.06999969482422,41.59000015258789,43.06999969482422,329000
2026-02-25,42.700111389160156,42.88999938964844,42.91999816894531,41.779998779296875,42.61000061035156,312800
2026-02-26,39.34503173828125,39.52000045776367,42.22999954223633,35.17300033569336,39.709999084472656,893000
2026-02-27,40.07180404663086,40.25,41.099998474121094,39.29999923706055,40.81999969482422,1154200
2026-03-02,41.804100036621094,41.9900016784668,42.939998626708984,40.560001373291016,42.0,873200
2026-03-03,40.18131637573242,40.36000061035156,43.17499923706055,39.70500183105469,43.17499923706055,826600
2026-03-04,38.309635162353516,38.47999954223633,40.040000915527344,38.45000076293945,39.86000061035156,849300
2026-03-05,35.641502380371094,35.79999923706055,38.474998474121094,35.77000045776367,38.16999816894531,1177700
2026-03-06,35.82070541381836,35.97999954223633,36.375,35.349998474121094,36.0,656800
2026-03-09,36.98552703857422,37.150001525878906,37.5,35.66999816894531,35.970001220703125,584300
2026-03-10,35.810752868652344,35.970001220703125,37.709999084472656,35.939998626708984,36.97999954223633,480300
2026-03-11,34.92271423339844,35.0,35.939998626708984,34.959999084472656,35.93000030517578,343600
2026-03-12,33.97481155395508,34.04999923706055,35.0,34.0099983215332,34.959999084472656,399700
2026-03-13,33.53578567504883,33.61000061035156,34.29999923706055,33.209999084472656,34.150001525878906,328600
2026-03-16,33.78523254394531,33.86000061035156,34.720001220703125,33.650001525878906,33.900001525878906,501000
2026-03-17,34.573490142822266,34.650001525878906,34.81999969482422,33.95500183105469,34.22999954223633,287500
2026-03-18,34.064613342285156,34.13999938964844,34.650001525878906,33.90999984741211,34.63999938964844,422900
2026-03-19,34.832916259765625,34.90999984741211,36.13999938964844,33.862998962402344,34.58000183105469,602800
2026-03-20,32.91715621948242,32.9900016784668,35.0,32.84000015258789,34.869998931884766,897900
2026-03-23,34.314064025878906,34.38999938964844,34.540000915527344,32.599998474121094,32.599998474121094,432700
2026-03-24,34.4637336730957,34.540000915527344,35.97999954223633,33.970001220703125,33.970001220703125,506300
2026-03-25,33.426029205322266,33.5,34.27000045776367,32.869998931884766,34.150001525878906,538100
2026-03-26,33.0867805480957,33.15999984741211,34.02000045776367,33.099998474121094,33.52000045776367,491600
2026-03-27,33.38611602783203,33.459999084472656,33.84000015258789,32.79999923706055,32.970001220703125,602200
2026-03-30,33.2364501953125,33.310001373291016,34.16999816894531,33.060001373291016,33.790000915527344,517600
2026-03-31,33.3462028503418,33.41999816894531,34.064998626708984,32.81999969482422,33.599998474121094,745800
2026-04-01,32.09896469116211,32.16999816894531,33.88999938964844,32.16999816894531,33.13999938964844,528500
2026-04-02,32.67768478393555,32.75,32.84000015258789,32.099998474121094,32.099998474121094,349800
2026-04-06,33.0867805480957,33.15999984741211,33.220001220703125,32.43000030517578,32.52000045776367,253900
2026-04-07,33.266380310058594,33.34000015258789,33.650001525878906,32.93000030517578,32.93000030517578,285600
2026-04-08,34.67326736450195,34.75,35.11000061035156,32.31999969482422,32.54999923706055,775000
2026-04-09,34.663291931152344,34.7400016784668,35.59000015258789,33.89500045776367,34.790000915527344,499600
2026-04-10,34.30408477783203,34.380001068115234,35.70000076293945,34.04999923706055,34.68000030517578,328100
2026-04-13,33.715389251708984,33.790000915527344,34.869998931884766,33.33000183105469,34.459999084472656,280100
2026-04-14,33.176578521728516,33.25,33.869998931884766,32.56999969482422,33.5,328300
2026-04-15,33.70541000366211,33.779998779296875,34.189998626708984,33.130001068115234,33.25,225400
2026-04-16,33.98479461669922,34.060001373291016,34.40999984741211,33.75,33.7599983215332,247500
2026-04-17,34.82293701171875,34.900001525878906,34.93000030517578,33.27000045776367,33.470001220703125,384200
2026-04-20,34.77304458618164,34.849998474121094,35.34000015258789,34.43000030517578,34.75,346000
2026-04-21,34.01472473144531,34.09000015258789,35.33000183105469,33.52000045776367,35.029998779296875,501800
2026-04-22,33.98479461669922,34.060001373291016,34.369998931884766,33.79499816894531,34.33000183105469,269900
2026-04-23,33.24642562866211,33.31999969482422,34.7599983215332,33.29999923706055,34.400001525878906,241500
2026-04-24,33.68545150756836,33.7599983215332,33.92499923706055,33.09000015258789,33.43000030517578,315300
2026-04-27,33.485897064208984,33.560001373291016,34.0099983215332,33.150001525878906,33.810001373291016,223800
2026-04-28,33.406070709228516,33.47999954223633,34.220001220703125,33.38999938964844,33.939998626708984,254300
2026-04-29,33.406070709228516,33.47999954223633,33.96500015258789,33.209999084472656,33.630001068115234,390700
2026-04-30,34.82293701171875,34.900001525878906,35.04999923706055,33.400001525878906,33.400001525878906,647200
2026-05-01,34.39388656616211,34.470001220703125,34.875,33.95500183105469,34.720001220703125,246500
2026-05-04,34.30408477783203,34.380001068115234,34.9900016784668,34.290000915527344,34.45000076293945,225700
2026-05-05,35.471500396728516,35.54999923706055,35.61000061035156,34.2599983215332,34.52000045776367,375400
2026-05-06,34.26417541503906,34.34000015258789,35.814998626708984,34.08000183105469,35.27000045776367,613800
2026-05-07,32.98699951171875,33.060001373291016,33.849998474121094,30.825000762939453,30.989999771118164,1041300
2026-05-08,33.81516647338867,33.88999938964844,34.27000045776367,32.2599983215332,32.650001525878906,536000
2026-05-11,35.62117004394531,35.70000076293945,35.88999938964844,33.52199935913086,34.029998779296875,635900
2026-05-12,36.46929168701172,36.54999923706055,36.599998474121094,34.72999954223633,35.70000076293945,535800
2026-05-13,36.14002227783203,36.220001220703125,36.9900016784668,35.63999938964844,36.599998474121094,413500
2026-05-14,36.130043029785156,36.209999084472656,36.7400016784668,36.0,36.33000183105469,200600
2026-05-15,35.63114547729492,35.709999084472656,36.224998474121094,35.41999816894531,35.7599983215332,272200
2026-05-18,35.89057540893555,35.970001220703125,36.43000030517578,35.41999816894531,35.915000915527344,186700
2026-05-19,36.14999771118164,36.22999954223633,36.38999938964844,35.220001220703125,35.630001068115234,254400
2026-05-20,35.630001068115234,35.630001068115234,36.689998626708984,35.584999084472656,36.400001525878906,258800
2026-05-21,35.290000915527344,35.290000915527344,35.9900016784668,35.290000915527344,35.79999923706055,222100
2026-05-22,36.040000915527344,36.040000915527344,36.369998931884766,35.08000183105469,35.150001525878906,254500
2026-05-26,36.040000915527344,36.040000915527344,36.66999816894531,35.790000915527344,36.2599983215332,283500
2026-05-27,34.470001220703125,34.470001220703125,35.529998779296875,34.31999969482422,35.4900016784668,313800
2026-05-28,33.18000030517578,33.18000030517578,34.560001373291016,32.630001068115234,34.470001220703125,530000
2026-05-29,32.939998626708984,32.939998626708984,33.31999969482422,32.599998474121094,33.16999816894531,395300
2026-06-01,32.619998931884766,32.619998931884766,33.529998779296875,32.619998931884766,32.869998931884766,324200
2026-06-02,32.7400016784668,32.7400016784668,32.90999984741211,32.119998931884766,32.61000061035156,434600
2026-06-03,32.45000076293945,32.45000076293945,33.369998931884766,32.45000076293945,32.75,268800
2026-06-04,32.38999938964844,32.38999938964844,33.119998931884766,32.34000015258789,32.529998779296875,309900
2026-06-05,32.22999954223633,32.22999954223633,32.75,32.029998779296875,32.06999969482422,310400
2026-06-08,31.84000015258789,31.84000015258789,33.209999084472656,31.84000015258789,32.59000015258789,293600
2026-06-09,32.119998931884766,32.119998931884766,32.20000076293945,31.530000686645508,31.790000915527344,367700
2026-06-10,32.77000045776367,32.77000045776367,33.130001068115234,32.189998626708984,32.209999084472656,355900
2026-06-11,33.13999938964844,33.13999938964844,33.970001220703125,32.9900016784668,33.16999816894531,404900
2026-06-12,34.25,34.25,34.52000045776367,32.91999816894531,33.150001525878906,393000
2026-06-15,35.040000915527344,35.040000915527344,35.22999954223633,33.45000076293945,33.81999969482422,371000
2026-06-16,34.599998474121094,34.599998474121094,35.63999938964844,34.2400016784668,35.130001068115234,462500
2026-06-17,34.439998626708984,34.439998626708984,34.959999084472656,34.22999954223633,34.43000030517578,301500
2026-06-18,34.560001373291016,34.560001373291016,34.970001220703125,33.97999954223633,34.5099983215332,673500
2026-06-22,35.900001525878906,35.900001525878906,36.25,34.810001373291016,35.04999923706055,275000
2026-06-23,36.060001373291016,36.060001373291016,36.415000915527344,35.36000061035156,35.61000061035156,392700
2026-06-24,35.70000076293945,35.70000076293945,36.09000015258789,35.20000076293945,35.66999816894531,346000
2026-06-25,37.400001525878906,37.400001525878906,37.5,35.810001373291016,35.880001068115234,602600
2026-06-26,37.70000076293945,37.70000076293945,38.435001373291016,37.13999938964844,37.34000015258789,1019000
2026-06-29,37.040000915527344,37.040000915527344,37.939998626708984,37.02000045776367,37.459999084472656,299800
2026-06-30,37.9900016784668,37.9900016784668,38.43000030517578,37.040000915527344,37.2400016784668,466000
2026-07-01,37.97999954223633,37.97999954223633,38.29999923706055,37.33000183105469,37.47999954223633,282200
2026-07-02,37.9900016784668,37.9900016784668,38.665000915527344,37.369998931884766,38.439998626708984,287000
2026-07-06,38.720001220703125,38.720001220703125,39.47999954223633,38.04999923706055,38.04999923706055,291600
2026-07-07,38.779998779296875,38.779998779296875,39.43000030517578,37.88999938964844,37.88999938964844,244500
2026-07-08,39.56999969482422,39.56999969482422,39.85499954223633,38.584999084472656,39.36000061035156,331800
2026-07-09,38.33000183105469,38.33000183105469,39.334999084472656,38.26499938964844,39.029998779296875,207500
2026-07-10,39.0,39.0,39.0,38.279998779296875,38.709999084472656,158800
2026-07-13,39.0,39.0,39.689998626708984,38.959999084472656,39.06999969482422,219200
2026-07-14,38.72999954223633,38.72999954223633,39.5099983215332,38.41999816894531,39.470001220703125,224200
2026-07-15,38.47999954223633,38.47999954223633,39.060001373291016,38.099998474121094,38.45000076293945,223600
2026-07-16,39.470001220703125,39.470001220703125,39.80500030517578,38.20000076293945,38.400001525878906,296300
2026-07-17,38.95000076293945,38.95000076293945,39.9900016784668,38.91999816894531,39.380001068115234,341700
2026-07-20,38.90999984741211,38.90999984741211,40.130001068115234,38.04999923706055,39.279998779296875,431800
2026-07-21,39.4900016784668,39.4900016784668,40.11000061035156,38.61000061035156,39.16999816894531,249200
2026-07-22,39.54999923706055,39.54999923706055,40.0,39.19300079345703,39.47999954223633,292300
2026-07-23,39.915000915527344,39.915000915527344,39.96500015258789,39.382999420166016,39.63999938964844,106596
