Date,Adjusted_Close,Close,High,Low,Open,Volume
2022-03-22,40.74148178100586,47.0,49.0,47.0,48.0,7000
2022-03-23,36.40727996826172,42.0,48.0,42.0,48.0,22900
2022-03-24,38.5041618347168,44.41899871826172,44.45000076293945,44.04999923706055,44.04999923706055,600
2022-03-25,37.28279113769531,43.0099983215332,43.0099983215332,43.0099983215332,43.0099983215332,1100
2022-03-28,37.70753479003906,43.5,44.0,42.000999450683594,44.0,1100
2022-03-29,34.716941833496094,40.04999923706055,43.54999923706055,39.5099983215332,43.5,15500
2022-03-30,31.5703125,36.41999816894531,40.83000183105469,36.400001525878906,40.41999816894531,46100
2022-03-31,28.89177703857422,33.33000183105469,36.36000061035156,33.33000183105469,36.36000061035156,132200
2022-04-01,26.438617706298828,30.5,33.150001525878906,28.594999313354492,32.36000061035156,22998000
2022-04-04,27.21877670288086,31.399999618530273,33.779998779296875,30.1200008392334,30.1200008392334,5199700
2022-04-05,26.00520133972168,30.0,31.280000686645508,30.0,30.56999969482422,4333000
2022-04-06,25.987863540649414,29.979999542236328,30.579999923706055,27.200000762939453,29.889999389648438,7015800
2022-04-07,25.485092163085938,29.399999618530273,30.15999984741211,28.600000381469727,28.780000686645508,5450300
2022-04-08,28.20697593688965,32.540000915527344,34.16999816894531,28.299999237060547,28.899999618530273,3501100
2022-04-11,28.102951049804688,32.41999816894531,32.7400016784668,30.700000762939453,31.770000457763672,1937500
2022-04-12,27.834232330322266,32.11000061035156,33.220001220703125,30.459999084472656,32.5,2213400
2022-04-13,28.917787551879883,33.36000061035156,33.439998626708984,31.0,31.68000030517578,2132600
2022-04-14,28.458356857299805,32.83000183105469,33.560001373291016,32.189998626708984,33.0099983215332,1598900
2022-04-18,27.97292709350586,32.27000045776367,32.75,31.690000534057617,32.36000061035156,926600
2022-04-19,26.81136131286621,30.93000030517578,32.2400016784668,30.420000076293945,31.989999771118164,1038300
2022-04-20,26.984731674194336,31.1299991607666,31.639999389648438,29.8799991607666,30.940000534057617,964500
2022-04-21,26.507965087890625,30.579999923706055,31.290000915527344,29.299999237060547,31.059999465942383,860600
2022-04-22,27.435483932495117,31.649999618530273,31.93000030517578,30.0,30.459999084472656,792100
2022-04-25,28.120288848876953,32.439998626708984,32.529998779296875,30.06999969482422,31.31999969482422,862800
2022-04-26,26.950056076049805,31.09000015258789,32.75,30.90999984741211,31.760000228881836,1023700
2022-04-27,27.435483932495117,31.649999618530273,32.0,30.469999313354492,30.84000015258789,921200
2022-04-28,26.820032119750977,30.940000534057617,31.75,29.959999084472656,31.440000534057617,846700
2022-04-29,26.37794303894043,30.43000030517578,30.860000610351562,29.510000228881836,30.520000457763672,958800
2022-05-02,27.513500213623047,31.739999771118164,31.760000228881836,29.690000534057617,29.75,1029700
2022-05-03,27.851572036743164,32.130001068115234,32.560001373291016,31.100000381469727,31.34000015258789,746900
2022-05-04,28.120288848876953,32.439998626708984,32.849998474121094,31.674999237060547,31.850000381469727,475800
2022-05-05,27.565509796142578,31.799999237060547,33.2400016784668,31.329999923706055,32.08000183105469,269900
2022-05-06,26.05721092224121,30.059999465942383,31.461999893188477,29.8700008392334,31.280000686645508,604900
2022-05-09,25.16436767578125,29.030000686645508,29.7450008392334,28.309999465942383,29.469999313354492,1003300
2022-05-10,24.77428436279297,28.579999923706055,29.05500030517578,27.5,28.739999771118164,929900
2022-05-11,25.034337997436523,28.8799991607666,30.239999771118164,27.75,28.190000534057617,536900
2022-05-12,25.034337997436523,28.8799991607666,29.100000381469727,27.850000381469727,28.440000534057617,660700
2022-05-13,22.823896408081055,26.329999923706055,27.68000030517578,24.610000610351562,27.1200008392334,2386000
2022-05-16,21.87904167175293,25.239999771118164,26.889999389648438,25.0,25.940000534057617,1390800
2022-05-17,22.399147033691406,25.84000015258789,26.1299991607666,24.735000610351562,25.010000228881836,1150200
2022-05-18,23.11862564086914,26.670000076293945,27.329999923706055,25.530000686645508,25.8700008392334,1197500
2022-05-19,23.560710906982422,27.18000030517578,28.31999969482422,26.010000228881836,26.290000915527344,667600
2022-05-20,24.0548095703125,27.75,28.315000534057617,27.209999084472656,27.6200008392334,527600
2022-05-23,22.94525718688965,26.469999313354492,27.729999542236328,26.15999984741211,27.399999618530273,514800
2022-05-24,21.93972396850586,25.309999465942383,26.200000762939453,24.420000076293945,26.010000228881836,949000
2022-05-25,22.23444938659668,25.649999618530273,25.739999771118164,24.81999969482422,24.8700008392334,698500
2022-05-26,22.685203552246094,26.170000076293945,26.31999969482422,25.190000534057617,25.90999984741211,657000
2022-05-27,22.832563400268555,26.34000015258789,26.860000610351562,25.40999984741211,26.170000076293945,363600
2022-05-31,21.480295181274414,24.780000686645508,26.260000228881836,24.389999389648438,25.93000030517578,973600
2022-06-01,21.89637565612793,25.260000228881836,25.450000762939453,23.84000015258789,24.75,628700
2022-06-02,24.54891014099121,28.31999969482422,28.450000762939453,25.31999969482422,25.31999969482422,548100
2022-06-03,23.846769332885742,27.510000228881836,29.200000762939453,27.43000030517578,27.829999923706055,507300
2022-06-06,24.453556060791016,28.209999084472656,29.940000534057617,27.81999969482422,28.209999084472656,731700
2022-06-07,24.0548095703125,27.75,29.09000015258789,27.25,28.0,538500
2022-06-08,24.27152442932129,28.0,28.610000610351562,27.270000457763672,27.690000534057617,601200
2022-06-09,24.0114688873291,27.700000762939453,28.8799991607666,27.389999389648438,28.190000534057617,430000
2022-06-10,23.491365432739258,27.100000381469727,27.959999084472656,26.915000915527344,27.200000762939453,476800
2022-06-13,22.728544235229492,26.219999313354492,26.915000915527344,24.825000762939453,26.440000534057617,481400
2022-06-14,23.846769332885742,27.510000228881836,27.739999771118164,25.8799991607666,26.170000076293945,651700
2022-06-15,24.384212493896484,28.1299991607666,28.709999084472656,27.270000457763672,27.270000457763672,474500
2022-06-16,23.855432510375977,27.520000457763672,27.8799991607666,26.649999618530273,27.31999969482422,646300
2022-06-17,24.496898651123047,28.260000228881836,29.959999084472656,27.790000915527344,28.270000457763672,1966200
2022-06-21,23.404680252075195,27.0,28.760000228881836,26.649999618530273,27.010000228881836,904400
2022-06-22,24.609586715698242,28.389999389648438,29.128999710083008,26.399999618530273,26.399999618530273,594400
2022-06-23,23.422016143798828,27.020000457763672,28.40999984741211,26.940000534057617,28.309999465942383,889200
2022-06-24,23.2919921875,26.8700008392334,28.40999984741211,26.81999969482422,26.850000381469727,7372700
2022-06-27,23.404680252075195,27.0,27.43000030517578,26.59000015258789,27.290000915527344,1138700
2022-06-28,23.239980697631836,26.809999465942383,27.43000030517578,26.280000686645508,27.049999237060547,818800
2022-06-29,22.407812118530273,25.850000381469727,26.850000381469727,25.399999618530273,26.799999237060547,701500
2022-06-30,21.94839096069336,25.31999969482422,26.309999465942383,24.770000457763672,25.3799991607666,648800
2022-07-01,22.607187271118164,26.079999923706055,26.200000762939453,24.15999984741211,25.149999618530273,578200
2022-07-05,22.71987533569336,26.209999084472656,26.260000228881836,24.59000015258789,25.559999465942383,593100
2022-07-06,22.078413009643555,25.469999313354492,26.200000762939453,25.079999923706055,26.200000762939453,356900
2022-07-07,21.75768280029297,25.100000381469727,25.559999465942383,24.81999969482422,25.3799991607666,467300
2022-07-08,21.8530330657959,25.209999084472656,25.5,24.549999237060547,25.010000228881836,296700
2022-07-11,20.830169677734375,24.030000686645508,25.079999923706055,24.014999389648438,24.959999084472656,362200
2022-07-12,21.280921936035156,24.549999237060547,24.829999923706055,23.6200008392334,23.950000762939453,323800
2022-07-13,21.384944915771484,24.670000076293945,24.739999771118164,24.049999237060547,24.100000381469727,207000
2022-07-14,21.324262619018555,24.600000381469727,24.729999542236328,24.110000610351562,24.40999984741211,263100
2022-07-15,22.017736434936523,25.399999618530273,25.520000457763672,24.489999771118164,25.09000015258789,575000
2022-07-18,20.80415916442871,24.0,25.719999313354492,23.799999237060547,25.639999389648438,385900
2022-07-19,22.789226531982422,26.290000915527344,26.40999984741211,24.209999084472656,24.209999084472656,566700
2022-07-20,23.69073486328125,27.329999923706055,27.549999237060547,25.530000686645508,26.1299991607666,351200
2022-07-21,23.430688858032227,27.030000686645508,27.469999313354492,26.610000610351562,27.020000457763672,320100
2022-07-22,22.88457489013672,26.399999618530273,27.709999084472656,26.1299991607666,27.149999618530273,350900
2022-07-25,23.456695556640625,27.059999465942383,27.475000381469727,26.520000457763672,26.520000457763672,272900
2022-07-26,23.534706115722656,27.149999618530273,27.7549991607666,26.760000228881836,27.1299991607666,295400
2022-07-27,24.13282585144043,27.84000015258789,27.969999313354492,26.969999313354492,27.18000030517578,450500
2022-07-28,25.346399307250977,29.239999771118164,29.350000381469727,27.615999221801758,28.0,600000
2022-07-29,25.511104583740234,29.43000030517578,29.84000015258789,28.270000457763672,29.190000534057617,663600
2022-08-01,25.589115142822266,29.520000457763672,29.579999923706055,27.719999313354492,28.690000534057617,338000
2022-08-02,26.230581283569336,30.260000228881836,30.549999237060547,29.420000076293945,29.420000076293945,454300
2022-08-03,25.89250946044922,29.8700008392334,31.219999313354492,29.639999389648438,30.280000686645508,375000
2022-08-04,25.658462524414062,29.600000381469727,29.959999084472656,29.299999237060547,29.59000015258789,295400
2022-08-05,26.785358428955078,30.899999618530273,31.059999465942383,29.229999542236328,29.229999542236328,293400
2022-08-08,26.89804458618164,31.030000686645508,31.799999237060547,30.639999389648438,31.040000915527344,298900
2022-08-09,26.308591842651367,30.350000381469727,31.360000610351562,29.549999237060547,30.850000381469727,305500
2022-08-10,26.013870239257812,30.010000228881836,31.290000915527344,30.0,30.610000610351562,442700
2022-08-11,26.00520133972168,30.0,31.139999389648438,30.0,30.15999984741211,238000
2022-08-12,24.86097526550293,28.68000030517578,30.079999923706055,28.559999465942383,30.049999237060547,867400
2022-08-15,28.96978759765625,33.41999816894531,34.09000015258789,30.0,30.280000686645508,853100
2022-08-16,28.024938583374023,32.33000183105469,33.709999084472656,31.405000686645508,33.20000076293945,415300
2022-08-17,28.328332901000977,32.68000030517578,33.08000183105469,31.149999618530273,32.15999984741211,255700
2022-08-18,28.94378662109375,33.38999938964844,33.529998779296875,31.5,32.91999816894531,479400
2022-08-19,28.97846221923828,33.43000030517578,33.529998779296875,31.579999923706055,33.16999816894531,378600
2022-08-22,28.5103702545166,32.88999938964844,33.400001525878906,32.5,33.08000183105469,334700
2022-08-23,27.955589294433594,32.25,32.88999938964844,31.399999618530273,32.470001220703125,285300
2022-08-24,27.98159408569336,32.279998779296875,32.9900016784668,31.56999969482422,31.56999969482422,305700
2022-08-25,28.73055648803711,32.9900016784668,33.064998626708984,32.11000061035156,32.540000915527344,201200
2022-08-26,27.711620330810547,31.81999969482422,34.22999954223633,31.690000534057617,32.7400016784668,422700
2022-08-29,27.546154022216797,31.6299991607666,32.08000183105469,31.5,31.5,234400
2022-08-30,27.197795867919922,31.229999542236328,31.988000869750977,30.780000686645508,31.579999923706055,208200
2022-08-31,27.798709869384766,31.920000076293945,32.310001373291016,30.8799991607666,31.1200008392334,375600
2022-09-01,27.859668731689453,31.989999771118164,33.15999984741211,31.31999969482422,31.610000610351562,423100
2022-09-02,27.337141036987305,31.389999389648438,32.59000015258789,31.139999389648438,32.04999923706055,280600
2022-09-06,26.945241928100586,30.940000534057617,31.59000015258789,30.68000030517578,31.239999771118164,257900
2022-09-07,27.88579750061035,32.02000045776367,32.09000015258789,30.760000228881836,30.90999984741211,221500
2022-09-08,28.24285888671875,32.43000030517578,32.5099983215332,30.520000457763672,31.350000381469727,545300
2022-09-09,28.208023071289062,32.38999938964844,33.12300109863281,32.290000915527344,32.709999084472656,325600
2022-09-12,28.80022621154785,33.06999969482422,34.209999084472656,32.564998626708984,32.68000030517578,484700
2022-09-13,27.76387596130371,31.8799991607666,33.029998779296875,31.719999313354492,32.61000061035156,245200
2022-09-14,28.30381965637207,32.5,33.099998474121094,31.59000015258789,31.8799991607666,593500
2022-09-15,28.399620056152344,32.61000061035156,33.29999923706055,32.22200012207031,32.43000030517578,434600
2022-09-16,27.528736114501953,31.610000610351562,32.900001525878906,31.209999084472656,32.900001525878906,1295000
2022-09-19,27.371976852416992,31.43000030517578,31.81999969482422,31.0,31.15999984741211,511600
2022-09-20,26.544631958007812,30.479999542236328,31.139999389648438,29.93000030517578,31.0,517800
2022-09-21,26.396575927734375,30.309999465942383,31.34000015258789,30.0,30.389999389648438,268900
2022-09-22,26.022104263305664,29.8799991607666,30.3700008392334,29.280000686645508,30.18000030517578,344700
2022-09-23,25.490856170654297,29.270000457763672,30.209999084472656,28.450000762939453,29.950000762939453,505500
2022-09-26,24.89865493774414,28.59000015258789,29.850000381469727,28.43000030517578,29.020000457763672,357600
2022-09-27,24.733186721801758,28.399999618530273,28.9950008392334,28.06999969482422,28.799999237060547,394000
2022-09-28,25.778249740600586,29.600000381469727,29.96500015258789,28.29800033569336,28.40999984741211,357100
2022-09-29,25.612783432006836,29.40999984741211,29.649999618530273,28.739999771118164,29.649999618530273,475400
2022-09-30,25.072832107543945,28.790000915527344,30.389999389648438,28.790000915527344,29.3799991607666,429800
2022-10-03,24.559009552001953,28.200000762939453,28.8799991607666,27.59000015258789,28.8799991607666,459100
2022-10-04,25.821794509887695,29.649999618530273,29.670000076293945,28.5,28.5,580300
2022-10-05,25.630199432373047,29.43000030517578,29.770000457763672,28.450000762939453,29.440000534057617,625700
2022-10-06,25.238298416137695,28.979999542236328,29.579999923706055,28.8700008392334,29.25,360000
2022-10-07,24.15839958190918,27.739999771118164,28.809999465942383,27.690000534057617,28.6299991607666,369300
2022-10-10,24.715770721435547,28.3799991607666,28.479999542236328,27.545000076293945,28.0,279300
2022-10-11,24.39354133605957,28.010000228881836,28.639999389648438,27.520000457763672,28.40999984741211,411600
2022-10-12,24.463211059570312,28.09000015258789,28.420000076293945,27.81999969482422,27.969999313354492,304600
2022-10-13,25.273136138916016,29.020000457763672,29.200000762939453,26.920000076293945,27.729999542236328,495700
2022-10-14,25.05541229248047,28.770000457763672,30.145000457763672,28.364999771118164,29.190000534057617,433400
2022-10-17,25.543107986450195,29.329999923706055,30.290000915527344,28.756999969482422,29.09000015258789,538800
2022-10-18,25.421186447143555,29.190000534057617,30.65999984741211,29.030000686645508,29.850000381469727,401700
2022-10-19,24.89865493774414,28.59000015258789,29.940000534057617,28.110000610351562,28.739999771118164,341600
2022-10-20,25.386356353759766,29.149999618530273,29.299999237060547,28.25,28.6200008392334,431800
2022-10-21,26.056934356689453,29.920000076293945,30.059999465942383,28.885000228881836,28.979999542236328,739700
2022-10-24,26.013391494750977,29.8700008392334,30.405000686645508,29.610000610351562,30.1299991607666,383300
2022-10-25,26.64913558959961,30.600000381469727,31.09000015258789,29.729999542236328,30.1200008392334,959300
2022-10-26,26.762353897094727,30.729999542236328,31.524999618530273,30.684999465942383,31.030000686645508,920900
2022-10-27,27.250051498413086,31.290000915527344,31.450000762939453,30.799999237060547,30.979999542236328,578700
2022-10-28,27.084579467773438,31.100000381469727,31.610000610351562,30.860000610351562,31.540000915527344,616600
2022-10-31,26.927824020385742,30.920000076293945,31.469999313354492,30.684999465942383,30.829999923706055,6539900
2022-11-01,26.152732849121094,30.030000686645508,31.020000457763672,29.46500015258789,31.020000457763672,433200
2022-11-02,25.22088050842285,28.959999084472656,30.219999313354492,28.920000076293945,29.969999313354492,363700
2022-11-03,24.376123428344727,27.989999771118164,28.7549991607666,27.309999465942383,28.540000915527344,530700
2022-11-04,25.412477493286133,29.18000030517578,29.209999084472656,28.010000228881836,28.360000610351562,287200
2022-11-07,26.065645217895508,29.93000030517578,30.190000534057617,28.84000015258789,29.309999465942383,354500
2022-11-08,25.93501091003418,29.780000686645508,30.43000030517578,29.1299991607666,29.920000076293945,351000
2022-11-09,24.672222137451172,28.329999923706055,29.75,28.1200008392334,29.559999465942383,303400
2022-11-10,26.779773712158203,30.75,31.34000015258789,29.440000534057617,29.440000534057617,600800
2022-11-11,29.418554306030273,33.779998779296875,34.310001373291016,30.850000381469727,30.850000381469727,437800
2022-11-14,29.305339813232422,33.650001525878906,34.5099983215332,32.88999938964844,33.61000061035156,450500
2022-11-15,28.974407196044922,33.27000045776367,34.52000045776367,32.869998931884766,34.04999923706055,580800
2022-11-16,28.216733932495117,32.400001525878906,33.595001220703125,32.04999923706055,33.11000061035156,336100
2022-11-17,27.52002716064453,31.600000381469727,32.029998779296875,31.190000534057617,31.860000610351562,268100
2022-11-18,27.75516128540039,31.8700008392334,32.9900016784668,31.540000915527344,32.41999816894531,328200
2022-11-21,27.711620330810547,31.81999969482422,32.560001373291016,31.489999771118164,31.690000534057617,226000
2022-11-22,28.425743103027344,32.63999938964844,32.68000030517578,31.639999389648438,31.81999969482422,224700
2022-11-23,28.721847534179688,32.97999954223633,33.29999923706055,32.2400016784668,32.459999084472656,246000
2022-11-25,28.77410316467285,33.040000915527344,33.119998931884766,32.88999938964844,33.06999969482422,98800
2022-11-28,27.877086639404297,32.0099983215332,33.279998779296875,31.575000762939453,32.88999938964844,255100
2022-11-29,28.43445587158203,32.650001525878906,32.91999816894531,31.6200008392334,31.950000762939453,327100
2022-11-30,28.66958999633789,32.91999816894531,33.380001068115234,31.270000457763672,32.810001373291016,1178700
2022-12-01,28.96569061279297,33.2599983215332,34.08000183105469,32.77000045776367,33.15999984741211,255400
2022-12-02,29.401134490966797,33.7599983215332,33.935001373291016,32.5,32.79999923706055,175900
2022-12-05,29.46210479736328,33.83000183105469,34.25,33.29999923706055,33.689998626708984,208200
2022-12-06,28.0512638092041,32.209999084472656,33.91999816894531,31.860000610351562,33.70000076293945,237300
2022-12-07,28.29511833190918,32.4900016784668,33.665000915527344,32.09000015258789,32.290000915527344,297500
2022-12-08,27.981597900390625,32.130001068115234,33.16999816894531,31.8700008392334,32.4900016784668,390100
2022-12-09,27.807416915893555,31.93000030517578,32.310001373291016,31.600000381469727,32.119998931884766,296400
2022-12-12,29.2966365814209,33.63999938964844,33.72999954223633,31.889999389648438,32.20000076293945,264800
2022-12-13,30.899065017700195,35.47999954223633,35.90999984741211,34.20000076293945,34.439998626708984,684200
2022-12-14,30.602956771850586,35.13999938964844,36.63999938964844,34.84000015258789,35.38999938964844,390200
2022-12-15,28.77410316467285,33.040000915527344,34.939998626708984,32.70000076293945,34.689998626708984,477400
2022-12-16,29.279218673706055,33.619998931884766,34.380001068115234,31.889999389648438,32.5,1461000
2022-12-19,28.286405563354492,32.47999954223633,33.59000015258789,32.41999816894531,33.4900016784668,394300
2022-12-20,23.8622989654541,27.399999618530273,29.899999618530273,24.110000610351562,28.90999984741211,2827600
2022-12-21,24.428377151489258,28.049999237060547,28.53499984741211,26.270000457763672,27.399999618530273,1389700
2022-12-22,24.315160751342773,27.920000076293945,29.649999618530273,27.209999084472656,27.360000610351562,798400
2022-12-23,23.9668025970459,27.520000457763672,28.239999771118164,25.979999542236328,27.770000457763672,667700
2022-12-27,23.365890502929688,26.829999923706055,27.84000015258789,26.81999969482422,27.420000076293945,441700
2022-12-28,22.495006561279297,25.829999923706055,27.469999313354492,25.684999465942383,26.75,922200
2022-12-29,22.740280151367188,25.959999084472656,26.790000915527344,25.600000381469727,25.809999465942383,1062500
2022-12-30,22.153377532958984,25.290000915527344,25.700000762939453,23.6299991607666,25.700000762939453,1143700
2023-01-03,22.170900344848633,25.309999465942383,25.850000381469727,25.040000915527344,25.530000686645508,752700
2023-01-04,23.318424224853516,26.6200008392334,26.84000015258789,25.190000534057617,25.450000762939453,510700
2023-01-05,22.021982192993164,25.139999389648438,26.8700008392334,24.979999542236328,26.3700008392334,850400
2023-01-06,21.943145751953125,25.049999237060547,26.0,23.34000015258789,24.1299991607666,678900
2023-01-09,21.470117568969727,24.510000228881836,25.440000534057617,24.40999984741211,25.3700008392334,726000
2023-01-10,21.49639892578125,24.540000915527344,24.959999084472656,24.110000610351562,24.959999084472656,584500
2023-01-11,21.005849838256836,23.979999542236328,24.670000076293945,23.905000686645508,24.510000228881836,540900
2023-01-12,20.29631233215332,23.170000076293945,24.329999923706055,23.03499984741211,24.010000228881836,761000
2023-01-13,20.208715438842773,23.06999969482422,23.200000762939453,22.309999465942383,23.059999465942383,641000
2023-01-17,20.64670181274414,23.56999969482422,23.729999542236328,22.299999237060547,22.8700008392334,771900
2023-01-18,20.839418411254883,23.790000915527344,24.079999923706055,23.350000381469727,23.65999984741211,691500
2023-01-19,20.445226669311523,23.34000015258789,23.979999542236328,23.239999771118164,23.600000381469727,557900
2023-01-20,20.778093338012695,23.719999313354492,23.829999923706055,22.809999465942383,23.579999923706055,674400
2023-01-23,21.470117568969727,24.510000228881836,24.559999465942383,23.309999465942383,23.809999465942383,556300
2023-01-24,20.760578155517578,23.700000762939453,24.510000228881836,23.389999389648438,24.510000228881836,612300
2023-01-25,22.083297729492188,25.209999084472656,25.280000686645508,23.219999313354492,23.5,891500
2023-01-26,23.54617691040039,26.8799991607666,26.940000534057617,25.40999984741211,25.420000076293945,1367400
2023-01-27,24.00168228149414,27.399999618530273,27.639999389648438,26.3799991607666,26.829999923706055,797400
2023-01-30,23.073148727416992,26.34000015258789,27.100000381469727,25.729999542236328,27.09000015258789,914300
2023-01-31,23.1169490814209,26.389999389648438,27.010000228881836,25.700000762939453,26.34000015258789,13478800
2023-02-01,23.966642379760742,27.360000610351562,27.670000076293945,25.690000534057617,26.34000015258789,580700
2023-02-02,25.236804962158203,28.809999465942383,29.459999084472656,27.469999313354492,27.530000686645508,542800
2023-02-03,24.667423248291016,28.15999984741211,29.489999771118164,27.600000381469727,28.420000076293945,652200
2023-02-06,24.912696838378906,28.440000534057617,28.649999618530273,27.520000457763672,27.979999542236328,452300
2023-02-07,24.965255737304688,28.5,28.8799991607666,27.81999969482422,28.170000076293945,369500
2023-02-08,25.105411529541016,28.65999984741211,28.969999313354492,28.280000686645508,28.280000686645508,395200
2023-02-09,24.211915969848633,27.639999389648438,29.350000381469727,27.420000076293945,29.0,433300
2023-02-10,24.974016189575195,28.510000228881836,28.540000915527344,27.469999313354492,27.729999542236328,590400
2023-02-13,24.9039363861084,28.43000030517578,29.010000228881836,28.200000762939453,28.200000762939453,456400
2023-02-14,28.03116226196289,32.0,32.43000030517578,29.969999313354492,30.799999237060547,2746000
2023-02-15,28.705659866333008,32.77000045776367,33.189998626708984,31.790000915527344,32.029998779296875,830700
2023-02-16,27.190231323242188,31.040000915527344,33.880001068115234,31.020000457763672,33.310001373291016,841900
2023-02-17,27.891008377075195,31.84000015258789,31.989999771118164,30.829999923706055,31.420000076293945,932800
2023-02-21,27.339141845703125,31.209999084472656,32.650001525878906,31.170000076293945,31.709999084472656,677100
2023-02-22,27.628215789794922,31.540000915527344,32.119998931884766,31.209999084472656,31.40999984741211,447100
2023-02-23,28.153797149658203,32.13999938964844,32.290000915527344,31.450000762939453,31.770000457763672,510700
2023-02-24,27.537742614746094,31.290000915527344,32.13999938964844,30.760000228881836,31.3799991607666,479400
2023-02-27,27.836971282958984,31.6299991607666,32.119998931884766,31.34000015258789,31.6299991607666,405600
2023-02-28,28.118593215942383,31.950000762939453,32.5,30.950000762939453,31.389999389648438,611600
2023-03-01,28.56743621826172,32.459999084472656,32.5,31.53499984741211,32.0099983215332,382900
2023-03-02,28.162601470947266,32.0,33.06999969482422,31.729999542236328,32.18000030517578,469300
2023-03-03,27.933778762817383,31.739999771118164,32.20500183105469,31.5,32.13999938964844,381400
2023-03-06,26.82487678527832,30.479999542236328,31.700000762939453,30.229999542236328,31.68000030517578,493100
2023-03-07,27.440935134887695,31.18000030517578,31.469999313354492,30.360000610351562,30.510000228881836,415000
2023-03-08,27.132905960083008,30.829999923706055,31.280000686645508,30.40999984741211,31.280000686645508,297000
2023-03-09,26.789674758911133,30.440000534057617,31.149999618530273,30.350000381469727,30.84000015258789,516200
2023-03-10,26.640056610107422,30.270000457763672,30.594999313354492,29.68000030517578,30.43000030517578,377300
2023-03-13,25.55755615234375,29.040000915527344,30.610000610351562,28.979999542236328,29.739999771118164,546500
2023-03-14,26.252824783325195,29.829999923706055,30.450000762939453,29.280000686645508,29.899999618530273,362100
2023-03-15,26.411239624023438,30.010000228881836,30.09000015258789,28.959999084472656,29.110000610351562,558300
2023-03-16,25.988800048828125,29.530000686645508,30.1200008392334,29.010000228881836,29.6200008392334,343400
2023-03-17,26.2352237701416,29.809999465942383,30.40999984741211,29.135000228881836,29.270000457763672,2255900
2023-03-20,26.112010955810547,29.670000076293945,30.25,29.489999771118164,29.8700008392334,334000
2023-03-21,27.344125747680664,31.06999969482422,31.110000610351562,29.850000381469727,29.8700008392334,363300
2023-03-22,25.7863826751709,29.299999237060547,31.139999389648438,29.260000228881836,31.010000228881836,419700
2023-03-23,25.900789260864258,29.43000030517578,30.020000457763672,29.219999313354492,29.559999465942383,244700
2023-03-24,26.736867904663086,30.3799991607666,30.450000762939453,29.020000457763672,29.170000076293945,379600
2023-03-27,26.85127830505371,30.510000228881836,31.344999313354492,30.229999542236328,30.829999923706055,263700
2023-03-28,25.539960861206055,29.020000457763672,30.665000915527344,29.020000457763672,30.31999969482422,548700
2023-03-29,24.747886657714844,28.1200008392334,29.479999542236328,28.084999084472656,29.479999542236328,432600
2023-03-30,24.5894718170166,27.940000534057617,28.770000457763672,27.81999969482422,28.479999542236328,311100
2023-03-31,24.747886657714844,28.1200008392334,28.3799991607666,27.950000762939453,28.15999984741211,656700
2023-04-03,23.999813079833984,27.270000457763672,28.43000030517578,27.219999313354492,28.18000030517578,363800
2023-04-04,24.079025268554688,27.360000610351562,27.459999084472656,26.329999923706055,27.31999969482422,498300
2023-04-05,24.97670555114746,28.3799991607666,28.5,26.854999542236328,27.299999237060547,477300
2023-04-06,24.9591064453125,28.360000610351562,28.90999984741211,27.690000534057617,28.790000915527344,291200
2023-04-10,25.416746139526367,28.8799991607666,28.950000762939453,27.950000762939453,28.139999389648438,345800
2023-04-11,25.698375701904297,29.200000762939453,29.329999923706055,28.809999465942383,29.040000915527344,288600
2023-04-12,25.00310707092285,28.40999984741211,29.399999618530273,28.350000381469727,29.399999618530273,279700
2023-04-13,25.091115951538086,28.510000228881836,28.81999969482422,28.21500015258789,28.59000015258789,239300
2023-04-14,24.809492111206055,28.190000534057617,28.829999923706055,27.93000030517578,28.600000381469727,258200
2023-04-17,24.94150161743164,28.34000015258789,28.540000915527344,28.010000228881836,28.190000534057617,151000
2023-04-18,25.20553207397461,28.639999389648438,28.65999984741211,28.06999969482422,28.450000762939453,189300
2023-04-19,25.715970993041992,29.219999313354492,29.270000457763672,28.530000686645508,28.639999389648438,235800
2023-04-20,25.7775821685791,29.290000915527344,29.399999618530273,28.530000686645508,29.040000915527344,213600
2023-04-21,25.92719268798828,29.459999084472656,29.6200008392334,28.8799991607666,29.350000381469727,247000
2023-04-24,25.31993865966797,28.770000457763672,29.510000228881836,28.579999923706055,29.389999389648438,265200
2023-04-25,24.351850509643555,27.670000076293945,28.81999969482422,27.049999237060547,28.549999237060547,396500
2023-04-26,24.079025268554688,27.360000610351562,27.8799991607666,26.68000030517578,27.649999618530273,294800
2023-04-27,24.158231735229492,27.450000762939453,27.65999984741211,27.15999984741211,27.399999618530273,238200
2023-04-28,24.422252655029297,27.75,28.030000686645508,27.145000457763672,27.5,285100
2023-05-01,25.46075439453125,28.93000030517578,29.1200008392334,27.43000030517578,27.65999984741211,295300
2023-05-02,24.923898696899414,28.31999969482422,28.959999084472656,28.110000610351562,28.850000381469727,226200
2023-05-03,25.56635856628418,29.049999237060547,29.709999084472656,28.329999923706055,28.329999923706055,291400
2023-05-04,25.099918365478516,28.520000457763672,28.920000076293945,27.475000381469727,28.920000076293945,315200
2023-05-05,25.66316795349121,29.15999984741211,30.209999084472656,28.062999725341797,29.040000915527344,383200
2023-05-08,25.81278419494629,29.329999923706055,29.479999542236328,28.71500015258789,28.989999771118164,210100
2023-05-09,25.751176834106445,29.260000228881836,29.4950008392334,28.440000534057617,29.149999618530273,212100
2023-05-10,26.032800674438477,29.579999923706055,29.760000228881836,29.020000457763672,29.760000228881836,141100
2023-05-11,25.451948165893555,28.920000076293945,29.719999313354492,28.889999389648438,29.209999084472656,322300
2023-05-12,27.009693145751953,30.690000534057617,32.0,28.030000686645508,31.389999389648438,805200
2023-05-15,25.267131805419922,28.709999084472656,30.799999237060547,28.639999389648438,30.799999237060547,456000
2023-05-16,25.38154411315918,28.84000015258789,29.0,27.584999084472656,28.510000228881836,434800
2023-05-17,24.59827423095703,27.950000762939453,29.420000076293945,27.600000381469727,28.899999618530273,369500
2023-05-18,25.0471134185791,28.459999084472656,28.690000534057617,27.25,27.760000228881836,530100
2023-05-19,23.806194305419922,27.049999237060547,28.760000228881836,26.809999465942383,28.760000228881836,479300
2023-05-22,23.63018035888672,26.850000381469727,27.31999969482422,26.600000381469727,26.979999542236328,351300
2023-05-23,25.2407283782959,28.68000030517578,28.989999771118164,26.559999465942383,26.81999969482422,558800
2023-05-24,24.61587142944336,27.969999313354492,28.520000457763672,27.290000915527344,28.399999618530273,349700
2023-05-25,24.084976196289062,27.219999313354492,28.190000534057617,26.719999313354492,27.5,328500
2023-05-26,23.80183219909668,26.899999618530273,27.81999969482422,26.6200008392334,26.979999542236328,288600
2023-05-30,24.208850860595703,27.360000610351562,27.520000457763672,26.389999389648438,26.40999984741211,282300
2023-05-31,24.4831485748291,27.670000076293945,27.90999984741211,26.885000228881836,27.260000228881836,511100
2023-06-01,23.78413200378418,26.8799991607666,27.639999389648438,26.440000534057617,27.639999389648438,480900
2023-06-02,24.191158294677734,27.34000015258789,27.559999465942383,26.3700008392334,27.09000015258789,297100
2023-06-05,23.191301345825195,26.209999084472656,27.18000030517578,25.934999465942383,27.18000030517578,428000
2023-06-06,24.027463912963867,27.155000686645508,27.520000457763672,26.135000228881836,26.170000076293945,370500
2023-06-07,24.960952758789062,28.209999084472656,28.360000610351562,27.079999923706055,27.15999984741211,472600
2023-06-08,23.32402801513672,26.360000610351562,28.0,26.139999389648438,28.0,523400
2023-06-09,22.563074111938477,25.5,27.43000030517578,25.450000762939453,26.270000457763672,454500
2023-06-12,22.049875259399414,24.920000076293945,26.790000915527344,24.760000228881836,25.459999084472656,510000
2023-06-13,22.52768325805664,25.459999084472656,25.854999542236328,24.920000076293945,24.920000076293945,359900
2023-06-14,22.226839065551758,25.1200008392334,25.81999969482422,24.850000381469727,25.56999969482422,415500
2023-06-15,23.262088775634766,26.290000915527344,26.309999465942383,24.860000610351562,25.1200008392334,401300
2023-06-16,22.1118106842041,24.989999771118164,26.579999923706055,24.100000381469727,26.579999923706055,2579700
2023-06-20,21.943695068359375,24.799999237060547,25.565000534057617,24.579999923706055,24.969999313354492,438200
2023-06-21,21.775577545166016,24.610000610351562,24.93000030517578,24.260000228881836,24.6200008392334,267900
2023-06-22,21.917152404785156,24.770000457763672,25.100000381469727,24.235000610351562,24.56999969482422,303200
2023-06-23,21.20928955078125,23.969999313354492,24.815000534057617,23.940000534057617,24.5,1754000
2023-06-26,20.97039031982422,23.700000762939453,24.06399917602539,23.5,23.81999969482422,295800
2023-06-27,20.589914321899414,23.270000457763672,23.635000228881836,23.149999618530273,23.56999969482422,321800
2023-06-28,20.271373748779297,22.90999984741211,23.2549991607666,22.860000610351562,23.15999984741211,192100
2023-06-29,19.97938346862793,22.579999923706055,22.8799991607666,22.139999389648438,22.709999084472656,891200
2023-06-30,19.11225128173828,21.600000381469727,23.05500030517578,21.549999237060547,22.829999923706055,782600
2023-07-03,18.581357955932617,21.0,21.520000457763672,20.8700008392334,21.5,597000
2023-07-05,18.395544052124023,20.790000915527344,20.829999923706055,20.190000534057617,20.799999237060547,726500
2023-07-06,17.935434341430664,20.270000457763672,20.940000534057617,20.229999542236328,20.719999313354492,537500
2023-07-07,18.032760620117188,20.3799991607666,20.604000091552734,20.030000686645508,20.200000762939453,387700
2023-07-10,18.439783096313477,20.84000015258789,21.030000686645508,20.059999465942383,20.299999237060547,337200
2023-07-11,18.094701766967773,20.450000762939453,21.049999237060547,20.30500030517578,20.829999923706055,367300
2023-07-12,17.90003776550293,20.229999542236328,21.049999237060547,20.200000762939453,20.670000076293945,380300
2023-07-13,18.130096435546875,20.489999771118164,20.78499984741211,20.100000381469727,20.200000762939453,425400
2023-07-14,18.8821964263916,21.34000015258789,21.420000076293945,20.399999618530273,20.489999771118164,1617800
2023-07-17,17.891191482543945,20.219999313354492,21.364999771118164,19.990999221801758,21.229999542236328,786200
2023-07-18,17.74962043762207,20.059999465942383,20.399999618530273,19.899999618530273,20.100000381469727,526400
2023-07-19,17.47532081604004,19.75,20.200000762939453,19.514999389648438,20.09000015258789,690400
2023-07-20,17.48417091369629,19.760000228881836,20.110000610351562,19.75,19.760000228881836,362200
2023-07-21,18.085853576660156,20.440000534057617,20.479999542236328,19.760000228881836,19.84000015258789,580100
2023-07-24,17.926586151123047,20.260000228881836,20.760000228881836,19.93000030517578,20.530000686645508,463000
2023-07-25,18.545961380004883,20.959999084472656,21.270000457763672,20.18000030517578,20.25,679700
2023-07-26,18.837955474853516,21.290000915527344,21.59000015258789,20.979999542236328,20.979999542236328,757000
2023-07-27,18.758323669433594,21.200000762939453,21.579999923706055,21.139999389648438,21.360000610351562,584500
2023-07-28,18.8291072845459,21.280000686645508,21.950000762939453,21.079999923706055,21.200000762939453,508400
2023-07-31,18.8821964263916,21.34000015258789,21.959999084472656,21.239999771118164,21.239999771118164,419000
2023-08-01,18.73177719116211,21.170000076293945,21.389999389648438,20.93000030517578,21.209999084472656,423600
2023-08-02,18.563661575317383,20.979999542236328,21.204999923706055,20.77199935913086,20.950000762939453,565100
2023-08-03,18.837955474853516,21.290000915527344,21.479999542236328,20.7549991607666,20.920000076293945,468600
2023-08-04,18.961830139160156,21.43000030517578,21.780000686645508,21.239999771118164,21.239999771118164,522100
2023-08-07,19.12110137939453,21.610000610351562,21.81999969482422,21.350000381469727,21.450000762939453,566800
2023-08-08,19.61660385131836,22.170000076293945,23.75,21.600000381469727,23.690000534057617,2130400
2023-08-09,19.02376937866211,21.5,22.15999984741211,21.399999618530273,22.06999969482422,1296800
2023-08-10,18.42209243774414,20.81999969482422,21.889999389648438,20.799999237060547,21.670000076293945,1148900
2023-08-11,18.430936813354492,20.829999923706055,22.15999984741211,20.700000762939453,21.8700008392334,938400
2023-08-14,18.227426528930664,20.600000381469727,21.045000076293945,20.329999923706055,20.719999313354492,628700
2023-08-15,17.413387298583984,19.68000030517578,20.700000762939453,19.520000457763672,20.489999771118164,472400
2023-08-16,16.705524444580078,18.8799991607666,19.704999923706055,18.850000381469727,19.540000915527344,571000
2023-08-17,16.413528442382812,18.549999237060547,19.045000076293945,18.489999771118164,18.850000381469727,595800
2023-08-18,16.103843688964844,18.200000762939453,18.6299991607666,17.959999084472656,18.520000457763672,550600
2023-08-21,15.192469596862793,17.170000076293945,18.389999389648438,17.15999984741211,18.09000015258789,545800
2023-08-22,15.245560646057129,17.229999542236328,17.559999465942383,17.190000534057617,17.209999084472656,747600
2023-08-23,15.617186546325684,17.649999618530273,18.049999237060547,17.149999618530273,17.25,525800
2023-08-24,15.117438316345215,16.940000534057617,17.43000030517578,16.690000534057617,17.280000686645508,520600
2023-08-25,15.295919418334961,17.139999389648438,17.510000228881836,16.959999084472656,17.079999923706055,353300
2023-08-28,15.572568893432617,17.450000762939453,17.530000686645508,17.165000915527344,17.170000076293945,451900
2023-08-29,16.161561965942383,18.110000610351562,18.25,17.270000457763672,17.520000457763672,652700
2023-08-30,16.375736236572266,18.350000381469727,18.690000534057617,18.06999969482422,18.06999969482422,432700
2023-08-31,16.357891082763672,18.329999923706055,18.459999084472656,17.934999465942383,18.360000610351562,625200
2023-09-01,16.277572631835938,18.239999771118164,18.979999542236328,18.170000076293945,18.420000076293945,411700
2023-09-05,16.1169376373291,18.059999465942383,18.639999389648438,17.770000457763672,17.920000076293945,467100
2023-09-06,16.152631759643555,18.100000381469727,18.100000381469727,17.649999618530273,18.06999969482422,530400
2023-09-07,14.01977252960205,15.710000038146973,17.614999771118164,15.524999618530273,17.5,1016300
2023-09-08,14.22502613067627,15.9399995803833,16.229999542236328,15.20300006866455,15.670000076293945,1003200
2023-09-11,14.430281639099121,16.170000076293945,17.155000686645508,16.1200008392334,16.450000762939453,672800
2023-09-12,14.912181854248047,16.709999084472656,16.940000534057617,16.229999542236328,16.34000015258789,590000
2023-09-13,14.796171188354492,16.579999923706055,17.270000457763672,16.295000076293945,16.59000015258789,504300
2023-09-14,14.715852737426758,16.489999771118164,17.13800048828125,16.434999465942383,16.780000686645508,375600
2023-09-15,14.537369728088379,16.290000915527344,16.520000457763672,15.859999656677246,16.510000228881836,1362900
2023-09-18,14.519522666931152,16.270000457763672,16.3700008392334,15.859999656677246,16.239999771118164,351600
2023-09-19,14.537369728088379,16.290000915527344,16.809999465942383,16.110000610351562,16.200000762939453,375100
2023-09-20,14.037620544433594,15.729999542236328,16.559999465942383,15.699999809265137,16.3799991607666,415300
2023-09-21,13.8145170211792,15.479999542236328,15.850000381469727,15.239999771118164,15.619999885559082,361400
2023-09-22,13.537871360778809,15.170000076293945,15.604999542236328,15.15999984741211,15.550000190734863,488300
2023-09-25,13.653883934020996,15.300000190734863,15.5600004196167,15.0600004196167,15.119999885559082,354800
2023-09-26,13.582491874694824,15.220000267028809,15.369999885559082,15.0,15.300000190734863,707900
2023-09-27,13.582491874694824,15.220000267028809,15.550000190734863,14.890000343322754,15.300000190734863,551200
2023-09-28,13.386159896850586,15.0,15.6899995803833,14.710000038146973,15.199999809265137,644600
2023-09-29,13.430781364440918,15.050000190734863,15.404999732971191,14.930000305175781,15.130000114440918,372400
2023-10-02,13.109513282775879,14.6899995803833,15.180000305175781,14.550000190734863,14.949999809265137,479800
2023-10-03,11.48532485961914,12.869999885559082,14.600000381469727,12.720000267028809,14.529999732971191,675200
2023-10-04,11.869063377380371,13.300000190734863,13.329999923706055,12.819999694824219,12.819999694824219,595200
2023-10-05,12.23495101928711,13.710000038146973,13.829999923706055,13.149999618530273,13.270000457763672,587400
2023-10-06,12.547295570373535,14.0600004196167,14.125,13.248000144958496,13.529999732971191,388300
2023-10-09,13.109513282775879,14.6899995803833,14.699999809265137,13.954999923706055,14.0,547200
2023-10-10,13.395086288452148,15.010000228881836,15.039999961853027,14.489999771118164,14.6899995803833,633600
2023-10-11,13.484326362609863,15.109999656677246,15.119999885559082,14.5,15.0,470700
2023-10-12,13.600339889526367,15.239999771118164,15.6899995803833,14.90999984741211,15.039999961853027,550500
2023-10-13,13.653883934020996,15.300000190734863,15.649999618530273,15.079999923706055,15.25,483400
2023-10-16,14.109013557434082,15.8100004196167,16.09000015258789,15.270000457763672,15.4399995803833,649400
2023-10-17,13.912681579589844,15.59000015258789,16.18000030517578,15.493000030517578,15.739999771118164,557700
2023-10-18,13.752050399780273,15.40999984741211,15.739999771118164,15.079999923706055,15.079999923706055,613900
2023-10-19,13.671732902526855,15.319999694824219,16.06999969482422,15.289999961853027,15.4399995803833,973500
2023-10-20,13.832365989685059,15.5,15.869999885559082,15.220000267028809,15.329999923706055,705500
2023-10-23,13.841289520263672,15.510000228881836,15.75,15.0600004196167,15.470000267028809,838900
2023-10-24,14.64445972442627,16.40999984741211,16.479999542236328,15.510000228881836,15.619999885559082,558700
2023-10-25,13.323690414428711,14.930000305175781,16.2549991607666,14.90999984741211,16.1200008392334,419500
2023-10-26,13.270148277282715,14.869999885559082,15.3100004196167,14.569999694824219,14.819999694824219,543900
2023-10-27,13.163058280944824,14.75,15.180000305175781,14.449999809265137,15.050000190734863,424200
2023-10-30,13.60926342010498,15.25,15.260000228881836,14.720000267028809,14.850000381469727,462500
2023-10-31,13.493249893188477,15.119999885559082,15.770000457763672,15.015000343322754,15.229999542236328,478000
2023-11-01,13.537871360778809,15.170000076293945,15.579999923706055,14.6899995803833,15.050000190734863,357300
2023-11-02,13.894835472106934,15.569999694824219,15.970000267028809,15.239999771118164,15.319999694824219,737000
2023-11-03,14.465978622436523,16.209999084472656,16.73900032043457,15.989999771118164,16.010000228881836,359800
2023-11-06,13.993000984191895,15.680000305175781,16.25,15.609999656677246,16.1299991607666,1111900
2023-11-07,13.859139442443848,15.529999732971191,15.760000228881836,15.40999984741211,15.75,534600
2023-11-08,13.698502540588379,15.350000381469727,15.529999732971191,15.020000457763672,15.529999732971191,539900
2023-11-09,13.091666221618652,14.670000076293945,15.470000267028809,14.390000343322754,15.470000267028809,330700
2023-11-10,13.21660327911377,14.8100004196167,14.920000076293945,14.239999771118164,14.729999542236328,446800
2023-11-13,13.225525856018066,14.819999694824219,15.369999885559082,14.630000114440918,14.8100004196167,292900
2023-11-14,14.189329147338867,15.899999618530273,16.260000228881836,15.300000190734863,15.390000343322754,832200
2023-11-15,14.64445972442627,16.40999984741211,16.865999221801758,15.829999923706055,15.829999923706055,555000
2023-11-16,14.63553524017334,16.399999618530273,16.579999923706055,16.040000915527344,16.459999084472656,310000
2023-11-17,14.840787887573242,16.6299991607666,16.844999313354492,16.385000228881836,16.540000915527344,451500
2023-11-20,14.573068618774414,16.329999923706055,16.719999313354492,16.18000030517578,16.420000076293945,601100
2023-11-21,15.224527359008789,17.059999465942383,17.540000915527344,15.930999755859375,16.020000457763672,1110100
2023-11-22,15.724276542663574,17.6200008392334,17.850000381469727,16.93000030517578,17.469999313354492,606600
2023-11-24,15.608263969421387,17.489999771118164,17.670000076293945,17.229999542236328,17.670000076293945,192800
2023-11-27,15.51009750366211,17.3799991607666,17.829999923706055,17.290000915527344,17.34000015258789,358600
2023-11-28,15.626112937927246,17.510000228881836,17.59000015258789,16.850000381469727,17.209999084472656,1532200
2023-11-29,16.152631759643555,18.100000381469727,18.229999542236328,17.75,17.760000228881836,557100
2023-11-30,16.366811752319336,18.34000015258789,18.670000076293945,18.06999969482422,18.25,534300
2023-12-01,16.573760986328125,18.420000076293945,18.690000534057617,17.8799991607666,18.010000228881836,748400
2023-12-04,16.843692779541016,18.719999313354492,18.739999771118164,18.139999389648438,18.260000228881836,679900
2023-12-05,16.249841690063477,18.059999465942383,18.78499984741211,18.049999237060547,18.719999313354492,303200
2023-12-06,15.862940788269043,17.6299991607666,18.44099998474121,17.6200008392334,18.1299991607666,280700
2023-12-07,15.66499137878418,17.40999984741211,17.905000686645508,17.149999618530273,17.579999923706055,525600
2023-12-08,16.105878829956055,17.899999618530273,18.219999313354492,17.40999984741211,17.40999984741211,330400
2023-12-11,15.871936798095703,17.639999389648438,18.209999084472656,17.4950008392334,17.850000381469727,579000
2023-12-12,15.37706470489502,17.09000015258789,17.739999771118164,17.059999465942383,17.739999771118164,320700
2023-12-13,16.11487579345703,17.90999984741211,18.010000228881836,16.950000762939453,16.989999771118164,391400
2023-12-14,16.096879959106445,17.889999389648438,18.799999237060547,17.780000686645508,18.350000381469727,591800
2023-12-15,15.611006736755371,17.350000381469727,18.639999389648438,17.239999771118164,18.049999237060547,2320400
2023-12-18,15.82695198059082,17.59000015258789,17.719999313354492,17.229999542236328,17.450000762939453,639200
2023-12-19,16.096879959106445,17.889999389648438,18.020000457763672,17.520000457763672,17.809999465942383,711500
2023-12-20,16.033897399902344,17.81999969482422,19.200000762939453,17.5,17.829999923706055,734000
2023-12-21,16.7987003326416,18.670000076293945,18.690000534057617,17.59000015258789,18.1200008392334,413000
2023-12-22,16.53776741027832,18.3799991607666,18.860000610351562,18.190000534057617,18.6299991607666,293500
2023-12-26,17.005647659301758,18.899999618530273,19.06999969482422,18.270000457763672,18.3799991607666,215900
2023-12-27,16.978652954101562,18.8700008392334,19.149999618530273,18.700000762939453,18.829999923706055,206100
2023-12-28,17.176605224609375,19.09000015258789,19.170000076293945,18.59000015258789,18.81999969482422,344400
2023-12-29,17.03264045715332,18.93000030517578,19.299999237060547,18.649999618530273,18.93000030517578,446200
2024-01-02,17.158607482910156,19.06999969482422,19.790000915527344,18.489999771118164,18.639999389648438,508500
2024-01-03,16.456789016723633,18.290000915527344,19.010000228881836,18.110000610351562,18.989999771118164,538300
2024-01-04,16.573760986328125,18.420000076293945,18.809999465942383,18.270000457763672,18.420000076293945,294800
2024-01-05,16.41180419921875,18.239999771118164,18.549999237060547,18.149999618530273,18.200000762939453,182600
2024-01-08,17.39255142211914,19.329999923706055,19.329999923706055,18.200000762939453,18.25,438600
2024-01-09,16.618745803833008,18.469999313354492,19.25,18.43000030517578,19.15999984741211,302700
2024-01-10,16.555761337280273,18.399999618530273,18.670000076293945,18.260000228881836,18.450000762939453,222000
2024-01-11,15.813454627990723,17.575000762939453,18.514999389648438,17.56999969482422,18.440000534057617,381400
2024-01-12,15.521029472351074,17.25,17.799999237060547,17.229999542236328,17.760000228881836,281000
2024-01-16,15.503031730651855,17.229999542236328,17.40999984741211,16.950000762939453,17.079999923706055,346200
2024-01-17,15.098137855529785,16.780000686645508,17.15999984741211,16.53499984741211,16.920000076293945,372300
2024-01-18,15.314082145690918,17.020000457763672,17.200000762939453,16.46500015258789,16.899999618530273,233400
2024-01-19,15.233102798461914,16.93000030517578,17.15999984741211,16.739999771118164,17.110000610351562,233600
2024-01-22,15.278091430664062,16.979999542236328,17.34600067138672,16.920000076293945,17.010000228881836,362300
2024-01-23,15.098137855529785,16.780000686645508,17.18000030517578,16.520000457763672,17.09000015258789,282400
2024-01-24,15.179116249084473,16.8700008392334,17.290000915527344,16.774999618530273,17.059999465942383,271400
2024-01-25,15.224105834960938,16.920000076293945,17.280000686645508,16.770000457763672,17.079999923706055,230900
2024-01-26,15.566019058227539,17.299999237060547,17.479999542236328,16.90999984741211,16.969999313354492,456800
2024-01-29,15.170117378234863,16.860000610351562,17.454999923706055,16.729999542236328,17.299999237060547,493100
2024-01-30,15.395061492919922,17.110000610351562,17.170000076293945,16.78499984741211,16.81999969482422,461200
2024-01-31,15.422052383422852,17.139999389648438,17.610000610351562,17.0,17.1299991607666,329400
2024-02-01,15.781963348388672,17.540000915527344,17.65999984741211,16.989999771118164,17.1299991607666,210000
2024-02-02,15.37706470489502,17.09000015258789,17.31999969482422,16.985000610351562,17.31999969482422,332400
2024-02-05,14.909185409545898,16.56999969482422,17.1200008392334,16.371000289916992,17.0,367900
2024-02-06,15.65599250793457,17.399999618530273,17.600000381469727,16.489999771118164,16.579999923706055,315400
2024-02-07,15.709979057312012,17.459999084472656,17.709999084472656,17.239999771118164,17.450000762939453,256400
2024-02-08,15.979909896850586,17.760000228881836,17.84000015258789,17.149999618530273,17.43000030517578,339600
2024-02-09,14.62575626373291,16.2549991607666,17.989999771118164,14.659000396728516,17.829999923706055,1870800
2024-02-12,13.46955394744873,14.970000267028809,16.309999465942383,14.65999984741211,16.25,1152200
2024-02-13,12.821718215942383,14.25,14.779999732971191,13.930000305175781,14.739999771118164,989700
2024-02-14,13.082653999328613,14.539999961853027,14.949999809265137,13.960000038146973,14.380000114440918,499000
2024-02-15,13.298596382141113,14.779999732971191,14.970000267028809,14.569999694824219,14.720000267028809,452300
2024-02-16,13.028667449951172,14.479999542236328,14.720000267028809,14.329999923706055,14.65999984741211,452100
2024-02-20,12.866706848144531,14.300000190734863,14.600000381469727,14.140000343322754,14.1899995803833,495500
2024-02-21,13.451558113098145,14.949999809265137,14.970000267028809,14.119999885559082,14.1899995803833,302000
2024-02-22,13.27160358428955,14.75,14.989999771118164,14.460000038146973,14.970000267028809,312400
2024-02-23,13.352583885192871,14.84000015258789,14.944999694824219,14.34000015258789,14.699999809265137,381500
2024-02-26,13.10964584350586,14.569999694824219,15.010000228881836,14.1899995803833,14.850000381469727,550600
2024-02-27,13.109646797180176,14.420000076293945,14.75,14.142999649047852,14.420000076293945,667700
2024-02-28,12.745992660522461,14.020000457763672,14.305000305175781,13.824999809265137,14.260000228881836,402200
2024-02-29,12.982368469238281,14.279999732971191,14.479999542236328,14.0600004196167,14.15999984741211,560400
2024-03-01,12.873271942138672,14.15999984741211,14.529999732971191,14.15999984741211,14.25,280800
2024-03-04,12.6278076171875,13.890000343322754,14.229999542236328,13.869999885559082,14.109999656677246,251600
2024-03-05,12.24597454071045,13.470000267028809,13.970000267028809,13.460000038146973,13.800000190734863,262700
2024-03-06,12.24597454071045,13.470000267028809,13.75,13.369999885559082,13.640000343322754,258100
2024-03-07,12.636898040771484,13.899999618530273,14.029999732971191,13.529999732971191,13.649999618530273,285100
2024-03-08,12.518712043762207,13.770000457763672,14.15999984741211,13.625,14.069999694824219,291800
2024-03-11,12.491438865661621,13.739999771118164,13.949999809265137,13.640000343322754,13.6899995803833,225000
2024-03-12,12.491438865661621,13.739999771118164,13.960000038146973,13.609999656677246,13.699999809265137,251000
2024-03-13,12.718719482421875,13.989999771118164,14.279999732971191,13.739999771118164,13.739999771118164,235200
2024-03-14,12.500530242919922,13.75,13.899999618530273,13.220000267028809,13.899999618530273,371700
2024-03-15,12.027779579162598,13.229999542236328,13.84000015258789,13.010000228881836,13.399999618530273,1054500
2024-03-18,12.109602928161621,13.319999694824219,13.680000305175781,12.920000076293945,13.1899995803833,464500
2024-03-19,11.682312965393066,12.850000381469727,13.3100004196167,12.729999542236328,13.260000228881836,489700
2024-03-20,11.718679428100586,12.890000343322754,13.085000038146973,12.720999717712402,12.760000228881836,421500
2024-03-21,11.809591293334961,12.989999771118164,13.140000343322754,12.609999656677246,12.979999542236328,531400
2024-03-22,11.28229808807373,12.40999984741211,13.095000267028809,12.399999618530273,13.039999961853027,249300
2024-03-25,11.39139175415039,12.529999732971191,12.6850004196167,12.359999656677246,12.369999885559082,414500
2024-03-26,11.227747917175293,12.350000381469727,12.550000190734863,12.319999694824219,12.529999732971191,301200
2024-03-27,11.727768898010254,12.899999618530273,12.949999809265137,12.454999923706055,12.470000267028809,295700
2024-03-28,12.06414794921875,13.270000457763672,13.600000381469727,12.850000381469727,12.850000381469727,316400
2024-04-01,11.918686866760254,13.109999656677246,13.399999618530273,12.920000076293945,13.239999771118164,352200
2024-04-02,11.564126968383789,12.720000267028809,12.930000305175781,12.609999656677246,12.930000305175781,471500
2024-04-03,11.500486373901367,12.649999618530273,12.75,12.529999732971191,12.680000305175781,348900
2024-04-04,11.618673324584961,12.779999732971191,12.873000144958496,12.539999961853027,12.6899995803833,448700
2024-04-05,11.60049057006836,12.760000228881836,12.8100004196167,12.640000343322754,12.739999771118164,301600
2024-04-08,11.03683090209961,12.140000343322754,12.90999984741211,12.130000114440918,12.90999984741211,355700
2024-04-09,10.7459077835083,11.819999694824219,12.255000114440918,11.760000228881836,12.149999618530273,282300
2024-04-10,10.364075660705566,11.399999618530273,11.649999618530273,11.1899995803833,11.460000038146973,427300
2024-04-11,10.009513854980469,11.010000228881836,11.430000305175781,10.930000305175781,11.430000305175781,374600
2024-04-12,9.318575859069824,10.25,11.0,10.220000267028809,10.949999809265137,413000
2024-04-15,9.627681732177734,10.59000015258789,10.609999656677246,9.925000190734863,10.279999732971191,677200
2024-04-16,9.409489631652832,10.350000381469727,10.529999732971191,10.210000038146973,10.479999542236328,365200
2024-04-17,9.30948543548584,10.239999771118164,10.460000038146973,10.0,10.350000381469727,363300
2024-04-18,9.409489631652832,10.350000381469727,10.59000015258789,10.194999694824219,10.359999656677246,304600
2024-04-19,9.654953002929688,10.619999885559082,10.774999618530273,10.300000190734863,10.300000190734863,576200
2024-04-22,9.745866775512695,10.720000267028809,10.770000457763672,10.510000228881836,10.640000343322754,408600
2024-04-23,9.891325950622559,10.880000114440918,10.979999542236328,10.65999984741211,10.739999771118164,357500
2024-04-24,9.900420188903809,10.890000343322754,10.914999961853027,10.710000038146973,10.770000457763672,284200
2024-04-25,9.454944610595703,10.399999618530273,10.770000457763672,10.329999923706055,10.649999618530273,488900
2024-04-26,9.373124122619629,10.3100004196167,10.619999885559082,10.289999961853027,10.399999618530273,264100
2024-04-29,9.491310119628906,10.4399995803833,10.5600004196167,10.270000457763672,10.289999961853027,239200
2024-04-30,9.209480285644531,10.130000114440918,10.329999923706055,10.079999923706055,10.300000190734863,337900
2024-05-01,9.209480285644531,10.130000114440918,10.470000267028809,10.0,10.15999984741211,290700
2024-05-02,9.300394058227539,10.229999542236328,10.390000343322754,10.100000381469727,10.3100004196167,587200
2024-05-03,9.227663040161133,10.149999618530273,10.5600004196167,10.119999885559082,10.430000305175781,446200
2024-05-06,9.445856094360352,10.390000343322754,10.40999984741211,10.149999618530273,10.229999542236328,314700
2024-05-07,9.591315269470215,10.550000190734863,10.670000076293945,10.399999618530273,10.399999618530273,417600
2024-05-08,9.336759567260742,10.270000457763672,10.65999984741211,10.270000457763672,10.460000038146973,416100
2024-05-09,12.873271942138672,14.15999984741211,15.279999732971191,13.109999656677246,13.279999732971191,2585100
2024-05-10,12.946002960205078,14.239999771118164,15.079999923706055,13.739999771118164,14.5600004196167,812000
2024-05-13,12.891454696655273,14.180000305175781,14.5649995803833,14.149999618530273,14.289999961853027,482200
2024-05-14,13.273289680480957,14.600000381469727,14.640000343322754,14.270000457763672,14.399999618530273,490900
2024-05-15,12.500530242919922,13.75,14.829999923706055,13.729999542236328,14.779999732971191,309900
2024-05-16,12.909636497497559,14.199999809265137,14.199999809265137,13.609999656677246,13.670000076293945,283600
2024-05-17,13.136920928955078,14.449999809265137,14.630000114440918,13.960000038146973,14.279999732971191,382900
2024-05-20,12.664172172546387,13.930000305175781,14.569999694824219,13.899999618530273,14.40999984741211,297100
2024-05-21,12.4459810256958,13.6899995803833,14.0,13.520000457763672,13.890000343322754,397400
2024-05-22,12.336886405944824,13.569999694824219,14.0,13.53499984741211,13.640000343322754,287200
2024-05-23,11.809591293334961,12.989999771118164,13.720000267028809,12.890000343322754,13.649999618530273,473000
2024-05-24,12.076318740844727,13.130000114440918,13.279999732971191,12.779999732971191,12.779999732971191,311500
2024-05-28,12.039527893066406,13.09000015258789,13.444999694824219,12.930000305175781,12.979999542236328,428300
2024-05-29,11.717616081237793,12.739999771118164,12.949999809265137,12.5600004196167,12.859999656677246,316000
2024-05-30,11.43249225616455,12.430000305175781,12.960000038146973,12.404999732971191,12.880000114440918,233900
2024-05-31,11.37730884552002,12.369999885559082,13.039999961853027,12.270000457763672,12.430000305175781,994600
2024-06-03,11.791196823120117,12.819999694824219,12.859999656677246,12.449999809265137,12.569999694824219,360700
2024-06-04,11.809591293334961,12.84000015258789,12.944999694824219,12.649999618530273,12.739999771118164,203000
2024-06-05,11.883171081542969,12.920000076293945,13.220000267028809,12.550000190734863,12.920000076293945,191500
2024-06-06,11.781999588012695,12.8100004196167,13.164999961853027,12.800000190734863,12.8100004196167,337300
2024-06-07,11.441690444946289,12.4399995803833,12.730999946594238,12.229999542236328,12.619999885559082,276200
2024-06-10,11.23934555053711,12.220000267028809,12.319999694824219,11.890000343322754,12.3100004196167,321600
2024-06-11,11.423295974731445,12.420000076293945,12.430000305175781,12.0,12.210000038146973,294600
2024-06-12,11.763605117797852,12.789999961853027,13.074999809265137,12.65999984741211,12.779999732971191,323400
2024-06-13,12.01193618774414,13.0600004196167,13.100000381469727,12.479999542236328,12.75,225800
2024-06-14,11.772799491882324,12.800000190734863,13.130000114440918,12.774999618530273,13.029999732971191,320800
2024-06-17,11.561258316040039,12.569999694824219,12.890000343322754,12.40999984741211,12.619999885559082,290800
2024-06-18,11.460083961486816,12.460000038146973,12.675000190734863,12.399999618530273,12.489999771118164,257100
2024-06-20,11.460083961486816,12.460000038146973,12.609999656677246,12.305000305175781,12.369999885559082,212800
2024-06-21,11.506072998046875,12.510000228881836,12.75,12.4399995803833,12.479999542236328,1550600
2024-06-24,11.51527214050293,12.520000457763672,12.805000305175781,12.449999809265137,12.5,483200
2024-06-25,11.230148315429688,12.210000038146973,12.609999656677246,12.170000076293945,12.5,292700
2024-06-26,11.285332679748535,12.270000457763672,12.279999732971191,12.0,12.140000343322754,374500
2024-06-27,11.460083961486816,12.460000038146973,12.470000267028809,12.130000114440918,12.260000228881836,234700
2024-06-28,11.496875762939453,12.5,12.789999961853027,12.229999542236328,12.479999542236328,1035300
2024-07-01,11.174962997436523,12.149999618530273,12.680000305175781,12.09000015258789,12.529999732971191,286600
2024-07-02,10.917433738708496,11.869999885559082,12.220000267028809,11.845000267028809,12.15999984741211,479500
2024-07-03,11.101384162902832,12.069999694824219,12.140000343322754,11.800000190734863,11.890000343322754,219000
2024-07-05,10.540335655212402,11.460000038146973,12.029999732971191,11.460000038146973,11.770000457763672,340700
2024-07-08,10.79786491394043,11.739999771118164,11.930000305175781,11.569999694824219,11.569999694824219,311700
2024-07-09,10.79786491394043,11.739999771118164,11.914999961853027,11.5600004196167,11.670000076293945,346500
2024-07-10,11.036999702453613,12.0,12.010000228881836,11.5,11.84000015258789,237200
2024-07-11,11.745208740234375,12.770000457763672,14.039999961853027,12.550000190734863,12.550000190734863,634400
2024-07-12,12.11310863494873,13.170000076293945,13.36299991607666,12.630000114440918,12.84000015258789,363000
2024-07-15,11.809591293334961,12.84000015258789,13.100000381469727,12.640000343322754,12.899999618530273,348600
2024-07-16,12.140701293945312,13.199999809265137,13.34000015258789,12.899999618530273,12.949999809265137,349500
2024-07-17,12.508601188659668,13.600000381469727,13.680000305175781,13.053000450134277,13.140000343322754,347800
2024-07-18,12.278663635253906,13.350000381469727,14.020000457763672,13.229999542236328,13.420000076293945,298000
2024-07-19,12.11310863494873,13.170000076293945,13.479999542236328,13.114999771118164,13.380000114440918,295800
2024-07-22,13.961806297302246,15.180000305175781,15.600000381469727,14.4399995803833,14.550000190734863,804600
2024-07-23,14.918344497680664,16.219999313354492,16.530000686645508,14.829999923706055,15.020000457763672,1115700
2024-07-24,15.037914276123047,16.350000381469727,16.440000534057617,15.539999961853027,16.100000381469727,549800
2024-07-25,14.596433639526367,15.869999885559082,16.450000762939453,15.869999885559082,16.290000915527344,462900
2024-07-26,14.32050895690918,15.569999694824219,16.09000015258789,15.420000076293945,16.06999969482422,428800
2024-07-29,14.42168140411377,15.680000305175781,15.829999923706055,15.489999771118164,15.579999923706055,328100
2024-07-30,14.486062049865723,15.75,16.18000030517578,15.520000457763672,15.59000015258789,346900
2024-07-31,14.412485122680664,15.670000076293945,16.200000762939453,15.489999771118164,15.90999984741211,358200
2024-08-01,14.164151191711426,15.399999618530273,15.75,14.8100004196167,15.640000343322754,388500
2024-08-02,13.805447578430176,15.010000228881836,15.329999923706055,14.869999885559082,14.970000267028809,360900
2024-08-05,13.005266189575195,14.140000343322754,14.5649995803833,14.069999694824219,14.369999885559082,325500
2024-08-06,13.216809272766113,14.369999885559082,14.640000343322754,13.9399995803833,14.180000305175781,274800
2024-08-07,12.738537788391113,13.850000381469727,14.699999809265137,13.829999923706055,14.489999771118164,419300
2024-08-08,13.189215660095215,14.34000015258789,14.59000015258789,13.75,13.859999656677246,499800
2024-08-09,14.154953956604004,15.390000343322754,17.329999923706055,15.100000381469727,16.489999771118164,607600
2024-08-12,13.566312789916992,14.75,15.4399995803833,14.710000038146973,15.350000381469727,440400
2024-08-13,13.630695343017578,14.819999694824219,14.850000381469727,14.055000305175781,14.6899995803833,285200
2024-08-14,13.566312789916992,14.75,14.875,14.489999771118164,14.75,231900
2024-08-15,13.409956932067871,14.579999923706055,15.229999542236328,14.470000267028809,15.020000457763672,274700
2024-08-16,13.06045150756836,14.199999809265137,14.600000381469727,14.180000305175781,14.520000457763672,208300
2024-08-19,12.867302894592285,13.989999771118164,14.300000190734863,13.920000076293945,14.1899995803833,321900
2024-08-20,12.481008529663086,13.569999694824219,13.960000038146973,13.460000038146973,13.880000114440918,269600
2024-08-21,12.352243423461914,13.430000305175781,13.75,13.350000381469727,13.75,270800
2024-08-22,12.131503105163574,13.1899995803833,13.449999809265137,12.880000114440918,13.399999618530273,285300
2024-08-23,12.87650203704834,14.0,14.069999694824219,13.069999694824219,13.300000190734863,306800
2024-08-26,13.051252365112305,14.1899995803833,14.430000305175781,13.914999961853027,14.069999694824219,308600
2024-08-27,13.581110000610352,14.609999656677246,14.609999656677246,13.680000305175781,13.90999984741211,281200
2024-08-28,14.324771881103516,15.40999984741211,15.53499984741211,14.404999732971191,14.5600004196167,331100
2024-08-29,15.26364517211914,16.420000076293945,16.510000228881836,15.34000015258789,15.470000267028809,426000
2024-08-30,15.189279556274414,16.34000015258789,16.790000915527344,16.15999984741211,16.56999969482422,352500
2024-09-03,15.300827026367188,16.459999084472656,17.049999237060547,16.25,16.329999923706055,640900
2024-09-04,15.282238006591797,16.440000534057617,16.68000030517578,16.18000030517578,16.280000686645508,864700
2024-09-05,14.064491271972656,15.130000114440918,16.665000915527344,15.069999694824219,16.559999465942383,790300
2024-09-06,14.231816291809082,15.3100004196167,15.71500015258789,15.020000457763672,15.020000457763672,395800
2024-09-09,14.241110801696777,15.319999694824219,15.329999923706055,14.430000305175781,15.079999923706055,439800
2024-09-10,14.315478324890137,15.399999618530273,15.569999694824219,15.180000305175781,15.300000190734863,383700
2024-09-11,14.473506927490234,15.569999694824219,15.640000343322754,15.100000381469727,15.25,250100
2024-09-12,14.631532669067383,15.739999771118164,16.010000228881836,15.470000267028809,15.609999656677246,214800
2024-09-13,14.891816139221191,16.020000457763672,16.649999618530273,15.760000228881836,15.970000267028809,324100
2024-09-16,15.3101224899292,16.469999313354492,16.59000015258789,15.989999771118164,16.110000610351562,384300
2024-09-17,15.338011741638184,16.5,16.790000915527344,16.18000030517578,16.489999771118164,360300
2024-09-18,14.417730331420898,15.510000228881836,16.610000610351562,15.5,16.440000534057617,339900
2024-09-19,14.603646278381348,15.710000038146973,15.960000038146973,15.479999542236328,15.930000305175781,455900
2024-09-20,14.510687828063965,15.609999656677246,16.110000610351562,15.460000038146973,15.649999618530273,1829900
2024-09-23,14.157448768615723,15.229999542236328,15.649999618530273,15.029999732971191,15.579999923706055,243700
2024-09-24,14.008715629577637,15.069999694824219,15.630000114440918,15.039999961853027,15.279999732971191,234800
2024-09-25,13.497450828552246,14.520000457763672,15.156999588012695,14.140000343322754,15.09000015258789,500500
2024-09-26,13.506745338439941,14.529999732971191,15.050000190734863,14.489999771118164,14.65999984741211,447500
2024-09-27,13.162801742553711,14.15999984741211,14.6899995803833,13.904000282287598,14.65999984741211,322900
2024-09-30,13.107028007507324,14.100000381469727,14.380000114440918,13.920000076293945,14.09000015258789,453800
2024-10-01,13.116323471069336,14.109999656677246,14.380000114440918,13.890000343322754,14.0,323500
2024-10-02,12.958295822143555,13.9399995803833,14.180000305175781,13.84000015258789,13.960000038146973,233000
2024-10-03,12.354071617126465,13.289999961853027,13.8100004196167,13.149999618530273,13.760000228881836,236900
2024-10-04,12.558576583862305,13.510000228881836,13.8100004196167,13.399999618530273,13.4399995803833,267700
2024-10-07,12.298296928405762,13.229999542236328,13.539999961853027,13.0600004196167,13.4399995803833,233100
2024-10-08,12.698014259338379,13.65999984741211,13.694999694824219,13.140000343322754,13.229999542236328,500000
2024-10-09,12.130972862243652,13.050000190734863,13.722999572753906,12.859999656677246,13.600000381469727,376300
2024-10-10,11.591818809509277,12.470000267028809,12.960000038146973,12.420000076293945,12.920000076293945,498900
2024-10-11,11.917170524597168,12.819999694824219,12.890000343322754,12.479999542236328,12.479999542236328,673500
2024-10-14,12.168156623840332,13.09000015258789,13.300000190734863,12.710000038146973,12.8100004196167,224300
2024-10-15,12.586465835571289,13.539999961853027,13.694999694824219,12.984999656677246,13.079999923706055,352300
2024-10-16,12.735198974609375,13.699999809265137,13.765000343322754,13.40999984741211,13.6899995803833,223100
2024-10-17,12.595760345458984,13.550000190734863,13.694999694824219,13.494000434875488,13.600000381469727,191700
2024-10-18,12.679421424865723,13.640000343322754,13.821000099182129,13.420000076293945,13.630000114440918,265700
2024-10-21,13.04195785522461,14.029999732971191,14.260000228881836,13.59000015258789,13.59000015258789,268500
2024-10-22,13.172098159790039,14.170000076293945,14.270000457763672,13.859999656677246,13.970000267028809,168800
2024-10-23,13.032662391662598,14.020000457763672,14.229999542236328,13.579999923706055,14.050000190734863,231400
2024-10-24,13.06054973602295,14.050000190734863,14.180000305175781,13.880000114440918,14.050000190734863,211600
2024-10-25,12.921111106872559,13.899999618530273,14.199999809265137,13.819999694824219,14.100000381469727,114700
2024-10-28,13.134916305541992,14.130000114440918,14.199000358581543,13.914999961853027,14.020000457763672,168500
2024-10-29,13.450972557067871,14.470000267028809,14.645000457763672,14.069999694824219,14.069999694824219,211500
2024-10-30,13.320831298828125,14.329999923706055,14.600000381469727,14.25,14.399999618530273,157800
2024-10-31,13.0884370803833,14.079999923706055,14.319999694824219,13.949999809265137,14.3100004196167,153900
2024-11-01,13.246464729309082,14.25,14.399999618530273,13.979999542236328,14.25,134100
2024-11-04,13.516042709350586,14.539999961853027,14.694999694824219,14.020000457763672,14.1899995803833,179300
2024-11-05,13.91576099395752,14.970000267028809,15.0,14.489999771118164,14.489999771118164,195600
2024-11-06,15.179984092712402,16.329999923706055,16.3700008392334,15.5,15.510000228881836,657900
2024-11-07,14.213223457336426,15.289999961853027,16.229999542236328,14.8100004196167,16.229999542236328,363200
2024-11-08,14.44561767578125,15.539999961853027,15.789999961853027,15.119999885559082,15.520000457763672,401300
2024-11-11,14.65942096710205,15.770000457763672,16.190000534057617,15.340999603271484,15.630000114440918,295300
2024-11-12,14.473506927490234,15.569999694824219,15.84000015258789,15.300000190734863,15.670000076293945,219400
2024-11-13,14.315478324890137,15.399999618530273,15.800000190734863,15.0649995803833,15.359999656677246,287800
2024-11-14,13.99012565612793,15.050000190734863,15.640000343322754,14.829999923706055,15.600000381469727,200800
2024-11-15,13.590409278869629,14.619999885559082,15.3100004196167,14.619999885559082,15.260000228881836,318200
2024-11-18,13.40449333190918,14.420000076293945,14.680000305175781,14.239999771118164,14.5600004196167,361500
2024-11-19,12.53069019317627,13.479999542236328,14.1899995803833,13.050000190734863,14.149999618530273,675600
2024-11-20,12.651535034179688,13.609999656677246,13.800000190734863,13.229999542236328,13.390000343322754,359300
2024-11-21,13.014070510864258,14.0,14.199999809265137,13.670000076293945,13.670000076293945,229000
2024-11-22,12.846746444702148,13.819999694824219,14.390000343322754,13.479999542236328,14.0,269600
2024-11-25,13.395195960998535,14.40999984741211,14.800000190734863,13.899999618530273,13.899999618530273,572600
2024-11-26,17.383081436157227,18.700000762939453,20.799999237060547,17.0,17.18000030517578,1872800
2024-11-27,19.139978408813477,20.59000015258789,20.68000030517578,19.100000381469727,19.56999969482422,788100
2024-11-29,19.36307716369629,20.829999923706055,20.860000610351562,19.75,20.15999984741211,366300
2024-12-02,19.167865753173828,20.6200008392334,21.479999542236328,19.770000457763672,21.479999542236328,665100
2024-12-03,18.991247177124023,20.43000030517578,20.610000610351562,19.969999313354492,20.299999237060547,502600
2024-12-04,19.056316375732422,20.5,20.90999984741211,19.700000762939453,20.440000534057617,564500
2024-12-05,18.461387634277344,19.860000610351562,20.68000030517578,19.593000411987305,20.399999618530273,352300
2024-12-06,18.021162033081055,19.239999771118164,19.729999542236328,18.920000076293945,19.440000534057617,430500
2024-12-09,18.35835838317871,19.600000381469727,20.18000030517578,19.264999389648438,19.489999771118164,561100
2024-12-10,18.929712295532227,20.209999084472656,20.25,19.452999114990234,19.540000915527344,371500
2024-12-11,18.6580867767334,19.920000076293945,20.5,19.899999618530273,20.260000228881836,324800
2024-12-12,18.433286666870117,19.68000030517578,20.299999237060547,19.43000030517578,19.889999389648438,305200
2024-12-13,18.274057388305664,19.510000228881836,19.68000030517578,19.239999771118164,19.68000030517578,246500
2024-12-16,18.723649978637695,19.989999771118164,20.020000457763672,19.160999298095703,19.479999542236328,234800
2024-12-17,18.564420700073242,19.81999969482422,20.219999313354492,19.621000289916992,19.81999969482422,359500
2024-12-18,18.6580867767334,19.920000076293945,20.06999969482422,19.0,19.639999389648438,521900
2024-12-19,18.70491600036621,19.969999313354492,20.440000534057617,19.700000762939453,19.93000030517578,494900
2024-12-20,18.94844627380371,20.229999542236328,20.440000534057617,19.299999237060547,19.700000762939453,1407300
2024-12-23,19.098308563232422,20.389999389648438,20.799999237060547,19.959999084472656,20.290000915527344,467500
2024-12-24,18.995281219482422,20.280000686645508,20.549999237060547,20.030000686645508,20.489999771118164,164900
2024-12-26,19.510435104370117,20.829999923706055,20.8700008392334,20.020000457763672,20.030000686645508,316800
2024-12-27,19.388671875,20.700000762939453,20.860000610351562,20.290000915527344,20.690000534057617,352100
2024-12-30,19.201343536376953,20.5,20.75,20.202999114990234,20.469999313354492,331900
2024-12-31,19.341838836669922,20.649999618530273,20.979999542236328,20.5,20.579999923706055,348600
2025-01-02,18.967180252075195,20.25,21.079999923706055,19.982999801635742,20.780000686645508,726300
2025-01-03,19.210708618164062,20.510000228881836,20.80299949645996,20.014999389648438,20.219999313354492,603400
2025-01-06,19.60410499572754,20.93000030517578,21.229999542236328,20.4689998626709,20.540000915527344,349000
2025-01-07,18.54568862915039,19.799999237060547,21.100000381469727,19.440000534057617,20.530000686645508,605500
2025-01-08,18.967180252075195,20.25,20.280000686645508,19.450000762939453,19.700000762939453,360900
2025-01-10,18.245960235595703,19.479999542236328,20.079999923706055,19.170000076293945,20.079999923706055,258200
2025-01-13,18.64872169494629,19.90999984741211,19.940000534057617,19.34000015258789,19.479999542236328,339700
2025-01-14,18.826683044433594,20.100000381469727,20.399999618530273,19.56999969482422,20.0,341400
2025-01-15,18.161659240722656,19.389999389648438,20.6299991607666,19.170000076293945,20.6299991607666,468900
2025-01-16,17.6184024810791,18.809999465942383,19.399999618530273,18.549999237060547,19.3799991607666,415200
2025-01-17,17.49663734436035,18.68000030517578,19.020000457763672,18.545000076293945,18.90999984741211,331500
2025-01-21,17.449804306030273,18.6299991607666,19.163000106811523,18.375,18.809999465942383,465100
2025-01-22,17.552839279174805,18.739999771118164,18.809999465942383,18.110000610351562,18.440000534057617,323600
2025-01-23,17.918132781982422,19.1299991607666,19.149999618530273,18.489999771118164,18.799999237060547,353700
2025-01-24,17.75889778137207,18.959999084472656,19.243000030517578,18.59000015258789,19.059999465942383,234600
2025-01-27,18.1710262298584,19.399999618530273,19.670000076293945,18.899999618530273,18.899999618530273,344700
2025-01-28,17.777633666992188,18.979999542236328,19.6200008392334,18.975000381469727,19.40999984741211,196000
2025-01-29,17.234373092651367,18.399999618530273,19.0,18.270999908447266,18.979999542236328,231800
2025-01-30,17.196908950805664,18.360000610351562,18.860000610351562,18.209999084472656,18.6299991607666,172500
2025-01-31,16.79414939880371,17.93000030517578,18.549999237060547,17.739999771118164,18.31999969482422,325200
2025-02-03,16.812883377075195,17.950000762939453,18.25,17.440000534057617,17.459999084472656,388600
2025-02-04,17.11260986328125,18.270000457763672,18.389999389648438,17.739999771118164,17.84000015258789,318000
2025-02-05,17.047046661376953,18.200000762939453,18.579999923706055,18.040000915527344,18.389999389648438,358400
2025-02-06,16.606821060180664,17.729999542236328,18.1200008392334,16.1200008392334,17.239999771118164,620700
2025-02-07,16.316457748413086,17.420000076293945,18.06999969482422,17.084999084472656,17.719999313354492,468100
2025-02-10,16.38670539855957,17.4950008392334,17.75,17.1200008392334,17.329999923706055,672500
2025-02-11,16.391387939453125,17.5,18.059999465942383,17.315000534057617,17.360000610351562,819300
2025-02-12,15.567137718200684,16.6200008392334,17.290000915527344,16.559999465942383,17.200000762939453,377400
2025-02-13,15.126911163330078,16.149999618530273,16.7549991607666,16.079999923706055,16.649999618530273,374400
2025-02-14,13.909265518188477,14.850000381469727,16.270000457763672,14.550000190734863,16.149999618530273,554700
2025-02-18,14.330758094787598,15.300000190734863,15.399999618530273,14.720000267028809,14.800000190734863,460000
2025-02-19,14.480622291564941,15.460000038146973,15.609999656677246,15.050000190734863,15.289999961853027,439200
2025-02-20,13.497138023376465,14.40999984741211,15.720000267028809,14.380000114440918,15.460000038146973,514800
2025-02-21,13.20677661895752,14.100000381469727,14.470000267028809,13.800000190734863,14.470000267028809,955900
2025-02-24,12.860215187072754,13.729999542236328,14.40999984741211,13.680000305175781,14.180000305175781,677800
2025-02-25,12.476188659667969,13.319999694824219,13.8100004196167,13.210000038146973,13.654999732971191,660600
2025-02-26,13.038179397583008,13.920000076293945,14.350000381469727,13.5600004196167,13.6899995803833,659400
2025-02-27,12.560487747192383,13.40999984741211,13.949999809265137,13.260000228881836,13.739999771118164,553100
2025-02-28,12.78782844543457,13.5,13.5600004196167,13.039999961853027,13.420000076293945,654200
2025-03-03,12.191061019897461,12.869999885559082,13.680000305175781,12.829999923706055,13.380000114440918,1162100
2025-03-04,11.93530559539795,12.600000381469727,13.0,12.149999618530273,12.720000267028809,681900
2025-03-05,12.314204216003418,13.0,13.149999618530273,12.420000076293945,12.569999694824219,464500
2025-03-06,12.20053482055664,12.880000114440918,13.149999618530273,12.720000267028809,12.869999885559082,415500
2025-03-07,12.077392578125,12.75,13.140000343322754,12.510000228881836,12.869999885559082,649100
2025-03-10,13.22356128692627,13.960000038146973,13.970000267028809,12.65999984741211,12.65999984741211,910600
2025-03-11,13.564568519592285,14.319999694824219,14.460000038146973,13.350000381469727,14.0,1028700
2025-03-12,12.797298431396484,13.510000228881836,14.350000381469727,13.300000190734863,14.350000381469727,1026600
2025-03-13,12.314204216003418,13.0,13.625,12.640000343322754,13.550000190734863,672100
2025-03-14,12.456290245056152,13.149999618530273,13.300000190734863,12.760000228881836,13.039999961853027,675700
2025-03-17,12.910969734191895,13.630000114440918,13.755000114440918,13.069999694824219,13.390000343322754,617300
2025-03-18,12.768881797790527,13.479999542236328,13.545000076293945,13.079999923706055,13.489999771118164,460300
2025-03-19,12.910969734191895,13.630000114440918,13.6899995803833,13.3149995803833,13.460000038146973,602200
2025-03-20,12.532071113586426,13.229999542236328,13.59000015258789,13.199999809265137,13.489999771118164,522000
2025-03-21,12.143699645996094,12.819999694824219,13.119999885559082,12.6899995803833,12.989999771118164,1305600
2025-03-24,12.18159008026123,12.859999656677246,13.039999961853027,12.550000190734863,13.020000457763672,575500
2025-03-25,11.98266887664795,12.649999618530273,12.989999771118164,12.640000343322754,12.890000343322754,684000
2025-03-26,11.859526634216309,12.520000457763672,12.640000343322754,12.350000381469727,12.640000343322754,345300
2025-03-27,11.774274826049805,12.430000305175781,12.720000267028809,12.305000305175781,12.520000457763672,335000
2025-03-28,11.632186889648438,12.279999732971191,12.380000114440918,12.069999694824219,12.380000114440918,425100
2025-03-31,12.077392578125,12.75,12.880000114440918,11.899999618530273,12.109999656677246,571400
2025-04-01,11.963723182678223,12.630000114440918,13.1899995803833,12.569999694824219,12.75,436700
2025-04-02,11.859526634216309,12.520000457763672,12.774999618530273,12.319999694824219,12.420000076293945,466600
2025-04-03,11.717438697814941,12.369999885559082,12.597000122070312,12.170000076293945,12.34000015258789,639700
2025-04-04,11.366957664489746,12.0,12.239999771118164,11.329999923706055,11.979999542236328,1414500
2025-04-07,11.45220947265625,12.09000015258789,12.630000114440918,11.34000015258789,11.34000015258789,931000
2025-04-08,10.893333435058594,11.5,12.3100004196167,11.1899995803833,12.3100004196167,1105300
2025-04-09,11.98266887664795,12.649999618530273,12.65999984741211,11.34000015258789,11.34000015258789,665300
2025-04-10,11.376431465148926,12.010000228881836,12.274999618530273,11.774999618530273,12.260000228881836,439200
2025-04-11,11.651130676269531,12.300000190734863,12.329999923706055,11.579999923706055,12.029999732971191,559900
2025-04-14,11.272233009338379,11.899999618530273,12.579999923706055,11.729999542236328,12.579999923706055,831200
2025-04-15,11.28170394897461,11.90999984741211,12.079999923706055,11.649999618530273,11.829999923706055,513100
2025-04-16,10.741775512695312,11.34000015258789,11.9399995803833,11.229999542236328,11.800000190734863,426400
2025-04-17,10.741775512695312,11.34000015258789,11.390000343322754,11.020000457763672,11.260000228881836,444400
2025-04-21,10.334460258483887,10.90999984741211,11.229999542236328,10.829999923706055,11.199999809265137,406400
2025-04-22,10.628106117248535,11.220000267028809,11.289999961853027,10.95199966430664,11.100000381469727,407500
2025-04-23,10.647050857543945,11.239999771118164,11.779999732971191,11.21500015258789,11.529999732971191,391500
2025-04-24,11.130146980285645,11.75,11.850000381469727,11.25,11.350000381469727,448400
2025-04-25,11.253288269042969,11.880000114440918,11.890000343322754,11.53499984741211,11.760000228881836,254700
2025-04-28,11.670076370239258,12.319999694824219,12.380000114440918,11.835000038146973,11.989999771118164,397000
2025-04-29,11.897415161132812,12.5600004196167,12.5600004196167,12.069999694824219,12.329999923706055,348700
2025-04-30,11.546935081481934,12.1899995803833,12.529999732971191,11.949999809265137,12.449999809265137,370700
2025-05-01,11.632186889648438,12.279999732971191,12.449999809265137,11.90999984741211,12.180000305175781,314100
2025-05-02,12.058446884155273,12.729999542236328,12.760000228881836,12.274999618530273,12.5,261900
2025-05-05,11.802691459655762,12.460000038146973,12.65999984741211,12.4399995803833,12.600000381469727,260100
2025-05-06,11.565879821777344,12.210000038146973,12.510000228881836,12.093999862670898,12.380000114440918,336400
2025-05-07,11.812164306640625,12.470000267028809,12.520000457763672,12.079999923706055,12.289999961853027,368200
2025-05-08,12.59837818145752,13.300000190734863,13.449999809265137,12.479999542236328,12.479999542236328,691200
2025-05-09,11.338540077209473,11.970000267028809,13.375,11.6899995803833,13.300000190734863,975100
2025-05-12,11.755329132080078,12.40999984741211,12.649999618530273,11.970000267028809,12.460000038146973,930400
2025-05-13,11.840580940246582,12.5,12.710000038146973,12.09000015258789,12.350000381469727,532000
2025-05-14,10.97858715057373,11.59000015258789,12.529999732971191,11.539999961853027,12.529999732971191,477700
2025-05-15,11.044894218444824,11.65999984741211,11.770000457763672,11.34000015258789,11.5,524100
2025-05-16,11.385903358459473,12.020000457763672,12.1899995803833,11.630000114440918,11.65999984741211,531300
2025-05-19,11.007003784179688,11.619999885559082,11.960000038146973,11.579999923706055,11.829999923706055,296300
2025-05-20,11.641658782958984,12.289999961853027,12.5600004196167,11.649999618530273,11.710000038146973,1043200
2025-05-21,11.703229904174805,12.354999542236328,12.489999771118164,12.0,12.09000015258789,925700
2025-05-22,9.950822830200195,10.505000114440918,12.350000381469727,10.265000343322754,12.350000381469727,1409800
2025-05-23,10.14974594116211,10.71500015258789,10.770000457763672,10.329999923706055,10.399999618530273,796500
2025-05-27,10.665995597839355,11.260000228881836,11.520000457763672,11.020000457763672,11.069999694824219,872100
2025-05-28,10.128375053405762,10.550000190734863,11.149999618530273,10.444999694824219,11.100000381469727,556700
2025-05-29,10.037172317504883,10.454999923706055,10.784000396728516,10.350000381469727,10.569999694824219,798500
2025-05-30,10.109175682067871,10.529999732971191,10.65999984741211,10.359999656677246,10.449999809265137,833400
2025-06-02,10.032371520996094,10.449999809265137,10.524999618530273,10.199999809265137,10.460000038146973,765600
2025-06-03,10.185976028442383,10.609999656677246,10.75,10.270000457763672,10.470000267028809,593800
2025-06-04,9.984370231628418,10.399999618530273,10.71500015258789,10.390000343322754,10.609999656677246,276000
2025-06-05,9.581154823303223,9.979999542236328,10.4399995803833,9.84000015258789,10.359999656677246,540600
2025-06-06,9.398748397827148,9.789999961853027,10.300000190734863,9.770000457763672,10.010000228881836,661600
2025-06-09,9.51395320892334,9.90999984741211,10.220000267028809,9.760000228881836,9.869999885559082,841300
2025-06-10,9.725160598754883,10.130000114440918,10.399999618530273,9.899999618530273,9.979999542236328,609500
2025-06-11,9.705960273742676,10.109999656677246,10.399999618530273,9.970000267028809,10.199999809265137,774700
2025-06-12,9.63875675201416,10.039999961853027,10.204999923706055,9.920000076293945,10.130000114440918,878100
2025-06-13,9.17794132232666,9.5600004196167,10.140000343322754,9.555000305175781,9.90999984741211,482400
2025-06-16,9.63875675201416,10.039999961853027,10.039999961853027,9.489999771118164,9.579999923706055,685000
2025-06-17,9.446749687194824,9.84000015258789,10.295000076293945,9.654999732971191,9.9399995803833,841700
2025-06-18,9.350747108459473,9.739999771118164,9.970000267028809,9.670000076293945,9.829999923706055,885200
2025-06-20,9.379547119140625,9.770000457763672,9.90999984741211,9.609999656677246,9.84000015258789,1269100
2025-06-23,9.427549362182617,9.819999694824219,9.845000267028809,9.539999961853027,9.729999542236328,712600
2025-06-24,9.811564445495605,10.220000267028809,10.34000015258789,9.75,9.979999542236328,721100
2025-06-25,9.533153533935547,9.930000305175781,10.25,9.895000457763672,10.25,366800
2025-06-26,8.909130096435547,9.279999732971191,9.9399995803833,9.25,9.90999984741211,691400
2025-06-27,9.254743576049805,9.640000343322754,9.680000305175781,9.199999809265137,9.300000190734863,1091500
2025-06-30,9.30274486541748,9.6899995803833,9.729999542236328,9.470000267028809,9.649999618530273,637300
2025-07-01,9.849966049194336,10.260000228881836,10.385000228881836,9.5600004196167,9.600000381469727,919000
2025-07-02,9.840364456176758,10.25,10.378000259399414,9.960000038146973,10.300000190734863,1046000
2025-07-03,9.907567024230957,10.319999694824219,10.350000381469727,10.085000038146973,10.270000457763672,291900
2025-07-07,9.629157066345215,10.029999732971191,10.34000015258789,9.970000267028809,10.210000038146973,639800
2025-07-08,10.013171195983887,10.430000305175781,10.630000114440918,10.069999694824219,10.079999923706055,846700
2025-07-09,10.17637825012207,10.600000381469727,10.649999618530273,10.25,10.470000267028809,365000
2025-07-10,10.30118179321289,10.729999542236328,10.864999771118164,10.5,10.619999885559082,382400
2025-07-11,10.051573753356934,10.470000267028809,10.649999618530273,10.260000228881836,10.640000343322754,397100
2025-07-14,9.955568313598633,10.369999885559082,10.539999961853027,10.265000343322754,10.460000038146973,765400
2025-07-15,9.197141647338867,9.579999923706055,10.489999771118164,9.5600004196167,10.359999656677246,589200
2025-07-16,9.360346794128418,9.75,9.755000114440918,9.4399995803833,9.680000305175781,548400
2025-07-17,9.456351280212402,9.850000381469727,9.994999885559082,9.694999694824219,9.710000038146973,450500
2025-07-18,9.389147758483887,9.779999732971191,10.109999656677246,9.680000305175781,9.970000267028809,469400
2025-07-21,9.878767013549805,10.289999961853027,10.300000190734863,9.800000190734863,9.829999923706055,444200
2025-07-22,10.26278018951416,10.6899995803833,10.84000015258789,10.255000114440918,10.289999961853027,536000
2025-07-23,11.165214538574219,11.630000114440918,11.729999542236328,10.699999809265137,10.850000381469727,754600
2025-07-24,10.92520523071289,11.380000114440918,11.635000228881836,11.347999572753906,11.579999923706055,374300
2025-07-25,11.26121711730957,11.729999542236328,11.765000343322754,11.3149995803833,11.460000038146973,401100
2025-07-28,10.877203941345215,11.329999923706055,11.791000366210938,11.289999961853027,11.760000228881836,489700
2025-07-29,10.320383071899414,10.75,11.350000381469727,10.739999771118164,11.350000381469727,654000
2025-07-30,10.032371520996094,10.449999809265137,10.819999694824219,10.380000114440918,10.760000228881836,514800
2025-07-31,9.753961563110352,10.15999984741211,10.407999992370605,9.960000038146973,10.25,830900
2025-08-01,9.561955451965332,9.960000038146973,10.130000114440918,9.770000457763672,10.119999885559082,673500
2025-08-04,9.398748397827148,9.789999961853027,10.15999984741211,9.760000228881836,10.15999984741211,324400
2025-08-05,9.523552894592285,9.920000076293945,9.970000267028809,9.649999618530273,9.819999694824219,560600
2025-08-06,9.47555160522461,9.869999885559082,10.029999732971191,9.729999542236328,9.880000114440918,581500
2025-08-07,9.945968627929688,10.359999656677246,10.380000114440918,9.954999923706055,9.979999542236328,742400
2025-08-08,11.789237976074219,12.279999732971191,12.960000038146973,11.600000381469727,12.899999618530273,2062500
2025-08-11,12.221253395080566,12.729999542236328,12.984999656677246,12.244999885559082,12.399999618530273,1293900
2025-08-12,12.787673950195312,13.319999694824219,13.350000381469727,12.720000267028809,12.729999542236328,889000
2025-08-13,13.382896423339844,13.9399995803833,14.220000267028809,13.210000038146973,13.4399995803833,1206600
2025-08-14,13.315693855285645,13.869999885559082,13.914999961853027,13.380000114440918,13.729999542236328,777300
2025-08-15,13.142887115478516,13.6899995803833,14.0,13.619999885559082,13.930000305175781,646600
2025-08-18,12.941279411315918,13.479999542236328,13.949999809265137,13.444999694824219,13.770000457763672,566100
2025-08-19,13.094884872436523,13.640000343322754,13.890000343322754,13.479999542236328,13.479999542236328,324500
2025-08-20,13.334896087646484,13.890000343322754,14.09000015258789,13.350000381469727,13.579999923706055,434600
2025-08-21,13.27729320526123,13.829999923706055,14.020000457763672,13.75,13.75,374000
2025-08-22,13.805312156677246,14.380000114440918,14.84000015258789,13.904999732971191,14.0,883800
2025-08-25,13.690107345581055,14.260000228881836,14.4399995803833,14.109999656677246,14.329999923706055,371600
2025-08-26,13.642106056213379,14.210000038146973,14.40999984741211,13.847999572753906,14.260000228881836,563000
2025-08-27,14.006918907165527,14.59000015258789,14.609999656677246,14.210000038146973,14.210000038146973,299200
2025-08-28,13.920515060424805,14.5,14.6899995803833,14.21500015258789,14.539999961853027,496200
2025-08-29,14.046624183654785,14.479999542236328,14.65999984741211,14.25,14.25,366800
2025-09-02,14.182435035705566,14.619999885559082,14.819999694824219,14.34000015258789,14.489999771118164,411200
2025-09-03,13.881712913513184,14.3100004196167,14.649999618530273,14.079999923706055,14.380000114440918,374600
2025-09-04,14.05632495880127,14.489999771118164,14.515000343322754,14.109999656677246,14.319999694824219,285400
2025-09-05,14.512259483337402,14.960000038146973,14.970000267028809,14.399999618530273,14.479999542236328,618500
2025-09-08,14.21153736114502,14.649999618530273,15.260000228881836,14.630000114440918,15.010000228881836,890200
2025-09-09,14.774177551269531,15.229999542236328,15.289999961853027,14.510000228881836,14.65999984741211,653000
2025-09-10,14.521960258483887,14.970000267028809,15.359999656677246,14.770000457763672,15.229999542236328,716300
2025-09-11,14.851784706115723,15.3100004196167,15.4399995803833,14.880000114440918,14.989999771118164,365800
2025-09-12,14.560763359069824,15.010000228881836,15.300000190734863,14.9399995803833,15.210000038146973,332900
2025-09-15,14.628667831420898,15.079999923706055,15.444000244140625,14.9399995803833,14.989999771118164,850400
2025-09-16,14.628667831420898,15.079999923706055,15.3100004196167,14.92199993133545,15.050000190734863,341800
2025-09-17,14.60926628112793,15.0600004196167,15.550000190734863,14.984999656677246,15.15999984741211,427400
2025-09-18,14.715973854064941,15.170000076293945,15.289999961853027,14.880000114440918,15.0600004196167,385700
2025-09-19,13.910815238952637,14.34000015258789,15.170000076293945,14.319999694824219,15.170000076293945,1222700
2025-09-22,14.153332710266113,14.59000015258789,14.630000114440918,14.260000228881836,14.359999656677246,559800
2025-09-23,14.133931159973145,14.569999694824219,14.829999923706055,14.510000228881836,14.670000076293945,476800
2025-09-24,14.163034439086914,14.600000381469727,14.824999809265137,14.479999542236328,14.529999732971191,434800
2025-09-25,13.280268669128418,13.6899995803833,14.449999809265137,13.520000457763672,14.449999809265137,626800
2025-09-26,13.483983039855957,13.899999618530273,14.0,13.654999732971191,13.800000190734863,364200
2025-09-29,13.580991744995117,14.0,14.020000457763672,13.779999732971191,13.949999809265137,521500
2025-09-30,13.687698364257812,14.109999656677246,14.180000305175781,13.835000038146973,14.180000305175781,320300
2025-10-01,14.269742012023926,14.710000038146973,14.817000389099121,13.770000457763672,14.050000190734863,401400
2025-10-02,13.833209991455078,14.260000228881836,14.779999732971191,14.170000076293945,14.680000305175781,321800
2025-10-03,13.891412734985352,14.319999694824219,14.781999588012695,14.229999542236328,14.3100004196167,375000
2025-10-06,13.765304565429688,14.1899995803833,14.699999809265137,14.149999618530273,14.5,580500
2025-10-07,13.367574691772461,13.779999732971191,14.350000381469727,13.760000228881836,14.220000267028809,307500
2025-10-08,13.406378746032715,13.819999694824219,13.925000190734863,13.670000076293945,13.899999618530273,345900
2025-10-09,13.18326187133789,13.59000015258789,14.029999732971191,13.574999809265137,14.029999732971191,240500
2025-10-10,12.979548454284668,13.380000114440918,13.654999732971191,13.100000381469727,13.600000381469727,352000
2025-10-13,12.950446128845215,13.350000381469727,13.704999923706055,13.34000015258789,13.510000228881836,302500
2025-10-14,13.125057220458984,13.529999732971191,13.609999656677246,13.130000114440918,13.149999618530273,313000
2025-10-15,13.464583396911621,13.880000114440918,14.09000015258789,13.539999961853027,13.630000114440918,277900
2025-10-16,13.280268669128418,13.6899995803833,14.135000228881836,13.619999885559082,13.960000038146973,301300
2025-10-17,13.154160499572754,13.5600004196167,13.770000457763672,13.479999542236328,13.59000015258789,325200
2025-10-20,13.677998542785645,14.100000381469727,14.130000114440918,13.4399995803833,13.520000457763672,280800
2025-10-21,13.8720121383667,14.300000190734863,14.420000076293945,13.90999984741211,14.09000015258789,285600
2025-10-22,13.823509216308594,14.25,14.550000190734863,14.130000114440918,14.550000190734863,261000
2025-10-23,13.716801643371582,14.140000343322754,14.380000114440918,13.960000038146973,14.25,221700
2025-10-24,13.901114463806152,14.329999923706055,14.369999885559082,13.930000305175781,14.229999542236328,197900
2025-10-27,13.648896217346191,14.069999694824219,14.430000305175781,13.989999771118164,14.329999923706055,244800
2025-10-28,13.600393295288086,14.020000457763672,14.274999618530273,13.75,14.029999732971191,425500
2025-10-29,13.18326187133789,13.59000015258789,14.260000228881836,13.510000228881836,14.029999732971191,254500
2025-10-30,13.251166343688965,13.65999984741211,13.84000015258789,13.260000228881836,13.84000015258789,377500
2025-10-31,12.940744400024414,13.34000015258789,13.585000038146973,13.260000228881836,13.520000457763672,486100
2025-11-03,13.018350601196289,13.420000076293945,13.505000114440918,13.029999732971191,13.260000228881836,580200
2025-11-04,13.1153564453125,13.520000457763672,13.770000457763672,13.350000381469727,13.350000381469727,401400
2025-11-05,13.445180892944336,13.859999656677246,13.920000076293945,13.34000015258789,13.59000015258789,313900
2025-11-06,13.05715274810791,13.460000038146973,13.829999923706055,13.300000190734863,13.800000190734863,315800
2025-11-07,13.377276420593262,13.789999961853027,13.925000190734863,13.520000457763672,13.520000457763672,366200
2025-11-10,13.260868072509766,13.670000076293945,13.989999771118164,13.5600004196167,13.84000015258789,253700
2025-11-11,13.79440689086914,14.220000267028809,14.395000457763672,13.670000076293945,13.670000076293945,237100
2025-11-12,14.066025733947754,14.5,14.90999984741211,14.220000267028809,14.220000267028809,491300
2025-11-13,13.978719711303711,14.40999984741211,14.8100004196167,14.180000305175781,14.369999885559082,303500
2025-11-14,14.114529609680176,14.550000190734863,14.59000015258789,14.069999694824219,14.300000190734863,299500
2025-11-17,13.881712913513184,14.3100004196167,14.640000343322754,14.244999885559082,14.420000076293945,338400
2025-11-18,13.784707069396973,14.210000038146973,14.572999954223633,13.970000267028809,14.140000343322754,386900
2025-11-19,13.716801643371582,14.140000343322754,14.6899995803833,13.829999923706055,14.210000038146973,421900
2025-11-20,13.319071769714355,13.729999542236328,14.470000267028809,13.609999656677246,14.3100004196167,332300
2025-11-21,14.133931159973145,14.569999694824219,14.805000305175781,13.739999771118164,13.739999771118164,645000
2025-11-24,14.201836585998535,14.640000343322754,14.710000038146973,14.279999732971191,14.550000190734863,851900
2025-11-25,13.17356014251709,13.579999923706055,14.779999732971191,13.09000015258789,13.65999984741211,1136200
2025-11-26,12.1937894821167,12.569999694824219,13.460000038146973,12.100000381469727,13.359999656677246,1558500
2025-11-28,12.373252868652344,12.755000114440918,12.890000343322754,12.3100004196167,12.3100004196167,526900
2025-12-01,11.883367538452148,12.25,12.8100004196167,12.130000114440918,12.569999694824219,1022800
2025-12-02,11.931870460510254,12.300000190734863,12.454999923706055,12.119000434875488,12.25,762000
2025-12-03,11.59234619140625,11.949999809265137,12.5600004196167,11.895000457763672,12.3100004196167,659100
2025-12-04,11.330427169799805,11.680000305175781,12.029999732971191,11.5,12.0,923900
2025-12-05,11.48765754699707,11.6899995803833,11.890000343322754,11.5,11.529999732971191,972200
2025-12-08,10.858736038208008,11.050000190734863,11.680000305175781,11.029999732971191,11.680000305175781,880900
2025-12-09,10.917695999145508,11.109999656677246,11.34000015258789,11.015000343322754,11.119999885559082,774700
2025-12-10,11.340253829956055,11.539999961853027,11.819999694824219,11.0600004196167,11.100000381469727,1016500
2025-12-11,11.743156433105469,11.949999809265137,12.005000114440918,11.59000015258789,11.649999618530273,909100
2025-12-12,11.59575366973877,11.800000190734863,12.109999656677246,11.460000038146973,11.949999809265137,1272600
2025-12-15,11.723504066467285,11.930000305175781,12.069999694824219,11.680000305175781,11.8100004196167,1013600
2025-12-16,11.684196472167969,11.890000343322754,12.09000015258789,11.649999618530273,11.699999809265137,1063400
2025-12-17,11.576099395751953,11.779999732971191,12.362000465393066,11.779999732971191,11.930000305175781,941100
2025-12-18,11.50731086730957,11.710000038146973,12.119999885559082,11.699999809265137,11.859999656677246,908000
2025-12-19,11.546619415283203,11.75,11.920000076293945,11.640000343322754,11.699999809265137,1116500
2025-12-22,11.752984046936035,11.960000038146973,12.300000190734863,11.710000038146973,11.710000038146973,735800
2025-12-23,11.713676452636719,11.920000076293945,12.074999809265137,11.859999656677246,11.989999771118164,374200
2025-12-24,11.870906829833984,12.079999923706055,12.154999732971191,11.9350004196167,11.949999809265137,220000
2025-12-26,11.802119255065918,12.010000228881836,12.109999656677246,11.84000015258789,12.109999656677246,344500
2025-12-29,11.654714584350586,11.859999656677246,12.140000343322754,11.789999961853027,12.0,374600
2025-12-30,11.861079216003418,12.069999694824219,12.149999618530273,11.760000228881836,11.800000190734863,367500
2025-12-31,11.674368858337402,11.880000114440918,12.0600004196167,11.840999603271484,12.050000190734863,435900
2026-01-02,11.458176612854004,11.65999984741211,11.979999542236328,11.625,11.949999809265137,455700
2026-01-05,11.418869018554688,11.619999885559082,11.800000190734863,11.380000114440918,11.600000381469727,639700
2026-01-06,12.175541877746582,12.390000343322754,12.4350004196167,11.569999694824219,11.569999694824219,526200
2026-01-07,12.283637046813965,12.5,12.619999885559082,12.1899995803833,12.369999885559082,539300
2026-01-08,12.539137840270996,12.760000228881836,12.770000457763672,12.225000381469727,12.390000343322754,578100
2026-01-09,12.539137840270996,12.760000228881836,12.975000381469727,12.255000114440918,12.770000457763672,674400
2026-01-12,12.627579689025879,12.850000381469727,12.859999656677246,12.550000190734863,12.760000228881836,602000
2026-01-13,12.440868377685547,12.65999984741211,13.029999732971191,12.510000228881836,12.859999656677246,456300
2026-01-14,12.52931022644043,12.75,12.875,12.520000457763672,12.600000381469727,321000
2026-01-15,12.381906509399414,12.600000381469727,12.859999656677246,12.532999992370605,12.720000267028809,382300
2026-01-16,12.175541877746582,12.390000343322754,12.619999885559082,12.239999771118164,12.529999732971191,435900
2026-01-20,12.077272415161133,12.289999961853027,12.404999732971191,12.010000228881836,12.149999618530273,399000
2026-01-21,12.116579055786133,12.329999923706055,12.460000038146973,12.119999885559082,12.329999923706055,523100
2026-01-22,11.870906829833984,12.079999923706055,12.505000114440918,12.079999923706055,12.300000190734863,343200
2026-01-23,10.750638961791992,10.9399995803833,12.069999694824219,10.899999618530273,12.069999694824219,526600
2026-01-26,10.55410099029541,10.739999771118164,11.0,10.579999923706055,10.949999809265137,1034300
2026-01-27,10.219985961914062,10.399999618530273,10.680000305175781,10.335000038146973,10.609999656677246,862700
2026-01-28,10.02344799041748,10.199999809265137,10.510000228881836,10.15999984741211,10.390000343322754,551400
2026-01-29,10.12171745300293,10.300000190734863,10.40999984741211,9.970000267028809,10.25,628000
2026-01-30,10.426350593566895,10.609999656677246,10.645000457763672,10.220000267028809,10.220000267028809,795100
2026-02-02,10.750638961791992,10.9399995803833,11.180000305175781,10.53499984741211,10.609999656677246,650800
2026-02-03,10.721158027648926,10.90999984741211,11.359999656677246,10.789999961853027,10.899999618530273,838700
2026-02-04,11.153542518615723,11.350000381469727,11.569999694824219,10.90999984741211,11.020000457763672,865700
2026-02-05,10.288775444030762,10.470000267028809,13.444999694824219,9.90999984741211,12.609999656677246,1649600
2026-02-06,10.676937103271484,10.864999771118164,11.069999694824219,10.460000038146973,10.520000457763672,1351300
2026-02-09,10.12171745300293,10.300000190734863,10.770000457763672,10.029999732971191,10.75,1351100
2026-02-10,10.111889839172363,10.289999961853027,10.5,10.085000038146973,10.229999542236328,1237400
2026-02-11,9.885871887207031,10.0600004196167,10.220000267028809,9.949999809265137,10.220000267028809,980600
2026-02-12,9.826910018920898,10.0,10.390000343322754,9.925000190734863,10.1899995803833,1447000
2026-02-13,9.993967056274414,10.170000076293945,10.369999885559082,9.949999809265137,10.020000457763672,1093500
2026-02-17,10.092236518859863,10.270000457763672,10.4399995803833,10.119999885559082,10.199999809265137,1105900
2026-02-18,10.298601150512695,10.479999542236328,10.59000015258789,10.210000038146973,10.25,726800
2026-02-19,10.347735404968262,10.529999732971191,10.699999809265137,10.359999656677246,10.470000267028809,737900
2026-02-20,10.544273376464844,10.729999542236328,10.899999618530273,10.489999771118164,10.5600004196167,1048400
2026-02-23,10.387043952941895,10.569999694824219,10.770000457763672,10.460000038146973,10.680000305175781,633000
2026-02-24,10.102063179016113,10.279999732971191,10.770000457763672,10.220000267028809,10.529999732971191,901300
2026-02-25,10.14137077331543,10.319999694824219,10.520000457763672,10.100000381469727,10.34000015258789,686900
2026-02-26,10.298601150512695,10.479999542236328,10.619999885559082,10.319999694824219,10.34000015258789,736100
2026-02-27,10.228814125061035,10.260000228881836,10.34000015258789,10.109999656677246,10.300000190734863,824300
2026-03-02,9.959634780883789,9.989999771118164,10.180000305175781,9.963000297546387,10.020000457763672,593300
2026-03-03,9.680485725402832,9.710000038146973,9.9399995803833,9.59000015258789,9.84000015258789,984200
2026-03-04,9.580789566040039,9.609999656677246,9.84000015258789,9.609999656677246,9.720000267028809,824700
2026-03-05,9.411306381225586,9.4399995803833,9.630000114440918,9.3100004196167,9.550000190734863,1335900
2026-03-06,9.042430877685547,9.069999694824219,9.350000381469727,9.0600004196167,9.3100004196167,997300
2026-03-09,9.201944351196289,9.229999542236328,9.300000190734863,8.8100004196167,8.979999542236328,945400
2026-03-10,9.062370300292969,9.09000015258789,9.300000190734863,8.970000267028809,9.210000038146973,781500
2026-03-11,8.972643852233887,9.0,9.130000114440918,8.779999732971191,9.010000228881836,794600
2026-03-12,8.783222198486328,8.8100004196167,9.050000190734863,8.770000457763672,8.850000381469727,876200
2026-03-13,8.763282775878906,8.789999961853027,8.949999809265137,8.774999618530273,8.829999923706055,725200
2026-03-16,8.793190956115723,8.819999694824219,8.989999771118164,8.779999732971191,8.800000190734863,870500
2026-03-17,8.882917404174805,8.90999984741211,9.210000038146973,8.859999656677246,8.930000305175781,731400
2026-03-18,8.833069801330566,8.859999656677246,8.9399995803833,8.720000267028809,8.770000457763672,715800
2026-03-19,9.092279434204102,9.119999885559082,9.46500015258789,8.890000343322754,8.949999809265137,926700
2026-03-20,8.8629789352417,8.890000343322754,9.324999809265137,8.869999885559082,9.210000038146973,2137700
2026-03-23,9.00255298614502,9.029999732971191,9.239999771118164,8.949999809265137,9.199999809265137,1104300
2026-03-24,8.982613563537598,9.010000228881836,9.079999923706055,8.850000381469727,8.9399995803833,694400
2026-03-25,8.972643852233887,9.0,9.175000190734863,8.84000015258789,9.109999656677246,768000
2026-03-26,8.843039512634277,8.869999885559082,9.170000076293945,8.670000076293945,8.949999809265137,816300
2026-03-27,8.543951034545898,8.569999694824219,8.925000190734863,8.470000267028809,8.8100004196167,818800
2026-03-30,8.813130378723145,8.84000015258789,8.930000305175781,8.569999694824219,8.569999694824219,1009500
2026-03-31,8.813130378723145,8.84000015258789,9.25,8.739999771118164,9.020000457763672,1044100
2026-04-01,8.763282775878906,8.789999961853027,8.869999885559082,8.529999732971191,8.869999885559082,990200
2026-04-02,8.823100090026855,8.850000381469727,8.960000038146973,8.510000228881836,8.65999984741211,1084200
2026-04-06,8.902856826782227,8.930000305175781,9.020000457763672,8.729999542236328,8.8100004196167,817300
2026-04-07,8.803160667419434,8.829999923706055,9.0,8.795000076293945,8.880000114440918,511300
2026-04-08,8.853009223937988,8.880000114440918,9.1899995803833,8.824999809265137,9.130000114440918,497800
2026-04-09,8.843039512634277,8.869999885559082,8.920000076293945,8.600000381469727,8.800000190734863,683000
2026-04-10,8.823100090026855,8.850000381469727,8.989999771118164,8.744999885559082,8.880000114440918,486000
2026-04-13,9.231854438781738,9.260000228881836,9.260000228881836,8.774999618530273,8.8100004196167,674900
2026-04-14,9.431245803833008,9.460000038146973,9.725000381469727,9.34000015258789,9.4399995803833,693300
2026-04-15,9.580789566040039,9.609999656677246,9.6899995803833,9.380000114440918,9.489999771118164,512800
2026-04-16,9.481094360351562,9.510000228881836,9.706000328063965,9.479999542236328,9.569999694824219,570000
2026-04-17,9.750272750854492,9.779999732971191,9.890000343322754,9.619999885559082,9.699999809265137,801700
2026-04-20,9.570820808410645,9.600000381469727,9.899999618530273,9.59000015258789,9.6899995803833,713200
2026-04-21,9.102249145507812,9.130000114440918,9.649999618530273,9.119999885559082,9.600000381469727,641900
2026-04-22,9.182005882263184,9.210000038146973,9.390000343322754,9.140000343322754,9.15999984741211,713700
2026-04-23,9.122187614440918,9.149999618530273,9.199999809265137,8.975000381469727,9.140000343322754,560900
2026-04-24,9.191975593566895,9.220000267028809,9.28499984741211,9.0,9.100000381469727,529400
2026-04-27,9.2119140625,9.239999771118164,9.399999618530273,9.170000076293945,9.199999809265137,808100
2026-04-28,9.00255298614502,9.029999732971191,9.350000381469727,9.024999618530273,9.319999694824219,780000
2026-04-29,8.683526039123535,8.710000038146973,9.109999656677246,8.680000305175781,9.029999732971191,1007100
2026-04-30,9.122187614440918,9.149999618530273,9.180000305175781,8.65999984741211,8.710000038146973,754700
2026-05-01,9.201944351196289,9.229999542236328,9.260000228881836,9.039999961853027,9.180000305175781,746100
2026-05-04,9.221884727478027,9.25,9.430000305175781,9.140000343322754,9.140000343322754,1107200
2026-05-05,3.888145923614502,3.9000000953674316,5.110000133514404,3.890000104904175,5.065000057220459,16136500
2026-05-06,3.5491790771484375,3.559999942779541,4.059999942779541,3.549999952316284,3.990000009536743,8503400
2026-05-07,3.589057683944702,3.5999999046325684,3.7899999618530273,3.450000047683716,3.5399999618530273,5774300
2026-05-08,3.628936290740967,3.640000104904175,3.75,3.4700000286102295,3.630000114440918,6510300
2026-05-11,3.3497869968414307,3.359999895095825,3.7699999809265137,3.2300000190734863,3.6500000953674316,5708200
2026-05-12,3.3996353149414062,3.4100000858306885,3.4600000381469727,3.259999990463257,3.319999933242798,2834500
2026-05-13,3.1105165481567383,3.119999885559082,3.369999885559082,3.109999895095825,3.359999895095825,4930600
2026-05-14,3.13045597076416,3.140000104904175,3.305000066757202,3.0899999141693115,3.0899999141693115,3011500
2026-05-15,3.13045597076416,3.140000104904175,3.2200000286102295,3.0799999237060547,3.119999885559082,2783400
2026-05-18,3.0207901000976562,3.0299999713897705,3.240000009536743,2.993000030517578,3.0899999141693115,3438800
2026-05-19,2.8911855220794678,2.9000000953674316,3.069999933242798,2.880000114440918,3.0299999713897705,3193100
2026-05-20,3.05069899559021,3.059999942779541,3.0799999237060547,2.7699999809265137,2.869999885559082,2833800
2026-05-21,3.309908628463745,3.319999933242798,3.3450000286102295,2.9800000190734863,3.059999942779541,2510000
2026-05-22,3.309908628463745,3.319999933242798,3.4100000858306885,3.2249999046325684,3.319999933242798,1766400
2026-05-26,3.309908628463745,3.319999933242798,3.390000104904175,3.2699999809265137,3.299999952316284,1504700
2026-05-27,3.2799999713897705,3.2899999618530273,3.3399999141693115,3.130000114440918,3.2799999713897705,1701700
2026-05-28,3.3299999237060547,3.3299999237060547,3.390000104904175,3.259999990463257,3.319999933242798,1464400
2026-05-29,3.380000114440918,3.380000114440918,3.4049999713897705,3.2300000190734863,3.3299999237060547,2017900
2026-06-01,3.2899999618530273,3.2899999618530273,3.3949999809265137,3.2300000190734863,3.3399999141693115,1793100
2026-06-02,3.490000009536743,3.490000009536743,3.5399999618530273,3.2209999561309814,3.3299999237060547,2495300
2026-06-03,3.319999933242798,3.319999933242798,3.4800000190734863,3.309999942779541,3.450000047683716,1405900
2026-06-04,3.4100000858306885,3.4100000858306885,3.5260000228881836,3.3299999237060547,3.3299999237060547,1356900
2026-06-05,3.380000114440918,3.380000114440918,3.4800000190734863,3.369999885559082,3.4000000953674316,1372500
2026-06-08,3.3399999141693115,3.3399999141693115,3.3949999809265137,3.309999942779541,3.3499999046325684,1584400
2026-06-09,3.309999942779541,3.309999942779541,3.424999952316284,3.25,3.3499999046325684,1878400
2026-06-10,3.2100000381469727,3.2100000381469727,3.319999933242798,3.184999942779541,3.309999942779541,1405700
2026-06-11,3.0799999237060547,3.0799999237060547,3.2200000286102295,3.0199999809265137,3.2200000286102295,2055900
2026-06-12,3.0999999046325684,3.0999999046325684,3.180000066757202,3.0399999618530273,3.0799999237060547,1581000
2026-06-15,3.130000114440918,3.130000114440918,3.2300000190734863,3.0450000762939453,3.140000104904175,1938900
2026-06-16,3.0899999141693115,3.0899999141693115,3.2699999809265137,3.049999952316284,3.130000114440918,2148300
2026-06-17,3.0899999141693115,3.0899999141693115,3.25600004196167,3.069999933242798,3.069999933242798,1991600
2026-06-18,3.109999895095825,3.109999895095825,3.134999990463257,3.0299999713897705,3.0999999046325684,11422100
2026-06-22,3.0299999713897705,3.0299999713897705,3.190000057220459,3.0299999713897705,3.1600000858306885,2123400
2026-06-23,3.130000114440918,3.130000114440918,3.1649999618530273,3.009999990463257,3.0350000858306885,2208100
2026-06-24,3.0999999046325684,3.0999999046325684,3.244999885559082,3.0799999237060547,3.0999999046325684,1859200
2026-06-25,3.109999895095825,3.109999895095825,3.1700000762939453,3.0299999713897705,3.109999895095825,1467100
2026-06-26,3.490000009536743,3.490000009536743,3.5,3.0899999141693115,3.0899999141693115,6217800
2026-06-29,3.309999942779541,3.309999942779541,3.5,3.299999952316284,3.4600000381469727,1766600
2026-06-30,3.259999990463257,3.259999990463257,3.3299999237060547,3.2049999237060547,3.3299999237060547,2413000
2026-07-01,3.359999895095825,3.359999895095825,3.484999895095825,3.2799999713897705,3.2799999713897705,2023900
2026-07-02,3.3499999046325684,3.3499999046325684,3.4200000762939453,3.309999942779541,3.4200000762939453,1851300
2026-07-06,3.2799999713897705,3.2799999713897705,3.380000114440918,3.2300000190734863,3.380000114440918,1316800
2026-07-07,3.369999885559082,3.369999885559082,3.4200000762939453,3.299999952316284,3.3350000381469727,2380700
2026-07-08,3.190000057220459,3.190000057220459,3.3450000286102295,3.174999952316284,3.319999933242798,1362400
2026-07-09,3.180000066757202,3.180000066757202,3.2200000286102295,3.119999885559082,3.1500000953674316,1491000
2026-07-10,3.240000009536743,3.240000009536743,3.259999990463257,3.1500000953674316,3.180000066757202,1529400
2026-07-13,3.2100000381469727,3.2100000381469727,3.2850000858306885,3.140000104904175,3.200000047683716,1300800
2026-07-14,3.0999999046325684,3.0999999046325684,3.200000047683716,3.069999933242798,3.200000047683716,1313900
2026-07-15,3.2200000286102295,3.2200000286102295,3.2300000190734863,3.0999999046325684,3.0999999046325684,1069800
2026-07-16,3.3499999046325684,3.3499999046325684,3.390000104904175,3.2200000286102295,3.2200000286102295,1699800
2026-07-17,3.25,3.25,3.4100000858306885,3.25,3.319999933242798,1054700
2026-07-20,3.440000057220459,3.440000057220459,3.450000047683716,3.2750000953674316,3.2799999713897705,1396100
2026-07-21,3.369999885559082,3.369999885559082,3.4700000286102295,3.325000047683716,3.4000000953674316,1541500
2026-07-22,3.25,3.25,3.375,3.244999885559082,3.369999885559082,781700
2026-07-23,3.2149999141693115,3.2149999141693115,3.259999990463257,3.19350004196167,3.25,606366
