Date,Adjusted_Close,Close,High,Low,Open,Volume
2021-07-23,91.69999694824219,91.69999694824219,94.80000305175781,89.27999877929688,94.0999984741211,27250
2021-07-26,92.5999984741211,92.5999984741211,94.0999984741211,90.19999694824219,91.0999984741211,18100
2021-07-27,88.0,88.0,93.1500015258789,86.4000015258789,92.69999694824219,23870
2021-07-28,91.5,91.5,92.30000305175781,87.5,88.0999984741211,9130
2021-07-29,91.69999694824219,91.69999694824219,93.8499984741211,90.41000366210938,92.19999694824219,8900
2021-07-30,88.30000305175781,88.30000305175781,90.4000015258789,87.19999694824219,90.0999984741211,15220
2021-08-02,89.19999694824219,89.19999694824219,91.5999984741211,87.5,88.9000015258789,10700
2021-08-03,90.4000015258789,90.4000015258789,90.4000015258789,86.5999984741211,90.0,10790
2021-08-04,87.4000015258789,87.4000015258789,91.19999694824219,86.0,89.0999984741211,17540
2021-08-05,80.5,80.5,86.5999984741211,76.9000015258789,86.5999984741211,72410
2021-08-06,92.30000305175781,92.30000305175781,93.80000305175781,80.3499984741211,80.69999694824219,38110
2021-08-09,98.0,98.0,99.69999694824219,88.80000305175781,92.6500015258789,26240
2021-08-10,97.80000305175781,97.80000305175781,99.5,93.69999694824219,97.69999694824219,23000
2021-08-11,94.30000305175781,94.30000305175781,100.4000015258789,92.0,99.80000305175781,14440
2021-08-12,97.19999694824219,97.19999694824219,98.44999694824219,93.0999984741211,93.69999694824219,9030
2021-08-13,94.5999984741211,94.5999984741211,97.0999984741211,93.0,96.9000015258789,11950
2021-08-16,90.80000305175781,90.80000305175781,95.0,89.5,95.0,12790
2021-08-17,96.4000015258789,96.4000015258789,96.80000305175781,89.0,89.9000015258789,17170
2021-08-18,95.19999694824219,95.19999694824219,97.0,90.0,95.5999984741211,22280
2021-08-19,91.0,91.0,93.9000015258789,90.5,93.80000305175781,10800
2021-08-20,89.19999694824219,89.19999694824219,92.80000305175781,88.69999694824219,90.0,13120
2021-08-23,97.80000305175781,97.80000305175781,99.0,90.0999984741211,91.5999984741211,19190
2021-08-24,99.0,99.0,99.9000015258789,96.5,97.80000305175781,11490
2021-08-25,98.30000305175781,98.30000305175781,99.80000305175781,97.0,98.30000305175781,9920
2021-08-26,93.5999984741211,93.5999984741211,99.5,93.5,98.5,10720
2021-08-27,98.4000015258789,98.4000015258789,99.4000015258789,94.4000015258789,94.4000015258789,12190
2021-08-30,99.5999984741211,99.5999984741211,101.0,96.80000305175781,99.5,15920
2021-08-31,98.5,98.5,101.8499984741211,97.0,99.5999984741211,30090
2021-09-01,99.30000305175781,99.30000305175781,101.80000305175781,97.4000015258789,98.80000305175781,8310
2021-09-02,102.30000305175781,102.30000305175781,103.0199966430664,99.69999694824219,99.9000015258789,15200
2021-09-03,101.0,101.0,104.80000305175781,99.25,102.30000305175781,10940
2021-09-07,95.80000305175781,95.80000305175781,101.69999694824219,95.19999694824219,100.4000015258789,13040
2021-09-08,95.5999984741211,95.5999984741211,97.1500015258789,92.5,94.5,7400
2021-09-09,96.80000305175781,96.80000305175781,99.9000015258789,94.80000305175781,95.0,8710
2021-09-10,94.30000305175781,94.30000305175781,97.80000305175781,93.69999694824219,97.80000305175781,9330
2021-09-13,96.80000305175781,96.80000305175781,98.80000305175781,93.48999786376953,94.69999694824219,11340
2021-09-14,94.30000305175781,94.30000305175781,98.19999694824219,93.19999694824219,97.5,7500
2021-09-15,95.5,95.5,97.4000015258789,92.9000015258789,93.5999984741211,4380
2021-09-16,97.0999984741211,97.0999984741211,97.30000305175781,93.0999984741211,94.9000015258789,6460
2021-09-17,94.19999694824219,94.19999694824219,99.30000305175781,94.19999694824219,97.30000305175781,46620
2021-09-20,90.69999694824219,90.69999694824219,97.4000015258789,89.5,92.80000305175781,10170
2021-09-21,89.30000305175781,89.30000305175781,91.4000015258789,88.69999694824219,91.19999694824219,8600
2021-09-22,89.5,89.5,94.19999694824219,88.69999694824219,91.19999694824219,11090
2021-09-23,95.19999694824219,95.19999694824219,95.55000305175781,89.4000015258789,89.4000015258789,8590
2021-09-24,92.19999694824219,92.19999694824219,94.80999755859375,91.19999694824219,94.4000015258789,6010
2021-09-27,97.30000305175781,97.30000305175781,98.0999984741211,91.69999694824219,92.4000015258789,15880
2021-09-28,92.9000015258789,92.9000015258789,97.5,92.5,97.30000305175781,18180
2021-09-29,90.9000015258789,90.9000015258789,96.0999984741211,90.1500015258789,93.19999694824219,9440
2021-09-30,88.5,88.5,91.37999725341797,88.0999984741211,91.19999694824219,9490
2021-10-01,78.4000015258789,78.4000015258789,102.0,77.69999694824219,89.0999984741211,333710
2021-10-04,77.0,77.0,80.72000122070312,74.4000015258789,78.5999984741211,25880
2021-10-05,73.4000015258789,73.4000015258789,77.30000305175781,73.0,77.0,18270
2021-10-06,74.4000015258789,74.4000015258789,74.80000305175781,69.5999984741211,72.30000305175781,29850
2021-10-07,77.9000015258789,77.9000015258789,79.5,73.5,74.0999984741211,23770
2021-10-08,80.4000015258789,80.4000015258789,80.80000305175781,74.9000015258789,77.9000015258789,27710
2021-10-11,81.5,81.5,82.30000305175781,78.0999984741211,80.0,22360
2021-10-12,82.5,82.5,84.19999694824219,80.27999877929688,80.5999984741211,16610
2021-10-13,84.0999984741211,84.0999984741211,84.69999694824219,79.19999694824219,82.4000015258789,22940
2021-10-14,83.9000015258789,83.9000015258789,85.9000015258789,82.5,84.9000015258789,15730
2021-10-15,86.69999694824219,86.69999694824219,87.0,83.0,84.9000015258789,19250
2021-10-18,84.69999694824219,84.69999694824219,89.0,83.4000015258789,86.80000305175781,31560
2021-10-19,84.9000015258789,84.9000015258789,86.30000305175781,82.9000015258789,85.0999984741211,14850
2021-10-20,84.30000305175781,84.30000305175781,85.30000305175781,81.5,83.4000015258789,14870
2021-10-21,83.5999984741211,83.5999984741211,86.9000015258789,83.0,84.69999694824219,11970
2021-10-22,86.0999984741211,86.0999984741211,86.19999694824219,80.4000015258789,83.5,25410
2021-10-25,87.0,87.0,88.4800033569336,83.19999694824219,85.5999984741211,16090
2021-10-26,86.4000015258789,86.4000015258789,88.30000305175781,84.0999984741211,87.5,8360
2021-10-27,86.80000305175781,86.80000305175781,88.69999694824219,83.6500015258789,85.0999984741211,10060
2021-10-28,91.9000015258789,91.9000015258789,91.9000015258789,85.30000305175781,86.5999984741211,8770
2021-10-29,93.19999694824219,93.19999694824219,94.19999694824219,87.5,90.9000015258789,10820
2021-11-01,96.5,96.5,96.9000015258789,90.5999984741211,93.19999694824219,13440
2021-11-02,97.5,97.5,98.0,94.4000015258789,96.0999984741211,7820
2021-11-03,99.9000015258789,99.9000015258789,100.3499984741211,96.5,96.5,13500
2021-11-04,102.5,102.5,103.0999984741211,90.0,99.5,17040
2021-11-05,102.0,102.0,105.0,101.5,103.69999694824219,17050
2021-11-08,99.0999984741211,99.0999984741211,103.0999984741211,98.5,103.0999984741211,9960
2021-11-09,101.0,101.0,101.5999984741211,96.80000305175781,99.0,9810
2021-11-10,99.80000305175781,99.80000305175781,102.69999694824219,98.0999984741211,100.5,7820
2021-11-11,100.5,100.5,102.0999984741211,97.5999984741211,100.0,12900
2021-11-12,97.0,97.0,102.4000015258789,95.5999984741211,100.5999984741211,8520
2021-11-15,92.5,92.5,98.4000015258789,91.4000015258789,97.4000015258789,9270
2021-11-16,92.5,92.5,93.80000305175781,90.69999694824219,92.4000015258789,7710
2021-11-17,93.19999694824219,93.19999694824219,95.9000015258789,90.8499984741211,92.19999694824219,17150
2021-11-18,87.5999984741211,87.5999984741211,100.0,84.55000305175781,92.80000305175781,26310
2021-11-19,93.69999694824219,93.69999694824219,95.04000091552734,87.0,87.4000015258789,17540
2021-11-22,89.19999694824219,89.19999694824219,94.19999694824219,84.19999694824219,93.5,56330
2021-11-23,90.5999984741211,90.5999984741211,91.0,85.6500015258789,88.0999984741211,10210
2021-11-24,91.9000015258789,91.9000015258789,94.80000305175781,89.4000015258789,90.0,19560
2021-11-26,86.0999984741211,86.0999984741211,91.69999694824219,85.69999694824219,89.80000305175781,13910
2021-11-29,83.19999694824219,83.19999694824219,87.9000015258789,82.80000305175781,86.69999694824219,19700
2021-11-30,85.30000305175781,85.30000305175781,86.19999694824219,82.0999984741211,82.9000015258789,11820
2021-12-01,85.0,85.0,91.0999984741211,84.69999694824219,86.80000305175781,12010
2021-12-02,85.19999694824219,85.19999694824219,86.19999694824219,83.0,86.0999984741211,17260
2021-12-03,83.19999694824219,83.19999694824219,85.8499984741211,82.0,84.80000305175781,15690
2021-12-06,83.30000305175781,83.30000305175781,84.80000305175781,81.75,83.0,18470
2021-12-07,91.19999694824219,91.19999694824219,91.5,85.0999984741211,85.0999984741211,17380
2021-12-08,95.5999984741211,95.5999984741211,96.19999694824219,90.4000015258789,91.19999694824219,13390
2021-12-09,94.80000305175781,94.80000305175781,97.5,94.19999694824219,94.19999694824219,13910
2021-12-10,94.80000305175781,94.80000305175781,96.80000305175781,91.5999984741211,91.5999984741211,15520
2021-12-13,91.9000015258789,91.9000015258789,97.69999694824219,91.9000015258789,94.19999694824219,31310
2021-12-14,85.4000015258789,85.4000015258789,92.80000305175781,83.30000305175781,91.19999694824219,29170
2021-12-15,88.5,88.5,89.19999694824219,83.75,85.69999694824219,16330
2021-12-16,88.5,88.5,91.0,87.0999984741211,89.4000015258789,9920
2021-12-17,95.5999984741211,95.5999984741211,96.44999694824219,87.25,88.0,22090
2021-12-20,97.19999694824219,97.19999694824219,99.80000305175781,91.5,93.4000015258789,13100
2021-12-21,99.69999694824219,99.69999694824219,100.0,96.19999694824219,97.69999694824219,9640
2021-12-22,98.5,98.5,99.80000305175781,95.19999694824219,98.5999984741211,8290
2021-12-23,99.0,99.0,106.8499984741211,94.9000015258789,97.9000015258789,20260
2021-12-27,95.69999694824219,95.69999694824219,98.5,94.30000305175781,98.5,13460
2021-12-28,95.0,95.0,96.9000015258789,94.5999984741211,94.5999984741211,12240
2021-12-29,92.9000015258789,92.9000015258789,96.19999694824219,91.9000015258789,93.19999694824219,39410
2021-12-30,96.19999694824219,96.19999694824219,97.69999694824219,91.4000015258789,92.4000015258789,10950
2021-12-31,95.69999694824219,95.69999694824219,99.69999694824219,94.83000183105469,96.0,10130
2022-01-03,107.30000305175781,107.30000305175781,111.4000015258789,95.69999694824219,96.5,25760
2022-01-04,103.0999984741211,103.0999984741211,108.6500015258789,99.4000015258789,107.30000305175781,269940
2022-01-05,95.4000015258789,95.4000015258789,103.56999969482422,95.0,102.19999694824219,45030
2022-01-06,99.80000305175781,99.80000305175781,101.0,90.19999694824219,94.69999694824219,19300
2022-01-07,96.4000015258789,96.4000015258789,99.9000015258789,96.19999694824219,99.4000015258789,7990
2022-01-10,114.9000015258789,114.9000015258789,117.0,92.5999984741211,95.80000305175781,45870
2022-01-11,117.69999694824219,117.69999694824219,124.5,111.5999984741211,113.19999694824219,28960
2022-01-12,119.0999984741211,119.0999984741211,124.80000305175781,115.5,116.69999694824219,28720
2022-01-13,115.9000015258789,115.9000015258789,121.0999984741211,112.5999984741211,117.4000015258789,18470
2022-01-14,118.5,118.5,120.80000305175781,111.30000305175781,113.0,16850
2022-01-18,113.19999694824219,113.19999694824219,119.30000305175781,113.19999694824219,115.69999694824219,12260
2022-01-19,113.0999984741211,113.0999984741211,114.80000305175781,109.69999694824219,114.80000305175781,15020
2022-01-20,104.5,104.5,113.80000305175781,102.6500015258789,113.5,26820
2022-01-21,97.69999694824219,97.69999694824219,103.4000015258789,95.80000305175781,102.0999984741211,28530
2022-01-24,101.0999984741211,101.0999984741211,101.9000015258789,94.0999984741211,95.5,40930
2022-01-25,105.19999694824219,105.19999694824219,107.5,98.26000213623047,100.69999694824219,14360
2022-01-26,108.80000305175781,108.80000305175781,112.0999984741211,105.19999694824219,106.5999984741211,20190
2022-01-27,109.69999694824219,109.69999694824219,111.30000305175781,108.0999984741211,109.5999984741211,23770
2022-01-28,112.69999694824219,112.69999694824219,113.30000305175781,108.30000305175781,109.0,15610
2022-01-31,117.9000015258789,117.9000015258789,119.19999694824219,112.30000305175781,112.4000015258789,11970
2022-02-01,139.60000610351562,139.60000610351562,144.74000549316406,118.5,119.19999694824219,254420
2022-02-02,131.60000610351562,131.60000610351562,140.6999969482422,128.39999389648438,140.5,35010
2022-02-03,132.39999389648438,132.39999389648438,134.5,127.0,128.1999969482422,19060
2022-02-04,133.89999389648438,133.89999389648438,137.5,128.10000610351562,131.89999389648438,17970
2022-02-07,132.3000030517578,132.3000030517578,135.89999389648438,127.19999694824219,133.39999389648438,15850
2022-02-08,130.89999389648438,130.89999389648438,134.39999389648438,126.23999786376953,133.0,15380
2022-02-09,142.60000610351562,142.60000610351562,144.1999969482422,133.33999633789062,134.60000610351562,27510
2022-02-10,135.60000610351562,135.60000610351562,145.0,134.0,138.89999389648438,15690
2022-02-11,135.60000610351562,135.60000610351562,139.8000030517578,132.6999969482422,134.8000030517578,6780
2022-02-14,127.5,127.5,135.89999389648438,126.9000015258789,135.60000610351562,10690
2022-02-15,132.3000030517578,132.3000030517578,134.39999389648438,128.5,130.0,9040
2022-02-16,132.6999969482422,132.6999969482422,135.39999389648438,127.0,130.1999969482422,10710
2022-02-17,128.89999389648438,128.89999389648438,133.89999389648438,128.8000030517578,130.39999389648438,13130
2022-02-18,125.0,125.0,128.0,122.0,127.4000015258789,19260
2022-02-22,123.30000305175781,123.30000305175781,130.8000030517578,120.1500015258789,122.9000015258789,12630
2022-02-23,118.0,118.0,123.73999786376953,116.0999984741211,123.69999694824219,19710
2022-02-24,107.19999694824219,107.19999694824219,114.69999694824219,103.4000015258789,112.0999984741211,38360
2022-02-25,106.9000015258789,106.9000015258789,108.69999694824219,104.5999984741211,107.19999694824219,8070
2022-02-28,116.5,116.5,119.19999694824219,106.19999694824219,107.30000305175781,91840
2022-03-01,114.19999694824219,114.19999694824219,122.5,112.5999984741211,116.5,28370
2022-03-02,118.80000305175781,118.80000305175781,119.19999694824219,112.9000015258789,115.0999984741211,10470
2022-03-03,112.80000305175781,112.80000305175781,121.25,111.69999694824219,118.80000305175781,14790
2022-03-04,106.5999984741211,106.5999984741211,113.55000305175781,102.30000305175781,111.5999984741211,15180
2022-03-07,102.0999984741211,102.0999984741211,108.69999694824219,99.5,106.5999984741211,117230
2022-03-08,107.0999984741211,107.0999984741211,109.4000015258789,99.0999984741211,103.0,13020
2022-03-09,110.80000305175781,110.80000305175781,112.19999694824219,106.25,109.0,33990
2022-03-10,108.80000305175781,108.80000305175781,110.4000015258789,105.0999984741211,109.69999694824219,10340
2022-03-11,104.5,104.5,109.9000015258789,104.30000305175781,109.9000015258789,8040
2022-03-14,102.0999984741211,102.0999984741211,109.5,100.19999694824219,105.4000015258789,13840
2022-03-15,103.5,103.5,104.05000305175781,100.9000015258789,102.0999984741211,10300
2022-03-16,108.5999984741211,108.5999984741211,109.0,103.5999984741211,103.5999984741211,8250
2022-03-17,118.0,118.0,118.19999694824219,106.47000122070312,108.0,9700
2022-03-18,119.5,119.5,121.30000305175781,115.5,115.5,22380
2022-03-21,112.5,112.5,117.4000015258789,111.0,117.19999694824219,10860
2022-03-22,114.19999694824219,114.19999694824219,115.5,112.0999984741211,114.0,10980
2022-03-23,113.5,113.5,116.80000305175781,112.4000015258789,113.5,5450
2022-03-24,119.4000015258789,119.4000015258789,119.5,113.69999694824219,114.5999984741211,6180
2022-03-25,117.5,117.5,120.19999694824219,115.5999984741211,119.4000015258789,7110
2022-03-28,114.30000305175781,114.30000305175781,122.0,111.4000015258789,117.80000305175781,52010
2022-03-29,115.19999694824219,115.19999694824219,116.9000015258789,112.19999694824219,115.80000305175781,8540
2022-03-30,115.5,115.5,117.2300033569336,114.0,115.5,10500
2022-03-31,113.0,113.0,116.4000015258789,112.0999984741211,115.5,11600
2022-04-01,121.19999694824219,121.19999694824219,121.55000305175781,113.0,113.30000305175781,27970
2022-04-04,122.5,122.5,125.9000015258789,119.69999694824219,121.19999694824219,16120
2022-04-05,121.5,121.5,126.38999938964844,119.62000274658203,122.0999984741211,11060
2022-04-06,121.0,121.0,122.19999694824219,115.9000015258789,120.4000015258789,8670
2022-04-07,112.80000305175781,112.80000305175781,122.19999694824219,112.0,120.69999694824219,15930
2022-04-08,111.19999694824219,111.19999694824219,115.5,109.69999694824219,111.9000015258789,12790
2022-04-11,110.5,110.5,110.6500015258789,106.5999984741211,109.80000305175781,8850
2022-04-12,107.80000305175781,107.80000305175781,114.55000305175781,107.0,111.5,25040
2022-04-13,110.5999984741211,110.5999984741211,112.69999694824219,107.80000305175781,108.4000015258789,10200
2022-04-14,104.0999984741211,104.0999984741211,110.69999694824219,101.5999984741211,110.5,14920
2022-04-18,91.4000015258789,91.4000015258789,104.80000305175781,90.0,103.5,23240
2022-04-19,82.5999984741211,82.5999984741211,93.0,80.69999694824219,93.0,37820
2022-04-20,76.0999984741211,76.0999984741211,82.5999984741211,74.1500015258789,82.5,21660
2022-04-21,81.30000305175781,81.30000305175781,82.5999984741211,76.5,76.5,25660
2022-04-22,81.0,81.0,84.80999755859375,78.6500015258789,80.9000015258789,151130
2022-04-25,82.69999694824219,82.69999694824219,84.0,78.69999694824219,79.80000305175781,16730
2022-04-26,78.69999694824219,78.69999694824219,82.69999694824219,77.80000305175781,82.5999984741211,14630
2022-04-27,77.30000305175781,77.30000305175781,79.69999694824219,77.0,78.69999694824219,14010
2022-04-28,72.9000015258789,72.9000015258789,77.69999694824219,69.5,77.0999984741211,14390
2022-04-29,67.69999694824219,67.69999694824219,74.9000015258789,67.30000305175781,72.80000305175781,16400
2022-05-02,68.80000305175781,68.80000305175781,69.0999984741211,65.4000015258789,66.69999694824219,28870
2022-05-03,69.80000305175781,69.80000305175781,70.80000305175781,65.5,68.30000305175781,43080
2022-05-04,68.9000015258789,68.9000015258789,71.19999694824219,64.69999694824219,70.0999984741211,38500
2022-05-05,62.400001525878906,62.400001525878906,67.9000015258789,61.5,67.9000015258789,30980
2022-05-06,59.79999923706055,59.79999923706055,62.70000076293945,58.79999923706055,62.29999923706055,17540
2022-05-09,52.20000076293945,52.20000076293945,60.5,51.099998474121094,60.5,54540
2022-05-10,55.0,55.0,59.22999954223633,52.70000076293945,55.0,34350
2022-05-11,52.400001525878906,52.400001525878906,57.099998474121094,51.099998474121094,55.29999923706055,26520
2022-05-12,51.5,51.5,54.22999954223633,49.599998474121094,53.099998474121094,26970
2022-05-13,58.5,58.5,60.400001525878906,51.5,53.0,36110
2022-05-16,60.5,60.5,62.31999969482422,57.79999923706055,58.79999923706055,46550
2022-05-17,65.0999984741211,65.0999984741211,67.19999694824219,59.599998474121094,61.79999923706055,27170
2022-05-18,57.5,57.5,65.1500015258789,56.20000076293945,62.70000076293945,29640
2022-05-19,54.79999923706055,54.79999923706055,58.349998474121094,54.70000076293945,57.400001525878906,24380
2022-05-20,57.70000076293945,57.70000076293945,57.79999923706055,51.70000076293945,56.0,27990
2022-05-23,60.20000076293945,60.20000076293945,61.599998474121094,55.400001525878906,57.900001525878906,44170
2022-05-24,60.5,60.5,61.20000076293945,56.20000076293945,58.900001525878906,51080
2022-05-25,60.0,60.0,62.29999923706055,58.20000076293945,59.79999923706055,30010
2022-05-26,60.79999923706055,60.79999923706055,62.5,58.20000076293945,60.099998474121094,33020
2022-05-27,61.099998474121094,61.099998474121094,63.5,59.70000076293945,61.70000076293945,15600
2022-05-31,62.0,62.0,63.70000076293945,59.5,63.099998474121094,18160
2022-06-01,59.0,59.0,62.5,57.900001525878906,62.20000076293945,28310
2022-06-02,31.399999618530273,31.399999618530273,38.900001525878906,25.200000762939453,25.200000762939453,2577360
2022-06-03,33.900001525878906,33.900001525878906,34.29999923706055,28.799999237060547,29.700000762939453,215470
2022-06-06,33.79999923706055,33.79999923706055,35.20000076293945,32.04999923706055,34.5,74480
2022-06-07,38.0,38.0,38.54999923706055,33.0,33.5,79240
2022-06-08,40.0,40.0,41.400001525878906,37.29999923706055,37.400001525878906,55830
2022-06-09,39.099998474121094,39.099998474121094,41.25,38.20000076293945,40.0,40010
2022-06-10,34.150001525878906,34.150001525878906,38.400001525878906,33.599998474121094,38.0,30320
2022-06-13,31.299999237060547,31.299999237060547,33.29999923706055,30.709999084472656,33.29999923706055,32900
2022-06-14,32.29999923706055,32.29999923706055,34.0,31.0,31.399999618530273,36030
2022-06-15,34.0,34.0,35.099998474121094,31.700000762939453,32.400001525878906,43990
2022-06-16,36.20000076293945,36.20000076293945,36.29999923706055,32.099998474121094,33.0,45930
2022-06-17,35.900001525878906,35.900001525878906,39.0,33.400001525878906,36.0,74830
2022-06-21,37.20000076293945,37.20000076293945,39.0,35.150001525878906,36.20000076293945,55620
2022-06-22,37.20000076293945,37.20000076293945,38.900001525878906,34.70000076293945,36.5,32430
2022-06-23,39.099998474121094,39.099998474121094,39.29999923706055,34.0,37.29999923706055,20940
2022-06-24,38.0,38.0,42.79999923706055,37.79999923706055,39.79999923706055,249860
2022-06-27,39.599998474121094,39.599998474121094,40.150001525878906,35.5,38.099998474121094,24030
2022-06-28,39.400001525878906,39.400001525878906,40.650001525878906,38.220001220703125,39.79999923706055,9220
2022-06-29,34.29999923706055,34.29999923706055,40.0,33.45000076293945,40.0,27700
2022-06-30,34.70000076293945,34.70000076293945,35.099998474121094,32.849998474121094,33.0,13870
2022-07-01,34.70000076293945,34.70000076293945,36.150001525878906,33.93000030517578,34.79999923706055,13090
2022-07-05,37.70000076293945,37.70000076293945,37.900001525878906,34.099998474121094,34.70000076293945,17860
2022-07-06,38.900001525878906,38.900001525878906,40.0,35.20000076293945,36.70000076293945,16180
2022-07-07,41.0,41.0,41.79999923706055,38.900001525878906,39.5,13100
2022-07-08,43.0,43.0,43.29999923706055,40.599998474121094,40.599998474121094,8180
2022-07-11,39.5,39.5,42.20000076293945,38.900001525878906,42.20000076293945,12460
2022-07-12,39.400001525878906,39.400001525878906,40.20000076293945,37.70000076293945,40.20000076293945,12210
2022-07-13,41.099998474121094,41.099998474121094,41.20000076293945,34.52000045776367,38.29999923706055,12990
2022-07-14,36.900001525878906,36.900001525878906,39.79999923706055,36.70000076293945,39.400001525878906,9440
2022-07-15,39.20000076293945,39.20000076293945,39.400001525878906,35.900001525878906,38.0,10900
2022-07-18,38.400001525878906,38.400001525878906,40.400001525878906,37.0,38.70000076293945,15070
2022-07-19,39.099998474121094,39.099998474121094,41.79999923706055,38.70000076293945,39.0,15200
2022-07-20,40.29999923706055,40.29999923706055,41.650001525878906,39.0,39.29999923706055,14200
2022-07-21,39.5,39.5,40.75,39.29999923706055,39.900001525878906,3880
2022-07-22,36.599998474121094,36.599998474121094,39.5,36.5,39.5,5130
2022-07-25,36.79999923706055,36.79999923706055,37.79999923706055,36.099998474121094,36.79999923706055,7020
2022-07-26,35.099998474121094,35.099998474121094,37.5,34.79999923706055,36.79999923706055,13480
2022-07-27,35.20000076293945,35.20000076293945,36.599998474121094,32.83000183105469,35.5,15950
2022-07-28,34.599998474121094,34.599998474121094,35.75,33.599998474121094,35.099998474121094,7240
2022-07-29,35.400001525878906,35.400001525878906,35.599998474121094,33.099998474121094,34.599998474121094,7420
2022-08-01,34.900001525878906,34.900001525878906,35.79999923706055,34.29999923706055,35.0,3520
2022-08-02,36.20000076293945,36.20000076293945,37.5,34.29999923706055,34.29999923706055,8110
2022-08-03,38.900001525878906,38.900001525878906,40.70000076293945,37.0,37.0,19040
2022-08-04,47.900001525878906,47.900001525878906,50.599998474121094,39.099998474121094,39.099998474121094,79220
2022-08-05,53.29999923706055,53.29999923706055,53.79999923706055,44.29999923706055,45.900001525878906,22370
2022-08-08,51.099998474121094,51.099998474121094,54.900001525878906,47.849998474121094,53.29999923706055,24970
2022-08-09,50.20000076293945,50.20000076293945,50.79999923706055,44.81999969482422,49.400001525878906,18170
2022-08-10,51.400001525878906,51.400001525878906,52.20000076293945,49.029998779296875,50.70000076293945,7140
2022-08-11,49.20000076293945,49.20000076293945,53.0,48.79999923706055,53.0,6270
2022-08-12,52.5,52.5,52.70000076293945,49.25,50.20000076293945,9350
2022-08-15,54.900001525878906,54.900001525878906,55.29999923706055,51.5,51.70000076293945,12080
2022-08-16,50.900001525878906,50.900001525878906,55.20000076293945,49.29999923706055,55.20000076293945,12170
2022-08-17,50.20000076293945,50.20000076293945,52.599998474121094,50.0,50.599998474121094,6790
2022-08-18,51.70000076293945,51.70000076293945,53.20000076293945,48.0,49.599998474121094,14750
2022-08-19,50.900001525878906,50.900001525878906,51.65999984741211,49.68000030517578,51.099998474121094,3630
2022-08-22,49.900001525878906,49.900001525878906,51.349998474121094,49.5,50.400001525878906,6530
2022-08-23,48.20000076293945,48.20000076293945,50.900001525878906,47.849998474121094,50.099998474121094,8670
2022-08-24,50.599998474121094,50.599998474121094,51.400001525878906,48.54999923706055,49.0,4540
2022-08-25,51.599998474121094,51.599998474121094,52.599998474121094,49.70000076293945,51.400001525878906,7210
2022-08-26,46.900001525878906,46.900001525878906,52.75,46.599998474121094,52.70000076293945,11010
2022-08-29,45.70000076293945,45.70000076293945,50.099998474121094,45.20000076293945,46.400001525878906,3120
2022-08-30,46.0,46.0,49.0099983215332,45.099998474121094,46.599998474121094,15110
2022-08-31,44.5,44.5,47.79999923706055,41.5,46.099998474121094,9290
2022-09-01,44.5,44.5,45.0,42.20000076293945,43.79999923706055,7110
2022-09-02,45.400001525878906,45.400001525878906,48.0,43.70000076293945,45.0,16480
2022-09-06,43.900001525878906,43.900001525878906,45.400001525878906,42.5,45.400001525878906,7380
2022-09-07,46.0,46.0,46.79999923706055,42.599998474121094,43.29999923706055,9050
2022-09-08,46.20000076293945,46.20000076293945,47.709999084472656,45.20000076293945,45.29999923706055,3260
2022-09-09,47.20000076293945,47.20000076293945,47.5,45.599998474121094,46.900001525878906,8050
2022-09-12,43.5,43.5,47.0,42.599998474121094,47.0,12850
2022-09-13,41.29999923706055,41.29999923706055,43.5,40.5,43.5,8450
2022-09-14,39.900001525878906,39.900001525878906,41.599998474121094,39.29999923706055,41.599998474121094,5770
2022-09-15,40.0,40.0,40.400001525878906,38.04999923706055,39.900001525878906,4830
2022-09-16,39.099998474121094,39.099998474121094,40.150001525878906,36.70000076293945,39.20000076293945,9950
2022-09-19,38.5,38.5,40.599998474121094,38.20000076293945,39.5,9730
2022-09-20,34.0,34.0,37.5,33.29999923706055,37.5,12090
2022-09-21,33.400001525878906,33.400001525878906,34.5,33.400001525878906,34.29999923706055,7320
2022-09-22,32.099998474121094,32.099998474121094,33.79999923706055,31.299999237060547,33.400001525878906,22770
2022-09-23,32.099998474121094,32.099998474121094,33.20000076293945,30.100000381469727,31.799999237060547,15030
2022-09-26,30.0,30.0,33.0,29.600000381469727,32.0,17250
2022-09-27,34.599998474121094,34.599998474121094,35.0,29.899999618530273,30.799999237060547,62680
2022-09-28,33.599998474121094,33.599998474121094,36.400001525878906,33.0,34.099998474121094,18520
2022-09-29,31.700000762939453,31.700000762939453,34.099998474121094,30.459999084472656,34.0,11440
2022-09-30,31.600000381469727,31.600000381469727,34.099998474121094,30.899999618530273,31.700000762939453,17080
2022-10-03,31.600000381469727,31.600000381469727,33.400001525878906,31.100000381469727,32.099998474121094,12140
2022-10-04,35.70000076293945,35.70000076293945,38.70000076293945,32.20000076293945,32.20000076293945,63560
2022-10-05,36.099998474121094,36.099998474121094,37.900001525878906,33.599998474121094,35.70000076293945,21440
2022-10-06,37.29999923706055,37.29999923706055,38.79999923706055,36.0,36.0,13480
2022-10-07,39.599998474121094,39.599998474121094,40.5,36.0,37.29999923706055,23750
2022-10-10,62.0,62.0,62.29999923706055,47.599998474121094,52.79999923706055,4708540
2022-10-11,94.0999984741211,94.0999984741211,96.4000015258789,60.0,60.5,2883490
2022-10-12,96.69999694824219,96.69999694824219,97.9000015258789,75.69999694824219,81.0,2297420
2022-10-13,108.0,108.0,117.5999984741211,89.5999984741211,99.19999694824219,2510600
2022-10-14,100.30000305175781,100.30000305175781,108.4000015258789,95.19999694824219,100.30000305175781,736200
2022-10-17,95.0999984741211,95.0999984741211,97.0,86.5999984741211,94.80000305175781,376430
2022-10-18,96.80000305175781,96.80000305175781,98.0,90.5999984741211,92.0999984741211,246540
2022-10-19,94.69999694824219,94.69999694824219,99.5,90.0999984741211,96.30000305175781,260150
2022-10-20,92.0,92.0,106.9000015258789,91.5,93.80000305175781,1194350
2022-10-21,20.799999237060547,20.799999237060547,25.5,19.600000381469727,24.200000762939453,2531040
2022-10-24,17.0,17.0,21.799999237060547,16.5,21.200000762939453,868600
2022-10-25,17.0,17.0,18.0,16.5,17.299999237060547,442100
2022-10-26,18.5,18.5,18.899999618530273,16.899999618530273,17.299999237060547,418290
2022-10-27,18.0,18.0,18.600000381469727,17.049999237060547,18.200000762939453,327620
2022-10-28,17.700000762939453,17.700000762939453,18.200000762939453,17.299999237060547,18.0,222090
2022-10-31,17.700000762939453,17.700000762939453,17.899999618530273,16.850000381469727,17.5,142860
2022-11-01,19.5,19.5,20.899999618530273,17.600000381469727,17.600000381469727,463880
2022-11-02,17.100000381469727,17.100000381469727,19.5,17.0,19.299999237060547,207890
2022-11-03,15.800000190734863,15.800000190734863,17.200000762939453,15.300000190734863,17.200000762939453,169970
2022-11-04,15.199999809265137,15.199999809265137,16.200000762939453,14.899999618530273,16.0,161700
2022-11-07,14.300000190734863,14.300000190734863,15.850000381469727,14.300000190734863,15.0,193590
2022-11-08,15.0,15.0,15.199999809265137,13.699999809265137,14.600000381469727,168440
2022-11-09,14.5,14.5,15.479999542236328,14.399999618530273,15.399999618530273,114570
2022-11-10,15.100000381469727,15.100000381469727,16.200000762939453,14.600000381469727,14.600000381469727,151030
2022-11-11,14.600000381469727,14.600000381469727,15.5,14.5,15.0,169700
2022-11-14,14.699999809265137,14.699999809265137,15.899999618530273,14.199999809265137,14.800000190734863,144260
2022-11-15,14.800000190734863,14.800000190734863,15.399999618530273,14.600000381469727,15.0,99390
2022-11-16,14.199999809265137,14.199999809265137,14.899999618530273,14.199999809265137,14.800000190734863,68280
2022-11-17,14.5,14.5,15.800000190734863,14.0,15.5,459530
2022-11-18,14.199999809265137,14.199999809265137,14.739999771118164,13.699999809265137,14.5,136640
2022-11-21,13.100000381469727,13.100000381469727,14.0,13.100000381469727,13.800000190734863,91080
2022-11-22,13.100000381469727,13.100000381469727,14.0,13.100000381469727,13.199999809265137,98350
2022-11-23,13.600000381469727,13.600000381469727,14.5,13.199999809265137,13.199999809265137,108980
2022-11-25,13.399999618530273,13.399999618530273,13.699999809265137,13.199999809265137,13.600000381469727,50020
2022-11-28,13.800000190734863,13.800000190734863,14.0,13.600000381469727,13.899999618530273,43330
2022-11-29,13.300000190734863,13.300000190734863,13.899999618530273,13.300000190734863,13.899999618530273,34740
2022-11-30,13.399999618530273,13.399999618530273,13.699999809265137,13.100000381469727,13.699999809265137,58780
2022-12-01,13.5,13.5,13.949999809265137,13.300000190734863,13.399999618530273,45750
2022-12-02,13.600000381469727,13.600000381469727,13.899999618530273,13.399999618530273,13.399999618530273,44210
2022-12-05,13.399999618530273,13.399999618530273,14.199999809265137,13.399999618530273,13.699999809265137,61490
2022-12-06,12.399999618530273,12.399999618530273,13.5,12.300000190734863,13.5,63040
2022-12-07,11.600000381469727,11.600000381469727,12.399999618530273,11.300000190734863,12.399999618530273,70930
2022-12-08,11.899999618530273,11.899999618530273,12.399999618530273,11.3100004196167,11.600000381469727,56610
2022-12-09,11.800000190734863,11.800000190734863,12.0,11.5,11.600000381469727,35210
2022-12-12,12.5,12.5,12.800000190734863,11.699999809265137,12.0,57140
2022-12-13,12.399999618530273,12.399999618530273,13.09000015258789,12.100000381469727,12.5,43520
2022-12-14,12.600000381469727,12.600000381469727,13.100000381469727,11.5,11.5,64480
2022-12-15,12.0,12.0,12.600000381469727,12.0,12.199999809265137,160400
2022-12-16,11.699999809265137,11.699999809265137,12.600000381469727,11.600000381469727,12.600000381469727,140740
2022-12-19,11.300000190734863,11.300000190734863,11.880000114440918,11.100000381469727,11.5,77970
2022-12-20,11.800000190734863,11.800000190734863,12.300000190734863,11.399999618530273,11.5,63090
2022-12-21,12.600000381469727,12.600000381469727,13.600000381469727,11.699999809265137,11.699999809265137,96180
2022-12-22,12.800000190734863,12.800000190734863,13.600000381469727,12.300000190734863,12.5,92490
2022-12-23,13.0,13.0,13.399999618530273,12.600000381469727,12.800000190734863,44910
2022-12-27,12.800000190734863,12.800000190734863,13.300000190734863,12.699999809265137,13.0,44940
2022-12-28,12.699999809265137,12.699999809265137,13.300000190734863,12.600000381469727,12.800000190734863,60040
2022-12-29,13.800000190734863,13.800000190734863,14.319999694824219,12.510000228881836,12.699999809265137,97610
2022-12-30,14.0,14.0,14.550000190734863,13.300000190734863,14.0,92530
2023-01-03,14.0,14.0,14.600000381469727,13.300000190734863,14.399999618530273,77770
2023-01-04,13.899999618530273,13.899999618530273,14.300000190734863,13.5,14.100000381469727,42870
2023-01-05,13.5,13.5,13.899999618530273,13.300000190734863,13.899999618530273,28900
2023-01-06,13.800000190734863,13.800000190734863,13.899999618530273,13.0,13.699999809265137,26020
2023-01-09,14.0,14.0,14.699999809265137,13.5,13.899999618530273,54140
2023-01-10,14.199999809265137,14.199999809265137,14.5,14.0,14.0,34000
2023-01-11,14.699999809265137,14.699999809265137,14.699999809265137,13.90999984741211,14.100000381469727,69330
2023-01-12,15.600000381469727,15.600000381469727,15.699999809265137,14.300000190734863,14.699999809265137,129140
2023-01-13,15.399999618530273,15.399999618530273,16.399999618530273,15.25,15.300000190734863,113470
2023-01-17,15.399999618530273,15.399999618530273,15.699999809265137,15.0,15.600000381469727,75940
2023-01-18,15.0,15.0,16.399999618530273,14.899999618530273,15.5,67010
2023-01-19,17.899999618530273,17.899999618530273,18.299999237060547,14.600000381469727,15.199999809265137,411170
2023-01-20,18.600000381469727,18.600000381469727,19.149999618530273,17.0,18.100000381469727,157820
2023-01-23,17.899999618530273,17.899999618530273,18.700000762939453,17.5,18.700000762939453,108060
2023-01-24,19.600000381469727,19.600000381469727,20.100000381469727,17.200000762939453,18.100000381469727,149640
2023-01-25,19.200000762939453,19.200000762939453,20.200000762939453,18.5,19.899999618530273,106860
2023-01-26,20.700000762939453,20.700000762939453,21.639999389648438,18.719999313354492,19.299999237060547,148310
2023-01-27,22.399999618530273,22.399999618530273,23.0,20.600000381469727,20.600000381469727,186980
2023-01-30,21.0,21.0,22.200000762939453,20.600000381469727,22.200000762939453,101920
2023-01-31,24.0,24.0,25.100000381469727,21.110000610351562,21.700000762939453,174280
2023-02-01,25.200000762939453,25.200000762939453,25.899999618530273,23.200000762939453,24.0,118810
2023-02-02,25.700000762939453,25.700000762939453,27.399999618530273,24.549999237060547,25.299999237060547,163250
2023-02-03,28.700000762939453,28.700000762939453,29.0,25.100000381469727,25.350000381469727,129230
2023-02-06,26.100000381469727,26.100000381469727,31.700000762939453,25.5,29.5,276590
2023-02-07,25.0,25.0,27.799999237060547,24.799999237060547,26.5,154960
2023-02-08,22.399999618530273,22.399999618530273,24.649999618530273,22.299999237060547,24.200000762939453,176150
2023-02-09,20.299999237060547,20.299999237060547,23.600000381469727,20.200000762939453,22.799999237060547,126610
2023-02-10,20.399999618530273,20.399999618530273,21.350000381469727,19.399999618530273,20.600000381469727,105800
2023-02-13,20.0,20.0,20.799999237060547,19.899999618530273,20.799999237060547,59320
2023-02-14,19.899999618530273,19.899999618530273,20.399999618530273,19.299999237060547,19.799999237060547,79400
2023-02-15,21.200000762939453,21.200000762939453,21.950000762939453,19.600000381469727,19.600000381469727,156270
2023-02-16,19.799999237060547,19.799999237060547,21.799999237060547,19.649999618530273,21.600000381469727,87320
2023-02-17,20.100000381469727,20.100000381469727,20.700000762939453,19.5,19.899999618530273,68030
2023-02-21,19.200000762939453,19.200000762939453,20.209999084472656,19.100000381469727,19.899999618530273,64640
2023-02-22,18.899999618530273,18.899999618530273,19.600000381469727,18.600000381469727,19.200000762939453,63390
2023-02-23,19.700000762939453,19.700000762939453,20.100000381469727,18.5,18.5,77440
2023-02-24,18.899999618530273,18.899999618530273,19.799999237060547,18.0,19.600000381469727,66870
2023-02-27,18.899999618530273,18.899999618530273,19.5,17.799999237060547,18.899999618530273,86960
2023-02-28,19.799999237060547,19.799999237060547,19.950000762939453,18.799999237060547,19.0,63830
2023-03-01,19.799999237060547,19.799999237060547,20.200000762939453,19.510000228881836,19.899999618530273,85640
2023-03-02,19.799999237060547,19.799999237060547,20.299999237060547,19.600000381469727,19.700000762939453,48910
2023-03-03,19.299999237060547,19.299999237060547,20.149999618530273,19.100000381469727,19.700000762939453,61790
2023-03-06,22.299999237060547,22.299999237060547,22.700000762939453,18.950000762939453,19.100000381469727,162880
2023-03-07,23.200000762939453,23.200000762939453,24.299999237060547,21.399999618530273,22.100000381469727,161550
2023-03-08,21.700000762939453,21.700000762939453,23.5,21.200000762939453,23.5,121330
2023-03-09,19.100000381469727,19.100000381469727,22.100000381469727,18.950000762939453,21.700000762939453,111480
2023-03-10,16.600000381469727,16.600000381469727,19.5,16.299999237060547,19.100000381469727,129900
2023-03-13,16.799999237060547,16.799999237060547,17.600000381469727,16.0,16.899999618530273,96860
2023-03-14,17.600000381469727,17.600000381469727,18.0,16.700000762939453,17.200000762939453,116430
2023-03-15,16.399999618530273,16.399999618530273,18.200000762939453,16.399999618530273,18.200000762939453,71980
2023-03-16,17.600000381469727,17.600000381469727,18.0,16.100000381469727,16.299999237060547,58470
2023-03-17,16.5,16.5,17.549999237060547,16.299999237060547,17.200000762939453,80840
2023-03-20,16.700000762939453,16.700000762939453,16.899999618530273,16.399999618530273,16.600000381469727,51560
2023-03-21,16.899999618530273,16.899999618530273,17.25,16.450000762939453,16.799999237060547,50880
2023-03-22,15.800000190734863,15.800000190734863,17.5,15.699999809265137,17.5,51990
2023-03-23,14.899999618530273,14.899999618530273,16.0,14.300000190734863,15.800000190734863,61710
2023-03-24,14.800000190734863,14.800000190734863,15.100000381469727,13.949999809265137,15.100000381469727,42120
2023-03-27,15.300000190734863,15.300000190734863,15.399999618530273,14.699999809265137,14.800000190734863,62240
2023-03-28,14.600000381469727,14.600000381469727,15.5,14.199999809265137,15.5,43630
2023-03-29,14.800000190734863,14.800000190734863,15.100000381469727,14.449999809265137,14.800000190734863,29400
2023-03-30,14.399999618530273,14.399999618530273,15.100000381469727,14.100000381469727,14.899999618530273,26600
2023-03-31,14.899999618530273,14.899999618530273,15.300000190734863,14.5,14.600000381469727,19460
2023-04-03,16.100000381469727,16.100000381469727,16.399999618530273,14.600000381469727,14.600000381469727,58680
2023-04-04,14.600000381469727,14.600000381469727,16.0,14.5,16.0,50820
2023-04-05,15.5,15.5,18.5,14.600000381469727,17.299999237060547,3085700
2023-04-06,13.899999618530273,13.899999618530273,15.5,13.600000381469727,15.399999618530273,334430
2023-04-10,13.300000190734863,13.300000190734863,13.899999618530273,12.899999618530273,13.899999618530273,114630
2023-04-11,14.399999618530273,14.399999618530273,14.5,13.0,13.0,140810
2023-04-12,13.800000190734863,13.800000190734863,14.600000381469727,13.699999809265137,14.199999809265137,63850
2023-04-13,15.199999809265137,15.199999809265137,15.5,13.600000381469727,13.600000381469727,115900
2023-04-14,14.300000190734863,14.300000190734863,15.100000381469727,14.0,14.600000381469727,57880
2023-04-17,15.449999809265137,15.449999809265137,15.600000381469727,14.300000190734863,14.300000190734863,66170
2023-04-18,16.200000762939453,16.200000762939453,16.200000762939453,14.899999618530273,15.399999618530273,46680
2023-04-19,16.399999618530273,16.399999618530273,17.0,15.5,16.0,72480
2023-04-20,15.699999809265137,15.699999809265137,16.399999618530273,15.5,16.299999237060547,44740
2023-04-21,15.600000381469727,15.600000381469727,16.100000381469727,15.300000190734863,15.600000381469727,44940
2023-04-24,15.199999809265137,15.199999809265137,15.600000381469727,14.800000190734863,15.300000190734863,47950
2023-04-25,15.600000381469727,15.600000381469727,16.0,14.899999618530273,14.899999618530273,68250
2023-04-26,16.299999237060547,16.299999237060547,16.5,15.199999809265137,15.600000381469727,82460
2023-04-27,16.600000381469727,16.600000381469727,16.899999618530273,15.800000190734863,16.0,52550
2023-04-28,16.600000381469727,16.600000381469727,17.100000381469727,16.200000762939453,16.700000762939453,34820
2023-05-01,16.899999618530273,16.899999618530273,17.200000762939453,16.5,16.700000762939453,55450
2023-05-02,17.0,17.0,17.100000381469727,16.549999237060547,16.799999237060547,35370
2023-05-03,17.299999237060547,17.299999237060547,18.100000381469727,16.600000381469727,16.899999618530273,45930
2023-05-04,16.299999237060547,16.299999237060547,18.889999389648438,15.699999809265137,18.200000762939453,134620
2023-05-05,16.600000381469727,16.600000381469727,16.850000381469727,15.850000381469727,16.700000762939453,63550
2023-05-08,17.899999618530273,17.899999618530273,17.899999618530273,16.100000381469727,16.799999237060547,64170
2023-05-09,17.799999237060547,17.799999237060547,18.700000762939453,16.899999618530273,17.799999237060547,76230
2023-05-10,17.899999618530273,17.899999618530273,18.600000381469727,17.700000762939453,17.899999618530273,42680
2023-05-11,18.200000762939453,18.200000762939453,18.299999237060547,16.700000762939453,18.100000381469727,61320
2023-05-12,17.399999618530273,17.399999618530273,18.100000381469727,16.950000762939453,17.200000762939453,49370
2023-05-15,17.600000381469727,17.600000381469727,18.0,17.149999618530273,17.5,46780
2023-05-16,17.0,17.0,18.799999237060547,16.700000762939453,17.899999618530273,74540
2023-05-17,18.100000381469727,18.100000381469727,18.200000762939453,16.5,17.450000762939453,81550
2023-05-18,17.700000762939453,17.700000762939453,18.799999237060547,17.299999237060547,18.5,90630
2023-05-19,18.600000381469727,18.600000381469727,19.100000381469727,17.700000762939453,17.799999237060547,144030
2023-05-22,19.700000762939453,19.700000762939453,19.950000762939453,18.200000762939453,18.700000762939453,69560
2023-05-23,19.200000762939453,19.200000762939453,21.049999237060547,19.100000381469727,19.5,94720
2023-05-24,17.399999618530273,17.399999618530273,19.200000762939453,17.299999237060547,19.200000762939453,79500
2023-05-25,16.5,16.5,17.700000762939453,15.949999809265137,17.700000762939453,94560
2023-05-26,17.100000381469727,17.100000381469727,17.100000381469727,16.299999237060547,16.299999237060547,34780
2023-05-30,17.399999618530273,17.399999618530273,17.899999618530273,17.0,17.0,27430
2023-05-31,16.5,16.5,17.610000610351562,16.299999237060547,17.5,42200
2023-06-01,16.200000762939453,16.200000762939453,16.799999237060547,16.100000381469727,16.799999237060547,25990
2023-06-02,15.800000190734863,15.800000190734863,16.600000381469727,15.5,16.200000762939453,58810
2023-06-05,16.200000762939453,16.200000762939453,16.65999984741211,15.75,15.800000190734863,28570
2023-06-06,17.200000762939453,17.200000762939453,17.399999618530273,15.899999618530273,16.399999618530273,44950
2023-06-07,16.799999237060547,16.799999237060547,17.399999618530273,16.399999618530273,17.100000381469727,36640
2023-06-08,18.0,18.0,18.200000762939453,16.5,16.799999237060547,54100
2023-06-09,17.200000762939453,17.200000762939453,18.299999237060547,16.899999618530273,17.5,39490
2023-06-12,16.899999618530273,16.899999618530273,17.399999618530273,16.600000381469727,17.200000762939453,26450
2023-06-13,17.0,17.0,17.790000915527344,16.899999618530273,17.399999618530273,40250
2023-06-14,16.649999618530273,16.649999618530273,17.75,16.40999984741211,17.600000381469727,40910
2023-06-15,16.5,16.5,16.799999237060547,15.899999618530273,16.700000762939453,43350
2023-06-16,16.299999237060547,16.299999237060547,16.600000381469727,15.899999618530273,16.5,31340
2023-06-20,16.700000762939453,16.700000762939453,16.75,15.800000190734863,16.0,36110
2023-06-21,16.700000762939453,16.700000762939453,16.799999237060547,16.0,16.399999618530273,21690
2023-06-22,15.399999618530273,15.399999618530273,16.899999618530273,15.399999618530273,16.899999618530273,34370
2023-06-23,15.0,15.0,15.600000381469727,14.699999809265137,15.399999618530273,65610
2023-06-26,14.300000190734863,14.300000190734863,15.199999809265137,14.25,14.899999618530273,54490
2023-06-27,16.0,16.0,16.700000762939453,14.300000190734863,14.300000190734863,423730
2023-06-28,19.399999618530273,19.399999618530273,19.700000762939453,16.200000762939453,16.5,448090
2023-06-29,23.0,23.0,23.600000381469727,19.700000762939453,19.899999618530273,472700
2023-06-30,25.100000381469727,25.100000381469727,27.600000381469727,22.75,24.399999618530273,464930
2023-07-03,23.299999237060547,23.299999237060547,26.0,22.5,25.899999618530273,174850
2023-07-05,28.700000762939453,28.700000762939453,31.100000381469727,22.5,22.799999237060547,456020
2023-07-06,25.700000762939453,25.700000762939453,28.5,23.399999618530273,28.0,320360
2023-07-07,25.700000762939453,25.700000762939453,27.100000381469727,24.299999237060547,25.700000762939453,175870
2023-07-10,26.0,26.0,27.299999237060547,25.0,26.5,151110
2023-07-11,26.899999618530273,26.899999618530273,27.0,25.399999618530273,26.700000762939453,117960
2023-07-12,25.799999237060547,25.799999237060547,28.0,25.100000381469727,27.200000762939453,190030
2023-07-13,27.200000762939453,27.200000762939453,28.200000762939453,25.68000030517578,25.799999237060547,148190
2023-07-14,25.299999237060547,25.299999237060547,28.0,25.0,27.200000762939453,134420
2023-07-17,25.700000762939453,25.700000762939453,27.200000762939453,25.0,25.0,116870
2023-07-18,26.0,26.0,26.600000381469727,25.549999237060547,25.700000762939453,61220
2023-07-19,26.5,26.5,27.75,26.110000610351562,26.299999237060547,128270
2023-07-20,25.399999618530273,25.399999618530273,26.899999618530273,25.100000381469727,26.5,90440
2023-07-21,24.799999237060547,24.799999237060547,25.899999618530273,23.5,25.799999237060547,105270
2023-07-24,23.700000762939453,23.700000762939453,24.950000762939453,23.0,24.700000762939453,92900
2023-07-25,23.0,23.0,24.100000381469727,22.799999237060547,23.399999618530273,57360
2023-07-26,21.799999237060547,21.799999237060547,23.0,21.700000762939453,22.700000762939453,93980
2023-07-27,20.399999618530273,20.399999618530273,23.0,20.200000762939453,22.399999618530273,91940
2023-07-28,23.700000762939453,23.700000762939453,23.799999237060547,20.700000762939453,20.700000762939453,64840
2023-07-31,24.100000381469727,24.100000381469727,24.5,23.200000762939453,23.899999618530273,54660
2023-08-01,23.299999237060547,23.299999237060547,23.950000762939453,22.950000762939453,23.799999237060547,42120
2023-08-02,21.600000381469727,21.600000381469727,23.200000762939453,21.100000381469727,23.200000762939453,56090
2023-08-03,21.299999237060547,21.299999237060547,23.899999618530273,21.299999237060547,21.299999237060547,72200
2023-08-04,20.100000381469727,20.100000381469727,22.200000762939453,19.899999618530273,22.200000762939453,60360
2023-08-07,18.899999618530273,18.899999618530273,20.100000381469727,18.600000381469727,20.100000381469727,85990
2023-08-08,19.700000762939453,19.700000762939453,19.799999237060547,18.700000762939453,19.0,71610
2023-08-09,18.200000762939453,18.200000762939453,20.0,18.0,19.899999618530273,61060
2023-08-10,18.799999237060547,18.799999237060547,19.5,18.200000762939453,18.399999618530273,51230
2023-08-11,18.200000762939453,18.200000762939453,19.020000457763672,18.200000762939453,18.5,18840
2023-08-14,18.100000381469727,18.100000381469727,19.100000381469727,17.200000762939453,19.100000381469727,68120
2023-08-15,17.100000381469727,17.100000381469727,18.299999237060547,16.899999618530273,18.100000381469727,35520
2023-08-16,16.5,16.5,17.200000762939453,16.299999237060547,16.799999237060547,35220
2023-08-17,16.0,16.0,17.010000228881836,15.800000190734863,16.799999237060547,64960
2023-08-18,16.100000381469727,16.100000381469727,16.399999618530273,15.399999618530273,16.0,28350
2023-08-21,16.5,16.5,16.700000762939453,15.850000381469727,16.399999618530273,33310
2023-08-22,17.0,17.0,17.299999237060547,16.399999618530273,16.600000381469727,36720
2023-08-23,17.5,17.5,17.700000762939453,17.100000381469727,17.100000381469727,25130
2023-08-24,16.700000762939453,16.700000762939453,17.799999237060547,16.700000762939453,17.600000381469727,32800
2023-08-25,16.5,16.5,17.100000381469727,15.699999809265137,16.799999237060547,42370
2023-08-28,16.600000381469727,16.600000381469727,17.200000762939453,16.5,16.700000762939453,17150
2023-08-29,17.399999618530273,17.399999618530273,17.5,16.5,16.600000381469727,20690
2023-08-30,16.5,16.5,17.299999237060547,16.399999618530273,17.200000762939453,16980
2023-08-31,16.700000762939453,16.700000762939453,16.899999618530273,16.25,16.399999618530273,24060
2023-09-01,17.200000762939453,17.200000762939453,17.649999618530273,16.799999237060547,16.799999237060547,19220
2023-09-05,16.399999618530273,16.399999618530273,17.399999618530273,16.299999237060547,17.0,32360
2023-09-06,16.0,16.0,16.5,15.600000381469727,16.399999618530273,22250
2023-09-07,16.0,16.0,16.399999618530273,15.5,16.399999618530273,21410
2023-09-08,15.5,15.5,16.200000762939453,15.199999809265137,16.100000381469727,28960
2023-09-11,15.300000190734863,15.300000190734863,15.869999885559082,15.199999809265137,15.5,13400
2023-09-12,15.199999809265137,15.199999809265137,15.899999618530273,15.149999618530273,15.199999809265137,16220
2023-09-13,14.800000190734863,14.800000190734863,15.199999809265137,14.600000381469727,15.100000381469727,21330
2023-09-14,14.899999618530273,14.899999618530273,15.300000190734863,14.699999809265137,14.899999618530273,17980
2023-09-15,14.300000190734863,14.300000190734863,14.899999618530273,14.199999809265137,14.699999809265137,42060
2023-09-18,13.800000190734863,13.800000190734863,14.5,13.600000381469727,14.5,23350
2023-09-19,13.949999809265137,13.949999809265137,14.199999809265137,13.399999618530273,13.899999618530273,17310
2023-09-20,14.699999809265137,14.699999809265137,15.199999809265137,13.899999618530273,14.0,43320
2023-09-21,13.699999809265137,13.699999809265137,14.300000190734863,13.600000381469727,14.100000381469727,14740
2023-09-22,13.600000381469727,13.600000381469727,14.0,13.199999809265137,13.399999618530273,26690
2023-09-25,13.600000381469727,13.600000381469727,14.199999809265137,13.300000190734863,13.300000190734863,15100
2023-09-26,13.5,13.5,14.100000381469727,13.300000190734863,13.600000381469727,35980
2023-09-27,14.600000381469727,14.600000381469727,14.699999809265137,13.699999809265137,13.800000190734863,17390
2023-09-28,14.300000190734863,14.300000190734863,14.899999618530273,14.100000381469727,14.5,14770
2023-09-29,14.699999809265137,14.699999809265137,15.0,14.199999809265137,15.0,23120
2023-10-02,14.100000381469727,14.100000381469727,14.800000190734863,14.0,14.800000190734863,13730
2023-10-03,13.399999618530273,13.399999618530273,14.100000381469727,12.600000381469727,14.100000381469727,25290
2023-10-04,13.600000381469727,13.600000381469727,13.899999618530273,13.100000381469727,13.899999618530273,23590
2023-10-05,13.899999618530273,13.899999618530273,14.399999618530273,13.399999618530273,13.399999618530273,22460
2023-10-06,15.600000381469727,15.600000381469727,15.75,13.699999809265137,13.699999809265137,21890
2023-10-09,15.899999618530273,15.899999618530273,16.0,14.600000381469727,15.199999809265137,422330
2023-10-10,13.699999809265137,13.699999809265137,19.200000762939453,13.5,19.149999618530273,1712780
2023-10-11,14.100000381469727,14.100000381469727,14.600000381469727,13.5,13.899999618530273,258020
2023-10-12,12.300000190734863,12.300000190734863,14.0,11.899999618530273,13.5,223110
2023-10-13,12.100000381469727,12.100000381469727,12.699999809265137,11.5,12.0,108730
2023-10-16,12.300000190734863,12.300000190734863,12.600000381469727,11.600000381469727,12.600000381469727,127810
2023-10-17,13.199999809265137,13.199999809265137,14.0,12.300000190734863,12.300000190734863,99020
2023-10-18,11.899999618530273,11.899999618530273,12.899999618530273,11.800000190734863,12.699999809265137,67650
2023-10-19,11.399999618530273,11.399999618530273,12.300000190734863,11.100000381469727,12.0,59990
2023-10-20,11.699999809265137,11.699999809265137,11.800000190734863,11.0,11.0,65260
2023-10-23,11.399999618530273,11.399999618530273,12.100000381469727,11.100000381469727,11.399999618530273,46530
2023-10-24,11.199999809265137,11.199999809265137,12.0,11.199999809265137,11.899999618530273,60880
2023-10-25,10.899999618530273,10.899999618530273,11.300000190734863,10.600000381469727,11.199999809265137,112590
2023-10-26,11.0,11.0,11.399999618530273,10.5,10.899999618530273,38170
2023-10-27,10.600000381469727,10.600000381469727,11.09000015258789,10.199999809265137,11.0,50450
2023-10-30,10.149999618530273,10.149999618530273,10.899999618530273,9.800000190734863,10.800000190734863,55920
2023-10-31,10.600000381469727,10.600000381469727,10.600000381469727,10.100000381469727,10.100000381469727,25890
2023-11-01,10.399999618530273,10.399999618530273,10.699999809265137,10.0,10.699999809265137,21540
2023-11-02,10.699999809265137,10.699999809265137,11.0,10.199999809265137,10.199999809265137,151680
2023-11-03,11.300000190734863,11.300000190734863,11.5,10.5,10.600000381469727,70120
2023-11-06,11.800000190734863,11.800000190734863,12.5,11.0,11.0,60320
2023-11-07,11.5,11.5,12.0,11.149999618530273,11.899999618530273,28840
2023-11-08,12.199999809265137,12.199999809265137,12.6899995803833,11.199999809265137,11.800000190734863,83390
2023-11-09,10.199999809265137,10.199999809265137,12.300000190734863,10.100000381469727,12.199999809265137,102870
2023-11-10,10.600000381469727,10.600000381469727,10.800000190734863,10.300000190734863,10.600000381469727,30330
2023-11-13,9.6899995803833,9.6899995803833,10.600000381469727,9.449999809265137,10.600000381469727,47850
2023-11-14,9.899999618530273,9.899999618530273,10.100000381469727,9.699999809265137,10.100000381469727,21980
2023-11-15,10.0,10.0,11.899999618530273,10.0,10.100000381469727,48840
2023-11-16,10.300000190734863,10.300000190734863,10.600000381469727,9.84000015258789,10.199999809265137,21020
2023-11-17,10.600000381469727,10.600000381469727,10.699999809265137,10.100000381469727,10.399999618530273,32150
2023-11-20,11.100000381469727,11.100000381469727,11.199999809265137,10.600000381469727,10.600000381469727,23080
2023-11-21,10.649999618530273,10.649999618530273,11.600000381469727,10.300000190734863,11.199999809265137,46280
2023-11-22,10.5,10.5,10.800000190734863,10.300000190734863,10.5,13050
2023-11-24,10.800000190734863,10.800000190734863,10.899999618530273,10.350000381469727,10.399999618530273,10370
2023-11-27,11.699999809265137,11.699999809265137,11.699999809265137,10.5,10.5,41620
2023-11-28,11.300000190734863,11.300000190734863,11.699999809265137,11.199999809265137,11.699999809265137,12100
2023-11-29,11.800000190734863,11.800000190734863,12.199999809265137,11.399999618530273,11.399999618530273,30840
2023-11-30,11.899999618530273,11.899999618530273,12.350000381469727,11.800000190734863,12.100000381469727,23230
2023-12-01,12.0,12.0,12.5,11.699999809265137,12.100000381469727,34390
2023-12-04,11.800000190734863,11.800000190734863,12.5,11.600000381469727,12.0,42190
2023-12-05,11.699999809265137,11.699999809265137,12.0,11.399999618530273,11.399999618530273,18040
2023-12-06,11.600000381469727,11.600000381469727,12.199999809265137,11.600000381469727,12.100000381469727,18140
2023-12-07,12.300000190734863,12.300000190734863,12.399999618530273,11.5,11.5,25460
2023-12-08,11.800000190734863,11.800000190734863,12.390000343322754,11.800000190734863,12.300000190734863,23690
2023-12-11,11.800000190734863,11.800000190734863,12.100000381469727,11.600000381469727,12.0,8060
2023-12-12,12.100000381469727,12.100000381469727,12.399999618530273,11.699999809265137,11.800000190734863,17670
2023-12-13,12.600000381469727,12.600000381469727,12.8100004196167,12.0,12.399999618530273,19150
2023-12-14,14.600000381469727,14.600000381469727,14.75,12.600000381469727,12.899999618530273,65050
2023-12-15,15.0,15.0,15.300000190734863,13.300000190734863,14.600000381469727,60050
2023-12-18,14.300000190734863,14.300000190734863,15.600000381469727,14.25,14.699999809265137,43520
2023-12-19,13.5,13.5,14.75,13.300000190734863,14.100000381469727,35130
2023-12-20,12.600000381469727,12.600000381469727,13.800000190734863,12.100000381469727,13.300000190734863,59760
2023-12-21,14.0,14.0,14.0,12.699999809265137,12.899999618530273,24770
2023-12-22,14.399999618530273,14.399999618530273,14.850000381469727,13.300000190734863,13.300000190734863,21560
2023-12-26,15.199999809265137,15.199999809265137,15.300000190734863,14.100000381469727,14.399999618530273,31320
2023-12-27,16.0,16.0,16.399999618530273,15.0,15.300000190734863,40640
2023-12-28,15.5,15.5,16.799999237060547,15.300000190734863,15.800000190734863,29020
2023-12-29,15.0,15.0,15.880000114440918,14.449999809265137,15.5,32770
2024-01-02,14.5,14.5,15.399999618530273,14.300000190734863,14.899999618530273,24400
2024-01-03,14.300000190734863,14.300000190734863,14.5,13.600000381469727,14.199999809265137,27060
2024-01-04,14.300000190734863,14.300000190734863,14.800000190734863,13.899999618530273,14.300000190734863,15220
2024-01-05,13.899999618530273,13.899999618530273,17.299999237060547,13.399999618530273,17.0,1848150
2024-01-08,13.75,13.75,14.050000190734863,12.600000381469727,13.600000381469727,205970
2024-01-09,12.899999618530273,12.899999618530273,13.699999809265137,12.899999618530273,13.399999618530273,164240
2024-01-10,12.399999618530273,12.399999618530273,13.0,12.220000267028809,13.0,70170
2024-01-11,13.0,13.0,13.100000381469727,10.899999618530273,12.399999618530273,90490
2024-01-12,12.800000190734863,12.800000190734863,13.09000015258789,12.5,12.699999809265137,31680
2024-01-16,12.449999809265137,12.449999809265137,12.5,11.899999618530273,12.399999618530273,38470
2024-01-17,12.100000381469727,12.100000381469727,12.25,11.600000381469727,12.0,44440
2024-01-18,11.899999618530273,11.899999618530273,12.100000381469727,11.25,12.0,56080
2024-01-19,11.449999809265137,11.449999809265137,11.949999809265137,11.300000190734863,11.600000381469727,132800
2024-01-22,11.550000190734863,11.550000190734863,12.0,11.100000381469727,11.100000381469727,118270
2024-01-23,11.399999618530273,11.399999618530273,11.600000381469727,11.300000190734863,11.300000190734863,41430
2024-01-24,11.5,11.5,11.699999809265137,11.399999618530273,11.699999809265137,95950
2024-01-25,11.399999618530273,11.399999618530273,11.600000381469727,11.199999809265137,11.399999618530273,39220
2024-01-26,11.449999809265137,11.449999809265137,11.600000381469727,11.25,11.300000190734863,27680
2024-01-29,11.600000381469727,11.600000381469727,11.899999618530273,11.300000190734863,11.399999618530273,358840
2024-01-30,12.100000381469727,12.100000381469727,12.899999618530273,11.5,11.600000381469727,91990
2024-01-31,11.899999618530273,11.899999618530273,12.600000381469727,11.800000190734863,12.0,66540
2024-02-01,12.300000190734863,12.300000190734863,12.399999618530273,11.979999542236328,12.100000381469727,29270
2024-02-02,12.199999809265137,12.199999809265137,12.5,12.0,12.399999618530273,29770
2024-02-05,11.800000190734863,11.800000190734863,12.199999809265137,11.800000190734863,11.899999618530273,57810
2024-02-06,12.399999618530273,12.399999618530273,12.649999618530273,11.800000190734863,11.800000190734863,67190
2024-02-07,12.100000381469727,12.100000381469727,12.720000267028809,12.050000190734863,12.399999618530273,32240
2024-02-08,12.199999809265137,12.199999809265137,12.5,12.0,12.0,33610
2024-02-09,12.199999809265137,12.199999809265137,12.800000190734863,12.100000381469727,12.600000381469727,57800
2024-02-12,12.300000190734863,12.300000190734863,12.5,12.0,12.199999809265137,42460
2024-02-13,11.600000381469727,11.600000381469727,12.300000190734863,11.300000190734863,12.300000190734863,93060
2024-02-14,13.100000381469727,13.100000381469727,13.699999809265137,11.699999809265137,11.699999809265137,171200
2024-02-15,13.399999618530273,13.399999618530273,14.0,13.100000381469727,13.300000190734863,87750
2024-02-16,12.600000381469727,12.600000381469727,13.300000190734863,12.399999618530273,12.899999618530273,109330
2024-02-20,13.550000190734863,13.550000190734863,13.649999618530273,12.600000381469727,13.0,79570
2024-02-21,12.800000190734863,12.800000190734863,13.600000381469727,12.600000381469727,13.399999618530273,99190
2024-02-22,12.199999809265137,12.199999809265137,13.0600004196167,11.699999809265137,13.0,107700
2024-02-23,12.199999809265137,12.199999809265137,12.550000190734863,12.0,12.100000381469727,65140
2024-02-26,12.800000190734863,12.800000190734863,13.399999618530273,12.199999809265137,12.199999809265137,72190
2024-02-27,13.899999618530273,13.899999618530273,14.300000190734863,13.199999809265137,13.399999618530273,110810
2024-02-28,14.0,14.0,14.699999809265137,13.75,14.100000381469727,84610
2024-02-29,14.649999618530273,14.649999618530273,14.699999809265137,13.600000381469727,14.100000381469727,65820
2024-03-01,14.5,14.5,15.449999809265137,14.199999809265137,14.5,88650
2024-03-04,15.300000190734863,15.300000190734863,15.5,13.899999618530273,14.600000381469727,90970
2024-03-05,15.0,15.0,15.699999809265137,14.899999618530273,15.0,63690
2024-03-06,14.699999809265137,14.699999809265137,15.399999618530273,14.25,15.399999618530273,54320
2024-03-07,14.600000381469727,14.600000381469727,15.199999809265137,14.300000190734863,14.899999618530273,47880
2024-03-08,15.300000190734863,15.300000190734863,16.399999618530273,14.800000190734863,15.0,106130
2024-03-11,14.300000190734863,14.300000190734863,15.550000190734863,14.300000190734863,15.300000190734863,41990
2024-03-12,13.600000381469727,13.600000381469727,14.600000381469727,13.5,14.600000381469727,46580
2024-03-13,13.300000190734863,13.300000190734863,14.5,13.300000190734863,13.699999809265137,44180
2024-03-14,13.0,13.0,13.5,12.800000190734863,13.199999809265137,32900
2024-03-15,13.100000381469727,13.100000381469727,13.800000190734863,13.0,13.100000381469727,274290
2024-03-18,13.100000381469727,13.100000381469727,13.550000190734863,12.600000381469727,13.199999809265137,46180
2024-03-19,13.199999809265137,13.199999809265137,13.5,12.899999618530273,13.0,41160
2024-03-20,13.800000190734863,13.800000190734863,14.0,13.100000381469727,13.600000381469727,24270
2024-03-21,13.399999618530273,13.399999618530273,14.199999809265137,13.350000381469727,14.199999809265137,22040
2024-03-22,13.199999809265137,13.199999809265137,13.699999809265137,13.199999809265137,13.5,19790
2024-03-25,13.0,13.0,13.399999618530273,13.0,13.399999618530273,13710
2024-03-26,12.800000190734863,12.800000190734863,13.260000228881836,12.800000190734863,12.800000190734863,26800
2024-03-27,13.0,13.0,13.199999809265137,12.600000381469727,12.899999618530273,17060
2024-03-28,13.199999809265137,13.199999809265137,13.350000381469727,13.0,13.199999809265137,21600
2024-04-01,13.600000381469727,13.600000381469727,13.899999618530273,12.899999618530273,13.399999618530273,23700
2024-04-02,12.199999809265137,12.199999809265137,13.5,12.100000381469727,13.399999618530273,34650
2024-04-03,12.199999809265137,12.199999809265137,12.600000381469727,11.699999809265137,12.0,29420
2024-04-04,12.300000190734863,12.300000190734863,12.600000381469727,11.899999618530273,12.199999809265137,29610
2024-04-05,12.800000190734863,12.800000190734863,13.300000190734863,12.199999809265137,13.199999809265137,48940
2024-04-08,12.899999618530273,12.899999618530273,13.100000381469727,12.5,13.100000381469727,16840
2024-04-09,12.899999618530273,12.899999618530273,13.399999618530273,12.5,12.899999618530273,20490
2024-04-10,13.899999618530273,13.899999618530273,14.100000381469727,12.699999809265137,12.699999809265137,31820
2024-04-11,14.0,14.0,14.199999809265137,13.300000190734863,13.899999618530273,21860
2024-04-12,14.399999618530273,14.399999618530273,14.600000381469727,13.899999618530273,14.0,41700
2024-04-15,13.100000381469727,13.100000381469727,14.300000190734863,12.699999809265137,14.0,38290
2024-04-16,12.800000190734863,12.800000190734863,13.300000190734863,12.300000190734863,13.199999809265137,27100
2024-04-17,12.100000381469727,12.100000381469727,12.899999618530273,12.100000381469727,12.800000190734863,19170
2024-04-18,12.699999809265137,12.699999809265137,13.199999809265137,12.0,12.399999618530273,28020
2024-04-19,11.800000190734863,11.800000190734863,13.199999809265137,11.800000190734863,12.5,36720
2024-04-22,12.300000190734863,12.300000190734863,12.5,11.699999809265137,12.0,16550
2024-04-23,12.399999618530273,12.399999618530273,13.100000381469727,12.300000190734863,12.399999618530273,20450
2024-04-24,12.399999618530273,12.399999618530273,12.899999618530273,12.149999618530273,12.399999618530273,12970
2024-04-25,12.600000381469727,12.600000381469727,12.699999809265137,11.899999618530273,12.300000190734863,24490
2024-04-26,12.199999809265137,12.199999809265137,12.800000190734863,11.899999618530273,12.600000381469727,23740
2024-04-29,12.300000190734863,12.300000190734863,12.699999809265137,12.199999809265137,12.199999809265137,17060
2024-04-30,12.600000381469727,12.600000381469727,13.0,12.300000190734863,12.300000190734863,22470
2024-05-01,13.0,13.0,13.399999618530273,12.600000381469727,12.899999618530273,12800
2024-05-02,13.300000190734863,13.300000190734863,13.399999618530273,12.600000381469727,13.199999809265137,13470
2024-05-03,13.699999809265137,13.699999809265137,13.899999618530273,13.300000190734863,13.5,11240
2024-05-06,13.399999618530273,13.399999618530273,13.800000190734863,13.300000190734863,13.699999809265137,15770
2024-05-07,13.800000190734863,13.800000190734863,14.399999618530273,13.199999809265137,13.300000190734863,28460
2024-05-08,12.699999809265137,12.699999809265137,13.899999618530273,12.699999809265137,13.399999618530273,18710
2024-05-09,12.399999618530273,12.399999618530273,13.5,12.300000190734863,13.0,20480
2024-05-10,12.699999809265137,12.699999809265137,12.800000190734863,12.199999809265137,12.399999618530273,15380
2024-05-13,12.550000190734863,12.550000190734863,12.899999618530273,12.399999618530273,12.699999809265137,12070
2024-05-14,12.800000190734863,12.800000190734863,13.199999809265137,12.399999618530273,12.399999618530273,16270
2024-05-15,12.949999809265137,12.949999809265137,13.199999809265137,12.699999809265137,13.199999809265137,13720
2024-05-16,12.5,12.5,13.0,12.300000190734863,13.0,24480
2024-05-17,12.449999809265137,12.449999809265137,12.600000381469727,11.800000190734863,12.300000190734863,141140
2024-05-20,12.899999618530273,12.899999618530273,13.399999618530273,12.300000190734863,12.399999618530273,21160
2024-05-21,12.699999809265137,12.699999809265137,13.199999809265137,12.5,12.800000190734863,19410
2024-05-22,12.699999809265137,12.699999809265137,12.800000190734863,12.300000190734863,12.699999809265137,11410
2024-05-23,12.399999618530273,12.399999618530273,12.800000190734863,12.300000190734863,12.789999961853027,10990
2024-05-24,12.5,12.5,12.899999618530273,12.399999618530273,12.399999618530273,11500
2024-05-28,12.5,12.5,12.600000381469727,12.300000190734863,12.600000381469727,15780
2024-05-29,12.300000190734863,12.300000190734863,12.399999618530273,12.100000381469727,12.300000190734863,13240
2024-05-30,12.199999809265137,12.199999809265137,12.600000381469727,12.149999618530273,12.300000190734863,10960
2024-05-31,12.399999618530273,12.399999618530273,13.0,12.199999809265137,12.300000190734863,15220
2024-06-03,12.699999809265137,12.699999809265137,12.800000190734863,12.449999809265137,12.5,18360
2024-06-04,12.100000381469727,12.100000381469727,12.699999809265137,12.100000381469727,12.699999809265137,16910
2024-06-05,12.5,12.5,12.600000381469727,12.100000381469727,12.199999809265137,10400
2024-06-06,12.399999618530273,12.399999618530273,12.5,12.100000381469727,12.399999618530273,10030
2024-06-07,12.300000190734863,12.300000190734863,12.5,12.199999809265137,12.399999618530273,10060
2024-06-10,12.300000190734863,12.300000190734863,12.600000381469727,12.199999809265137,12.5,10780
2024-06-11,12.699999809265137,12.699999809265137,12.800000190734863,12.300000190734863,12.300000190734863,8950
2024-06-12,12.600000381469727,12.600000381469727,13.300000190734863,12.600000381469727,12.800000190734863,40430
2024-06-13,12.300000190734863,12.300000190734863,12.800000190734863,12.300000190734863,12.399999618530273,17510
2024-06-14,11.899999618530273,11.899999618530273,12.399999618530273,11.800000190734863,12.199999809265137,30650
2024-06-17,11.399999618530273,11.399999618530273,12.0,11.199999809265137,11.899999618530273,28190
2024-06-18,10.800000190734863,10.800000190734863,11.800000190734863,10.699999809265137,11.5,25310
2024-06-20,11.100000381469727,11.100000381469727,11.399999618530273,10.800000190734863,11.300000190734863,19140
2024-06-21,11.100000381469727,11.100000381469727,11.279999732971191,10.800000190734863,11.199999809265137,14030
2024-06-24,11.0,11.0,11.5,10.800000190734863,11.0,13300
2024-06-25,10.800000190734863,10.800000190734863,11.300000190734863,10.699999809265137,11.0,28360
2024-06-26,9.8100004196167,9.8100004196167,11.100000381469727,9.699999809265137,10.699999809265137,93980
2024-06-27,10.199999809265137,10.199999809265137,10.600000381469727,9.8100004196167,9.8100004196167,45690
2024-06-28,11.100000381469727,11.100000381469727,11.300000190734863,10.300000190734863,10.399999618530273,42920
2024-07-01,11.199999809265137,11.199999809265137,13.399999618530273,10.600000381469727,11.300000190734863,119540
2024-07-02,11.5,11.5,11.899999618530273,10.710000038146973,11.300000190734863,43920
2024-07-03,11.449999809265137,11.449999809265137,11.600000381469727,11.100000381469727,11.399999618530273,8850
2024-07-05,10.800000190734863,10.800000190734863,11.199999809265137,10.699999809265137,11.199999809265137,21020
2024-07-08,11.600000381469727,11.600000381469727,11.899999618530273,10.899999618530273,11.0,17400
2024-07-09,12.5,12.5,12.699999809265137,11.399999618530273,11.600000381469727,29120
2024-07-10,12.800000190734863,12.800000190734863,13.5,11.800000190734863,12.800000190734863,41140
2024-07-11,13.399999618530273,13.399999618530273,13.899999618530273,12.800000190734863,13.100000381469727,37340
2024-07-12,13.800000190734863,13.800000190734863,14.289999961853027,13.399999618530273,13.5,48520
2024-07-15,13.600000381469727,13.600000381469727,14.0,13.5,13.699999809265137,11480
2024-07-16,14.800000190734863,14.800000190734863,15.699999809265137,13.5,13.600000381469727,169050
2024-07-17,14.600000381469727,14.600000381469727,15.100000381469727,14.199999809265137,14.300000190734863,25210
2024-07-18,13.699999809265137,13.699999809265137,15.579999923706055,13.5,15.100000381469727,46220
2024-07-19,14.100000381469727,14.100000381469727,14.399999618530273,13.699999809265137,14.0,11530
2024-07-22,14.600000381469727,14.600000381469727,14.600000381469727,13.720000267028809,14.199999809265137,18860
2024-07-23,14.600000381469727,14.600000381469727,14.710000038146973,14.300000190734863,14.300000190734863,19840
2024-07-24,13.800000190734863,13.800000190734863,14.5,13.699999809265137,14.5,17500
2024-07-25,13.899999618530273,13.899999618530273,14.329999923706055,13.199999809265137,13.699999809265137,10160
2024-07-26,14.5,14.5,14.699999809265137,13.600000381469727,14.100000381469727,20060
2024-07-29,14.75,14.75,15.399999618530273,14.199999809265137,14.399999618530273,44520
2024-07-30,14.0,14.0,14.800000190734863,13.399999618530273,14.800000190734863,32360
2024-07-31,14.300000190734863,14.300000190734863,14.600000381469727,13.5,14.0,31440
2024-08-01,14.0,14.0,14.600000381469727,13.5,14.100000381469727,15540
2024-08-02,12.899999618530273,12.899999618530273,13.899999618530273,12.899999618530273,13.699999809265137,24110
2024-08-05,12.5,12.5,12.600000381469727,11.800000190734863,12.100000381469727,25200
2024-08-06,12.699999809265137,12.699999809265137,12.899999618530273,12.100000381469727,12.300000190734863,20320
2024-08-07,11.699999809265137,11.699999809265137,13.300000190734863,11.300000190734863,13.0,34520
2024-08-08,13.399999618530273,13.399999618530273,13.399999618530273,11.0,11.0,32660
2024-08-09,13.300000190734863,13.300000190734863,13.600000381469727,12.899999618530273,13.5,14870
2024-08-12,13.300000190734863,13.300000190734863,13.800000190734863,12.600000381469727,13.100000381469727,29380
2024-08-13,13.300000190734863,13.300000190734863,13.600000381469727,12.899999618530273,13.300000190734863,21630
2024-08-14,13.0,13.0,13.600000381469727,12.699999809265137,13.199999809265137,13460
2024-08-15,13.5,13.5,13.699999809265137,12.800000190734863,13.5,11170
2024-08-16,13.199999809265137,13.199999809265137,13.399999618530273,12.899999618530273,13.399999618530273,11370
2024-08-19,14.899999618530273,14.899999618530273,15.0,13.100000381469727,13.100000381469727,28530
2024-08-20,15.699999809265137,15.699999809265137,15.800000190734863,14.930000305175781,15.0,121940
2024-08-21,16.299999237060547,16.299999237060547,16.299999237060547,15.199999809265137,15.600000381469727,38770
2024-08-22,15.199999809265137,15.199999809265137,16.399999618530273,15.100000381469727,16.399999618530273,14270
2024-08-23,14.600000381469727,14.600000381469727,16.0,14.399999618530273,15.399999618530273,22310
2024-08-26,14.5,14.5,14.899999618530273,14.100000381469727,14.800000190734863,10120
2024-08-27,14.050000190734863,14.050000190734863,15.890000343322754,13.399999618530273,15.100000381469727,55570
2024-08-28,14.100000381469727,14.100000381469727,14.600000381469727,13.699999809265137,14.199999809265137,22850
2024-08-29,14.899999618530273,14.899999618530273,14.899999618530273,13.800000190734863,14.199999809265137,15350
2024-08-30,15.100000381469727,15.100000381469727,15.600000381469727,14.800000190734863,14.899999618530273,25220
2024-09-03,14.0,14.0,15.199999809265137,13.800000190734863,15.100000381469727,27260
2024-09-04,14.0,14.0,14.5,13.899999618530273,14.399999618530273,14430
2024-09-05,13.699999809265137,13.699999809265137,14.199999809265137,13.5,13.899999618530273,12750
2024-09-06,13.399999618530273,13.399999618530273,14.0,13.199999809265137,13.949999809265137,15920
2024-09-09,14.0,14.0,14.699999809265137,13.600000381469727,13.899999618530273,19720
2024-09-10,14.800000190734863,14.800000190734863,14.859999656677246,14.0,14.199999809265137,12800
2024-09-11,15.199999809265137,15.199999809265137,15.399999618530273,14.600000381469727,14.699999809265137,39030
2024-09-12,14.899999618530273,14.899999618530273,15.510000228881836,14.899999618530273,15.399999618530273,18110
2024-09-13,15.199999809265137,15.199999809265137,15.5,14.899999618530273,14.899999618530273,34910
2024-09-16,16.0,16.0,16.25,15.300000190734863,15.5,71060
2024-09-17,16.100000381469727,16.100000381469727,16.799999237060547,16.0,16.200000762939453,39020
2024-09-18,17.899999618530273,17.899999618530273,20.90999984741211,16.700000762939453,16.799999237060547,279080
2024-09-19,19.5,19.5,21.100000381469727,18.399999618530273,18.5,133260
2024-09-20,18.299999237060547,18.299999237060547,20.799999237060547,18.299999237060547,19.799999237060547,92980
2024-09-23,16.0,16.0,18.8799991607666,15.899999618530273,18.799999237060547,121700
2024-09-24,15.600000381469727,15.600000381469727,16.5,15.109999656677246,16.100000381469727,70880
2024-09-25,15.0,15.0,16.0,14.899999618530273,15.899999618530273,47020
2024-09-26,15.0,15.0,15.699999809265137,14.5,15.699999809265137,48520
2024-09-27,15.5,15.5,15.529999732971191,15.199999809265137,15.199999809265137,20200
2024-09-30,16.5,16.5,17.200000762939453,15.399999618530273,15.5,36870
2024-10-01,15.899999618530273,15.899999618530273,16.899999618530273,15.800000190734863,16.5,57210
2024-10-02,15.899999618530273,15.899999618530273,16.5,15.699999809265137,15.699999809265137,22260
2024-10-03,15.899999618530273,15.899999618530273,16.399999618530273,15.600000381469727,15.600000381469727,16560
2024-10-04,16.100000381469727,16.100000381469727,16.299999237060547,15.800000190734863,16.299999237060547,14160
2024-10-07,15.399999618530273,15.399999618530273,16.399999618530273,15.100000381469727,15.899999618530273,17910
2024-10-08,15.600000381469727,15.600000381469727,16.0,15.399999618530273,15.399999618530273,18070
2024-10-09,15.0,15.0,15.600000381469727,14.600000381469727,15.5,39800
2024-10-10,14.0,14.0,15.25,13.899999618530273,14.899999618530273,35240
2024-10-11,14.0,14.0,15.0,13.5,14.300000190734863,110960
2024-10-14,14.550000190734863,14.550000190734863,15.300000190734863,14.100000381469727,14.100000381469727,20040
2024-10-15,15.0,15.0,15.199999809265137,14.399999618530273,14.399999618530273,11190
2024-10-16,15.399999618530273,15.399999618530273,16.0,15.0,15.0,32540
2024-10-17,15.899999618530273,15.899999618530273,17.0,14.899999618530273,15.399999618530273,93660
2024-10-18,15.899999618530273,15.899999618530273,16.84000015258789,15.550000190734863,16.200000762939453,16300
2024-10-21,15.5,15.5,16.600000381469727,15.399999618530273,16.0,18590
2024-10-22,14.0,14.0,17.299999237060547,13.699999809265137,17.0,1109130
2024-10-23,14.300000190734863,14.300000190734863,14.600000381469727,13.699999809265137,13.699999809265137,111150
2024-10-24,13.800000190734863,13.800000190734863,14.800000190734863,13.100000381469727,13.899999618530273,96130
2024-10-25,13.899999618530273,13.899999618530273,14.5,13.600000381469727,14.300000190734863,92720
2024-10-28,13.399999618530273,13.399999618530273,14.100000381469727,13.199999809265137,13.899999618530273,89140
2024-10-29,13.100000381469727,13.100000381469727,13.300000190734863,12.600000381469727,12.699999809265137,127660
2024-10-30,12.399999618530273,12.399999618530273,13.300000190734863,12.399999618530273,12.899999618530273,65020
2024-10-31,12.100000381469727,12.100000381469727,12.5,11.899999618530273,12.5,65520
2024-11-01,11.899999618530273,11.899999618530273,12.399999618530273,11.899999618530273,12.100000381469727,61800
2024-11-04,12.0,12.0,12.300000190734863,11.5,12.0,56560
2024-11-05,11.899999618530273,11.899999618530273,12.550000190734863,11.899999618530273,12.300000190734863,85600
2024-11-06,11.800000190734863,11.800000190734863,12.600000381469727,11.800000190734863,12.0,71200
2024-11-07,11.800000190734863,11.800000190734863,12.399999618530273,11.600000381469727,11.699999809265137,153690
2024-11-08,11.800000190734863,11.800000190734863,12.170000076293945,11.600000381469727,12.100000381469727,45230
2024-11-11,12.300000190734863,12.300000190734863,12.399999618530273,11.5,12.0,229870
2024-11-12,11.5,11.5,12.75,11.399999618530273,12.300000190734863,114220
2024-11-13,11.699999809265137,11.699999809265137,11.899999618530273,10.899999618530273,11.699999809265137,141250
2024-11-14,10.899999618530273,10.899999618530273,11.800000190734863,10.600000381469727,11.800000190734863,85110
2024-11-15,10.600000381469727,10.600000381469727,11.300000190734863,10.199999809265137,10.899999618530273,103070
2024-11-18,10.699999809265137,10.699999809265137,11.0,10.399999618530273,10.600000381469727,77580
2024-11-19,10.5,10.5,10.800000190734863,10.399999618530273,10.800000190734863,53420
2024-11-20,10.699999809265137,10.699999809265137,10.800000190734863,10.199999809265137,10.600000381469727,48470
2024-11-21,11.100000381469727,11.100000381469727,11.25,10.5,10.800000190734863,46690
2024-11-22,11.0,11.0,11.199999809265137,10.600000381469727,11.199999809265137,78750
2024-11-25,11.800000190734863,11.800000190734863,12.949999809265137,11.399999618530273,11.5,152070
2024-11-26,11.399999618530273,11.399999618530273,12.100000381469727,11.300000190734863,12.0,64230
2024-11-27,12.0,12.0,12.100000381469727,11.5,11.699999809265137,72110
2024-11-29,12.399999618530273,12.399999618530273,12.5,11.899999618530273,12.5,59150
2024-12-02,14.0,14.0,14.199999809265137,12.5,12.5,131500
2024-12-03,12.699999809265137,12.699999809265137,14.0,12.5,13.899999618530273,116270
2024-12-04,12.5,12.5,13.199999809265137,12.5,12.699999809265137,63390
2024-12-05,12.199999809265137,12.199999809265137,12.5,11.300000190734863,12.300000190734863,116260
2024-12-06,12.800000190734863,12.800000190734863,13.0,12.300000190734863,12.300000190734863,53310
2024-12-09,13.199999809265137,13.199999809265137,13.5,12.800000190734863,12.899999618530273,59230
2024-12-10,12.399999618530273,12.399999618530273,13.0,12.300000190734863,12.800000190734863,67200
2024-12-11,12.100000381469727,12.100000381469727,12.699999809265137,11.899999618530273,12.399999618530273,65850
2024-12-12,11.300000190734863,11.300000190734863,12.100000381469727,11.199999809265137,12.0,82510
2024-12-13,11.300000190734863,11.300000190734863,11.699999809265137,11.0,11.199999809265137,42390
2024-12-16,11.100000381469727,11.100000381469727,11.800000190734863,11.100000381469727,11.699999809265137,48800
2024-12-17,10.899999618530273,10.899999618530273,11.34000015258789,10.800000190734863,11.0,84990
2024-12-18,10.300000190734863,10.300000190734863,11.119999885559082,10.199999809265137,10.899999618530273,143070
2024-12-19,10.399999618530273,10.399999618530273,10.800000190734863,10.300000190734863,10.5,76950
2024-12-20,10.0,10.0,11.0,10.0,10.399999618530273,129300
2024-12-23,10.699999809265137,10.699999809265137,10.899999618530273,10.25,10.399999618530273,85500
2024-12-24,10.5,10.5,10.710000038146973,10.300000190734863,10.600000381469727,45650
2024-12-26,10.5,10.5,10.699999809265137,10.399999618530273,10.5,63030
2024-12-27,10.300000190734863,10.300000190734863,10.800000190734863,10.100000381469727,10.600000381469727,89190
2024-12-30,10.300000190734863,10.300000190734863,10.300000190734863,9.899999618530273,10.300000190734863,113060
2024-12-31,10.0,10.0,10.449999809265137,9.970000267028809,10.300000190734863,128350
2025-01-02,10.199999809265137,10.199999809265137,10.899999618530273,10.199999809265137,10.5,157880
2025-01-03,11.0,11.0,11.100000381469727,10.5,10.800000190734863,116700
2025-01-06,10.899999618530273,10.899999618530273,11.5,10.600000381469727,11.5,115620
2025-01-07,11.199999809265137,11.199999809265137,11.399999618530273,10.899999618530273,11.199999809265137,67750
2025-01-08,11.0,11.0,11.449999809265137,10.699999809265137,11.399999618530273,54680
2025-01-10,10.5,10.5,10.899999618530273,10.199999809265137,10.800000190734863,72580
2025-01-13,10.699999809265137,10.699999809265137,11.0,10.0,10.399999618530273,135560
2025-01-14,10.0,10.0,10.800000190734863,10.0,10.600000381469727,84160
2025-01-15,10.100000381469727,10.100000381469727,10.399999618530273,9.800000190734863,10.300000190734863,61380
2025-01-16,9.859999656677246,9.859999656677246,10.5,9.699999809265137,10.399999618530273,69120
2025-01-17,9.529999732971191,9.529999732971191,10.0,9.5,9.859999656677246,172050
2025-01-21,9.5,9.5,10.100000381469727,9.229999542236328,9.779999732971191,571990
2025-01-22,9.84000015258789,9.84000015258789,10.0,9.5,9.920000076293945,85430
2025-01-23,9.930000305175781,9.930000305175781,10.109999656677246,9.600000381469727,10.0,69230
2025-01-24,10.199999809265137,10.199999809265137,10.5,9.899999618530273,10.199999809265137,40210
2025-01-27,10.0,10.0,10.5,9.899999618530273,10.399999618530273,59450
2025-01-28,9.8100004196167,9.8100004196167,10.399999618530273,9.25,10.0,101420
2025-01-29,9.899999618530273,9.899999618530273,10.0,9.399999618530273,9.770000457763672,47350
2025-01-30,10.199999809265137,10.199999809265137,10.199999809265137,9.510000228881836,9.899999618530273,58900
2025-01-31,9.75,9.75,10.100000381469727,9.329999923706055,10.0,163700
2025-02-03,9.649999618530273,9.649999618530273,9.949999809265137,9.399999618530273,9.430000305175781,35420
2025-02-04,9.5,9.5,9.800000190734863,9.399999618530273,9.699999809265137,52060
2025-02-05,9.850000381469727,9.850000381469727,9.899999618530273,9.390000343322754,9.5,66150
2025-02-06,9.800000190734863,9.800000190734863,10.0,9.699999809265137,9.90999984741211,39170
2025-02-07,9.609999656677246,9.609999656677246,10.199999809265137,9.600000381469727,9.920000076293945,42790
2025-02-10,9.600000381469727,9.600000381469727,9.989999771118164,9.5,9.899999618530273,41970
2025-02-11,9.5,9.5,9.630000114440918,9.300000190734863,9.5,31190
2025-02-12,9.380000114440918,9.380000114440918,9.699999809265137,9.199999809265137,9.5,30930
2025-02-13,9.569999694824219,9.569999694824219,9.680000305175781,9.289999961853027,9.300000190734863,47670
2025-02-14,10.0,10.0,10.5,9.670000076293945,9.670000076293945,90880
2025-02-18,10.899999618530273,10.899999618530273,11.5,10.300000190734863,10.399999618530273,141100
2025-02-19,10.5,10.5,11.289999961853027,10.300000190734863,11.100000381469727,104750
2025-02-20,11.800000190734863,11.800000190734863,11.899999618530273,10.649999618530273,10.899999618530273,182070
2025-02-21,12.699999809265137,12.699999809265137,13.899999618530273,12.020000457763672,12.050000190734863,213210
2025-02-24,12.0,12.0,12.600000381469727,10.0,12.600000381469727,146820
2025-02-25,11.5,11.5,13.199999809265137,11.449999809265137,11.800000190734863,96730
2025-02-26,11.699999809265137,11.699999809265137,11.899999618530273,11.100000381469727,11.899999618530273,73290
2025-02-27,11.199999809265137,11.199999809265137,12.100000381469727,11.100000381469727,11.800000190734863,80700
2025-02-28,11.899999618530273,11.899999618530273,11.899999618530273,10.899999618530273,11.100000381469727,111940
2025-03-03,11.600000381469727,11.600000381469727,12.199999809265137,11.5,12.100000381469727,70860
2025-03-04,11.699999809265137,11.699999809265137,11.800000190734863,11.0,11.399999618530273,72530
2025-03-05,11.699999809265137,11.699999809265137,12.0,11.5,11.699999809265137,57070
2025-03-06,11.5,11.5,12.0,11.199999809265137,11.699999809265137,60160
2025-03-07,11.5,11.5,11.899999618530273,11.300000190734863,11.399999618530273,35830
2025-03-10,10.899999618530273,10.899999618530273,11.5,10.800000190734863,11.399999618530273,78640
2025-03-11,11.0,11.0,11.199999809265137,10.600000381469727,10.899999618530273,75610
2025-03-12,11.600000381469727,11.600000381469727,11.600000381469727,11.0,11.5,48850
2025-03-13,11.199999809265137,11.199999809265137,11.800000190734863,11.100000381469727,11.399999618530273,43300
2025-03-14,11.5,11.5,11.699999809265137,11.0,11.199999809265137,53420
2025-03-17,11.399999618530273,11.399999618530273,11.699999809265137,11.100000381469727,11.600000381469727,49650
2025-03-18,11.300000190734863,11.300000190734863,11.5,11.100000381469727,11.5,29900
2025-03-19,11.600000381469727,11.600000381469727,11.600000381469727,11.300000190734863,11.399999618530273,38210
2025-03-20,11.399999618530273,11.399999618530273,11.699999809265137,11.300000190734863,11.5,39830
2025-03-21,11.5,11.5,11.600000381469727,11.199999809265137,11.300000190734863,27060
2025-03-24,11.699999809265137,11.699999809265137,11.800000190734863,11.5,11.600000381469727,57530
2025-03-25,12.5,12.5,13.5,11.899999618530273,11.899999618530273,114960
2025-03-26,12.0,12.0,12.600000381469727,11.800000190734863,12.5,66260
2025-03-27,12.399999618530273,12.399999618530273,12.59000015258789,11.90999984741211,12.0,59100
2025-03-28,12.0,12.0,12.800000190734863,11.800000190734863,12.800000190734863,65390
2025-03-31,10.899999618530273,10.899999618530273,11.800000190734863,10.800000190734863,11.800000190734863,110490
2025-04-01,10.649999618530273,10.649999618530273,11.399999618530273,10.600000381469727,11.199999809265137,76510
2025-04-02,11.100000381469727,11.100000381469727,11.5,10.199999809265137,10.5,72630
2025-04-03,10.5,10.5,10.899999618530273,10.300000190734863,10.699999809265137,84400
2025-04-04,9.949999809265137,9.949999809265137,10.600000381469727,9.899999618530273,10.199999809265137,72250
2025-04-07,9.430000305175781,9.430000305175781,9.800000190734863,9.0,9.800000190734863,76980
2025-04-08,8.949999809265137,8.949999809265137,10.350000381469727,8.800000190734863,9.899999618530273,81550
2025-04-09,9.25,9.25,9.5600004196167,8.319999694824219,9.130000114440918,104020
2025-04-10,8.84000015258789,8.84000015258789,9.899999618530273,8.619999885559082,9.899999618530273,56380
2025-04-11,9.0,9.0,9.430000305175781,8.600000381469727,8.899999618530273,54080
2025-04-14,9.180000305175781,9.180000305175781,9.65999984741211,9.0,9.100000381469727,38210
2025-04-15,9.880000114440918,9.880000114440918,10.0,9.100000381469727,9.100000381469727,44300
2025-04-16,9.430000305175781,9.430000305175781,10.100000381469727,9.319999694824219,10.0,38620
2025-04-17,9.800000190734863,9.800000190734863,9.890000343322754,9.399999618530273,9.399999618530273,21600
2025-04-21,9.890000343322754,9.890000343322754,10.300000190734863,9.600000381469727,9.779999732971191,48830
2025-04-22,10.0,10.0,10.399999618530273,9.680000305175781,10.100000381469727,70890
2025-04-23,11.0,11.0,11.300000190734863,9.979999542236328,10.199999809265137,108790
2025-04-24,11.399999618530273,11.399999618530273,11.550000190734863,10.850000381469727,11.0,54860
2025-04-25,11.100000381469727,11.100000381469727,12.199999809265137,10.949999809265137,11.699999809265137,42380
2025-04-28,11.199999809265137,11.199999809265137,11.600000381469727,10.699999809265137,11.399999618530273,37450
2025-04-29,12.800000190734863,12.800000190734863,13.100000381469727,11.100000381469727,11.199999809265137,174170
2025-04-30,9.899999618530273,9.899999618530273,12.600000381469727,9.640000343322754,12.5,887750
2025-05-01,11.699999809265137,11.699999809265137,11.899999618530273,10.0,10.199999809265137,241980
2025-05-02,11.5,11.5,12.199999809265137,11.100000381469727,11.5,216130
2025-05-05,11.199999809265137,11.199999809265137,12.0,11.199999809265137,11.5,111760
2025-05-06,10.699999809265137,10.699999809265137,11.34000015258789,10.399999618530273,11.199999809265137,157650
2025-05-07,9.850000381469727,9.850000381469727,10.899999618530273,9.710000038146973,10.899999618530273,111700
2025-05-08,10.199999809265137,10.199999809265137,10.5,9.5,9.800000190734863,79490
2025-05-09,10.100000381469727,10.100000381469727,10.5,9.90999984741211,10.100000381469727,81240
2025-05-12,9.869999885559082,9.869999885559082,10.5,9.699999809265137,10.199999809265137,69200
2025-05-13,9.899999618530273,9.899999618530273,10.199999809265137,9.600000381469727,9.899999618530273,57050
2025-05-14,9.770000457763672,9.770000457763672,10.199999809265137,9.699999809265137,10.0,41280
2025-05-15,9.960000038146973,9.960000038146973,10.100000381469727,9.510000228881836,9.899999618530273,52820
2025-05-16,9.609999656677246,9.609999656677246,10.029999732971191,9.5,10.0,72970
2025-05-19,9.609999656677246,9.609999656677246,9.710000038146973,9.329999923706055,9.600000381469727,39490
2025-05-20,9.739999771118164,9.739999771118164,9.800000190734863,9.369999885559082,9.520000457763672,39470
2025-05-21,9.199999809265137,9.199999809265137,9.720000267028809,9.029999732971191,9.529999732971191,81310
2025-05-22,9.210000038146973,9.210000038146973,9.300000190734863,9.010000228881836,9.140000343322754,20440
2025-05-23,9.180000305175781,9.180000305175781,9.300000190734863,9.0,9.100000381469727,44620
2025-05-27,8.899999618530273,8.899999618530273,9.5,8.800000190734863,9.199999809265137,82200
2025-05-28,9.100000381469727,9.100000381469727,9.300000190734863,8.880000114440918,9.020000457763672,66980
2025-05-29,6.800000190734863,6.800000190734863,8.800000190734863,5.610000133514404,8.0,924070
2025-05-30,6.599999904632568,6.599999904632568,7.349999904632568,6.25,7.0,497230
2025-06-02,7.0,7.0,7.0,6.400000095367432,6.800000190734863,146340
2025-06-03,7.300000190734863,7.300000190734863,7.320000171661377,6.809999942779541,7.099999904632568,122290
2025-06-04,7.75,7.75,7.760000228881836,7.25,7.320000171661377,113190
2025-06-05,7.730000019073486,7.730000019073486,8.729999542236328,7.25,8.5,1472280
2025-06-06,7.880000114440918,7.880000114440918,8.199999809265137,7.599999904632568,7.619999885559082,246590
2025-06-09,8.670000076293945,8.670000076293945,8.760000228881836,7.960000038146973,8.199999809265137,207710
2025-06-10,8.850000381469727,8.850000381469727,9.140000343322754,8.5,8.699999809265137,141030
2025-06-11,8.699999809265137,8.699999809265137,9.0,8.59000015258789,8.880000114440918,93510
2025-06-12,8.4399995803833,8.4399995803833,8.800000190734863,8.25,8.699999809265137,105050
2025-06-13,8.050000190734863,8.050000190734863,8.600000381469727,8.010000228881836,8.300000190734863,96240
2025-06-16,8.210000038146973,8.210000038146973,8.430000305175781,8.050000190734863,8.34000015258789,67330
2025-06-17,7.679999828338623,7.679999828338623,8.399999618530273,7.5,8.399999618530273,145750
2025-06-18,7.460000038146973,7.460000038146973,8.149999618530273,7.079999923706055,8.029999732971191,120190
2025-06-20,7.199999809265137,7.199999809265137,7.789999961853027,7.199999809265137,7.599999904632568,71400
2025-06-23,7.079999923706055,7.079999923706055,7.53000020980835,6.769999980926514,7.5,104760
2025-06-24,7.079999923706055,7.079999923706055,7.739999771118164,6.960000038146973,7.650000095367432,1416380
2025-06-25,7.010000228881836,7.010000228881836,7.389999866485596,6.960000038146973,7.199999809265137,124970
2025-06-26,7.099999904632568,7.099999904632568,7.5,6.829999923706055,7.0,129070
2025-06-27,7.0,7.0,7.199999809265137,6.900000095367432,7.150000095367432,77540
2025-06-30,6.980000019073486,6.980000019073486,7.269999980926514,6.900000095367432,7.199999809265137,155500
2025-07-01,6.900000095367432,6.900000095367432,7.400000095367432,6.900000095367432,7.199999809265137,96540
2025-07-02,7.130000114440918,7.130000114440918,7.199999809265137,6.920000076293945,7.03000020980835,78450
2025-07-03,7.269999980926514,7.269999980926514,7.460000038146973,7.0,7.0,63550
2025-07-07,7.650000095367432,7.650000095367432,7.78000020980835,7.340000152587891,7.400000095367432,131690
2025-07-08,8.289999961853027,8.289999961853027,8.319999694824219,7.619999885559082,7.800000190734863,113270
2025-07-09,8.0600004196167,8.0600004196167,8.300000190734863,7.800000190734863,8.300000190734863,66470
2025-07-10,8.380000114440918,8.380000114440918,8.5,7.809999942779541,8.199999809265137,91200
2025-07-11,8.300000190734863,8.300000190734863,8.5,8.210000038146973,8.399999618530273,44240
2025-07-14,8.399999618530273,8.399999618530273,8.4399995803833,8.100000381469727,8.430000305175781,37160
2025-07-15,8.329999923706055,8.329999923706055,8.600000381469727,8.199999809265137,8.5,70850
2025-07-16,8.960000038146973,8.960000038146973,9.199999809265137,8.359999656677246,8.399999618530273,78630
2025-07-17,9.300000190734863,9.300000190734863,9.789999961853027,8.930000305175781,8.949999809265137,129350
2025-07-18,9.640000343322754,9.640000343322754,10.0,9.40999984741211,9.800000190734863,182410
2025-07-21,9.319999694824219,9.319999694824219,10.350000381469727,8.960000038146973,9.899999618530273,244490
2025-07-22,9.359999656677246,9.359999656677246,9.899999618530273,9.329999923706055,9.800000190734863,112030
2025-07-23,9.970000267028809,9.970000267028809,10.199999809265137,9.5,9.699999809265137,142080
2025-07-24,10.699999809265137,10.699999809265137,11.0,9.899999618530273,9.899999618530273,197390
2025-07-25,11.199999809265137,11.199999809265137,11.300000190734863,10.399999618530273,10.800000190734863,98910
2025-07-28,10.800000190734863,10.800000190734863,11.800000190734863,10.600000381469727,11.399999618530273,128750
2025-07-29,9.789999961853027,9.789999961853027,11.0,9.430000305175781,10.899999618530273,131440
2025-07-30,9.619999885559082,9.619999885559082,10.0,9.5,9.979999542236328,65080
2025-07-31,9.399999618530273,9.399999618530273,9.800000190734863,9.199999809265137,9.600000381469727,66260
2025-08-01,9.319999694824219,9.319999694824219,9.319999694824219,8.899999618530273,9.0,66990
2025-08-04,9.779999732971191,9.779999732971191,9.800000190734863,8.930000305175781,9.239999771118164,74110
2025-08-05,9.8100004196167,9.8100004196167,10.100000381469727,9.609999656677246,9.800000190734863,66830
2025-08-06,9.789999961853027,9.789999961853027,10.0,9.359999656677246,9.800000190734863,70840
2025-08-07,9.020000457763672,9.020000457763672,9.850000381469727,8.800000190734863,9.75,174810
2025-08-08,8.720000267028809,8.720000267028809,9.380000114440918,8.300000190734863,9.300000190734863,106270
2025-08-11,8.489999771118164,8.489999771118164,8.899999618530273,8.300000190734863,8.770000457763672,89870
2025-08-12,8.520000457763672,8.520000457763672,8.65999984741211,8.210000038146973,8.5,130290
2025-08-13,8.289999961853027,8.289999961853027,8.899999618530273,8.0,8.680000305175781,139420
2025-08-14,9.170000076293945,9.170000076293945,9.399999618530273,8.0,8.300000190734863,157680
2025-08-15,9.010000228881836,9.010000228881836,9.399999618530273,8.800000190734863,9.199999809265137,100450
2025-08-18,9.789999961853027,9.789999961853027,10.0,9.09000015258789,9.260000228881836,128290
2025-08-19,9.130000114440918,9.130000114440918,9.949999809265137,8.90999984741211,9.899999618530273,121480
2025-08-20,9.199999809265137,9.199999809265137,9.239999771118164,8.699999809265137,9.199999809265137,87100
2025-08-21,9.449999809265137,9.449999809265137,9.449999809265137,8.699999809265137,9.1899995803833,83930
2025-08-22,9.5,9.5,9.640000343322754,9.300000190734863,9.5,110050
2025-08-25,8.770000457763672,8.770000457763672,9.600000381469727,8.75,9.5,187330
2025-08-26,8.800000190734863,8.800000190734863,9.0,8.5,8.800000190734863,124650
2025-08-27,8.550000190734863,8.550000190734863,8.899999618530273,8.550000190734863,8.899999618530273,100140
2025-08-28,8.699999809265137,8.699999809265137,8.800000190734863,8.550000190734863,8.680000305175781,68570
2025-08-29,8.199999809265137,8.199999809265137,8.789999961853027,8.100000381469727,8.770000457763672,141070
2025-09-02,7.989999771118164,7.989999771118164,8.5,7.869999885559082,8.210000038146973,186790
2025-09-03,8.050000190734863,8.050000190734863,8.260000228881836,7.699999809265137,8.0,173460
2025-09-04,7.699999809265137,7.699999809265137,8.050000190734863,7.599999904632568,8.0,128240
2025-09-05,7.610000133514404,7.610000133514404,7.869999885559082,7.389999866485596,7.730000019073486,205380
2025-09-08,8.270000457763672,8.270000457763672,8.399999618530273,7.760000228881836,7.760000228881836,127060
2025-09-09,8.569999694824219,8.569999694824219,8.720000267028809,8.220000267028809,8.5,115520
2025-09-10,8.720000267028809,8.720000267028809,8.90999984741211,8.6899995803833,8.699999809265137,100620
2025-09-11,8.520000457763672,8.520000457763672,9.0,8.300000190734863,8.869999885559082,168700
2025-09-12,7.940000057220459,7.940000057220459,8.880000114440918,7.829999923706055,8.710000038146973,227170
2025-09-15,7.730000019073486,7.730000019073486,8.270000457763672,7.519999980926514,8.029999732971191,182990
2025-09-16,8.149999618530273,8.149999618530273,8.199999809265137,7.739999771118164,7.900000095367432,76530
2025-09-17,8.300000190734863,8.300000190734863,8.399999618530273,8.0,8.050000190734863,73690
2025-09-18,8.399999618530273,8.399999618530273,8.5,8.210000038146973,8.270000457763672,62460
2025-09-19,8.449999809265137,8.449999809265137,8.5600004196167,8.220000267028809,8.420000076293945,86110
2025-09-22,9.09000015258789,9.09000015258789,9.100000381469727,8.5600004196167,8.699999809265137,193480
2025-09-23,8.869999885559082,8.869999885559082,9.390000343322754,8.520000457763672,9.229999542236328,136380
2025-09-24,8.789999961853027,8.789999961853027,9.029999732971191,8.520000457763672,9.0,128930
2025-09-25,8.979999542236328,8.979999542236328,9.100000381469727,8.350000381469727,8.699999809265137,182380
2025-09-26,9.390000343322754,9.390000343322754,9.579999923706055,8.850000381469727,9.100000381469727,178820
2025-09-29,9.350000381469727,9.350000381469727,11.199999809265137,9.210000038146973,9.729999542236328,276490
2025-09-30,8.819999694824219,8.819999694824219,9.5,8.460000038146973,9.399999618530273,173170
2025-10-01,9.600000381469727,9.600000381469727,9.600000381469727,8.619999885559082,8.670000076293945,144320
2025-10-02,9.630000114440918,9.630000114440918,10.100000381469727,9.5,9.84000015258789,204790
2025-10-03,9.779999732971191,9.779999732971191,9.899999618530273,9.34000015258789,9.529999732971191,170660
2025-10-06,9.399999618530273,9.399999618530273,9.979999542236328,9.260000228881836,9.600000381469727,204330
2025-10-07,8.800000190734863,8.800000190734863,9.770000457763672,8.609999656677246,9.600000381469727,248330
2025-10-08,8.979999542236328,8.979999542236328,9.300000190734863,8.8100004196167,9.0,137600
2025-10-09,9.199999809265137,9.199999809265137,9.199999809265137,8.899999618530273,9.09000015258789,116900
2025-10-10,8.989999771118164,8.989999771118164,9.300000190734863,8.609999656677246,9.229999542236328,171620
2025-10-13,8.949999809265137,8.949999809265137,9.100000381469727,8.800000190734863,8.989999771118164,127890
2025-10-14,8.449999809265137,8.449999809265137,8.949999809265137,8.399999618530273,8.949999809265137,162930
2025-10-15,8.369999885559082,8.369999885559082,8.699999809265137,8.199999809265137,8.5,120970
2025-10-16,8.15999984741211,8.15999984741211,8.5,8.029999732971191,8.399999618530273,138540
2025-10-17,8.0,8.0,8.180000305175781,7.800000190734863,8.0,156920
2025-10-20,8.359999656677246,8.359999656677246,8.600000381469727,8.0600004196167,8.100000381469727,117380
2025-10-21,8.220000267028809,8.220000267028809,8.40999984741211,8.020000457763672,8.300000190734863,141840
2025-10-22,7.889999866485596,7.889999866485596,8.25,7.809999942779541,8.220000267028809,173260
2025-10-23,7.800000190734863,7.800000190734863,8.079999923706055,7.599999904632568,7.889999866485596,140850
2025-10-24,7.679999828338623,7.679999828338623,7.900000095367432,7.599999904632568,7.800000190734863,120210
2025-10-27,8.350000381469727,8.350000381469727,8.5,7.75,7.75,198730
2025-10-28,8.399999618530273,8.399999618530273,8.699999809265137,8.109999656677246,8.5,155760
2025-10-29,7.980000019073486,7.980000019073486,8.40999984741211,7.889999866485596,8.399999618530273,105570
2025-10-30,7.840000152587891,7.840000152587891,8.1899995803833,7.800000190734863,8.050000190734863,69400
2025-10-31,7.789999961853027,7.789999961853027,8.0,7.75,7.900000095367432,87210
2025-11-03,7.480000019073486,7.480000019073486,7.849999904632568,7.260000228881836,7.849999904632568,227160
2025-11-04,6.909999847412109,6.909999847412109,7.630000114440918,6.699999809265137,7.480000019073486,190440
2025-11-05,7.230000019073486,7.230000019073486,7.389999866485596,7.0,7.0,83110
2025-11-06,7.010000228881836,7.010000228881836,7.340000152587891,6.929999828338623,7.300000190734863,71680
2025-11-07,7.190000057220459,7.190000057220459,7.300000190734863,6.739999771118164,7.0,114060
2025-11-10,7.639999866485596,7.639999866485596,7.699999809265137,7.210000038146973,7.5,110820
2025-11-11,7.800000190734863,7.800000190734863,7.800000190734863,7.53000020980835,7.599999904632568,91180
2025-11-12,7.599999904632568,7.599999904632568,7.900000095367432,7.300000190734863,7.840000152587891,96030
2025-11-13,7.130000114440918,7.130000114440918,7.800000190734863,7.0,7.800000190734863,139740
2025-11-14,7.789999961853027,7.789999961853027,7.880000114440918,7.0,7.099999904632568,126360
2025-11-17,7.300000190734863,7.300000190734863,7.800000190734863,7.289999961853027,7.800000190734863,132950
2025-11-18,7.599999904632568,7.599999904632568,7.78000020980835,7.300000190734863,7.300000190734863,198590
2025-11-19,7.130000114440918,7.130000114440918,7.53000020980835,7.0,7.400000095367432,103230
2025-11-20,6.880000114440918,6.880000114440918,7.5,6.730000019073486,7.21999979019165,188020
2025-11-21,6.860000133514404,6.860000133514404,7.010000228881836,6.800000190734863,6.809999942779541,60800
2025-11-24,6.900000095367432,6.900000095367432,7.0,6.800000190734863,7.0,110420
2025-11-25,7.070000171661377,7.070000171661377,7.079999923706055,6.920000076293945,7.0,69070
2025-11-26,7.010000228881836,7.010000228881836,7.269999980926514,6.989999771118164,7.099999904632568,106870
2025-11-28,7.119999885559082,7.119999885559082,7.150000095367432,6.860000133514404,6.900000095367432,94310
2025-12-01,6.789999961853027,6.789999961853027,7.199999809265137,6.610000133514404,7.099999904632568,152890
2025-12-02,6.519999980926514,6.519999980926514,6.960000038146973,6.46999979019165,6.840000152587891,141850
2025-12-03,6.5,6.5,6.809999942779541,6.369999885559082,6.699999809265137,135640
2025-12-04,6.880000114440918,6.880000114440918,6.900000095367432,6.300000190734863,6.5,105620
2025-12-05,6.650000095367432,6.650000095367432,6.940000057220459,6.619999885559082,6.880000114440918,99510
2025-12-08,6.699999809265137,6.699999809265137,7.0,6.610000133514404,6.929999828338623,72940
2025-12-09,6.699999809265137,6.699999809265137,6.889999866485596,6.599999904632568,6.599999904632568,105650
2025-12-10,6.829999923706055,6.829999923706055,6.929999828338623,6.75,6.78000020980835,81940
2025-12-11,6.559999942779541,6.559999942779541,7.0,6.449999809265137,7.0,220020
2025-12-12,6.21999979019165,6.21999979019165,6.699999809265137,6.199999809265137,6.699999809265137,172340
2025-12-15,6.139999866485596,6.139999866485596,6.449999809265137,5.849999904632568,6.349999904632568,234230
2025-12-16,6.0,6.0,6.289999961853027,5.949999809265137,6.099999904632568,149850
2025-12-17,5.800000190734863,5.800000190734863,6.199999809265137,5.78000020980835,6.099999904632568,141020
2025-12-18,5.670000076293945,5.670000076293945,6.0,5.650000095367432,5.849999904632568,242630
2025-12-19,5.730000019073486,5.730000019073486,5.869999885559082,5.53000020980835,5.599999904632568,234890
2025-12-22,6.03000020980835,6.03000020980835,6.5,5.829999923706055,5.900000095367432,182040
2025-12-23,5.739999771118164,5.739999771118164,6.150000095367432,5.670000076293945,6.0,122400
2025-12-24,5.840000152587891,5.840000152587891,5.880000114440918,5.610000133514404,5.75,77710
2025-12-26,5.610000133514404,5.610000133514404,5.96999979019165,5.400000095367432,5.860000133514404,182610
2025-12-29,5.210000038146973,5.210000038146973,5.650000095367432,5.170000076293945,5.650000095367432,212390
2025-12-30,5.099999904632568,5.099999904632568,5.199999809265137,5.059999942779541,5.119999885559082,133230
2025-12-31,5.340000152587891,5.340000152587891,5.400000095367432,5.090000152587891,5.190000057220459,98920
2026-01-02,5.829999923706055,5.829999923706055,5.940000057220459,5.369999885559082,5.559999942779541,138980
2026-01-05,6.369999885559082,6.369999885559082,6.53000020980835,6.190000057220459,6.389999866485596,160880
2026-01-06,6.239999771118164,6.239999771118164,6.840000152587891,6.130000114440918,6.71999979019165,147440
2026-01-07,6.900000095367432,6.900000095367432,7.090000152587891,6.400000095367432,6.440000057220459,285230
2026-01-08,6.630000114440918,6.630000114440918,7.0,6.550000190734863,6.900000095367432,152800
2026-01-09,6.650000095367432,6.650000095367432,7.170000076293945,6.599999904632568,6.619999885559082,175570
2026-01-12,6.619999885559082,6.619999885559082,6.980000019073486,6.420000076293945,6.900000095367432,159910
2026-01-13,6.769999980926514,6.769999980926514,7.099999904632568,6.519999980926514,6.760000228881836,184570
2026-01-14,6.5,6.5,6.869999885559082,6.300000190734863,6.630000114440918,178480
2026-01-15,6.389999866485596,6.389999866485596,6.849999904632568,6.260000228881836,6.800000190734863,126530
2026-01-16,6.179999828338623,6.179999828338623,6.460000038146973,6.019999980926514,6.369999885559082,136350
2026-01-20,6.449999809265137,6.449999809265137,6.699999809265137,5.889999866485596,6.300000190734863,193600
2026-01-21,6.590000152587891,6.590000152587891,6.920000076293945,6.449999809265137,6.510000228881836,119700
2026-01-22,6.880000114440918,6.880000114440918,7.090000152587891,6.559999942779541,6.619999885559082,119680
2026-01-23,6.869999885559082,6.869999885559082,7.0,6.710000038146973,6.980000019073486,138040
2026-01-26,6.920000076293945,6.920000076293945,7.199999809265137,6.75,6.909999847412109,74520
2026-01-27,6.21999979019165,6.21999979019165,6.900000095367432,6.0,6.880000114440918,357160
2026-01-28,6.090000152587891,6.090000152587891,6.300000190734863,6.0,6.269999980926514,102650
2026-01-29,6.099999904632568,6.099999904632568,6.139999866485596,5.809999942779541,6.0,115240
2026-01-30,6.25,6.25,6.300000190734863,6.0,6.130000114440918,110880
2026-02-02,6.539999961853027,6.539999961853027,6.590000152587891,6.099999904632568,6.21999979019165,107250
2026-02-03,6.559999942779541,6.559999942779541,6.940000057220459,6.28000020980835,6.699999809265137,93920
2026-02-04,6.199999809265137,6.199999809265137,6.75,6.039999961853027,6.610000133514404,83040
2026-02-05,5.889999866485596,5.889999866485596,6.409999847412109,5.730000019073486,6.300000190734863,123870
2026-02-06,6.199999809265137,6.199999809265137,6.199999809265137,5.800000190734863,5.929999828338623,119200
2026-02-09,7.139999866485596,7.139999866485596,7.199999809265137,5.900000095367432,6.300000190734863,355230
2026-02-10,7.949999809265137,7.949999809265137,8.5,7.159999847412109,7.190000057220459,538950
2026-02-11,7.420000076293945,7.420000076293945,8.399999618530273,6.800000190734863,8.260000228881836,336110
2026-02-12,8.699999809265137,8.699999809265137,8.9399995803833,7.25,7.550000190734863,561700
2026-02-13,9.130000114440918,9.130000114440918,12.0,9.100000381469727,11.300000190734863,6441350
2026-02-17,9.170000076293945,9.170000076293945,9.600000381469727,8.510000228881836,9.300000190734863,613960
2026-02-18,8.770000457763672,8.770000457763672,9.199999809265137,8.699999809265137,9.170000076293945,225710
2026-02-19,9.75,9.75,10.199999809265137,8.869999885559082,9.0,467270
2026-02-20,9.399999618530273,9.399999618530273,9.600000381469727,8.979999542236328,9.5,254190
2026-02-23,8.649999618530273,8.649999618530273,9.5,8.550000190734863,9.239999771118164,279540
2026-02-24,8.979999542236328,8.979999542236328,9.079999923706055,8.3100004196167,8.5,235990
2026-02-25,9.100000381469727,9.100000381469727,9.380000114440918,8.779999732971191,9.020000457763672,162310
2026-02-26,9.479999542236328,9.479999542236328,9.479999542236328,9.0,9.239999771118164,155610
2026-02-27,10.199999809265137,10.199999809265137,10.460000038146973,9.430000305175781,9.479999542236328,378370
2026-03-02,10.600000381469727,10.600000381469727,11.649999618530273,9.760000228881836,9.899999618530273,723450
2026-03-03,10.699999809265137,10.699999809265137,11.5,10.449999809265137,10.600000381469727,300460
2026-03-04,11.699999809265137,11.699999809265137,12.0,10.600000381469727,10.800000190734863,361870
2026-03-05,11.100000381469727,11.100000381469727,12.800000190734863,11.100000381469727,11.899999618530273,428130
2026-03-06,12.300000190734863,12.300000190734863,12.5,11.0,11.0,335360
2026-03-09,12.5,12.5,12.699999809265137,11.800000190734863,12.0,194720
2026-03-10,12.899999618530273,12.899999618530273,13.75,12.649999618530273,12.800000190734863,445380
2026-03-11,14.5,14.5,14.600000381469727,12.899999618530273,13.649999618530273,529480
2026-03-12,13.699999809265137,13.699999809265137,15.100000381469727,13.5,15.0,520510
2026-03-13,11.699999809265137,11.699999809265137,14.0,11.600000381469727,13.899999618530273,505580
2026-03-16,11.600000381469727,11.600000381469727,12.600000381469727,11.300000190734863,11.800000190734863,229580
2026-03-17,12.0,12.0,12.149999618530273,11.100000381469727,11.5,282990
2026-03-18,11.5,11.5,12.100000381469727,11.5,12.0,120300
2026-03-19,11.600000381469727,11.600000381469727,11.800000190734863,11.100000381469727,11.300000190734863,143820
2026-03-20,11.0,11.0,11.600000381469727,10.699999809265137,11.5,202430
2026-03-23,11.699999809265137,11.699999809265137,12.0,11.199999809265137,11.25,182360
2026-03-24,12.5,12.5,12.899999618530273,11.899999618530273,11.899999618530273,249260
2026-03-25,13.199999809265137,13.199999809265137,13.5,12.600000381469727,12.600000381469727,199940
2026-03-26,12.600000381469727,12.600000381469727,13.100000381469727,12.300000190734863,13.0,158890
2026-03-27,10.899999618530273,10.899999618530273,12.800000190734863,10.899999618530273,12.600000381469727,337690
2026-03-30,10.300000190734863,10.300000190734863,11.5,10.300000190734863,11.0,201410
2026-03-31,11.100000381469727,11.100000381469727,11.300000190734863,10.600000381469727,10.699999809265137,163830
2026-04-01,11.5,11.5,12.100000381469727,11.300000190734863,11.300000190734863,184440
2026-04-02,11.600000381469727,11.600000381469727,11.600000381469727,11.0,11.100000381469727,80860
2026-04-06,11.699999809265137,11.699999809265137,12.300000190734863,11.399999618530273,11.5,171590
2026-04-07,11.899999618530273,11.899999618530273,12.399999618530273,11.300000190734863,11.779999732971191,244590
2026-04-08,11.899999618530273,11.899999618530273,12.5,11.800000190734863,12.199999809265137,130990
2026-04-09,12.899999618530273,12.899999618530273,13.0,11.800000190734863,11.899999618530273,157820
2026-04-10,11.699999809265137,11.699999809265137,13.100000381469727,11.600000381469727,13.100000381469727,199800
2026-04-13,12.199999809265137,12.199999809265137,13.399999618530273,11.699999809265137,11.699999809265137,240020
2026-04-14,11.800000190734863,11.800000190734863,12.949999809265137,11.699999809265137,12.479999542236328,287740
2026-04-15,11.100000381469727,11.100000381469727,11.300000190734863,10.5,10.800000190734863,354760
2026-04-16,10.0,10.0,11.149999618530273,9.5600004196167,11.0,680500
2026-04-17,10.0,10.0,10.600000381469727,9.699999809265137,10.0,330950
2026-04-20,9.550000190734863,9.550000190734863,10.0600004196167,9.199999809265137,9.869999885559082,591070
2026-04-21,9.010000228881836,9.010000228881836,9.989999771118164,9.0,9.829999923706055,239590
2026-04-22,9.0,9.0,9.350000381469727,9.0,9.0,261700
2026-04-23,9.180000305175781,9.180000305175781,9.319999694824219,8.529999732971191,9.0,580940
2026-04-24,8.800000190734863,8.800000190734863,9.210000038146973,8.699999809265137,9.0,389350
2026-04-27,9.979999542236328,9.979999542236328,10.298999786376953,8.5,8.640000343322754,409600
2026-04-28,10.75,10.75,10.90999984741211,9.579999923706055,9.579999923706055,376000
2026-04-29,10.029999732971191,10.029999732971191,10.75,9.979999542236328,10.550000190734863,360700
2026-04-30,9.619999885559082,9.619999885559082,10.210000038146973,9.050000190734863,10.149999618530273,443200
2026-05-01,9.649999618530273,9.649999618530273,9.8100004196167,9.25,9.569999694824219,185000
2026-05-04,10.619999885559082,10.619999885559082,10.699999809265137,9.720000267028809,9.760000228881836,336500
2026-05-05,11.279999732971191,11.279999732971191,11.289999961853027,10.119999885559082,10.619999885559082,274400
2026-05-06,11.020000457763672,11.020000457763672,11.329999923706055,10.40999984741211,11.210000038146973,462100
2026-05-07,11.75,11.75,11.84000015258789,10.460000038146973,10.920000076293945,361200
2026-05-08,11.630000114440918,11.630000114440918,12.086999893188477,11.25,11.640000343322754,221500
2026-05-11,12.0,12.0,12.25,11.449999809265137,11.619999885559082,239400
2026-05-12,11.899999618530273,11.899999618530273,12.100000381469727,11.454000473022461,11.989999771118164,154900
2026-05-13,12.949999809265137,12.949999809265137,13.303999900817871,11.300000190734863,11.510000228881836,461700
2026-05-14,12.654999732971191,12.654999732971191,13.187999725341797,12.229999542236328,13.0,213500
2026-05-15,12.079999923706055,12.079999923706055,12.567999839782715,11.649999618530273,12.359999656677246,161700
2026-05-18,11.65999984741211,11.65999984741211,12.104999542236328,11.399999618530273,12.100000381469727,121500
2026-05-19,11.600000381469727,11.600000381469727,11.829999923706055,11.25,11.770000457763672,137300
2026-05-20,11.550000190734863,11.550000190734863,11.720000267028809,10.899999618530273,11.680000305175781,204900
2026-05-21,12.300000190734863,12.300000190734863,12.489999771118164,10.869999885559082,11.359999656677246,262300
2026-05-22,13.050000190734863,13.050000190734863,13.800000190734863,12.479999542236328,12.5,326600
2026-05-26,12.970000267028809,12.970000267028809,13.699999809265137,12.654999732971191,13.25,247900
2026-05-27,14.0,14.0,14.6899995803833,12.079999923706055,12.510000228881836,395400
2026-05-28,14.970000267028809,14.970000267028809,15.399999618530273,13.90999984741211,13.930000305175781,378300
2026-05-29,14.960000038146973,14.960000038146973,15.770000457763672,14.755000114440918,15.100000381469727,366100
2026-06-01,15.130000114440918,15.130000114440918,15.399999618530273,14.649999618530273,15.100000381469727,171500
2026-06-02,14.640000343322754,14.640000343322754,15.149999618530273,14.220000267028809,15.149999618530273,248400
2026-06-03,14.170000076293945,14.170000076293945,15.149999618530273,13.920000076293945,14.529999732971191,252000
2026-06-04,14.430000305175781,14.430000305175781,15.239999771118164,13.800000190734863,13.920000076293945,207300
2026-06-05,12.770000457763672,12.770000457763672,14.369999885559082,12.600000381469727,14.369999885559082,261400
2026-06-08,12.0600004196167,12.0600004196167,13.0,12.0,12.819999694824219,201700
2026-06-09,12.260000228881836,12.260000228881836,13.069999694824219,11.699999809265137,12.399999618530273,254600
2026-06-10,11.710000038146973,11.710000038146973,12.720000267028809,11.614999771118164,12.029999732971191,190300
2026-06-11,13.069999694824219,13.069999694824219,13.404999732971191,11.550000190734863,11.619999885559082,360800
2026-06-12,13.859999656677246,13.859999656677246,14.3100004196167,12.75,13.029999732971191,195600
2026-06-15,14.010000228881836,14.010000228881836,14.395000457763672,13.510000228881836,13.960000038146973,138900
2026-06-16,13.710000038146973,13.710000038146973,14.23799991607666,13.5,14.130000114440918,118900
2026-06-17,14.199999809265137,14.199999809265137,14.59000015258789,13.50100040435791,13.789999961853027,129600
2026-06-18,14.199999809265137,14.199999809265137,14.479999542236328,13.710000038146973,14.0,263700
2026-06-22,14.75,14.75,15.350000381469727,14.199999809265137,14.25,302300
2026-06-23,15.069999694824219,15.069999694824219,15.40999984741211,14.119999885559082,14.479999542236328,224300
2026-06-24,14.710000038146973,14.710000038146973,15.449999809265137,14.390000343322754,15.15999984741211,225600
2026-06-25,15.069999694824219,15.069999694824219,15.380000114440918,14.449999809265137,14.8100004196167,152100
2026-06-26,15.300000190734863,15.300000190734863,15.84000015258789,14.869999885559082,14.970000267028809,235500
2026-06-29,15.40999984741211,15.40999984741211,15.779999732971191,14.979999542236328,15.199999809265137,358000
2026-06-30,15.369999885559082,15.369999885559082,15.6899995803833,15.270000457763672,15.630000114440918,136300
2026-07-01,14.8100004196167,14.8100004196167,15.420000076293945,14.770000457763672,15.210000038146973,100700
2026-07-02,14.800000190734863,14.800000190734863,15.5,14.5,14.960000038146973,130100
2026-07-06,14.859999656677246,14.859999656677246,15.199999809265137,14.687000274658203,14.779999732971191,87800
2026-07-07,15.359999656677246,15.359999656677246,15.680000305175781,14.470000267028809,14.880000114440918,262700
2026-07-08,14.770000457763672,14.770000457763672,15.4399995803833,14.479999542236328,15.260000228881836,134200
2026-07-09,14.779999732971191,14.779999732971191,15.4399995803833,14.609999656677246,14.9399995803833,122200
2026-07-10,14.770000457763672,14.770000457763672,15.0,14.130000114440918,14.819999694824219,131800
2026-07-13,14.640000343322754,14.640000343322754,14.869999885559082,14.1899995803833,14.739999771118164,251800
2026-07-14,14.6899995803833,14.6899995803833,15.539999961853027,14.539999961853027,14.5600004196167,176200
2026-07-15,15.100000381469727,15.100000381469727,15.25,14.5,14.84000015258789,115400
2026-07-16,15.029999732971191,15.029999732971191,15.15999984741211,14.329999923706055,14.890000343322754,219000
2026-07-17,15.15999984741211,15.15999984741211,15.84000015258789,14.600000381469727,14.800000190734863,214600
2026-07-20,15.0,15.0,15.777999877929688,14.90999984741211,15.119999885559082,105700
2026-07-21,15.149999618530273,15.149999618530273,15.399999618530273,14.920000076293945,15.0,65300
2026-07-22,15.109999656677246,15.109999656677246,15.119999885559082,14.270000457763672,15.100000381469727,191300
2026-07-23,14.539899826049805,14.539899826049805,15.279999732971191,14.300000190734863,14.819999694824219,108753
