Date,Adjusted_Close,Close,High,Low,Open,Volume
2021-07-23,99.13238525390625,109.54000091552734,109.68000030517578,108.19000244140625,108.5999984741211,176400
2021-07-26,100.77944946289062,111.36000061035156,111.48999786376953,109.45999908447266,110.08000183105469,171600
2021-07-27,100.1097640991211,110.62000274658203,111.5999984741211,109.01000213623047,111.19999694824219,168300
2021-07-28,98.61654663085938,108.97000122070312,110.45999908447266,107.6500015258789,110.45999908447266,214300
2021-07-29,99.59391021728516,110.05000305175781,111.37999725341797,109.48999786376953,109.7699966430664,158100
2021-07-30,98.51698303222656,108.86000061035156,110.38999938964844,108.12000274658203,109.0,148200
2021-08-02,97.41289520263672,107.63999938964844,111.0999984741211,107.5999984741211,109.16999816894531,231900
2021-08-03,94.89702606201172,104.86000061035156,107.79000091552734,103.16999816894531,107.79000091552734,397300
2021-08-04,94.04633331298828,103.91999816894531,104.87000274658203,102.11000061035156,104.12999725341797,483600
2021-08-05,91.4942855834961,101.0999984741211,102.45999908447266,98.0,99.37999725341797,796600
2021-08-06,91.76577758789062,101.4000015258789,104.61000061035156,101.12000274658203,101.86000061035156,364400
2021-08-09,90.28160095214844,99.76000213623047,100.94000244140625,98.91000366210938,100.94000244140625,381100
2021-08-10,89.83815002441406,99.2699966430664,100.55000305175781,99.16999816894531,99.80000305175781,349300
2021-08-11,91.75672912597656,101.38999938964844,101.80000305175781,99.22000122070312,100.06999969482422,295000
2021-08-12,92.09156799316406,101.76000213623047,102.43000030517578,100.91999816894531,101.70999908447266,211000
2021-08-13,93.07798767089844,102.8499984741211,103.19000244140625,100.54000091552734,102.0,210600
2021-08-16,93.66624450683594,103.5,103.95999908447266,101.69999694824219,102.2699966430664,234100
2021-08-17,92.25752258300781,101.51000213623047,104.0,101.16999816894531,102.16999816894531,268400
2021-08-18,94.48420715332031,103.95999908447266,104.29000091552734,100.52999877929688,101.51000213623047,473500
2021-08-19,94.10248565673828,103.54000091552734,105.62000274658203,101.13999938964844,103.30000305175781,478100
2021-08-20,93.89346313476562,103.30999755859375,104.70999908447266,101.83000183105469,103.31999969482422,394900
2021-08-23,94.10248565673828,103.54000091552734,104.1500015258789,101.55000305175781,103.80999755859375,329200
2021-08-24,92.94824981689453,102.2699966430664,104.75,102.1500015258789,104.05000305175781,284700
2021-08-25,94.82048034667969,104.33000183105469,104.4000015258789,102.0,102.0,210500
2021-08-26,94.30245208740234,103.76000213623047,104.98999786376953,103.0,104.43000030517578,238000
2021-08-27,97.11079406738281,106.8499984741211,106.94000244140625,103.4000015258789,103.41999816894531,242200
2021-08-30,96.31100463867188,105.97000122070312,107.4000015258789,105.41000366210938,106.91999816894531,300300
2021-08-31,96.30192565917969,105.95999908447266,106.4800033569336,104.05999755859375,105.31999969482422,359000
2021-09-01,96.65635681152344,106.3499984741211,107.98999786376953,105.83999633789062,106.29000091552734,229100
2021-09-02,95.8111343383789,105.41999816894531,106.5,104.87000274658203,106.16000366210938,301800
2021-09-03,95.3294448852539,104.88999938964844,105.52999877929688,104.2699966430664,104.97000122070312,173200
2021-09-07,95.0567855834961,104.58999633789062,105.41000366210938,103.73999786376953,104.58000183105469,271500
2021-09-08,95.20221710205078,104.75,105.52999877929688,103.83000183105469,104.69000244140625,212300
2021-09-09,92.55744171142578,101.83999633789062,104.75,101.30000305175781,104.68000030517578,470700
2021-09-10,91.39410400390625,100.55999755859375,102.37999725341797,100.45999908447266,102.04000091552734,322800
2021-09-13,91.1850814819336,100.33000183105469,101.5199966430664,98.79000091552734,101.23999786376953,239600
2021-09-14,89.5400619506836,98.5199966430664,100.80999755859375,98.19000244140625,100.80999755859375,304200
2021-09-15,91.33958435058594,100.5,101.36000061035156,96.94000244140625,98.37000274658203,401300
2021-09-16,90.539794921875,99.62000274658203,100.91000366210938,99.13999938964844,100.20999908447266,266300
2021-09-17,91.14872741699219,100.29000091552734,100.51000213623047,98.5,99.41000366210938,797700
2021-09-20,88.4676284790039,97.33999633789062,99.61000061035156,96.16999816894531,99.06999969482422,312600
2021-09-21,88.63119506835938,97.5199966430664,98.2300033569336,96.0199966430664,97.75,295700
2021-09-22,91.44864654541016,100.62000274658203,101.12000274658203,97.62000274658203,98.63999938964844,283400
2021-09-23,92.69377136230469,101.98999786376953,102.58999633789062,101.27999877929688,101.27999877929688,245900
2021-09-24,92.92098999023438,102.23999786376953,102.88999938964844,99.87000274658203,101.97000122070312,203100
2021-09-27,94.2115478515625,103.66000366210938,104.19000244140625,102.5199966430664,102.54000091552734,221600
2021-09-28,91.47592163085938,100.6500015258789,103.62999725341797,100.25,103.62999725341797,315200
2021-09-29,90.33075714111328,99.38999938964844,101.5999984741211,99.20999908447266,100.95999908447266,183400
2021-09-30,88.45849609375,97.33000183105469,100.38999938964844,97.30000305175781,99.79000091552734,270400
2021-10-01,90.4398422241211,99.51000213623047,100.51000213623047,97.9800033569336,98.37000274658203,193900
2021-10-04,90.15807342529297,99.19999694824219,100.6500015258789,98.70999908447266,99.0999984741211,201200
2021-10-05,88.23131561279297,97.08000183105469,99.25,97.0,99.02999877929688,290300
2021-10-06,88.69483184814453,97.58999633789062,97.68000030517578,95.5,96.44000244140625,200800
2021-10-07,90.86698913574219,99.9800033569336,100.63999938964844,98.30999755859375,98.30999755859375,217700
2021-10-08,90.03084564208984,99.05999755859375,100.73999786376953,99.0,100.37000274658203,119500
2021-10-11,88.28584289550781,97.13999938964844,100.6500015258789,96.93000030517578,99.52999877929688,334200
2021-10-12,87.38607788085938,96.1500015258789,97.94000244140625,95.83999633789062,97.47000122070312,223100
2021-10-13,87.16796875,95.91000366210938,96.19999694824219,93.11000061035156,95.66000366210938,347500
2021-10-14,90.84880828857422,99.95999908447266,100.05999755859375,95.37000274658203,96.26000213623047,681500
2021-10-15,89.06745910644531,98.0,101.13999938964844,97.5999984741211,101.13999938964844,244400
2021-10-18,88.49488830566406,97.37000274658203,97.88999938964844,96.54000091552734,96.8499984741211,231700
2021-10-19,88.83114624023438,97.73999786376953,97.80000305175781,96.0,97.80000305175781,300500
2021-10-20,91.5577163696289,100.73999786376953,101.94000244140625,95.0,95.58999633789062,564800
2021-10-21,91.09420776367188,100.2300033569336,101.31999969482422,99.13999938964844,100.9800033569336,295100
2021-10-22,90.88516235351562,100.0,101.06999969482422,99.30000305175781,99.97000122070312,246900
2021-10-25,90.63068389892578,99.72000122070312,101.69999694824219,98.81999969482422,100.37999725341797,377400
2021-10-26,90.22169494628906,99.2699966430664,101.43000030517578,99.26000213623047,100.0,189500
2021-10-27,89.78545379638672,98.79000091552734,100.94999694824219,98.69000244140625,99.5,209800
2021-10-28,89.87635040283203,98.88999938964844,100.06999969482422,98.47000122070312,98.79000091552734,143300
2021-10-29,89.93087005615234,98.94999694824219,100.4000015258789,98.37999725341797,98.38999938964844,225200
2021-11-01,90.56705474853516,99.6500015258789,100.72000122070312,98.77999877929688,99.1500015258789,172000
2021-11-02,89.02201080322266,97.94999694824219,99.16999816894531,96.19999694824219,99.16999816894531,234900
2021-11-03,89.07655334472656,98.01000213623047,99.88999938964844,96.87000274658203,97.27999877929688,205000
2021-11-04,90.03084564208984,99.05999755859375,100.0199966430664,98.37000274658203,98.62999725341797,199800
2021-11-05,93.46630096435547,102.83999633789062,103.30999755859375,100.55999755859375,100.55999755859375,318500
2021-11-08,94.229736328125,103.68000030517578,104.66000366210938,102.33000183105469,103.05999755859375,236600
2021-11-09,95.3294448852539,104.88999938964844,105.9800033569336,103.4000015258789,104.13999938964844,255000
2021-11-10,91.99397277832031,101.22000122070312,104.11000061035156,100.58999633789062,103.8499984741211,323900
2021-11-11,91.47592163085938,100.6500015258789,102.0,99.88999938964844,101.22000122070312,157200
2021-11-12,91.5213623046875,100.69999694824219,101.30999755859375,99.95999908447266,100.48999786376953,207400
2021-11-15,91.1578140258789,100.30000305175781,102.05000305175781,100.12999725341797,101.19000244140625,312600
2021-11-16,89.44918060302734,98.41999816894531,100.5999984741211,97.9800033569336,100.08000183105469,490200
2021-11-17,90.53070831298828,99.61000061035156,100.23999786376953,98.22000122070312,98.30999755859375,398200
2021-11-18,88.88568878173828,97.80000305175781,99.56999969482422,95.7699966430664,99.12000274658203,337700
2021-11-19,88.58576202392578,97.47000122070312,98.0999984741211,96.66000366210938,97.20999908447266,284400
2021-11-22,87.07706451416016,95.80999755859375,98.80000305175781,95.29000091552734,98.16999816894531,528500
2021-11-23,84.5232162475586,93.0,93.98999786376953,88.0,89.86000061035156,845500
2021-11-24,81.3149642944336,89.47000122070312,91.30000305175781,88.69000244140625,89.31999969482422,550100
2021-11-26,79.9062271118164,87.91999816894531,88.08999633789062,85.94000244140625,87.37000274658203,484900
2021-11-29,78.21576690673828,86.05999755859375,90.16000366210938,85.66999816894531,88.68000030517578,563300
2021-11-30,75.07113647460938,82.5999984741211,86.30000305175781,81.31999969482422,85.7300033569336,691300
2021-12-01,73.52609252929688,80.9000015258789,86.12999725341797,80.8499984741211,84.48999786376953,492500
2021-12-02,75.62554168701172,83.20999908447266,84.4800033569336,81.23999786376953,81.48999786376953,451300
2021-12-03,76.34354400634766,84.0,84.36000061035156,81.33000183105469,83.20999908447266,600000
2021-12-06,73.20799255371094,80.55000305175781,83.5999984741211,77.12999725341797,83.5999984741211,1494400
2021-12-07,77.47960662841797,85.25,86.06999969482422,82.94999694824219,84.97000122070312,737900
2021-12-08,77.36998748779297,84.69000244140625,85.80000305175781,83.9000015258789,85.02999877929688,407600
2021-12-09,76.68479919433594,83.94000244140625,85.95999908447266,83.94000244140625,84.0,399300
2021-12-10,76.10924530029297,83.30999755859375,84.91999816894531,82.25,84.91999816894531,322000
2021-12-13,72.01646423339844,78.83000183105469,83.3499984741211,78.68000030517578,83.19999694824219,554300
2021-12-14,73.77965545654297,80.76000213623047,81.69000244140625,78.75,78.98999786376953,418700
2021-12-15,75.8717269897461,83.05000305175781,83.0999984741211,77.86000061035156,77.86000061035156,502700
2021-12-16,73.30460357666016,80.23999786376953,84.27999877929688,80.05999755859375,83.98999786376953,447500
2021-12-17,74.01718139648438,81.0199966430664,81.73999786376953,79.0,80.31999969482422,465200
2021-12-20,73.39595794677734,80.33999633789062,80.73999786376953,78.6500015258789,79.29000091552734,308900
2021-12-21,75.8351821899414,83.01000213623047,83.31999969482422,80.72000122070312,80.72000122070312,260500
2021-12-22,77.36082458496094,84.68000030517578,84.68000030517578,82.5,83.0199966430664,280600
2021-12-23,77.52528381347656,84.86000061035156,85.88999938964844,84.16999816894531,84.80000305175781,199400
2021-12-27,77.9181137084961,85.29000091552734,85.3499984741211,83.55999755859375,85.0,372700
2021-12-28,78.77686309814453,86.2300033569336,86.75,84.66999816894531,84.66999816894531,282100
2021-12-29,79.71784210205078,87.26000213623047,87.36000061035156,85.37000274658203,85.8499984741211,227600
2021-12-30,80.1015396118164,87.68000030517578,88.06999969482422,86.58999633789062,86.79000091552734,266500
2021-12-31,79.9188232421875,87.4800033569336,88.86000061035156,87.1500015258789,87.66000366210938,183300
2022-01-03,80.147216796875,87.7300033569336,88.4800033569336,86.30000305175781,87.87000274658203,289000
2022-01-04,80.52176666259766,88.13999938964844,88.83000183105469,87.80000305175781,87.97000122070312,163300
2022-01-05,79.2884750366211,86.79000091552734,89.08000183105469,86.76000213623047,89.01000213623047,284200
2022-01-06,81.9652099609375,89.72000122070312,90.12000274658203,86.51000213623047,86.51000213623047,336300
2022-01-07,81.64546966552734,89.37000274658203,90.87000274658203,89.04000091552734,89.04000091552734,283600
2022-01-10,83.29901885986328,91.18000030517578,91.6500015258789,87.83999633789062,89.5,288100
2022-01-11,83.2259292602539,91.0999984741211,91.81999969482422,90.0,90.8499984741211,241600
2022-01-12,81.13387298583984,88.80999755859375,91.30999755859375,87.69999694824219,90.70999908447266,489400
2022-01-13,81.5084228515625,89.22000122070312,90.63999938964844,88.75,89.7699966430664,277800
2022-01-14,80.42129516601562,88.02999877929688,89.80999755859375,85.73999786376953,89.80999755859375,368200
2022-01-18,80.77755737304688,88.41999816894531,89.44000244140625,87.08000183105469,87.08000183105469,347200
2022-01-19,79.26104736328125,86.76000213623047,88.48999786376953,86.08000183105469,88.30000305175781,259100
2022-01-20,78.12824249267578,85.5199966430664,88.36000061035156,85.48999786376953,86.80999755859375,261400
2022-01-21,77.0136947631836,84.30000305175781,86.83000183105469,84.26000213623047,85.0,282500
2022-01-24,80.3116683959961,87.91000366210938,88.25,83.08000183105469,83.33999633789062,349700
2022-01-25,81.55410766601562,89.2699966430664,90.69000244140625,85.12000274658203,87.47000122070312,356600
2022-01-26,81.93779754638672,89.69000244140625,91.7699966430664,88.66999816894531,89.52999877929688,592400
2022-01-27,81.76422882080078,89.5,94.93000030517578,88.23999786376953,93.73999786376953,1164800
2022-01-28,82.3580551147461,90.1500015258789,90.2699966430664,87.75,89.16000366210938,482900
2022-01-31,83.18025970458984,91.05000305175781,91.87999725341797,89.81999969482422,90.01000213623047,450700
2022-02-01,83.55481719970703,91.45999908447266,92.22000122070312,90.62000274658203,91.20999908447266,504600
2022-02-02,82.43113708496094,90.2300033569336,92.30000305175781,88.80999755859375,91.0999984741211,4978600
2022-02-03,83.1528549194336,91.0199966430664,92.36000061035156,90.0,90.05999755859375,492700
2022-02-04,83.82888793945312,91.76000213623047,92.2300033569336,89.58000183105469,90.33999633789062,305900
2022-02-07,84.81554412841797,92.83999633789062,93.76000213623047,91.62999725341797,92.23999786376953,288900
2022-02-08,86.25897216796875,94.41999816894531,94.75,92.55000305175781,92.91999816894531,246300
2022-02-09,88.46980285644531,96.83999633789062,96.87000274658203,94.66999816894531,94.94000244140625,328200
2022-02-10,85.05306243896484,93.0999984741211,96.80000305175781,92.58000183105469,95.30999755859375,372800
2022-02-11,85.71083068847656,93.81999969482422,95.44000244140625,93.08999633789062,93.4000015258789,334300
2022-02-14,83.64617156982422,91.55999755859375,93.80999755859375,90.86000061035156,93.80999755859375,517300
2022-02-15,83.64617156982422,91.55999755859375,93.0999984741211,91.27999877929688,91.79000091552734,395400
2022-02-16,85.08961486816406,93.13999938964844,93.88999938964844,91.30000305175781,91.30000305175781,271200
2022-02-17,83.01581573486328,90.87000274658203,92.86000061035156,90.41999816894531,92.3499984741211,560300
2022-02-18,82.49507141113281,90.30000305175781,91.70999908447266,89.45999908447266,90.68000030517578,345200
2022-02-22,81.06078338623047,88.7300033569336,92.66999816894531,88.45999908447266,89.8499984741211,754700
2022-02-23,79.2427749633789,86.73999786376953,89.93000030517578,85.97000122070312,87.63999938964844,736800
2022-02-24,78.15565490722656,85.55000305175781,85.98999786376953,82.12999725341797,83.94999694824219,535100
2022-02-25,79.58995056152344,87.12000274658203,87.29000091552734,84.41999816894531,85.30999755859375,368300
2022-02-28,78.81340789794922,86.2699966430664,88.01000213623047,83.27999877929688,83.27999877929688,444500
2022-03-01,76.80354309082031,84.06999969482422,86.43000030517578,82.48999786376953,85.87999725341797,676700
2022-03-02,78.10082244873047,85.48999786376953,85.93000030517578,84.20999908447266,84.30000305175781,468300
2022-03-03,77.05022430419922,84.33999633789062,86.16999816894531,83.51000213623047,85.94999694824219,376900
2022-03-04,73.32286834716797,80.26000213623047,83.56999969482422,79.5,83.43000030517578,426600
2022-03-07,72.32707977294922,79.16999816894531,80.55999755859375,76.5,80.0,782200
2022-03-08,74.74320220947266,81.36000061035156,83.55000305175781,77.33999633789062,79.08000183105469,507400
2022-03-09,75.41383361816406,82.08999633789062,84.30000305175781,81.68000030517578,82.73999786376953,452300
2022-03-10,75.63429260253906,82.33000183105469,83.76000213623047,80.75,81.12000274658203,289900
2022-03-11,75.1382064819336,81.79000091552734,83.20999908447266,81.69000244140625,82.37999725341797,218200
2022-03-14,75.34033966064453,82.01000213623047,83.37999725341797,81.30999755859375,82.30000305175781,312000
2022-03-15,78.02285766601562,84.93000030517578,85.47000122070312,81.86000061035156,81.86000061035156,349500
2022-03-16,81.55055236816406,88.7699966430664,88.91999816894531,85.1500015258789,85.79000091552734,484300
2022-03-17,84.60054016113281,92.08999633789062,92.16999816894531,87.63999938964844,88.06999969482422,497100
2022-03-18,83.61756896972656,91.0199966430664,92.0,89.36000061035156,91.16000366210938,785000
2022-03-21,80.42977142333984,87.55000305175781,90.98999786376953,86.86000061035156,88.83000183105469,337300
2022-03-22,81.76184844970703,89.0,89.66999816894531,87.76000213623047,87.9800033569336,263700
2022-03-23,81.43112182617188,88.63999938964844,89.86000061035156,87.87000274658203,89.0,293100
2022-03-24,82.51516723632812,89.81999969482422,89.81999969482422,87.41999816894531,88.63999938964844,257800
2022-03-25,82.27630615234375,89.55999755859375,90.33999633789062,88.23999786376953,90.1500015258789,232500
2022-03-28,81.82616424560547,89.06999969482422,90.16000366210938,88.51000213623047,89.62000274658203,218200
2022-03-29,82.97450256347656,90.31999969482422,91.23999786376953,89.26000213623047,90.01000213623047,429100
2022-03-30,82.81832885742188,90.1500015258789,92.37999725341797,89.7300033569336,90.08000183105469,390800
2022-03-31,85.81320190429688,93.41000366210938,94.68000030517578,90.44999694824219,90.4800033569336,487500
2022-04-01,82.81832885742188,90.1500015258789,93.62000274658203,89.44000244140625,93.26000213623047,418500
2022-04-04,84.57298278808594,92.05999755859375,92.68000030517578,89.41999816894531,89.69999694824219,527600
2022-04-05,84.324951171875,91.79000091552734,92.04000091552734,89.91999816894531,91.86000061035156,369600
2022-04-06,82.30386352539062,89.58999633789062,91.5,87.7300033569336,91.5,375200
2022-04-07,80.86154174804688,88.0199966430664,89.69000244140625,86.73999786376953,89.66999816894531,461100
2022-04-08,82.43248748779297,89.7300033569336,90.69999694824219,87.11000061035156,87.88999938964844,387400
2022-04-11,83.59919738769531,91.0,91.36000061035156,89.61000061035156,89.61000061035156,348800
2022-04-12,82.6437759399414,89.95999908447266,92.04000091552734,89.4000015258789,90.41999816894531,354800
2022-04-13,84.14120483398438,91.58999633789062,92.62999725341797,90.0,90.0,325500
2022-04-14,84.51786804199219,92.0,93.12000274658203,91.3499984741211,91.68000030517578,232900
2022-04-18,83.34197235107422,90.72000122070312,92.37000274658203,90.37000274658203,91.81999969482422,255300
2022-04-19,83.51651000976562,90.91000366210938,92.20999908447266,90.29000091552734,90.44999694824219,219900
2022-04-20,84.01258087158203,91.44999694824219,92.36000061035156,91.11000061035156,91.55000305175781,195100
2022-04-21,83.16741180419922,90.52999877929688,92.12000274658203,90.18000030517578,91.87000274658203,211400
2022-04-22,78.7945327758789,85.7699966430664,90.04000091552734,85.7699966430664,90.04000091552734,278700
2022-04-25,80.81562042236328,87.97000122070312,88.25,84.87999725341797,85.19000244140625,373100
2022-04-26,77.3062973022461,84.1500015258789,87.23999786376953,84.12999725341797,87.22000122070312,256300
2022-04-27,77.27873229980469,84.12000274658203,84.94999694824219,82.51000213623047,83.75,318000
2022-04-28,77.91261291503906,84.80999755859375,85.91000366210938,83.48999786376953,85.33999633789062,215000
2022-04-29,76.02934265136719,82.76000213623047,85.30000305175781,82.37000274658203,84.69000244140625,319400
2022-05-02,75.82722473144531,82.54000091552734,83.88999938964844,81.33999633789062,82.55000305175781,297700
2022-05-03,74.79830932617188,81.41999816894531,83.44000244140625,80.62000274658203,82.95999908447266,257100
2022-05-04,75.75373840332031,82.45999908447266,82.69000244140625,79.36000061035156,81.41000366210938,412700
2022-05-05,75.52406311035156,82.20999908447266,82.33000183105469,80.02999877929688,81.25,338900
2022-05-06,75.21172332763672,81.87000274658203,83.47000122070312,80.3499984741211,82.11000061035156,334200
2022-05-09,75.23926544189453,81.9000015258789,82.80999755859375,80.80000305175781,81.7699966430664,432800
2022-05-10,76.5621566772461,83.33999633789062,83.95999908447266,80.69000244140625,82.4800033569336,342300
2022-05-11,72.49243927001953,78.91000366210938,83.5999984741211,78.5999984741211,83.0199966430664,564200
2022-05-12,71.59214782714844,77.93000030517578,80.5,76.4000015258789,78.25,776800
2022-05-13,71.4910888671875,77.81999969482422,79.93000030517578,77.31999969482422,78.58999633789062,576300
2022-05-16,71.58296203613281,77.91999816894531,78.79000091552734,77.06999969482422,77.81999969482422,450600
2022-05-17,72.54756927490234,78.97000122070312,79.05999755859375,77.41999816894531,79.05999755859375,431300
2022-05-18,67.57754516601562,73.55999755859375,77.94000244140625,72.91000366210938,77.56999969482422,634300
2022-05-19,67.09064483642578,73.02999877929688,73.72000122070312,71.19000244140625,73.0,505500
2022-05-20,65.39110565185547,71.18000030517578,73.97000122070312,69.66000366210938,73.58000183105469,380200
2022-05-23,65.87800598144531,71.70999908447266,72.05999755859375,68.68000030517578,72.05999755859375,503700
2022-05-24,62.96581268310547,68.54000091552734,71.11000061035156,68.29000091552734,70.63999938964844,563900
2022-05-25,65.17062377929688,70.94000244140625,72.30000305175781,69.0,69.16000366210938,938300
2022-05-26,63.26898193359375,68.87000274658203,73.88999938964844,65.0,65.05000305175781,1144700
2022-05-27,61.58780288696289,67.04000091552734,69.80000305175781,65.66999816894531,68.55000305175781,926900
2022-05-31,62.745338439941406,68.30000305175781,69.19000244140625,66.56999969482422,67.94000244140625,797400
2022-06-01,62.20331954956055,67.70999908447266,68.97000122070312,65.87999725341797,68.12000274658203,555000
2022-06-02,61.918521881103516,67.4000015258789,68.41999816894531,66.06999969482422,67.12000274658203,640700
2022-06-03,64.60104370117188,70.31999969482422,70.80999755859375,67.13999938964844,67.4800033569336,590300
2022-06-06,64.23126220703125,69.4800033569336,70.2300033569336,68.19000244140625,70.2300033569336,534300
2022-06-07,65.20194244384766,70.52999877929688,70.56999969482422,68.08999633789062,69.1500015258789,578100
2022-06-08,65.53475189208984,70.88999938964844,71.75,69.54000091552734,70.62999725341797,341100
2022-06-09,66.2835464477539,71.69999694824219,72.12000274658203,70.0,70.55000305175781,304300
2022-06-10,63.87071990966797,69.08999633789062,71.75,67.83000183105469,71.68000030517578,404400
2022-06-13,60.6998405456543,65.66000366210938,68.01000213623047,65.18000030517578,67.69999694824219,420500
2022-06-14,57.612152099609375,62.31999969482422,67.5,61.790000915527344,65.56999969482422,630400
2022-06-15,56.92805862426758,61.58000183105469,63.560001373291016,60.86000061035156,62.72999954223633,590100
2022-06-16,53.37814712524414,57.7400016784668,60.689998626708984,57.040000915527344,60.290000915527344,646500
2022-06-17,55.31025695800781,59.83000183105469,60.0,57.349998474121094,57.83000183105469,521400
2022-06-21,55.46741485595703,60.0,61.869998931884766,59.720001220703125,60.61000061035156,361300
2022-06-22,52.740264892578125,57.04999923706055,59.27000045776367,56.52000045776367,57.75,577600
2022-06-23,54.524471282958984,58.97999954223633,59.08000183105469,56.029998779296875,57.41999816894531,348300
2022-06-24,54.77407455444336,59.25,60.33000183105469,58.2400016784668,58.689998626708984,405500
2022-06-27,54.91273880004883,59.400001525878906,60.380001068115234,58.86000061035156,59.88999938964844,371600
2022-06-28,52.86969757080078,57.189998626708984,60.38999938964844,57.15999984741211,59.529998779296875,262500
2022-06-29,52.22256851196289,56.4900016784668,57.68000030517578,55.279998779296875,57.189998626708984,468800
2022-06-30,51.82505416870117,56.060001373291016,56.849998474121094,54.79999923706055,55.7599983215332,399000
2022-07-01,53.461341857910156,57.83000183105469,57.900001525878906,55.880001068115234,56.16999816894531,308300
2022-07-05,55.58759689331055,60.130001068115234,60.13999938964844,56.31999969482422,57.2400016784668,428400
2022-07-06,54.376556396484375,58.81999969482422,60.880001068115234,58.38999938964844,59.970001220703125,395800
2022-07-07,55.95737075805664,60.529998779296875,60.58000183105469,58.61000061035156,59.09000015258789,329600
2022-07-08,55.0883903503418,59.59000015258789,61.18000030517578,58.81999969482422,60.0,1082200
2022-07-11,54.441261291503906,58.88999938964844,60.060001373291016,58.29999923706055,59.5,295000
2022-07-12,55.07913589477539,59.58000183105469,60.560001373291016,59.08000183105469,59.08000183105469,263000
2022-07-13,56.49356460571289,61.11000061035156,61.18000030517578,58.16999816894531,58.70000076293945,270800
2022-07-14,56.05906677246094,60.63999938964844,61.58000183105469,59.869998931884766,60.119998931884766,328200
2022-07-15,57.09445571899414,61.7599983215332,62.630001068115234,60.65999984741211,61.61000061035156,293300
2022-07-18,58.592079162597656,63.380001068115234,63.61000061035156,61.220001220703125,61.63999938964844,356100
2022-07-19,61.43940734863281,66.45999908447266,66.62999725341797,63.029998779296875,63.70000076293945,368800
2022-07-20,61.4209098815918,66.44000244140625,68.0999984741211,65.87999725341797,66.06999969482422,319900
2022-07-21,60.47795867919922,65.41999816894531,66.41999816894531,64.66000366210938,66.0,281400
2022-07-22,60.79228591918945,65.76000213623047,65.94999694824219,64.70999908447266,65.41999816894531,269300
2022-07-25,58.85092544555664,63.65999984741211,65.77999877929688,63.0,65.51000213623047,262500
2022-07-26,57.85251235961914,62.58000183105469,63.880001068115234,62.38999938964844,62.939998626708984,321600
2022-07-27,59.82160186767578,64.70999908447266,64.88999938964844,62.79999923706055,63.27000045776367,341200
2022-07-28,63.944679260253906,69.16999816894531,69.54000091552734,64.30000305175781,64.70999908447266,546900
2022-07-29,63.916954040527344,69.13999938964844,70.19000244140625,66.87000274658203,68.63999938964844,422200
2022-08-01,64.76746368408203,70.05999755859375,70.1500015258789,67.43000030517578,68.43000030517578,307300
2022-08-02,65.42381286621094,70.7699966430664,71.05000305175781,68.94000244140625,69.52999877929688,347700
2022-08-03,68.20643615722656,73.77999877929688,73.86000061035156,70.77999877929688,71.0999984741211,313000
2022-08-04,68.23416137695312,73.80999755859375,74.48999786376953,72.54000091552734,73.72000122070312,292200
2022-08-05,68.61319732666016,74.22000122070312,74.4800033569336,73.0,73.1500015258789,306000
2022-08-08,70.73942565917969,76.5199966430664,77.41000366210938,74.0999984741211,74.12000274658203,607200
2022-08-09,69.77801513671875,75.4800033569336,77.02999877929688,75.11000061035156,76.66999816894531,443400
2022-08-10,74.96419525146484,81.08999633789062,82.04000091552734,74.62999725341797,75.0,655900
2022-08-11,78.49563598632812,84.91000366210938,85.02999877929688,81.22000122070312,81.75,523200
2022-08-12,81.04713439941406,87.66999816894531,87.76000213623047,84.62999725341797,85.05999755859375,755500
2022-08-15,82.18421936035156,88.9000015258789,91.5999984741211,87.29000091552734,87.29000091552734,931100
2022-08-16,85.6694107055664,92.66999816894531,92.98999786376953,88.52999877929688,88.52999877929688,893800
2022-08-17,84.47686767578125,91.37999725341797,93.6500015258789,90.44000244140625,91.44000244140625,1089900
2022-08-18,86.15937805175781,93.19999694824219,93.72000122070312,91.33999633789062,91.41999816894531,421400
2022-08-19,84.47686767578125,91.37999725341797,93.4000015258789,91.11000061035156,92.5199966430664,454700
2022-08-22,81.80517578125,88.48999786376953,90.87999725341797,88.12000274658203,90.37000274658203,397100
2022-08-23,80.99690246582031,87.18000030517578,89.91000366210938,87.0199966430664,88.13999938964844,400100
2022-08-24,83.78412628173828,90.18000030517578,90.87000274658203,86.0,86.38999938964844,358900
2022-08-25,85.32638549804688,91.83999633789062,92.62999725341797,90.5999984741211,90.97000122070312,347000
2022-08-26,80.94115447998047,87.12000274658203,91.83999633789062,87.01000213623047,91.47000122070312,252600
2022-08-29,81.73088073730469,87.97000122070312,88.08000183105469,85.77999877929688,86.55000305175781,307600
2022-08-30,73.83372497558594,79.47000122070312,87.05000305175781,78.19000244140625,87.05000305175781,1075300
2022-08-31,74.19605255126953,79.86000061035156,81.41000366210938,79.44999694824219,80.22000122070312,449600
2022-09-01,74.32613372802734,80.0,80.11000061035156,78.45999908447266,79.1500015258789,379200
2022-09-02,75.0322265625,80.76000213623047,81.93000030517578,79.26000213623047,81.20999908447266,235700
2022-09-06,68.62161254882812,73.86000061035156,80.69999694824219,73.75,80.18000030517578,782300
2022-09-07,71.40882873535156,76.86000061035156,77.54000091552734,73.62000274658203,73.79000091552734,1002800
2022-09-08,73.83372497558594,79.47000122070312,79.55000305175781,76.02999877929688,76.33999633789062,568900
2022-09-09,75.9427261352539,81.73999786376953,82.55999755859375,79.36000061035156,79.9000015258789,354000
2022-09-12,79.28739929199219,85.33999633789062,86.19999694824219,83.93000030517578,84.44000244140625,509500
2022-09-13,78.83214569091797,84.8499984741211,85.3499984741211,82.51000213623047,83.30000305175781,388800
2022-09-14,78.65562438964844,84.66000366210938,86.77999877929688,83.80999755859375,85.22000122070312,271100
2022-09-15,78.07960510253906,84.04000091552734,85.72000122070312,83.29000091552734,84.37000274658203,254700
2022-09-16,78.14463806152344,84.11000061035156,84.36000061035156,82.79000091552734,83.20999908447266,346300
2022-09-19,78.51626586914062,84.51000213623047,85.2300033569336,82.62999725341797,82.62999725341797,175600
2022-09-20,78.81356048583984,84.83000183105469,85.83000183105469,83.87999725341797,84.22000122070312,225600
2022-09-21,75.93341827392578,81.7300033569336,84.76000213623047,81.7300033569336,83.97000122070312,381800
2022-09-22,72.8581771850586,78.41999816894531,81.68000030517578,77.87999725341797,81.68000030517578,394400
2022-09-23,69.86656188964844,75.19999694824219,78.26000213623047,74.83999633789062,77.2300033569336,471900
2022-09-26,70.10811614990234,75.45999908447266,77.45999908447266,75.2300033569336,75.41000366210938,302100
2022-09-27,69.65286254882812,74.97000122070312,77.56999969482422,73.9800033569336,76.26000213623047,347800
2022-09-28,72.4029312133789,77.93000030517578,78.37999725341797,75.44999694824219,75.56999969482422,309900
2022-09-29,69.2162094116211,74.5,76.9000015258789,73.4800033569336,76.54000091552734,269600
2022-09-30,68.81669616699219,74.06999969482422,76.4800033569336,73.62000274658203,74.2699966430664,322100
2022-10-03,67.47883605957031,72.62999725341797,75.11000061035156,72.02999877929688,75.11000061035156,416000
2022-10-04,71.65967559814453,77.12999725341797,77.41000366210938,73.75,73.75,363900
2022-10-05,72.18923950195312,77.69999694824219,78.04000091552734,75.51000213623047,75.68000030517578,289700
2022-10-06,70.05238342285156,75.4000015258789,78.80999755859375,75.29000091552734,77.19999694824219,162600
2022-10-07,69.44847869873047,74.75,75.04000091552734,73.12999725341797,74.95999908447266,252500
2022-10-10,69.65286254882812,74.97000122070312,76.30999755859375,73.18000030517578,75.05000305175781,311300
2022-10-11,68.39860534667969,73.62000274658203,74.66999816894531,70.2699966430664,74.18000030517578,453900
2022-10-12,70.83280181884766,76.23999786376953,76.91999816894531,72.5199966430664,73.7300033569336,409200
2022-10-13,74.21463012695312,79.87999725341797,80.66000366210938,73.94999694824219,74.7300033569336,483600
2022-10-14,72.77457427978516,78.33000183105469,80.55000305175781,77.68000030517578,79.88999938964844,255800
2022-10-17,74.186767578125,79.8499984741211,81.68000030517578,79.63999938964844,79.80000305175781,335300
2022-10-18,77.3270492553711,83.2300033569336,83.58000183105469,81.23999786376953,81.23999786376953,266100
2022-10-19,76.10995483398438,81.91999816894531,83.55000305175781,80.70999908447266,81.7300033569336,192100
2022-10-20,74.89286804199219,80.61000061035156,83.41999816894531,79.94000244140625,81.47000122070312,233300
2022-10-21,76.46300506591797,82.30000305175781,83.1500015258789,80.52999877929688,81.26000213623047,239900
2022-10-24,77.19697570800781,83.08999633789062,83.58000183105469,81.62999725341797,82.56999969482422,164700
2022-10-25,79.78910064697266,85.87999725341797,86.51000213623047,82.93000030517578,82.93000030517578,216700
2022-10-26,79.9191665649414,86.0199966430664,89.55000305175781,85.8499984741211,86.73999786376953,320600
2022-10-27,79.28739929199219,85.33999633789062,87.7699966430664,84.97000122070312,86.70999908447266,262000
2022-10-28,82.22328186035156,88.5,88.87999725341797,85.37000274658203,85.76000213623047,321700
2022-10-31,81.97242736816406,88.2300033569336,89.16999816894531,87.66999816894531,88.5,225600
2022-11-01,82.08391571044922,88.3499984741211,89.36000061035156,87.61000061035156,89.0,177500
2022-11-02,80.11427307128906,86.2300033569336,89.62999725341797,86.05000305175781,87.97000122070312,228600
2022-11-03,78.46051025390625,84.44999694824219,86.83999633789062,83.97000122070312,85.6500015258789,291800
2022-11-04,80.23506927490234,86.36000061035156,87.12999725341797,84.37999725341797,86.01000213623047,226500
2022-11-07,79.96561431884766,86.06999969482422,87.36000061035156,85.52999877929688,86.7300033569336,302600
2022-11-08,77.61505126953125,83.54000091552734,86.1500015258789,83.19000244140625,85.02999877929688,213400
2022-11-09,76.49088287353516,82.33000183105469,83.83999633789062,82.05999755859375,82.80999755859375,173800
2022-11-10,81.23844909667969,87.44000244140625,89.9000015258789,83.97000122070312,85.54000091552734,461000
2022-11-11,78.98078918457031,85.01000213623047,87.94999694824219,83.16999816894531,87.91000366210938,420400
2022-11-14,78.73924255371094,84.75,86.19000244140625,83.5,84.9000015258789,274100
2022-11-15,81.24773406982422,87.44999694824219,88.36000061035156,84.95999908447266,86.19999694824219,342400
2022-11-16,80.0027847290039,86.11000061035156,87.0,85.37000274658203,86.52999877929688,179400
2022-11-17,79.3431396484375,85.4000015258789,86.01000213623047,83.72000122070312,84.75,148600
2022-11-18,79.3431396484375,85.4000015258789,87.30000305175781,84.19999694824219,87.23999786376953,279700
2022-11-21,78.92504119873047,84.94999694824219,86.11000061035156,84.61000061035156,85.55000305175781,353000
2022-11-22,66.18740844726562,71.23999786376953,79.01000213623047,69.01000213623047,79.01000213623047,1778200
2022-11-23,66.84705352783203,71.94999694824219,73.55999755859375,70.47000122070312,71.05000305175781,931700
2022-11-25,67.35806274414062,72.5,73.11000061035156,71.33999633789062,71.87999725341797,374400
2022-11-28,67.35806274414062,72.5,73.47000122070312,71.2300033569336,72.55000305175781,755000
2022-11-29,67.39521789550781,72.54000091552734,73.2699966430664,72.16999816894531,72.80999755859375,338700
2022-11-30,67.17224884033203,72.30000305175781,72.72000122070312,71.3499984741211,72.23999786376953,394900
2022-12-01,65.5835189819336,70.58999633789062,72.7699966430664,70.58000183105469,72.73999786376953,311600
2022-12-02,64.94245147705078,69.9000015258789,70.61000061035156,69.2300033569336,69.83000183105469,361800
2022-12-05,64.78450775146484,69.7300033569336,69.87999725341797,68.13999938964844,69.87000274658203,451600
2022-12-06,64.13002014160156,68.58999633789062,69.52999877929688,68.36000061035156,69.11000061035156,214300
2022-12-07,63.42879104614258,67.83999633789062,69.31999969482422,67.5,68.38999938964844,224700
2022-12-08,65.07435607910156,69.5999984741211,69.6500015258789,67.87000274658203,68.16999816894531,236400
2022-12-09,65.19589233398438,69.7300033569336,70.31999969482422,69.18000030517578,69.5,276100
2022-12-12,64.99955749511719,69.5199966430664,69.63999938964844,68.55000305175781,69.55999755859375,267100
2022-12-13,61.811283111572266,66.11000061035156,70.37000274658203,65.81999969482422,69.91000366210938,549100
2022-12-14,64.43856811523438,68.91999816894531,69.11000061035156,66.33999633789062,66.33999633789062,464900
2022-12-15,64.82191467285156,69.33000183105469,69.47000122070312,67.48999786376953,68.08000183105469,456100
2022-12-16,64.6816635131836,69.18000030517578,69.58999633789062,67.27999877929688,68.30999755859375,662600
2022-12-19,62.99869918823242,67.37999725341797,69.20999908447266,67.36000061035156,69.20999908447266,330700
2022-12-20,63.07350158691406,67.45999908447266,68.66000366210938,66.70999908447266,67.05999755859375,344200
2022-12-21,63.05479431152344,67.44000244140625,67.91000366210938,66.19999694824219,66.20999908447266,293700
2022-12-22,63.297889709472656,67.69999694824219,68.81999969482422,66.61000061035156,67.33000183105469,455100
2022-12-23,63.42879104614258,67.83999633789062,68.55000305175781,67.33999633789062,67.94000244140625,240900
2022-12-27,63.17635726928711,67.56999969482422,68.19999694824219,65.72000122070312,67.70999908447266,250300
2022-12-28,62.44707107543945,66.79000091552734,68.16000366210938,66.16999816894531,67.75,220400
2022-12-29,64.51337432861328,69.0,69.3499984741211,67.31999969482422,67.48999786376953,231400
2022-12-30,63.793434143066406,68.2300033569336,68.98999786376953,67.54000091552734,68.7699966430664,259600
2023-01-03,63.307254791259766,67.70999908447266,69.58999633789062,66.5199966430664,69.0,380000
2023-01-04,63.989776611328125,68.44000244140625,69.58999633789062,68.11000061035156,68.13999938964844,382600
2023-01-05,63.484893798828125,67.9000015258789,68.54000091552734,67.16999816894531,68.26000213623047,278500
2023-01-06,65.52315521240234,70.08000183105469,70.81999969482422,67.58999633789062,68.12000274658203,402700
2023-01-09,68.35612487792969,73.11000061035156,73.38999938964844,70.0,70.58000183105469,667900
2023-01-10,71.66593933105469,76.6500015258789,77.97000122070312,73.12000274658203,73.37999725341797,673600
2023-01-11,71.15169525146484,76.0999984741211,78.31999969482422,74.83999633789062,76.80999755859375,422600
2023-01-12,71.68463134765625,76.66999816894531,78.44000244140625,76.2699966430664,77.2300033569336,306200
2023-01-13,71.0020980834961,75.94000244140625,77.38999938964844,75.76000213623047,76.0,355700
2023-01-17,71.48829650878906,76.45999908447266,77.22000122070312,75.55999755859375,75.55999755859375,287900
2023-01-18,68.67401123046875,73.44999694824219,77.37999725341797,73.41999816894531,76.5,226000
2023-01-19,67.25284576416016,71.93000030517578,74.77999877929688,71.88999938964844,74.43000030517578,477800
2023-01-20,69.8520736694336,74.70999908447266,74.76000213623047,71.72000122070312,72.69999694824219,308400
2023-01-23,69.7398681640625,74.58999633789062,75.02999877929688,72.94000244140625,74.9800033569336,398500
2023-01-24,69.20693969726562,74.0199966430664,74.80000305175781,73.58000183105469,74.68000030517578,283700
2023-01-25,69.880126953125,74.73999786376953,74.9000015258789,72.26000213623047,73.62999725341797,320600
2023-01-26,69.99232482910156,74.86000061035156,75.81999969482422,73.2300033569336,75.4000015258789,371800
2023-01-27,70.64680480957031,75.55999755859375,75.72000122070312,74.2699966430664,74.88999938964844,308800
2023-01-30,70.76835632324219,75.69000244140625,75.73999786376953,73.97000122070312,75.05999755859375,256700
2023-01-31,71.03951263427734,75.9800033569336,76.36000061035156,75.04000091552734,75.62000274658203,306000
2023-02-01,71.03951263427734,75.9800033569336,76.75,74.76000213623047,75.88999938964844,257900
2023-02-02,74.19036102294922,79.3499984741211,79.51000213623047,75.8499984741211,75.9800033569336,355500
2023-02-03,73.16190338134766,78.25,78.8499984741211,77.16999816894531,78.70999908447266,240300
2023-02-06,73.62939453125,78.75,78.95999908447266,77.33999633789062,78.06999969482422,240900
2023-02-07,73.63874053955078,78.76000213623047,78.76000213623047,77.30999755859375,78.30999755859375,267600
2023-02-08,73.19930267333984,78.29000091552734,78.43000030517578,77.26000213623047,78.38999938964844,194300
2023-02-09,70.65615844726562,75.56999969482422,78.98999786376953,75.55999755859375,78.98999786376953,223100
2023-02-10,72.8907470703125,77.95999908447266,79.01000213623047,75.4800033569336,75.4800033569336,392100
2023-02-13,73.6106948852539,78.7300033569336,78.91000366210938,77.61000061035156,78.06999969482422,219000
2023-02-14,74.67655181884766,79.87000274658203,80.58000183105469,78.12000274658203,78.66999816894531,358800
2023-02-15,75.12535095214844,80.3499984741211,80.41999816894531,78.66000366210938,79.5199966430664,202000
2023-02-16,76.22863006591797,81.52999877929688,81.86000061035156,79.81999969482422,79.88999938964844,251700
2023-02-17,76.23797607421875,81.54000091552734,82.3499984741211,80.4000015258789,81.76000213623047,270600
2023-02-21,74.34931945800781,79.5199966430664,81.81999969482422,79.04000091552734,80.87999725341797,274200
2023-02-22,75.52738189697266,80.77999877929688,80.83999633789062,78.80000305175781,79.63999938964844,321300
2023-02-23,73.83507537841797,78.97000122070312,81.0999984741211,78.36000061035156,80.86000061035156,272900
2023-02-24,73.6574478149414,78.77999877929688,79.41999816894531,77.80000305175781,78.19999694824219,434100
2023-02-27,72.69440460205078,77.75,79.38999938964844,77.73999786376953,79.05000305175781,487600
2023-02-28,73.30213928222656,78.4000015258789,80.19000244140625,77.8499984741211,78.04000091552734,535300
2023-03-01,79.57583618164062,85.11000061035156,87.19999694824219,81.0,82.75,1044100
2023-03-02,82.13766479492188,87.8499984741211,88.88999938964844,84.5999984741211,86.0199966430664,669000
2023-03-03,81.77304077148438,87.45999908447266,88.0999984741211,86.0,87.86000061035156,422200
2023-03-06,81.604736328125,87.27999877929688,87.33999633789062,86.27999877929688,87.27999877929688,332000
2023-03-07,80.9876480102539,86.62000274658203,88.41000366210938,85.91999816894531,87.54000091552734,355400
2023-03-08,80.33316802978516,85.91999816894531,86.69999694824219,84.8499984741211,86.41999816894531,283900
2023-03-09,77.2197036743164,82.58999633789062,86.31999969482422,82.54000091552734,85.97000122070312,401100
2023-03-10,75.57413482666016,80.83000183105469,83.5,80.5999984741211,82.25,299500
2023-03-13,72.94685363769531,78.0199966430664,80.4800033569336,77.73999786376953,79.75,585400
2023-03-14,75.36336517333984,80.1500015258789,81.22000122070312,79.12000274658203,80.04000091552734,337300
2023-03-15,75.4479751586914,80.23999786376953,80.33999633789062,78.12999725341797,78.51000213623047,333100
2023-03-16,75.96515655517578,80.79000091552734,81.8499984741211,78.48999786376953,79.31999969482422,355200
2023-03-17,76.17201232910156,81.01000213623047,81.7300033569336,80.08000183105469,80.44000244140625,615600
2023-03-20,79.00224304199219,84.0199966430664,84.20999908447266,81.27999877929688,81.27999877929688,499100
2023-03-21,78.66374969482422,83.66000366210938,85.0199966430664,83.45999908447266,84.7699966430664,286100
2023-03-22,79.25611877441406,84.29000091552734,85.6500015258789,82.81999969482422,83.69999694824219,497900
2023-03-23,78.42868041992188,83.41000366210938,85.38999938964844,81.33000183105469,84.68000030517578,349000
2023-03-24,78.5603256225586,83.55000305175781,84.4000015258789,82.48999786376953,83.04000091552734,315800
2023-03-27,78.98345184326172,84.0,84.88999938964844,83.8499984741211,83.88999938964844,362100
2023-03-28,80.08357238769531,85.16999816894531,85.80000305175781,83.83000183105469,83.83000183105469,240000
2023-03-29,79.16209411621094,84.19000244140625,85.5199966430664,83.61000061035156,85.4000015258789,459900
2023-03-30,79.69805908203125,84.76000213623047,85.54000091552734,84.36000061035156,84.98999786376953,211800
2023-03-31,82.35904693603516,87.58999633789062,87.73999786376953,85.86000061035156,85.95999908447266,463000
2023-04-03,84.13616943359375,89.4800033569336,89.72000122070312,87.33999633789062,88.18000030517578,395500
2023-04-04,82.9043960571289,88.16999816894531,89.5999984741211,86.94999694824219,89.52999877929688,282400
2023-04-05,82.00173950195312,87.20999908447266,88.19000244140625,86.97000122070312,87.62000274658203,170900
2023-04-06,81.80428314208984,87.0,87.31999969482422,85.9000015258789,87.31999969482422,231200
2023-04-10,82.03933715820312,87.25,88.05000305175781,86.23999786376953,86.3499984741211,307400
2023-04-11,83.05485534667969,88.33000183105469,88.56999969482422,87.11000061035156,87.11000061035156,262900
2023-04-12,82.03933715820312,87.25,88.95999908447266,87.20999908447266,88.58000183105469,198200
2023-04-13,82.06755065917969,87.27999877929688,88.56999969482422,87.2300033569336,87.51000213623047,185800
2023-04-14,82.22740936279297,87.44999694824219,89.33000183105469,87.0,87.70999908447266,299500
2023-04-17,83.03604888916016,88.30999755859375,88.37000274658203,86.62999725341797,87.98999786376953,215400
2023-04-18,82.95142364501953,88.22000122070312,89.36000061035156,87.62999725341797,88.86000061035156,258300
2023-04-19,81.35294342041016,86.5199966430664,88.08999633789062,86.08999633789062,88.08999633789062,305900
2023-04-20,84.15497589111328,89.5,89.56999969482422,86.08000183105469,86.0999984741211,264700
2023-04-21,84.963623046875,90.36000061035156,90.66999816894531,88.54000091552734,89.26000213623047,308700
2023-04-24,85.89449310302734,91.3499984741211,91.45999908447266,89.77999877929688,90.05000305175781,218900
2023-04-25,84.53109741210938,89.9000015258789,91.66000366210938,89.1500015258789,91.08999633789062,247800
2023-04-26,84.45586395263672,89.81999969482422,90.91000366210938,88.94999694824219,89.52999877929688,265600
2023-04-27,86.81596374511719,92.33000183105469,92.6500015258789,89.86000061035156,90.16000366210938,379900
2023-04-28,87.15447998046875,92.69000244140625,92.7699966430664,91.58000183105469,91.83000183105469,285300
2023-05-01,88.46145629882812,94.08000183105469,94.51000213623047,92.25,92.7300033569336,214500
2023-05-02,87.86907958984375,93.44999694824219,93.93000030517578,91.52999877929688,93.83999633789062,385000
2023-05-03,86.0825424194336,91.55000305175781,93.83999633789062,91.29000091552734,93.27999877929688,332500
2023-05-04,87.38953399658203,92.94000244140625,93.68000030517578,91.36000061035156,91.66000366210938,391000
2023-05-05,87.23908996582031,92.77999877929688,94.93000030517578,92.69999694824219,93.83999633789062,389100
2023-05-08,86.77835083007812,92.29000091552734,94.05000305175781,92.08000183105469,93.58999633789062,359500
2023-05-09,87.0792465209961,92.61000061035156,94.27999877929688,91.62000274658203,92.06999969482422,455300
2023-05-10,89.39232635498047,95.06999969482422,96.08999633789062,93.30999755859375,93.30999755859375,357200
2023-05-11,89.01622772216797,94.66999816894531,95.44999694824219,93.41999816894531,94.76000213623047,275600
2023-05-12,89.4393539428711,95.12000274658203,95.94999694824219,94.11000061035156,94.7300033569336,223100
2023-05-15,90.0599365234375,95.77999877929688,96.5999984741211,94.69000244140625,95.62999725341797,447800
2023-05-16,89.58979034423828,95.27999877929688,96.18000030517578,94.6500015258789,95.56999969482422,548100
2023-05-17,89.85306549072266,95.55999755859375,97.98999786376953,91.5199966430664,97.98999786376953,938800
2023-05-18,89.13845825195312,94.80000305175781,96.33999633789062,93.69000244140625,95.73999786376953,699400
2023-05-19,87.15447998046875,92.69000244140625,95.58999633789062,92.25,95.58999633789062,392500
2023-05-22,86.42105102539062,91.91000366210938,93.7300033569336,91.76000213623047,93.2300033569336,282500
2023-05-23,86.4116439819336,91.9000015258789,92.45999908447266,90.5999984741211,91.83000183105469,346800
2023-05-24,85.64061737060547,91.08000183105469,91.9000015258789,89.5999984741211,91.9000015258789,243200
2023-05-25,86.2424087524414,91.72000122070312,91.9000015258789,90.4800033569336,91.36000061035156,315700
2023-05-26,84.88839721679688,90.27999877929688,92.43000030517578,90.0999984741211,91.44999694824219,295600
2023-05-30,81.57185363769531,86.33000183105469,90.3499984741211,86.22000122070312,89.72000122070312,475400
2023-05-31,81.78917694091797,86.55999755859375,86.97000122070312,84.38999938964844,86.44999694824219,491000
2023-06-01,82.55452728271484,87.37000274658203,88.62999725341797,86.48999786376953,86.56999969482422,334700
2023-06-02,84.71831512451172,89.66000366210938,89.98999786376953,87.56999969482422,87.7699966430664,284300
2023-06-05,84.69941711425781,89.63999938964844,91.0999984741211,89.16000366210938,89.16000366210938,288400
2023-06-06,82.9513931274414,87.79000091552734,89.63999938964844,86.9800033569336,89.0,591000
2023-06-07,82.9513931274414,87.79000091552734,89.1500015258789,86.55999755859375,88.19999694824219,467600
2023-06-08,85.9844741821289,91.0,91.2300033569336,87.73999786376953,87.73999786376953,303100
2023-06-09,84.51988983154297,89.44999694824219,90.94999694824219,89.2300033569336,90.58000183105469,298100
2023-06-12,87.09943389892578,92.18000030517578,92.20999908447266,89.7300033569336,89.94999694824219,384800
2023-06-13,87.22225952148438,92.30999755859375,93.13999938964844,91.37999725341797,92.19000244140625,287300
2023-06-14,86.53250122070312,91.58000183105469,92.83999633789062,90.04000091552734,92.5,247500
2023-06-15,86.79706573486328,91.86000061035156,92.41999816894531,90.5999984741211,91.94000244140625,247300
2023-06-16,85.71989440917969,90.72000122070312,92.7699966430664,89.94999694824219,92.7699966430664,597900
2023-06-20,86.97659301757812,92.05000305175781,92.11000061035156,89.93000030517578,90.91000366210938,287300
2023-06-21,87.26950073242188,92.36000061035156,93.02999877929688,91.54000091552734,92.37000274658203,202500
2023-06-22,85.86163330078125,90.87000274658203,92.1500015258789,89.87000274658203,92.1500015258789,220900
2023-06-23,85.70099639892578,90.69999694824219,91.33000183105469,89.3499984741211,89.4000015258789,950900
2023-06-26,85.67264556884766,90.66999816894531,91.62000274658203,90.19999694824219,90.25,183000
2023-06-27,85.65375518798828,90.6500015258789,91.19000244140625,89.87999725341797,90.68000030517578,290100
2023-06-28,87.59077453613281,92.69999694824219,92.7699966430664,90.33000183105469,90.75,177500
2023-06-29,90.23643493652344,95.5,95.51000213623047,92.69000244140625,92.70999908447266,266400
2023-06-30,92.15454864501953,97.52999877929688,97.80999755859375,96.5,97.0199966430664,269000
2023-07-03,91.96558380126953,97.33000183105469,97.8499984741211,96.5,97.1500015258789,124200
2023-07-05,90.54825592041016,95.83000183105469,97.37999725341797,95.0999984741211,97.26000213623047,273100
2023-07-06,90.4254150390625,95.69999694824219,96.20999908447266,94.4000015258789,94.83999633789062,213100
2023-07-07,89.46163940429688,94.68000030517578,95.93000030517578,94.47000122070312,95.62999725341797,191800
2023-07-10,90.80337524414062,96.0999984741211,96.87000274658203,94.76000213623047,94.76000213623047,238200
2023-07-11,91.00179290771484,96.30999755859375,96.36000061035156,94.80999755859375,95.97000122070312,215900
2023-07-12,92.02227020263672,97.38999938964844,98.18000030517578,96.41000366210938,97.41999816894531,262300
2023-07-13,91.615966796875,96.95999908447266,97.8499984741211,96.5999984741211,97.18000030517578,190600
2023-07-14,92.33409118652344,97.72000122070312,97.9000015258789,96.4000015258789,97.01000213623047,203300
2023-07-17,91.2947006225586,96.62000274658203,99.36000061035156,96.19999694824219,98.0,219400
2023-07-18,92.37188720703125,97.76000213623047,98.0999984741211,96.4800033569336,96.69000244140625,163700
2023-07-19,91.4931411743164,96.83000183105469,98.77999877929688,96.70999908447266,97.88999938964844,175000
2023-07-20,91.55928039550781,96.9000015258789,97.44999694824219,95.98999786376953,96.7300033569336,159300
2023-07-21,90.6994400024414,95.98999786376953,97.6500015258789,95.41000366210938,97.56999969482422,162300
2023-07-24,90.23643493652344,95.5,96.87999725341797,93.6500015258789,96.41000366210938,208400
2023-07-25,90.1041488647461,95.36000061035156,95.91999816894531,94.70999908447266,94.97000122070312,182600
2023-07-26,91.427001953125,96.76000213623047,96.7699966430664,95.04000091552734,95.5199966430664,200400
2023-07-27,91.40809631347656,96.73999786376953,98.38999938964844,96.36000061035156,96.76000213623047,222300
2023-07-28,92.47581481933594,97.87000274658203,98.20999908447266,96.73999786376953,97.27999877929688,157400
2023-07-31,93.93094635009766,99.41000366210938,99.55999755859375,97.79000091552734,97.94000244140625,219900
2023-08-01,92.4852523803711,97.87999725341797,99.0999984741211,96.51000213623047,98.95999908447266,198900
2023-08-02,90.62384033203125,95.91000366210938,97.68000030517578,95.81999969482422,97.19000244140625,189100
2023-08-03,89.39549255371094,94.61000061035156,96.58000183105469,94.31999969482422,95.5199966430664,304400
2023-08-04,89.74510955810547,94.9800033569336,96.20999908447266,94.41999816894531,95.05000305175781,225000
2023-08-07,90.22698974609375,95.48999786376953,96.66000366210938,95.26000213623047,95.31999969482422,426200
2023-08-08,88.53564453125,93.69999694824219,94.93000030517578,92.43000030517578,94.93000030517578,513900
2023-08-09,82.48838806152344,87.30000305175781,96.81999969482422,86.70999908447266,94.63999938964844,1011600
2023-08-10,82.40335845947266,87.20999908447266,87.38999938964844,84.5199966430664,87.06999969482422,966900
2023-08-11,80.9009780883789,85.62000274658203,88.36000061035156,84.81999969482422,87.52999877929688,487800
2023-08-14,79.44586944580078,84.08000183105469,85.20999908447266,83.30999755859375,85.08999633789062,440800
2023-08-15,76.22380828857422,80.66999816894531,84.0199966430664,80.47000122070312,84.0199966430664,403600
2023-08-16,78.00963592529297,82.55999755859375,83.69000244140625,80.47000122070312,80.62000274658203,415000
2023-08-17,75.92144012451172,80.3499984741211,82.72000122070312,80.33000183105469,82.72000122070312,438900
2023-08-18,75.93089294433594,80.36000061035156,81.36000061035156,79.9800033569336,79.9800033569336,297100
2023-08-21,76.16712188720703,80.61000061035156,81.51000213623047,80.11000061035156,80.5999984741211,386400
2023-08-22,75.90254974365234,80.33000183105469,81.16000366210938,79.5999984741211,80.9000015258789,228600
2023-08-23,75.93089294433594,80.36000061035156,80.5999984741211,79.63999938964844,80.54000091552734,228800
2023-08-24,75.00489807128906,79.37999725341797,80.30999755859375,78.6500015258789,80.0199966430664,306700
2023-08-25,75.12774658203125,79.51000213623047,80.33000183105469,78.41999816894531,79.7699966430664,352900
2023-08-28,75.05215454101562,79.43000030517578,81.16999816894531,79.16999816894531,79.62999725341797,321700
2023-08-29,75.73246765136719,80.1500015258789,80.41999816894531,78.68000030517578,79.41999816894531,287000
2023-08-30,75.7230224609375,80.13999938964844,80.83999633789062,79.87999725341797,80.29000091552734,245300
2023-08-31,75.94034576416016,80.37000274658203,81.0,80.05999755859375,80.1500015258789,348600
2023-09-01,77.5844497680664,82.11000061035156,82.33999633789062,80.66000366210938,80.66000366210938,341600
2023-09-05,76.83395385742188,80.87999725341797,81.7300033569336,79.63999938964844,81.43000030517578,420100
2023-09-06,75.51348876953125,79.48999786376953,80.66999816894531,78.29000091552734,80.55999755859375,403300
2023-09-07,74.4685287475586,78.38999938964844,79.56999969482422,77.5199966430664,79.48999786376953,396200
2023-09-08,73.97454833984375,77.87000274658203,79.22000122070312,77.69000244140625,78.70999908447266,199600
2023-09-11,72.6730728149414,76.5,78.43000030517578,76.48999786376953,78.30999755859375,560500
2023-09-12,69.33866119384766,72.98999786376953,76.2300033569336,72.68000030517578,76.2300033569336,706400
2023-09-13,68.62618255615234,72.23999786376953,73.38999938964844,71.8499984741211,73.0,408800
2023-09-14,69.78514862060547,73.45999908447266,73.47000122070312,71.61000061035156,72.69000244140625,535200
2023-09-15,68.42668151855469,72.02999877929688,73.56999969482422,71.63999938964844,73.45999908447266,655400
2023-09-18,68.85417175292969,72.4800033569336,73.93000030517578,72.01000213623047,72.37999725341797,360300
2023-09-19,69.14866638183594,72.79000091552734,73.05000305175781,71.11000061035156,72.06999969482422,309100
2023-09-20,68.37918853759766,71.9800033569336,73.45999908447266,71.88999938964844,73.05000305175781,268000
2023-09-21,67.07772827148438,70.61000061035156,71.9800033569336,70.5999984741211,71.43000030517578,240700
2023-09-22,66.42223358154297,69.91999816894531,71.08000183105469,69.66000366210938,70.69999694824219,193100
2023-09-25,66.07074737548828,69.55000305175781,70.8499984741211,69.5,69.55999755859375,254400
2023-09-26,64.7122802734375,68.12000274658203,70.08000183105469,68.11000061035156,69.4000015258789,254800
2023-09-27,64.27528381347656,67.66000366210938,68.69000244140625,66.95999908447266,68.44999694824219,290400
2023-09-28,64.96878051757812,68.38999938964844,68.58000183105469,67.43000030517578,67.5199966430664,313600
2023-09-29,65.6052474975586,69.05999755859375,69.9800033569336,68.52999877929688,68.7699966430664,358000
2023-10-02,64.6742935180664,68.08000183105469,69.19000244140625,67.80000305175781,69.11000061035156,307100
2023-10-03,62.03335952758789,65.30000305175781,67.33000183105469,65.1500015258789,67.33000183105469,322600
2023-10-04,61.795860290527344,65.05000305175781,65.80000305175781,63.81999969482422,65.44000244140625,318200
2023-10-05,62.15684509277344,65.43000030517578,67.45999908447266,65.05000305175781,66.06999969482422,621300
2023-10-06,63.24932098388672,66.58000183105469,67.1500015258789,63.790000915527344,65.48999786376953,496700
2023-10-09,62.54633331298828,65.83999633789062,65.86000061035156,63.58000183105469,65.19999694824219,435600
2023-10-10,63.762306213378906,67.12000274658203,67.51000213623047,65.76000213623047,65.83000183105469,284400
2023-10-11,62.62234115600586,65.91999816894531,66.81999969482422,65.30999755859375,66.6500015258789,224700
2023-10-12,60.1713981628418,63.34000015258789,65.91000366210938,62.720001220703125,65.63999938964844,270900
2023-10-13,60.59889221191406,63.790000915527344,64.26000213623047,62.779998779296875,63.11000061035156,285300
2023-10-16,61.72936248779297,64.9800033569336,65.75,64.19999694824219,64.45999908447266,555000
2023-10-17,62.64134216308594,65.94000244140625,66.66000366210938,64.0999984741211,64.0999984741211,302900
2023-10-18,62.090354919433594,65.36000061035156,66.0999984741211,65.16000366210938,65.66000366210938,249900
2023-10-19,61.28287124633789,64.51000213623047,65.87999725341797,64.47000122070312,64.95999908447266,254500
2023-10-20,60.74138641357422,63.939998626708984,65.01000213623047,63.939998626708984,64.69000244140625,202400
2023-10-23,60.750885009765625,63.95000076293945,64.41999816894531,62.970001220703125,63.34000015258789,255400
2023-10-24,60.74138641357422,63.939998626708984,64.98999786376953,62.88999938964844,64.41999816894531,257000
2023-10-25,59.81040954589844,62.959999084472656,63.90999984741211,61.650001525878906,63.29999923706055,315500
2023-10-26,57.47347640991211,60.5,63.52000045776367,60.43000030517578,63.11000061035156,472100
2023-10-27,59.61091613769531,62.75,63.70000076293945,60.58000183105469,61.38999938964844,483200
2023-10-30,59.38291931152344,62.5099983215332,63.099998474121094,62.02000045776367,63.099998474121094,307100
2023-10-31,60.019405364990234,63.18000030517578,64.11000061035156,62.06999969482422,62.77000045776367,274500
2023-11-01,60.142906188964844,63.310001373291016,63.619998931884766,62.22999954223633,63.29999923706055,304300
2023-11-02,61.16887283325195,64.38999938964844,65.2699966430664,63.349998474121094,64.01000213623047,297700
2023-11-03,63.41081619262695,66.75,67.02999877929688,65.08999633789062,65.12000274658203,293900
2023-11-06,62.897830963134766,66.20999908447266,66.80000305175781,65.12000274658203,66.80000305175781,229900
2023-11-07,63.619815826416016,66.97000122070312,67.54000091552734,65.02999877929688,65.8499984741211,336800
2023-11-08,62.18535232543945,65.45999908447266,67.3499984741211,65.31999969482422,67.0199966430664,266900
2023-11-09,61.96685791015625,65.2300033569336,66.31999969482422,64.83000183105469,65.66000366210938,197700
2023-11-10,61.88135528564453,65.13999938964844,65.76000213623047,64.69000244140625,65.25,298900
2023-11-13,63.154319763183594,66.4800033569336,66.55000305175781,64.4800033569336,64.94000244140625,336500
2023-11-14,65.79525756835938,69.26000213623047,69.30000305175781,67.25,67.25,243400
2023-11-15,67.24871826171875,70.79000091552734,71.4000015258789,69.01000213623047,69.12999725341797,327100
2023-11-16,65.1872787475586,68.62000274658203,70.72000122070312,68.52999877929688,69.68000030517578,344600
2023-11-17,66.46973419189453,69.97000122070312,70.27999877929688,68.5999984741211,69.30000305175781,348300
2023-11-20,65.01627349853516,68.44000244140625,71.61000061035156,68.36000061035156,70.55000305175781,676300
2023-11-21,65.44376373291016,68.88999938964844,69.93000030517578,67.27999877929688,68.01000213623047,677400
2023-11-22,66.6217269897461,70.12999725341797,71.63999938964844,66.38999938964844,68.13999938964844,892000
2023-11-24,65.38677215576172,68.83000183105469,70.41000366210938,67.72000122070312,69.69000244140625,256700
2023-11-27,64.75978088378906,68.16999816894531,69.36000061035156,67.95999908447266,68.76000213623047,432000
2023-11-28,65.02577209472656,68.44999694824219,70.12999725341797,67.51000213623047,67.8499984741211,335400
2023-11-29,66.72622680664062,70.23999786376953,70.25,68.62000274658203,69.22000122070312,384500
2023-11-30,68.68318176269531,72.30000305175781,72.5999984741211,69.22000122070312,70.0,506700
2023-12-01,73.13856506347656,76.98999786376953,77.26000213623047,71.80000305175781,71.9000015258789,578700
2023-12-04,74.8390121459961,78.77999877929688,78.97000122070312,76.98999786376953,76.98999786376953,416700
2023-12-05,72.9295654296875,76.7699966430664,78.7699966430664,76.26000213623047,78.36000061035156,385800
2023-12-06,73.53755187988281,77.41000366210938,78.80999755859375,77.18000030517578,77.66999816894531,311400
2023-12-07,74.7440185546875,78.68000030517578,78.68000030517578,76.94000244140625,77.2300033569336,218400
2023-12-08,75.5324935913086,79.51000213623047,80.23999786376953,78.55000305175781,78.55000305175781,191800
2023-12-11,76.50146484375,80.52999877929688,81.19999694824219,78.86000061035156,79.5199966430664,371900
2023-12-12,75.36150360107422,79.33000183105469,80.55000305175781,79.30999755859375,80.23999786376953,451300
2023-12-13,78.41836547851562,82.08999633789062,82.29000091552734,77.77999877929688,78.7699966430664,500700
2023-12-14,80.99761199951172,84.79000091552734,86.12000274658203,82.83999633789062,83.62000274658203,455400
2023-12-15,78.8100357055664,82.5,85.20999908447266,82.02999877929688,85.0199966430664,520800
2023-12-18,79.37364196777344,83.08999633789062,84.8499984741211,82.0,82.54000091552734,280700
2023-12-19,79.04885864257812,82.75,85.97000122070312,82.5199966430664,83.06999969482422,357200
2023-12-20,77.21473693847656,80.83000183105469,83.33000183105469,80.80000305175781,82.4800033569336,278000
2023-12-21,78.62853240966797,82.30999755859375,83.36000061035156,81.55999755859375,81.55999755859375,308700
2023-12-22,79.13482666015625,82.83999633789062,83.48999786376953,82.22000122070312,82.63999938964844,241400
2023-12-26,78.07447814941406,81.7300033569336,83.44000244140625,81.38999938964844,83.29000091552734,289400
2023-12-27,77.8929672241211,81.54000091552734,82.19000244140625,81.0,82.04000091552734,268000
2023-12-28,77.82610321044922,81.47000122070312,82.38999938964844,81.0,81.41999816894531,246100
2023-12-29,77.97894287109375,81.62999725341797,82.41000366210938,81.30999755859375,81.56999969482422,236900
2024-01-02,79.85128021240234,83.58999633789062,84.48999786376953,80.9800033569336,81.22000122070312,419600
2024-01-03,77.70191192626953,81.33999633789062,83.22000122070312,81.19999694824219,83.20999908447266,325600
2024-01-04,80.09965515136719,83.8499984741211,83.98999786376953,81.66999816894531,81.66999816894531,513700
2024-01-05,79.937255859375,83.68000030517578,86.19999694824219,83.26000213623047,83.26000213623047,531000
2024-01-08,80.48176574707031,84.25,84.87000274658203,83.41999816894531,83.41999816894531,365700
2024-01-09,76.35498809814453,79.93000030517578,83.75,79.87000274658203,82.8499984741211,714400
2024-01-10,75.27552032470703,78.80000305175781,80.44999694824219,77.56999969482422,80.44999694824219,659500
2024-01-11,73.31721496582031,76.75,78.87000274658203,76.56999969482422,78.62000274658203,485800
2024-01-12,71.55951690673828,74.91000366210938,77.5,74.8499984741211,77.5,416700
2024-01-16,71.07232666015625,74.4000015258789,75.18000030517578,73.61000061035156,74.0,313300
2024-01-17,71.99893188476562,75.37000274658203,75.98999786376953,73.55000305175781,73.86000061035156,371700
2024-01-18,73.23124694824219,76.66000366210938,76.7300033569336,75.44000244140625,75.73999786376953,272000
2024-01-19,74.50175476074219,77.98999786376953,78.12000274658203,76.44000244140625,77.01000213623047,291700
2024-01-22,76.278564453125,79.8499984741211,80.02999877929688,78.31999969482422,78.5199966430664,517200
2024-01-23,74.22472381591797,77.69999694824219,81.01000213623047,77.4800033569336,80.52999877929688,318800
2024-01-24,73.39363861083984,76.83000183105469,78.79000091552734,75.83999633789062,78.79000091552734,341400
2024-01-25,73.26943969726562,76.69999694824219,78.88999938964844,76.0,77.62999725341797,332100
2024-01-26,74.25337982177734,77.7300033569336,78.20999908447266,77.0,77.44999694824219,304100
2024-01-29,76.77530670166016,80.37000274658203,80.98999786376953,78.33999633789062,79.43000030517578,629200
2024-01-30,76.14481353759766,79.70999908447266,80.47000122070312,78.11000061035156,79.83999633789062,288800
2024-01-31,74.48265075683594,77.97000122070312,80.62000274658203,77.80999755859375,79.8499984741211,212700
2024-02-01,75.8009262084961,79.3499984741211,79.48999786376953,77.41000366210938,78.56999969482422,226700
2024-02-02,75.40926361083984,78.94000244140625,79.23999786376953,76.94000244140625,78.62999725341797,244100
2024-02-05,73.57512664794922,77.0199966430664,77.91999816894531,76.01000213623047,77.83999633789062,249800
2024-02-06,73.07839965820312,76.5,78.0999984741211,76.05000305175781,76.52999877929688,210100
2024-02-07,72.60076141357422,76.0,76.94999694824219,75.87000274658203,76.87000274658203,190800
2024-02-08,73.63245391845703,77.08000183105469,77.27999877929688,75.4800033569336,76.06999969482422,201500
2024-02-09,73.81395721435547,77.2699966430664,77.37000274658203,76.12000274658203,77.26000213623047,198400
2024-02-12,73.8617172241211,77.31999969482422,79.27999877929688,77.19000244140625,77.43000030517578,236100
2024-02-13,70.9863510131836,74.30999755859375,76.04000091552734,73.80999755859375,75.0,308700
2024-02-14,71.68370056152344,75.04000091552734,75.70999908447266,73.9000015258789,75.30000305175781,421700
2024-02-15,73.22168731689453,76.6500015258789,77.5,74.97000122070312,75.02999877929688,276100
2024-02-16,72.55299377441406,75.94999694824219,77.19999694824219,75.45999908447266,76.05999755859375,246600
2024-02-20,70.40364074707031,73.69999694824219,75.5999984741211,72.81999969482422,75.44000244140625,468400
2024-02-21,70.64244842529297,73.94999694824219,74.58999633789062,72.72000122070312,72.8499984741211,574400
2024-02-22,67.15570831298828,70.30000305175781,74.43000030517578,67.0199966430664,67.48999786376953,748100
2024-02-23,67.70020294189453,70.87000274658203,71.22000122070312,69.0199966430664,70.11000061035156,541200
2024-02-26,67.60467529296875,70.7699966430664,72.0999984741211,70.66999816894531,71.16000366210938,451400
2024-02-27,68.56951141357422,71.77999877929688,72.95999908447266,70.76000213623047,71.61000061035156,356600
2024-02-28,69.1808853149414,72.41999816894531,73.97000122070312,71.5,71.5,460600
2024-02-29,69.73493957519531,73.0,74.86000061035156,72.36000061035156,73.26000213623047,560600
2024-03-01,71.28247833251953,74.62000274658203,75.22000122070312,72.41000366210938,72.41000366210938,493500
2024-03-04,71.37801361083984,74.72000122070312,76.55999755859375,73.91000366210938,74.88999938964844,374800
2024-03-05,71.129638671875,74.45999908447266,75.56999969482422,73.44000244140625,73.7300033569336,291900
2024-03-06,70.46094512939453,73.76000213623047,75.05999755859375,73.55000305175781,74.63999938964844,301100
2024-03-07,69.64897155761719,72.91000366210938,73.80000305175781,72.33000183105469,73.7699966430664,494300
2024-03-08,69.2190933227539,72.45999908447266,73.98999786376953,71.97000122070312,73.08999633789062,495700
2024-03-11,70.52781677246094,73.83000183105469,73.91999816894531,71.94999694824219,72.51000213623047,300900
2024-03-12,69.40059661865234,72.6500015258789,73.8499984741211,72.31999969482422,73.8499984741211,380200
2024-03-13,69.83045959472656,73.0999984741211,73.41000366210938,72.12000274658203,72.45999908447266,325300
2024-03-14,71.46426391601562,74.36000061035156,75.2300033569336,72.45999908447266,74.76000213623047,454200
2024-03-15,70.49359893798828,73.3499984741211,74.62999725341797,72.93000030517578,73.95999908447266,685500
2024-03-18,69.10968017578125,71.91000366210938,74.23999786376953,71.9000015258789,73.2300033569336,354500
2024-03-19,68.5618667602539,71.33999633789062,72.36000061035156,71.2300033569336,71.97000122070312,336700
2024-03-20,68.43693542480469,71.20999908447266,71.80000305175781,70.72000122070312,70.9800033569336,306500
2024-03-21,65.84207916259766,68.51000213623047,71.26000213623047,68.44999694824219,71.08999633789062,498700
2024-03-22,64.67919921875,67.30000305175781,69.12999725341797,67.12999725341797,68.76000213623047,342700
2024-03-25,64.05451202392578,66.6500015258789,68.26000213623047,66.63999938964844,67.83999633789062,421900
2024-03-26,65.89974212646484,68.56999969482422,68.81999969482422,67.06999969482422,67.6500015258789,517700
2024-03-27,67.72575378417969,70.47000122070312,70.7699966430664,68.95999908447266,68.95999908447266,331400
2024-03-28,65.8132553100586,68.4800033569336,70.80999755859375,68.2300033569336,70.30000305175781,639600
2024-04-01,64.93868255615234,67.56999969482422,68.88999938964844,67.16000366210938,68.63999938964844,396700
2024-04-02,62.63214111328125,65.16999816894531,66.9800033569336,64.55000305175781,66.9800033569336,442900
2024-04-03,61.96902084350586,64.4800033569336,65.58000183105469,64.23999786376953,65.0,421600
2024-04-04,60.06612014770508,62.5,65.27999877929688,62.27000045776367,64.86000061035156,598500
2024-04-05,58.86479568481445,61.25,63.04999923706055,61.029998779296875,62.61000061035156,660900
2024-04-08,58.2016716003418,60.560001373291016,61.59000015258789,60.45000076293945,61.59000015258789,861800
2024-04-09,59.23960876464844,61.63999938964844,62.2400016784668,59.790000915527344,60.630001068115234,613400
2024-04-10,58.691810607910156,61.06999969482422,61.310001373291016,59.90999984741211,60.59000015258789,444300
2024-04-11,58.268943786621094,60.630001068115234,62.2599983215332,60.36000061035156,62.0099983215332,455600
2024-04-12,57.23099899291992,59.54999923706055,60.5,59.290000915527344,60.119998931884766,500100
2024-04-15,57.259830474853516,59.58000183105469,60.47999954223633,58.959999084472656,59.63999938964844,380000
2024-04-16,58.50920867919922,60.880001068115234,61.22999954223633,58.66999816894531,59.08000183105469,470000
2024-04-17,56.596702575683594,58.88999938964844,61.689998626708984,58.79999923706055,61.45000076293945,409000
2024-04-18,55.89512634277344,58.15999984741211,59.0,58.099998474121094,58.88999938964844,466400
2024-04-19,57.3174934387207,59.63999938964844,59.86000061035156,57.7400016784668,57.86000061035156,662300
2024-04-22,57.182945251464844,59.5,60.470001220703125,57.65999984741211,60.02000045776367,704700
2024-04-23,56.13539123535156,58.40999984741211,59.29999923706055,58.130001068115234,59.189998626708984,626500
2024-04-24,56.55825424194336,58.849998474121094,59.90999984741211,58.29999923706055,58.459999084472656,438100
2024-04-25,56.16422653198242,58.439998626708984,59.0,58.08000183105469,58.5099983215332,312700
2024-04-26,56.50059509277344,58.790000915527344,59.2599983215332,58.11000061035156,58.15999984741211,296000
2024-04-29,55.73175048828125,57.9900016784668,59.619998931884766,57.810001373291016,58.88999938964844,452000
2024-04-30,54.84757614135742,57.06999969482422,58.75,57.04999923706055,57.70000076293945,440800
2024-05-01,53.098453521728516,55.25,57.08000183105469,55.18000030517578,57.0099983215332,691900
2024-05-02,52.521820068359375,54.650001525878906,56.7400016784668,53.709999084472656,56.7400016784668,634900
2024-05-03,53.079227447509766,55.22999954223633,56.41999816894531,54.5099983215332,56.0,426000
2024-05-06,52.771690368652344,54.90999984741211,56.09000015258789,54.5,55.380001068115234,591700
2024-05-07,52.78129577636719,54.91999816894531,55.619998931884766,54.529998779296875,54.959999084472656,371900
2024-05-08,53.079227447509766,55.22999954223633,55.38999938964844,53.900001525878906,54.150001525878906,409200
2024-05-09,51.704917907714844,53.79999923706055,55.5,53.7599983215332,55.220001220703125,756200
2024-05-10,50.75347137451172,52.810001373291016,54.7599983215332,52.630001068115234,54.11000061035156,794200
2024-05-13,51.00334548950195,53.06999969482422,54.20000076293945,52.84000015258789,53.41999816894531,951500
2024-05-14,51.00334548950195,53.06999969482422,59.08000183105469,52.650001525878906,54.810001373291016,1727600
2024-05-15,51.33010482788086,53.40999984741211,54.470001220703125,52.0099983215332,54.22999954223633,910400
2024-05-16,53.098453521728516,55.25,56.09000015258789,53.7599983215332,53.81999969482422,899900
2024-05-17,50.79191207885742,52.849998474121094,55.189998626708984,52.810001373291016,55.189998626708984,714700
2024-05-20,52.002845764160156,54.11000061035156,54.54999923706055,52.689998626708984,53.09000015258789,661400
2024-05-21,50.40748596191406,52.45000076293945,54.279998779296875,52.08000183105469,53.75,547200
2024-05-22,51.897132873535156,54.0,54.970001220703125,52.2400016784668,52.5099983215332,733700
2024-05-23,50.96489715576172,53.029998779296875,54.0099983215332,52.72999954223633,54.0,573400
2024-05-24,51.50309753417969,53.59000015258789,54.189998626708984,53.0099983215332,53.150001525878906,563900
2024-05-28,51.752967834472656,53.849998474121094,55.209999084472656,53.58000183105469,53.709999084472656,661600
2024-05-29,50.580482482910156,52.630001068115234,54.189998626708984,52.599998474121094,53.2599983215332,446800
2024-05-30,51.00334548950195,53.06999969482422,53.25,52.15999984741211,52.90999984741211,490500
2024-05-31,53.20417022705078,55.36000061035156,55.7400016784668,53.13999938964844,53.290000915527344,591400
2024-06-03,55.06861877441406,57.29999923706055,58.0,54.880001068115234,55.34000015258789,638200
2024-06-04,54.41510009765625,56.619998931884766,57.88999938964844,56.02000045776367,56.81999969482422,580900
2024-06-05,55.16472244262695,57.400001525878906,57.91999816894531,56.7400016784668,56.790000915527344,348100
2024-06-06,55.658653259277344,57.470001220703125,57.70000076293945,56.06999969482422,56.77000045776367,386400
2024-06-07,54.816070556640625,56.599998474121094,57.7400016784668,56.560001373291016,57.16999816894531,423000
2024-06-10,52.64667510986328,54.36000061035156,56.45000076293945,53.900001525878906,56.060001373291016,619900
2024-06-11,52.501399993896484,54.209999084472656,54.72999954223633,53.0,53.88999938964844,411100
2024-06-12,54.18655776977539,55.95000076293945,56.70000076293945,55.04999923706055,55.290000915527344,524700
2024-06-13,53.527992248535156,55.27000045776367,55.720001220703125,53.560001373291016,54.52000045776367,561200
2024-06-14,52.89847946166992,54.619998931884766,55.91999816894531,53.63999938964844,54.56999969482422,738000
2024-06-17,51.40701675415039,53.08000183105469,54.83000183105469,52.0,54.83000183105469,724000
2024-06-18,49.586273193359375,51.20000076293945,53.22999954223633,50.720001220703125,52.84000015258789,717200
2024-06-20,49.586273193359375,51.20000076293945,52.0099983215332,50.689998626708984,51.25,512100
2024-06-21,48.5887336730957,50.16999816894531,51.65999984741211,50.060001373291016,51.31999969482422,780400
2024-06-24,49.886497497558594,51.5099983215332,51.54999923706055,49.83000183105469,50.150001525878906,485100
2024-06-25,48.2497673034668,49.81999969482422,51.63999938964844,49.77000045776367,51.63999938964844,384200
2024-06-26,49.470054626464844,51.08000183105469,51.13999938964844,49.33000183105469,49.599998474121094,504600
2024-06-27,49.838069915771484,51.459999084472656,51.81999969482422,50.529998779296875,51.31999969482422,369900
2024-06-28,49.33446502685547,50.939998626708984,51.959999084472656,50.15999984741211,51.560001373291016,495800
2024-07-01,47.3878173828125,48.93000030517578,51.84000015258789,48.5099983215332,50.97999954223633,567100
2024-07-02,46.51618194580078,48.029998779296875,49.130001068115234,47.41999816894531,49.0,458300
2024-07-03,47.06821823120117,48.599998474121094,48.619998931884766,47.65999984741211,48.439998626708984,234100
2024-07-05,47.81394577026367,49.369998931884766,49.43000030517578,47.959999084472656,48.77000045776367,402100
2024-07-08,47.98827362060547,49.54999923706055,50.349998474121094,49.34000015258789,49.810001373291016,345100
2024-07-09,45.8091926574707,47.29999923706055,49.40999984741211,46.75,49.40999984741211,631900
2024-07-10,44.76322937011719,46.220001220703125,47.68000030517578,46.099998474121094,47.58000183105469,424400
2024-07-11,47.31033706665039,48.849998474121094,49.56999969482422,46.95000076293945,47.15999984741211,713900
2024-07-12,49.818702697753906,51.439998626708984,52.18000030517578,49.08000183105469,49.08000183105469,768900
2024-07-15,50.01240158081055,51.63999938964844,52.84000015258789,51.4900016784668,51.9900016784668,484400
2024-07-16,53.08249282836914,54.810001373291016,54.91999816894531,51.7400016784668,51.970001220703125,550000
2024-07-17,54.273719787597656,56.040000915527344,56.47999954223633,54.22999954223633,54.41999816894531,491300
2024-07-18,52.36581039428711,54.06999969482422,56.209999084472656,53.9900016784668,55.25,350200
2024-07-19,52.191490173339844,53.88999938964844,54.5099983215332,52.77000045776367,54.43000030517578,327900
2024-07-22,52.869422912597656,54.59000015258789,54.810001373291016,52.880001068115234,53.939998626708984,322000
2024-07-23,54.428680419921875,56.20000076293945,56.560001373291016,54.400001525878906,54.5099983215332,391800
2024-07-24,53.89601516723633,55.650001525878906,56.79999923706055,54.5,55.709999084472656,476200
2024-07-25,55.79423904418945,57.61000061035156,59.0,55.119998931884766,55.650001525878906,608500
2024-07-26,55.009769439697266,56.79999923706055,58.66999816894531,55.77000045776367,58.45000076293945,468700
2024-07-29,56.51091384887695,58.349998474121094,58.400001525878906,56.5,57.20000076293945,297800
2024-07-30,58.17670440673828,60.06999969482422,60.31999969482422,57.7599983215332,58.209999084472656,454200
2024-07-31,57.566558837890625,59.439998626708984,60.72999954223633,58.61000061035156,59.58000183105469,291000
2024-08-01,55.90077209472656,57.720001220703125,60.279998779296875,56.43000030517578,59.68000030517578,344700
2024-08-02,52.840370178222656,54.560001373291016,56.459999084472656,53.529998779296875,56.459999084472656,574800
2024-08-05,51.155208587646484,52.81999969482422,53.689998626708984,51.400001525878906,52.22999954223633,576300
2024-08-06,51.35858917236328,53.029998779296875,54.130001068115234,52.209999084472656,53.279998779296875,538300
2024-08-07,49.760597229003906,51.380001068115234,54.150001525878906,48.5,52.0099983215332,1397600
2024-08-08,50.90340805053711,52.560001373291016,55.02000045776367,51.400001525878906,52.0,543400
2024-08-09,51.842830657958984,53.529998779296875,54.189998626708984,52.11000061035156,52.97999954223633,445400
2024-08-12,50.244842529296875,51.880001068115234,53.84000015258789,51.040000915527344,53.529998779296875,659700
2024-08-13,54.08970642089844,55.849998474121094,55.900001525878906,52.290000915527344,52.459999084472656,482600
2024-08-14,52.36581039428711,54.06999969482422,55.63999938964844,54.060001373291016,55.63999938964844,467100
2024-08-15,53.76042556762695,55.5099983215332,56.290000915527344,54.369998931884766,54.959999084472656,408900
2024-08-16,51.19395065307617,52.86000061035156,55.47999954223633,52.4900016784668,55.47999954223633,608600
2024-08-19,50.196414947509766,51.83000183105469,53.869998931884766,51.77000045776367,53.130001068115234,617300
2024-08-20,50.138309478759766,51.77000045776367,52.63999938964844,51.540000915527344,51.720001220703125,519300
2024-08-21,50.554752349853516,52.20000076293945,52.7599983215332,51.38999938964844,51.9900016784668,754700
2024-08-22,49.286041259765625,50.88999938964844,52.70000076293945,50.70000076293945,52.09000015258789,438800
2024-08-23,50.1092529296875,51.7400016784668,52.709999084472656,51.02000045776367,51.099998474121094,475600
2024-08-26,50.76781463623047,52.41999816894531,52.689998626708984,51.84000015258789,52.0,353000
2024-08-27,49.25698471069336,50.86000061035156,52.59000015258789,50.79999923706055,52.29999923706055,563500
2024-08-28,46.729248046875,48.25,50.66999816894531,48.209999084472656,50.61000061035156,623200
2024-08-29,48.57904815673828,50.15999984741211,50.400001525878906,48.2599983215332,48.65999984741211,669300
2024-08-30,48.22731399536133,49.36000061035156,50.79999923706055,49.150001525878906,49.779998779296875,487400
2024-09-03,45.83353042602539,46.90999984741211,49.45000076293945,46.709999084472656,48.959999084472656,787100
2024-09-04,45.0616569519043,46.119998931884766,47.29999923706055,45.90999984741211,46.970001220703125,684800
2024-09-05,45.13005447387695,46.189998626708984,46.83000183105469,45.2400016784668,46.22999954223633,571500
2024-09-06,44.7880859375,45.84000015258789,46.81999969482422,45.63999938964844,46.25,554100
2024-09-09,43.693790435791016,44.720001220703125,46.75,44.56999969482422,45.880001068115234,644300
2024-09-10,41.01666259765625,41.97999954223633,44.70000076293945,41.029998779296875,44.529998779296875,1271200
2024-09-11,41.83738708496094,42.81999969482422,42.970001220703125,40.84000015258789,41.97999954223633,885100
2024-09-12,41.89601135253906,42.880001068115234,44.18000030517578,42.25,43.279998779296875,592100
2024-09-13,43.39090347290039,44.40999984741211,44.65999984741211,43.060001373291016,43.380001068115234,442300
2024-09-16,41.925323486328125,42.90999984741211,44.88999938964844,42.81999969482422,44.439998626708984,581900
2024-09-17,42.62879943847656,43.630001068115234,44.16999816894531,43.209999084472656,43.369998931884766,675900
2024-09-18,43.13686752319336,44.150001525878906,45.70000076293945,43.470001220703125,43.630001068115234,504100
2024-09-19,44.104148864746094,45.13999938964844,45.709999084472656,44.81999969482422,45.470001220703125,469700
2024-09-20,43.14664077758789,44.15999984741211,45.0099983215332,43.91999816894531,45.0099983215332,736700
2024-09-23,43.60585403442383,44.630001068115234,44.709999084472656,43.54999923706055,44.16999816894531,541400
2024-09-24,44.61221694946289,45.65999984741211,46.25,44.91999816894531,45.150001525878906,358800
2024-09-25,42.413848876953125,43.40999984741211,45.380001068115234,43.33000183105469,45.34000015258789,524400
2024-09-26,43.195491790771484,44.209999084472656,44.70000076293945,43.779998779296875,44.33000183105469,395500
2024-09-27,44.36795425415039,45.40999984741211,45.72999954223633,44.529998779296875,44.90999984741211,372300
2024-09-30,45.47202682495117,46.540000915527344,47.0099983215332,44.97999954223633,44.97999954223633,471600
2024-10-01,45.60881423950195,46.68000030517578,47.84000015258789,46.0099983215332,46.40999984741211,488600
2024-10-02,45.931236267089844,47.0099983215332,47.15999984741211,45.7400016784668,46.529998779296875,322100
2024-10-03,44.416805267333984,45.459999084472656,46.599998474121094,45.2599983215332,46.43000030517578,408200
2024-10-04,44.113922119140625,45.150001525878906,45.439998626708984,43.02000045776367,44.02000045776367,735700
2024-10-07,42.75581741333008,43.7599983215332,45.599998474121094,43.150001525878906,45.38999938964844,651000
2024-10-08,42.970767974853516,43.97999954223633,44.400001525878906,42.689998626708984,43.58000183105469,413200
2024-10-09,42.49201202392578,43.4900016784668,44.529998779296875,43.31999969482422,44.400001525878906,465900
2024-10-10,43.684017181396484,44.709999084472656,44.939998626708984,42.54999923706055,43.20000076293945,532200
2024-10-11,43.996673583984375,45.029998779296875,45.720001220703125,44.7599983215332,44.880001068115234,322900
2024-10-14,43.3518180847168,44.369998931884766,44.68000030517578,43.56999969482422,44.68000030517578,481800
2024-10-15,45.227760314941406,46.290000915527344,46.849998474121094,44.11000061035156,44.22999954223633,478100
2024-10-16,45.63812255859375,46.709999084472656,47.189998626708984,46.08000183105469,46.52000045776367,362100
2024-10-17,45.2473030090332,46.310001373291016,46.709999084472656,45.54999923706055,46.68000030517578,418700
2024-10-18,44.729461669921875,45.779998779296875,46.630001068115234,45.16999816894531,46.29999923706055,558800
2024-10-21,44.416805267333984,45.459999084472656,45.7599983215332,44.869998931884766,45.5,411800
2024-10-22,43.48860549926758,44.5099983215332,45.029998779296875,43.869998931884766,44.86000061035156,348600
2024-10-23,45.403629302978516,46.470001220703125,47.400001525878906,44.83000183105469,44.83000183105469,824600
2024-10-24,45.88238525390625,46.959999084472656,47.59000015258789,45.959999084472656,46.7599983215332,363600
2024-10-25,45.69674301147461,46.77000045776367,47.83000183105469,46.22999954223633,47.58000183105469,326800
2024-10-28,49.370460510253906,50.529998779296875,50.93000030517578,47.54999923706055,47.81999969482422,706800
2024-10-29,48.76469039916992,49.90999984741211,51.0099983215332,48.90999984741211,50.529998779296875,451300
2024-10-30,49.546329498291016,50.709999084472656,51.04999923706055,49.54999923706055,49.66999816894531,331400
2024-10-31,48.11983871459961,49.25,51.310001373291016,49.25,51.060001373291016,310000
2024-11-01,49.214134216308594,50.369998931884766,51.209999084472656,49.060001373291016,49.540000915527344,456500
2024-11-04,48.9503288269043,50.099998474121094,51.31999969482422,49.61000061035156,50.45000076293945,390900
2024-11-05,50.337745666503906,51.52000045776367,51.619998931884766,49.369998931884766,49.939998626708984,536800
2024-11-06,49.116432189941406,50.27000045776367,54.41999816894531,50.25,53.099998474121094,762400
2024-11-07,47.699703216552734,48.81999969482422,50.459999084472656,48.2400016784668,50.2400016784668,726500
2024-11-08,46.243896484375,47.33000183105469,49.349998474121094,47.279998779296875,48.369998931884766,442600
2024-11-11,46.361141204833984,47.45000076293945,48.33000183105469,46.91999816894531,47.68000030517578,546900
2024-11-12,45.042118072509766,46.099998474121094,48.38999938964844,45.5099983215332,46.91999816894531,471800
2024-11-13,44.045528411865234,45.08000183105469,47.150001525878906,45.029998779296875,45.90999984741211,623600
2024-11-14,45.34500503540039,46.40999984741211,46.56999969482422,44.5,44.93000030517578,851700
2024-11-15,43.732872009277344,44.7599983215332,47.040000915527344,44.400001525878906,46.43000030517578,783200
2024-11-18,45.5404167175293,46.61000061035156,47.4900016784668,44.91999816894531,44.91999816894531,887200
2024-11-19,44.97372817993164,46.029998779296875,46.90999984741211,45.75,46.040000915527344,697200
2024-11-20,44.553592681884766,45.599998474121094,46.08000183105469,43.90999984741211,46.08000183105469,1146600
2024-11-21,46.70310974121094,47.79999923706055,48.41999816894531,44.130001068115234,45.83000183105469,1248700
2024-11-22,46.409996032714844,47.5,48.41999816894531,46.54999923706055,47.939998626708984,676500
2024-11-25,46.84967041015625,47.95000076293945,49.81999969482422,47.66999816894531,47.91999816894531,869100
2024-11-26,45.520877838134766,46.59000015258789,47.540000915527344,45.68000030517578,47.38999938964844,638000
2024-11-27,45.79444885253906,46.869998931884766,47.77000045776367,45.779998779296875,45.779998779296875,687500
2024-11-29,47.7290153503418,48.849998474121094,49.0099983215332,46.790000915527344,46.790000915527344,338300
2024-12-02,48.207767486572266,49.34000015258789,49.959999084472656,48.31999969482422,48.66999816894531,512900
2024-12-03,48.22731399536133,49.36000061035156,49.9900016784668,48.11000061035156,49.13999938964844,364200
2024-12-04,48.28593444824219,49.41999816894531,50.2599983215332,48.599998474121094,48.93000030517578,463400
2024-12-05,47.08415985107422,48.189998626708984,49.970001220703125,47.43000030517578,49.5099983215332,433100
2024-12-06,46.86920928955078,47.970001220703125,49.56999969482422,47.779998779296875,48.959999084472656,326800
2024-12-09,47.211177825927734,48.31999969482422,50.45000076293945,47.810001373291016,48.29999923706055,502200
2024-12-10,48.58882141113281,49.72999954223633,50.13999938964844,46.79999923706055,48.59000015258789,389000
2024-12-11,47.347965240478516,48.459999084472656,50.220001220703125,48.41999816894531,50.0,479400
2024-12-12,46.37181854248047,47.029998779296875,48.119998931884766,46.130001068115234,47.91999816894531,499400
2024-12-13,44.86323165893555,45.5,47.06999969482422,44.63999938964844,47.06999969482422,497100
2024-12-16,42.60527801513672,43.209999084472656,45.70000076293945,42.720001220703125,44.810001373291016,840000
2024-12-17,42.25031661987305,42.849998474121094,44.2400016784668,42.4900016784668,43.20000076293945,543900
2024-12-18,39.5289421081543,40.09000015258789,43.220001220703125,39.849998474121094,42.88999938964844,700700
2024-12-19,38.16825485229492,38.709999084472656,41.04999923706055,38.119998931884766,40.33000183105469,1259300
2024-12-20,40.15998458862305,40.72999954223633,41.18000030517578,38.25,38.25,1487300
2024-12-23,39.54866409301758,40.11000061035156,40.970001220703125,39.439998626708984,40.52000045776367,595500
2024-12-24,38.79929733276367,39.349998474121094,40.459999084472656,39.0,40.22999954223633,304700
2024-12-26,39.96278381347656,40.529998779296875,41.279998779296875,39.09000015258789,39.09000015258789,517000
2024-12-27,41.786895751953125,42.380001068115234,42.45000076293945,40.2400016784668,40.36000061035156,678200
2024-12-30,41.70801544189453,42.29999923706055,42.439998626708984,40.779998779296875,42.15999984741211,441500
2024-12-31,41.0572509765625,41.63999938964844,43.06999969482422,41.040000915527344,42.54999923706055,703500
2025-01-02,40.396629333496094,40.970001220703125,42.5,40.619998931884766,42.220001220703125,566800
2025-01-03,39.91348648071289,40.47999954223633,41.27000045776367,39.33000183105469,41.029998779296875,590100
2025-01-06,39.90362548828125,40.470001220703125,41.79999923706055,40.29999923706055,40.5,796900
2025-01-07,38.424617767333984,38.970001220703125,40.560001373291016,38.689998626708984,40.22999954223633,782500
2025-01-08,37.59637451171875,38.130001068115234,38.56999969482422,37.0099983215332,38.56999969482422,682000
2025-01-10,36.67938995361328,37.20000076293945,38.189998626708984,36.709999084472656,37.5099983215332,581700
2025-01-13,37.7442741394043,38.279998779296875,39.45000076293945,36.36000061035156,37.0099983215332,681500
2025-01-14,38.60210037231445,39.150001525878906,39.2599983215332,38.119998931884766,38.59000015258789,421400
2025-01-15,39.02608108520508,39.58000183105469,40.720001220703125,39.04999923706055,40.459999084472656,537500
2025-01-16,38.9669189453125,39.52000045776367,39.619998931884766,38.15999984741211,39.310001373291016,462000
2025-01-17,38.11895751953125,38.65999984741211,40.36000061035156,38.2599983215332,39.900001525878906,609600
2025-01-21,38.10909652709961,38.650001525878906,39.099998474121094,37.68000030517578,38.650001525878906,923700
2025-01-22,38.365455627441406,38.90999984741211,39.5,38.2599983215332,38.4900016784668,596900
2025-01-23,38.661258697509766,39.209999084472656,39.2599983215332,37.7599983215332,38.29999923706055,513100
2025-01-24,39.065521240234375,39.619998931884766,40.130001068115234,38.27000045776367,39.16999816894531,462800
2025-01-27,40.12054443359375,40.689998626708984,41.849998474121094,40.04999923706055,40.04999923706055,491500
2025-01-28,38.93734359741211,39.4900016784668,40.900001525878906,39.439998626708984,40.560001373291016,385700
2025-01-29,38.80915832519531,39.36000061035156,40.279998779296875,39.060001373291016,39.63999938964844,493600
2025-01-30,39.282440185546875,39.84000015258789,40.40999984741211,39.15999984741211,39.810001373291016,384500
2025-01-31,38.641536712646484,39.189998626708984,40.36000061035156,39.16999816894531,39.779998779296875,439100
2025-02-03,39.43034362792969,39.9900016784668,40.189998626708984,38.0,38.220001220703125,511300
2025-02-04,40.445926666259766,41.02000045776367,41.119998931884766,39.56999969482422,40.0,453500
2025-02-05,41.29389190673828,41.880001068115234,42.0,40.2400016784668,41.02000045776367,433100
2025-02-06,41.98409652709961,42.58000183105469,44.150001525878906,42.36000061035156,42.36000061035156,567900
2025-02-07,39.96278381347656,40.529998779296875,43.56999969482422,40.5,42.36000061035156,446100
2025-02-10,38.93734359741211,39.4900016784668,41.119998931884766,39.41999816894531,40.75,407300
2025-02-11,39.045799255371094,39.599998474121094,39.9900016784668,38.650001525878906,38.97999954223633,433900
2025-02-12,37.98091506958008,38.52000045776367,39.06999969482422,38.099998474121094,38.810001373291016,513300
2025-02-13,39.34160232543945,39.900001525878906,40.279998779296875,37.849998474121094,38.7599983215332,654300
2025-02-14,38.63167953491211,39.18000030517578,40.619998931884766,38.52000045776367,40.52000045776367,536500
2025-02-18,39.74586486816406,40.310001373291016,40.849998474121094,38.9900016784668,39.2400016784668,662400
2025-02-19,38.562660217285156,39.11000061035156,40.16999816894531,38.439998626708984,40.060001373291016,614900
2025-02-20,38.74013900756836,39.290000915527344,39.5099983215332,38.40999984741211,39.15999984741211,464400
2025-02-21,37.9217529296875,38.459999084472656,40.40999984741211,38.0,38.86000061035156,626400
2025-02-24,36.26526641845703,36.779998779296875,38.849998474121094,36.7400016784668,38.849998474121094,1035100
2025-02-25,33.47487258911133,33.95000076293945,36.290000915527344,32.689998626708984,36.189998626708984,2283600
2025-02-26,37.40903091430664,37.939998626708984,41.09000015258789,37.2400016784668,37.88999938964844,2368800
2025-02-27,38.07951354980469,38.619998931884766,39.650001525878906,37.77000045776367,37.939998626708984,830000
2025-02-28,37.902034759521484,38.439998626708984,39.22999954223633,38.130001068115234,38.31999969482422,690500
2025-03-03,35.318702697753906,35.81999969482422,39.0099983215332,35.630001068115234,38.849998474121094,849700
2025-03-04,35.63422393798828,36.13999938964844,36.86000061035156,34.880001068115234,35.709999084472656,845700
2025-03-05,34.539756774902344,35.029998779296875,37.0,34.97999954223633,36.529998779296875,1055000
2025-03-06,36.18638610839844,36.70000076293945,37.2599983215332,34.439998626708984,34.83000183105469,817100
2025-03-07,37.69497299194336,38.22999954223633,38.54999923706055,36.72999954223633,36.939998626708984,765200
2025-03-10,36.89630889892578,37.41999816894531,39.09000015258789,37.119998931884766,38.36000061035156,745900
2025-03-11,33.25794982910156,33.72999954223633,37.54999923706055,33.720001220703125,37.43000030517578,1148200
2025-03-12,32.972007751464844,33.439998626708984,34.68000030517578,32.939998626708984,33.88999938964844,859300
2025-03-13,30.694337844848633,31.1299991607666,33.84000015258789,31.110000610351562,33.33000183105469,786500
2025-03-14,30.901399612426758,31.34000015258789,32.15999984741211,30.760000228881836,31.18000030517578,810400
2025-03-17,31.700063705444336,32.150001525878906,32.4900016784668,31.290000915527344,31.440000534057617,777900
2025-03-18,31.709922790527344,32.15999984741211,32.29999923706055,31.170000076293945,31.670000076293945,695500
2025-03-19,31.0,31.440000534057617,32.5099983215332,31.219999313354492,32.15999984741211,612200
2025-03-20,30.739999771118164,30.739999771118164,31.290000915527344,30.540000915527344,30.920000076293945,535400
2025-03-21,29.479999542236328,29.479999542236328,30.520000457763672,29.290000915527344,30.290000915527344,1409400
2025-03-24,30.6200008392334,30.6200008392334,30.700000762939453,29.540000915527344,29.579999923706055,768400
2025-03-25,28.84000015258789,28.84000015258789,31.010000228881836,28.81999969482422,31.010000228881836,901500
2025-03-26,28.360000610351562,28.360000610351562,29.049999237060547,28.209999084472656,28.84000015258789,775000
2025-03-27,28.6299991607666,28.6299991607666,29.18000030517578,28.079999923706055,28.280000686645508,556400
2025-03-28,27.43000030517578,27.43000030517578,28.420000076293945,27.31999969482422,28.420000076293945,1046000
2025-03-31,27.190000534057617,27.190000534057617,27.690000534057617,26.690000534057617,26.920000076293945,998700
2025-04-01,26.93000030517578,26.93000030517578,27.3799991607666,26.329999923706055,27.06999969482422,840100
2025-04-02,26.530000686645508,26.530000686645508,27.3799991607666,26.34000015258789,26.59000015258789,1024100
2025-04-03,25.729999542236328,25.729999542236328,25.989999771118164,24.81999969482422,25.459999084472656,1743600
2025-04-04,24.350000381469727,24.350000381469727,25.15999984741211,23.209999084472656,24.93000030517578,2175300
2025-04-07,24.6299991607666,24.6299991607666,25.25,22.34000015258789,23.399999618530273,1499900
2025-04-08,22.93000030517578,22.93000030517578,25.68000030517578,22.610000610351562,25.540000915527344,1489500
2025-04-09,25.690000534057617,25.690000534057617,25.8700008392334,22.440000534057617,22.6299991607666,1557700
2025-04-10,24.81999969482422,24.81999969482422,25.530000686645508,23.8799991607666,25.530000686645508,790100
2025-04-11,24.729999542236328,24.729999542236328,25.149999618530273,23.610000610351562,24.940000534057617,755200
2025-04-14,24.420000076293945,24.420000076293945,25.399999618530273,23.56999969482422,25.219999313354492,855500
2025-04-15,23.709999084472656,23.709999084472656,25.040000915527344,23.43000030517578,24.3799991607666,712700
2025-04-16,22.860000610351562,22.860000610351562,23.690000534057617,22.56999969482422,23.690000534057617,746700
2025-04-17,23.219999313354492,23.219999313354492,23.389999389648438,22.690000534057617,22.860000610351562,582300
2025-04-21,24.809999465942383,24.809999465942383,24.860000610351562,22.68000030517578,22.959999084472656,828800
2025-04-22,25.440000534057617,25.440000534057617,25.540000915527344,24.280000686645508,25.229999542236328,658400
2025-04-23,25.420000076293945,25.420000076293945,26.510000228881836,24.969999313354492,25.93000030517578,1115000
2025-04-24,23.969999313354492,23.969999313354492,24.0,22.010000228881836,23.3799991607666,2737000
2025-04-25,24.520000457763672,24.520000457763672,24.799999237060547,23.59000015258789,23.799999237060547,1176600
2025-04-28,25.75,25.75,26.149999618530273,25.09000015258789,25.549999237060547,1479000
2025-04-29,26.18000030517578,26.18000030517578,26.31999969482422,25.40999984741211,25.639999389648438,655000
2025-04-30,26.040000915527344,26.040000915527344,26.209999084472656,25.18000030517578,25.610000610351562,504500
2025-05-01,26.110000610351562,26.110000610351562,27.0,25.829999923706055,26.200000762939453,783600
2025-05-02,27.15999984741211,27.15999984741211,27.559999465942383,26.209999084472656,26.25,561500
2025-05-05,27.030000686645508,27.030000686645508,27.510000228881836,26.799999237060547,27.0,601900
2025-05-06,26.3799991607666,26.3799991607666,27.15999984741211,26.209999084472656,26.760000228881836,775600
2025-05-07,26.59000015258789,26.59000015258789,26.790000915527344,26.09000015258789,26.790000915527344,552800
2025-05-08,27.219999313354492,27.219999313354492,27.739999771118164,26.649999618530273,26.770000457763672,470700
2025-05-09,26.920000076293945,26.920000076293945,27.520000457763672,26.549999237060547,27.190000534057617,469500
2025-05-12,28.799999237060547,28.799999237060547,29.399999618530273,28.0,28.56999969482422,986400
2025-05-13,26.06999969482422,26.06999969482422,29.139999389648438,26.010000228881836,29.010000228881836,978300
2025-05-14,25.670000076293945,25.670000076293945,25.950000762939453,25.100000381469727,25.809999465942383,1087900
2025-05-15,24.059999465942383,24.059999465942383,25.049999237060547,23.200000762939453,24.350000381469727,1713600
2025-05-16,23.75,23.75,24.3799991607666,23.290000915527344,24.239999771118164,1049100
2025-05-19,21.969999313354492,21.969999313354492,22.989999771118164,21.959999084472656,22.709999084472656,1612600
2025-05-20,21.989999771118164,21.989999771118164,22.299999237060547,21.450000762939453,21.899999618530273,1125600
2025-05-21,19.940000534057617,19.940000534057617,21.760000228881836,19.8799991607666,21.579999923706055,1662500
2025-05-22,20.239999771118164,20.239999771118164,20.549999237060547,19.399999618530273,19.799999237060547,1121900
2025-05-23,20.290000915527344,20.290000915527344,20.600000381469727,19.8799991607666,19.8799991607666,545100
2025-05-27,20.34000015258789,20.34000015258789,20.989999771118164,20.020000457763672,20.15999984741211,828900
2025-05-28,20.389999389648438,20.389999389648438,20.5,19.860000610351562,20.360000610351562,623300
2025-05-29,19.549999237060547,19.549999237060547,20.75,19.520000457763672,20.540000915527344,807100
2025-05-30,18.969999313354492,18.969999313354492,19.610000610351562,18.950000762939453,19.469999313354492,1048000
2025-06-02,18.690000534057617,18.690000534057617,19.040000915527344,18.239999771118164,18.920000076293945,1120700
2025-06-03,19.360000610351562,19.360000610351562,19.809999465942383,18.389999389648438,18.709999084472656,860400
2025-06-04,20.260000228881836,20.260000228881836,20.420000076293945,19.09000015258789,19.360000610351562,848900
2025-06-05,19.450000762939453,19.450000762939453,20.34000015258789,19.149999618530273,20.25,835000
2025-06-06,20.290000915527344,20.290000915527344,20.290000915527344,19.290000915527344,19.860000610351562,631100
2025-06-09,21.56999969482422,21.56999969482422,21.700000762939453,20.639999389648438,20.889999389648438,1354800
2025-06-10,20.780000686645508,20.780000686645508,22.170000076293945,20.770000457763672,21.75,735000
2025-06-11,19.850000381469727,19.850000381469727,20.780000686645508,19.5,20.75,991400
2025-06-12,19.5,19.5,19.920000076293945,19.420000076293945,19.709999084472656,842800
2025-06-13,18.299999237060547,18.299999237060547,19.479999542236328,18.18000030517578,19.309999465942383,1159500
2025-06-16,18.020000457763672,18.020000457763672,18.639999389648438,18.020000457763672,18.540000915527344,1040400
2025-06-17,17.6299991607666,17.6299991607666,18.239999771118164,17.510000228881836,17.899999618530273,947200
2025-06-18,17.059999465942383,17.059999465942383,17.90999984741211,17.020000457763672,17.780000686645508,1073200
2025-06-20,17.25,17.25,17.40999984741211,16.6299991607666,16.90999984741211,1331100
2025-06-23,18.030000686645508,18.030000686645508,18.040000915527344,16.670000076293945,17.139999389648438,880000
2025-06-24,17.829999923706055,17.829999923706055,18.459999084472656,17.690000534057617,18.200000762939453,724100
2025-06-25,17.149999618530273,17.149999618530273,17.81999969482422,16.899999618530273,17.690000534057617,750900
2025-06-26,17.290000915527344,17.290000915527344,17.360000610351562,16.860000610351562,17.1200008392334,612200
2025-06-27,16.829999923706055,16.829999923706055,17.43000030517578,16.65999984741211,17.43000030517578,1060000
2025-06-30,17.459999084472656,17.459999084472656,17.479999542236328,16.799999237060547,16.959999084472656,919700
2025-07-01,19.09000015258789,19.09000015258789,19.399999618530273,17.25,17.440000534057617,1173400
2025-07-02,20.59000015258789,20.59000015258789,20.809999465942383,19.09000015258789,19.770000457763672,1674600
2025-07-03,20.3700008392334,20.3700008392334,20.649999618530273,20.040000915527344,20.6299991607666,469200
2025-07-07,19.760000228881836,19.760000228881836,20.799999237060547,19.469999313354492,20.290000915527344,896600
2025-07-08,21.450000762939453,21.450000762939453,21.5,19.68000030517578,19.8799991607666,954300
2025-07-09,22.110000610351562,22.110000610351562,22.209999084472656,21.09000015258789,21.579999923706055,891800
2025-07-10,22.59000015258789,22.59000015258789,23.25,21.959999084472656,22.0,894200
2025-07-11,22.75,22.75,22.799999237060547,21.920000076293945,22.530000686645508,675200
2025-07-14,21.229999542236328,21.229999542236328,22.700000762939453,21.030000686645508,22.18000030517578,862200
2025-07-15,20.149999618530273,20.149999618530273,21.700000762939453,20.0,21.399999618530273,874500
2025-07-16,20.690000534057617,20.690000534057617,20.969999313354492,20.350000381469727,20.3700008392334,691700
2025-07-17,21.610000610351562,21.610000610351562,22.059999465942383,20.739999771118164,20.760000228881836,729500
2025-07-18,21.399999618530273,21.399999618530273,22.100000381469727,21.329999923706055,21.90999984741211,621200
2025-07-21,22.209999084472656,22.209999084472656,22.479999542236328,21.670000076293945,21.670000076293945,715100
2025-07-22,24.350000381469727,24.350000381469727,24.600000381469727,22.40999984741211,22.469999313354492,1292800
2025-07-23,24.8799991607666,24.8799991607666,25.34000015258789,24.139999389648438,24.760000228881836,1151600
2025-07-24,23.700000762939453,23.700000762939453,24.530000686645508,23.5,24.299999237060547,1351700
2025-07-25,23.889999389648438,23.889999389648438,24.18000030517578,23.329999923706055,23.8799991607666,723900
2025-07-28,22.420000076293945,22.420000076293945,23.90999984741211,22.420000076293945,23.90999984741211,577800
2025-07-29,20.920000076293945,20.920000076293945,22.399999618530273,20.899999618530273,22.25,735100
2025-07-30,20.18000030517578,20.18000030517578,21.389999389648438,19.979999542236328,21.100000381469727,782900
2025-07-31,19.700000762939453,19.700000762939453,20.209999084472656,19.280000686645508,19.940000534057617,909800
2025-08-01,19.229999542236328,19.229999542236328,19.850000381469727,18.93000030517578,19.43000030517578,998500
2025-08-04,19.040000915527344,19.040000915527344,19.579999923706055,19.0,19.170000076293945,786700
2025-08-05,19.5,19.5,19.780000686645508,18.850000381469727,19.040000915527344,902900
2025-08-06,18.940000534057617,18.940000534057617,19.68000030517578,18.760000228881836,19.579999923706055,1074800
2025-08-07,18.6299991607666,18.6299991607666,19.649999618530273,17.510000228881836,18.200000762939453,1895200
2025-08-08,18.190000534057617,18.190000534057617,18.809999465942383,17.43000030517578,18.809999465942383,1193900
2025-08-11,16.979999542236328,16.979999542236328,18.389999389648438,16.959999084472656,18.030000686645508,1319200
2025-08-12,16.670000076293945,16.670000076293945,17.229999542236328,16.6299991607666,17.049999237060547,1336200
2025-08-13,18.670000076293945,18.670000076293945,18.899999618530273,16.530000686645508,16.65999984741211,1326500
2025-08-14,20.649999618530273,20.649999618530273,20.670000076293945,17.899999618530273,18.40999984741211,1782000
2025-08-15,20.469999313354492,20.469999313354492,21.030000686645508,19.209999084472656,20.670000076293945,1632100
2025-08-18,18.780000686645508,18.780000686645508,20.469999313354492,18.760000228881836,20.15999984741211,1134100
2025-08-19,19.0,19.0,19.780000686645508,18.90999984741211,19.010000228881836,779100
2025-08-20,18.670000076293945,18.670000076293945,19.280000686645508,18.600000381469727,18.90999984741211,809700
2025-08-21,18.100000381469727,18.100000381469727,18.649999618530273,17.75,18.5,1215600
2025-08-22,18.649999618530273,18.649999618530273,19.329999923706055,18.010000228881836,18.239999771118164,1652000
2025-08-25,18.809999465942383,18.809999465942383,18.979999542236328,18.31999969482422,18.760000228881836,615900
2025-08-26,18.670000076293945,18.670000076293945,19.149999618530273,18.540000915527344,18.690000534057617,983000
2025-08-27,18.280000686645508,18.280000686645508,19.139999389648438,17.969999313354492,18.610000610351562,784900
2025-08-28,18.739999771118164,18.739999771118164,18.780000686645508,17.93000030517578,18.43000030517578,797600
2025-08-29,19.299999237060547,19.299999237060547,19.559999465942383,18.770000457763672,18.84000015258789,702500
2025-09-02,18.729999542236328,18.729999542236328,19.190000534057617,18.31999969482422,19.190000534057617,601800
2025-09-03,17.969999313354492,17.969999313354492,18.399999618530273,17.700000762939453,18.350000381469727,960900
2025-09-04,19.420000076293945,19.420000076293945,19.489999771118164,17.860000610351562,17.969999313354492,1763700
2025-09-05,20.43000030517578,20.43000030517578,21.170000076293945,19.559999465942383,19.559999465942383,1799900
2025-09-08,19.850000381469727,19.850000381469727,20.84000015258789,19.459999084472656,20.43000030517578,2340800
2025-09-09,19.940000534057617,19.940000534057617,20.440000534057617,19.34000015258789,19.809999465942383,1633600
2025-09-10,18.270000457763672,18.270000457763672,19.75,18.239999771118164,19.739999771118164,1807000
2025-09-11,18.1299991607666,18.1299991607666,18.469999313354492,17.43000030517578,18.229999542236328,1828200
2025-09-12,18.540000915527344,18.540000915527344,19.020000457763672,17.75,18.06999969482422,1812100
2025-09-15,19.59000015258789,19.59000015258789,20.040000915527344,18.3799991607666,18.670000076293945,1818900
2025-09-16,19.420000076293945,19.420000076293945,19.950000762939453,18.549999237060547,19.56999969482422,1530400
2025-09-17,18.729999542236328,18.729999542236328,19.8700008392334,18.649999618530273,19.290000915527344,1709400
2025-09-18,18.850000381469727,18.850000381469727,19.079999923706055,18.200000762939453,18.670000076293945,1785200
2025-09-19,18.920000076293945,18.920000076293945,19.18000030517578,18.260000228881836,18.809999465942383,4962400
2025-09-22,18.65999984741211,18.65999984741211,18.829999923706055,18.100000381469727,18.829999923706055,1792000
2025-09-23,18.399999618530273,18.399999618530273,19.15999984741211,18.200000762939453,18.84000015258789,1614300
2025-09-24,19.110000610351562,19.110000610351562,19.469999313354492,18.31999969482422,18.459999084472656,1597300
2025-09-25,19.389999389648438,19.389999389648438,19.399999618530273,18.600000381469727,19.079999923706055,1145900
2025-09-26,20.229999542236328,20.229999542236328,20.399999618530273,18.989999771118164,19.360000610351562,1255200
2025-09-29,19.139999389648438,19.139999389648438,20.190000534057617,18.200000762939453,20.190000534057617,1854600
2025-09-30,19.770000457763672,19.770000457763672,19.84000015258789,18.739999771118164,18.799999237060547,1421700
2025-10-01,20.75,20.75,20.829999923706055,19.649999618530273,19.649999618530273,1459000
2025-10-02,19.56999969482422,19.56999969482422,21.18000030517578,19.520000457763672,20.75,1278400
2025-10-03,19.940000534057617,19.940000534057617,19.969999313354492,18.479999542236328,19.56999969482422,1322400
2025-10-06,19.190000534057617,19.190000534057617,20.049999237060547,19.079999923706055,20.040000915527344,971500
2025-10-07,19.1200008392334,19.1200008392334,19.690000534057617,18.850000381469727,19.200000762939453,1100600
2025-10-08,19.3700008392334,19.3700008392334,19.389999389648438,18.40999984741211,19.1200008392334,1382400
2025-10-09,18.3700008392334,18.3700008392334,19.3700008392334,18.239999771118164,19.3700008392334,1123400
2025-10-10,17.34000015258789,17.34000015258789,18.670000076293945,17.309999465942383,18.579999923706055,1241000
2025-10-13,17.780000686645508,17.780000686645508,17.84000015258789,17.219999313354492,17.600000381469727,1293100
2025-10-14,19.639999389648438,19.639999389648438,19.979999542236328,17.489999771118164,17.549999237060547,1870300
2025-10-15,19.280000686645508,19.280000686645508,20.809999465942383,19.280000686645508,20.0,1241000
2025-10-16,17.610000610351562,17.610000610351562,19.600000381469727,17.25,19.40999984741211,2128000
2025-10-17,17.06999969482422,17.06999969482422,17.850000381469727,17.059999465942383,17.559999465942383,1136800
2025-10-20,17.260000228881836,17.260000228881836,17.739999771118164,17.170000076293945,17.25,984400
2025-10-21,18.149999618530273,18.149999618530273,18.350000381469727,17.1200008392334,17.209999084472656,1381400
2025-10-22,18.239999771118164,18.239999771118164,18.559999465942383,17.850000381469727,18.059999465942383,1064200
2025-10-23,18.3700008392334,18.3700008392334,18.5,17.84000015258789,18.239999771118164,921000
2025-10-24,17.729999542236328,17.729999542236328,18.43000030517578,17.690000534057617,18.299999237060547,972700
2025-10-27,17.299999237060547,17.299999237060547,17.850000381469727,17.149999618530273,17.709999084472656,1037700
2025-10-28,17.059999465942383,17.059999465942383,17.459999084472656,16.899999618530273,17.149999618530273,1016300
2025-10-29,16.440000534057617,16.440000534057617,17.030000686645508,16.219999313354492,17.020000457763672,1099600
2025-10-30,15.279999732971191,15.279999732971191,16.290000915527344,15.220000267028809,16.290000915527344,1587600
2025-10-31,16.040000915527344,16.040000915527344,16.079999923706055,14.880000114440918,15.25,1398200
2025-11-03,15.989999771118164,15.989999771118164,16.18000030517578,15.630000114440918,16.040000915527344,980600
2025-11-04,16.719999313354492,16.719999313354492,16.969999313354492,16.270000457763672,16.3799991607666,1543200
2025-11-05,17.1299991607666,17.1299991607666,17.8799991607666,16.690000534057617,16.790000915527344,1501700
2025-11-06,15.930000305175781,15.930000305175781,17.229999542236328,15.90999984741211,17.1200008392334,859300
2025-11-07,17.049999237060547,17.049999237060547,17.110000610351562,15.850000381469727,15.949999809265137,913400
2025-11-10,15.640000343322754,15.640000343322754,16.979999542236328,15.34000015258789,16.760000228881836,1668500
2025-11-11,14.989999771118164,14.989999771118164,15.829999923706055,14.920000076293945,15.65999984741211,1123600
2025-11-12,15.149999618530273,15.149999618530273,15.630000114440918,14.989999771118164,15.0,1191300
2025-11-13,15.199999809265137,15.199999809265137,15.829999923706055,15.039999961853027,15.050000190734863,827000
2025-11-14,14.9399995803833,14.9399995803833,15.260000228881836,14.640000343322754,15.039999961853027,928500
2025-11-17,14.260000228881836,14.260000228881836,14.869999885559082,14.180000305175781,14.800000190734863,944000
2025-11-18,14.25,14.25,14.65999984741211,14.109999656677246,14.149999618530273,1104100
2025-11-19,14.380000114440918,14.380000114440918,14.520000457763672,13.989999771118164,14.34000015258789,1431800
2025-11-20,15.5,15.5,16.43000030517578,14.199999809265137,14.470000267028809,2804500
2025-11-21,16.809999465942383,16.809999465942383,16.8700008392334,15.550000190734863,15.670000076293945,1964700
2025-11-24,17.360000610351562,17.360000610351562,17.790000915527344,16.329999923706055,16.649999618530273,2034500
2025-11-25,19.459999084472656,19.459999084472656,20.260000228881836,17.90999984741211,18.0,2358600
2025-11-26,19.459999084472656,19.459999084472656,19.979999542236328,18.8799991607666,19.020000457763672,1053400
2025-11-28,19.709999084472656,19.709999084472656,19.959999084472656,19.020000457763672,19.1299991607666,448400
2025-12-01,19.31999969482422,19.31999969482422,19.719999313354492,19.020000457763672,19.3799991607666,764200
2025-12-02,19.43000030517578,19.43000030517578,19.6299991607666,18.610000610351562,19.25,745900
2025-12-03,19.8700008392334,19.8700008392334,20.059999465942383,19.040000915527344,19.079999923706055,618700
2025-12-04,19.329999923706055,19.329999923706055,19.700000762939453,18.799999237060547,19.690000534057617,600700
2025-12-05,18.84000015258789,18.84000015258789,19.459999084472656,18.790000915527344,19.239999771118164,539100
2025-12-08,18.950000762939453,18.950000762939453,18.950000762939453,17.979999542236328,18.93000030517578,563800
2025-12-09,19.270000457763672,19.270000457763672,19.600000381469727,18.84000015258789,19.059999465942383,433600
2025-12-10,20.110000610351562,20.110000610351562,20.700000762939453,19.229999542236328,19.420000076293945,1020500
2025-12-11,20.270000457763672,20.270000457763672,20.84000015258789,20.010000228881836,20.110000610351562,654600
2025-12-12,21.079999923706055,21.079999923706055,21.59000015258789,19.989999771118164,20.270000457763672,1049500
2025-12-15,19.649999618530273,19.649999618530273,21.079999923706055,19.520000457763672,20.93000030517578,686900
2025-12-16,20.389999389648438,20.389999389648438,20.59000015258789,19.649999618530273,19.649999618530273,841400
2025-12-17,19.510000228881836,19.510000228881836,20.610000610351562,19.489999771118164,20.270000457763672,644400
2025-12-18,19.68000030517578,19.68000030517578,19.959999084472656,19.5,19.639999389648438,518000
2025-12-19,19.420000076293945,19.420000076293945,19.809999465942383,19.1200008392334,19.68000030517578,882600
2025-12-22,19.450000762939453,19.450000762939453,19.6200008392334,19.209999084472656,19.329999923706055,573200
2025-12-23,18.84000015258789,18.84000015258789,19.389999389648438,18.540000915527344,19.389999389648438,510200
2025-12-24,19.110000610351562,19.110000610351562,19.18000030517578,18.84000015258789,18.84000015258789,238100
2025-12-26,20.579999923706055,20.579999923706055,20.649999618530273,19.09000015258789,19.15999984741211,749800
2025-12-29,19.530000686645508,19.530000686645508,20.770000457763672,19.489999771118164,20.350000381469727,551200
2025-12-30,18.979999542236328,18.979999542236328,19.549999237060547,18.959999084472656,19.5,565100
2025-12-31,18.950000762939453,18.950000762939453,19.040000915527344,18.729999542236328,18.90999984741211,524900
2026-01-02,18.719999313354492,18.719999313354492,19.170000076293945,18.65999984741211,19.100000381469727,723900
2026-01-05,18.979999542236328,18.979999542236328,19.360000610351562,18.6299991607666,18.780000686645508,499700
2026-01-06,20.5,20.5,20.65999984741211,18.860000610351562,18.969999313354492,811500
2026-01-07,20.700000762939453,20.700000762939453,21.280000686645508,20.530000686645508,20.84000015258789,617400
2026-01-08,22.56999969482422,22.56999969482422,23.18000030517578,20.09000015258789,20.520000457763672,882400
2026-01-09,22.979999542236328,22.979999542236328,23.030000686645508,21.540000915527344,22.56999969482422,640200
2026-01-12,22.65999984741211,22.65999984741211,22.899999618530273,21.93000030517578,22.899999618530273,602200
2026-01-13,22.059999465942383,22.059999465942383,22.700000762939453,21.899999618530273,22.559999465942383,403100
2026-01-14,22.579999923706055,22.579999923706055,22.65999984741211,21.8700008392334,21.8700008392334,432000
2026-01-15,23.520000457763672,23.520000457763672,23.860000610351562,22.25,22.6200008392334,747900
2026-01-16,22.979999542236328,22.979999542236328,23.700000762939453,22.68000030517578,23.350000381469727,475800
2026-01-20,20.670000076293945,20.670000076293945,22.200000762939453,20.649999618530273,22.020000457763672,454500
2026-01-21,21.170000076293945,21.170000076293945,21.399999618530273,20.3799991607666,20.639999389648438,380700
2026-01-22,21.709999084472656,21.709999084472656,22.100000381469727,21.100000381469727,21.209999084472656,351600
2026-01-23,21.15999984741211,21.15999984741211,21.709999084472656,21.049999237060547,21.540000915527344,298600
2026-01-26,21.219999313354492,21.219999313354492,21.530000686645508,20.75,21.059999465942383,402300
2026-01-27,21.790000915527344,21.790000915527344,21.950000762939453,20.889999389648438,21.239999771118164,436300
2026-01-28,20.809999465942383,20.809999465942383,22.399999618530273,20.5,21.829999923706055,328300
2026-01-29,20.59000015258789,20.59000015258789,20.940000534057617,20.139999389648438,20.809999465942383,428900
2026-01-30,20.969999313354492,20.969999313354492,21.3799991607666,20.290000915527344,20.469999313354492,369100
2026-02-02,21.0,21.0,21.200000762939453,20.549999237060547,20.719999313354492,311100
2026-02-03,21.56999969482422,21.56999969482422,22.40999984741211,20.690000534057617,20.690000534057617,550500
2026-02-04,22.229999542236328,22.229999542236328,22.540000915527344,21.8700008392334,21.8700008392334,619500
2026-02-05,22.010000228881836,22.010000228881836,22.489999771118164,21.75,22.270000457763672,561000
2026-02-06,22.770000457763672,22.770000457763672,23.1299991607666,22.139999389648438,22.299999237060547,380100
2026-02-09,21.360000610351562,21.360000610351562,22.639999389648438,20.739999771118164,22.639999389648438,446700
2026-02-10,20.40999984741211,20.40999984741211,21.610000610351562,20.34000015258789,21.510000228881836,459900
2026-02-11,20.649999618530273,20.649999618530273,20.850000381469727,20.139999389648438,20.420000076293945,268700
2026-02-12,20.5,20.5,21.079999923706055,20.0,20.940000534057617,707500
2026-02-13,20.729999542236328,20.729999542236328,21.34000015258789,20.270000457763672,20.530000686645508,485600
2026-02-17,21.34000015258789,21.34000015258789,21.389999389648438,20.40999984741211,20.75,442200
2026-02-18,22.010000228881836,22.010000228881836,22.670000076293945,21.270000457763672,21.350000381469727,581400
2026-02-19,18.020000457763672,18.020000457763672,21.600000381469727,18.020000457763672,21.5,1722200
2026-02-20,16.809999465942383,16.809999465942383,18.15999984741211,16.34000015258789,18.040000915527344,1560700
2026-02-23,17.06999969482422,17.06999969482422,17.309999465942383,16.34000015258789,16.780000686645508,802600
2026-02-24,17.40999984741211,17.40999984741211,17.790000915527344,17.0,17.0,543900
2026-02-25,16.8700008392334,16.8700008392334,17.610000610351562,16.790000915527344,17.579999923706055,530400
2026-02-26,17.280000686645508,17.280000686645508,17.43000030517578,16.809999465942383,16.8700008392334,523400
2026-02-27,16.920000076293945,16.920000076293945,17.149999618530273,16.559999465942383,16.969999313354492,642700
2026-03-02,15.420000076293945,15.420000076293945,16.530000686645508,15.359999656677246,16.530000686645508,914200
2026-03-03,15.180000305175781,15.180000305175781,15.4399995803833,14.8100004196167,15.100000381469727,991200
2026-03-04,15.119999885559082,15.119999885559082,15.380000114440918,14.890000343322754,15.1899995803833,674500
2026-03-05,15.09000015258789,15.09000015258789,15.40999984741211,14.869999885559082,15.0,851600
2026-03-06,14.489999771118164,14.489999771118164,14.880000114440918,14.199999809265137,14.869999885559082,834100
2026-03-09,13.949999809265137,13.949999809265137,14.039999961853027,13.369999885559082,14.020000457763672,1220700
2026-03-10,13.670000076293945,13.670000076293945,14.130000114440918,13.399999618530273,13.9399995803833,683100
2026-03-11,13.369999885559082,13.369999885559082,13.819999694824219,13.130000114440918,13.600000381469727,760700
2026-03-12,12.880000114440918,12.880000114440918,13.390000343322754,12.850000381469727,13.149999618530273,908900
2026-03-13,12.65999984741211,12.65999984741211,13.050000190734863,12.300000190734863,13.0,1192600
2026-03-16,12.779999732971191,12.779999732971191,12.9399995803833,12.449999809265137,12.84000015258789,684800
2026-03-17,12.5,12.5,13.170000076293945,12.430000305175781,12.970000267028809,791500
2026-03-18,11.600000381469727,11.600000381469727,12.390000343322754,11.579999923706055,12.329999923706055,1140600
2026-03-19,11.1899995803833,11.1899995803833,11.5600004196167,10.890000343322754,11.5,1136700
2026-03-20,11.0,11.0,11.260000228881836,10.869999885559082,11.0600004196167,881300
2026-03-23,11.15999984741211,11.15999984741211,11.350000381469727,10.829999923706055,11.350000381469727,770400
2026-03-24,10.829999923706055,10.829999923706055,11.359999656677246,10.789999961853027,11.079999923706055,891700
2026-03-25,11.0,11.0,11.449999809265137,10.800000190734863,10.979999542236328,1360100
2026-03-26,10.720000267028809,10.720000267028809,11.380000114440918,10.699999809265137,10.850000381469727,660000
2026-03-27,9.699999809265137,9.699999809265137,10.609999656677246,9.609999656677246,10.600000381469727,1488000
2026-03-30,9.399999618530273,9.399999618530273,9.9399995803833,9.319999694824219,9.739999771118164,1270600
2026-03-31,9.670000076293945,9.670000076293945,9.710000038146973,8.920000076293945,9.359999656677246,1729500
2026-04-01,9.710000038146973,9.710000038146973,10.050000190734863,9.569999694824219,9.829999923706055,1063100
2026-04-02,9.989999771118164,9.989999771118164,10.130000114440918,9.100000381469727,9.289999961853027,874900
2026-04-06,10.609999656677246,10.609999656677246,10.84000015258789,9.899999618530273,10.010000228881836,1050200
2026-04-07,10.960000038146973,10.960000038146973,11.119999885559082,10.34000015258789,10.550000190734863,1127200
2026-04-08,11.300000190734863,11.300000190734863,11.789999961853027,11.100000381469727,11.520000457763672,735400
2026-04-09,12.020000457763672,12.020000457763672,12.260000228881836,11.050000190734863,11.260000228881836,940200
2026-04-10,11.449999809265137,11.449999809265137,12.380000114440918,11.210000038146973,12.140000343322754,633000
2026-04-13,11.380000114440918,11.380000114440918,11.739999771118164,10.90999984741211,11.220000267028809,732500
2026-04-14,11.779999732971191,11.779999732971191,11.779999732971191,11.220000267028809,11.220000267028809,786300
2026-04-15,11.720000267028809,11.720000267028809,11.869999885559082,11.600000381469727,11.779999732971191,424700
2026-04-16,12.359999656677246,12.359999656677246,12.489999771118164,11.729999542236328,11.760000228881836,759400
2026-04-17,12.979999542236328,12.979999542236328,13.15999984741211,12.579999923706055,12.729999542236328,805100
2026-04-20,12.779999732971191,12.779999732971191,13.15999984741211,12.649999618530273,12.760000228881836,581200
2026-04-21,12.699999809265137,12.699999809265137,13.3100004196167,12.510000228881836,12.779999732971191,568100
2026-04-22,13.90999984741211,13.90999984741211,14.199999809265137,12.75,12.869999885559082,1215800
2026-04-23,12.710000038146973,12.710000038146973,14.069999694824219,12.510000228881836,13.960000038146973,710100
2026-04-24,12.920000076293945,12.920000076293945,13.149999618530273,12.239999771118164,12.649999618530273,707900
2026-04-27,13.199999809265137,13.199999809265137,13.25,12.520000457763672,12.6899995803833,667100
2026-04-28,13.0,13.0,14.100000381469727,12.920000076293945,13.25,904100
2026-04-29,12.300000190734863,12.300000190734863,12.779999732971191,12.149999618530273,12.779999732971191,645700
2026-04-30,12.600000381469727,12.600000381469727,12.729999542236328,12.25,12.460000038146973,398300
2026-05-01,12.279999732971191,12.279999732971191,12.729999542236328,12.270000457763672,12.520000457763672,496300
2026-05-04,12.050000190734863,12.050000190734863,12.5,11.920000076293945,12.170000076293945,693200
2026-05-05,12.84000015258789,12.84000015258789,12.930000305175781,12.050000190734863,12.050000190734863,850000
2026-05-06,13.630000114440918,13.630000114440918,13.699999809265137,13.039999961853027,13.039999961853027,648600
2026-05-07,13.869999885559082,13.869999885559082,14.020000457763672,13.420000076293945,13.720000267028809,493500
2026-05-08,13.789999961853027,13.789999961853027,14.270000457763672,13.630000114440918,14.039999961853027,615800
2026-05-11,13.399999618530273,13.399999618530273,13.960000038146973,12.979999542236328,13.739999771118164,863000
2026-05-12,13.569999694824219,13.569999694824219,13.75,13.109999656677246,13.380000114440918,717300
2026-05-13,12.789999961853027,12.789999961853027,13.630000114440918,12.569999694824219,13.619999885559082,1444900
2026-05-14,10.979999542236328,10.979999542236328,13.800000190734863,10.489999771118164,13.479999542236328,2716800
2026-05-15,10.869999885559082,10.869999885559082,11.140000343322754,10.449999809265137,10.609999656677246,937300
2026-05-18,10.779999732971191,10.779999732971191,10.949999809265137,10.5,10.9399995803833,1051400
2026-05-19,11.4399995803833,11.4399995803833,11.460000038146973,10.640000343322754,10.800000190734863,843200
2026-05-20,11.170000076293945,11.170000076293945,11.640000343322754,10.9399995803833,11.470000267028809,645100
2026-05-21,11.350000381469727,11.350000381469727,11.40999984741211,10.710000038146973,11.010000228881836,618600
2026-05-22,11.550000190734863,11.550000190734863,11.850000381469727,11.289999961853027,11.479999542236328,637000
2026-05-26,10.890000343322754,10.890000343322754,11.890000343322754,10.699999809265137,11.609999656677246,829000
2026-05-27,11.779999732971191,11.779999732971191,12.6899995803833,10.9399995803833,10.9399995803833,1749600
2026-05-28,11.5600004196167,11.5600004196167,11.819999694824219,11.050000190734863,11.279999732971191,899600
2026-05-29,12.449999809265137,12.449999809265137,12.699999809265137,11.899999618530273,12.029999732971191,1219300
2026-06-01,13.479999542236328,13.479999542236328,13.789999961853027,12.390000343322754,12.390000343322754,1259100
2026-06-02,12.75,12.75,13.199999809265137,12.680000305175781,13.199999809265137,512200
2026-06-03,11.949999809265137,11.949999809265137,12.739999771118164,11.890000343322754,12.550000190734863,512000
2026-06-04,11.649999618530273,11.649999618530273,12.25,11.5600004196167,11.979999542236328,553300
2026-06-05,11.319999694824219,11.319999694824219,12.029999732971191,11.119999885559082,11.640000343322754,512000
2026-06-08,11.579999923706055,11.579999923706055,11.579999923706055,10.920000076293945,11.579999923706055,492000
2026-06-09,11.960000038146973,11.960000038146973,12.520000457763672,11.529999732971191,11.760000228881836,560600
2026-06-10,12.369999885559082,12.369999885559082,12.880000114440918,12.020000457763672,12.020000457763672,570700
2026-06-11,12.4399995803833,12.4399995803833,12.550000190734863,11.819999694824219,12.369999885559082,565600
2026-06-12,13.369999885559082,13.369999885559082,13.640000343322754,12.4399995803833,12.59000015258789,798900
2026-06-15,12.920000076293945,12.920000076293945,13.729999542236328,12.630000114440918,13.390000343322754,747800
2026-06-16,12.630000114440918,12.630000114440918,13.029999732971191,12.449999809265137,12.84000015258789,622300
2026-06-17,12.399999618530273,12.399999618530273,12.970000267028809,12.350000381469727,12.4399995803833,427400
2026-06-18,12.800000190734863,12.800000190734863,13.390000343322754,12.529999732971191,12.529999732971191,572300
2026-06-22,11.40999984741211,11.40999984741211,12.84000015258789,11.279999732971191,12.600000381469727,869400
2026-06-23,11.579999923706055,11.579999923706055,11.729999542236328,11.300000190734863,11.300000190734863,408000
2026-06-24,13.350000381469727,13.350000381469727,13.970000267028809,12.5,12.6899995803833,1619300
2026-06-25,12.819999694824219,12.819999694824219,13.800000190734863,12.649999618530273,13.369999885559082,472500
2026-06-26,13.8100004196167,13.8100004196167,13.9399995803833,12.600000381469727,12.600000381469727,1378700
2026-06-29,16.600000381469727,16.600000381469727,17.15999984741211,13.279999732971191,13.960000038146973,3652600
2026-06-30,15.8100004196167,15.8100004196167,17.299999237060547,15.3100004196167,17.15999984741211,3543800
2026-07-01,17.40999984741211,17.40999984741211,17.440000534057617,14.649999618530273,15.630000114440918,2825900
2026-07-02,17.200000762939453,17.200000762939453,17.90999984741211,15.90999984741211,17.229999542236328,2148500
2026-07-06,15.819999694824219,15.819999694824219,17.5,15.260000228881836,17.149999618530273,1537800
2026-07-07,15.680000305175781,15.680000305175781,16.690000534057617,15.510000228881836,15.539999961853027,981300
2026-07-08,14.420000076293945,14.420000076293945,15.34000015258789,13.779999732971191,15.220000267028809,1478400
2026-07-09,15.170000076293945,15.170000076293945,15.609999656677246,14.390000343322754,14.399999618530273,892600
2026-07-10,14.890000343322754,14.890000343322754,15.649999618530273,14.479999542236328,15.270000457763672,939300
2026-07-13,15.119999885559082,15.119999885559082,15.550000190734863,14.859999656677246,14.859999656677246,595400
2026-07-14,15.199999809265137,15.199999809265137,15.420000076293945,14.760000228881836,15.050000190734863,554100
2026-07-15,15.270000457763672,15.270000457763672,15.710000038146973,14.970000267028809,15.329999923706055,548100
2026-07-16,16.239999771118164,16.239999771118164,16.25,15.319999694824219,15.479999542236328,560800
2026-07-17,14.979999542236328,14.979999542236328,16.459999084472656,14.819999694824219,16.239999771118164,808100
2026-07-20,14.699999809265137,14.699999809265137,15.449999809265137,14.40999984741211,15.130000114440918,794800
2026-07-21,14.8100004196167,14.8100004196167,15.119999885559082,14.100000381469727,14.699999809265137,554800
2026-07-22,14.239999771118164,14.239999771118164,15.220000267028809,14.09000015258789,14.829999923706055,613700
2026-07-23,13.699999809265137,13.699999809265137,13.929900169372559,13.130000114440918,13.880000114440918,487866
