Date,Adjusted_Close,Close,High,Low,Open,Volume
2021-07-23,134.66510009765625,137.0,137.7899932861328,135.27000427246094,137.1699981689453,80100
2021-07-26,134.76341247558594,137.10000610351562,138.49000549316406,135.9199981689453,138.41000366210938,80700
2021-07-27,132.4633026123047,134.75999450683594,136.7100067138672,133.22000122070312,135.32000732421875,129400
2021-07-28,134.98951721191406,137.3300018310547,138.99000549316406,131.97000122070312,133.22000122070312,215500
2021-07-29,143.51171875,146.0,146.0800018310547,137.30999755859375,139.3699951171875,577600
2021-07-30,144.08181762695312,146.5800018310547,146.8699951171875,143.44000244140625,144.38999938964844,239300
2021-08-02,142.2044219970703,144.6699981689453,150.52999877929688,144.14999389648438,147.25999450683594,176800
2021-08-03,143.7476348876953,146.24000549316406,146.94000244140625,142.49000549316406,145.05999755859375,143900
2021-08-04,141.6048126220703,144.05999755859375,147.0399932861328,143.75999450683594,144.39999389648438,93100
2021-08-05,143.49203491210938,145.97999572753906,147.58999633789062,143.5800018310547,145.2100067138672,99400
2021-08-06,145.05496215820312,147.57000732421875,148.72000122070312,147.10000610351562,148.30999755859375,96300
2021-08-09,142.2141876220703,144.67999267578125,146.63999938964844,143.99000549316406,146.5500030517578,105700
2021-08-10,143.9540252685547,146.4499969482422,149.02999877929688,144.25,145.33999633789062,176900
2021-08-11,143.59034729003906,146.0800018310547,147.22999572753906,144.6699981689453,146.66000366210938,85600
2021-08-12,140.28759765625,142.72000122070312,147.22000122070312,142.69000244140625,146.89999389648438,88600
2021-08-13,139.57005310058594,141.99000549316406,143.8000030517578,140.38999938964844,142.82000732421875,93700
2021-08-16,139.39315795898438,141.80999755859375,143.3699951171875,140.25999450683594,141.2899932861328,90400
2021-08-17,136.75880432128906,139.1300048828125,140.77000427246094,138.1699981689453,139.83999633789062,89200
2021-08-18,134.61595153808594,136.9499969482422,139.94000244140625,136.8300018310547,138.3800048828125,97400
2021-08-19,133.64285278320312,135.9600067138672,137.24000549316406,134.5500030517578,135.11000061035156,101400
2021-08-20,136.23974609375,138.5,139.2899932861328,135.35000610351562,136.1999969482422,98700
2021-08-23,137.6070556640625,139.88999938964844,140.75999450683594,138.10000610351562,139.08999633789062,100900
2021-08-24,137.67591857910156,139.9600067138672,142.19000244140625,139.69000244140625,140.0,64600
2021-08-25,137.05624389648438,139.3300018310547,140.55999755859375,137.13999938964844,139.27000427246094,107700
2021-08-26,136.2495574951172,138.50999450683594,140.52999877929688,138.3800048828125,139.47999572753906,67700
2021-08-27,140.98109436035156,143.32000732421875,143.8699951171875,139.3300018310547,139.3300018310547,137600
2021-08-30,143.96165466308594,146.35000610351562,146.97000122070312,142.8699951171875,144.17999267578125,109000
2021-08-31,143.50914001464844,145.88999938964844,147.22999572753906,144.4600067138672,146.4199981689453,113200
2021-09-01,145.53549194335938,147.9499969482422,148.05999755859375,144.0500030517578,146.38999938964844,105500
2021-09-02,148.88006591796875,151.35000610351562,151.77000427246094,148.16000366210938,148.16000366210938,174600
2021-09-03,146.6372833251953,149.07000732421875,150.99000549316406,147.30999755859375,150.55999755859375,89000
2021-09-07,147.55209350585938,150.0,151.3000030517578,147.32000732421875,148.32000732421875,115800
2021-09-08,147.00119018554688,149.44000244140625,150.14999389648438,147.30999755859375,148.6699981689453,109900
2021-09-09,148.27017211914062,150.72999572753906,151.8699951171875,148.16000366210938,149.61000061035156,260500
2021-09-10,148.47679138183594,150.94000244140625,152.8800048828125,150.10000610351562,151.1699981689453,115900
2021-09-13,145.67324829101562,148.08999633789062,152.4199981689453,145.83999633789062,151.41000366210938,199400
2021-09-14,143.8140411376953,146.1999969482422,149.07000732421875,145.36000061035156,148.77000427246094,155500
2021-09-15,143.96165466308594,146.35000610351562,148.05999755859375,144.55999755859375,145.66000366210938,120600
2021-09-16,143.75509643554688,146.13999938964844,147.0500030517578,143.24000549316406,147.0500030517578,108600
2021-09-17,150.2571563720703,152.75,152.89999389648438,144.44000244140625,146.52000427246094,572500
2021-09-20,150.3850860595703,152.8800048828125,152.99000549316406,147.5500030517578,149.8300018310547,192200
2021-09-21,152.87380981445312,155.41000366210938,155.8800048828125,150.66000366210938,153.82000732421875,194300
2021-09-22,156.60191345214844,159.1999969482422,160.10000610351562,155.35000610351562,155.47000122070312,228600
2021-09-23,154.7821807861328,157.35000610351562,161.0500030517578,157.22000122070312,159.82000732421875,220600
2021-09-24,149.7555389404297,152.24000549316406,156.38999938964844,152.1300048828125,156.38999938964844,166300
2021-09-27,153.47381591796875,156.02000427246094,156.25,150.77000427246094,152.74000549316406,329000
2021-09-28,149.93258666992188,152.4199981689453,155.36000061035156,151.33999633789062,155.36000061035156,128300
2021-09-29,152.3819580078125,154.91000366210938,156.63999938964844,151.19000244140625,153.47000122070312,299900
2021-09-30,138.2563018798828,140.5500030517578,156.3800048828125,140.19000244140625,156.35000610351562,364100
2021-10-01,140.81385803222656,143.14999389648438,145.0,141.0500030517578,141.0800018310547,263300
2021-10-04,143.6173858642578,146.0,146.85000610351562,144.4499969482422,144.8800048828125,209700
2021-10-05,144.0895233154297,146.47999572753906,148.99000549316406,145.63999938964844,145.85000610351562,135500
2021-10-06,142.5057830810547,144.8699951171875,146.27999877929688,142.19000244140625,145.3000030517578,100100
2021-10-07,142.58448791503906,144.9499969482422,148.0800018310547,144.3699951171875,146.63999938964844,281000
2021-10-08,144.00096130371094,146.38999938964844,146.80999755859375,144.1300048828125,145.16000366210938,59000
2021-10-11,144.0895233154297,146.47999572753906,148.3800048828125,146.14999389648438,146.17999267578125,58300
2021-10-12,145.1322021484375,147.5399932861328,148.11000061035156,145.35000610351562,146.5399932861328,108700
2021-10-13,144.33544921875,146.72999572753906,148.72000122070312,145.72000122070312,148.1999969482422,65700
2021-10-14,146.25363159179688,148.67999267578125,149.17999267578125,146.52999877929688,148.60000610351562,103800
2021-10-15,147.1192169189453,149.55999755859375,153.10000610351562,149.47000122070312,149.8699951171875,211700
2021-10-18,147.72911071777344,150.17999267578125,150.5800018310547,148.2100067138672,148.2100067138672,117300
2021-10-19,144.7682647705078,147.1699981689453,151.8000030517578,147.0800018310547,150.69000244140625,143000
2021-10-20,146.47003173828125,148.89999389648438,150.1300048828125,146.91000366210938,146.91000366210938,98500
2021-10-21,149.34237670898438,151.82000732421875,152.1699981689453,148.24000549316406,148.89999389648438,95100
2021-10-22,147.16845703125,149.61000061035156,153.30999755859375,149.61000061035156,151.5,97100
2021-10-25,147.20777893066406,149.64999389648438,151.4499969482422,149.2899932861328,150.5800018310547,104100
2021-10-26,147.72911071777344,150.17999267578125,151.32000732421875,148.6199951171875,150.10000610351562,91200
2021-10-27,144.2075653076172,146.60000610351562,150.85000610351562,146.4499969482422,148.86000061035156,105800
2021-10-28,148.16197204589844,150.6199951171875,151.0,134.6199951171875,145.19000244140625,421700
2021-10-29,145.33880615234375,147.75,150.5800018310547,145.9199981689453,149.52000427246094,183300
2021-11-01,152.05734252929688,154.5800018310547,155.00999450683594,147.27000427246094,147.92999267578125,151300
2021-11-02,149.5194549560547,152.0,155.49000549316406,151.47999572753906,154.16000366210938,93300
2021-11-03,154.91983032226562,157.49000549316406,158.6699981689453,147.3000030517578,151.0399932861328,210600
2021-11-04,159.346435546875,161.99000549316406,162.89999389648438,158.5399932861328,158.5399932861328,166900
2021-11-05,162.81881713867188,165.52000427246094,166.99000549316406,163.1999969482422,164.1199951171875,143500
2021-11-08,165.5829620361328,168.3300018310547,168.8699951171875,166.14999389648438,167.5399932861328,85100
2021-11-09,167.36341857910156,170.13999938964844,170.6300048828125,167.41000366210938,167.63999938964844,92900
2021-11-10,168.6815185546875,171.47999572753906,171.8699951171875,168.64999389648438,169.07000732421875,152000
2021-11-11,164.33363342285156,167.05999755859375,172.5500030517578,166.3699951171875,171.9199981689453,86700
2021-11-12,162.3466339111328,165.0399932861328,168.6199951171875,164.7100067138672,167.1999969482422,106000
2021-11-15,164.3828582763672,167.11000061035156,167.9199981689453,164.60000610351562,166.1699981689453,102100
2021-11-16,165.0714569091797,167.80999755859375,168.9199981689453,165.67999267578125,167.6199951171875,67900
2021-11-17,166.3403778076172,169.10000610351562,169.27000427246094,165.22999572753906,167.74000549316406,106100
2021-11-18,167.4813995361328,170.25999450683594,170.25999450683594,166.4600067138672,169.22000122070312,307700
2021-11-19,170.7768096923828,173.61000061035156,173.6300048828125,168.83999633789062,168.83999633789062,115400
2021-11-22,169.18321228027344,171.99000549316406,177.55999755859375,171.66000366210938,175.27000427246094,204700
2021-11-23,168.9766387939453,171.77999877929688,173.0500030517578,169.7899932861328,171.77000427246094,146300
2021-11-24,166.96995544433594,169.74000549316406,171.8000030517578,169.27000427246094,170.39999389648438,50500
2021-11-26,160.69406127929688,163.36000061035156,164.6699981689453,161.0,164.0399932861328,95200
2021-11-29,161.04820251464844,163.72000122070312,166.64999389648438,162.85000610351562,166.19000244140625,103900
2021-11-30,155.1952362060547,157.77000427246094,163.47000122070312,155.97000122070312,162.47000122070312,135800
2021-12-01,151.86056518554688,154.3800048828125,163.07000732421875,154.19000244140625,162.25999450683594,164900
2021-12-02,159.66119384765625,162.30999755859375,163.24000549316406,157.4600067138672,157.8800048828125,122900
2021-12-03,154.9887237548828,157.55999755859375,162.57000732421875,156.0399932861328,162.25999450683594,130300
2021-12-06,158.3922119140625,161.02000427246094,163.49000549316406,159.17999267578125,160.30999755859375,149900
2021-12-07,159.5431365966797,162.19000244140625,164.52000427246094,161.38999938964844,163.52000427246094,145200
2021-12-08,159.23822021484375,161.8800048828125,163.49000549316406,161.02999877929688,163.27000427246094,124000
2021-12-09,155.84449768066406,158.42999267578125,162.1199951171875,157.75,160.5500030517578,215500
2021-12-10,159.44708251953125,161.99000549316406,163.14999389648438,157.8300018310547,160.32000732421875,122700
2021-12-13,155.0275421142578,157.5,161.3800048828125,157.5,160.8800048828125,102000
2021-12-14,154.16136169433594,156.6199951171875,159.00999450683594,155.08999633789062,156.58999633789062,119700
2021-12-15,155.24412536621094,157.72000122070312,158.3300018310547,153.5,156.6199951171875,241300
2021-12-16,150.61790466308594,153.02000427246094,159.3300018310547,151.07000732421875,158.80999755859375,142300
2021-12-17,148.21615600585938,150.5800018310547,155.33999633789062,150.49000549316406,150.8300018310547,355300
2021-12-20,144.99754333496094,147.30999755859375,148.52999877929688,144.47999572753906,148.52999877929688,131000
2021-12-21,149.60403442382812,151.99000549316406,152.27000427246094,148.0800018310547,148.0800018310547,121900
2021-12-22,150.29307556152344,152.69000244140625,153.74000549316406,150.75,150.8699951171875,132100
2021-12-23,150.5981903076172,153.0,154.57000732421875,152.25999450683594,153.60000610351562,86100
2021-12-27,151.4545135498047,153.8699951171875,154.67999267578125,150.5,152.25999450683594,64700
2021-12-28,151.0410919189453,153.4499969482422,154.69000244140625,152.38999938964844,154.13999938964844,83500
2021-12-29,151.18875122070312,153.60000610351562,154.7100067138672,151.85000610351562,153.6199951171875,58100
2021-12-30,151.44468688964844,153.86000061035156,156.10000610351562,153.25,153.32000732421875,81500
2021-12-31,151.14939880371094,153.55999755859375,155.86000061035156,150.8699951171875,153.10000610351562,111600
2022-01-03,153.85623168945312,156.30999755859375,157.58999633789062,153.66000366210938,153.66000366210938,106200
2022-01-04,159.74234008789062,162.2899932861328,163.27999877929688,156.39999389648438,156.39999389648438,196900
2022-01-05,155.83465576171875,158.32000732421875,162.67999267578125,158.14999389648438,161.42999267578125,133800
2022-01-06,152.49789428710938,154.92999267578125,159.3300018310547,154.57000732421875,159.0399932861328,78900
2022-01-07,147.7239990234375,150.0800018310547,154.92999267578125,149.97000122070312,154.39999389648438,85100
2022-01-10,144.83999633789062,147.14999389648438,149.22999572753906,144.5,149.22999572753906,184300
2022-01-11,149.2201690673828,151.60000610351562,152.88999938964844,144.85000610351562,147.5500030517578,94300
2022-01-12,148.03897094726562,150.39999389648438,153.47000122070312,150.38999938964844,151.9199981689453,108100
2022-01-13,148.16697692871094,150.52999877929688,154.25999450683594,150.27000427246094,151.6999969482422,60300
2022-01-14,147.0153045654297,149.36000061035156,149.5,147.47000122070312,148.64999389648438,80200
2022-01-18,144.20022583007812,146.5,148.82000732421875,146.24000549316406,147.49000549316406,118400
2022-01-19,141.66073608398438,143.9199981689453,147.36000061035156,143.72000122070312,146.5,73200
2022-01-20,136.8671417236328,139.0500030517578,145.61000061035156,138.57000732421875,143.75,199200
2022-01-21,135.2824249267578,137.44000244140625,141.77000427246094,137.19000244140625,139.25999450683594,287300
2022-01-24,138.68812561035156,140.89999389648438,141.74000549316406,134.9199981689453,135.5500030517578,222400
2022-01-25,134.6229705810547,136.77000427246094,139.8300018310547,135.11000061035156,139.8300018310547,160600
2022-01-26,131.69960021972656,133.8000030517578,140.9600067138672,131.7899932861328,138.82000732421875,185000
2022-01-27,129.53411865234375,131.60000610351562,135.8699951171875,130.4199981689453,133.9600067138672,116600
2022-01-28,130.0262451171875,132.10000610351562,132.5500030517578,128.3699951171875,132.3000030517578,160200
2022-01-31,132.88072204589844,135.0,135.75999450683594,131.08999633789062,131.16000366210938,170500
2022-02-01,133.4713592529297,135.60000610351562,136.55999755859375,133.0399932861328,135.02000427246094,134100
2022-02-02,132.82167053222656,134.94000244140625,136.8699951171875,132.94000244140625,135.6199951171875,121700
2022-02-03,129.7310028076172,131.8000030517578,135.3800048828125,131.2899932861328,133.67999267578125,100800
2022-02-04,127.9887466430664,130.02999877929688,131.77999877929688,128.24000549316406,130.74000549316406,176300
2022-02-07,132.240966796875,134.35000610351562,135.77999877929688,129.72999572753906,129.72999572753906,166300
2022-02-08,134.6328125,136.77999877929688,137.8800048828125,134.3699951171875,134.39999389648438,214900
2022-02-09,135.49896240234375,137.66000366210938,140.10000610351562,137.4499969482422,138.5,123700
2022-02-10,130.83338928222656,132.9199981689453,137.9199981689453,131.60000610351562,134.97000122070312,136200
2022-02-11,129.4652557373047,131.52999877929688,135.1999969482422,130.11000061035156,132.94000244140625,123100
2022-02-14,130.31175231933594,132.38999938964844,133.97999572753906,130.07000732421875,132.0500030517578,242200
2022-02-15,132.09327697753906,134.1999969482422,135.38999938964844,133.0,134.22999572753906,97800
2022-02-16,133.24490356445312,135.3699951171875,136.2899932861328,132.5800018310547,134.38999938964844,97200
2022-02-17,130.33143615722656,132.41000366210938,134.60000610351562,131.83999633789062,133.8000030517578,140200
2022-02-18,129.4258575439453,131.49000549316406,133.8699951171875,130.77999877929688,131.2100067138672,136900
2022-02-22,126.6993408203125,128.72000122070312,133.6699981689453,128.24000549316406,130.3699951171875,226200
2022-02-23,102.14100646972656,103.7699966430664,120.0,103.3499984741211,120.0,931300
2022-02-24,102.90875244140625,104.55000305175781,105.1500015258789,98.56999969482422,103.19000244140625,769300
2022-02-25,109.20829010009766,110.94999694824219,111.5,104.38999938964844,106.08999633789062,348400
2022-02-28,111.5903091430664,113.37000274658203,114.80999755859375,109.05999755859375,109.05999755859375,353900
2022-03-01,106.49160766601562,108.19000244140625,112.94000244140625,106.56999969482422,111.58000183105469,352900
2022-03-02,111.11782836914062,112.88999938964844,113.12000274658203,107.91000366210938,109.87999725341797,205800
2022-03-03,110.4878921508789,112.25,113.41999816894531,110.86000061035156,113.41999816894531,175000
2022-03-04,107.64071655273438,109.26000213623047,110.54000091552734,108.83999633789062,109.77999877929688,302200
2022-03-07,105.5127182006836,107.0999984741211,110.26000213623047,106.41000366210938,108.79000091552734,276700
2022-03-08,106.4979019165039,108.0999984741211,111.01000213623047,106.33000183105469,108.05000305175781,284100
2022-03-09,107.26634979248047,108.87999725341797,111.33999633789062,108.11000061035156,110.58999633789062,232800
2022-03-10,106.45849609375,108.05999755859375,108.30999755859375,105.33999633789062,106.63999938964844,167000
2022-03-11,106.70479583740234,108.30999755859375,109.69000244140625,107.19000244140625,108.70999908447266,177900
2022-03-14,104.97087860107422,106.55000305175781,110.55000305175781,105.33999633789062,108.88999938964844,251500
2022-03-15,108.35990142822266,109.98999786376953,110.08000183105469,106.91000366210938,107.83000183105469,156400
2022-03-16,112.58631134033203,114.27999877929688,114.62000274658203,111.37000274658203,111.83000183105469,176400
2022-03-17,111.0494384765625,112.72000122070312,113.9000015258789,111.5999984741211,112.72000122070312,155000
2022-03-18,115.58126831054688,117.31999969482422,117.55999755859375,111.13999938964844,112.91999816894531,355600
2022-03-21,112.48779296875,114.18000030517578,116.73999786376953,112.56999969482422,116.11000061035156,189000
2022-03-22,115.27584838867188,117.01000213623047,117.55999755859375,113.80000305175781,114.48999786376953,260200
2022-03-23,113.65029907226562,115.36000061035156,116.48999786376953,113.55999755859375,115.97000122070312,257700
2022-03-24,115.9457778930664,117.69000244140625,119.37000274658203,114.9800033569336,116.16999816894531,329700
2022-03-25,113.66999816894531,115.37999725341797,117.19000244140625,113.79000091552734,116.80999755859375,320300
2022-03-28,113.24636840820312,114.94999694824219,115.33999633789062,112.76000213623047,115.08999633789062,217500
2022-03-29,116.5762939453125,118.33000183105469,119.54000091552734,115.9800033569336,117.63999938964844,213000
2022-03-30,116.11323547363281,117.86000061035156,119.33999633789062,115.16999816894531,118.5199966430664,414600
2022-03-31,116.71422576904297,118.47000122070312,120.12999725341797,115.77999877929688,116.86000061035156,334300
2022-04-01,119.4628677368164,121.26000213623047,122.11000061035156,118.77999877929688,119.87000274658203,434000
2022-04-04,118.63532257080078,120.41999816894531,121.37999725341797,117.12999725341797,121.33999633789062,430700
2022-04-05,113.67985534667969,115.38999938964844,120.29000091552734,115.20999908447266,119.83000183105469,303200
2022-04-06,110.55683898925781,112.22000122070312,114.72000122070312,110.62999725341797,113.97000122070312,228400
2022-04-07,109.45343780517578,111.0999984741211,112.55000305175781,110.58999633789062,112.0999984741211,220500
2022-04-08,106.75404357910156,108.36000061035156,111.31999969482422,108.23999786376953,110.98999786376953,300700
2022-04-11,106.98064422607422,108.58999633789062,110.97000122070312,107.62999725341797,108.25,254500
2022-04-12,106.74420166015625,108.3499984741211,111.80999755859375,108.05000305175781,109.48999786376953,230500
2022-04-13,107.79833221435547,109.41999816894531,110.2699966430664,107.87000274658203,108.94000244140625,178600
2022-04-14,107.38456726074219,109.0,110.3499984741211,108.05000305175781,109.52999877929688,450000
2022-04-18,106.72449493408203,108.33000183105469,109.81999969482422,107.69999694824219,108.18000030517578,353800
2022-04-19,110.3006820678711,111.95999908447266,112.7300033569336,108.52999877929688,108.68000030517578,214300
2022-04-20,109.86720275878906,111.5199966430664,114.27999877929688,111.47000122070312,113.27999877929688,190100
2022-04-21,109.03966522216797,110.68000030517578,113.23999786376953,109.58999633789062,113.05999755859375,202800
2022-04-22,105.60140228271484,107.19000244140625,110.0,106.94000244140625,110.0,326100
2022-04-25,107.13827514648438,108.75,108.75,105.0999984741211,106.29000091552734,244900
2022-04-26,100.95133972167969,102.47000122070312,107.38999938964844,102.47000122070312,106.9800033569336,182100
2022-04-27,112.06417846679688,113.75,117.01000213623047,110.12999725341797,113.80000305175781,366500
2022-04-28,117.11814880371094,118.87999725341797,119.43000030517578,113.55999755859375,115.16999816894531,236400
2022-04-29,116.142822265625,117.88999938964844,119.91999816894531,117.02999877929688,117.91999816894531,536700
2022-05-02,118.38899993896484,120.16999816894531,120.55999755859375,117.0199966430664,117.12999725341797,155000
2022-05-03,119.50226593017578,121.30000305175781,121.7699966430664,117.80999755859375,119.61000061035156,185100
2022-05-04,124.0735092163086,125.94000244140625,126.75,119.93000030517578,121.01000213623047,191000
2022-05-05,118.37916564941406,120.16000366210938,124.4000015258789,119.08999633789062,123.61000061035156,139000
2022-05-06,118.21167755126953,119.98999786376953,121.22000122070312,116.55999755859375,119.44999694824219,254600
2022-05-09,115.74872589111328,117.48999786376953,119.4000015258789,115.83000183105469,118.01000213623047,273500
2022-05-10,111.06913757324219,112.73999786376953,120.4000015258789,110.94000244140625,119.69999694824219,208400
2022-05-11,106.94123840332031,108.55000305175781,114.80999755859375,108.23999786376953,112.80000305175781,177300
2022-05-12,111.87698364257812,113.55999755859375,113.72000122070312,108.19000244140625,108.23999786376953,182900
2022-05-13,114.52713012695312,116.25,117.12999725341797,114.69999694824219,115.18000030517578,129800
2022-05-16,115.32511901855469,117.05999755859375,117.7699966430664,113.5,114.93000030517578,152900
2022-05-17,117.76834869384766,119.54000091552734,120.38999938964844,118.08000183105469,119.63999938964844,340500
2022-05-18,114.14289855957031,115.86000061035156,119.66000366210938,115.19000244140625,116.88999938964844,167000
2022-05-19,113.32518768310547,115.02999877929688,118.02999877929688,114.86000061035156,114.86000061035156,148500
2022-05-20,112.11343383789062,113.80000305175781,116.4800033569336,112.02999877929688,116.47000122070312,211500
2022-05-23,111.7784652709961,113.45999908447266,116.73999786376953,112.9000015258789,115.41999816894531,132700
2022-05-24,111.26618194580078,112.94000244140625,113.7699966430664,110.16000366210938,112.5199966430664,170700
2022-05-25,114.66805267333984,116.29000091552734,117.62999725341797,113.04000091552734,113.08999633789062,246000
2022-05-26,118.27701568603516,119.94999694824219,121.20999908447266,117.7699966430664,117.87999725341797,176400
2022-05-27,121.8366470336914,123.55999755859375,124.06999969482422,120.30999755859375,120.62999725341797,115800
2022-05-31,120.05191802978516,121.75,122.51000213623047,120.22000122070312,122.05000305175781,150800
2022-06-01,119.58843994140625,121.27999877929688,122.81999969482422,119.37999725341797,122.72000122070312,116100
2022-06-02,123.75946044921875,125.51000213623047,125.72000122070312,121.51000213623047,121.77999877929688,143800
2022-06-03,122.62549591064453,124.36000061035156,125.63999938964844,122.98999786376953,123.91999816894531,141200
2022-06-06,123.3749008178711,125.12000274658203,126.26000213623047,123.91999816894531,125.80999755859375,137200
2022-06-07,122.9706039428711,124.70999908447266,125.4000015258789,121.13999938964844,123.66999816894531,148700
2022-06-08,121.05767822265625,122.7699966430664,125.73999786376953,122.06999969482422,124.05000305175781,100400
2022-06-09,120.18994140625,121.88999938964844,123.04000091552734,120.62000274658203,121.55999755859375,79400
2022-06-10,114.91456604003906,116.54000091552734,120.68000030517578,116.30999755859375,120.02999877929688,117500
2022-06-13,112.5283203125,114.12000274658203,116.11000061035156,112.36000061035156,113.81999969482422,145400
2022-06-14,110.45761108398438,112.0199966430664,115.37999725341797,111.33999633789062,114.58000183105469,129400
2022-06-15,112.23251342773438,113.81999969482422,115.58000183105469,112.4000015258789,113.76000213623047,207100
2022-06-16,104.72863006591797,106.20999908447266,111.3499984741211,105.27999877929688,111.3499984741211,139700
2022-06-17,105.4287338256836,106.91999816894531,110.08999633789062,105.45999908447266,105.93000030517578,399500
2022-06-21,106.65145111083984,108.16000366210938,109.7300033569336,107.4000015258789,108.66000366210938,113200
2022-06-22,106.27674865722656,107.77999877929688,108.93000030517578,106.62000274658203,106.83999633789062,113100
2022-06-23,105.40902709960938,106.9000015258789,109.58999633789062,105.70999908447266,107.33999633789062,131900
2022-06-24,113.91864776611328,115.52999877929688,116.12999725341797,108.05999755859375,108.12000274658203,446800
2022-06-27,112.04513549804688,113.62999725341797,115.68000030517578,113.0999984741211,115.66000366210938,166200
2022-06-28,111.06895446777344,112.63999938964844,115.19000244140625,112.43000030517578,114.86000061035156,163200
2022-06-29,108.15025329589844,109.68000030517578,113.16000366210938,108.5999984741211,113.16000366210938,158500
2022-06-30,108.87992095947266,110.41999816894531,111.12000274658203,105.91999816894531,108.0199966430664,499600
2022-07-01,109.84624481201172,111.4000015258789,112.87000274658203,109.16000366210938,111.5,195300
2022-07-05,108.50521850585938,110.04000091552734,110.61000061035156,106.33999633789062,108.41000366210938,234500
2022-07-06,107.26278686523438,108.77999877929688,111.16999816894531,107.6500015258789,109.0,86000
2022-07-07,110.08292388916016,111.63999938964844,113.0199966430664,108.9000015258789,108.9000015258789,231500
2022-07-08,109.31379699707031,110.86000061035156,112.29000091552734,110.0999984741211,111.43000030517578,136100
2022-07-11,109.42224884033203,110.97000122070312,111.16000366210938,109.43000030517578,110.05000305175781,142300
2022-07-12,107.38114166259766,108.9000015258789,112.08000183105469,108.55999755859375,110.97000122070312,109800
2022-07-13,103.3875961303711,104.8499984741211,106.83000183105469,103.7699966430664,106.7699966430664,196300
2022-07-14,102.79598999023438,104.25,104.75,102.27999877929688,102.45999908447266,88100
2022-07-15,104.98501586914062,106.47000122070312,108.25,105.18000030517578,106.52999877929688,234200
2022-07-18,104.7680892944336,106.25,109.20999908447266,105.69999694824219,107.70999908447266,93800
2022-07-19,109.70820617675781,111.26000213623047,111.26000213623047,107.97000122070312,108.0199966430664,426900
2022-07-20,111.91697692871094,113.5,114.04000091552734,111.9000015258789,111.93000030517578,251800
2022-07-21,112.85371398925781,114.44999694824219,114.47000122070312,112.36000061035156,113.7300033569336,149800
2022-07-22,111.53238677978516,113.11000061035156,115.44999694824219,111.6500015258789,115.44999694824219,102200
2022-07-25,110.98020935058594,112.55000305175781,113.8499984741211,111.51000213623047,112.69000244140625,95000
2022-07-26,111.8084945678711,113.38999938964844,113.61000061035156,111.55000305175781,111.61000061035156,95900
2022-07-27,115.70340728759766,117.33999633789062,117.7699966430664,112.81999969482422,114.7699966430664,159800
2022-07-28,107.05573272705078,108.56999969482422,112.18000030517578,106.75,111.88999938964844,302800
2022-07-29,110.74356079101562,112.30999755859375,112.88999938964844,108.55999755859375,108.61000061035156,180800
2022-08-01,110.3195571899414,111.87999725341797,114.05000305175781,110.55000305175781,110.61000061035156,186200
2022-08-02,109.4814224243164,111.02999877929688,113.75,110.0,110.69000244140625,93000
2022-08-03,112.5283203125,114.12000274658203,114.75,110.91999816894531,112.27999877929688,176800
2022-08-04,114.03697967529297,115.6500015258789,115.75,112.61000061035156,114.12999725341797,203600
2022-08-05,111.57185363769531,113.1500015258789,115.38999938964844,112.30999755859375,114.30999755859375,91900
2022-08-08,112.17335510253906,113.76000213623047,116.6500015258789,112.80000305175781,112.80000305175781,103300
2022-08-09,109.90541076660156,111.45999908447266,113.9800033569336,110.70999908447266,112.87000274658203,107200
2022-08-10,114.03697967529297,115.6500015258789,116.5199966430664,113.51000213623047,113.56999969482422,175300
2022-08-11,115.60481262207031,117.23999786376953,119.08000183105469,117.08000183105469,117.66999816894531,79800
2022-08-12,119.28279113769531,120.97000122070312,121.06999969482422,116.94999694824219,117.83999633789062,100900
2022-08-15,119.79552459716797,121.48999786376953,122.16000366210938,119.11000061035156,119.83000183105469,90400
2022-08-16,119.51942443847656,121.20999908447266,121.8499984741211,119.68000030517578,121.08999633789062,201500
2022-08-17,117.5276107788086,119.19000244140625,121.11000061035156,118.83999633789062,119.9800033569336,76800
2022-08-18,120.012451171875,121.70999908447266,122.20999908447266,118.41000366210938,118.95999908447266,90700
2022-08-19,116.59790802001953,118.1500015258789,120.79000091552734,117.51000213623047,120.79000091552734,114200
2022-08-22,110.97278594970703,112.44999694824219,116.58999633789062,111.80999755859375,116.2699966430664,207400
2022-08-23,110.98265075683594,112.45999908447266,114.06999969482422,111.55000305175781,111.63999938964844,67200
2022-08-24,110.7359390258789,112.20999908447266,113.43000030517578,111.41000366210938,112.36000061035156,52800
2022-08-25,111.59449768066406,113.08000183105469,114.69000244140625,112.30000305175781,112.30000305175781,115000
2022-08-26,106.23584747314453,107.6500015258789,113.83000183105469,107.56999969482422,113.83000183105469,75200
2022-08-29,105.78189086914062,107.19000244140625,108.22000122070312,105.66000366210938,106.16000366210938,94800
2022-08-30,103.5318603515625,104.91000366210938,107.62000274658203,103.91000366210938,107.16000366210938,145200
2022-08-31,101.90351104736328,103.26000213623047,105.18000030517578,103.1500015258789,105.18000030517578,95800
2022-09-01,99.01202392578125,100.33000183105469,102.5199966430664,99.8499984741211,102.5199966430664,218100
2022-09-02,99.09097290039062,100.41000366210938,104.44000244140625,99.56999969482422,101.94000244140625,133200
2022-09-06,97.36395263671875,98.66000366210938,100.25,96.68000030517578,100.19000244140625,197700
2022-09-07,98.58763885498047,99.9000015258789,100.05000305175781,96.80000305175781,99.13999938964844,170800
2022-09-08,98.56791687011719,99.87999725341797,99.93000030517578,97.25,98.9000015258789,125600
2022-09-09,101.28179168701172,102.62999725341797,102.75,100.94000244140625,100.98999786376953,109400
2022-09-12,102.67325592041016,104.04000091552734,104.52999877929688,102.62000274658203,103.79000091552734,91900
2022-09-13,97.45277404785156,98.75,101.94000244140625,98.43000030517578,101.0,134900
2022-09-14,95.873779296875,97.1500015258789,98.69999694824219,96.3499984741211,98.4000015258789,122000
2022-09-15,92.03488159179688,93.26000213623047,97.73999786376953,93.2300033569336,96.43000030517578,199600
2022-09-16,90.16970825195312,91.37000274658203,93.30000305175781,90.2300033569336,91.63999938964844,359100
2022-09-19,91.43289947509766,92.6500015258789,93.18000030517578,89.77999877929688,89.77999877929688,158300
2022-09-20,91.10722351074219,92.31999969482422,92.86000061035156,90.4000015258789,91.22000122070312,190500
2022-09-21,89.56773376464844,90.76000213623047,93.63999938964844,90.48999786376953,93.20999908447266,150300
2022-09-22,84.88997650146484,86.0199966430664,90.0999984741211,85.97000122070312,90.08999633789062,170700
2022-09-23,82.14649963378906,83.23999786376953,85.5,81.9800033569336,84.80999755859375,210300
2022-09-26,81.30768585205078,82.38999938964844,84.94999694824219,81.58999633789062,82.95999908447266,172100
2022-09-27,84.55445098876953,85.68000030517578,85.91999816894531,83.37000274658203,84.18000030517578,257900
2022-09-28,87.55451965332031,88.72000122070312,89.4800033569336,85.79000091552734,86.04000091552734,189800
2022-09-29,85.2748794555664,86.41000366210938,87.2300033569336,85.27999877929688,87.1500015258789,180700
2022-09-30,84.8702621459961,86.0,88.93000030517578,85.98999786376953,86.91999816894531,212400
2022-10-03,88.61046600341797,89.79000091552734,91.0199966430664,86.5,87.27999877929688,173500
2022-10-04,92.54805755615234,93.77999877929688,94.45999908447266,92.08999633789062,92.08999633789062,210400
2022-10-05,92.82437133789062,94.05999755859375,95.30000305175781,91.7699966430664,92.26000213623047,142900
2022-10-06,92.86385345458984,94.0999984741211,95.16000366210938,93.25,93.25,88100
2022-10-07,89.81444549560547,91.01000213623047,94.33999633789062,90.22000122070312,93.08999633789062,172000
2022-10-10,90.31775665283203,91.5199966430664,92.33999633789062,90.33000183105469,92.13999938964844,127000
2022-10-11,90.57432556152344,91.77999877929688,92.83000183105469,89.83000183105469,90.37000274658203,172900
2022-10-12,89.65652465820312,90.8499984741211,92.29000091552734,89.91999816894531,91.86000061035156,88200
2022-10-13,92.21251678466797,93.44000244140625,94.13999938964844,87.55999755859375,88.9800033569336,143400
2022-10-14,89.91312408447266,91.11000061035156,95.37000274658203,91.05999755859375,94.06999969482422,89700
2022-10-17,93.68294525146484,94.93000030517578,95.66999816894531,93.37999725341797,93.43000030517578,158700
2022-10-18,95.873779296875,97.1500015258789,99.02999877929688,95.83999633789062,97.3499984741211,218100
2022-10-19,93.78163146972656,95.02999877929688,97.13999938964844,94.05000305175781,95.72000122070312,268800
2022-10-20,89.80457305908203,91.0,95.51000213623047,90.76000213623047,94.61000061035156,149700
2022-10-21,92.27172088623047,93.5,93.9000015258789,90.55000305175781,91.79000091552734,170900
2022-10-24,94.3540267944336,95.61000061035156,96.52999877929688,93.44999694824219,94.68000030517578,120300
2022-10-25,95.6073226928711,96.87999725341797,98.0,95.30999755859375,95.30999755859375,136300
2022-10-26,92.89344787597656,94.12999725341797,98.37999725341797,93.69999694824219,98.37999725341797,283200
2022-10-27,87.61373901367188,88.77999877929688,92.73999786376953,84.0,84.0,517800
2022-10-28,91.34407043457031,92.55999755859375,92.73999786376953,89.93000030517578,89.93000030517578,336200
2022-10-31,90.00194549560547,91.19999694824219,92.38999938964844,90.0199966430664,92.0,515800
2022-11-01,91.81776428222656,93.04000091552734,95.73999786376953,92.30000305175781,92.5,363500
2022-11-02,87.62361145019531,88.79000091552734,93.80000305175781,88.77999877929688,91.94000244140625,231400
2022-11-03,87.43608093261719,88.5999984741211,89.93000030517578,86.93000030517578,87.62999725341797,203400
2022-11-04,89.35061645507812,90.54000091552734,91.58999633789062,88.38999938964844,90.04000091552734,129400
2022-11-07,91.17630767822266,92.38999938964844,92.83000183105469,89.7699966430664,91.63999938964844,168800
2022-11-08,91.16644287109375,92.37999725341797,94.45999908447266,91.12999725341797,93.36000061035156,252500
2022-11-09,87.00188446044922,88.16000366210938,91.38999938964844,87.38999938964844,90.97000122070312,188100
2022-11-10,93.2882080078125,94.52999877929688,96.2300033569336,91.95999908447266,92.11000061035156,372100
2022-11-11,93.89019012451172,95.13999938964844,96.7300033569336,94.43000030517578,95.36000061035156,144500
2022-11-14,90.33748626708984,91.54000091552734,95.45999908447266,91.51000213623047,94.29000091552734,180900
2022-11-15,90.93946838378906,92.1500015258789,93.5999984741211,91.01000213623047,93.0,594100
2022-11-16,89.21246337890625,90.4000015258789,92.08999633789062,89.91000366210938,91.61000061035156,168600
2022-11-17,90.2486572265625,91.44999694824219,91.86000061035156,88.4000015258789,88.4800033569336,227900
2022-11-18,91.05789184570312,92.2699966430664,93.20999908447266,90.66999816894531,93.20999908447266,162400
2022-11-21,89.25194549560547,90.44000244140625,92.94999694824219,89.94000244140625,91.56999969482422,176100
2022-11-22,90.86050415039062,92.06999969482422,92.55000305175781,90.31999969482422,90.9000015258789,98500
2022-11-23,90.47562408447266,91.68000030517578,92.45999908447266,91.04000091552734,91.68000030517578,101700
2022-11-25,90.56446075439453,91.7699966430664,93.04000091552734,91.4800033569336,91.4800033569336,66200
2022-11-28,86.24198913574219,87.38999938964844,91.4800033569336,87.30999755859375,89.83000183105469,207900
2022-11-29,87.593994140625,88.76000213623047,89.80000305175781,86.94000244140625,87.06999969482422,198000
2022-11-30,90.65328216552734,91.86000061035156,91.94000244140625,88.11000061035156,88.58000183105469,271100
2022-12-01,92.23226165771484,93.45999908447266,94.68000030517578,91.63999938964844,93.0199966430664,202600
2022-12-02,91.83750915527344,93.05999755859375,93.83000183105469,91.77999877929688,92.31999969482422,94400
2022-12-05,90.04141235351562,91.23999786376953,91.88999938964844,90.2300033569336,91.44000244140625,140700
2022-12-06,89.37035369873047,90.55999755859375,91.8499984741211,90.30999755859375,91.56999969482422,160800
2022-12-07,88.03809356689453,89.20999908447266,92.4000015258789,89.16000366210938,90.72000122070312,103600
2022-12-08,89.05455017089844,90.23999786376953,90.83999633789062,89.22000122070312,89.95999908447266,88000
2022-12-09,88.76836395263672,89.94999694824219,91.30999755859375,89.81999969482422,90.04000091552734,115700
2022-12-12,92.64673614501953,93.87999725341797,94.20999908447266,90.31999969482422,90.44000244140625,193100
2022-12-13,93.18951416015625,94.43000030517578,97.63999938964844,94.0,97.63999938964844,269900
2022-12-14,89.2420654296875,90.43000030517578,95.62999725341797,90.33999633789062,94.08999633789062,232000
2022-12-15,86.61698913574219,87.7699966430664,89.41999816894531,87.08000183105469,89.41999816894531,203600
2022-12-16,87.51607513427734,88.58000183105469,89.37000274658203,86.16000366210938,86.16000366210938,1293100
2022-12-19,86.13288879394531,87.18000030517578,88.58999633789062,86.33000183105469,88.25,188000
2022-12-20,87.28882598876953,88.3499984741211,89.19000244140625,87.18000030517578,87.2300033569336,234700
2022-12-21,90.13423919677734,91.2300033569336,91.37999725341797,89.16999816894531,89.31999969482422,141100
2022-12-22,87.38763427734375,88.44999694824219,90.62999725341797,87.16999816894531,90.62999725341797,125200
2022-12-23,88.12862396240234,89.19999694824219,89.44000244140625,87.68000030517578,88.08000183105469,68800
2022-12-27,89.26480102539062,90.3499984741211,91.27999877929688,88.77999877929688,89.13999938964844,123200
2022-12-28,87.25920104980469,88.31999969482422,91.31999969482422,88.02999877929688,90.02999877929688,82800
2022-12-29,90.78631591796875,91.88999938964844,92.27999877929688,89.0,89.54000091552734,150000
2022-12-30,90.23304748535156,91.33000183105469,92.0199966430664,90.55999755859375,90.9000015258789,113200
2023-01-03,91.57672119140625,92.69000244140625,93.55999755859375,90.27999877929688,92.69000244140625,183500
2023-01-04,93.20689392089844,94.33999633789062,95.0199966430664,93.04000091552734,94.08999633789062,106500
2023-01-05,92.51530456542969,93.63999938964844,94.95999908447266,91.9000015258789,93.94999694824219,141500
2023-01-06,95.69662475585938,96.86000061035156,97.23999786376953,94.31999969482422,95.19999694824219,121300
2023-01-09,96.2301254272461,97.4000015258789,99.27999877929688,97.05000305175781,97.63999938964844,109200
2023-01-10,96.2992935180664,97.47000122070312,97.75,96.31999969482422,96.8499984741211,177900
2023-01-11,98.70010375976562,99.9000015258789,100.75,98.30000305175781,98.37999725341797,196800
2023-01-12,101.29853057861328,102.52999877929688,102.58000183105469,99.68000030517578,101.26000213623047,138700
2023-01-13,100.52788543701172,101.75,102.62999725341797,100.8499984741211,101.9000015258789,191600
2023-01-17,100.33028411865234,101.55000305175781,102.66000366210938,101.25,102.2699966430664,185800
2023-01-18,97.504638671875,98.69000244140625,103.0,98.55999755859375,101.56999969482422,170100
2023-01-19,95.6274642944336,96.79000091552734,98.37999725341797,96.08999633789062,98.16000366210938,170400
2023-01-20,97.66272735595703,98.8499984741211,99.98999786376953,97.12000274658203,97.31999969482422,137500
2023-01-23,100.85391998291016,102.08000183105469,102.33000183105469,98.36000061035156,99.52999877929688,84100
2023-01-24,100.9428482055664,102.16999816894531,102.87999725341797,100.69999694824219,101.0199966430664,68800
2023-01-25,102.98798370361328,104.23999786376953,104.5999984741211,99.94000244140625,101.37999725341797,229600
2023-01-26,105.6950912475586,106.9800033569336,107.55999755859375,104.2300033569336,105.19999694824219,191200
2023-01-27,108.01685333251953,109.33000183105469,109.73999786376953,106.55000305175781,106.86000061035156,100900
2023-01-30,105.42830657958984,106.70999908447266,109.54000091552734,106.69999694824219,107.73999786376953,140800
2023-01-31,110.38803100585938,111.7300033569336,111.80999755859375,106.62000274658203,106.9000015258789,192600
2023-02-01,110.69430541992188,112.04000091552734,113.13999938964844,109.37999725341797,111.51000213623047,122000
2023-02-02,113.54959106445312,114.93000030517578,116.0199966430664,112.86000061035156,112.86000061035156,147000
2023-02-03,112.54183197021484,113.91000366210938,115.69999694824219,113.01000213623047,113.75,165400
2023-02-06,109.45930480957031,110.79000091552734,113.68000030517578,110.02999877929688,113.2699966430664,145200
2023-02-07,110.07186889648438,111.41000366210938,111.76000213623047,108.76000213623047,110.05000305175781,129200
2023-02-08,107.01896667480469,108.31999969482422,112.0,107.4800033569336,110.2699966430664,134600
2023-02-09,104.56877899169922,105.83999633789062,110.37999725341797,105.80999755859375,109.11000061035156,126700
2023-02-10,106.59413146972656,107.88999938964844,108.55999755859375,105.41999816894531,105.58000183105469,85400
2023-02-13,108.48119354248047,109.80000305175781,110.19999694824219,108.19000244140625,108.19000244140625,101200
2023-02-14,107.94768524169922,109.26000213623047,110.18000030517578,107.97000122070312,108.70999908447266,73400
2023-02-15,111.04008483886719,112.38999938964844,112.38999938964844,108.44000244140625,108.44000244140625,183100
2023-02-16,109.2518310546875,110.58000183105469,112.41999816894531,108.81999969482422,110.05000305175781,106900
2023-02-17,111.04008483886719,112.38999938964844,112.72000122070312,109.83000183105469,110.58999633789062,130000
2023-02-21,104.97383880615234,106.25,109.6500015258789,103.66999816894531,109.6500015258789,380100
2023-02-22,108.47132873535156,109.79000091552734,111.1500015258789,106.18000030517578,106.18000030517578,402300
2023-02-23,108.21443939208984,109.52999877929688,111.30999755859375,107.44000244140625,110.5,151700
2023-02-24,106.97945404052734,108.27999877929688,108.83999633789062,106.95999908447266,107.87999725341797,154400
2023-02-27,109.2518310546875,110.58000183105469,111.08999633789062,108.66999816894531,109.43000030517578,154600
2023-02-28,109.55810546875,110.88999938964844,112.47000122070312,110.38999938964844,110.38999938964844,142800
2023-03-01,108.87639617919922,110.19999694824219,112.43000030517578,109.6500015258789,110.4800033569336,100400
2023-03-02,110.80297088623047,112.1500015258789,112.29000091552734,109.01000213623047,109.05999755859375,84800
2023-03-03,112.84004211425781,114.11000061035156,114.7300033569336,111.30000305175781,112.66999816894531,133000
2023-03-06,108.5088119506836,109.7300033569336,114.16999816894531,107.9000015258789,114.16999816894531,211600
2023-03-07,107.53971862792969,108.75,110.66999816894531,108.62000274658203,109.72000122070312,137100
2023-03-08,107.81660461425781,109.02999877929688,109.9800033569336,108.06999969482422,109.29000091552734,91600
2023-03-09,106.32337951660156,107.5199966430664,110.0,107.19000244140625,109.37000274658203,104900
2023-03-10,103.85121154785156,105.0199966430664,106.83000183105469,104.08000183105469,106.83000183105469,269100
2023-03-13,103.53477478027344,104.69999694824219,106.19999694824219,102.2300033569336,102.66999816894531,293800
2023-03-14,105.62128448486328,106.80999755859375,109.6500015258789,104.36000061035156,108.16999816894531,158300
2023-03-15,101.5471420288086,102.69000244140625,103.91000366210938,101.08999633789062,103.44999694824219,177000
2023-03-16,104.20719909667969,105.37999725341797,106.25,101.12000274658203,101.12000274658203,178600
2023-03-17,99.37162780761719,100.48999786376953,104.69000244140625,100.12000274658203,104.69000244140625,573600
2023-03-20,102.26902770996094,103.41999816894531,104.80999755859375,101.37999725341797,102.16999816894531,218800
2023-03-21,103.8413314819336,105.01000213623047,106.41000366210938,104.58000183105469,105.37999725341797,176600
2023-03-22,101.18126678466797,102.31999969482422,105.30000305175781,102.13999938964844,104.83000183105469,156800
2023-03-23,101.58671569824219,102.7300033569336,104.58000183105469,101.4800033569336,102.75,158000
2023-03-24,102.2195816040039,103.37000274658203,103.75,100.80000305175781,101.69000244140625,131900
2023-03-27,103.59410858154297,104.76000213623047,106.1500015258789,103.4000015258789,105.12999725341797,139400
2023-03-28,104.9488525390625,106.12999725341797,106.37999725341797,104.05000305175781,104.16999816894531,142600
2023-03-29,105.74986267089844,106.94000244140625,107.3499984741211,105.87000274658203,107.3499984741211,121600
2023-03-30,106.67937469482422,107.87999725341797,108.45999908447266,106.69000244140625,107.91999816894531,97100
2023-03-31,108.07369232177734,109.29000091552734,110.44000244140625,108.37000274658203,108.79000091552734,204000
2023-04-03,107.3716049194336,108.58000183105469,109.5,108.02999877929688,109.04000091552734,151000
2023-04-04,101.82402801513672,102.97000122070312,108.30999755859375,101.94999694824219,108.30999755859375,182300
2023-04-05,101.191162109375,102.33000183105469,102.80999755859375,101.30999755859375,102.04000091552734,118000
2023-04-06,101.2109375,102.3499984741211,103.16000366210938,101.69999694824219,102.73999786376953,123300
2023-04-10,102.90188598632812,104.05999755859375,104.5199966430664,101.5999984741211,101.5999984741211,107900
2023-04-11,103.82154846191406,104.98999786376953,105.8499984741211,104.51000213623047,104.54000091552734,115800
2023-04-12,103.24800872802734,104.41000366210938,106.19999694824219,104.05000305175781,106.19999694824219,76500
2023-04-13,104.21709442138672,105.38999938964844,106.0199966430664,104.1500015258789,104.6500015258789,97800
2023-04-14,104.19731903076172,105.37000274658203,107.62999725341797,104.75,105.19000244140625,111700
2023-04-17,104.99830627441406,106.18000030517578,106.33999633789062,104.73999786376953,105.88999938964844,86300
2023-04-18,105.43341827392578,106.62000274658203,108.4000015258789,106.52999877929688,107.47000122070312,83800
2023-04-19,106.02672576904297,107.22000122070312,107.36000061035156,105.62000274658203,105.8499984741211,119500
2023-04-20,106.3629379272461,107.55999755859375,107.79000091552734,106.0999984741211,106.23999786376953,130300
2023-04-21,106.29371643066406,107.48999786376953,108.20999908447266,106.45999908447266,108.08999633789062,116300
2023-04-24,106.30361938476562,107.5,108.5999984741211,106.69000244140625,107.55000305175781,134300
2023-04-25,101.32960510253906,102.47000122070312,107.0,102.11000061035156,105.87000274658203,286100
2023-04-26,103.96988677978516,105.13999938964844,106.55000305175781,99.2699966430664,101.0,328800
2023-04-27,108.92411804199219,110.1500015258789,110.33000183105469,105.04000091552734,105.2699966430664,151600
2023-04-28,107.50013732910156,108.70999908447266,110.69999694824219,107.33000183105469,109.87999725341797,141800
2023-05-01,106.1552734375,107.3499984741211,110.20999908447266,106.55000305175781,108.83000183105469,168800
2023-05-02,105.47297668457031,106.66000366210938,107.2699966430664,104.29000091552734,107.01000213623047,128300
2023-05-03,105.24552917480469,106.43000030517578,109.19000244140625,106.30999755859375,107.0,161800
2023-05-04,102.20968627929688,103.36000061035156,105.9800033569336,102.80000305175781,105.43000030517578,145700
2023-05-05,104.48410034179688,105.66000366210938,106.1500015258789,104.45999908447266,105.2699966430664,126800
2023-05-08,104.00944519042969,105.18000030517578,106.26000213623047,104.11000061035156,106.26000213623047,70700
2023-05-09,102.46678924560547,103.62000274658203,104.7699966430664,103.0199966430664,104.4800033569336,113100
2023-05-10,102.50634765625,103.66000366210938,105.5999984741211,102.55000305175781,105.5999984741211,67700
2023-05-11,102.5854721069336,103.73999786376953,104.4800033569336,102.48999786376953,102.5199966430664,69700
2023-05-12,101.4779281616211,102.62000274658203,104.81999969482422,101.5199966430664,104.48999786376953,65700
2023-05-15,103.34689331054688,104.51000213623047,105.0999984741211,103.04000091552734,103.16000366210938,119300
2023-05-16,101.08238220214844,102.22000122070312,104.05000305175781,102.0999984741211,103.41000366210938,76300
2023-05-17,102.93155670166016,104.08999633789062,104.83999633789062,102.55000305175781,103.16000366210938,148400
2023-05-18,103.8709945678711,105.04000091552734,105.20999908447266,103.5,103.62999725341797,204000
2023-05-19,103.4853286743164,104.6500015258789,107.0,104.22000122070312,106.72000122070312,91100
2023-05-22,103.59410858154297,104.76000213623047,106.01000213623047,103.4800033569336,104.87999725341797,100100
2023-05-23,102.76346588134766,103.91999816894531,105.58999633789062,102.68000030517578,104.20999908447266,90100
2023-05-24,101.1104507446289,102.1500015258789,102.91000366210938,101.62000274658203,102.83000183105469,98600
2023-05-25,101.7934341430664,102.83999633789062,102.9800033569336,101.36000061035156,101.66999816894531,76700
2023-05-26,104.59461975097656,105.66999816894531,106.27999877929688,102.68000030517578,102.68000030517578,114300
2023-05-30,108.89045715332031,110.01000213623047,110.1500015258789,105.68000030517578,106.87999725341797,289100
2023-05-31,105.52507019042969,106.61000061035156,110.33000183105469,105.83000183105469,108.94000244140625,571000
2023-06-01,107.25725555419922,108.36000061035156,109.16000366210938,104.62999725341797,106.19000244140625,184100
2023-06-02,114.8095932006836,115.98999786376953,116.2699966430664,110.33999633789062,110.33999633789062,248500
2023-06-05,111.76095581054688,112.91000366210938,114.91999816894531,111.19000244140625,114.91999816894531,193700
2023-06-06,114.94817352294922,116.12999725341797,116.83000183105469,112.29000091552734,112.29000091552734,180300
2023-06-07,118.04632568359375,119.26000213623047,120.55999755859375,117.20999908447266,117.20999908447266,260600
2023-06-08,117.5415267944336,118.75,120.19000244140625,117.30000305175781,118.5199966430664,209000
2023-06-09,117.39303588867188,118.5999984741211,119.26000213623047,117.2300033569336,118.88999938964844,80800
2023-06-12,118.57093811035156,119.79000091552734,120.81999969482422,117.27999877929688,118.30999755859375,140500
2023-06-13,120.34271240234375,121.58000183105469,121.98999786376953,120.2699966430664,120.2699966430664,179200
2023-06-14,116.6209716796875,117.81999969482422,122.2300033569336,117.18000030517578,122.19000244140625,198900
2023-06-15,117.57121276855469,118.77999877929688,119.19000244140625,117.36000061035156,117.4800033569336,211100
2023-06-16,118.20470428466797,119.41999816894531,120.0,117.3499984741211,120.0,542700
2023-06-20,121.312744140625,122.55999755859375,123.05000305175781,118.75,118.75,165500
2023-06-21,120.19424438476562,121.43000030517578,123.12000274658203,119.91000366210938,121.94000244140625,149300
2023-06-22,117.93745422363281,119.1500015258789,121.38999938964844,118.80000305175781,121.38999938964844,140800
2023-06-23,115.20553588867188,116.38999938964844,118.41999816894531,115.66999816894531,116.51000213623047,202300
2023-06-26,115.62125396728516,116.80999755859375,118.44999694824219,115.93000030517578,115.93000030517578,128500
2023-06-27,118.6402359008789,119.86000061035156,120.06999969482422,116.4800033569336,117.23999786376953,90000
2023-06-28,117.73948669433594,118.94999694824219,120.29000091552734,118.69000244140625,120.05000305175781,67000
2023-06-29,120.19424438476562,121.43000030517578,121.9800033569336,118.98999786376953,118.98999786376953,78000
2023-06-30,120.06555938720703,121.30000305175781,123.29000091552734,121.20999908447266,122.70999908447266,103700
2023-07-03,121.73837280273438,122.98999786376953,122.98999786376953,120.63999938964844,120.72000122070312,47800
2023-07-05,117.50193786621094,118.70999908447266,125.87999725341797,118.38999938964844,121.55999755859375,330400
2023-07-06,115.68065643310547,116.87000274658203,117.83999633789062,115.19000244140625,117.38999938964844,69900
2023-07-07,116.40321350097656,117.5999984741211,119.69000244140625,117.16999816894531,117.16999816894531,76100
2023-07-10,118.47193908691406,119.69000244140625,120.11000061035156,116.19999694824219,117.18000030517578,94500
2023-07-11,118.6798324584961,119.9000015258789,121.5999984741211,118.81999969482422,120.36000061035156,88500
2023-07-12,119.74881744384766,120.9800033569336,123.25,120.4000015258789,122.76000213623047,184900
2023-07-13,120.49119567871094,121.7300033569336,122.31999969482422,119.9000015258789,121.48999786376953,85500
2023-07-14,115.38369750976562,116.56999969482422,120.45999908447266,116.5,120.45999908447266,162400
2023-07-17,115.4925765991211,116.68000030517578,118.7300033569336,116.04000091552734,116.25,137100
2023-07-18,116.07656860351562,117.2699966430664,118.73999786376953,116.23999786376953,116.98999786376953,102100
2023-07-19,114.99766540527344,116.18000030517578,117.58000183105469,115.5999984741211,117.30999755859375,90600
2023-07-20,116.34384155273438,117.54000091552734,118.33999633789062,114.69999694824219,116.62000274658203,102400
2023-07-21,114.81950378417969,116.0,118.30999755859375,115.87999725341797,118.30000305175781,89000
2023-07-24,115.05704498291016,116.23999786376953,117.23999786376953,114.54000091552734,116.18000030517578,116200
2023-07-25,115.25502014160156,116.44000244140625,116.7300033569336,114.7300033569336,114.87999725341797,120400
2023-07-26,118.09581756591797,119.30999755859375,119.9800033569336,115.91000366210938,115.91000366210938,148100
2023-07-27,117.29405212402344,118.5,119.45999908447266,118.06999969482422,119.37999725341797,227400
2023-07-28,119.60033416748047,120.83000183105469,121.68000030517578,119.48999786376953,119.48999786376953,88900
2023-07-31,122.35206604003906,123.61000061035156,123.81999969482422,120.83000183105469,120.83000183105469,116000
2023-08-01,119.31331634521484,120.54000091552734,123.2300033569336,119.08000183105469,122.95999908447266,207200
2023-08-02,113.38426971435547,114.55000305175781,120.19999694824219,114.51000213623047,116.63999938964844,136000
2023-08-03,110.59295654296875,111.7300033569336,114.30000305175781,111.36000061035156,112.91000366210938,212600
2023-08-04,109.86048889160156,110.98999786376953,112.68000030517578,110.4000015258789,111.73999786376953,110500
2023-08-07,111.17696380615234,112.31999969482422,112.72000122070312,110.91000366210938,110.91000366210938,125200
2023-08-08,109.87039184570312,111.0,111.69000244140625,108.58999633789062,110.38999938964844,122000
2023-08-09,110.23661804199219,111.37000274658203,111.68000030517578,109.62000274658203,111.05000305175781,81900
2023-08-10,110.94929504394531,112.08999633789062,113.18000030517578,111.22000122070312,111.56999969482422,143300
2023-08-11,110.46427917480469,111.5999984741211,112.08999633789062,110.29000091552734,111.4000015258789,142000
2023-08-14,108.80137634277344,109.91999816894531,111.68000030517578,109.58999633789062,110.9000015258789,142800
2023-08-15,108.74199676513672,109.86000061035156,110.3499984741211,109.19000244140625,109.54000091552734,163900
2023-08-16,107.93033599853516,109.04000091552734,110.9000015258789,109.04000091552734,109.97000122070312,116600
2023-08-17,107.73235321044922,108.83999633789062,109.83999633789062,108.73999786376953,109.31999969482422,162200
2023-08-18,106.34535217285156,107.33999633789062,108.91999816894531,107.27999877929688,107.91000366210938,171700
2023-08-21,105.91932678222656,106.91000366210938,107.83000183105469,106.7699966430664,107.1500015258789,169100
2023-08-22,106.44442749023438,107.44000244140625,108.12999725341797,106.12999725341797,107.55999755859375,179800
2023-08-23,108.14848327636719,109.16000366210938,109.56999969482422,107.13999938964844,107.80000305175781,130700
2023-08-24,108.71321105957031,109.7300033569336,110.5199966430664,108.37000274658203,108.37000274658203,137800
2023-08-25,107.90080261230469,108.91000366210938,110.87999725341797,107.69000244140625,110.87999725341797,107800
2023-08-28,109.49588012695312,110.5199966430664,111.77999877929688,109.48999786376953,109.48999786376953,75900
2023-08-29,109.49588012695312,110.5199966430664,111.2300033569336,109.87999725341797,110.22000122070312,98900
2023-08-30,108.97078704833984,109.98999786376953,112.08000183105469,109.6500015258789,109.94000244140625,147400
2023-08-31,108.89152526855469,109.91000366210938,111.70999908447266,109.72000122070312,110.0,102800
2023-09-01,109.86246490478516,110.88999938964844,111.66999816894531,110.41999816894531,110.91999816894531,84200
2023-09-05,105.51312255859375,106.5,109.52999877929688,106.30000305175781,109.52999877929688,174700
2023-09-06,106.21654510498047,107.20999908447266,107.43000030517578,105.73999786376953,106.7300033569336,92200
2023-09-07,105.4833984375,106.47000122070312,107.0,104.98999786376953,107.0,100200
2023-09-08,104.77998352050781,105.76000213623047,107.31999969482422,105.41000366210938,105.93000030517578,128600
2023-09-11,107.08838653564453,108.08999633789062,108.29000091552734,106.20999908447266,107.02999877929688,154300
2023-09-12,107.06857299804688,108.06999969482422,109.08000183105469,107.54000091552734,107.69000244140625,107900
2023-09-13,108.62403869628906,109.63999938964844,110.38999938964844,107.05000305175781,107.80000305175781,199200
2023-09-14,108.92125701904297,109.94000244140625,111.43000030517578,109.25,110.6500015258789,96600
2023-09-15,107.9998779296875,109.01000213623047,109.62000274658203,107.41999816894531,109.62000274658203,592900
2023-09-18,106.97941589355469,107.9800033569336,110.0199966430664,107.88999938964844,108.51000213623047,85200
2023-09-19,106.17691040039062,107.16999816894531,108.62999725341797,106.80999755859375,107.73999786376953,94000
2023-09-20,104.39359283447266,105.37000274658203,108.9000015258789,105.30000305175781,108.13999938964844,85400
2023-09-21,103.54156494140625,104.51000213623047,105.62000274658203,104.0,104.36000061035156,108300
2023-09-22,102.84805297851562,103.80999755859375,105.05000305175781,103.7300033569336,104.69000244140625,62700
2023-09-25,103.0164794921875,103.9800033569336,105.29000091552734,103.05000305175781,103.05000305175781,83800
2023-09-26,102.23381042480469,103.19000244140625,104.08000183105469,103.02999877929688,103.08000183105469,103600
2023-09-27,103.19482421875,104.16000366210938,105.2300033569336,103.12999725341797,104.27999877929688,70300
2023-09-28,104.4332275390625,105.41000366210938,106.0999984741211,104.19000244140625,104.37999725341797,141300
2023-09-29,104.16574096679688,105.13999938964844,106.23999786376953,104.52999877929688,106.04000091552734,129500
2023-10-02,103.11554718017578,104.08000183105469,105.0199966430664,103.69000244140625,104.66000366210938,127900
2023-10-03,102.54093170166016,103.5,104.44999694824219,103.31999969482422,103.31999969482422,153200
2023-10-04,102.62020111083984,103.58000183105469,103.86000061035156,101.23999786376953,103.22000122070312,141100
2023-10-05,102.32295227050781,103.27999877929688,103.91999816894531,102.86000061035156,103.58000183105469,143700
2023-10-06,102.44185638427734,103.4000015258789,105.25,102.69000244140625,102.69000244140625,118500
2023-10-09,102.18426513671875,103.13999938964844,103.9800033569336,101.94000244140625,102.1500015258789,90900
2023-10-10,103.03630065917969,104.0,105.38999938964844,103.56999969482422,103.56999969482422,97400
2023-10-11,102.48148345947266,103.44000244140625,105.02999877929688,102.68000030517578,104.06999969482422,75900
2023-10-12,101.62945556640625,102.58000183105469,103.33999633789062,101.45999908447266,103.33999633789062,179800
2023-10-13,99.74705505371094,100.68000030517578,103.37000274658203,100.4800033569336,102.75,119200
2023-10-16,100.75760650634766,101.69999694824219,102.2699966430664,101.16999816894531,101.5,164600
2023-10-17,102.45176696777344,103.41000366210938,104.80000305175781,101.16000366210938,101.16000366210938,129300
2023-10-18,99.6182632446289,100.55000305175781,102.13999938964844,100.05999755859375,102.13999938964844,128800
2023-10-19,98.35010528564453,99.2699966430664,102.06999969482422,98.88999938964844,100.0199966430664,157700
2023-10-20,96.22994995117188,97.12999725341797,100.76000213623047,97.05000305175781,100.30000305175781,158000
2023-10-23,94.53580474853516,95.41999816894531,97.62000274658203,95.33000183105469,97.0199966430664,183000
2023-10-24,95.33831024169922,96.2300033569336,96.75,94.52999877929688,95.94999694824219,146100
2023-10-25,104.90877532958984,105.88999938964844,106.41000366210938,99.69999694824219,99.79000091552734,383800
2023-10-26,102.64991760253906,103.61000061035156,106.18000030517578,103.16999816894531,105.3499984741211,279200
2023-10-27,99.17243194580078,100.0999984741211,104.0,99.63999938964844,104.0,196200
2023-10-30,100.9062271118164,101.8499984741211,102.08999633789062,100.1500015258789,101.75,138000
2023-10-31,103.05609893798828,104.0199966430664,104.26000213623047,101.36000061035156,102.02999877929688,162000
2023-11-01,102.62020111083984,103.58000183105469,103.83000183105469,102.30000305175781,103.33000183105469,163500
2023-11-02,105.18619537353516,106.16999816894531,106.63999938964844,104.41999816894531,105.75,167100
2023-11-03,106.80108642578125,107.80000305175781,108.76000213623047,107.05999755859375,108.76000213623047,115800
2023-11-06,105.08710479736328,106.06999969482422,107.18000030517578,105.68000030517578,107.12000274658203,188400
2023-11-07,101.96629333496094,102.91999816894531,105.58000183105469,102.8499984741211,105.20999908447266,109700
2023-11-08,103.1551742553711,104.12000274658203,104.5199966430664,102.52999877929688,103.5999984741211,116000
2023-11-09,102.35267639160156,103.30999755859375,105.05000305175781,103.18000030517578,104.69999694824219,112700
2023-11-10,102.35267639160156,103.30999755859375,104.29000091552734,102.51000213623047,103.86000061035156,126100
2023-11-13,102.5112075805664,103.47000122070312,103.69000244140625,102.05000305175781,103.1500015258789,133700
2023-11-14,107.46488189697266,108.47000122070312,108.8499984741211,106.20999908447266,106.43000030517578,260100
2023-11-15,105.5923843383789,106.58000183105469,109.91000366210938,106.52999877929688,108.16000366210938,147100
2023-11-16,104.68092346191406,105.66000366210938,107.01000213623047,104.45999908447266,106.91000366210938,100300
2023-11-17,105.96886444091797,106.95999908447266,107.19000244140625,105.91000366210938,106.83000183105469,131100
2023-11-20,105.46359252929688,106.44999694824219,107.0,105.63999938964844,107.0,99900
2023-11-21,105.26544952392578,106.25,106.62999725341797,105.7300033569336,105.87999725341797,81300
2023-11-22,105.69145965576172,106.68000030517578,107.83999633789062,106.47000122070312,107.0,99900
2023-11-24,106.65247344970703,107.6500015258789,107.91000366210938,106.29000091552734,106.38999938964844,211600
2023-11-27,106.24626159667969,107.23999786376953,107.58000183105469,106.02999877929688,107.16999816894531,172400
2023-11-28,103.96758270263672,104.94000244140625,107.36000061035156,104.80999755859375,106.69999694824219,125400
2023-11-29,102.97684478759766,103.94000244140625,106.5999984741211,103.44999694824219,105.8499984741211,227700
2023-11-30,102.34278106689453,103.30000305175781,105.47000122070312,102.37999725341797,104.80999755859375,189100
2023-12-01,104.39359283447266,105.37000274658203,105.48999786376953,102.86000061035156,103.63999938964844,280900
2023-12-04,104.41340637207031,105.38999938964844,106.20999908447266,104.9800033569336,105.05000305175781,154300
2023-12-05,102.7588882446289,103.72000122070312,105.45999908447266,103.4000015258789,105.45999908447266,143400
2023-12-06,102.62020111083984,103.58000183105469,105.44999694824219,103.54000091552734,104.22000122070312,116200
2023-12-07,103.9874038696289,104.95999908447266,105.04000091552734,102.69000244140625,103.93000030517578,132200
2023-12-08,103.96758270263672,104.94000244140625,106.37999725341797,104.12999725341797,104.70999908447266,131100
2023-12-11,104.373779296875,105.3499984741211,105.94000244140625,104.5,104.94000244140625,140300
2023-12-12,103.383056640625,104.3499984741211,105.26000213623047,103.88999938964844,105.05999755859375,144400
2023-12-13,104.96821594238281,105.94999694824219,106.19000244140625,103.27999877929688,104.41999816894531,195500
2023-12-14,107.22711181640625,108.2300033569336,108.94999694824219,106.2699966430664,108.22000122070312,320200
2023-12-15,104.85704803466797,105.73999786376953,109.55999755859375,105.05999755859375,108.58999633789062,780400
2023-12-18,104.17281341552734,105.05000305175781,107.29000091552734,105.02999877929688,106.55999755859375,304800
2023-12-19,103.61750030517578,104.48999786376953,106.08999633789062,103.9000015258789,105.62000274658203,444400
2023-12-20,100.64253997802734,101.48999786376953,105.04000091552734,101.08000183105469,104.29000091552734,279900
2023-12-21,101.10861206054688,101.95999908447266,103.18000030517578,100.93000030517578,102.18000030517578,198000
2023-12-22,100.61279296875,101.45999908447266,103.04000091552734,100.69999694824219,101.95999908447266,158800
2023-12-26,100.05746459960938,100.9000015258789,101.73999786376953,100.30999755859375,101.69999694824219,229500
2023-12-27,99.47240447998047,100.30999755859375,101.4000015258789,99.80999755859375,100.80000305175781,168600
2023-12-28,100.38471984863281,101.2300033569336,101.2300033569336,98.66999816894531,99.75,267800
2023-12-29,98.61956024169922,99.44999694824219,101.45999908447266,99.37000274658203,101.19999694824219,135000
2024-01-02,95.84296417236328,96.6500015258789,99.62000274658203,96.30999755859375,98.75,197400
2024-01-03,91.53919982910156,92.30999755859375,96.2699966430664,92.29000091552734,96.2699966430664,232100
2024-01-04,90.82521057128906,91.58999633789062,93.30000305175781,91.25,92.0,233800
2024-01-05,91.28136444091797,92.05000305175781,92.44999694824219,90.20999908447266,90.83000183105469,212000
2024-01-08,91.88627624511719,92.66000366210938,92.87999725341797,91.4000015258789,91.61000061035156,218300
2024-01-09,91.88627624511719,92.66000366210938,92.80000305175781,90.27999877929688,91.38999938964844,180000
2024-01-10,92.52092742919922,93.30000305175781,93.41999816894531,91.80000305175781,92.62000274658203,129000
2024-01-11,92.70934295654297,93.48999786376953,93.70999908447266,91.73999786376953,93.16999816894531,148800
2024-01-12,93.07625579833984,93.86000061035156,94.66000366210938,93.18000030517578,94.66000366210938,110600
2024-01-16,91.1921157836914,91.95999908447266,93.68000030517578,91.94999694824219,92.83000183105469,255100
2024-01-17,89.64515686035156,90.4000015258789,91.4800033569336,90.18000030517578,91.0,170400
2024-01-18,90.37897491455078,91.13999938964844,91.55999755859375,90.30999755859375,90.87000274658203,120200
2024-01-19,98.43115997314453,99.26000213623047,99.66999816894531,89.95999908447266,91.68000030517578,553400
2024-01-22,98.89724731445312,99.7300033569336,100.16000366210938,98.04000091552734,99.5,546000
2024-01-23,101.54495239257812,102.4000015258789,102.66000366210938,100.4000015258789,101.05999755859375,311600
2024-01-24,98.73857879638672,99.56999969482422,103.19000244140625,99.18000030517578,103.19000244140625,217000
2024-01-25,100.6227035522461,101.47000122070312,101.80999755859375,99.88999938964844,101.20999908447266,169600
2024-01-26,101.34659576416016,102.19999694824219,102.6500015258789,101.2699966430664,102.0,184500
2024-01-29,102.81425476074219,103.68000030517578,103.88999938964844,101.5,101.91999816894531,175800
2024-01-30,100.10704040527344,100.94999694824219,103.41000366210938,99.8499984741211,103.0199966430664,204700
2024-01-31,97.93534088134766,98.76000213623047,101.9000015258789,98.69999694824219,100.9800033569336,150200
2024-02-01,99.9483871459961,100.79000091552734,100.83999633789062,97.77999877929688,99.41000366210938,169200
2024-02-02,99.10547637939453,99.94000244140625,100.63999938964844,98.91000366210938,99.55000305175781,98400
2024-02-05,97.32052612304688,98.13999938964844,99.41000366210938,97.75,98.62999725341797,139200
2024-02-06,97.80641174316406,98.62999725341797,99.80999755859375,97.69000244140625,97.94000244140625,100400
2024-02-07,99.50213623046875,100.33999633789062,101.2699966430664,98.02999877929688,99.0199966430664,124700
2024-02-08,100.91028594970703,101.76000213623047,101.91999816894531,99.94000244140625,100.25,112500
2024-02-09,102.41758728027344,103.27999877929688,103.5999984741211,101.80000305175781,102.0,132000
2024-02-12,102.72500610351562,103.58999633789062,104.25,102.88999938964844,102.88999938964844,132000
2024-02-13,98.43115997314453,99.26000213623047,101.58000183105469,98.75,100.45999908447266,266500
2024-02-14,102.31843566894531,103.18000030517578,103.6500015258789,99.20999908447266,100.91000366210938,233100
2024-02-15,104.17281341552734,105.05000305175781,105.1500015258789,101.63999938964844,103.9800033569336,203000
2024-02-16,102.5465087890625,103.41000366210938,104.80000305175781,102.33000183105469,104.0999984741211,221600
2024-02-20,101.9118423461914,102.7699966430664,103.30000305175781,101.2300033569336,101.69000244140625,181700
2024-02-21,96.42803955078125,97.23999786376953,104.87999725341797,96.06999969482422,104.0,394800
2024-02-22,99.01622772216797,99.8499984741211,99.86000061035156,96.62999725341797,97.98999786376953,341300
2024-02-23,98.13367462158203,98.95999908447266,100.44999694824219,98.37999725341797,100.0199966430664,140300
2024-02-26,102.46717834472656,103.33000183105469,103.52999877929688,98.2300033569336,98.54000091552734,228700
2024-02-27,100.9896240234375,101.83999633789062,104.83000183105469,101.41000366210938,103.68000030517578,304000
2024-02-28,100.41445922851562,101.26000213623047,101.91999816894531,100.94999694824219,100.94999694824219,126700
2024-02-29,100.63262939453125,101.4800033569336,103.05000305175781,100.91000366210938,102.98999786376953,163400
2024-03-01,100.92020416259766,101.7699966430664,102.47000122070312,100.94999694824219,101.48999786376953,127000
2024-03-04,99.59140014648438,100.43000030517578,102.44000244140625,100.25,101.5,118500
2024-03-05,97.62792205810547,98.44999694824219,100.95999908447266,98.3499984741211,100.0,107100
2024-03-06,99.15506744384766,99.98999786376953,100.38999938964844,98.87000274658203,99.45999908447266,104400
2024-03-07,100.55329895019531,101.4000015258789,104.0,100.16999816894531,100.4800033569336,215900
2024-03-08,103.34257507324219,104.11000061035156,105.5999984741211,102.51000213623047,102.51000213623047,343800
2024-03-11,101.77422332763672,102.52999877929688,104.11000061035156,101.16999816894531,103.9000015258789,210600
2024-03-12,103.5708999633789,104.33999633789062,104.73999786376953,101.72000122070312,102.43000030517578,151800
2024-03-13,104.02749633789062,104.80000305175781,105.33000183105469,102.05000305175781,103.9800033569336,182900
2024-03-14,100.66249084472656,101.41000366210938,104.68000030517578,100.80999755859375,104.68000030517578,188100
2024-03-15,101.27791595458984,102.02999877929688,102.4800033569336,100.51000213623047,100.51000213623047,359300
2024-03-18,98.60774230957031,99.33999633789062,102.79000091552734,99.26000213623047,102.05999755859375,166000
2024-03-19,99.49118041992188,100.2300033569336,100.75,98.87999725341797,98.87999725341797,139900
2024-03-20,99.00479888916016,99.73999786376953,100.69999694824219,99.31999969482422,99.66999816894531,163700
2024-03-21,100.83123016357422,101.58000183105469,102.55999755859375,100.23999786376953,100.94999694824219,180200
2024-03-22,99.89815521240234,100.63999938964844,101.76000213623047,99.80999755859375,101.76000213623047,104000
2024-03-25,98.03202056884766,98.76000213623047,101.16000366210938,98.52999877929688,101.16000366210938,214500
2024-03-26,99.50111389160156,100.23999786376953,100.31999969482422,97.86000061035156,99.44999694824219,151000
2024-03-27,103.78925323486328,104.55999755859375,104.87000274658203,101.25,101.25,169200
2024-03-28,104.1168212890625,104.88999938964844,105.8499984741211,104.30000305175781,104.91999816894531,138000
2024-04-01,100.67240142822266,101.41999816894531,104.93000030517578,100.93000030517578,104.93000030517578,162300
2024-04-02,98.06180572509766,98.79000091552734,101.16999816894531,98.19000244140625,100.55000305175781,194100
2024-04-03,98.7169189453125,99.44999694824219,100.04000091552734,97.95999908447266,97.95999908447266,146700
2024-04-04,100.32499694824219,101.06999969482422,101.58999633789062,99.93000030517578,101.08999633789062,184300
2024-04-05,98.16107177734375,98.88999938964844,99.22000122070312,94.9000015258789,97.0,712800
2024-04-08,94.07141876220703,94.7699966430664,100.20999908447266,94.70999908447266,100.05000305175781,394900
2024-04-09,96.35446166992188,97.06999969482422,97.2699966430664,94.68000030517578,95.0,280700
2024-04-10,92.94976806640625,93.63999938964844,96.19000244140625,93.43000030517578,95.0,272200
2024-04-11,95.02435302734375,95.7300033569336,95.9000015258789,93.30999755859375,93.9000015258789,233500
2024-04-12,91.94720458984375,92.62999725341797,95.81999969482422,92.20999908447266,95.73999786376953,270200
2024-04-15,92.37403869628906,93.05999755859375,93.9800033569336,92.0199966430664,93.0,291200
2024-04-16,89.90238189697266,90.56999969482422,92.25,90.44999694824219,91.95999908447266,228100
2024-04-17,89.5152587890625,90.18000030517578,91.98999786376953,90.18000030517578,91.0199966430664,226000
2024-04-18,89.04872131347656,89.70999908447266,91.41999816894531,88.97000122070312,90.8499984741211,265700
2024-04-19,91.03398895263672,91.70999908447266,92.19000244140625,89.66000366210938,89.66000366210938,269800
2024-04-22,89.69393920898438,90.36000061035156,92.43000030517578,89.08999633789062,92.19999694824219,428200
2024-04-23,90.90493774414062,91.58000183105469,92.29000091552734,89.88999938964844,90.36000061035156,142200
2024-04-24,89.50532531738281,90.16999816894531,92.86000061035156,89.33999633789062,92.86000061035156,232300
2024-04-25,87.95684814453125,88.61000061035156,89.69000244140625,88.02999877929688,89.08999633789062,341000
2024-04-26,90.13069915771484,90.80000305175781,91.0199966430664,88.69000244140625,88.94999694824219,294500
2024-04-29,89.73365020751953,90.4000015258789,91.5199966430664,89.8499984741211,91.3499984741211,155100
2024-04-30,88.43328857421875,89.08999633789062,90.61000061035156,88.94000244140625,89.61000061035156,164100
2024-05-01,88.18513488769531,88.83999633789062,90.13999938964844,88.56999969482422,89.1500015258789,410000
2024-05-02,89.71379089355469,90.37999725341797,92.58999633789062,88.02999877929688,89.5,437000
2024-05-03,90.46819305419922,91.13999938964844,91.83999633789062,90.54000091552734,91.6500015258789,296100
2024-05-06,91.43103790283203,92.11000061035156,92.72000122070312,91.27999877929688,91.75,173500
2024-05-07,92.3144760131836,93.0,93.44000244140625,91.30000305175781,91.9800033569336,132400
2024-05-08,91.10346221923828,91.77999877929688,92.62000274658203,91.12000274658203,92.48999786376953,220000
2024-05-09,92.89019775390625,93.58000183105469,93.87999725341797,91.55999755859375,92.08999633789062,149100
2024-05-10,93.6843032836914,94.37999725341797,94.79000091552734,93.5,94.0,333300
2024-05-13,92.54277801513672,93.2300033569336,95.75,93.12000274658203,95.1500015258789,256500
2024-05-14,94.2798843383789,94.9800033569336,95.83999633789062,93.95999908447266,94.6500015258789,348600
2024-05-15,95.14347076416016,95.8499984741211,96.13999938964844,94.66999816894531,95.76000213623047,324100
2024-05-16,92.80086517333984,93.48999786376953,96.0999984741211,92.83999633789062,95.93000030517578,232400
2024-05-17,92.86042022705078,93.55000305175781,94.26000213623047,93.0,93.7699966430664,202500
2024-05-20,92.37403869628906,93.05999755859375,94.1500015258789,93.0,93.41000366210938,136400
2024-05-21,93.73393249511719,94.43000030517578,94.48999786376953,91.8499984741211,92.81999969482422,319600
2024-05-22,93.4557113647461,94.05000305175781,94.26000213623047,92.61000061035156,93.70999908447266,282300
2024-05-23,91.86579895019531,92.44999694824219,94.9800033569336,91.56999969482422,94.16000366210938,252500
2024-05-24,92.84956359863281,93.44000244140625,93.55999755859375,92.25,93.0199966430664,266500
2024-05-28,92.85948944091797,93.44999694824219,94.19999694824219,92.91000366210938,93.91000366210938,241600
2024-05-29,92.65081787109375,93.23999786376953,93.97000122070312,91.80000305175781,91.95999908447266,358700
2024-05-30,94.5885009765625,95.19000244140625,95.20999908447266,93.7300033569336,93.7300033569336,288500
2024-05-31,94.92634582519531,95.52999877929688,96.4800033569336,93.51000213623047,95.61000061035156,271300
2024-06-03,94.12147521972656,94.72000122070312,96.51000213623047,93.18000030517578,96.41000366210938,254900
2024-06-04,93.7935562133789,94.38999938964844,95.45999908447266,93.05999755859375,93.97000122070312,558200
2024-06-05,93.61470031738281,94.20999908447266,95.04000091552734,93.12999725341797,94.7300033569336,269900
2024-06-06,93.78362274169922,94.37999725341797,94.72000122070312,93.30000305175781,93.94000244140625,158600
2024-06-07,91.78632354736328,92.37000274658203,93.91000366210938,92.2699966430664,93.68000030517578,157100
2024-06-10,93.8233642578125,94.41999816894531,94.52999877929688,90.97000122070312,90.97000122070312,498900
2024-06-11,94.36988830566406,94.97000122070312,95.94999694824219,93.0999984741211,93.6500015258789,403500
2024-06-12,96.2677993774414,96.87999725341797,98.25,95.83999633789062,97.1500015258789,348200
2024-06-13,97.60929107666016,98.2300033569336,98.38999938964844,95.48999786376953,96.75,347700
2024-06-14,96.4168701171875,97.02999877929688,98.08999633789062,95.7300033569336,96.80000305175781,597200
2024-06-17,99.46746826171875,100.0999984741211,100.19000244140625,95.93000030517578,96.3499984741211,290600
2024-06-18,99.89476013183594,100.52999877929688,101.30000305175781,99.26000213623047,100.30999755859375,343100
2024-06-20,98.90106964111328,99.52999877929688,100.98999786376953,97.95999908447266,99.62999725341797,368700
2024-06-21,98.50359344482422,99.12999725341797,100.18000030517578,98.26000213623047,99.66000366210938,636500
2024-06-24,97.30125427246094,97.91999816894531,99.62000274658203,97.80999755859375,99.62000274658203,214400
2024-06-25,95.86041259765625,96.47000122070312,98.2699966430664,95.69000244140625,97.70999908447266,160900
2024-06-26,94.7077407836914,95.30999755859375,96.83999633789062,94.12999725341797,95.93000030517578,333200
2024-06-27,96.37712097167969,96.98999786376953,97.0999984741211,94.7699966430664,95.5,148000
2024-06-28,94.36988830566406,94.97000122070312,97.76000213623047,94.56999969482422,97.76000213623047,1448800
2024-07-01,89.78902435302734,90.36000061035156,96.0999984741211,90.30999755859375,95.44999694824219,350600
2024-07-02,90.10700225830078,90.68000030517578,91.62000274658203,90.02999877929688,90.36000061035156,222900
2024-07-03,90.73302459716797,91.30999755859375,91.4800033569336,90.33999633789062,91.38999938964844,145100
2024-07-05,89.97782897949219,90.55000305175781,91.01000213623047,89.83999633789062,90.69000244140625,182800
2024-07-08,90.92182159423828,91.5,92.0199966430664,91.01000213623047,91.12000274658203,207500
2024-07-09,88.21900939941406,88.77999877929688,91.3499984741211,88.76000213623047,91.3499984741211,146400
2024-07-10,90.04739379882812,90.62000274658203,91.0,88.30999755859375,89.58000183105469,199800
2024-07-11,93.38615417480469,93.9800033569336,94.58000183105469,89.87000274658203,92.06999969482422,218700
2024-07-12,94.03204345703125,94.62999725341797,95.5999984741211,94.01000213623047,95.5999984741211,150500
2024-07-15,95.11515808105469,95.72000122070312,96.63999938964844,94.80999755859375,95.41000366210938,220500
2024-07-16,98.1458740234375,98.7699966430664,98.8499984741211,96.5999984741211,96.83000183105469,300200
2024-07-17,99.08988189697266,99.72000122070312,100.37000274658203,97.97000122070312,97.97000122070312,226300
2024-07-18,101.58403015136719,102.2300033569336,103.79000091552734,99.01000213623047,99.01000213623047,1089800
2024-07-19,100.45121765136719,101.08999633789062,102.2699966430664,99.95999908447266,101.6500015258789,463300
2024-07-22,103.74031066894531,104.4000015258789,105.13999938964844,100.1500015258789,101.2699966430664,293000
2024-07-23,101.8026123046875,102.44999694824219,104.51000213623047,102.08000183105469,103.77999877929688,277700
2024-07-24,98.72221374511719,99.3499984741211,102.80000305175781,99.27999877929688,102.0999984741211,271700
2024-07-25,98.18561553955078,98.80999755859375,101.02999877929688,97.87999725341797,99.97000122070312,336900
2024-07-26,99.86495971679688,100.5,102.01000213623047,100.08000183105469,100.72000122070312,222800
2024-07-29,96.79448699951172,97.41000366210938,100.97000122070312,97.05999755859375,100.81999969482422,421900
2024-07-30,96.0392837524414,96.6500015258789,97.9800033569336,96.06999969482422,97.9800033569336,372800
2024-07-31,97.75833892822266,98.37999725341797,101.05999755859375,93.30000305175781,95.13999938964844,470600
2024-08-01,94.69781494140625,95.30000305175781,99.55999755859375,94.87000274658203,98.51000213623047,455500
2024-08-02,93.27684783935547,93.87000274658203,94.13999938964844,91.0,92.08999633789062,243400
2024-08-05,89.4710464477539,90.04000091552734,92.16999816894531,89.04000091552734,89.83000183105469,214800
2024-08-06,88.97420501708984,89.54000091552734,91.12000274658203,89.11000061035156,89.9000015258789,324900
2024-08-07,88.09976196289062,88.66000366210938,91.27999877929688,88.3499984741211,90.70999908447266,267400
2024-08-08,89.4312973022461,90.0,90.58999633789062,88.62999725341797,89.58000183105469,173000
2024-08-09,89.85856628417969,90.43000030517578,90.68000030517578,89.01000213623047,89.91000366210938,175700
2024-08-12,87.88115692138672,88.44000244140625,90.33999633789062,88.29000091552734,89.83000183105469,146300
2024-08-13,88.07990264892578,88.63999938964844,89.55999755859375,87.56999969482422,89.55999755859375,179400
2024-08-14,86.70860290527344,87.26000213623047,88.9000015258789,86.88999938964844,88.9000015258789,158500
2024-08-15,88.81521606445312,89.37999725341797,90.33999633789062,87.05999755859375,89.08999633789062,254100
2024-08-16,88.9543228149414,89.5199966430664,90.13999938964844,88.47000122070312,89.04000091552734,121200
2024-08-19,91.3119888305664,91.79000091552734,91.80000305175781,89.19999694824219,89.47000122070312,222400
2024-08-20,88.14854431152344,88.61000061035156,91.43000030517578,88.58000183105469,91.30999755859375,247200
2024-08-21,88.14854431152344,88.61000061035156,89.41999816894531,88.16000366210938,89.27999877929688,209900
2024-08-22,86.35791015625,86.80999755859375,88.72000122070312,86.75,88.62000274658203,180000
2024-08-23,89.67057037353516,90.13999938964844,90.5999984741211,87.04000091552734,87.36000061035156,217500
2024-08-26,89.82975769042969,90.30000305175781,91.72000122070312,90.08999633789062,90.91000366210938,198000
2024-08-27,88.98417663574219,89.44999694824219,91.3499984741211,89.3499984741211,90.19999694824219,173800
2024-08-28,88.00927734375,88.47000122070312,89.93000030517578,88.30999755859375,89.61000061035156,129300
2024-08-29,89.29255676269531,89.76000213623047,90.41999816894531,88.55000305175781,89.30999755859375,170200
2024-08-30,89.37213897705078,89.83999633789062,91.87000274658203,89.3499984741211,89.87999725341797,357200
2024-09-03,87.08411407470703,87.54000091552734,89.7300033569336,86.38999938964844,89.0199966430664,221200
2024-09-04,88.76531219482422,89.2300033569336,89.30999755859375,86.12000274658203,86.75,209900
2024-09-05,87.90979766845703,88.37000274658203,89.6500015258789,87.7699966430664,89.6500015258789,182200
2024-09-06,87.39250183105469,87.8499984741211,89.51000213623047,86.91999816894531,88.69000244140625,291100
2024-09-09,86.46734619140625,86.91999816894531,88.3499984741211,86.2300033569336,87.45999908447266,197700
2024-09-10,84.48770904541016,84.93000030517578,87.80999755859375,84.69999694824219,87.11000061035156,307000
2024-09-11,85.11443328857422,85.55999755859375,85.5999984741211,82.63999938964844,84.80999755859375,544500
2024-09-12,86.7757339477539,87.2300033569336,87.29000091552734,85.0999984741211,86.0999984741211,206800
2024-09-13,89.15328979492188,89.62000274658203,89.7300033569336,87.76000213623047,88.4800033569336,233400
2024-09-16,89.25276947021484,89.72000122070312,90.37999725341797,89.11000061035156,90.37999725341797,345600
2024-09-17,90.08839416503906,90.55999755859375,91.97000122070312,90.47000122070312,90.94000244140625,210100
2024-09-18,90.94391632080078,91.41999816894531,93.63999938964844,89.91000366210938,90.47000122070312,202400
2024-09-19,92.16751098632812,92.6500015258789,94.77999877929688,92.0999984741211,93.66999816894531,173500
2024-09-20,90.72505950927734,91.19999694824219,92.37999725341797,91.0199966430664,92.05000305175781,530900
2024-09-23,91.47114562988281,91.94999694824219,92.37000274658203,91.02999877929688,91.75,243200
2024-09-24,93.34136962890625,93.83000183105469,94.06999969482422,91.8499984741211,92.33000183105469,298900
2024-09-25,93.38116455078125,93.87000274658203,94.31999969482422,92.33000183105469,94.0,293500
2024-09-26,96.81319427490234,97.31999969482422,97.5199966430664,94.0,95.0,296900
2024-09-27,97.31059265136719,97.81999969482422,99.43000030517578,96.98999786376953,98.20999908447266,285300
2024-09-30,97.99699401855469,98.51000213623047,98.5999984741211,97.05999755859375,97.72000122070312,293300
2024-10-01,98.81271362304688,99.33000183105469,99.43000030517578,96.81999969482422,98.47000122070312,252900
2024-10-02,98.78287506103516,99.30000305175781,100.0199966430664,97.69000244140625,99.30000305175781,309200
2024-10-03,97.25090026855469,97.76000213623047,98.66000366210938,96.91000366210938,98.37000274658203,253400
2024-10-04,99.40959930419922,99.93000030517578,100.27999877929688,97.83000183105469,99.30999755859375,283000
2024-10-07,99.35985565185547,99.87999725341797,100.69999694824219,98.7699966430664,99.12999725341797,170800
2024-10-08,98.2158432006836,98.7300033569336,99.56999969482422,98.16999816894531,99.52999877929688,164400
2024-10-09,95.90794372558594,96.41000366210938,98.87000274658203,96.01000213623047,98.52999877929688,272600
2024-10-10,94.26652526855469,94.76000213623047,96.36000061035156,94.43000030517578,95.31999969482422,222300
2024-10-11,95.73880004882812,96.23999786376953,96.66999816894531,94.23999786376953,94.23999786376953,134600
2024-10-14,98.5540771484375,99.06999969482422,99.16999816894531,95.41999816894531,95.8499984741211,223900
2024-10-15,97.49960327148438,98.01000213623047,99.91999816894531,97.51000213623047,98.91000366210938,253900
2024-10-16,97.89751434326172,98.41000366210938,98.86000061035156,97.62000274658203,98.5,216700
2024-10-17,99.42948913574219,99.94999694824219,99.98999786376953,98.0199966430664,98.45999908447266,230700
2024-10-18,98.13626098632812,98.6500015258789,101.5,98.1500015258789,100.33999633789062,175400
2024-10-21,97.2011489868164,97.70999908447266,98.87999725341797,96.8499984741211,98.87999725341797,272200
2024-10-22,94.763916015625,95.26000213623047,98.3499984741211,95.08999633789062,97.5999984741211,311300
2024-10-23,111.56595611572266,112.1500015258789,112.88999938964844,99.63999938964844,100.0,1865200
2024-10-24,117.40538024902344,118.0199966430664,118.2699966430664,111.5,113.08999633789062,892700
2024-10-25,113.81420135498047,114.41000366210938,118.55000305175781,112.98999786376953,118.55000305175781,430300
2024-10-28,116.37081146240234,116.9800033569336,118.0999984741211,114.31999969482422,115.5,514100
2024-10-29,114.19220733642578,114.79000091552734,115.95999908447266,114.12999725341797,115.27999877929688,278800
2024-10-30,115.107421875,115.70999908447266,117.0,113.31999969482422,113.31999969482422,341300
2024-10-31,110.83975219726562,111.41999816894531,115.25,111.26000213623047,115.25,315900
2024-11-01,114.31158447265625,114.91000366210938,115.11000061035156,111.56999969482422,112.0,400200
2024-11-04,114.32152557373047,114.91999816894531,116.12000274658203,113.20999908447266,114.12000274658203,389000
2024-11-05,115.06761932373047,115.66999816894531,116.22000122070312,114.04000091552734,114.7300033569336,293300
2024-11-06,118.9771728515625,119.5999984741211,122.0,116.37000274658203,119.9000015258789,485400
2024-11-07,116.08232116699219,116.69000244140625,119.5,116.69000244140625,119.5,354100
2024-11-08,118.30069732666016,118.91999816894531,118.94000244140625,115.30000305175781,116.87000274658203,567700
2024-11-11,117.86299133300781,118.4800033569336,120.0,117.61000061035156,120.0,318600
2024-11-12,113.6351318359375,114.2300033569336,117.7300033569336,113.69000244140625,117.54000091552734,306000
2024-11-13,120.27039337158203,120.9000015258789,121.62000274658203,115.22000122070312,116.18000030517578,726900
2024-11-14,117.13680267333984,117.75,122.9000015258789,117.23999786376953,121.38999938964844,655000
2024-11-15,115.81371307373047,116.41999816894531,119.3499984741211,116.29000091552734,118.47000122070312,259000
2024-11-18,117.16664123535156,117.77999877929688,118.22000122070312,116.06999969482422,116.47000122070312,208600
2024-11-19,117.5844497680664,118.19999694824219,119.27999877929688,116.5,116.5,337000
2024-11-20,117.92268371582031,118.54000091552734,118.62999725341797,116.0999984741211,117.3499984741211,191400
2024-11-21,118.55934143066406,119.18000030517578,119.48999786376953,117.66000366210938,118.05999755859375,332600
2024-11-22,120.06147766113281,120.69000244140625,121.2699966430664,118.48999786376953,118.9800033569336,386300
2024-11-25,123.433837890625,124.08000183105469,125.58999633789062,121.79000091552734,122.0,531500
2024-11-26,123.54325866699219,124.19000244140625,125.58999633789062,123.22000122070312,124.19999694824219,592500
2024-11-27,124.60768127441406,125.26000213623047,127.2300033569336,124.27999877929688,124.6500015258789,737800
2024-11-29,125.36371612548828,126.0199966430664,127.30999755859375,125.80000305175781,125.97000122070312,264500
2024-12-02,124.51814270019531,125.16999816894531,126.55999755859375,124.69000244140625,126.19999694824219,257700
2024-12-03,123.46367645263672,124.11000061035156,125.12000274658203,123.6500015258789,125.12000274658203,217000
2024-12-04,123.34429168701172,123.98999786376953,126.36000061035156,123.30999755859375,124.08999633789062,351200
2024-12-05,121.51388549804688,122.1500015258789,124.61000061035156,121.95999908447266,124.61000061035156,214500
2024-12-06,122.18038940429688,122.81999969482422,122.94999694824219,120.97000122070312,122.94999694824219,324900
2024-12-09,122.73746490478516,123.37999725341797,124.5,121.8499984741211,123.0,544300
2024-12-10,125.2145004272461,125.87000274658203,126.95999908447266,121.08999633789062,123.16000366210938,635800
2024-12-11,124.3589859008789,125.01000213623047,127.4000015258789,124.30999755859375,126.0,383500
2024-12-12,126.45799255371094,127.12000274658203,128.22999572753906,124.7699966430664,124.7699966430664,465800
2024-12-13,122.32636260986328,122.87000274658203,126.9800033569336,122.7300033569336,126.68000030517578,387300
2024-12-16,121.70909881591797,122.25,123.87000274658203,121.27999877929688,122.44999694824219,326600
2024-12-17,120.46463775634766,121.0,123.16000366210938,120.66999816894531,122.2699966430664,656000
2024-12-18,122.37614440917969,122.91999816894531,126.23999786376953,120.66999816894531,121.5999984741211,698600
2024-12-19,123.05313110351562,123.5999984741211,124.2300033569336,121.12000274658203,123.55999755859375,612200
2024-12-20,124.22789764404297,124.77999877929688,126.37999725341797,122.11000061035156,123.01000213623047,1028300
2024-12-23,126.87614440917969,127.44000244140625,128.60000610351562,124.18000030517578,124.98999786376953,662600
2024-12-24,129.98231506347656,130.55999755859375,132.61000061035156,127.68000030517578,127.97000122070312,672800
2024-12-26,131.07748413085938,131.66000366210938,132.27999877929688,128.82000732421875,130.1699981689453,489700
2024-12-27,127.8119888305664,128.3800048828125,132.69000244140625,127.44999694824219,131.14999389648438,2802100
2024-12-30,126.8562240600586,127.41999816894531,129.4499969482422,125.93000030517578,128.9199981689453,751600
2024-12-31,126.53764343261719,127.0999984741211,128.25,125.61000061035156,127.87000274658203,372300
2025-01-02,124.76551818847656,125.31999969482422,129.30999755859375,124.94000244140625,128.0,574200
2025-01-03,127.05534362792969,127.62000274658203,131.3699951171875,125.01000213623047,128.0,3537200
2025-01-06,127.15489959716797,127.72000122070312,128.83999633789062,125.83000183105469,126.5999984741211,1563400
2025-01-07,123.31197357177734,123.86000061035156,127.0,123.05999755859375,126.80000305175781,2205300
2025-01-08,121.64936828613281,122.19000244140625,123.3499984741211,119.58999633789062,122.58000183105469,1006700
2025-01-10,121.27104949951172,121.80999755859375,122.70999908447266,120.02999877929688,120.19000244140625,852600
2025-01-13,122.49561309814453,123.04000091552734,123.80000305175781,119.12999725341797,121.0,546500
2025-01-14,121.44029235839844,121.9800033569336,125.83000183105469,121.13999938964844,123.83999633789062,390600
2025-01-15,125.01441955566406,125.56999969482422,126.0,123.43000030517578,124.54000091552734,681200
2025-01-16,123.45135498046875,124.0,127.0199966430664,123.5199966430664,126.26000213623047,717000
2025-01-17,123.30201721191406,123.8499984741211,127.04000091552734,121.22000122070312,123.79000091552734,410900
2025-01-21,126.26883697509766,126.83000183105469,128.58999633789062,123.26000213623047,124.5999984741211,387700
2025-01-22,125.97015380859375,126.52999877929688,127.55999755859375,125.62000274658203,127.2300033569336,296800
2025-01-23,128.3794708251953,128.9499969482422,130.2899932861328,125.51000213623047,126.5,529100
2025-01-24,130.63941955566406,131.22000122070312,131.6999969482422,127.94999694824219,128.38999938964844,408200
2025-01-27,130.57969665527344,131.16000366210938,133.44000244140625,130.00999450683594,130.17999267578125,436800
2025-01-28,127.73234558105469,128.3000030517578,132.47000122070312,127.66000366210938,131.38999938964844,351000
2025-01-29,125.23344421386719,125.79000091552734,129.47000122070312,125.79000091552734,127.93000030517578,486100
2025-01-30,128.2799072265625,128.85000610351562,130.22000122070312,127.0,127.18000030517578,334700
2025-01-31,132.4115447998047,133.0,133.97999572753906,127.6500015258789,128.38999938964844,447800
2025-02-03,128.4690399169922,129.0399932861328,131.14999389648438,128.10000610351562,130.8800048828125,354900
2025-02-04,127.49340057373047,128.05999755859375,130.74000549316406,127.5,127.83000183105469,234400
2025-02-05,126.35843658447266,126.91999816894531,129.25,125.12999725341797,129.0,420400
2025-02-06,129.42481994628906,130.0,130.44000244140625,126.70999908447266,127.18000030517578,408000
2025-02-07,126.96573638916016,127.52999877929688,130.8000030517578,127.48999786376953,129.8000030517578,298500
2025-02-10,127.77216339111328,128.33999633789062,129.7100067138672,127.62999725341797,127.69000244140625,398100
2025-02-11,126.8562240600586,127.41999816894531,128.9499969482422,124.08000183105469,124.68000030517578,237600
2025-02-12,125.15380096435547,125.70999908447266,127.31999969482422,123.26000213623047,125.41999816894531,385600
2025-02-13,123.85955047607422,124.41000366210938,127.19999694824219,124.0,125.80000305175781,375200
2025-02-14,123.41153717041016,123.95999908447266,125.11000061035156,123.38999938964844,124.41000366210938,427700
2025-02-18,123.43144989013672,123.9800033569336,124.16999816894531,122.13999938964844,123.5,428600
2025-02-19,121.95799255371094,122.5,123.9000015258789,121.52999877929688,123.2300033569336,419800
2025-02-20,120.86285400390625,121.4000015258789,123.02999877929688,121.01000213623047,122.80000305175781,289500
2025-02-21,118.39383697509766,118.91999816894531,122.5199966430664,118.19999694824219,122.2300033569336,367800
2025-02-24,116.72126770019531,117.23999786376953,119.30999755859375,116.63999938964844,117.22000122070312,588500
2025-02-25,134.601806640625,135.1999969482422,136.42999267578125,117.27999877929688,119.5,1518100
2025-02-26,134.65158081054688,135.25,139.0500030517578,134.02999877929688,134.14999389648438,944200
2025-02-27,130.7688446044922,131.35000610351562,136.0,131.19000244140625,133.0,521000
2025-02-28,131.41595458984375,132.0,134.5,129.67999267578125,131.0,511800
2025-03-03,128.67813110351562,129.25,133.6999969482422,129.13999938964844,132.16000366210938,419000
2025-03-04,131.29647827148438,131.8800048828125,135.0,126.45999908447266,127.79000091552734,743000
2025-03-05,130.57969665527344,131.16000366210938,133.39999389648438,130.60000610351562,132.6999969482422,528500
2025-03-06,130.49009704589844,131.07000732421875,133.25999450683594,128.49000549316406,129.6199951171875,509000
2025-03-07,132.3418426513672,132.92999267578125,134.16000366210938,131.24000549316406,131.9600067138672,500500
2025-03-10,127.13106536865234,127.5999984741211,132.33999633789062,125.86000061035156,132.0,533000
2025-03-11,124.8793716430664,125.33999633789062,128.42999267578125,123.93000030517578,128.05999755859375,574100
2025-03-12,123.74356079101562,124.19999694824219,127.86000061035156,124.19999694824219,125.5,504300
2025-03-13,119.82799530029297,120.2699966430664,123.80999755859375,120.16000366210938,123.48999786376953,373500
2025-03-14,123.05609893798828,123.51000213623047,124.5,119.70999908447266,120.75,762700
2025-03-17,125.34764099121094,125.80999755859375,126.98999786376953,122.54000091552734,122.73999786376953,309200
2025-03-18,125.95540618896484,126.41999816894531,126.87000274658203,124.48999786376953,125.08000183105469,274200
2025-03-19,125.93547821044922,126.4000015258789,127.47000122070312,124.0,126.12000274658203,560600
2025-03-20,125.12845611572266,125.58999633789062,126.63999938964844,125.05000305175781,125.26000213623047,479300
2025-03-21,123.67382049560547,124.12999725341797,125.91000366210938,123.2300033569336,125.20999908447266,922600
2025-03-24,127.74878692626953,128.22000122070312,128.82000732421875,126.02999877929688,126.02999877929688,541600
2025-03-25,127.21077728271484,127.68000030517578,129.25,126.33999633789062,126.33999633789062,489400
2025-03-26,126.30411529541016,126.7699966430664,129.2899932861328,126.5,127.4000015258789,316500
2025-03-27,125.42735290527344,125.88999938964844,127.66000366210938,123.9800033569336,126.52999877929688,364300
2025-03-28,121.79075622558594,122.23999786376953,125.9800033569336,121.3499984741211,125.43000030517578,289400
2025-03-31,121.75091552734375,122.19999694824219,123.23999786376953,118.0999984741211,121.26000213623047,404800
2025-04-01,123.62400817871094,124.08000183105469,124.12000274658203,120.80999755859375,121.12000274658203,369600
2025-04-02,124.85945129394531,125.31999969482422,125.7699966430664,122.66999816894531,123.12999725341797,274900
2025-04-03,112.07659149169922,112.48999786376953,121.7300033569336,111.2699966430664,120.69999694824219,717500
2025-04-04,103.26908111572266,103.6500015258789,109.91000366210938,100.33000183105469,109.19000244140625,925800
2025-04-07,100.48934173583984,100.86000061035156,106.76000213623047,96.02999877929688,99.87999725341797,620000
2025-04-08,95.17892456054688,95.52999877929688,105.47000122070312,94.20999908447266,105.47000122070312,638400
2025-04-09,102.1332778930664,102.51000213623047,104.9800033569336,90.08000183105469,94.76000213623047,2018600
2025-04-10,95.50769805908203,95.86000061035156,101.7300033569336,93.95999908447266,99.61000061035156,818300
2025-04-11,95.56748962402344,95.91999816894531,96.52999877929688,91.33999633789062,95.44999694824219,986300
2025-04-14,96.15531921386719,96.51000213623047,98.70999908447266,93.94000244140625,97.12999725341797,647500
2025-04-15,95.91620635986328,96.2699966430664,98.70999908447266,95.7699966430664,96.0,398500
2025-04-16,94.96969604492188,95.31999969482422,97.73999786376953,94.4800033569336,95.36000061035156,502200
2025-04-17,93.92354583740234,94.2699966430664,96.13999938964844,93.9800033569336,95.05999755859375,387000
2025-04-21,91.24343872070312,91.58000183105469,92.94999694824219,90.20999908447266,92.80000305175781,376300
2025-04-22,94.37190246582031,94.72000122070312,95.0,91.77999877929688,92.9800033569336,556500
2025-04-23,98.4966812133789,98.86000061035156,101.52999877929688,96.91999816894531,97.5999984741211,626900
2025-04-24,102.34249877929688,102.72000122070312,103.38999938964844,98.30000305175781,98.94000244140625,524800
2025-04-25,102.70117950439453,103.08000183105469,104.12999725341797,101.62000274658203,101.98999786376953,348700
2025-04-28,103.00007629394531,103.37999725341797,105.30000305175781,101.77999877929688,103.02999877929688,490000
2025-04-29,105.1122817993164,105.5,106.69999694824219,103.3499984741211,103.3499984741211,512100
2025-04-30,104.8731689453125,105.26000213623047,105.81999969482422,100.11000061035156,104.66000366210938,576400
2025-05-01,105.10232543945312,105.48999786376953,106.6500015258789,104.8499984741211,106.63999938964844,356600
2025-05-02,106.76618957519531,107.16000366210938,108.91000366210938,105.95999908447266,108.0,441500
2025-05-05,102.21297454833984,102.58999633789062,107.0,102.47000122070312,107.0,834800
2025-05-06,104.57427215576172,104.95999908447266,106.27999877929688,99.83999633789062,102.66000366210938,754400
2025-05-07,105.85953521728516,106.25,109.16999816894531,105.2699966430664,105.87000274658203,700100
2025-05-08,111.64817810058594,112.05999755859375,113.44000244140625,107.63999938964844,108.79000091552734,730400
2025-05-09,111.98692321777344,112.4000015258789,113.08999633789062,111.3499984741211,112.0999984741211,604900
2025-05-12,117.23755645751953,117.66999816894531,119.5,116.93000030517578,117.48999786376953,590700
2025-05-13,118.3434829711914,118.77999877929688,120.38999938964844,118.19999694824219,118.44999694824219,456700
2025-05-14,116.59991455078125,117.02999877929688,120.23999786376953,116.79000091552734,118.5,546700
2025-05-15,118.10436248779297,118.54000091552734,118.87999725341797,115.41000366210938,116.26000213623047,508600
2025-05-16,118.87152862548828,119.30999755859375,119.9800033569336,116.69999694824219,118.52999877929688,418100
2025-05-19,118.29367065429688,118.7300033569336,118.87999725341797,116.36000061035156,116.36000061035156,283100
2025-05-20,117.10803985595703,117.54000091552734,119.23999786376953,117.19999694824219,118.33999633789062,273800
2025-05-21,113.64082336425781,114.05999755859375,117.22000122070312,113.91999816894531,116.55000305175781,534800
2025-05-22,114.07920837402344,114.5,115.81999969482422,112.97000122070312,113.44000244140625,304600
2025-05-23,112.90354919433594,113.31999969482422,114.70999908447266,111.06999969482422,112.1500015258789,365800
2025-05-27,118.01920318603516,118.3499984741211,119.26000213623047,114.88999938964844,115.77999877929688,471800
2025-05-28,116.56329345703125,116.88999938964844,119.56999969482422,116.37000274658203,118.38999938964844,317800
2025-05-29,116.43365478515625,116.76000213623047,117.6500015258789,116.06999969482422,117.06999969482422,304100
2025-05-30,114.48910522460938,114.80999755859375,116.1500015258789,113.87999725341797,115.31999969482422,403900
2025-06-02,112.48472595214844,112.80000305175781,113.69000244140625,111.97000122070312,113.69000244140625,332300
2025-06-03,116.59320068359375,116.91999816894531,117.0999984741211,112.87000274658203,114.0,509100
2025-06-04,118.1588134765625,118.48999786376953,119.66000366210938,116.72000122070312,116.72000122070312,494400
2025-06-05,120.16320037841797,120.5,121.19000244140625,118.62000274658203,118.7699966430664,618800
2025-06-06,121.51940155029297,121.86000061035156,123.01000213623047,120.66999816894531,122.62999725341797,374700
2025-06-09,123.43403625488281,123.77999877929688,124.58999633789062,121.08000183105469,122.69999694824219,364500
2025-06-10,123.01520538330078,123.36000061035156,124.38999938964844,122.0999984741211,123.93000030517578,310200
2025-06-11,121.36981201171875,121.70999908447266,124.19999694824219,121.12000274658203,123.54000091552734,379000
2025-06-12,120.17317199707031,120.51000213623047,121.37999725341797,119.7699966430664,120.73999786376953,422800
2025-06-13,117.56050109863281,117.88999938964844,119.62999725341797,117.08999633789062,118.98999786376953,308400
2025-06-16,121.01082611083984,121.3499984741211,121.4800033569336,118.87000274658203,119.29000091552734,398800
2025-06-17,118.8070068359375,119.13999938964844,121.06999969482422,118.77999877929688,119.83999633789062,386500
2025-06-18,119.0363540649414,119.37000274658203,121.29000091552734,118.80000305175781,118.80000305175781,364100
2025-06-20,118.38817596435547,118.72000122070312,120.91999816894531,118.41000366210938,119.94000244140625,578100
2025-06-23,120.47232818603516,120.80999755859375,120.91000366210938,117.04000091552734,118.86000061035156,377200
2025-06-24,119.72443389892578,120.05999755859375,122.58000183105469,119.94999694824219,122.0,538800
2025-06-25,117.64027404785156,117.97000122070312,120.68000030517578,117.87000274658203,120.25,367700
2025-06-26,119.37540435791016,119.70999908447266,119.70999908447266,118.0199966430664,118.13999938964844,586900
2025-06-27,121.2900390625,121.62999725341797,121.91000366210938,119.08000183105469,120.0,1724500
2025-06-30,119.92387390136719,120.26000213623047,121.81999969482422,119.93000030517578,121.70999908447266,346700
2025-07-01,122.69609832763672,123.04000091552734,124.4800033569336,118.72000122070312,118.95999908447266,360200
2025-07-02,125.67774200439453,126.02999877929688,126.5999984741211,122.33000183105469,122.9000015258789,525800
2025-07-03,126.11650848388672,126.47000122070312,127.86000061035156,125.47000122070312,127.08999633789062,149900
2025-07-07,123.41409301757812,123.76000213623047,126.19999694824219,123.52999877929688,125.33999633789062,356000
2025-07-08,125.21902465820312,125.56999969482422,126.88999938964844,124.41000366210938,124.76000213623047,460900
2025-07-09,130.1551971435547,130.52000427246094,130.52000427246094,124.26000213623047,126.25,583400
2025-07-10,133.75511169433594,134.1300048828125,135.1300048828125,129.8000030517578,130.52000427246094,671800
2025-07-11,132.8775634765625,133.25,134.5800018310547,130.9199981689453,133.07000732421875,574300
2025-07-14,128.7591094970703,129.1199951171875,133.25,128.75999450683594,131.7899932861328,471300
2025-07-15,127.19348907470703,127.55000305175781,131.27999877929688,127.44999694824219,131.08999633789062,548100
2025-07-16,129.8560333251953,130.22000122070312,130.42999267578125,127.5199966430664,128.08999633789062,504700
2025-07-17,133.1268768310547,133.5,134.82000732421875,130.4600067138672,130.52999877929688,616300
2025-07-18,131.82052612304688,132.19000244140625,134.33999633789062,131.4600067138672,134.33999633789062,454800
2025-07-21,128.58956909179688,128.9499969482422,133.33999633789062,128.41000366210938,132.89999389648438,382900
2025-07-22,131.15240478515625,131.52000427246094,132.11000061035156,126.76000213623047,128.1300048828125,469000
2025-07-23,135.02154541015625,135.39999389648438,136.30999755859375,132.42999267578125,132.66000366210938,523300
2025-07-24,135.101318359375,135.47999572753906,136.00999450683594,133.82000732421875,134.8699951171875,321900
2025-07-25,138.63145446777344,139.02000427246094,139.05999755859375,134.1300048828125,135.97999572753906,447300
2025-07-28,138.5716094970703,138.9600067138672,140.25,137.32000732421875,139.08999633789062,540000
2025-07-29,136.7666473388672,137.14999389648438,140.3800048828125,135.57000732421875,140.17999267578125,562600
2025-07-30,136.89630126953125,137.27999877929688,139.1999969482422,135.05999755859375,136.88999938964844,506200
2025-07-31,137.4148406982422,137.8000030517578,138.02999877929688,135.5800018310547,135.89999389648438,628400
2025-08-01,132.48866271972656,132.86000061035156,135.0800018310547,131.36000061035156,134.58999633789062,686800
2025-08-04,133.24652099609375,133.6199951171875,135.11000061035156,132.1199951171875,132.7899932861328,699100
2025-08-05,139.36935424804688,139.75999450683594,144.66000366210938,136.8699951171875,136.8699951171875,1303000
2025-08-06,135.72958374023438,136.11000061035156,142.3800048828125,134.5800018310547,141.82000732421875,962000
2025-08-07,134.30357360839844,134.67999267578125,138.99000549316406,133.27999877929688,138.5,596700
2025-08-08,135.36061096191406,135.74000549316406,136.7100067138672,134.6300048828125,135.6999969482422,374800
2025-08-11,135.34066772460938,135.72000122070312,139.0,135.6699981689453,136.5399932861328,277100
2025-08-12,140.41644287109375,140.80999755859375,141.1999969482422,136.8000030517578,137.57000732421875,401400
2025-08-13,145.23292541503906,145.63999938964844,145.63999938964844,141.42999267578125,142.49000549316406,567600
2025-08-14,139.93777465820312,140.3300018310547,144.5399932861328,140.1999969482422,143.75999450683594,344700
2025-08-15,138.21261596679688,138.60000610351562,140.72000122070312,138.50999450683594,140.25,289800
2025-08-18,138.921142578125,139.2100067138672,140.6699981689453,138.89999389648438,138.91000366210938,245000
2025-08-19,140.59765625,140.88999938964844,140.99000549316406,138.75999450683594,139.75999450683594,268800
2025-08-20,139.2205047607422,139.50999450683594,140.2100067138672,138.77999877929688,140.13999938964844,238800
2025-08-21,139.50991821289062,139.8000030517578,140.36000061035156,137.66000366210938,138.85000610351562,249500
2025-08-22,147.3935089111328,147.6999969482422,148.75999450683594,138.72000122070312,140.92999267578125,738500
2025-08-25,145.89663696289062,146.1999969482422,147.16000366210938,144.63999938964844,146.27000427246094,362000
2025-08-26,145.21803283691406,145.52000427246094,148.1999969482422,144.86000061035156,146.47000122070312,332000
2025-08-27,144.29995727539062,144.60000610351562,146.4600067138672,143.94000244140625,144.24000549316406,307100
2025-08-28,143.7610626220703,144.05999755859375,145.14999389648438,142.36000061035156,145.14999389648438,315000
2025-08-29,142.99266052246094,143.2899932861328,144.6999969482422,142.25,144.6999969482422,273600
2025-09-02,141.89495849609375,142.19000244140625,142.41000366210938,140.13999938964844,140.77999877929688,300900
2025-09-03,141.14651489257812,141.44000244140625,142.91000366210938,140.3699951171875,141.85000610351562,391900
2025-09-04,141.41595458984375,141.7100067138672,143.02000427246094,137.0800018310547,137.47999572753906,901400
2025-09-05,141.1964111328125,141.49000549316406,143.85000610351562,138.75,141.7100067138672,1531300
2025-09-08,141.43589782714844,141.72999572753906,143.02999877929688,140.22000122070312,142.0,580700
2025-09-09,138.82135009765625,139.11000061035156,140.9600067138672,138.8000030517578,140.9600067138672,516000
2025-09-10,136.2367401123047,136.52000427246094,141.3000030517578,135.8300018310547,137.1999969482422,689200
2025-09-11,139.8491973876953,140.13999938964844,140.60000610351562,136.52999877929688,136.97999572753906,503000
2025-09-12,137.16477966308594,137.4499969482422,139.4499969482422,137.39999389648438,138.24000549316406,358500
2025-09-15,137.55398559570312,137.83999633789062,140.0399932861328,136.4600067138672,138.5500030517578,466100
2025-09-16,135.7776641845703,136.05999755859375,138.6999969482422,135.75,137.52000427246094,395500
2025-09-17,134.72984313964844,135.00999450683594,139.3000030517578,134.7899932861328,136.02999877929688,551500
2025-09-18,135.43838500976562,135.72000122070312,137.60000610351562,134.25999450683594,135.88999938964844,511600
2025-09-19,134.56021118164062,134.83999633789062,136.85000610351562,134.66000366210938,136.1300048828125,2717600
2025-09-22,136.88536071777344,137.1699981689453,137.69000244140625,132.9499969482422,134.07000732421875,480100
2025-09-23,137.62384033203125,137.91000366210938,138.80999755859375,136.88999938964844,137.30999755859375,609400
2025-09-24,136.02716064453125,136.30999755859375,139.00999450683594,135.8000030517578,137.52999877929688,507800
2025-09-25,136.0171661376953,136.3000030517578,136.44000244140625,133.3000030517578,135.0500030517578,442500
2025-09-26,137.06500244140625,137.35000610351562,139.05999755859375,135.86000061035156,136.16000366210938,473800
2025-09-29,136.87539672851562,137.16000366210938,138.0,136.3699951171875,137.52999877929688,327000
2025-09-30,140.1585693359375,140.4499969482422,140.8000030517578,136.61000061035156,137.5,661800
2025-10-01,140.82717895507812,141.1199951171875,141.9499969482422,138.1699981689453,139.69000244140625,344500
2025-10-02,143.00265502929688,143.3000030517578,143.5,140.8699951171875,141.91000366210938,450700
2025-10-03,144.5294952392578,144.8300018310547,147.22999572753906,142.5500030517578,143.99000549316406,510400
2025-10-06,146.51535034179688,146.82000732421875,146.9499969482422,142.60000610351562,145.39999389648438,700500
2025-10-07,143.01263427734375,143.30999755859375,147.61000061035156,142.50999450683594,147.0,699500
2025-10-08,144.69911193847656,145.0,147.42999267578125,142.24000549316406,144.74000549316406,621100
2025-10-09,140.74732971191406,141.0399932861328,145.97000122070312,140.0500030517578,145.97000122070312,602600
2025-10-10,134.88951110839844,135.1699981689453,142.24000549316406,134.91000366210938,141.41000366210938,858200
2025-10-13,138.5918426513672,138.8800048828125,140.0399932861328,136.80999755859375,137.1300048828125,435100
2025-10-14,140.52780151367188,140.82000732421875,141.10000610351562,137.00999450683594,137.00999450683594,613000
2025-10-15,136.46624755859375,136.75,142.0,136.6699981689453,141.17999267578125,686900
2025-10-16,134.16104125976562,134.44000244140625,138.08999633789062,134.19000244140625,137.4499969482422,804100
2025-10-17,131.097412109375,131.3699951171875,136.0,130.08999633789062,134.02999877929688,859800
2025-10-20,131.5265350341797,131.8000030517578,133.5,130.38999938964844,132.36000061035156,605600
2025-10-21,132.95355224609375,133.22999572753906,135.72999572753906,130.57000732421875,131.69000244140625,642800
2025-10-22,129.1015625,129.3699951171875,133.38999938964844,129.02000427246094,133.1199951171875,504800
2025-10-23,129.65040588378906,129.9199981689453,131.1699981689453,128.86000061035156,129.16000366210938,274700
2025-10-24,129.89988708496094,130.1699981689453,131.60000610351562,129.47999572753906,131.3800048828125,333200
2025-10-27,128.4329376220703,128.6999969482422,130.47000122070312,128.11000061035156,130.14999389648438,416600
2025-10-28,127.39510345458984,127.66000366210938,129.11000061035156,126.73999786376953,128.25999450683594,452100
2025-10-29,125.13980102539062,125.4000015258789,129.02000427246094,124.63999938964844,127.79000091552734,533700
2025-10-30,123.7027816772461,123.95999908447266,126.36000061035156,123.33000183105469,125.20999908447266,463500
2025-10-31,125.83833312988281,126.0999984741211,126.41000366210938,122.3499984741211,123.48999786376953,593900
2025-11-03,124.36141967773438,124.62000274658203,127.22000122070312,123.80000305175781,126.66000366210938,646600
2025-11-04,138.122802734375,138.41000366210938,142.7100067138672,131.49000549316406,132.8699951171875,1339400
2025-11-05,141.01678466796875,141.30999755859375,142.5500030517578,138.0,140.49000549316406,613900
2025-11-06,140.17852783203125,140.47000122070312,141.75,135.86000061035156,141.0,614700
2025-11-07,141.00680541992188,141.3000030517578,142.0,139.1199951171875,139.52000427246094,599600
2025-11-10,141.94485473632812,142.24000549316406,143.0,139.5,142.3000030517578,512300
2025-11-11,141.84506225585938,142.13999938964844,143.2100067138672,141.0399932861328,142.25,395500
2025-11-12,140.50782775878906,140.8000030517578,144.85000610351562,140.69000244140625,141.8800048828125,419300
2025-11-13,137.24461364746094,137.52999877929688,141.0,136.52999877929688,139.2100067138672,648600
2025-11-14,134.42050170898438,134.6999969482422,136.94000244140625,132.82000732421875,135.22000122070312,473700
2025-11-17,135.46832275390625,135.75,137.8300018310547,134.22000122070312,134.42999267578125,626600
2025-11-18,135.66790771484375,135.9499969482422,137.64999389648438,133.86000061035156,135.32000732421875,442500
2025-11-19,132.28492736816406,132.55999755859375,137.0,132.50999450683594,135.6300048828125,507100
2025-11-20,131.99554443359375,132.27000427246094,136.1999969482422,130.75999450683594,134.0500030517578,363500
2025-11-21,138.681640625,138.97000122070312,139.33999633789062,133.17999267578125,133.22999572753906,548400
2025-11-24,138.80137634277344,139.08999633789062,141.30999755859375,135.27000427246094,137.4499969482422,406300
2025-11-25,142.3939208984375,142.69000244140625,143.2899932861328,137.80999755859375,140.3000030517578,541800
2025-11-26,140.86709594726562,141.16000366210938,142.75,141.0,141.8300018310547,572700
2025-11-28,140.2384033203125,140.52999877929688,142.1999969482422,140.05999755859375,142.02000427246094,210700
2025-12-01,139.83924865722656,140.1300048828125,141.72999572753906,138.86000061035156,139.8300018310547,454900
2025-12-02,139.719482421875,140.00999450683594,140.94000244140625,138.72000122070312,139.8800048828125,353900
2025-12-03,142.57354736328125,142.8699951171875,143.3800048828125,138.3300018310547,140.38999938964844,373500
2025-12-04,140.95689392089844,141.25,143.7100067138672,141.0399932861328,142.8699951171875,303600
2025-12-05,140.70741271972656,141.0,142.3000030517578,139.66000366210938,141.72999572753906,241500
2025-12-08,138.96104431152344,139.25,142.57000732421875,139.0800018310547,140.72999572753906,320600
2025-12-09,137.5240478515625,137.80999755859375,140.86000061035156,136.9199981689453,139.5500030517578,365500
2025-12-10,153.48086547851562,153.8000030517578,154.64999389648438,141.39999389648438,142.0,1533200
2025-12-11,155.22723388671875,155.5500030517578,156.4600067138672,152.5,153.8000030517578,649900
2025-12-12,154.27920532226562,154.60000610351562,155.5399932861328,153.13999938964844,155.3800048828125,438000
2025-12-15,154.9182891845703,155.13999938964844,155.89999389648438,154.0800018310547,155.5,369700
2025-12-16,152.521728515625,152.74000549316406,155.83999633789062,152.3300018310547,155.39999389648438,470900
2025-12-17,151.78277587890625,152.0,155.99000549316406,151.50999450683594,151.72000122070312,429200
2025-12-18,151.59304809570312,151.80999755859375,154.8300018310547,151.1999969482422,152.88999938964844,363500
2025-12-19,154.1693572998047,154.38999938964844,154.5399932861328,151.30999755859375,151.30999755859375,1154700
2025-12-22,155.39759826660156,155.6199951171875,156.5800018310547,154.11000061035156,154.49000549316406,377900
2025-12-23,154.7685089111328,154.99000549316406,157.22000122070312,154.86000061035156,155.3800048828125,347400
2025-12-24,154.88833618164062,155.11000061035156,156.11000061035156,154.64999389648438,155.25,150900
2025-12-26,154.8284149169922,155.0500030517578,155.36000061035156,150.7100067138672,154.32000732421875,179000
2025-12-29,155.14794921875,155.3699951171875,156.10000610351562,153.16000366210938,154.9499969482422,373100
2025-12-30,153.18077087402344,153.39999389648438,156.10000610351562,153.08999633789062,155.32000732421875,311200
2025-12-31,150.4546661376953,150.6699981689453,154.1300048828125,150.5800018310547,153.86000061035156,295800
2026-01-02,150.37478637695312,150.58999633789062,152.0500030517578,149.08999633789062,151.13999938964844,499100
2026-01-05,152.65151977539062,152.8699951171875,155.38999938964844,149.89999389648438,149.89999389648438,387600
2026-01-06,153.94967651367188,154.1699981689453,154.5,149.0500030517578,150.0,572100
2026-01-07,158.08375549316406,158.30999755859375,158.8300018310547,153.2100067138672,154.14999389648438,836100
2026-01-08,159.33197021484375,159.55999755859375,160.47000122070312,158.1699981689453,158.1699981689453,616400
2026-01-09,155.81700134277344,156.0399932861328,160.83999633789062,155.07000732421875,159.47999572753906,478400
2026-01-12,154.85838317871094,155.0800018310547,155.9199981689453,153.2899932861328,154.61000061035156,530100
2026-01-13,156.06663513183594,156.2899932861328,158.13999938964844,154.99000549316406,155.11000061035156,530400
2026-01-14,155.63726806640625,155.86000061035156,157.00999450683594,154.5800018310547,156.6199951171875,477400
2026-01-15,158.84268188476562,159.07000732421875,160.39999389648438,156.41000366210938,156.72000122070312,543900
2026-01-16,158.6529541015625,158.8800048828125,160.0800018310547,158.0500030517578,158.5,433300
2026-01-20,153.14083862304688,153.36000061035156,157.3300018310547,152.17999267578125,155.4499969482422,475700
2026-01-21,157.90402221679688,158.1300048828125,158.50999450683594,153.24000549316406,153.24000549316406,561800
2026-01-22,157.1950225830078,157.4199981689453,159.0399932861328,156.47999572753906,158.42999267578125,298200
2026-01-23,154.00958251953125,154.22999572753906,157.25999450683594,152.42999267578125,157.25999450683594,386800
2026-01-26,155.32769775390625,155.5500030517578,155.8699951171875,152.8000030517578,154.3300018310547,374800
2026-01-27,154.8683624267578,155.08999633789062,156.3699951171875,154.00999450683594,156.2899932861328,310600
2026-01-28,157.22499084472656,157.4499969482422,158.50999450683594,152.88999938964844,154.52999877929688,484800
2026-01-29,158.3234100341797,158.5500030517578,159.3800048828125,155.47000122070312,159.3800048828125,352000
2026-01-30,157.08518981933594,157.30999755859375,159.5,154.1199951171875,156.9199981689453,590300
2026-02-02,163.11656188964844,163.35000610351562,163.8800048828125,157.4600067138672,157.66000366210938,717900
2026-02-03,161.62867736816406,161.86000061035156,165.5500030517578,159.55999755859375,164.27000427246094,435600
2026-02-04,165.19357299804688,165.42999267578125,167.0,161.9499969482422,163.0,500000
2026-02-05,162.6871795654297,162.9199981689453,167.14999389648438,162.16000366210938,165.82000732421875,351200
2026-02-06,168.3091278076172,168.5500030517578,169.72000122070312,163.8300018310547,163.8300018310547,567500
2026-02-09,166.1721954345703,166.41000366210938,170.19000244140625,166.24000549316406,167.8000030517578,628500
2026-02-10,165.7627716064453,166.0,167.64999389648438,164.9499969482422,167.07000732421875,505600
2026-02-11,165.12368774414062,165.36000061035156,169.75999450683594,163.5399932861328,167.36000061035156,432000
2026-02-12,163.1265411376953,163.36000061035156,169.35000610351562,162.30999755859375,167.0,452300
2026-02-13,163.50599670410156,163.74000549316406,166.1199951171875,162.86000061035156,163.64999389648438,395800
2026-02-17,163.0266876220703,163.25999450683594,164.5500030517578,160.13999938964844,164.1300048828125,547500
2026-02-18,162.81698608398438,163.0500030517578,166.0,162.5800018310547,163.58999633789062,411600
2026-02-19,162.34765625,162.5800018310547,163.8300018310547,161.5500030517578,162.2100067138672,265900
2026-02-20,164.67433166503906,164.91000366210938,165.9199981689453,162.11000061035156,162.30999755859375,432900
2026-02-23,163.16647338867188,163.39999389648438,166.16000366210938,161.4600067138672,163.5399932861328,561100
2026-02-24,163.62582397460938,163.86000061035156,168.99000549316406,157.72999572753906,162.35000610351562,1139700
2026-02-25,156.56593322753906,156.7899932861328,165.63999938964844,154.94000244140625,163.7899932861328,1354600
2026-02-26,157.39474487304688,157.6199951171875,159.57000732421875,154.36000061035156,157.25999450683594,770700
2026-02-27,153.77992248535156,154.0,156.8000030517578,153.30999755859375,155.72999572753906,543100
2026-03-02,154.1693572998047,154.38999938964844,155.0,150.36000061035156,151.38999938964844,620100
2026-03-03,152.85125732421875,153.07000732421875,153.13999938964844,147.8300018310547,150.50999450683594,769900
2026-03-04,154.69859313964844,154.9199981689453,155.25,151.80999755859375,153.5,427200
2026-03-05,152.53170776367188,152.75,155.05999755859375,149.4600067138672,152.0,843200
2026-03-06,148.54739379882812,148.75999450683594,150.22000122070312,145.97000122070312,148.4499969482422,1120000
2026-03-09,149.71652221679688,149.8300018310547,150.88999938964844,144.9199981689453,148.22999572753906,765300
2026-03-10,140.9031982421875,141.00999450683594,149.74000549316406,140.2899932861328,149.74000549316406,824400
2026-03-11,141.92242431640625,142.02999877929688,142.13999938964844,138.14999389648438,141.16000366210938,730100
2026-03-12,135.1675567626953,135.27000427246094,141.94000244140625,135.11000061035156,139.8000030517578,639800
2026-03-13,129.54180908203125,129.63999938964844,136.4199981689453,128.66000366210938,136.4199981689453,1220800
2026-03-16,128.99221801757812,129.08999633789062,132.99000549316406,128.7899932861328,130.88999938964844,548700
2026-03-17,134.40811157226562,134.50999450683594,134.77000427246094,129.97000122070312,129.97000122070312,871300
2026-03-18,130.0314483642578,130.1300048828125,133.97999572753906,129.9499969482422,133.6999969482422,628500
2026-03-19,130.12136840820312,130.22000122070312,131.91000366210938,126.2699966430664,128.39999389648438,596600
2026-03-20,126.90380859375,127.0,133.08999633789062,125.44999694824219,133.08999633789062,1339000
2026-03-23,127.81312561035156,127.91000366210938,132.66000366210938,127.91000366210938,130.39999389648438,624000
2026-03-24,126.57405853271484,126.66999816894531,128.6199951171875,124.16999816894531,126.41999816894531,564600
2026-03-25,131.4303741455078,131.52999877929688,132.9600067138672,128.13999938964844,128.58999633789062,519800
2026-03-26,130.8907928466797,130.99000549316406,136.3000030517578,130.02999877929688,131.6999969482422,589900
2026-03-27,123.40646362304688,123.5,130.60000610351562,123.41000366210938,129.27999877929688,548800
2026-03-30,122.6969985961914,122.79000091552734,127.26000213623047,121.91999816894531,124.58999633789062,523700
2026-03-31,127.77315521240234,127.87000274658203,129.27000427246094,122.66000366210938,125.77999877929688,591400
2026-04-01,128.67247009277344,128.77000427246094,130.77999877929688,127.91999816894531,129.39999389648438,409300
2026-04-02,125.05521392822266,125.1500015258789,129.2899932861328,123.87999725341797,126.13999938964844,521700
2026-04-06,124.97527313232422,125.06999969482422,125.30999755859375,123.48999786376953,124.1500015258789,364800
2026-04-07,125.29502868652344,125.38999938964844,125.77999877929688,123.1500015258789,124.79000091552734,252200
2026-04-08,130.1713409423828,130.27000427246094,132.14999389648438,127.01000213623047,129.7100067138672,560600
2026-04-09,129.152099609375,129.25,132.38999938964844,128.97000122070312,129.92999267578125,425600
2026-04-10,128.45263671875,128.5500030517578,130.77999877929688,128.35000610351562,130.35000610351562,431300
2026-04-13,130.62098693847656,130.72000122070312,131.27000427246094,126.5,127.47000122070312,429100
2026-04-14,131.46035766601562,131.55999755859375,132.88999938964844,130.0,131.0399932861328,315000
2026-04-15,130.05142211914062,130.14999389648438,131.4600067138672,128.9600067138672,131.4600067138672,253600
2026-04-16,128.4826202392578,128.5800018310547,129.92999267578125,127.3499984741211,129.4600067138672,297100
2026-04-17,132.12985229492188,132.22999572753906,134.7100067138672,130.7100067138672,130.7100067138672,390300
2026-04-20,133.53878784179688,133.63999938964844,133.8000030517578,130.8699951171875,131.52000427246094,407000
2026-04-21,132.52955627441406,132.6300048828125,138.0399932861328,132.1699981689453,134.57000732421875,367000
2026-04-22,131.26051330566406,131.36000061035156,133.8699951171875,130.6699981689453,133.4199981689453,351100
2026-04-23,130.8008575439453,130.89999389648438,132.4199981689453,129.32000732421875,131.2100067138672,302000
2026-04-24,130.0714111328125,130.1699981689453,132.1300048828125,129.74000549316406,130.24000549316406,338200
2026-04-27,131.8600616455078,131.9600067138672,133.5399932861328,129.77000427246094,130.55999755859375,295000
2026-04-28,128.98223876953125,129.0800018310547,132.33999633789062,127.9000015258789,132.33999633789062,215000
2026-04-29,119.29957580566406,119.38999938964844,129.49000549316406,118.83999633789062,128.66000366210938,781100
2026-04-30,118.01055145263672,118.0999984741211,119.7699966430664,114.12999725341797,118.8499984741211,1099200
2026-05-01,115.35256958007812,115.44000244140625,119.29000091552734,115.0,119.18000030517578,568300
2026-05-04,116.35181427001953,116.44000244140625,118.54000091552734,113.66999816894531,115.44999694824219,845000
2026-05-05,131.1905517578125,131.2899932861328,133.5,122.0,124.19999694824219,1062400
2026-05-06,136.41661071777344,136.52000427246094,137.91000366210938,131.1699981689453,131.4600067138672,787300
2026-05-07,137.91546630859375,138.02000427246094,142.02999877929688,137.61000061035156,138.1999969482422,910100
2026-05-08,139.34437561035156,139.4499969482422,141.4499969482422,135.5800018310547,137.9199981689453,706600
2026-05-11,131.79010009765625,131.88999938964844,140.2100067138672,131.8699951171875,139.22999572753906,584300
2026-05-12,129.22206115722656,129.32000732421875,133.27000427246094,128.47999572753906,131.8000030517578,461600
2026-05-13,125.02523803710938,125.12000274658203,129.89999389648438,125.04000091552734,128.5,449200
2026-05-14,125.67473602294922,125.7699966430664,129.0,125.61000061035156,126.27999877929688,480600
2026-05-15,125.31501770019531,125.41000366210938,129.5399932861328,124.44000244140625,127.66000366210938,551000
2026-05-18,126.68397521972656,126.77999877929688,129.0,126.08000183105469,126.1500015258789,418600
2026-05-19,125.0052490234375,125.0999984741211,126.30999755859375,123.75,125.51000213623047,603700
2026-05-20,128.61251831054688,128.7100067138672,129.0,124.30000305175781,125.41000366210938,435200
2026-05-21,129.6217498779297,129.72000122070312,131.69000244140625,125.16000366210938,128.49000549316406,546700
2026-05-22,131.92999267578125,132.02999877929688,132.85000610351562,130.11000061035156,130.47000122070312,414700
2026-05-26,134.91000366210938,134.91000366210938,136.82000732421875,132.60000610351562,132.97999572753906,460600
2026-05-27,134.4600067138672,134.4600067138672,136.6999969482422,133.55999755859375,136.27000427246094,403000
2026-05-28,134.97000122070312,134.97000122070312,135.22999572753906,131.8000030517578,133.75,370400
2026-05-29,134.38999938964844,134.38999938964844,137.0,133.58999633789062,133.61000061035156,638300
2026-06-01,129.83999633789062,129.83999633789062,133.11000061035156,125.94999694824219,132.4199981689453,335700
2026-06-02,129.75999450683594,129.75999450683594,131.58999633789062,128.9499969482422,128.9499969482422,313400
2026-06-03,126.61000061035156,126.61000061035156,130.0,125.08000183105469,127.80000305175781,451600
2026-06-04,125.20999908447266,125.20999908447266,128.88999938964844,124.4000015258789,128.5399932861328,316800
2026-06-05,124.0,124.0,125.5199966430664,123.73999786376953,124.4800033569336,307800
2026-06-08,123.88999938964844,123.88999938964844,126.06999969482422,123.5199966430664,123.95999908447266,365400
2026-06-09,123.62000274658203,123.62000274658203,128.36000061035156,122.30999755859375,125.19000244140625,419500
2026-06-10,119.0,119.0,126.7300033569336,119.0,123.45999908447266,392700
2026-06-11,123.12999725341797,123.12999725341797,123.80000305175781,118.5,119.76000213623047,336700
2026-06-12,125.1500015258789,125.1500015258789,126.38999938964844,122.73999786376953,124.94000244140625,298400
2026-06-15,127.58999633789062,127.58999633789062,129.38999938964844,127.2699966430664,127.91999816894531,266900
2026-06-16,130.86000061035156,130.86000061035156,133.16000366210938,127.4800033569336,129.10000610351562,511200
2026-06-17,129.5,129.5,134.7100067138672,128.25,130.13999938964844,721400
2026-06-18,132.5800018310547,132.5800018310547,133.55999755859375,130.91000366210938,131.25,929900
2026-06-22,131.1300048828125,131.1300048828125,134.13999938964844,129.75999450683594,131.10000610351562,404600
2026-06-23,129.49000549316406,129.49000549316406,132.10000610351562,128.50999450683594,130.3300018310547,704100
2026-06-24,134.4600067138672,134.4600067138672,135.94000244140625,128.57000732421875,129.3699951171875,754800
2026-06-25,137.60000610351562,137.60000610351562,138.94000244140625,133.8300018310547,135.50999450683594,535400
2026-06-26,139.3000030517578,139.3000030517578,140.17999267578125,135.6999969482422,136.08999633789062,2239200
2026-06-29,141.27000427246094,141.27000427246094,141.6300048828125,136.3000030517578,137.57000732421875,701100
2026-06-30,145.0,145.0,146.0399932861328,141.1300048828125,142.50999450683594,572400
2026-07-01,145.0,145.0,147.1999969482422,141.97999572753906,145.02000427246094,558200
2026-07-02,145.8300018310547,145.8300018310547,147.1300048828125,143.4600067138672,145.6300048828125,492600
2026-07-06,148.0500030517578,148.0500030517578,149.5399932861328,143.52000427246094,144.7899932861328,555900
2026-07-07,142.49000549316406,142.49000549316406,147.3300018310547,140.7899932861328,147.30999755859375,468700
2026-07-08,138.9199981689453,138.9199981689453,140.77999877929688,134.47000122070312,140.25,621300
2026-07-09,136.57000732421875,136.57000732421875,139.64999389648438,136.57000732421875,139.64999389648438,411800
2026-07-10,136.49000549316406,136.49000549316406,138.9199981689453,135.97000122070312,136.9600067138672,278800
2026-07-13,139.19000244140625,139.19000244140625,139.49000549316406,135.77000427246094,136.50999450683594,459800
2026-07-14,136.85000610351562,136.85000610351562,141.55999755859375,136.44000244140625,140.02999877929688,585300
2026-07-15,134.5399932861328,134.5399932861328,139.86000061035156,134.0,136.9600067138672,436900
2026-07-16,138.75,138.75,140.5500030517578,134.4199981689453,134.4199981689453,412900
2026-07-17,134.0,134.0,139.25,133.74000549316406,135.75,427900
2026-07-20,133.08999633789062,133.08999633789062,135.38999938964844,131.8699951171875,135.38999938964844,346300
2026-07-21,132.4600067138672,132.4600067138672,134.30999755859375,131.22999572753906,133.10000610351562,365200
2026-07-22,135.24000549316406,135.24000549316406,135.5,132.5399932861328,133.8000030517578,395800
2026-07-23,135.24000549316406,135.24000549316406,136.67999267578125,133.64999389648438,133.75,167203
