Date,Adjusted_Close,Close,High,Low,Open,Volume
2021-07-23,5.418110370635986,7.019999980926514,7.130000114440918,7.011000156402588,7.11899995803833,6300
2021-07-26,5.441265106201172,7.050000190734863,7.168000221252441,7.050000190734863,7.099999904632568,2700
2021-07-27,5.509956359863281,7.138999938964844,7.150000095367432,7.050000190734863,7.110000133514404,3800
2021-07-28,5.549318313598633,7.190000057220459,7.199999809265137,7.059999942779541,7.199999809265137,2500
2021-07-29,5.595627307891846,7.25,7.269999980926514,7.199999809265137,7.199999809265137,5800
2021-07-30,5.521533012390137,7.1539998054504395,7.289999961853027,7.130000114440918,7.289999961853027,3200
2021-08-02,5.595627307891846,7.25,7.28000020980835,7.099999904632568,7.099999904632568,8700
2021-08-03,5.950659275054932,7.710000038146973,7.920000076293945,7.300000190734863,7.300000190734863,133300
2021-08-04,6.0471367835998535,7.835000038146973,8.270000457763672,7.706999778747559,7.800000190734863,87200
2021-08-05,6.0201239585876465,7.800000190734863,7.829999923706055,7.552000045776367,7.789999961853027,5500
2021-08-06,6.012404441833496,7.789999961853027,8.083999633789062,7.75,7.789999961853027,6800
2021-08-09,5.858042240142822,7.590000152587891,7.880000114440918,7.550000190734863,7.880000114440918,17400
2021-08-10,5.827169418334961,7.550000190734863,7.71999979019165,7.550000190734863,7.599999904632568,18100
2021-08-11,6.066431045532227,7.860000133514404,8.289999961853027,7.820000171661377,8.109999656677246,66600
2021-08-12,6.267102241516113,8.119999885559082,8.234999656677246,7.849999904632568,7.940000057220459,48800
2021-08-13,6.156733989715576,7.9770002365112305,8.109999656677246,7.840000152587891,8.109999656677246,20500
2021-08-16,6.166829586029053,7.940000057220459,7.960000038146973,7.840000152587891,7.960000038146973,11900
2021-08-17,6.104695796966553,7.860000133514404,7.96999979019165,7.829999923706055,7.860000133514404,14800
2021-08-18,6.089162349700928,7.840000152587891,7.960000038146973,7.800000190734863,7.960000038146973,11100
2021-08-19,6.089162349700928,7.840000152587891,7.929999828338623,7.820000171661377,7.929999828338623,11700
2021-08-20,6.081395149230957,7.829999923706055,7.96999979019165,7.800000190734863,7.960000038146973,19300
2021-08-23,6.089162349700928,7.840000152587891,8.0,7.800000190734863,8.0,22200
2021-08-24,6.0580949783325195,7.800000190734863,7.980000019073486,7.75,7.840000152587891,42100
2021-08-25,6.0580949783325195,7.800000190734863,7.869999885559082,7.78000020980835,7.78000020980835,7300
2021-08-26,6.073627948760986,7.820000171661377,7.939000129699707,7.760000228881836,7.760000228881836,20800
2021-08-27,6.1357622146606445,7.900000095367432,8.0,7.820000171661377,7.96999979019165,134000
2021-08-30,6.166829586029053,7.940000057220459,8.0,7.869999885559082,7.929999828338623,62000
2021-08-31,6.1357622146606445,7.900000095367432,8.170000076293945,7.829999923706055,7.940000057220459,57500
2021-09-01,6.089162349700928,7.840000152587891,7.960000038146973,7.760000228881836,7.889999866485596,43000
2021-09-02,6.0580949783325195,7.800000190734863,7.849999904632568,7.760000228881836,7.849999904632568,22800
2021-09-03,6.073627948760986,7.820000171661377,7.829999923706055,7.730000019073486,7.809999942779541,12000
2021-09-07,5.972659587860107,7.690000057220459,7.809999942779541,7.630000114440918,7.809999942779541,23600
2021-09-08,5.941593170166016,7.650000095367432,7.730000019073486,7.616000175476074,7.670000076293945,2600
2021-09-09,5.8716912269592285,7.559999942779541,7.769000053405762,7.53000020980835,7.599999904632568,9500
2021-09-10,5.863924980163574,7.550000190734863,7.760000228881836,7.52400016784668,7.630000114440918,15700
2021-09-13,5.863924980163574,7.550000190734863,7.730000019073486,7.5,7.710000038146973,26300
2021-09-14,5.825092315673828,7.5,7.60699987411499,7.5,7.5,8000
2021-09-15,5.700822830200195,7.340000152587891,7.5,7.309999942779541,7.5,7200
2021-09-16,5.926060199737549,7.630000114440918,7.940000057220459,7.309999942779541,7.309999942779541,34200
2021-09-17,6.027027606964111,7.760000228881836,7.980000019073486,7.679999828338623,7.840000152587891,36000
2021-09-20,6.019261360168457,7.75,8.039999961853027,7.550000190734863,7.550000190734863,37400
2021-09-21,5.9804277420043945,7.699999809265137,8.045999526977539,7.619999885559082,7.638000011444092,22200
2021-09-22,6.252264976501465,8.050000190734863,8.199999809265137,7.78000020980835,7.78000020980835,52600
2021-09-23,6.112462520599365,7.869999885559082,8.25,7.869999885559082,8.140000343322754,62500
2021-09-24,6.112462520599365,7.869999885559082,8.229999542236328,7.559999942779541,7.820000171661377,44900
2021-09-27,6.205663681030273,7.989999771118164,8.09000015258789,7.690000057220459,7.800000190734863,86300
2021-09-28,6.3221659660339355,8.140000343322754,9.199999809265137,7.75,7.829999923706055,469800
2021-09-29,6.104695796966553,7.860000133514404,8.6899995803833,7.860000133514404,8.170000076293945,62500
2021-09-30,5.2192816734313965,6.71999979019165,7.050000190734863,6.699999809265137,7.050000190734863,971500
2021-10-01,5.467818737030029,7.039999961853027,7.050000190734863,6.800000190734863,6.840000152587891,78600
2021-10-04,5.4367523193359375,7.0,7.179999828338623,6.900000095367432,7.059999942779541,105700
2021-10-05,5.630921363830566,7.25,7.289000034332275,6.960000038146973,7.03000020980835,31500
2021-10-06,5.848391532897949,7.53000020980835,7.699999809265137,7.269999980926514,7.28000020980835,53600
2021-10-07,5.630921363830566,7.25,7.605000019073486,7.21999979019165,7.53000020980835,55800
2021-10-08,5.801790714263916,7.46999979019165,7.5,7.300000190734863,7.300000190734863,26900
2021-10-11,5.5610198974609375,7.159999847412109,7.380000114440918,7.090000152587891,7.300000190734863,57600
2021-10-12,5.374617099761963,6.920000076293945,7.2179999351501465,6.909999847412109,7.130000114440918,25400
2021-10-13,5.390150547027588,6.940000057220459,7.289999961853027,6.9079999923706055,6.920000076293945,56900
2021-10-14,5.281415939331055,6.800000190734863,7.010000228881836,6.800000190734863,6.989999771118164,76700
2021-10-15,5.164914608001709,6.650000095367432,7.03000020980835,6.579999923706055,6.869999885559082,122800
2021-10-18,5.227048873901367,6.730000019073486,6.849999904632568,6.599999904632568,6.75,59300
2021-10-19,5.24258279800415,6.75,6.965000152587891,6.679999828338623,6.800000190734863,43000
2021-10-20,5.227048873901367,6.730000019073486,6.889999866485596,6.679999828338623,6.880000114440918,29800
2021-10-21,5.071712017059326,6.53000020980835,7.039999961853027,6.349999904632568,6.784999847412109,154900
2021-10-22,5.048412799835205,6.5,6.519999980926514,6.360000133514404,6.519999980926514,22000
2021-10-25,4.962977886199951,6.389999866485596,6.579999923706055,6.329999923706055,6.429999828338623,30200
2021-10-26,5.032878398895264,6.480000019073486,6.590000152587891,6.394999980926514,6.409999847412109,22600
2021-10-27,5.009578704833984,6.449999809265137,6.480000019073486,6.329999923706055,6.480000019073486,18800
2021-10-28,4.9707441329956055,6.400000095367432,6.53000020980835,6.349999904632568,6.449999809265137,32200
2021-10-29,5.087246894836426,6.550000190734863,6.590000152587891,6.400000095367432,6.400000095367432,5100
2021-11-01,5.258115768432617,6.769999980926514,6.769999980926514,6.53000020980835,6.53000020980835,24000
2021-11-02,5.289182186126709,6.809999942779541,7.010000228881836,6.644000053405762,6.699999809265137,57200
2021-11-03,5.413451194763184,6.96999979019165,7.019999980926514,6.769999980926514,6.900000095367432,99600
2021-11-04,5.5610198974609375,7.159999847412109,7.21999979019165,6.960000038146973,6.960000038146973,41900
2021-11-05,5.693055629730225,7.329999923706055,7.349999904632568,7.190000057220459,7.199999809265137,38100
2021-11-08,5.68528938293457,7.320000171661377,7.460000038146973,7.190000057220459,7.25,59800
2021-11-09,5.74742317199707,7.400000095367432,7.440000057220459,7.21999979019165,7.21999979019165,17500
2021-11-10,5.661988258361816,7.289999961853027,7.473999977111816,7.289999961853027,7.420000076293945,24400
2021-11-11,5.584319591522217,7.190000057220459,7.5,7.150000095367432,7.5,124700
2021-11-12,5.693055629730225,7.329999923706055,7.449999809265137,7.230000019073486,7.289999961853027,50700
2021-11-15,5.693055629730225,7.329999923706055,7.489999771118164,7.230000019073486,7.369999885559082,121200
2021-11-16,5.7318902015686035,7.380000114440918,7.480000019073486,7.300000190734863,7.329999923706055,43400
2021-11-17,5.832859039306641,7.510000228881836,7.590000152587891,7.300000190734863,7.440000057220459,38900
2021-11-18,5.74742317199707,7.400000095367432,7.619999885559082,7.380000114440918,7.460000038146973,53400
2021-11-19,5.802161693572998,7.420000076293945,7.590000152587891,7.329999923706055,7.400000095367432,28100
2021-11-22,5.778702259063721,7.389999866485596,7.579999923706055,7.380000114440918,7.420000076293945,29700
2021-11-23,5.645769119262695,7.21999979019165,7.369999885559082,7.099999904632568,7.369999885559082,13100
2021-11-24,5.716144561767578,7.309999942779541,7.389999866485596,7.1570000648498535,7.199999809265137,5000
2021-11-26,5.544112682342529,7.090000152587891,7.400000095367432,7.050000190734863,7.199999809265137,25600
2021-11-29,5.505014896392822,7.039999961853027,7.21999979019165,6.920000076293945,7.21999979019165,21300
2021-11-30,5.567572116851807,7.119999885559082,7.239999771118164,7.039999961853027,7.110000133514404,5800
2021-12-01,5.278244972229004,6.75,7.071000099182129,6.739999771118164,7.071000099182129,29900
2021-12-02,5.246967792510986,6.710000038146973,6.900000095367432,6.610000133514404,6.75,23500
2021-12-03,5.3017048835754395,6.78000020980835,6.809999942779541,6.650000095367432,6.809999942779541,10900
2021-12-06,5.278244972229004,6.75,6.900000095367432,6.650000095367432,6.800000190734863,16500
2021-12-07,5.215689659118652,6.670000076293945,6.760000228881836,6.670000076293945,6.690000057220459,28600
2021-12-08,5.184410572052002,6.630000114440918,7.099999904632568,6.630000114440918,6.730000019073486,16000
2021-12-09,5.215689659118652,6.670000076293945,6.789999961853027,6.599999904632568,6.699999809265137,31100
2021-12-10,5.239147663116455,6.699999809265137,6.75,6.550000190734863,6.690000057220459,14300
2021-12-13,5.188319683074951,6.635000228881836,6.769999980926514,6.510000228881836,6.510000228881836,16100
2021-12-14,5.168771266937256,6.610000133514404,6.670000076293945,6.510000228881836,6.510000228881836,9600
2021-12-15,5.153133392333984,6.590000152587891,6.769999980926514,6.550000190734863,6.730000019073486,11100
2021-12-16,5.121854305267334,6.550000190734863,6.670000076293945,6.550000190734863,6.579999923706055,12600
2021-12-17,5.106215476989746,6.53000020980835,6.760000228881836,6.53000020980835,6.610000133514404,33200
2021-12-20,5.176591396331787,6.619999885559082,6.670000076293945,6.449999809265137,6.53000020980835,17600
2021-12-21,5.168771266937256,6.610000133514404,6.701000213623047,6.53000020980835,6.550000190734863,7500
2021-12-22,5.278244972229004,6.75,6.760000228881836,6.550000190734863,6.699999809265137,12100
2021-12-23,5.239147663116455,6.699999809265137,6.75,6.651000022888184,6.75,7000
2021-12-27,5.168771266937256,6.610000133514404,6.75,6.599999904632568,6.710000038146973,28400
2021-12-28,5.082756042480469,6.5,6.610000133514404,6.5,6.599999904632568,13300
2021-12-29,5.059296607971191,6.46999979019165,6.590000152587891,6.460000038146973,6.550000190734863,17000
2021-12-30,5.059296607971191,6.46999979019165,6.5,6.429999828338623,6.5,21100
2021-12-31,5.059296607971191,6.46999979019165,6.5,6.46999979019165,6.5,11100
2022-01-03,5.223508358001709,6.679999828338623,6.699999809265137,6.5,6.59499979019165,10900
2022-01-04,5.160952091217041,6.599999904632568,6.670000076293945,6.550000190734863,6.639999866485596,5300
2022-01-05,5.121854305267334,6.550000190734863,6.650000095367432,6.550000190734863,6.639999866485596,10900
2022-01-06,5.020197868347168,6.420000076293945,6.809999942779541,6.409999847412109,6.800000190734863,25100
2022-01-07,5.129673004150391,6.559999942779541,6.590000152587891,6.409999847412109,6.590000152587891,5100
2022-01-10,5.121854305267334,6.550000190734863,6.579999923706055,6.460000038146973,6.579999923706055,6200
2022-01-11,5.192229747772217,6.639999866485596,6.670000076293945,6.599999904632568,6.670000076293945,6200
2022-01-12,5.270425319671631,6.739999771118164,6.789999961853027,6.650000095367432,6.650000095367432,34800
2022-01-13,5.270425319671631,6.739999771118164,6.789999961853027,6.690000057220459,6.789999961853027,12800
2022-01-14,5.23132848739624,6.690000057220459,6.739999771118164,6.659999847412109,6.739999771118164,1900
2022-01-18,5.20004940032959,6.650000095367432,6.75,6.5,6.699999809265137,21800
2022-01-19,5.145312786102295,6.579999923706055,6.63700008392334,6.53000020980835,6.599999904632568,7900
2022-01-20,5.082756042480469,6.5,6.590000152587891,6.5,6.510000228881836,4500
2022-01-21,5.090576171875,6.510000228881836,6.730000019073486,6.5,6.520999908447266,6100
2022-01-24,5.1140336990356445,6.539999961853027,6.659999847412109,6.179999828338623,6.5,51700
2022-01-25,5.168771266937256,6.610000133514404,6.630000114440918,6.340000152587891,6.539999961853027,19200
2022-01-26,5.20004940032959,6.650000095367432,6.699999809265137,6.434000015258789,6.679999828338623,23300
2022-01-27,5.0045599937438965,6.400000095367432,6.738999843597412,6.210000038146973,6.71999979019165,15700
2022-01-28,4.7074127197265625,6.019999980926514,6.440000057220459,5.949999809265137,6.440000057220459,21500
2022-01-31,4.863805770874023,6.21999979019165,6.309999942779541,6.03000020980835,6.03000020980835,4200
2022-02-01,4.934183597564697,6.309999942779541,6.309999942779541,6.122000217437744,6.122000217437744,3000
2022-02-02,4.902904033660889,6.269999980926514,6.360000133514404,6.119999885559082,6.170000076293945,7800
2022-02-03,4.81688928604126,6.159999847412109,6.28000020980835,6.159999847412109,6.199999809265137,4200
2022-02-04,4.881791591644287,6.243000030517578,6.243000030517578,5.989999771118164,6.0,20800
2022-02-07,4.785609722137451,6.119999885559082,6.239999771118164,6.0,6.199999809265137,16500
2022-02-08,4.801249980926514,6.139999866485596,6.139999866485596,6.019999980926514,6.019999980926514,2500
2022-02-09,4.906032562255859,6.27400016784668,6.300000190734863,6.118000030517578,6.150000095367432,19100
2022-02-10,5.082756042480469,6.5,6.789999961853027,6.420000076293945,6.599999904632568,34900
2022-02-11,5.0045599937438965,6.400000095367432,6.771999835968018,6.400000095367432,6.5,81200
2022-02-14,5.122777938842773,6.5,6.599999904632568,6.334000110626221,6.480000019073486,33700
2022-02-15,5.311924934387207,6.739999771118164,6.869999885559082,6.489999771118164,6.639999866485596,55500
2022-02-16,5.319806098937988,6.75,6.75,6.599999904632568,6.659999847412109,21700
2022-02-17,5.382856369018555,6.829999923706055,6.900000095367432,6.679999828338623,6.730000019073486,46500
2022-02-18,5.327688217163086,6.760000228881836,6.815000057220459,6.724999904632568,6.807000160217285,4400
2022-02-22,5.516836643218994,7.0,7.0,6.760000228881836,6.760000228881836,41100
2022-02-23,5.595648765563965,7.099999904632568,7.360000133514404,7.019999980926514,7.019999980926514,74900
2022-02-24,5.737511157989502,7.28000020980835,7.340000152587891,7.171000003814697,7.199999809265137,35900
2022-02-25,5.807653427124023,7.36899995803833,7.484000205993652,7.25,7.25,26400
2022-02-28,5.761153697967529,7.309999942779541,7.53000020980835,7.21999979019165,7.480000019073486,36800
2022-03-01,5.713866710662842,7.25,7.340000152587891,7.110000133514404,7.260000228881836,23200
2022-03-02,5.682342529296875,7.210000038146973,7.348999977111816,7.210000038146973,7.210000038146973,22800
2022-03-03,5.792678356170654,7.349999904632568,7.349999904632568,7.21999979019165,7.28000020980835,16900
2022-03-04,5.540480613708496,7.03000020980835,7.340000152587891,7.019999980926514,7.269999980926514,23100
2022-03-07,5.485312461853027,6.960000038146973,7.110000133514404,6.960000038146973,7.050000190734863,56200
2022-03-08,5.453787803649902,6.920000076293945,7.039999961853027,6.769999980926514,7.039999961853027,25600
2022-03-09,5.532599925994873,7.019999980926514,7.050000190734863,6.980000019073486,7.019999980926514,24100
2022-03-10,5.485312461853027,6.960000038146973,7.050000190734863,6.949999809265137,7.039999961853027,14300
2022-03-11,5.49319314956665,6.96999979019165,7.039999961853027,6.96999979019165,7.039999961853027,7300
2022-03-14,5.398618698120117,6.849999904632568,6.9670000076293945,6.809999942779541,6.949999809265137,31800
2022-03-15,5.343451023101807,6.78000020980835,6.900000095367432,6.639999866485596,6.869999885559082,16400
2022-03-16,5.264638423919678,6.679999828338623,6.78000020980835,6.679999828338623,6.760000228881836,30200
2022-03-17,5.296163082122803,6.71999979019165,6.769999980926514,6.679999828338623,6.679999828338623,15200
2022-03-18,5.36709451675415,6.809999942779541,6.855000019073486,6.699999809265137,6.75,16500
2022-03-21,5.453787803649902,6.920000076293945,7.050000190734863,6.809999942779541,6.809999942779541,24000
2022-03-22,5.453787803649902,6.920000076293945,7.059999942779541,6.920000076293945,6.989999771118164,35500
2022-03-23,5.36709451675415,6.809999942779541,7.0,6.809999942779541,7.0,8600
2022-03-24,5.264638423919678,6.679999828338623,7.0,6.679999828338623,7.0,13600
2022-03-25,5.264638423919678,6.679999828338623,6.75,6.679999828338623,6.739999771118164,14900
2022-03-28,5.2252326011657715,6.630000114440918,6.880000114440918,6.546000003814697,6.690000057220459,63500
2022-03-29,5.114896297454834,6.489999771118164,6.710000038146973,6.400000095367432,6.679999828338623,51500
2022-03-30,5.036083698272705,6.389999866485596,6.5,6.369999885559082,6.5,12300
2022-03-31,5.059727191925049,6.420000076293945,6.440000057220459,6.389999866485596,6.429999828338623,4200
2022-04-01,4.917866230010986,6.239999771118164,6.389999866485596,6.239999771118164,6.389999866485596,32300
2022-04-04,4.985644817352295,6.326000213623047,6.428999900817871,6.239999771118164,6.260000228881836,41300
2022-04-05,5.028203010559082,6.380000114440918,6.436999797821045,6.360000133514404,6.369999885559082,2100
2022-04-06,4.917866230010986,6.239999771118164,6.440000057220459,6.199999809265137,6.440000057220459,18700
2022-04-07,4.917866230010986,6.239999771118164,6.239999771118164,6.135000228881836,6.210000038146973,16600
2022-04-08,4.736598491668701,6.010000228881836,6.224999904632568,6.0,6.199999809265137,42000
2022-04-11,4.933628559112549,6.260000228881836,6.309999942779541,6.059999942779541,6.059999942779541,47500
2022-04-12,5.020320892333984,6.369999885559082,6.420000076293945,6.300000190734863,6.300000190734863,4000
2022-04-13,5.077854633331299,6.442999839782715,6.442999839782715,6.369999885559082,6.400000095367432,2600
2022-04-14,4.94150972366333,6.269999980926514,6.355000019073486,6.269999980926514,6.355000019073486,9900
2022-04-18,4.760242462158203,6.039999961853027,6.269999980926514,6.03000020980835,6.269999980926514,40900
2022-04-19,4.701133728027344,5.965000152587891,6.210000038146973,5.949999809265137,6.050000190734863,50000
2022-04-20,4.70507287979126,5.96999979019165,6.139999866485596,5.820000171661377,6.139999866485596,37900
2022-04-21,4.694039344787598,5.955999851226807,6.110000133514404,5.955999851226807,6.099999904632568,3500
2022-04-22,4.768123149871826,6.050000190734863,6.150000095367432,5.960000038146973,5.960000038146973,15300
2022-04-25,4.894222736358643,6.210000038146973,6.210000038146973,5.940000057220459,5.949999809265137,18400
2022-04-26,4.657786846160889,5.909999847412109,6.135000228881836,5.860000133514404,6.130000114440918,14900
2022-04-27,4.460756301879883,5.659999847412109,6.0,5.6579999923706055,6.0,8500
2022-04-28,4.394554615020752,5.576000213623047,5.869999885559082,5.400000095367432,5.650000095367432,39700
2022-04-29,4.4055891036987305,5.590000152587891,6.017000198364258,5.570000171661377,6.017000198364258,8400
2022-05-02,4.5395684242248535,5.760000228881836,5.900000095367432,5.610000133514404,5.610000133514404,26900
2022-05-03,4.484400749206543,5.690000057220459,6.199999809265137,5.690000057220459,5.859000205993652,12900
2022-05-04,4.776004791259766,6.059999942779541,6.059999942779541,5.619999885559082,5.75,14200
2022-05-05,4.255845069885254,5.400000095367432,6.239999771118164,5.320000171661377,6.239999771118164,36500
2022-05-06,4.318107604980469,5.479000091552734,5.53000020980835,5.300000190734863,5.300000190734863,11800
2022-05-09,4.311013221740723,5.46999979019165,5.46999979019165,5.380000114440918,5.429999828338623,12800
2022-05-10,4.304709434509277,5.461999893188477,5.46999979019165,5.380000114440918,5.46999979019165,5300
2022-05-11,4.290521621704102,5.443999767303467,5.480000019073486,5.400000095367432,5.449999809265137,8400
2022-05-12,4.563211917877197,5.789999961853027,5.864999771118164,5.420000076293945,5.449999809265137,16500
2022-05-13,4.618380546569824,5.860000133514404,6.039999961853027,5.800000190734863,5.800000190734863,78200
2022-05-16,4.712954521179199,5.980000019073486,6.0,5.675000190734863,5.730000019073486,48300
2022-05-17,4.846935749053955,6.150000095367432,6.210000038146973,5.989999771118164,6.111000061035156,11100
2022-05-18,4.657786846160889,5.909999847412109,6.150000095367432,5.909999847412109,6.150000095367432,15200
2022-05-19,4.649906158447266,5.900000095367432,6.230000019073486,5.900000095367432,5.909999847412109,40400
2022-05-20,4.665668487548828,5.920000076293945,6.099999904632568,5.900000095367432,5.989999771118164,43900
2022-05-23,4.807528972625732,6.099999904632568,6.139999866485596,5.989999771118164,6.0,50900
2022-05-24,4.854817867279053,6.159999847412109,6.159999847412109,6.099999904632568,6.099999904632568,1700
2022-05-25,4.823291778564453,6.119999885559082,6.139999866485596,6.109000205993652,6.139999866485596,5200
2022-05-26,5.220597743988037,6.570000171661377,6.880000114440918,6.050000190734863,6.050000190734863,96300
2022-05-27,5.069622039794922,6.380000114440918,6.53000020980835,6.320000171661377,6.53000020980835,12100
2022-05-31,5.164975643157959,6.5,6.5,6.320000171661377,6.369999885559082,17000
2022-06-01,5.244436264038086,6.599999904632568,6.630000114440918,6.489999771118164,6.489999771118164,6600
2022-06-02,5.125244617462158,6.449999809265137,6.690000057220459,6.413000106811523,6.550000190734863,19400
2022-06-03,5.220597743988037,6.570000171661377,6.699999809265137,6.414000034332275,6.579999923706055,2500
2022-06-06,5.236490249633789,6.590000152587891,6.690000057220459,6.5,6.619999885559082,17200
2022-06-07,5.236490249633789,6.590000152587891,6.710000038146973,6.590000152587891,6.650000095367432,10700
2022-06-08,5.220597743988037,6.570000171661377,6.690000057220459,6.570000171661377,6.679999828338623,6000
2022-06-09,5.045783519744873,6.349999904632568,6.559999942779541,6.309999942779541,6.559999942779541,6700
2022-06-10,5.18881368637085,6.53000020980835,6.550000190734863,6.22599983215332,6.22599983215332,2100
2022-06-13,4.81534481048584,6.059999942779541,6.380000114440918,6.0,6.380000114440918,11600
2022-06-14,4.5213398933410645,5.690000057220459,6.329999923706055,5.440000057220459,6.289999961853027,94100
2022-06-15,4.584908962249756,5.769999980926514,5.960000038146973,5.710000038146973,5.800000190734863,11400
2022-06-16,4.370362758636475,5.5,5.900000095367432,5.5,5.900000095367432,11000
2022-06-17,5.323897361755371,6.699999809265137,6.699999809265137,5.550000190734863,5.739999771118164,65600
2022-06-21,4.680262565612793,5.889999866485596,6.75,5.840000152587891,6.289999961853027,30000
2022-06-22,4.5928544998168945,5.78000020980835,5.800000190734863,5.669000148773193,5.800000190734863,9000
2022-06-23,4.1081414222717285,5.170000076293945,5.5,5.170000076293945,5.489999771118164,38200
2022-06-24,4.139925956726074,5.210000038146973,5.264999866485596,5.159999847412109,5.179999828338623,39100
2022-06-27,3.869758129119873,4.869999885559082,5.210000038146973,4.849999904632568,5.210000038146973,60400
2022-06-28,3.8141353130340576,4.800000190734863,4.869999885559082,4.760000228881836,4.869999885559082,50300
2022-06-29,3.8220813274383545,4.809999942779541,4.840000152587891,4.590000152587891,4.829999923706055,20900
2022-06-30,3.7426204681396484,4.710000038146973,4.90500020980835,4.699999809265137,4.800000190734863,39600
2022-07-01,3.869758129119873,4.869999885559082,4.880000114440918,4.699999809265137,4.699999809265137,4100
2022-07-05,3.750566244125366,4.71999979019165,4.869999885559082,4.699999809265137,4.869999885559082,22700
2022-07-06,3.774404764175415,4.75,4.78000020980835,4.699999809265137,4.730000019073486,9400
2022-07-07,3.774404764175415,4.75,4.800000190734863,4.590000152587891,4.590000152587891,10000
2022-07-08,3.790297508239746,4.769999980926514,4.769999980926514,4.619999885559082,4.619999885559082,5300
2022-07-11,3.758512496948242,4.730000019073486,4.75,4.559999942779541,4.75,10800
2022-07-12,3.774404764175415,4.75,4.75,4.670000076293945,4.730000019073486,14200
2022-07-13,3.790297508239746,4.769999980926514,4.789999961853027,4.760000228881836,4.769999980926514,15700
2022-07-14,3.782350540161133,4.760000228881836,4.800000190734863,4.699999809265137,4.800000190734863,17200
2022-07-15,3.885650396347046,4.889999866485596,5.0,4.769999980926514,4.78000020980835,12500
2022-07-18,3.8300275802612305,4.820000171661377,4.993000030517578,4.559999942779541,4.559999942779541,22200
2022-07-19,4.100195407867432,5.159999847412109,5.170000076293945,4.809999942779541,4.809999942779541,9300
2022-07-20,4.1081414222717285,5.170000076293945,5.170000076293945,5.130000114440918,5.130000114440918,4100
2022-07-21,4.17171049118042,5.25,5.400000095367432,5.210000038146973,5.400000095367432,2300
2022-07-22,4.441878318786621,5.590000152587891,5.702000141143799,5.271999835968018,5.400000095367432,26500
2022-07-25,4.60874605178833,5.800000190734863,5.829999923706055,5.570000171661377,5.579999923706055,26100
2022-07-26,4.569016456604004,5.75,5.980000019073486,5.75,5.840000152587891,30700
2022-07-27,4.418039798736572,5.559999942779541,5.840000152587891,5.519999980926514,5.75,17400
2022-07-28,4.680262565612793,5.889999866485596,5.940000057220459,5.465000152587891,5.559999942779541,20000
2022-07-29,4.648477077484131,5.849999904632568,5.940000057220459,5.800000190734863,5.940000057220459,9200
2022-08-01,4.5928544998168945,5.78000020980835,5.849999904632568,5.760000228881836,5.849999904632568,9900
2022-08-02,4.505447864532471,5.670000076293945,5.739999771118164,5.627999782562256,5.627999782562256,5600
2022-08-03,4.537231922149658,5.710000038146973,5.75,5.599999904632568,5.639999866485596,22700
2022-08-04,4.457770824432373,5.610000133514404,5.789999961853027,5.579999923706055,5.579999923706055,39600
2022-08-05,4.481609344482422,5.639999866485596,5.650000095367432,5.599999904632568,5.650000095367432,19800
2022-08-08,4.584908962249756,5.769999980926514,5.840000152587891,5.76200008392334,5.800000190734863,4700
2022-08-09,4.5928544998168945,5.78000020980835,5.829999923706055,5.650000095367432,5.75,4900
2022-08-10,4.648477077484131,5.849999904632568,6.0,5.78000020980835,5.78000020980835,7100
2022-08-11,4.4021477699279785,5.539999961853027,5.869999885559082,5.289999961853027,5.869999885559082,64300
2022-08-12,4.251171588897705,5.349999904632568,5.540999889373779,5.190000057220459,5.53000020980835,19400
2022-08-15,4.275010585784912,5.380000114440918,5.599999904632568,5.199999809265137,5.21999979019165,52100
2022-08-16,4.283031940460205,5.340000152587891,5.394000053405762,5.239999771118164,5.239999771118164,7900
2022-08-17,4.250947952270508,5.300000190734863,5.360000133514404,5.239999771118164,5.239999771118164,5700
2022-08-18,4.234907150268555,5.28000020980835,5.340000152587891,5.197999954223633,5.230000019073486,16000
2022-08-19,4.218865394592285,5.260000228881836,5.340000152587891,5.210000038146973,5.340000152587891,10200
2022-08-22,4.178761959075928,5.210000038146973,5.380000114440918,5.199999809265137,5.215000152587891,16500
2022-08-23,4.226886749267578,5.269999980926514,5.300000190734863,5.199999809265137,5.199999809265137,8200
2022-08-24,4.269394874572754,5.322999954223633,5.329999923706055,5.25,5.275000095367432,10400
2022-08-25,4.276613712310791,5.331999778747559,5.389999866485596,5.269999980926514,5.269999980926514,14100
2022-08-26,4.250947952270508,5.300000190734863,5.369999885559082,5.25,5.25,3900
2022-08-29,4.291050910949707,5.349999904632568,5.400000095367432,5.340000152587891,5.349999904632568,5900
2022-08-30,4.210844993591309,5.25,5.460000038146973,5.25,5.440000057220459,12200
2022-08-31,4.30709171295166,5.369999885559082,5.400000095367432,5.28000020980835,5.349999904632568,6600
2022-09-01,4.283031940460205,5.340000152587891,5.375,5.265999794006348,5.265999794006348,1700
2022-09-02,4.186783313751221,5.21999979019165,5.340000152587891,5.21999979019165,5.269999980926514,9900
2022-09-06,4.042409896850586,5.039999961853027,5.238999843597412,4.900000095367432,5.159999847412109,31500
2022-09-07,4.082515716552734,5.090000152587891,5.159999847412109,5.050000190734863,5.159999847412109,14200
2022-09-08,4.170741081237793,5.199999809265137,5.300000190734863,5.0,5.090000152587891,6400
2022-09-09,4.202823638916016,5.239999771118164,5.300000190734863,5.170000076293945,5.199999809265137,4600
2022-09-12,4.106575012207031,5.119999885559082,5.300000190734863,5.119999885559082,5.300000190734863,8800
2022-09-13,4.0905351638793945,5.099999904632568,5.145999908447266,4.909999847412109,5.145999908447266,10700
2022-09-14,3.9862661361694336,4.96999979019165,5.070000171661377,4.945000171661377,5.010000228881836,29000
2022-09-15,3.938142776489258,4.909999847412109,5.03000020980835,4.909999847412109,5.03000020980835,12000
2022-09-16,3.8579354286193848,4.809999942779541,4.900000095367432,4.760000228881836,4.900000095367432,30200
2022-09-19,3.8819985389709473,4.840000152587891,4.900000095367432,4.840000152587891,4.900000095367432,6400
2022-09-20,3.890018939971924,4.849999904632568,4.849999904632568,4.78000020980835,4.78000020980835,4000
2022-09-21,3.8154256343841553,4.756999969482422,4.849999904632568,4.756999969482422,4.849999904632568,14400
2022-09-22,3.7416367530822754,4.664999961853027,4.800000190734863,4.664999961853027,4.800000190734863,6300
2022-09-23,3.6012744903564453,4.489999771118164,4.574999809265137,4.449999809265137,4.519999980926514,34100
2022-09-26,3.5772130489349365,4.460000038146973,4.489999771118164,4.449999809265137,4.449999809265137,14300
2022-09-27,3.5290887355804443,4.400000095367432,4.460000038146973,4.349999904632568,4.460000038146973,14000
2022-09-28,3.5691921710968018,4.449999809265137,4.488999843597412,4.420000076293945,4.420000076293945,17200
2022-09-29,3.4047691822052,4.244999885559082,4.349999904632568,4.230000019073486,4.300000190734863,23200
2022-09-30,3.4007582664489746,4.239999771118164,4.429999828338623,4.199999809265137,4.239999771118164,14600
2022-10-03,3.450486421585083,4.302000045776367,4.465000152587891,4.059999942779541,4.210000038146973,21300
2022-10-04,3.505026340484619,4.369999885559082,4.5,4.360000133514404,4.5,15900
2022-10-05,3.537109851837158,4.409999847412109,4.420000076293945,4.321000099182129,4.321000099182129,8900
2022-10-06,3.4729440212249756,4.329999923706055,4.480000019073486,4.289999961853027,4.480000019073486,8400
2022-10-07,3.3285720348358154,4.150000095367432,4.421000003814697,4.110000133514404,4.230000019073486,6400
2022-10-10,3.3045101165771484,4.119999885559082,4.28000020980835,4.110000133514404,4.28000020980835,7500
2022-10-11,3.2884693145751953,4.099999904632568,4.230000019073486,4.099999904632568,4.190000057220459,26600
2022-10-12,3.3526346683502197,4.179999828338623,4.269999980926514,4.074999809265137,4.074999809265137,7800
2022-10-13,3.3285720348358154,4.150000095367432,4.35099983215332,4.105000019073486,4.35099983215332,18200
2022-10-14,3.3766963481903076,4.210000038146973,4.210999965667725,4.086999893188477,4.090000152587891,7500
2022-10-17,3.3526346683502197,4.179999828338623,4.239999771118164,4.099999904632568,4.130000114440918,27300
2022-10-18,3.3125312328338623,4.130000114440918,4.269999980926514,4.130000114440918,4.21999979019165,4600
2022-10-19,3.2804486751556396,4.090000152587891,4.28000020980835,4.070000171661377,4.110000133514404,22400
2022-10-20,3.2644073963165283,4.070000171661377,4.099999904632568,4.019999980926514,4.099999904632568,8100
2022-10-21,3.240345001220703,4.039999961853027,4.059999942779541,4.0,4.019999980926514,12800
2022-10-24,3.2162835597991943,4.010000228881836,4.068999767303467,4.0,4.039999961853027,9800
2022-10-25,3.248366355895996,4.050000190734863,4.119999885559082,4.00600004196167,4.010000228881836,9700
2022-10-26,3.284458637237549,4.09499979019165,4.119999885559082,4.050000190734863,4.090000152587891,19000
2022-10-27,3.3285720348358154,4.150000095367432,4.150000095367432,4.059999942779541,4.119999885559082,4000
2022-10-28,3.3285720348358154,4.150000095367432,4.150000095367432,4.110000133514404,4.129000186920166,8300
2022-10-31,3.3045101165771484,4.119999885559082,4.199999809265137,4.110000133514404,4.159999847412109,8400
2022-11-01,3.3125312328338623,4.130000114440918,4.21999979019165,4.119999885559082,4.119999885559082,15200
2022-11-02,3.3863210678100586,4.2220001220703125,4.326000213623047,4.150000095367432,4.2210001945495605,8300
2022-11-03,3.3125312328338623,4.130000114440918,4.170000076293945,4.019999980926514,4.110000133514404,5600
2022-11-04,3.248366355895996,4.050000190734863,4.239999771118164,4.0,4.210000038146973,11000
2022-11-07,3.284458637237549,4.09499979019165,4.125999927520752,4.039999961853027,4.079999923706055,4300
2022-11-08,3.3365936279296875,4.159999847412109,4.199999809265137,4.099999904632568,4.199999809265137,4100
2022-11-09,3.22430419921875,4.019999980926514,4.130000114440918,4.019999980926514,4.110000133514404,15300
2022-11-10,3.368675947189331,4.199999809265137,4.300000190734863,4.0,4.019999980926514,36700
2022-11-11,3.4087789058685303,4.25,4.409999847412109,4.190000057220459,4.409999847412109,10200
2022-11-14,3.3766963481903076,4.210000038146973,4.269999980926514,4.199999809265137,4.25,14100
2022-11-15,3.416799783706665,4.260000228881836,4.289999961853027,4.239999771118164,4.2769999504089355,13600
2022-11-16,3.4488821029663086,4.300000190734863,4.380000114440918,4.25,4.26200008392334,3900
2022-11-17,3.4083073139190674,4.199999809265137,4.255000114440918,4.179999828338623,4.199999809265137,10300
2022-11-18,3.4001920223236084,4.190000057220459,4.21999979019165,4.099999904632568,4.120999813079834,15500
2022-11-21,3.4326517581939697,4.230000019073486,4.340000152587891,4.199999809265137,4.199999809265137,12900
2022-11-22,3.416422128677368,4.210000038146973,4.355000019073486,4.190000057220459,4.190000057220459,10600
2022-11-23,3.538147449493408,4.360000133514404,4.414999961853027,4.269999980926514,4.269999980926514,11700
2022-11-25,3.5706074237823486,4.400000095367432,4.590000152587891,4.400000095367432,4.440000057220459,13900
2022-11-28,3.538147449493408,4.360000133514404,4.579999923706055,4.360000133514404,4.579999923706055,15400
2022-11-29,3.5706074237823486,4.400000095367432,4.610000133514404,4.369999885559082,4.369999885559082,14700
2022-11-30,3.603067398071289,4.440000057220459,4.480000019073486,4.349999904632568,4.349999904632568,8000
2022-12-01,3.611182689666748,4.449999809265137,4.489999771118164,4.449999809265137,4.489999771118164,2300
2022-12-02,3.6274123191833496,4.46999979019165,4.5,4.449999809265137,4.46999979019165,4600
2022-12-05,3.5787227153778076,4.409999847412109,4.480000019073486,4.409999847412109,4.480000019073486,3500
2022-12-06,3.4407670497894287,4.239999771118164,4.400000095367432,4.144999980926514,4.400000095367432,13300
2022-12-07,3.4488821029663086,4.25,4.480000019073486,4.199999809265137,4.480000019073486,2600
2022-12-08,3.5138022899627686,4.329999923706055,4.400000095367432,4.269999980926514,4.389999866485596,8700
2022-12-09,3.5300326347351074,4.349999904632568,4.409999847412109,4.324999809265137,4.335000038146973,1400
2022-12-12,3.4651129245758057,4.269999980926514,4.429999828338623,4.25,4.289999961853027,17800
2022-12-13,3.538147449493408,4.360000133514404,4.416999816894531,4.300000190734863,4.300000190734863,5900
2022-12-14,3.5949530601501465,4.429999828338623,4.5,4.420000076293945,4.5,3300
2022-12-15,3.4732275009155273,4.28000020980835,4.369999885559082,4.25,4.349999904632568,9600
2022-12-16,3.54626202583313,4.369999885559082,4.429999828338623,4.199999809265137,4.429999828338623,15000
2022-12-19,3.2946970462799072,4.059999942779541,4.369999885559082,4.050000190734863,4.300000190734863,16500
2022-12-20,3.3271570205688477,4.099999904632568,4.099999904632568,4.050000190734863,4.050000190734863,24100
2022-12-21,3.319042205810547,4.090000152587891,4.184999942779541,4.0,4.0,32200
2022-12-22,3.254122018814087,4.010000228881836,4.059999942779541,3.950000047683716,4.059999942779541,30700
2022-12-23,3.2703521251678467,4.03000020980835,4.164999961853027,4.019999980926514,4.050000190734863,10600
2022-12-27,3.2135467529296875,3.9600000381469727,4.0,3.9600000381469727,3.9700000286102295,45200
2022-12-28,3.1802752017974854,3.9189999103546143,4.0,3.890000104904175,3.950000047683716,25100
2022-12-29,3.067476749420166,3.7799999713897705,3.940000057220459,3.7699999809265137,3.8499999046325684,26200
2022-12-30,3.1567416191101074,3.890000104904175,3.890000104904175,3.75,3.7799999713897705,20400
2023-01-03,3.2054314613342285,3.950000047683716,4.25,3.9000000953674316,3.9000000953674316,30800
2023-01-04,3.172971725463867,3.9100000858306885,4.070000171661377,3.9100000858306885,4.070000171661377,5600
2023-01-05,3.1559300422668457,3.8889999389648438,4.099999904632568,3.869999885559082,3.880000114440918,8600
2023-01-06,3.2297770977020264,3.9800000190734863,4.070000171661377,3.880000114440918,4.0,20300
2023-01-09,3.2606139183044434,4.01800012588501,4.079999923706055,3.9200000762939453,4.010000228881836,5700
2023-01-10,3.2865824699401855,4.050000190734863,4.063000202178955,3.990000009536743,4.019999980926514,8700
2023-01-11,3.310926914215088,4.079999923706055,4.079999923706055,4.0320000648498535,4.079999923706055,1000
2023-01-12,3.4651129245758057,4.269999980926514,4.343999862670898,4.039999961853027,4.179999828338623,13900
2023-01-13,3.4245364665985107,4.21999979019165,4.380000114440918,4.204999923706055,4.264999866485596,9500
2023-01-17,3.538147449493408,4.360000133514404,4.360000133514404,4.199999809265137,4.21999979019165,13600
2023-01-18,3.416422128677368,4.210000038146973,4.380000114440918,4.210000038146973,4.369999885559082,14300
2023-01-19,3.4488821029663086,4.25,4.309999942779541,4.199999809265137,4.300000190734863,4200
2023-01-20,3.416422128677368,4.210000038146973,4.284999847412109,4.210000038146973,4.25,15200
2023-01-23,3.4488821029663086,4.25,4.25,4.199999809265137,4.210000038146973,14000
2023-01-24,3.4245364665985107,4.21999979019165,4.25,4.21999979019165,4.21999979019165,1800
2023-01-25,3.4083073139190674,4.199999809265137,4.242000102996826,4.130000114440918,4.130000114440918,11200
2023-01-26,3.4285948276519775,4.224999904632568,4.239999771118164,4.099999904632568,4.119999885559082,24600
2023-01-27,3.4464480876922607,4.247000217437744,4.25,4.190000057220459,4.239999771118164,5000
2023-01-30,3.4407670497894287,4.239999771118164,4.368000030517578,4.230000019073486,4.25,9000
2023-01-31,3.505687713623047,4.320000171661377,4.409999847412109,4.199999809265137,4.230000019073486,49200
2023-02-01,3.639585494995117,4.485000133514404,4.5,4.369999885559082,4.380000114440918,16500
2023-02-02,3.5308432579040527,4.35099983215332,4.5320000648498535,4.349999904632568,4.519999980926514,23100
2023-02-03,3.5706074237823486,4.400000095367432,4.46999979019165,4.329999923706055,4.380000114440918,6200
2023-02-06,3.5706074237823486,4.400000095367432,4.429999828338623,4.300000190734863,4.300000190734863,19600
2023-02-07,3.5787227153778076,4.409999847412109,4.461999893188477,4.309999942779541,4.400000095367432,12200
2023-02-08,3.538147449493408,4.360000133514404,4.409999847412109,4.303999900817871,4.303999900817871,9300
2023-02-09,3.789713144302368,4.670000076293945,4.670000076293945,4.329999923706055,4.550000190734863,82100
2023-02-10,3.7726712226867676,4.64900016784668,4.679999828338623,4.539999961853027,4.679999828338623,17400
2023-02-13,3.732475519180298,4.550000190734863,4.829999923706055,4.420000076293945,4.550000190734863,63300
2023-02-14,3.8555245399475098,4.699999809265137,4.699999809265137,4.599999904632568,4.650000095367432,8400
2023-02-15,3.917048215866089,4.775000095367432,4.7829999923706055,4.699999809265137,4.769999980926514,4800
2023-02-16,3.962165594100952,4.829999923706055,4.949999809265137,4.739999771118164,4.776000022888184,19800
2023-02-17,3.9539635181427,4.820000171661377,4.889999866485596,4.75,4.75,11100
2023-02-21,3.7816951274871826,4.610000133514404,4.889999866485596,4.599999904632568,4.889999866485596,31200
2023-02-22,3.7981021404266357,4.630000114440918,4.71999979019165,4.599999904632568,4.710000038146973,13800
2023-02-23,3.8473212718963623,4.690000057220459,4.708000183105469,4.599999904632568,4.65500020980835,17300
2023-02-24,3.806305170059204,4.639999866485596,4.689000129699707,4.599999904632568,4.651000022888184,18100
2023-02-27,3.8227107524871826,4.659999847412109,4.690000057220459,4.511000156402588,4.570000171661377,17400
2023-02-28,3.8555245399475098,4.699999809265137,4.699999809265137,4.599999904632568,4.599999904632568,6400
2023-03-01,3.8473212718963623,4.690000057220459,4.78000020980835,4.630000114440918,4.710000038146973,3500
2023-03-02,3.862907648086548,4.709000110626221,4.710000038146973,4.599999904632568,4.599999904632568,4000
2023-03-03,3.9047439098358154,4.760000228881836,4.818999767303467,4.659999847412109,4.659999847412109,18300
2023-03-06,3.9785730838775635,4.849999904632568,4.869999885559082,4.803999900817871,4.829999923706055,9000
2023-03-07,4.024510860443115,4.906000137329102,4.96999979019165,4.800000190734863,4.880000114440918,27300
2023-03-08,4.0359954833984375,4.920000076293945,4.949999809265137,4.900000095367432,4.900000095367432,26600
2023-03-09,3.962165594100952,4.829999923706055,4.949999809265137,4.829999923706055,4.949999809265137,22200
2023-03-10,3.9949796199798584,4.869999885559082,4.869999885559082,4.739999771118164,4.739999771118164,30900
2023-03-13,3.9293525218963623,4.789999961853027,4.869999885559082,4.710000038146973,4.739999771118164,15100
2023-03-14,3.9867758750915527,4.860000133514404,4.96999979019165,4.75,4.796000003814697,11700
2023-03-15,3.8883368968963623,4.739999771118164,4.949999809265137,4.71999979019165,4.949999809265137,13900
2023-03-16,4.003182888031006,4.880000114440918,4.940000057220459,4.659999847412109,4.670000076293945,18900
2023-03-17,3.9785730838775635,4.849999904632568,4.880000114440918,4.730000019073486,4.880000114440918,12600
2023-03-20,3.9293525218963623,4.789999961853027,4.849999904632568,4.760000228881836,4.840000152587891,14500
2023-03-21,3.9457590579986572,4.809999942779541,4.840000152587891,4.75,4.769999980926514,22900
2023-03-22,3.9539635181427,4.820000171661377,4.880000114440918,4.763000011444092,4.880000114440918,9400
2023-03-23,3.9457590579986572,4.809999942779541,4.820000171661377,4.78000020980835,4.800000190734863,13000
2023-03-24,3.9211506843566895,4.78000020980835,4.809999942779541,4.75,4.769999980926514,9000
2023-03-27,3.8719305992126465,4.71999979019165,4.78000020980835,4.710000038146973,4.78000020980835,5800
2023-03-28,3.912947177886963,4.769999980926514,4.820000171661377,4.704999923706055,4.710000038146973,15700
2023-03-29,3.925251007080078,4.784999847412109,4.848999977111816,4.710000038146973,4.810999870300293,7700
2023-03-30,3.925251007080078,4.784999847412109,4.800000190734863,4.784999847412109,4.800000190734863,6200
2023-03-31,3.8555245399475098,4.699999809265137,4.880000114440918,4.650000095367432,4.880000114440918,9100
2023-04-03,3.859625816345215,4.704999923706055,4.71999979019165,4.6620001792907715,4.679999828338623,3200
2023-04-04,3.757084846496582,4.579999923706055,4.695000171661377,4.550000190734863,4.679999828338623,6900
2023-04-05,3.740677833557129,4.559999942779541,4.619999885559082,4.5,4.619999885559082,5500
2023-04-06,3.7078657150268555,4.519999980926514,4.619999885559082,4.5,4.619999885559082,5100
2023-04-10,3.6504430770874023,4.449999809265137,4.519999980926514,4.449999809265137,4.502999782562256,4100
2023-04-11,3.6340363025665283,4.429999828338623,4.514999866485596,4.349999904632568,4.514999866485596,21700
2023-04-12,3.6504430770874023,4.449999809265137,4.53000020980835,4.429999828338623,4.489999771118164,56200
2023-04-13,3.699662685394287,4.510000228881836,4.550000190734863,4.449999809265137,4.460000038146973,4700
2023-04-14,3.7981021404266357,4.630000114440918,4.789999961853027,4.5,4.570000171661377,4100
2023-04-17,3.658646583557129,4.460000038146973,4.710000038146973,4.460000038146973,4.710000038146973,16500
2023-04-18,3.666849374771118,4.46999979019165,4.800000190734863,4.46999979019165,4.5,11900
2023-04-19,3.732475519180298,4.550000190734863,4.769999980926514,4.486000061035156,4.769999980926514,1600
2023-04-20,3.8145086765289307,4.650000095367432,4.769999980926514,4.625,4.769999980926514,4200
2023-04-21,3.802203416824341,4.635000228881836,4.71999979019165,4.570000171661377,4.71999979019165,1900
2023-04-24,3.6832563877105713,4.489999771118164,4.678999900817871,4.489999771118164,4.678999900817871,7700
2023-04-25,3.6914596557617188,4.5,4.789999961853027,4.349999904632568,4.349999904632568,10400
2023-04-26,3.666849374771118,4.46999979019165,4.639999866485596,4.400000095367432,4.639999866485596,7100
2023-04-27,3.6914596557617188,4.5,4.703999996185303,4.449999809265137,4.639999866485596,6700
2023-04-28,3.757084846496582,4.579999923706055,4.579999923706055,4.449999809265137,4.50600004196167,5100
2023-05-01,3.757084846496582,4.579999923706055,4.599999904632568,4.40500020980835,4.559999942779541,5900
2023-05-02,3.699662685394287,4.510000228881836,4.610000133514404,4.5,4.550000190734863,3900
2023-05-03,3.748882293701172,4.570000171661377,4.659999847412109,4.497000217437744,4.590000152587891,17000
2023-05-04,3.748882293701172,4.570000171661377,4.570000171661377,4.460000038146973,4.559999942779541,9200
2023-05-05,3.716069221496582,4.53000020980835,4.579999923706055,4.454999923706055,4.579999923706055,5000
2023-05-08,3.7898988723754883,4.619999885559082,4.699999809265137,4.381999969482422,4.429999828338623,40100
2023-05-09,3.675053596496582,4.480000019073486,4.659999847412109,4.454999923706055,4.659999847412109,14500
2023-05-10,3.666849374771118,4.46999979019165,4.519000053405762,4.400000095367432,4.519000053405762,12100
2023-05-11,3.642240524291992,4.440000057220459,4.460000038146973,4.361000061035156,4.400000095367432,7400
2023-05-12,3.6258342266082764,4.420000076293945,4.46999979019165,4.25,4.349999904632568,4700
2023-05-15,3.568410634994507,4.349999904632568,4.429999828338623,4.269999980926514,4.269999980926514,3900
2023-05-16,3.5848169326782227,4.369999885559082,4.392000198364258,4.25,4.25,4200
2023-05-17,3.7242720127105713,4.539999961853027,4.570000171661377,4.25,4.25,11200
2023-05-18,3.732475519180298,4.550000190734863,4.605000019073486,4.46999979019165,4.605000019073486,4900
2023-05-19,3.6914596557617188,4.5,4.619999885559082,4.420000076293945,4.420000076293945,10000
2023-05-22,3.6340363025665283,4.429999828338623,4.5,4.40500020980835,4.5,3100
2023-05-23,3.6094272136688232,4.400000095367432,4.429999828338623,4.300000190734863,4.349999904632568,8500
2023-05-24,3.7078657150268555,4.519999980926514,4.599999904632568,4.449999809265137,4.510000228881836,6300
2023-05-25,3.6258342266082764,4.420000076293945,4.539999961853027,4.389999866485596,4.539999961853027,3600
2023-05-26,3.621731996536255,4.414999961853027,4.414999961853027,4.302000045776367,4.302000045776367,1600
2023-05-30,3.494581699371338,4.260000228881836,4.369999885559082,4.25,4.349999904632568,7500
2023-05-31,3.4371590614318848,4.190000057220459,4.260000228881836,4.070000171661377,4.260000228881836,12100
2023-06-01,3.403949737548828,4.099999904632568,4.159999847412109,4.099999904632568,4.099999904632568,13900
2023-06-02,3.483651876449585,4.196000099182129,4.199999809265137,4.110000133514404,4.110000133514404,3800
2023-06-05,3.470367908477783,4.179999828338623,4.199999809265137,4.119999885559082,4.119999885559082,13500
2023-06-06,3.478670835494995,4.190000057220459,4.239999771118164,4.110000133514404,4.120999813079834,42400
2023-06-07,3.4869725704193115,4.199999809265137,4.409999847412109,4.199999809265137,4.199999809265137,8400
2023-06-08,3.503577470779419,4.21999979019165,4.28000020980835,4.150000095367432,4.150000095367432,13000
2023-06-09,3.470367908477783,4.179999828338623,4.28000020980835,4.119999885559082,4.260000228881836,7800
2023-06-12,3.553391695022583,4.28000020980835,4.28000020980835,4.197999954223633,4.21999979019165,6000
2023-06-13,3.470367908477783,4.179999828338623,4.260000228881836,4.179999828338623,4.190000057220459,4600
2023-06-14,3.495274543762207,4.210000038146973,4.289999961853027,4.202000141143799,4.257999897003174,14000
2023-06-15,3.4454610347747803,4.150000095367432,4.295000076293945,4.090000152587891,4.190000057220459,32400
2023-06-16,3.4122519493103027,4.110000133514404,4.150000095367432,4.050000190734863,4.150000095367432,14700
2023-06-20,3.3458330631256104,4.03000020980835,4.130000114440918,4.03000020980835,4.119999885559082,65400
2023-06-21,3.2794148921966553,3.950000047683716,4.059999942779541,3.9200000762939453,4.059999942779541,43200
2023-06-22,3.354135274887085,4.039999961853027,4.059999942779541,4.010000228881836,4.014999866485596,9100
2023-06-23,3.3209264278411865,4.0,4.127999782562256,3.990000009536743,4.03000020980835,15800
2023-06-26,3.3956472873687744,4.090000152587891,4.099999904632568,3.994999885559082,4.039999961853027,31600
2023-06-27,3.1897499561309814,3.8420000076293945,3.9700000286102295,3.6600000858306885,3.950000047683716,73700
2023-06-28,3.146577835083008,3.7899999618530273,3.890000104904175,3.7260000705718994,3.8399999141693115,34000
2023-06-29,3.138275384902954,3.7799999713897705,3.8499999046325684,3.75,3.799999952316284,15800
2023-06-30,3.088461399078369,3.7200000286102295,3.759999990463257,3.6610000133514404,3.759999990463257,19000
2023-07-03,3.1449172496795654,3.7880001068115234,3.7880001068115234,3.6600000858306885,3.7699999809265137,6400
2023-07-05,3.088461399078369,3.7200000286102295,3.740000009536743,3.684000015258789,3.7300000190734863,7800
2023-07-06,3.0552523136138916,3.680000066757202,3.7799999713897705,3.6600000858306885,3.7799999713897705,5800
2023-07-07,3.0801591873168945,3.7100000381469727,3.740000009536743,3.6700000762939453,3.6700000762939453,2500
2023-07-10,3.046950101852417,3.6700000762939453,3.7300000190734863,3.640000104904175,3.6700000762939453,12800
2023-07-11,3.046950101852417,3.6700000762939453,3.7100000381469727,3.619999885559082,3.619999885559082,7600
2023-07-12,3.046950101852417,3.6700000762939453,3.690000057220459,3.5799999237060547,3.690000057220459,32500
2023-07-13,3.0801591873168945,3.7100000381469727,3.7200000286102295,3.690000057220459,3.690000057220459,3000
2023-07-14,3.0552523136138916,3.680000066757202,3.7100000381469727,3.63100004196167,3.7100000381469727,3900
2023-07-17,3.096764087677002,3.7300000190734863,3.75,3.6610000133514404,3.7300000190734863,14000
2023-07-18,3.113368272781372,3.75,3.75,3.7300000190734863,3.75,18300
2023-07-19,3.113368272781372,3.75,3.75,3.7200000286102295,3.75,8400
2023-07-20,3.163182497024536,3.809999942779541,3.8399999141693115,3.7200000286102295,3.744999885559082,48300
2023-07-21,3.262809991836548,3.930000066757202,3.940000057220459,3.813999891281128,3.8499999046325684,11500
2023-07-24,3.237903118133545,3.9000000953674316,3.9600000381469727,3.9000000953674316,3.940000057220459,11500
2023-07-25,3.121670722961426,3.759999990463257,3.930000066757202,3.75,3.930000066757202,10300
2023-07-26,3.212996482849121,3.869999885559082,3.869999885559082,3.819999933242798,3.819999933242798,5300
2023-07-27,3.188088893890381,3.8399999141693115,3.890000104904175,3.7899999618530273,3.890000104904175,11100
2023-07-28,3.2296011447906494,3.890000104904175,3.940000057220459,3.8499999046325684,3.9100000858306885,4900
2023-07-31,3.2046937942504883,3.859999895095825,3.9700000286102295,3.859999895095825,3.9700000286102295,10700
2023-08-01,3.2296011447906494,3.890000104904175,3.890000104904175,3.8299999237060547,3.859999895095825,3700
2023-08-02,3.212996482849121,3.869999885559082,3.880000114440918,3.759999990463257,3.809999942779541,5900
2023-08-03,3.1963915824890137,3.8499999046325684,3.8949999809265137,3.7219998836517334,3.818000078201294,22700
2023-08-04,3.07185697555542,3.700000047683716,3.8529999256134033,3.700000047683716,3.7679998874664307,15700
2023-08-07,2.972228527069092,3.5799999237060547,3.799999952316284,3.5799999237060547,3.799999952316284,4600
2023-08-08,2.997136116027832,3.609999895095825,3.678999900817871,3.609999895095825,3.640000104904175,5200
2023-08-09,2.9805312156677246,3.5899999141693115,3.700000047683716,3.5799999237060547,3.700000047683716,13500
2023-08-10,2.6816482543945312,3.2300000190734863,3.6500000953674316,3.0,3.640000104904175,110400
2023-08-11,2.781275510787964,3.3499999046325684,3.450000047683716,3.1600000858306885,3.2699999809265137,38000
2023-08-14,2.826107978820801,3.4040000438690186,3.4670000076293945,3.319999933242798,3.4000000953674316,10800
2023-08-15,2.822737693786621,3.3499999046325684,3.430000066757202,3.309999942779541,3.380000114440918,16100
2023-08-16,2.8438031673431396,3.375,3.490000009536743,3.3499999046325684,3.430000066757202,13000
2023-08-17,2.814311981201172,3.3399999141693115,3.385999917984009,3.3399999141693115,3.3399999141693115,5300
2023-08-18,2.822737693786621,3.3499999046325684,3.510999917984009,3.2699999809265137,3.390000104904175,34600
2023-08-21,2.7806074619293213,3.299999952316284,3.440000057220459,3.299999952316284,3.299999952316284,6400
2023-08-22,2.8058855533599854,3.3299999237060547,3.359999895095825,3.2899999618530273,3.299999952316284,7900
2023-08-23,2.8648688793182373,3.4000000953674316,3.4200000762939453,3.319999933242798,3.319999933242798,1300
2023-08-24,2.8311638832092285,3.359999895095825,3.4800000190734863,3.309999942779541,3.3399999141693115,6900
2023-08-25,2.826951026916504,3.3550000190734863,3.5299999713897705,3.309999942779541,3.309999942779541,4000
2023-08-28,2.8058855533599854,3.3299999237060547,3.440000057220459,3.3299999237060547,3.369999885559082,4400
2023-08-29,2.822737693786621,3.3499999046325684,3.390000104904175,3.3350000381469727,3.390000104904175,4600
2023-08-30,2.8058855533599854,3.3299999237060547,3.3570001125335693,3.2699999809265137,3.2699999809265137,18400
2023-08-31,2.789033889770508,3.309999942779541,3.359999895095825,3.2899999618530273,3.359999895095825,4900
2023-09-01,2.822737693786621,3.3499999046325684,3.4000000953674316,3.3299999237060547,3.3499999046325684,6400
2023-09-05,2.8311638832092285,3.359999895095825,3.4100000858306885,3.309999942779541,3.4100000858306885,7100
2023-09-06,2.8480162620544434,3.380000114440918,3.4200000762939453,3.369999885559082,3.4100000858306885,2500
2023-09-07,2.7806074619293213,3.299999952316284,3.380000114440918,3.299999952316284,3.380000114440918,3600
2023-09-08,2.7806074619293213,3.299999952316284,3.3359999656677246,3.2100000381469727,3.299999952316284,34300
2023-09-11,2.789033889770508,3.309999942779541,3.4100000858306885,3.2699999809265137,3.309999942779541,25500
2023-09-12,2.7637553215026855,3.2799999713897705,3.3559999465942383,3.2799999713897705,3.3559999465942383,3200
2023-09-13,2.7806074619293213,3.299999952316284,3.359999895095825,3.2699999809265137,3.359999895095825,10700
2023-09-14,2.772181749343872,3.2899999618530273,3.3239998817443848,3.2699999809265137,3.2799999713897705,6200
2023-09-15,2.789033889770508,3.309999942779541,3.3299999237060547,3.25,3.3299999237060547,8700
2023-09-18,2.789033889770508,3.309999942779541,3.319999933242798,3.2699999809265137,3.319999933242798,3300
2023-09-19,2.6963462829589844,3.200000047683716,3.3299999237060547,3.1700000762939453,3.2699999809265137,24800
2023-09-20,2.6710681915283203,3.1700000762939453,3.299999952316284,3.1700000762939453,3.299999952316284,10000
2023-09-21,2.662642478942871,3.1600000858306885,3.265000104904175,3.1600000858306885,3.25,10100
2023-09-22,2.6542165279388428,3.1500000953674316,3.3299999237060547,3.119999885559082,3.3299999237060547,13600
2023-09-25,2.6457903385162354,3.140000104904175,3.240000009536743,3.130000114440918,3.1500000953674316,3200
2023-09-26,2.6120858192443848,3.0999999046325684,3.2860000133514404,3.0899999141693115,3.140000104904175,23300
2023-09-27,2.569955348968506,3.049999952316284,3.121000051498413,3.0299999713897705,3.069999933242798,16900
2023-09-28,2.55310320854187,3.0299999713897705,3.109999895095825,3.0299999713897705,3.059999942779541,25700
2023-09-29,2.557316303253174,3.0350000858306885,3.174999952316284,3.0,3.115999937057495,42700
2023-10-02,2.5615291595458984,3.0399999618530273,3.0899999141693115,2.9100000858306885,3.049999952316284,29300
2023-10-03,2.5615291595458984,3.0399999618530273,3.119999885559082,3.0,3.119999885559082,2200
2023-10-04,2.5615291595458984,3.0399999618530273,3.0899999141693115,3.0,3.0,5800
2023-10-05,2.5362513065338135,3.009999990463257,3.109999895095825,2.9749999046325684,3.049999952316284,17900
2023-10-06,2.6120858192443848,3.0999999046325684,3.109999895095825,3.0299999713897705,3.1089999675750732,1300
2023-10-09,2.679494619369507,3.180000066757202,3.200000047683716,3.059999942779541,3.140000104904175,4400
2023-10-10,2.662642478942871,3.1600000858306885,3.200000047683716,3.140000104904175,3.180000066757202,2900
2023-10-11,2.6542165279388428,3.1500000953674316,3.190000057220459,3.0999999046325684,3.190000057220459,11300
2023-10-12,2.679494619369507,3.180000066757202,3.180000066757202,3.119999885559082,3.1500000953674316,4400
2023-10-13,2.5868077278137207,3.069999933242798,3.180000066757202,3.0399999618530273,3.109999895095825,5400
2023-10-16,2.6120858192443848,3.0999999046325684,3.200000047683716,3.0199999809265137,3.0199999809265137,19000
2023-10-17,2.620512008666992,3.109999895095825,3.2200000286102295,2.990000009536743,3.059999942779541,23700
2023-10-18,2.620512008666992,3.109999895095825,3.140000104904175,3.109999895095825,3.140000104904175,700
2023-10-19,2.63399338722229,3.125999927520752,3.1659998893737793,3.0799999237060547,3.1659998893737793,2400
2023-10-20,2.6120858192443848,3.0999999046325684,3.109999895095825,3.069999933242798,3.0999999046325684,5900
2023-10-23,2.6036596298217773,3.0899999141693115,3.0999999046325684,3.069999933242798,3.0999999046325684,5500
2023-10-24,2.6162989139556885,3.1050000190734863,3.1500000953674316,3.0350000858306885,3.0999999046325684,12900
2023-10-25,2.6120858192443848,3.0999999046325684,3.109999895095825,3.0399999618530273,3.1050000190734863,16200
2023-10-26,2.6120858192443848,3.0999999046325684,3.1440000534057617,3.0950000286102295,3.1440000534057617,4500
2023-10-27,2.6120858192443848,3.0999999046325684,3.1600000858306885,3.068000078201294,3.0999999046325684,10100
2023-10-30,2.6542165279388428,3.1500000953674316,3.1500000953674316,3.049999952316284,3.0999999046325684,10300
2023-10-31,2.637364387512207,3.130000114440918,3.369999885559082,3.069999933242798,3.069999933242798,900
2023-11-01,2.6424195766448975,3.135999917984009,3.25,3.109999895095825,3.2100000381469727,4300
2023-11-02,2.679494619369507,3.180000066757202,3.2230000495910645,3.130000114440918,3.140000104904175,5400
2023-11-03,2.704773187637329,3.2100000381469727,3.299999952316284,3.1600000858306885,3.2699999809265137,11000
2023-11-06,2.71319842338562,3.2200000286102295,3.309999942779541,3.1500000953674316,3.1700000762939453,6300
2023-11-07,2.71319842338562,3.2200000286102295,3.430000066757202,3.140000104904175,3.1500000953674316,7100
2023-11-08,2.6963462829589844,3.200000047683716,3.2200000286102295,3.1500000953674316,3.2200000286102295,2700
2023-11-09,2.679494619369507,3.180000066757202,3.200000047683716,3.059999942779541,3.200000047683716,20900
2023-11-10,2.679494619369507,3.180000066757202,3.2799999713897705,3.1410000324249268,3.2060000896453857,38900
2023-11-13,2.516841411590576,2.940000057220459,3.2799999713897705,2.9100000858306885,3.2799999713897705,29200
2023-11-14,2.516841411590576,2.940000057220459,2.940000057220459,2.8499999046325684,2.859999895095825,28200
2023-11-15,2.456916570663452,2.869999885559082,2.9000000953674316,2.8299999237060547,2.9000000953674316,14100
2023-11-16,2.4825990200042725,2.9000000953674316,2.9000000953674316,2.8949999809265137,2.9000000953674316,3900
2023-11-17,2.4825990200042725,2.9000000953674316,3.000999927520752,2.890000104904175,2.9200000762939453,10800
2023-11-20,2.475750207901001,2.8919999599456787,2.9000000953674316,2.7699999809265137,2.9000000953674316,11600
2023-11-21,2.4397950172424316,2.8499999046325684,2.950000047683716,2.819999933242798,2.819999933242798,4500
2023-11-22,2.457772731781006,2.871000051498413,2.9000000953674316,2.809999942779541,2.8919999599456787,20100
2023-11-24,2.465477466583252,2.880000114440918,2.9000000953674316,2.869999885559082,2.9000000953674316,10600
2023-11-27,2.465477466583252,2.880000114440918,2.9000000953674316,2.880000114440918,2.9000000953674316,14800
2023-11-28,2.525402069091797,2.950000047683716,2.9700000286102295,2.859999895095825,2.880000114440918,49500
2023-11-29,2.3884310722351074,2.7899999618530273,2.9590001106262207,2.7799999713897705,2.930000066757202,40000
2023-11-30,2.4483559131622314,2.859999895095825,2.950000047683716,2.7899999618530273,2.950000047683716,3200
2023-12-01,2.4012722969055176,2.805000066757202,2.859999895095825,2.799999952316284,2.859999895095825,13700
2023-12-04,2.451780319213867,2.864000082015991,2.9000000953674316,2.809999942779541,2.809999942779541,30100
2023-12-05,2.4397950172424316,2.8499999046325684,2.8580000400543213,2.8499999046325684,2.8580000400543213,2800
2023-12-06,2.415825128555298,2.822000026702881,2.8499999046325684,2.819999933242798,2.8499999046325684,10200
2023-12-07,2.428666353225708,2.8369998931884766,2.8399999141693115,2.802000045776367,2.8399999141693115,6500
2023-12-08,2.4911599159240723,2.9100000858306885,2.934999942779541,2.799999952316284,2.799999952316284,48400
2023-12-11,2.4483559131622314,2.859999895095825,2.9000000953674316,2.819999933242798,2.859999895095825,9000
2023-12-12,2.4825990200042725,2.9000000953674316,2.9489998817443848,2.809999942779541,2.809999942779541,18600
2023-12-13,2.465477466583252,2.880000114440918,2.934999942779541,2.8399999141693115,2.8399999141693115,11400
2023-12-14,2.585326910018921,3.0199999809265137,3.0799999237060547,2.9000000953674316,2.9000000953674316,33400
2023-12-15,2.636690855026245,3.0799999237060547,3.0799999237060547,2.9700000286102295,3.0199999809265137,11100
2023-12-18,2.516841411590576,2.940000057220459,3.1519999504089355,2.940000057220459,3.0899999141693115,40100
2023-12-19,2.6024484634399414,3.0399999618530273,3.180000066757202,2.950000047683716,2.950000047683716,22000
2023-12-20,2.6281306743621826,3.069999933242798,3.180000066757202,3.065000057220459,3.119999885559082,25600
2023-12-21,2.670933485031128,3.119999885559082,3.200000047683716,3.069999933242798,3.069999933242798,34600
2023-12-22,2.6409714221954346,3.0850000381469727,3.109999895095825,3.069999933242798,3.069999933242798,16200
2023-12-26,2.645251512527466,3.0899999141693115,3.0999999046325684,3.069999933242798,3.069999933242798,6500
2023-12-27,2.611009120941162,3.049999952316284,3.0999999046325684,3.0,3.069999933242798,67800
2023-12-28,2.6152894496917725,3.055000066757202,3.0999999046325684,3.0,3.0999999046325684,13900
2023-12-29,2.6666533946990967,3.115000009536743,3.119999885559082,3.0299999713897705,3.049999952316284,24200
2024-01-02,2.6966159343719482,3.1500000953674316,3.187999963760376,3.0999999046325684,3.1600000858306885,9900
2024-01-03,2.7222979068756104,3.180000066757202,3.190000057220459,3.1500000953674316,3.1500000953674316,3900
2024-01-04,2.670933485031128,3.119999885559082,3.1600000858306885,3.009999990463257,3.1500000953674316,16800
2024-01-05,2.6880555152893066,3.140000104904175,3.180000066757202,3.13700008392334,3.1600000858306885,3100
2024-01-08,2.6923351287841797,3.1449999809265137,3.180000066757202,3.125,3.180000066757202,3400
2024-01-09,2.679494619369507,3.130000114440918,3.1740000247955322,3.0999999046325684,3.1459999084472656,5400
2024-01-10,2.663228988647461,3.1110000610351562,3.119999885559082,3.0799999237060547,3.0799999237060547,6700
2024-01-11,2.585326910018921,3.0199999809265137,3.0799999237060547,3.000999927520752,3.0799999237060547,9600
2024-01-12,2.5767662525177,3.009999990463257,3.049999952316284,3.0,3.0399999618530273,5500
2024-01-16,2.5339629650115967,2.9600000381469727,3.0250000953674316,2.9600000381469727,3.002000093460083,14700
2024-01-17,2.525402069091797,2.950000047683716,3.049999952316284,2.9210000038146973,3.049999952316284,9600
2024-01-18,2.525402069091797,2.950000047683716,3.0399999618530273,2.930000066757202,3.0399999618530273,2800
2024-01-19,2.5339629650115967,2.9600000381469727,3.0,2.9200000762939453,3.0,18600
2024-01-22,2.5510847568511963,2.9800000190734863,2.990000009536743,2.9800000190734863,2.990000009536743,2500
2024-01-23,2.559644937515259,2.990000009536743,3.000999927520752,2.9749999046325684,2.990000009536743,12500
2024-01-24,2.5510847568511963,2.9800000190734863,3.009999990463257,2.9700000286102295,2.990000009536743,17900
2024-01-25,2.5682053565979004,3.0,3.009999990463257,2.9800000190734863,3.009999990463257,5300
2024-01-26,2.5938875675201416,3.0299999713897705,3.059000015258789,2.9800000190734863,3.0,28900
2024-01-29,2.5682053565979004,3.0,3.0899999141693115,2.9730000495910645,2.9730000495910645,8400
2024-01-30,2.606729030609131,3.0450000762939453,3.0899999141693115,2.9649999141693115,2.9700000286102295,18100
2024-01-31,2.6281306743621826,3.069999933242798,3.0899999141693115,2.9600000381469727,2.9600000381469727,9300
2024-02-01,2.6538121700286865,3.0999999046325684,3.0999999046325684,3.0399999618530273,3.049999952316284,9200
2024-02-02,2.670933485031128,3.119999885559082,3.130000114440918,3.075000047683716,3.075000047683716,12700
2024-02-05,2.7137370109558105,3.1700000762939453,3.2279999256134033,3.0899999141693115,3.119999885559082,27500
2024-02-06,2.7394192218780518,3.200000047683716,3.200000047683716,3.130000114440918,3.130000114440918,9000
2024-02-07,2.619570255279541,3.059999942779541,3.190000057220459,3.0299999713897705,3.0899999141693115,34600
2024-02-08,2.6623728275299072,3.109999895095825,3.2200000286102295,3.0,3.2200000286102295,12900
2024-02-09,2.730858564376831,3.190000057220459,3.2100000381469727,3.109999895095825,3.109999895095825,6900
2024-02-12,2.765101671218872,3.2300000190734863,3.2699999809265137,3.1600000858306885,3.1600000858306885,7800
2024-02-13,2.7137370109558105,3.1700000762939453,3.2699999809265137,3.140000104904175,3.140000104904175,18500
2024-02-14,2.7222979068756104,3.180000066757202,3.180000066757202,3.1500000953674316,3.1500000953674316,10200
2024-02-15,2.7222979068756104,3.130000114440918,3.1649999618530273,3.075000047683716,3.130000114440918,14100
2024-02-16,2.6875081062316895,3.0899999141693115,3.119999885559082,3.059999942779541,3.119999885559082,6500
2024-02-20,2.6701133251190186,3.069999933242798,3.0899999141693115,3.0,3.002000093460083,11600
2024-02-21,2.6875081062316895,3.0899999141693115,3.0999999046325684,3.0,3.069999933242798,11700
2024-02-22,2.6788108348846436,3.0799999237060547,3.0899999141693115,3.009999990463257,3.049999952316284,10400
2024-02-23,2.6527185440063477,3.049999952316284,3.0799999237060547,3.0380001068115234,3.0799999237060547,23200
2024-02-26,2.6788108348846436,3.0799999237060547,3.0799999237060547,3.0399999618530273,3.0399999618530273,6700
2024-02-27,2.6962053775787354,3.0999999046325684,3.0999999046325684,3.049999952316284,3.069999933242798,6700
2024-02-28,2.6092309951782227,3.0,3.1010000705718994,3.0,3.059999942779541,58600
2024-02-29,2.6092309951782227,3.0,3.1050000190734863,2.8529999256134033,3.1050000190734863,34800
2024-03-01,2.53965163230896,2.9200000762939453,3.0989999771118164,2.890000104904175,2.9600000381469727,31000
2024-03-04,2.574441909790039,2.9600000381469727,3.0,2.869999885559082,3.0,17600
2024-03-05,2.583138942718506,2.9700000286102295,3.0,2.921999931335449,2.9549999237060547,10400
2024-03-06,2.565744161605835,2.950000047683716,3.0,2.927999973297119,2.9700000286102295,12800
2024-03-07,2.557046413421631,2.940000057220459,2.990000009536743,2.9000000953674316,2.990000009536743,6700
2024-03-08,2.557046413421631,2.940000057220459,2.990000009536743,2.9100000858306885,2.940999984741211,1900
2024-03-11,2.565744161605835,2.950000047683716,2.996000051498413,2.9100000858306885,2.9100000858306885,4900
2024-03-12,2.530954599380493,2.9100000858306885,3.0,2.859999895095825,2.990000009536743,17500
2024-03-13,2.6092309951782227,3.0,3.0,2.9200000762939453,2.937000036239624,16100
2024-03-14,2.5474796295166016,2.928999900817871,2.940000057220459,2.928999900817871,2.937999963760376,4200
2024-03-15,2.522256851196289,2.9000000953674316,2.990000009536743,2.9000000953674316,2.990000009536743,12800
2024-03-18,2.522256851196289,2.9000000953674316,2.9690001010894775,2.890000104904175,2.890000104904175,7700
2024-03-19,2.5048623085021973,2.880000114440918,2.950000047683716,2.869999885559082,2.940000057220459,13500
2024-03-20,2.574441909790039,2.9600000381469727,2.990000009536743,2.890000104904175,2.9000000953674316,7300
2024-03-21,2.557046413421631,2.940000057220459,2.990000009536743,2.9100000858306885,2.9100000858306885,4300
2024-03-22,2.59183669090271,2.9800000190734863,2.9800000190734863,2.940000057220459,2.940000057220459,6300
2024-03-25,2.6092309951782227,3.0,3.059999942779541,2.924999952316284,2.950000047683716,14500
2024-03-26,2.6353235244750977,3.0299999713897705,3.0450000762939453,2.9800000190734863,3.0,17900
2024-03-27,2.65706729888916,3.055000066757202,3.069999933242798,3.0299999713897705,3.061000108718872,4400
2024-03-28,2.6614158153533936,3.059999942779541,3.0999999046325684,3.0250000953674316,3.0250000953674316,5700
2024-04-01,2.6788108348846436,3.0799999237060547,3.0999999046325684,3.049999952316284,3.049999952316284,7900
2024-04-02,2.6788108348846436,3.0799999237060547,3.0920000076293945,3.049999952316284,3.0799999237060547,9700
2024-04-03,2.7222979068756104,3.130000114440918,3.130000114440918,3.069999933242798,3.0799999237060547,7900
2024-04-04,2.7049033641815186,3.109999895095825,3.180000066757202,3.1010000705718994,3.180000066757202,4600
2024-04-05,2.7309956550598145,3.140000104904175,3.1700000762939453,3.0999999046325684,3.1700000762939453,1900
2024-04-08,2.6440210342407227,3.0399999618530273,3.109999895095825,2.950000047683716,3.0799999237060547,24500
2024-04-09,2.6701133251190186,3.069999933242798,3.0999999046325684,3.009999990463257,3.009999990463257,10300
2024-04-10,2.6788108348846436,3.0799999237060547,3.0899999141693115,3.0399999618530273,3.0899999141693115,11300
2024-04-11,2.6527185440063477,3.049999952316284,3.1500000953674316,3.0199999809265137,3.1500000953674316,27700
2024-04-12,2.6414120197296143,3.0369999408721924,3.1500000953674316,2.9769999980926514,3.140000104904175,11400
2024-04-15,2.59183669090271,2.9800000190734863,3.0799999237060547,2.9800000190734863,3.009999990463257,15700
2024-04-16,2.6005337238311768,2.990000009536743,2.990000009536743,2.950000047683716,2.9600000381469727,9300
2024-04-17,2.574441909790039,2.9600000381469727,2.990000009536743,2.9170000553131104,2.9170000553131104,11500
2024-04-18,2.583138942718506,2.9700000286102295,2.9800000190734863,2.9649999141693115,2.9700000286102295,3800
2024-04-19,2.565744161605835,2.950000047683716,2.990000009536743,2.9110000133514404,2.990000009536743,2400
2024-04-22,2.5787901878356934,2.9649999141693115,2.990000009536743,2.950000047683716,2.990000009536743,2700
2024-04-23,2.6092309951782227,3.0,3.009999990463257,2.950000047683716,2.9600000381469727,4800
2024-04-24,2.67446231842041,3.075000047683716,3.119999885559082,3.0,3.0,2100
2024-04-25,2.6527185440063477,3.049999952316284,3.0899999141693115,3.0199999809265137,3.069999933242798,11100
2024-04-26,2.6440210342407227,3.0399999618530273,3.0399999618530273,3.0199999809265137,3.0299999713897705,4000
2024-04-29,2.6962053775787354,3.0999999046325684,3.0999999046325684,3.049999952316284,3.0999999046325684,14400
2024-04-30,2.6875081062316895,3.0899999141693115,3.109999895095825,3.0450000762939453,3.109999895095825,2700
2024-05-01,2.7309956550598145,3.140000104904175,3.1500000953674316,3.0399999618530273,3.0399999618530273,4800
2024-05-02,2.7396931648254395,3.1500000953674316,3.1600000858306885,3.119999885559082,3.140000104904175,4700
2024-05-03,2.7222979068756104,3.130000114440918,3.1540000438690186,3.130000114440918,3.140000104904175,9900
2024-05-06,2.7309956550598145,3.140000104904175,3.1600000858306885,3.140000104904175,3.1600000858306885,1600
2024-05-07,2.6527185440063477,3.049999952316284,3.140000104904175,3.0,3.119999885559082,55100
2024-05-08,2.7396931648254395,3.1500000953674316,3.1600000858306885,3.0399999618530273,3.049999952316284,7700
2024-05-09,2.6962053775787354,3.0999999046325684,3.1500000953674316,3.0999999046325684,3.119999885559082,2600
2024-05-10,2.6962053775787354,3.0999999046325684,3.140000104904175,3.0799999237060547,3.0799999237060547,2600
2024-05-13,2.6875081062316895,3.0899999141693115,3.0899999141693115,3.0199999809265137,3.0799999237060547,6700
2024-05-14,2.67446231842041,3.075000047683716,3.109999895095825,3.059999942779541,3.059999942779541,15600
2024-05-15,2.6962053775787354,3.0999999046325684,3.0999999046325684,3.0510001182556152,3.0799999237060547,12400
2024-05-16,2.6875081062316895,3.0899999141693115,3.109999895095825,2.9700000286102295,3.0299999713897705,7000
2024-05-17,2.6875081062316895,3.0899999141693115,3.109999895095825,3.0799999237060547,3.109999895095825,2500
2024-05-20,2.6962053775787354,3.0999999046325684,3.109999895095825,3.0299999713897705,3.109999895095825,8500
2024-05-21,2.691856861114502,3.0950000286102295,3.0999999046325684,3.0899999141693115,3.0899999141693115,8600
2024-05-22,2.6962053775787354,3.0999999046325684,3.109999895095825,3.0299999713897705,3.0299999713897705,10400
2024-05-23,2.65706729888916,3.055000066757202,3.0999999046325684,3.055000066757202,3.059999942779541,9000
2024-05-24,2.6701133251190186,3.069999933242798,3.0999999046325684,3.0399999618530273,3.0999999046325684,5600
2024-05-28,2.6440210342407227,3.0399999618530273,3.0899999141693115,3.0299999713897705,3.0299999713897705,7700
2024-05-29,2.6266262531280518,3.0199999809265137,3.0799999237060547,3.005000114440918,3.005000114440918,5500
2024-05-30,2.6353235244750977,3.0299999713897705,3.0399999618530273,3.0299999713897705,3.0299999713897705,2300
2024-05-31,2.6795408725738525,3.0299999713897705,3.059999942779541,3.0299999713897705,3.0299999713897705,2700
2024-06-03,2.6972272396087646,3.049999952316284,3.049999952316284,3.009999990463257,3.049999952316284,7200
2024-06-04,2.6883840560913086,3.0399999618530273,3.059999942779541,3.015000104904175,3.049999952316284,10700
2024-06-05,2.6972272396087646,3.049999952316284,3.059999942779541,2.9189999103546143,3.0230000019073486,13000
2024-06-06,2.6530098915100098,3.0,3.059999942779541,3.0,3.049999952316284,2000
2024-06-07,2.680424690246582,3.0309998989105225,3.059999942779541,2.9700000286102295,2.9700000286102295,2800
2024-06-10,2.6795408725738525,3.0299999713897705,3.049999952316284,3.009999990463257,3.009999990463257,4000
2024-06-11,2.6972272396087646,3.049999952316284,3.049999952316284,2.934000015258789,3.0399999618530273,4700
2024-06-12,2.6972272396087646,3.049999952316284,3.049999952316284,3.009999990463257,3.009999990463257,3200
2024-06-13,2.6530098915100098,3.0,3.0399999618530273,2.950000047683716,3.0399999618530273,17800
2024-06-14,2.6618540287017822,3.009999990463257,3.0399999618530273,2.940000057220459,2.9600000381469727,13100
2024-06-17,2.6618540287017822,3.009999990463257,3.009999990463257,2.990000009536743,2.990000009536743,1000
2024-06-18,2.6530098915100098,3.0,3.0,2.950000047683716,2.950000047683716,3900
2024-06-20,2.6883840560913086,3.0399999618530273,3.0399999618530273,2.9519999027252197,2.9600000381469727,4600
2024-06-21,2.6972272396087646,3.049999952316284,3.049999952316284,2.994999885559082,3.009999990463257,20500
2024-06-24,2.6706972122192383,3.0199999809265137,3.0199999809265137,3.009999990463257,3.0199999809265137,5500
2024-06-25,2.6972272396087646,3.049999952316284,3.049999952316284,3.0199999809265137,3.0199999809265137,2700
2024-06-26,2.6618540287017822,3.009999990463257,3.049999952316284,3.009999990463257,3.009999990463257,4900
2024-06-27,2.6530098915100098,3.0,3.0,2.880000114440918,2.880000114440918,11800
2024-06-28,2.6972272396087646,3.049999952316284,3.049999952316284,2.9200000762939453,3.0,4900
2024-07-01,2.5911073684692383,2.930000066757202,3.0799999237060547,2.9000000953674316,3.0799999237060547,26100
2024-07-02,2.573420286178589,2.9100000858306885,3.0299999713897705,2.880000114440918,2.880000114440918,15900
2024-07-03,2.6353237628936768,2.9800000190734863,2.9800000190734863,2.9200000762939453,2.9200000762939453,4800
2024-07-05,2.6087937355041504,2.950000047683716,3.0,2.9000000953674316,3.0,18000
2024-07-08,2.6247119903564453,2.9679999351501465,2.9800000190734863,2.880000114440918,2.880000114440918,8200
2024-07-09,2.582263231277466,2.9200000762939453,2.950000047683716,2.9200000762939453,2.927000045776367,1700
2024-07-10,2.599950075149536,2.940000057220459,2.9800000190734863,2.9000000953674316,2.9700000286102295,3400
2024-07-11,2.582263231277466,2.9200000762939453,2.950000047683716,2.9000000953674316,2.9000000953674316,3300
2024-07-12,2.6087937355041504,2.950000047683716,2.950000047683716,2.9000000953674316,2.9000000953674316,2400
2024-07-15,2.6353237628936768,2.9800000190734863,3.0,2.9539999961853027,2.9600000381469727,13100
2024-07-16,2.6485886573791504,2.994999885559082,3.0,2.9700000286102295,2.9700000286102295,58300
2024-07-17,2.6530098915100098,3.0,3.0,2.9800000190734863,2.9800000190734863,2800
2024-07-18,2.644166946411133,2.990000009536743,3.0,2.9700000286102295,3.0,1400
2024-07-19,2.6353237628936768,2.9800000190734863,3.0,2.9700000286102295,3.0,1100
2024-07-22,2.6530098915100098,3.0,3.0,2.9600000381469727,2.9600000381469727,1600
2024-07-23,2.6530098915100098,3.0,3.0,2.9800000190734863,3.0,900
2024-07-24,2.6043715476989746,2.944999933242798,2.9800000190734863,2.890000104904175,2.9800000190734863,9600
2024-07-25,2.6087937355041504,2.950000047683716,2.984999895095825,2.944999933242798,2.9800000190734863,14200
2024-07-26,2.732600688934326,3.0899999141693115,3.109999895095825,2.940000057220459,2.950000047683716,35800
2024-07-29,2.6751186847686768,3.0250000953674316,3.059999942779541,3.0199999809265137,3.0199999809265137,5000
2024-07-30,2.6786558628082275,3.0290000438690186,3.069999933242798,3.0199999809265137,3.069999933242798,2800
2024-07-31,2.6972272396087646,3.049999952316284,3.0850000381469727,3.0450000762939453,3.069999933242798,4200
2024-08-01,2.6972272396087646,3.049999952316284,3.069999933242798,3.0199999809265137,3.049999952316284,1900
2024-08-02,2.6264803409576416,2.9700000286102295,3.0199999809265137,2.9700000286102295,3.0199999809265137,2000
2024-08-05,2.5875697135925293,2.9260001182556152,2.950000047683716,2.799999952316284,2.9200000762939453,36200
2024-08-06,2.622058629989624,2.9649999141693115,2.9700000286102295,2.700000047683716,2.950000047683716,16900
2024-08-07,2.5645768642425537,2.9000000953674316,3.0,2.75,2.9100000858306885,30000
2024-08-08,2.6353237628936768,2.9800000190734863,2.990000009536743,2.8499999046325684,2.931999921798706,5800
2024-08-09,2.5866851806640625,2.924999952316284,2.9700000286102295,2.880000114440918,2.880000114440918,3800
2024-08-12,2.573420286178589,2.9100000858306885,2.9700000286102295,2.880000114440918,2.880000114440918,6500
2024-08-13,2.45845627784729,2.7799999713897705,2.890000104904175,2.680000066757202,2.880000114440918,82700
2024-08-14,2.5159385204315186,2.8450000286102295,2.8450000286102295,2.759999990463257,2.7699999809265137,5700
2024-08-15,2.5557334423065186,2.890000104904175,2.950000047683716,2.815000057220459,2.950000047683716,5300
2024-08-16,2.5557332038879395,2.8399999141693115,2.9100000858306885,2.805000066757202,2.880000114440918,7800
2024-08-19,2.596229076385498,2.884999990463257,2.890000104904175,2.8450000286102295,2.869999885559082,5500
2024-08-20,2.5737314224243164,2.859999895095825,2.9000000953674316,2.859999895095825,2.890000104904175,12400
2024-08-21,2.645723819732666,2.940000057220459,2.950000047683716,2.880000114440918,2.9000000953674316,8900
2024-08-22,2.6547229290008545,2.950000047683716,2.9649999141693115,2.9100000858306885,2.9649999141693115,13900
2024-08-23,2.71321702003479,3.015000104904175,3.015000104904175,2.950000047683716,2.950000047683716,26900
2024-08-26,2.6997179985046387,3.0,3.0,2.950000047683716,2.9700000286102295,4800
2024-08-27,2.6907191276550293,2.990000009536743,2.990000009536743,2.940000057220459,2.950000047683716,2000
2024-08-28,2.6853199005126953,2.9839999675750732,3.0,2.940000057220459,2.940000057220459,6800
2024-08-29,2.6808204650878906,2.9790000915527344,2.9800000190734863,2.930000066757202,2.946000099182129,4800
2024-08-30,2.6808204650878906,2.9790000915527344,2.9790000915527344,2.9790000915527344,2.9790000915527344,300
2024-09-03,2.600728750228882,2.890000104904175,2.930000066757202,2.864000082015991,2.930000066757202,3100
2024-09-04,2.5827300548553467,2.869999885559082,2.934999942779541,2.8399999141693115,2.934999942779541,5100
2024-09-05,2.609727621078491,2.9000000953674316,2.9200000762939453,2.9000000953674316,2.9200000762939453,700
2024-09-06,2.6232264041900635,2.9149999618530273,2.9200000762939453,2.8499999046325684,2.880000114440918,2800
2024-09-09,2.6547229290008545,2.950000047683716,2.9700000286102295,2.950000047683716,2.9700000286102295,1100
2024-09-10,2.6997179985046387,3.0,3.0,2.940000057220459,2.9769999980926514,3500
2024-09-11,2.6997179985046387,3.0,3.0,2.859999895095825,2.859999895095825,13300
2024-09-12,2.6853199005126953,2.9839999675750732,3.0,2.924999952316284,2.990000009536743,12300
2024-09-13,2.6997179985046387,3.0,3.0,2.984999895095825,3.0,1200
2024-09-16,2.6997179985046387,3.0,3.0,2.9200000762939453,2.990000009536743,2800
2024-09-17,2.6907191276550293,2.990000009536743,3.0199999809265137,2.880000114440918,2.990000009536743,17100
2024-09-18,2.68172025680542,2.9800000190734863,3.049999952316284,2.9700000286102295,3.0350000858306885,10700
2024-09-19,2.68172025680542,2.9800000190734863,3.049999952316284,2.9549999237060547,3.049999952316284,9700
2024-09-20,2.744713544845581,3.049999952316284,3.049999952316284,2.9100000858306885,3.000999927520752,55700
2024-09-23,2.663722276687622,2.9600000381469727,3.0199999809265137,2.9200000762939453,3.009999990463257,9400
2024-09-24,2.5917296409606934,2.880000114440918,3.0250000953674316,2.8499999046325684,2.9519999027252197,11000
2024-09-25,2.618726968765259,2.9100000858306885,2.9700000286102295,2.890000104904175,2.9700000286102295,8500
2024-09-26,2.663722276687622,2.9600000381469727,2.9600000381469727,2.950000047683716,2.9600000381469727,900
2024-09-27,2.645723819732666,2.940000057220459,2.940000057220459,2.930000066757202,2.930000066757202,4700
2024-09-30,2.7087175846099854,3.009999990463257,3.009999990463257,2.9100000858306885,2.9100000858306885,10700
2024-10-01,2.7141170501708984,3.0160000324249268,3.0390000343322754,2.9800000190734863,3.0390000343322754,2400
2024-10-02,2.6997179985046387,3.0,3.0269999504089355,2.9800000190734863,2.9800000190734863,1100
2024-10-03,2.6907191276550293,2.990000009536743,3.0329999923706055,2.950000047683716,2.984999895095825,7300
2024-10-04,2.6907191276550293,2.990000009536743,3.0299999713897705,2.950000047683716,2.950000047683716,4200
2024-10-07,2.609727621078491,2.9000000953674316,2.990000009536743,2.859999895095825,2.990000009536743,30300
2024-10-08,2.609727621078491,2.9000000953674316,3.0299999713897705,2.9000000953674316,3.0299999713897705,7900
2024-10-09,2.6367251873016357,2.930000066757202,2.930000066757202,2.9100000858306885,2.924999952316284,3300
2024-10-10,2.645723819732666,2.940000057220459,3.0199999809265137,2.8499999046325684,2.8499999046325684,2600
2024-10-11,2.6727211475372314,2.9700000286102295,3.052000045776367,2.930000066757202,2.930000066757202,13000
2024-10-14,2.6997179985046387,3.0,3.0399999618530273,3.0,3.0399999618530273,900
2024-10-15,2.7357146739959717,3.0399999618530273,3.0399999618530273,3.0399999618530273,3.0399999618530273,200
2024-10-16,2.744713544845581,3.049999952316284,3.062000036239624,3.0,3.0,4700
2024-10-17,2.7267158031463623,3.0299999713897705,3.059999942779541,3.0,3.01200008392334,5500
2024-10-18,2.744713544845581,3.049999952316284,3.059999942779541,2.990000009536743,2.990000009536743,1900
2024-10-21,2.6997179985046387,3.0,3.0799999237060547,3.0,3.0799999237060547,800
2024-10-22,2.7357146739959717,3.0399999618530273,3.063999891281128,2.9579999446868896,2.9579999446868896,14400
2024-10-23,2.744713544845581,3.049999952316284,3.069999933242798,3.0139999389648438,3.052999973297119,3800
2024-10-24,2.744713544845581,3.049999952316284,3.0899999141693115,2.990000009536743,2.990000009536743,8900
2024-10-25,2.7042179107666016,3.005000114440918,3.065999984741211,2.940000057220459,2.940000057220459,9300
2024-10-28,2.725815534591675,3.0290000438690186,3.069999933242798,2.9700000286102295,3.0,8900
2024-10-29,2.7267158031463623,3.0299999713897705,3.069999933242798,2.930000066757202,2.930000066757202,14300
2024-10-30,2.7267158031463623,3.0299999713897705,3.059999942779541,2.990000009536743,3.059999942779541,4200
2024-10-31,2.7357146739959717,3.0399999618530273,3.0399999618530273,2.9639999866485596,2.9639999866485596,500
2024-11-01,2.7357146739959717,3.0399999618530273,3.059999942779541,3.0230000019073486,3.059999942779541,4500
2024-11-04,2.6970183849334717,2.996999979019165,3.0199999809265137,2.9649999141693115,3.009999990463257,12500
2024-11-05,2.6907191276550293,2.990000009536743,3.049999952316284,2.9639999866485596,3.0,8400
2024-11-06,2.7087175846099854,3.009999990463257,3.0869998931884766,2.990000009536743,3.0759999752044678,23900
2024-11-07,2.6907191276550293,2.990000009536743,2.990000009536743,2.9000000953674316,2.9700000286102295,5000
2024-11-08,2.7177164554595947,3.0199999809265137,3.0199999809265137,2.990000009536743,2.994999885559082,3600
2024-11-11,2.6997179985046387,3.0,3.0420000553131104,2.924999952316284,3.0299999713897705,7300
2024-11-12,3.0056865215301514,3.3399999141693115,3.3499999046325684,3.0399999618530273,3.0399999618530273,90700
2024-11-13,3.0011868476867676,3.3350000381469727,3.4630000591278076,3.259999990463257,3.3399999141693115,38400
2024-11-14,2.9696900844573975,3.299999952316284,3.424999952316284,3.259999990463257,3.424999952316284,10000
2024-11-15,2.9696900844573975,3.299999952316284,3.3499999046325684,3.1500000953674316,3.2699999809265137,8300
2024-11-18,2.9516918659210205,3.2799999713897705,3.3399999141693115,3.1600000858306885,3.3299999237060547,13500
2024-11-19,2.960690975189209,3.2899999618530273,3.299999952316284,3.2699999809265137,3.2799999713897705,5300
2024-11-20,2.960690975189209,3.2899999618530273,3.299999952316284,3.240000009536743,3.2799999713897705,38700
2024-11-21,2.996687173843384,3.3299999237060547,3.3310000896453857,3.2230000495910645,3.259999990463257,47400
2024-11-22,3.069777250289917,3.359999895095825,3.390000104904175,3.265000104904175,3.265000104904175,59800
2024-11-25,3.0240960121154785,3.309999942779541,3.4000000953674316,3.2149999141693115,3.4000000953674316,75700
2024-11-26,3.078913688659668,3.369999885559082,3.380000114440918,3.240000009536743,3.380000114440918,18300
2024-11-27,3.142867088317871,3.440000057220459,3.440000057220459,3.3310000896453857,3.3499999046325684,23500
2024-11-29,3.1154584884643555,3.4100000858306885,3.450000047683716,3.3910000324249268,3.444999933242798,16300
2024-12-02,3.152003288269043,3.450000047683716,3.4600000381469727,3.369999885559082,3.443000078201294,8800
2024-12-03,3.1309900283813477,3.427000045776367,3.430000066757202,3.2799999713897705,3.369999885559082,16300
2024-12-04,3.152003288269043,3.450000047683716,3.4600000381469727,3.4000000953674316,3.4000000953674316,8000
2024-12-05,3.069777250289917,3.359999895095825,3.4700000286102295,3.359999895095825,3.450000047683716,2500
2024-12-06,3.1063225269317627,3.4000000953674316,3.434000015258789,3.299999952316284,3.299999952316284,6200
2024-12-09,3.0469369888305664,3.3350000381469727,3.433000087738037,3.309999942779541,3.4100000858306885,11400
2024-12-10,3.051504611968994,3.3399999141693115,3.359999895095825,3.3299999237060547,3.3499999046325684,5000
2024-12-11,3.142867088317871,3.440000057220459,3.5,3.319999933242798,3.3399999141693115,41900
2024-12-12,3.161139726638794,3.4600000381469727,3.490000009536743,3.424999952316284,3.490000009536743,5600
2024-12-13,3.1337313652038574,3.430000066757202,3.450000047683716,3.4200000762939453,3.450000047683716,10400
2024-12-16,3.1794121265411377,3.4800000190734863,3.4800000190734863,3.4000000953674316,3.4149999618530273,8900
2024-12-17,3.1976850032806396,3.5,3.5850000381469727,3.4230000972747803,3.490000009536743,23700
2024-12-18,3.0332319736480713,3.319999933242798,3.490000009536743,3.2920000553131104,3.490000009536743,9100
2024-12-19,3.1108903884887695,3.4049999713897705,3.434999942779541,3.2799999713897705,3.2799999713897705,17800
2024-12-20,3.1337313652038574,3.430000066757202,3.450000047683716,3.390000104904175,3.4000000953674316,13800
2024-12-23,3.1337313652038574,3.430000066757202,3.440000057220459,3.3499999046325684,3.4000000953674316,42600
2024-12-24,3.1410398483276367,3.437999963760376,3.437999963760376,3.430000066757202,3.430000066757202,800
2024-12-26,3.078913688659668,3.369999885559082,3.446000099182129,3.3299999237060547,3.3299999237060547,24700
2024-12-27,3.1337313652038574,3.430000066757202,3.440000057220459,3.369999885559082,3.369999885559082,5400
2024-12-30,3.141953706741333,3.438999891281128,3.4600000381469727,3.3499999046325684,3.440000057220459,12300
2024-12-31,3.1245946884155273,3.4200000762939453,3.4489998817443848,3.305000066757202,3.440000057220459,14800
2025-01-02,3.1392126083374023,3.436000108718872,3.450000047683716,3.3949999809265137,3.4000000953674316,3200
2025-01-03,3.1337313652038574,3.430000066757202,3.4679999351501465,3.430000066757202,3.440000057220459,1100
2025-01-06,3.161139726638794,3.4600000381469727,3.5199999809265137,3.4100000858306885,3.5199999809265137,7000
2025-01-07,3.1063225269317627,3.4000000953674316,3.440000057220459,3.4000000953674316,3.440000057220459,3000
2025-01-08,3.1063225269317627,3.4000000953674316,3.4200000762939453,3.25,3.4000000953674316,15500
2025-01-10,3.1337313652038574,3.430000066757202,3.430000066757202,3.253000020980835,3.4000000953674316,13800
2025-01-13,3.1154584884643555,3.4100000858306885,3.450000047683716,3.309999942779541,3.4100000858306885,16300
2025-01-14,3.161139726638794,3.4600000381469727,3.4700000286102295,3.4100000858306885,3.4100000858306885,8700
2025-01-15,3.1739304065704346,3.4739999771118164,3.509999990463257,3.434999942779541,3.4549999237060547,17500
2025-01-16,3.1976850032806396,3.5,3.5199999809265137,3.447000026702881,3.5199999809265137,5800
2025-01-17,3.152003288269043,3.450000047683716,3.5399999618530273,3.450000047683716,3.5399999618530273,9300
2025-01-21,3.1976850032806396,3.5,3.5209999084472656,3.4100000858306885,3.450000047683716,25700
2025-01-22,3.1794121265411377,3.4800000190734863,3.5399999618530273,3.450000047683716,3.5399999618530273,15300
2025-01-23,3.215956926345825,3.5199999809265137,3.5199999809265137,3.4800000190734863,3.4800000190734863,4500
2025-01-24,3.1885483264923096,3.490000009536743,3.5250000953674316,3.4000000953674316,3.450000047683716,14400
2025-01-27,3.170275926589966,3.4700000286102295,3.490000009536743,3.4200000762939453,3.4200000762939453,6800
2025-01-28,3.170275926589966,3.4700000286102295,3.4700000286102295,3.450000047683716,3.450000047683716,10600
2025-01-29,3.1976850032806396,3.5,3.5,3.4000000953674316,3.4159998893737793,3800
2025-01-30,3.170275926589966,3.4700000286102295,3.490000009536743,3.359999895095825,3.359999895095825,22800
2025-01-31,3.1839799880981445,3.484999895095825,3.494999885559082,3.390000104904175,3.390000104904175,3000
2025-02-03,3.1245946884155273,3.4200000762939453,3.5,3.384999990463257,3.5,24600
2025-02-04,3.1346445083618164,3.430999994277954,3.4600000381469727,3.4049999713897705,3.4200000762939453,6800
2025-02-05,3.142867088317871,3.440000057220459,3.5199999809265137,3.3399999141693115,3.4000000953674316,30400
2025-02-06,3.142867088317871,3.440000057220459,3.513000011444092,3.365000009536743,3.434999942779541,22100
2025-02-07,3.416954278945923,3.740000009536743,3.740000009536743,3.380000114440918,3.380000114440918,72500
2025-02-10,3.334728479385376,3.6500000953674316,3.8299999237060547,3.549999952316284,3.8299999237060547,41900
2025-02-11,3.3530006408691406,3.6700000762939453,3.799999952316284,3.5199999809265137,3.7899999618530273,37300
2025-02-12,3.3895456790924072,3.7100000381469727,3.7799999713897705,3.619999885559082,3.619999885559082,52100
2025-02-13,3.4763400554656982,3.805000066757202,4.170000076293945,3.7100000381469727,3.7100000381469727,31000
2025-02-14,3.4626352787017822,3.7899999618530273,3.815000057220459,3.634000062942505,3.7200000286102295,36600
2025-02-18,3.490410804748535,3.7699999809265137,3.7790000438690186,3.640000104904175,3.640000104904175,19300
2025-02-19,3.4533770084381104,3.7300000190734863,3.75,3.690000057220459,3.740000009536743,5500
2025-02-20,3.4348604679107666,3.7100000381469727,3.734999895095825,3.619999885559082,3.619999885559082,12200
2025-02-21,3.4209725856781006,3.694999933242798,3.740000009536743,3.5399999618530273,3.6600000858306885,21800
2025-02-24,3.407085418701172,3.680000066757202,3.7200000286102295,3.640000104904175,3.700000047683716,15600
2025-02-25,3.351534843444824,3.619999885559082,3.680000066757202,3.509999990463257,3.5950000286102295,26700
2025-02-26,3.370051622390747,3.640000104904175,3.6700000762939453,3.569999933242798,3.6500000953674316,16800
2025-02-27,3.38856840133667,3.6600000858306885,3.690000057220459,3.5380001068115234,3.5999999046325684,6600
2025-02-28,3.38856840133667,3.6600000858306885,3.684999942779541,3.569999933242798,3.680000066757202,8300
2025-03-03,3.286726236343384,3.549999952316284,3.619999885559082,3.5399999618530273,3.5999999046325684,20700
2025-03-04,3.286726236343384,3.549999952316284,3.5950000286102295,3.549999952316284,3.5950000286102295,6100
2025-03-05,3.3422765731811523,3.609999895095825,3.6500000953674316,3.549999952316284,3.6500000953674316,6500
2025-03-06,3.370051622390747,3.640000104904175,3.640000104904175,3.549999952316284,3.552000045776367,7200
2025-03-07,3.423750162124634,3.697999954223633,3.700000047683716,3.5799999237060547,3.5799999237060547,7400
2025-03-10,3.351534843444824,3.619999885559082,3.674999952316284,3.619999885559082,3.628000020980835,3000
2025-03-11,3.3145012855529785,3.5799999237060547,3.625,3.549999952316284,3.549999952316284,9100
2025-03-12,3.3330180644989014,3.5999999046325684,3.6600000858306885,3.556999921798706,3.625999927520752,3800
2025-03-13,3.3052430152893066,3.569999933242798,3.569999933242798,3.5360000133514404,3.5360000133514404,600
2025-03-14,3.3052430152893066,3.569999933242798,3.609999895095825,3.5,3.549999952316284,6900
2025-03-17,3.286726236343384,3.549999952316284,3.555000066757202,3.5,3.5,13300
2025-03-18,3.3052430152893066,3.569999933242798,3.5899999141693115,3.4210000038146973,3.4210000038146973,2800
2025-03-19,3.286726236343384,3.549999952316284,3.5999999046325684,3.549999952316284,3.5850000381469727,1600
2025-03-20,3.3052430152893066,3.569999933242798,3.5940001010894775,3.569999933242798,3.5940001010894775,11400
2025-03-21,3.3052430152893066,3.569999933242798,3.615000009536743,3.569999933242798,3.572999954223633,15900
2025-03-24,3.277467727661133,3.5399999618530273,3.61899995803833,3.4800000190734863,3.61899995803833,42800
2025-03-25,3.1941423416137695,3.450000047683716,3.5339999198913574,3.450000047683716,3.4700000286102295,37400
2025-03-26,3.1941423416137695,3.450000047683716,3.48799991607666,3.371000051498413,3.450000047683716,36500
2025-03-27,3.2311758995056152,3.490000009536743,3.49399995803833,3.390000104904175,3.450000047683716,10700
2025-03-28,3.175626039505005,3.430000066757202,3.503000020980835,3.4100000858306885,3.503000020980835,6900
2025-03-31,3.147850751876831,3.4000000953674316,3.638000011444092,3.3299999237060547,3.4200000762939453,14100
2025-04-01,3.147850751876831,3.4000000953674316,3.505000114440918,3.3499999046325684,3.3499999046325684,2000
2025-04-02,3.129333734512329,3.380000114440918,3.4000000953674316,3.3399999141693115,3.390000104904175,9100
2025-04-03,2.9534244537353516,3.190000057220459,3.2799999713897705,3.0899999141693115,3.200000047683716,11000
2025-04-04,2.8515822887420654,3.0799999237060547,3.138000011444092,3.0199999809265137,3.069999933242798,8600
2025-04-07,2.7034480571746826,2.9200000762939453,3.0799999237060547,2.864000082015991,2.9800000190734863,25000
2025-04-08,2.7173354625701904,2.934999942779541,3.0199999809265137,2.9200000762939453,3.0199999809265137,19500
2025-04-09,2.8238070011138916,3.049999952316284,3.0799999237060547,2.809999942779541,2.859999895095825,51900
2025-04-10,2.6849312782287598,2.9000000953674316,3.0350000858306885,2.819999933242798,3.0,13900
2025-04-11,2.7219648361206055,2.940000057220459,2.9800000190734863,2.8450000286102295,2.9000000953674316,10300
2025-04-14,2.7265939712524414,2.944999933242798,2.950000047683716,2.9000000953674316,2.950000047683716,14800
2025-04-15,2.7127065658569336,2.930000066757202,3.0,2.890000104904175,2.9000000953674316,30400
2025-04-16,2.6108641624450684,2.819999933242798,2.930000066757202,2.819999933242798,2.930000066757202,18100
2025-04-17,2.6849312782287598,2.9000000953674316,2.9000000953674316,2.819999933242798,2.880000114440918,13500
2025-04-21,2.666414499282837,2.880000114440918,3.0199999809265137,2.869999885559082,2.881999969482422,2400
2025-04-22,2.7034480571746826,2.9200000762939453,2.950000047683716,2.8499999046325684,2.8499999046325684,26100
2025-04-23,2.7034480571746826,2.9200000762939453,2.990000009536743,2.880000114440918,2.990000009536743,10800
2025-04-24,2.7404818534851074,2.9600000381469727,2.9639999866485596,2.9000000953674316,2.9000000953674316,9000
2025-04-25,2.7497398853302,2.9700000286102295,2.9700000286102295,2.859999895095825,2.9100000858306885,28300
2025-04-28,2.7219648361206055,2.940000057220459,2.9700000286102295,2.9000000953674316,2.9000000953674316,12200
2025-04-29,2.7219648361206055,2.940000057220459,3.1010000705718994,2.8910000324249268,2.9100000858306885,58400
2025-04-30,2.7404818534851074,2.9600000381469727,3.115000009536743,2.819999933242798,2.8399999141693115,61000
2025-05-01,2.805290460586548,3.0299999713897705,3.119999885559082,2.869999885559082,2.869999885559082,74800
2025-05-02,2.78214430809021,3.005000114440918,3.1500000953674316,2.9800000190734863,3.059999942779541,30800
2025-05-05,2.8145487308502197,3.0399999618530273,3.0399999618530273,2.9600000381469727,2.9600000381469727,49000
2025-05-06,2.805290460586548,3.0299999713897705,3.061000108718872,3.0,3.0399999618530273,39600
2025-05-07,2.8423235416412354,3.069999933242798,3.200000047683716,3.0399999618530273,3.0789999961853027,108500
2025-05-08,2.934907913208008,3.1700000762939453,3.240000009536743,3.0199999809265137,3.0199999809265137,258000
2025-05-09,2.9904582500457764,3.2300000190734863,3.259999990463257,3.1600000858306885,3.180000066757202,188200
2025-05-12,3.157109022140503,3.4100000858306885,3.424999952316284,3.2300000190734863,3.2899999618530273,179200
2025-05-13,3.2404346466064453,3.5,3.5199999809265137,3.4200000762939453,3.4200000762939453,227500
2025-05-14,3.2126591205596924,3.4700000286102295,3.5350000858306885,3.359999895095825,3.5,337500
2025-05-15,3.046008348464966,3.2899999618530273,3.5199999809265137,3.259999990463257,3.450000047683716,668500
2025-05-16,3.046008348464966,3.2899999618530273,3.359999895095825,3.259999990463257,3.302999973297119,457400
2025-05-19,3.0265657901763916,3.2690000534057617,3.365000009536743,3.2200000286102295,3.309999942779541,466200
2025-05-20,2.934907913208008,3.1700000762939453,3.325000047683716,3.059999942779541,3.25,462100
2025-05-21,2.925649404525757,3.1600000858306885,3.2060000896453857,3.1500000953674316,3.1500000953674316,15100
2025-05-22,2.9904582500457764,3.2300000190734863,3.240000009536743,3.109999895095825,3.180000066757202,123300
2025-05-23,2.9904582500457764,3.2300000190734863,3.309999942779541,3.200000047683716,3.309999942779541,58800
2025-05-27,3.027491569519043,3.2699999809265137,3.2780001163482666,3.1700000762939453,3.2200000286102295,50000
2025-05-28,3.059896230697632,3.305000066757202,3.315000057220459,3.2200000286102295,3.2799999713897705,190200
2025-05-29,3.0691540241241455,3.315000057220459,3.3450000286102295,3.2200000286102295,3.25,45800
2025-05-30,3.0926547050476074,3.2899999618530273,3.3350000381469727,3.234999895095825,3.2699999809265137,59600
2025-06-02,2.998652935028076,3.190000057220459,3.309999942779541,3.109999895095825,3.2699999809265137,258500
2025-06-03,2.9704527854919434,3.1600000858306885,3.25,3.140000104904175,3.1700000762939453,179600
2025-06-04,2.961052417755127,3.1500000953674316,3.200000047683716,3.130000114440918,3.200000047683716,45900
2025-06-05,2.961052417755127,3.1500000953674316,3.25,3.059999942779541,3.140000104904175,79900
2025-06-06,2.9422521591186523,3.130000114440918,3.1640000343322754,3.0999999046325684,3.0999999046325684,37000
2025-06-09,2.944131851196289,3.131999969482422,3.2200000286102295,3.0789999961853027,3.140000104904175,40500
2025-06-10,2.961052417755127,3.1500000953674316,3.190000057220459,3.1500000953674316,3.180000066757202,27400
2025-06-11,2.961052417755127,3.1500000953674316,3.1700000762939453,3.1500000953674316,3.1500000953674316,7600
2025-06-12,3.0738542079925537,3.2699999809265137,3.2899999618530273,3.200000047683716,3.200000047683716,38200
2025-06-13,3.01745343208313,3.2100000381469727,3.2699999809265137,3.194999933242798,3.259999990463257,29500
2025-06-16,3.0362539291381836,3.2300000190734863,3.240000009536743,3.180000066757202,3.180000066757202,37400
2025-06-17,3.08325457572937,3.2799999713897705,3.2899999618530273,3.190000057220459,3.2219998836517334,50600
2025-06-18,3.0738542079925537,3.2699999809265137,3.434000015258789,3.240000009536743,3.2899999618530273,28600
2025-06-20,3.1490557193756104,3.3499999046325684,3.440000057220459,3.200000047683716,3.3499999046325684,67400
2025-06-23,3.026853561401367,3.2200000286102295,3.2699999809265137,3.0299999713897705,3.2200000286102295,180400
2025-06-24,3.1866562366485596,3.390000104904175,3.424999952316284,3.309999942779541,3.309999942779541,120400
2025-06-25,3.1208548545837402,3.319999933242798,3.390000104904175,3.2699999809265137,3.359999895095825,31000
2025-06-26,3.0738542079925537,3.2699999809265137,3.3589999675750732,3.259999990463257,3.319999933242798,17500
2025-06-27,3.08325457572937,3.2799999713897705,3.299999952316284,3.119999885559082,3.119999885559082,21000
2025-06-30,3.0813746452331543,3.2780001163482666,3.3399999141693115,3.23799991607666,3.2899999618530273,26400
2025-07-01,3.08325457572937,3.2799999713897705,3.3299999237060547,3.2660000324249268,3.2799999713897705,8300
2025-07-02,3.0926547050476074,3.2899999618530273,3.316999912261963,3.2200000286102295,3.2200000286102295,7300
2025-07-03,3.1302552223205566,3.3299999237060547,3.3299999237060547,3.3299999237060547,3.3299999237060547,1100
2025-07-07,3.08325457572937,3.2799999713897705,3.321000099182129,3.244999885559082,3.259999990463257,9600
2025-07-08,3.0926547050476074,3.2899999618530273,3.3299999237060547,3.2829999923706055,3.2829999923706055,34700
2025-07-09,3.116154909133911,3.315000057220459,3.3299999237060547,3.259999990463257,3.259999990463257,2400
2025-07-10,3.1302552223205566,3.3299999237060547,3.3299999237060547,3.299999952316284,3.309999942779541,2200
2025-07-11,3.111454963684082,3.309999942779541,3.3299999237060547,3.299999952316284,3.319999933242798,11000
2025-07-14,3.139655590057373,3.3399999141693115,3.3399999141693115,3.2799999713897705,3.2899999618530273,4700
2025-07-15,3.139655590057373,3.3399999141693115,3.4000000953674316,3.315000057220459,3.3480000495910645,64700
2025-07-16,3.1302552223205566,3.3299999237060547,3.369999885559082,3.325000047683716,3.3350000381469727,57700
2025-07-17,3.139655590057373,3.3399999141693115,3.380000114440918,3.3299999237060547,3.3399999141693115,40000
2025-07-18,3.139655590057373,3.3399999141693115,3.374000072479248,3.3299999237060547,3.374000072479248,31400
2025-07-21,3.1490557193756104,3.3499999046325684,3.369999885559082,3.3399999141693115,3.3550000190734863,20300
2025-07-22,3.196056604385376,3.4000000953674316,3.4800000190734863,3.3399999141693115,3.3550000190734863,88500
2025-07-23,3.2336573600769043,3.440000057220459,3.440000057220459,3.3399999141693115,3.4000000953674316,76200
2025-07-24,3.224257230758667,3.430000066757202,3.4600000381469727,3.380000114440918,3.4600000381469727,12400
2025-07-25,3.2524573802948,3.4600000381469727,3.4809999465942383,3.4040000438690186,3.4040000438690186,42400
2025-07-28,3.196056604385376,3.4000000953674316,3.4800000190734863,3.299999952316284,3.4600000381469727,69600
2025-07-29,3.196056604385376,3.4000000953674316,3.428999900817871,3.380000114440918,3.4000000953674316,12500
2025-07-30,3.1772561073303223,3.380000114440918,3.450000047683716,3.380000114440918,3.4100000858306885,28100
2025-07-31,3.1584558486938477,3.359999895095825,3.4100000858306885,3.359999895095825,3.4100000858306885,5100
2025-08-01,3.08325457572937,3.2799999713897705,3.3299999237060547,3.2799999713897705,3.3299999237060547,10800
2025-08-04,3.1020548343658447,3.299999952316284,3.365000009536743,3.2690000534057617,3.2690000534057617,55100
2025-08-05,3.08325457572937,3.2799999713897705,3.3299999237060547,3.2699999809265137,3.319999933242798,59000
2025-08-06,3.1020548343658447,3.299999952316284,3.299999952316284,3.259999990463257,3.2899999618530273,6200
2025-08-07,3.0926547050476074,3.2899999618530273,3.299999952316284,3.259999990463257,3.299999952316284,38500
2025-08-08,3.1020548343658447,3.299999952316284,3.3399999141693115,3.2899999618530273,3.322999954223633,17900
2025-08-11,3.08325457572937,3.2799999713897705,3.3380000591278076,3.259999990463257,3.299999952316284,37800
2025-08-12,3.196056604385376,3.4000000953674316,3.4189999103546143,3.3499999046325684,3.380000114440918,29000
2025-08-13,3.1772561073303223,3.380000114440918,3.390000104904175,3.359999895095825,3.390000104904175,12100
2025-08-14,3.227077007293701,3.433000087738037,3.5,3.374000072479248,3.380000114440918,58400
2025-08-15,3.200756788253784,3.4049999713897705,3.440000057220459,3.4000000953674316,3.440000057220459,4500
2025-08-18,3.167855978012085,3.369999885559082,3.380000114440918,3.3450000286102295,3.380000114440918,17900
2025-08-19,3.1584558486938477,3.359999895095825,3.3970000743865967,3.3299999237060547,3.369999885559082,36200
2025-08-20,3.1537559032440186,3.3550000190734863,3.390000104904175,3.3499999046325684,3.390000104904175,17800
2025-08-21,3.1584558486938477,3.359999895095825,3.382999897003174,3.3499999046325684,3.382999897003174,7500
2025-08-22,3.210937738418579,3.365000009536743,3.380000114440918,3.315000057220459,3.3499999046325684,12400
2025-08-25,3.17276930809021,3.325000047683716,3.390000104904175,3.299999952316284,3.371999979019165,97800
2025-08-26,3.1775400638580322,3.3299999237060547,3.3499999046325684,3.319999933242798,3.3499999046325684,3500
2025-08-27,3.2157084941864014,3.369999885559082,3.390000104904175,3.3399999141693115,3.367000102996826,25300
2025-08-28,3.244335412979126,3.4000000953674316,3.436000108718872,3.3399999141693115,3.380000114440918,51900
2025-08-29,3.2529232501983643,3.4089999198913574,3.428999900817871,3.375,3.4240000247955322,11900
2025-09-02,3.244335412979126,3.4000000953674316,3.424999952316284,3.3399999141693115,3.4200000762939453,4600
2025-09-03,3.2634196281433105,3.4200000762939453,3.450000047683716,3.3269999027252197,3.3399999141693115,79400
2025-09-04,3.2729618549346924,3.430000066757202,3.5,3.3399999141693115,3.4200000762939453,75100
2025-09-05,3.2729618549346924,3.430000066757202,3.4560000896453857,3.375,3.380000114440918,57200
2025-09-08,3.282504081726074,3.440000057220459,3.4600000381469727,3.369999885559082,3.369999885559082,7600
2025-09-09,3.301588296890259,3.4600000381469727,3.5,3.4100000858306885,3.440000057220459,21600
2025-09-10,3.3111305236816406,3.4700000286102295,3.490000009536743,3.4260001182556152,3.4600000381469727,11100
2025-09-11,3.2729618549346924,3.430000066757202,3.4800000190734863,3.4210000038146973,3.4800000190734863,13000
2025-09-12,3.3111305236816406,3.4700000286102295,3.5,3.446000099182129,3.4630000591278076,11600
2025-09-15,3.315901517868042,3.4749999046325684,3.5280001163482666,3.437999963760376,3.5,21700
2025-09-16,3.349299192428589,3.509999990463257,3.5199999809265137,3.450000047683716,3.4700000286102295,3900
2025-09-17,3.2729618549346924,3.430000066757202,3.5199999809265137,3.3499999046325684,3.509999990463257,123100
2025-09-18,3.2729618549346924,3.430000066757202,3.4739999771118164,3.4100000858306885,3.4739999771118164,46900
2025-09-19,3.196624517440796,3.3499999046325684,3.489000082015991,3.200000047683716,3.489000082015991,487800
2025-09-22,3.1584558486938477,3.309999942779541,3.375,3.23799991607666,3.359999895095825,187400
2025-09-23,3.1584558486938477,3.309999942779541,3.450000047683716,3.259999990463257,3.309999942779541,82100
2025-09-24,3.1584558486938477,3.309999942779541,3.3550000190734863,3.259999990463257,3.3550000190734863,73800
2025-09-25,3.139371633529663,3.2899999618530273,3.3499999046325684,3.2300000190734863,3.299999952316284,180100
2025-09-26,3.1441426277160645,3.2950000762939453,3.369999885559082,3.240000009536743,3.3399999141693115,209500
2025-09-29,3.1298294067382812,3.2799999713897705,3.3559999465942383,3.259999990463257,3.309999942779541,100600
2025-09-30,3.1679978370666504,3.319999933242798,3.3399999141693115,3.2699999809265137,3.3359999656677246,31200
2025-10-01,3.1775400638580322,3.3299999237060547,3.3399999141693115,3.303999900817871,3.303999900817871,1600
2025-10-02,3.148913621902466,3.299999952316284,3.3399999141693115,3.2799999713897705,3.3289999961853027,164400
2025-10-03,3.139371633529663,3.2899999618530273,3.3469998836517334,3.2899999618530273,3.299999952316284,38300
2025-10-06,3.1202869415283203,3.2699999809265137,3.3399999141693115,3.239000082015991,3.2899999618530273,679500
2025-10-07,3.125058650970459,3.2750000953674316,3.319999933242798,3.2300000190734863,3.305000066757202,380100
2025-10-08,3.139371633529663,3.2899999618530273,3.309999942779541,3.240000009536743,3.309999942779541,324700
2025-10-09,3.1298294067382812,3.2799999713897705,3.319999933242798,3.25,3.299999952316284,268300
2025-10-10,3.091660737991333,3.240000009536743,3.299999952316284,3.2100000381469727,3.2899999618530273,64000
2025-10-13,3.082118511199951,3.2300000190734863,3.2899999618530273,3.2200000286102295,3.2200000286102295,580100
2025-10-14,3.101202964782715,3.25,3.2829999923706055,3.200000047683716,3.2100000381469727,581900
2025-10-15,3.105973958969116,3.255000114440918,3.299999952316284,3.2100000381469727,3.2899999618530273,724700
2025-10-16,3.101202964782715,3.25,3.299999952316284,3.2200000286102295,3.2799999713897705,114900
2025-10-17,3.1107449531555176,3.259999990463257,3.265000104904175,3.2200000286102295,3.240000009536743,214900
2025-10-20,3.1298294067382812,3.2799999713897705,3.303999900817871,3.234999895095825,3.25,165800
2025-10-21,3.1298294067382812,3.2799999713897705,3.3450000286102295,3.249000072479248,3.3369998931884766,298300
2025-10-22,3.1298294067382812,3.2799999713897705,3.2950000762939453,3.240000009536743,3.2899999618530273,364700
2025-10-23,3.1775400638580322,3.3299999237060547,3.3949999809265137,3.2820000648498535,3.2899999618530273,222300
2025-10-24,3.253877639770508,3.4100000858306885,3.4240000247955322,3.2850000858306885,3.3499999046325684,162900
2025-10-27,3.2729618549346924,3.430000066757202,3.4700000286102295,3.3389999866485596,3.4100000858306885,157900
2025-10-28,3.301588296890259,3.4600000381469727,3.4800000190734863,3.3299999237060547,3.4200000762939453,146300
2025-10-29,3.244335412979126,3.4000000953674316,3.4700000286102295,3.3499999046325684,3.4700000286102295,324500
2025-10-30,3.234793186187744,3.390000104904175,3.4110000133514404,3.3299999237060547,3.380000114440918,183800
2025-10-31,3.234793186187744,3.390000104904175,3.4040000438690186,3.2699999809265137,3.2699999809265137,237300
2025-11-03,3.2061665058135986,3.359999895095825,3.380000114440918,3.3450000286102295,3.359999895095825,30900
2025-11-04,3.1202869415283203,3.2699999809265137,3.359999895095825,3.259999990463257,3.359999895095825,13200
2025-11-05,3.139371633529663,3.2899999618530273,3.325000047683716,3.259999990463257,3.259999990463257,13600
2025-11-06,3.082118511199951,3.2300000190734863,3.2899999618530273,3.2200000286102295,3.2899999618530273,13100
2025-11-07,3.1107449531555176,3.259999990463257,3.299999952316284,3.2200000286102295,3.2200000286102295,10900
2025-11-10,3.1107449531555176,3.259999990463257,3.3499999046325684,3.240000009536743,3.259999990463257,21800
2025-11-11,3.1107449531555176,3.259999990463257,3.315000057220459,3.25,3.308000087738037,17500
2025-11-12,3.1202869415283203,3.2699999809265137,3.359999895095825,3.200000047683716,3.25,59200
2025-11-13,3.0630342960357666,3.2100000381469727,3.312999963760376,3.180000066757202,3.312999963760376,24700
2025-11-14,3.0725762844085693,3.2200000286102295,3.3550000190734863,3.2200000286102295,3.3550000190734863,50800
2025-11-17,3.0344078540802,3.180000066757202,3.25,3.1600000858306885,3.2200000286102295,42900
2025-11-18,3.0248653888702393,3.1700000762939453,3.2899999618530273,3.109999895095825,3.2899999618530273,39500
2025-11-19,3.049103260040283,3.1449999809265137,3.187000036239624,3.0950000286102295,3.0999999046325684,44300
2025-11-20,2.9860851764678955,3.0799999237060547,3.180000066757202,3.0799999237060547,3.1649999618530273,60600
2025-11-21,2.9957802295684814,3.0899999141693115,3.130000114440918,3.069000005722046,3.130000114440918,22100
2025-11-24,2.9860851764678955,3.0799999237060547,3.1549999713897705,3.009999990463257,3.130000114440918,70500
2025-11-25,3.0345609188079834,3.130000114440918,3.1600000858306885,3.0199999809265137,3.0199999809265137,54800
2025-11-26,3.0054755210876465,3.0999999046325684,3.200000047683716,3.059999942779541,3.130000114440918,235900
2025-11-28,2.9860851764678955,3.0799999237060547,3.1470000743865967,3.0350000858306885,3.1470000743865967,176100
2025-12-01,2.9570000171661377,3.049999952316284,3.1500000953674316,3.0350000858306885,3.1500000953674316,179100
2025-12-02,2.9860851764678955,3.0799999237060547,3.0999999046325684,3.0199999809265137,3.0199999809265137,35500
2025-12-03,3.0151703357696533,3.109999895095825,3.130000114440918,3.056999921798706,3.0799999237060547,17900
2025-12-04,2.9957802295684814,3.0899999141693115,3.140000104904175,3.069999933242798,3.109999895095825,49100
2025-12-05,3.0006277561187744,3.0950000286102295,3.1700000762939453,3.049999952316284,3.0999999046325684,46100
2025-12-08,2.9570000171661377,3.049999952316284,3.109999895095825,3.0399999618530273,3.0999999046325684,309700
2025-12-09,2.9473047256469727,3.0399999618530273,3.0799999237060547,3.0199999809265137,3.049999952316284,200900
2025-12-10,2.9957802295684814,3.0899999141693115,3.140000104904175,3.0160000324249268,3.0299999713897705,64400
2025-12-11,2.9957802295684814,3.0899999141693115,3.119999885559082,3.0899999141693115,3.0899999141693115,8500
2025-12-12,2.9473047256469727,3.0399999618530273,3.1500000953674316,3.0399999618530273,3.0799999237060547,58600
2025-12-15,2.918219566345215,3.009999990463257,3.0999999046325684,2.9800000190734863,3.0299999713897705,96600
2025-12-16,2.908524751663208,3.0,3.049999952316284,2.9800000190734863,3.049999952316284,88100
2025-12-17,2.879439353942871,2.9700000286102295,3.069999933242798,2.9600000381469727,3.069999933242798,30100
2025-12-18,2.889134407043457,2.9800000190734863,3.009999990463257,2.950000047683716,3.0,19300
2025-12-19,2.8309638500213623,2.9200000762939453,3.0799999237060547,2.9200000762939453,2.9600000381469727,233000
2025-12-22,2.8018786907196045,2.890000104904175,3.009999990463257,2.869999885559082,2.990000009536743,105700
2025-12-23,2.869744300842285,2.9600000381469727,2.9820001125335693,2.880000114440918,2.880000114440918,317300
2025-12-24,2.9666950702667236,3.059999942779541,3.069999933242798,2.9800000190734863,2.990000009536743,24100
2025-12-26,2.937609910964966,3.0299999713897705,3.0899999141693115,3.0,3.0299999713897705,11900
2025-12-29,2.9473047256469727,3.0399999618530273,3.059999942779541,3.0,3.0,24500
2025-12-30,2.918219566345215,3.009999990463257,3.1510000228881836,3.009999990463257,3.109999895095825,19900
2025-12-31,2.9570000171661377,3.049999952316284,3.059999942779541,2.9600000381469727,3.0,19200
2026-01-02,2.9666950702667236,3.059999942779541,3.1519999504089355,3.0199999809265137,3.1519999504089355,10500
2026-01-05,3.0054755210876465,3.0999999046325684,3.140000104904175,3.0399999618530273,3.0399999618530273,38200
2026-01-06,3.0054755210876465,3.0999999046325684,3.1449999809265137,3.049999952316284,3.0999999046325684,88100
2026-01-07,2.9957802295684814,3.0899999141693115,3.130000114440918,3.0799999237060547,3.130000114440918,51200
2026-01-08,3.0054755210876465,3.0999999046325684,3.119999885559082,3.0399999618530273,3.0399999618530273,3000
2026-01-09,3.0054755210876465,3.0999999046325684,3.140000104904175,3.0899999141693115,3.140000104904175,5000
2026-01-12,2.9860851764678955,3.0799999237060547,3.140000104904175,3.049999952316284,3.0799999237060547,171800
2026-01-13,3.0054755210876465,3.0999999046325684,3.1050000190734863,3.049999952316284,3.049999952316284,145700
2026-01-14,2.9763901233673096,3.069999933242798,3.1050000190734863,3.059999942779541,3.1050000190734863,44000
2026-01-15,2.9957802295684814,3.0899999141693115,3.109999895095825,3.0299999713897705,3.0299999713897705,18800
2026-01-16,2.9860851764678955,3.0799999237060547,3.0999999046325684,3.049999952316284,3.0859999656677246,267800
2026-01-20,2.937609910964966,3.0299999713897705,3.1050000190734863,3.0199999809265137,3.069999933242798,244100
2026-01-21,2.9473047256469727,3.0399999618530273,3.119999885559082,3.0399999618530273,3.069999933242798,322100
2026-01-22,2.9860851764678955,3.0799999237060547,3.0950000286102295,3.0399999618530273,3.069999933242798,34800
2026-01-23,2.9860851764678955,3.0799999237060547,3.0999999046325684,3.055000066757202,3.0899999141693115,204300
2026-01-26,2.9860851764678955,3.0799999237060547,3.121000051498413,3.065000057220459,3.0899999141693115,141700
2026-01-27,2.9957802295684814,3.0899999141693115,3.109999895095825,3.059999942779541,3.0899999141693115,203800
2026-01-28,2.9957802295684814,3.0899999141693115,3.0999999046325684,3.065000057220459,3.0799999237060547,52500
2026-01-29,2.9763901233673096,3.069999933242798,3.115000009536743,3.059999942779541,3.0799999237060547,28600
2026-01-30,2.9666950702667236,3.059999942779541,3.0999999046325684,3.059999942779541,3.0799999237060547,42200
2026-02-02,2.9666950702667236,3.059999942779541,3.1010000705718994,3.049999952316284,3.049999952316284,46200
2026-02-03,2.9473047256469727,3.0399999618530273,3.0799999237060547,3.0299999713897705,3.059999942779541,75000
2026-02-04,2.9570000171661377,3.049999952316284,3.0950000286102295,3.0299999713897705,3.0299999713897705,110800
2026-02-05,2.9666950702667236,3.059999942779541,3.1700000762939453,3.059999942779541,3.0899999141693115,121800
2026-02-06,2.9763901233673096,3.069999933242798,3.0999999046325684,3.069999933242798,3.0899999141693115,45300
2026-02-09,3.3738887310028076,3.4800000190734863,3.4800000190734863,3.240000009536743,3.3299999237060547,243400
2026-02-10,3.3835835456848145,3.490000009536743,3.5999999046325684,3.4600000381469727,3.549999952316284,159900
2026-02-11,3.286632776260376,3.390000104904175,3.490000009536743,3.380000114440918,3.490000009536743,23600
2026-02-12,3.112121343612671,3.2100000381469727,3.390000104904175,3.200000047683716,3.390000104904175,150800
2026-02-13,3.2401516437530518,3.2899999618530273,3.3399999141693115,3.1700000762939453,3.180000066757202,94000
2026-02-17,3.25,3.299999952316284,3.437999963760376,3.259999990463257,3.2899999618530273,74100
2026-02-18,3.25,3.299999952316284,3.365000009536743,3.2769999504089355,3.3299999237060547,166000
2026-02-19,3.2992424964904785,3.3499999046325684,3.380000114440918,3.3399999141693115,3.3399999141693115,17100
2026-02-20,3.2696969509124756,3.319999933242798,3.390000104904175,3.319999933242798,3.3399999141693115,47400
2026-02-23,3.210606098175049,3.259999990463257,3.3299999237060547,3.234999895095825,3.309999942779541,20300
2026-02-24,3.2303030490875244,3.2799999713897705,3.369999885559082,3.240000009536743,3.240000009536743,22500
2026-02-25,3.210606098175049,3.259999990463257,3.3399999141693115,3.2100000381469727,3.2799999713897705,49100
2026-02-26,3.210606098175049,3.259999990463257,3.309999942779541,3.240000009536743,3.259999990463257,16300
2026-02-27,3.1909091472625732,3.240000009536743,3.2750000953674316,3.240000009536743,3.2699999809265137,12700
2026-03-02,3.1613636016845703,3.2100000381469727,3.240000009536743,3.1700000762939453,3.200000047683716,18400
2026-03-03,3.1416666507720947,3.190000057220459,3.2200000286102295,3.1449999809265137,3.193000078201294,6800
2026-03-04,3.121969699859619,3.1700000762939453,3.2100000381469727,3.1600000858306885,3.2100000381469727,7000
2026-03-05,3.0333333015441895,3.0799999237060547,3.200000047683716,3.049999952316284,3.200000047683716,38700
2026-03-06,3.0037879943847656,3.049999952316284,3.140000104904175,3.0439999103546143,3.0799999237060547,24300
2026-03-09,3.013636350631714,3.059999942779541,3.069999933242798,3.0,3.059999942779541,20200
2026-03-10,3.023484945297241,3.069999933242798,3.0929999351501465,3.0399999618530273,3.078000068664551,74000
2026-03-11,3.0037879943847656,3.049999952316284,3.0999999046325684,3.0199999809265137,3.0399999618530273,41800
2026-03-12,3.0037879943847656,3.049999952316284,3.1010000705718994,3.0160000324249268,3.049999952316284,17300
2026-03-13,3.0037879943847656,3.049999952316284,3.0799999237060547,3.015000104904175,3.015000104904175,12100
2026-03-16,3.0037879943847656,3.049999952316284,3.0999999046325684,3.0199999809265137,3.0999999046325684,19000
2026-03-17,2.9939393997192383,3.0399999618530273,3.059999942779541,3.0390000343322754,3.059999942779541,7800
2026-03-18,3.0037879943847656,3.049999952316284,3.0899999141693115,3.0260000228881836,3.0399999618530273,47600
2026-03-19,3.0037879943847656,3.049999952316284,3.0899999141693115,3.0199999809265137,3.059999942779541,12400
2026-03-20,2.8265151977539062,2.869999885559082,3.177000045776367,2.869999885559082,3.069999933242798,82200
2026-03-23,2.954545497894287,3.0,3.069999933242798,2.880000114440918,2.880000114440918,18700
2026-03-24,2.954545497894287,3.0,3.0899999141693115,3.0,3.0,8400
2026-03-25,2.954545497894287,3.0,3.0899999141693115,2.9700000286102295,3.009999990463257,168100
2026-03-26,2.816666603088379,2.859999895095825,3.0999999046325684,2.8499999046325684,3.009999990463257,35600
2026-03-27,2.856060743331909,2.9000000953674316,2.9200000762939453,2.859999895095825,2.859999895095825,11800
2026-03-30,2.856060743331909,2.9000000953674316,2.950000047683716,2.869999885559082,2.930000066757202,10900
2026-03-31,2.846212148666382,2.890000104904175,2.950000047683716,2.8499999046325684,2.890000104904175,53600
2026-04-01,2.9053030014038086,2.950000047683716,2.9779999256134033,2.878999948501587,2.9000000953674316,60800
2026-04-02,2.9446969032287598,2.990000009536743,2.990000009536743,2.881999969482422,2.950000047683716,5600
2026-04-06,2.9446969032287598,2.990000009536743,3.0320000648498535,2.9200000762939453,2.9200000762939453,55000
2026-04-07,2.9446969032287598,2.990000009536743,3.0899999141693115,2.950000047683716,2.950000047683716,45000
2026-04-08,2.98409104347229,3.0299999713897705,3.125,3.0299999713897705,3.0999999046325684,17800
2026-04-09,3.0037879943847656,3.049999952316284,3.069999933242798,3.009999990463257,3.069999933242798,111800
2026-04-10,3.053030252456665,3.0999999046325684,3.109999895095825,3.0399999618530273,3.059999942779541,15700
2026-04-13,3.043181896209717,3.0899999141693115,3.1500000953674316,3.055000066757202,3.119999885559082,121900
2026-04-14,3.043181896209717,3.0899999141693115,3.140000104904175,3.069999933242798,3.069999933242798,81100
2026-04-15,3.0727272033691406,3.119999885559082,3.1700000762939453,3.059999942779541,3.0999999046325684,100900
2026-04-16,3.1022727489471436,3.1500000953674316,3.1649999618530273,3.0799999237060547,3.0799999237060547,31400
2026-04-17,3.1712121963500977,3.2200000286102295,3.234999895095825,3.059999942779541,3.059999942779541,56000
2026-04-20,3.2598485946655273,3.309999942779541,3.3289999961853027,3.240000009536743,3.240000009536743,106100
2026-04-21,3.289393901824951,3.3399999141693115,3.369999885559082,3.309999942779541,3.359999895095825,14100
2026-04-22,3.2992424964904785,3.3499999046325684,3.359999895095825,3.194999933242798,3.309999942779541,684900
2026-04-23,3.3287880420684814,3.380000114440918,3.4600000381469727,3.319999933242798,3.390000104904175,67200
2026-04-24,3.3681819438934326,3.4200000762939453,3.450000047683716,3.3350000381469727,3.440000057220459,130800
2026-04-27,3.4371211528778076,3.490000009536743,3.5399999618530273,3.4200000762939453,3.4200000762939453,113000
2026-04-28,3.4568183422088623,3.509999990463257,3.5399999618530273,3.5,3.5,47300
2026-04-29,3.4568183422088623,3.509999990463257,3.559999942779541,3.440000057220459,3.5399999618530273,118100
2026-04-30,3.4371211528778076,3.490000009536743,3.5399999618530273,3.4200000762939453,3.490000009536743,227500
2026-05-01,3.476515293121338,3.5299999713897705,3.549999952316284,3.4649999141693115,3.549999952316284,35700
2026-05-04,3.4568183422088623,3.509999990463257,3.549999952316284,3.440000057220459,3.549999952316284,158200
2026-05-05,3.4568183422088623,3.509999990463257,3.5350000858306885,3.4600000381469727,3.509999990463257,45800
2026-05-06,3.4371211528778076,3.490000009536743,3.569999933242798,3.4200000762939453,3.569999933242798,126300
2026-05-07,3.289393901824951,3.3399999141693115,3.5399999618530273,3.3299999237060547,3.4700000286102295,416000
2026-05-08,3.3090908527374268,3.359999895095825,3.5899999141693115,3.3350000381469727,3.3399999141693115,67800
2026-05-11,3.2992424964904785,3.3499999046325684,3.450000047683716,3.2850000858306885,3.359999895095825,79500
2026-05-12,3.25,3.299999952316284,3.3499999046325684,3.2750000953674316,3.3299999237060547,82700
2026-05-13,3.25,3.299999952316284,3.390000104904175,3.25,3.361999988555908,172400
2026-05-14,3.309999942779541,3.309999942779541,3.359999895095825,3.2200000286102295,3.299999952316284,790100
2026-05-15,3.319999933242798,3.319999933242798,3.390000104904175,3.140000104904175,3.3499999046325684,332100
2026-05-18,3.240000009536743,3.240000009536743,3.3519999980926514,3.1700000762939453,3.299999952316284,492500
2026-05-19,3.2200000286102295,3.2200000286102295,3.244999885559082,3.1500000953674316,3.1600000858306885,72200
2026-05-20,3.2300000190734863,3.2300000190734863,3.3350000381469727,3.190000057220459,3.190000057220459,159700
2026-05-21,3.2200000286102295,3.2200000286102295,3.3299999237060547,3.171999931335449,3.1989998817443848,214300
2026-05-22,3.259999990463257,3.259999990463257,3.309999942779541,3.190000057220459,3.2300000190734863,80900
2026-05-26,3.4000000953674316,3.4000000953674316,3.4200000762939453,3.299999952316284,3.3299999237060547,79000
2026-05-27,3.4100000858306885,3.4100000858306885,3.450000047683716,3.380000114440918,3.380000114440918,45500
2026-05-28,3.390000104904175,3.390000104904175,3.4800000190734863,3.3299999237060547,3.4000000953674316,91000
2026-05-29,3.4000000953674316,3.4000000953674316,3.441999912261963,3.3550000190734863,3.430000066757202,441200
2026-06-01,3.440000057220459,3.440000057220459,3.4800000190734863,3.325000047683716,3.430000066757202,215800
2026-06-02,3.4600000381469727,3.4600000381469727,3.490000009536743,3.4100000858306885,3.4700000286102295,125900
2026-06-03,3.4000000953674316,3.4000000953674316,3.4749999046325684,3.3499999046325684,3.440000057220459,145600
2026-06-04,3.4700000286102295,3.4700000286102295,3.4700000286102295,3.4000000953674316,3.4539999961853027,63600
2026-06-05,3.4200000762939453,3.4200000762939453,3.430000066757202,3.2780001163482666,3.430000066757202,44700
2026-06-08,3.490000009536743,3.490000009536743,3.490000009536743,3.375,3.440000057220459,25900
2026-06-09,3.5999999046325684,3.5999999046325684,3.630000114440918,3.4800000190734863,3.5,32300
2026-06-10,3.5899999141693115,3.5899999141693115,3.674999952316284,3.558000087738037,3.640000104904175,44800
2026-06-11,3.5799999237060547,3.5799999237060547,3.619999885559082,3.5299999713897705,3.5899999141693115,20300
2026-06-12,3.4600000381469727,3.4600000381469727,3.5999999046325684,3.444999933242798,3.5950000286102295,47900
2026-06-15,3.75,3.75,5.46999979019165,3.609999895095825,5.269999980926514,36689000
2026-06-16,4.195000171661377,4.195000171661377,4.389999866485596,3.9800000190734863,3.990000009536743,2805200
2026-06-17,4.5,4.5,4.697999954223633,4.179999828338623,4.179999828338623,1216300
2026-06-18,4.46999979019165,4.46999979019165,4.690000057220459,4.199999809265137,4.460000038146973,333300
2026-06-22,4.630000114440918,4.630000114440918,4.89900016784668,4.400000095367432,4.440000057220459,691700
2026-06-23,4.71999979019165,4.71999979019165,4.789999961853027,4.489999771118164,4.619999885559082,299700
2026-06-24,4.630000114440918,4.630000114440918,4.690000057220459,4.480000019073486,4.670000076293945,180700
2026-06-25,4.559999942779541,4.559999942779541,4.710000038146973,4.489999771118164,4.610000133514404,120300
2026-06-26,4.559999942779541,4.559999942779541,4.570000171661377,4.400000095367432,4.550000190734863,112800
2026-06-29,4.900000095367432,4.900000095367432,4.920000076293945,4.460000038146973,4.550000190734863,183800
2026-06-30,4.809999942779541,4.809999942779541,4.864999771118164,4.599999904632568,4.809999942779541,87200
2026-07-01,4.730000019073486,4.730000019073486,4.800000190734863,4.699999809265137,4.800000190734863,45600
2026-07-02,4.449999809265137,4.449999809265137,4.735000133514404,4.400000095367432,4.670000076293945,114700
2026-07-06,4.610000133514404,4.610000133514404,4.784999847412109,4.369999885559082,4.46999979019165,140500
2026-07-07,4.559999942779541,4.559999942779541,4.650000095367432,4.489999771118164,4.559999942779541,49300
2026-07-08,4.53000020980835,4.53000020980835,4.579999923706055,4.329999923706055,4.519999980926514,81900
2026-07-09,4.489999771118164,4.489999771118164,4.599999904632568,4.489999771118164,4.519999980926514,45700
2026-07-10,4.559999942779541,4.559999942779541,4.630000114440918,4.46999979019165,4.46999979019165,64100
2026-07-13,4.730000019073486,4.730000019073486,4.78000020980835,4.489999771118164,4.559999942779541,193700
2026-07-14,4.519999980926514,4.519999980926514,4.800000190734863,4.474999904632568,4.659999847412109,86800
2026-07-15,4.489999771118164,4.489999771118164,4.670000076293945,4.440000057220459,4.570000171661377,88800
2026-07-16,4.71999979019165,4.71999979019165,4.78000020980835,4.510000228881836,4.550000190734863,71200
2026-07-17,4.510000228881836,4.510000228881836,4.670000076293945,4.5,4.670000076293945,58100
2026-07-20,4.480000019073486,4.480000019073486,4.599999904632568,4.46999979019165,4.5,77100
2026-07-21,4.559999942779541,4.559999942779541,4.579999923706055,4.460000038146973,4.460000038146973,48600
2026-07-22,4.699999809265137,4.699999809265137,4.699999809265137,4.489999771118164,4.590000152587891,97000
2026-07-23,4.570000171661377,4.570000171661377,4.725500106811523,4.570000171661377,4.699999809265137,61929
