Date,Adjusted_Close,Close,High,Low,Open,Volume
2022-02-04,9.13707447052002,14.0,15.399999618530273,13.449999809265137,14.0,264100
2022-02-07,9.13707447052002,14.0,14.020000457763672,13.300000190734863,14.0,56700
2022-02-08,9.13707447052002,14.0,14.09000015258789,14.0,14.0,5900
2022-02-09,9.114230155944824,13.96500015258789,14.079999923706055,13.699999809265137,14.079999923706055,52600
2022-02-10,9.143600463867188,14.010000228881836,14.041999816894531,13.994000434875488,14.0,24900
2022-02-11,9.274127960205078,14.210000038146973,14.300000190734863,14.0,14.0,18300
2022-02-14,9.156651496887207,14.029999732971191,14.149999618530273,14.0,14.149999618530273,28600
2022-02-15,9.228443145751953,14.140000343322754,14.149999618530273,14.020000457763672,14.149999618530273,10400
2022-02-16,9.202336311340332,14.100000381469727,14.199999809265137,14.0,14.199999809265137,12100
2022-02-17,9.13707447052002,14.0,14.109999656677246,14.0,14.050000190734863,10300
2022-02-18,9.234970092773438,14.149999618530273,14.5,14.125,14.300000190734863,12300
2022-02-22,9.215391159057617,14.119999885559082,14.324999809265137,14.0,14.324999809265137,2600
2022-02-23,9.13707447052002,14.0,14.050000190734863,13.550000190734863,14.050000190734863,10500
2022-02-24,9.124672889709473,13.980999946594238,13.980999946594238,13.850000381469727,13.866999626159668,2100
2022-02-25,9.13707447052002,14.0,14.050000190734863,14.0,14.050000190734863,1600
2022-02-28,9.13707447052002,14.0,14.0,14.0,14.0,0
2022-03-01,9.182756423950195,14.069999694824219,14.069999694824219,13.850000381469727,13.850000381469727,7100
2022-03-02,9.163179397583008,14.039999961853027,14.039999961853027,13.784000396728516,13.850000381469727,3300
2022-03-03,9.169705390930176,14.050000190734863,14.050000190734863,13.989999771118164,13.989999771118164,7300
2022-03-04,9.169705390930176,14.050000190734863,14.050000190734863,14.0,14.050000190734863,3700
2022-03-07,8.84338092803955,13.550000190734863,14.050000190734863,13.550000190734863,14.050000190734863,7800
2022-03-08,8.84338092803955,13.550000190734863,13.550000190734863,13.550000190734863,13.550000190734863,0
2022-03-09,8.84338092803955,13.550000190734863,13.550000190734863,13.550000190734863,13.550000190734863,0
2022-03-10,8.84338092803955,13.550000190734863,13.550000190734863,13.550000190734863,13.550000190734863,0
2022-03-11,9.404658317565918,14.40999984741211,14.470000267028809,14.40999984741211,14.470000267028809,500
2022-03-14,8.810749053955078,13.5,14.010000228881836,13.5,14.010000228881836,2400
2022-03-15,8.564047813415527,13.121999740600586,14.0,13.050000190734863,14.0,2800
2022-03-16,8.301684379577637,12.720000267028809,13.25,12.720000267028809,13.050000190734863,10100
2022-03-17,8.517058372497559,13.050000190734863,13.050000190734863,12.75,12.75,800
2022-03-18,8.941279411315918,13.699999809265137,13.699999809265137,13.645999908447266,13.645999908447266,2700
2022-03-21,8.941279411315918,13.699999809265137,13.75,13.6899995803833,13.699999809265137,10100
2022-03-22,8.20378589630127,12.569999694824219,13.710000038146973,12.329999923706055,13.699999809265137,5300
2022-03-23,8.477897644042969,12.989999771118164,12.989999771118164,12.1899995803833,12.699999809265137,1800
2022-03-24,8.477897644042969,12.989999771118164,12.989999771118164,12.989999771118164,12.989999771118164,0
2022-03-25,9.052228927612305,13.869999885559082,13.899999618530273,13.100000381469727,13.100000381469727,3600
2022-03-28,8.810749053955078,13.5,13.5,13.5,13.5,300
2022-03-29,8.614953994750977,13.199999809265137,13.630000114440918,11.960000038146973,13.5,19700
2022-03-30,8.680219650268555,13.300000190734863,13.899999618530273,13.300000190734863,13.899999618530273,400
2022-03-31,8.680219650268555,13.300000190734863,13.300000190734863,13.300000190734863,13.300000190734863,0
2022-04-01,8.680219650268555,13.300000190734863,13.300000190734863,13.300000190734863,13.300000190734863,0
2022-04-04,8.810749053955078,13.5,13.5,13.336999893188477,13.336999893188477,600
2022-04-05,8.680219650268555,13.300000190734863,13.420000076293945,13.300000190734863,13.420000076293945,1300
2022-04-06,8.680219650268555,13.300000190734863,13.300000190734863,13.300000190734863,13.300000190734863,600
2022-04-07,8.67369270324707,13.289999961853027,13.289999961853027,13.289999961853027,13.289999961853027,300
2022-04-08,8.223367691040039,12.600000381469727,12.600000381469727,12.600000381469727,12.600000381469727,400
2022-04-11,8.223367691040039,12.600000381469727,12.600000381469727,12.600000381469727,12.600000381469727,0
2022-04-12,8.255997657775879,12.649999618530273,12.649999618530273,12.649999618530273,12.649999618530273,300
2022-04-13,8.255997657775879,12.649999618530273,12.649999618530273,12.649999618530273,12.649999618530273,0
2022-04-14,8.255997657775879,12.649999618530273,12.649999618530273,12.649999618530273,12.649999618530273,0
2022-04-18,8.158101081848145,12.5,12.899999618530273,12.5,12.899999618530273,1800
2022-04-19,8.190733909606934,12.550000190734863,12.550000190734863,12.5,12.5,800
2022-04-20,8.190733909606934,12.550000190734863,12.550000190734863,12.550000190734863,12.550000190734863,0
2022-04-21,7.074705123901367,10.84000015258789,12.0,10.84000015258789,12.0,1200
2022-04-22,6.732065677642822,10.3149995803833,11.170000076293945,10.010000228881836,11.0,6300
2022-04-25,6.859332084655762,10.510000228881836,10.510000228881836,10.5,10.5,1900
2022-04-26,6.859332084655762,10.510000228881836,10.510000228881836,10.510000228881836,10.510000228881836,0
2022-04-27,7.498926162719727,11.489999771118164,11.489999771118164,11.489999771118164,11.489999771118164,400
2022-04-28,7.498926162719727,11.489999771118164,11.489999771118164,11.489999771118164,11.489999771118164,200
2022-04-29,6.9011006355285645,10.574000358581543,11.413000106811523,10.539999961853027,11.234999656677246,2300
2022-05-02,5.824883460998535,8.925000190734863,11.029999732971191,8.84000015258789,10.850000381469727,25500
2022-05-03,5.775935649871826,8.850000381469727,9.289999961853027,8.739999771118164,9.039999961853027,19700
2022-05-04,6.376372814178467,9.770000457763672,9.779999732971191,9.770000457763672,9.779999732971191,2200
2022-05-05,6.004361629486084,9.199999809265137,10.699999809265137,9.100000381469727,10.699999809265137,16300
2022-05-06,5.873832702636719,9.0,9.0,9.0,9.0,1600
2022-05-09,5.55403470993042,8.510000228881836,9.248000144958496,8.5,9.0,15400
2022-05-10,5.678037643432617,8.699999809265137,8.85099983215332,8.550000190734863,8.649999618530273,11600
2022-05-11,5.678037643432617,8.699999809265137,8.699999809265137,8.699999809265137,8.699999809265137,400
2022-05-12,5.762882232666016,8.829999923706055,9.227999687194824,8.760000228881836,8.760000228881836,8300
2022-05-13,6.3045806884765625,9.65999984741211,9.710000038146973,8.829999923706055,8.829999923706055,1500
2022-05-16,6.3045806884765625,9.65999984741211,9.65999984741211,9.65999984741211,9.65999984741211,0
2022-05-17,7.564190864562988,11.59000015258789,12.9399995803833,10.199999809265137,10.199999809265137,8100
2022-05-18,8.07978343963623,12.380000114440918,12.829999923706055,12.010000228881836,12.819999694824219,1900
2022-05-19,7.420608997344971,11.369999885559082,12.0,10.670000076293945,12.0,11500
2022-05-20,7.8317766189575195,12.0,12.0,10.960000038146973,10.989999771118164,23600
2022-05-23,7.179128170013428,11.0,11.390000343322754,9.75,11.319999694824219,35100
2022-05-24,7.172601222991943,10.989999771118164,10.989999771118164,10.989999771118164,10.989999771118164,200
2022-05-25,6.689642429351807,10.25,10.5,10.199999809265137,10.399999618530273,3200
2022-05-26,6.852804660797119,10.5,11.3100004196167,10.180000305175781,11.3100004196167,400
2022-05-27,6.5264811515808105,10.0,11.369999885559082,9.989999771118164,10.300000190734863,15500
2022-05-31,6.559113025665283,10.050000190734863,10.699999809265137,9.75,10.5,18300
2022-06-01,6.559113025665283,10.050000190734863,10.050000190734863,10.050000190734863,10.050000190734863,0
2022-06-02,6.5264811515808105,10.0,10.0,9.300000190734863,9.800000190734863,32800
2022-06-03,6.820172309875488,10.449999809265137,10.5,10.449999809265137,10.5,900
2022-06-06,6.852804660797119,10.5,10.5,10.449999809265137,10.449999809265137,1100
2022-06-07,6.852804660797119,10.5,10.5,10.5,10.5,300
2022-06-08,6.5264811515808105,10.0,10.0,10.0,10.0,300
2022-06-09,6.35483455657959,9.737000465393066,9.760000228881836,9.737000465393066,9.760000228881836,2400
2022-06-10,6.653746128082275,10.194999694824219,10.194999694824219,9.529999732971191,9.529999732971191,1200
2022-06-13,6.265421390533447,9.600000381469727,10.420000076293945,9.5600004196167,10.0,23400
2022-06-14,6.373108386993408,9.765000343322754,10.300000190734863,9.020000457763672,9.520000457763672,22600
2022-06-15,6.036994934082031,9.25,10.949999809265137,9.050000190734863,9.710000038146973,56200
2022-06-16,5.8281474113464355,8.930000305175781,9.569999694824219,8.699999809265137,9.020000457763672,31600
2022-06-17,6.0761542320251465,9.3100004196167,9.789999961853027,8.970000267028809,8.970000267028809,5300
2022-06-21,5.645404815673828,8.649999618530273,9.449999809265137,8.600000381469727,8.729999542236328,62600
2022-06-22,5.3321356773376465,8.170000076293945,8.649999618530273,7.699999809265137,8.649999618530273,13200
2022-06-23,5.0906548500061035,7.800000190734863,8.5,7.78000020980835,8.149999618530273,74700
2022-06-24,6.036994934082031,9.25,9.350000381469727,8.097999572753906,8.25,104500
2022-06-27,6.1675238609313965,9.449999809265137,9.567999839782715,9.449999809265137,9.449999809265137,8000
2022-06-28,5.547508239746094,8.5,9.0,8.460000038146973,9.0,8800
2022-06-29,5.619300365447998,8.609999656677246,8.779999732971191,8.600000381469727,8.75,16600
2022-06-30,6.382896900177002,9.779999732971191,9.779999732971191,8.75,9.279999732971191,11000
2022-07-01,6.330686569213867,9.699999809265137,9.979999542236328,9.3100004196167,9.779999732971191,9900
2022-07-05,6.330686569213867,9.699999809265137,9.699999809265137,9.699999809265137,9.699999809265137,0
2022-07-06,6.193630695343018,9.489999771118164,9.489999771118164,9.479999542236328,9.479999542236328,600
2022-07-07,6.036994934082031,9.25,9.25,9.25,9.25,300
2022-07-08,6.036994934082031,9.25,9.25,9.25,9.25,0
2022-07-11,6.036994934082031,9.25,9.25,9.25,9.25,0
2022-07-12,6.036994934082031,9.25,9.25,9.25,9.25,0
2022-07-13,6.036994934082031,9.25,9.25,9.25,9.25,0
2022-07-14,6.134891986846924,9.399999618530273,9.399999618530273,9.399999618530273,9.399999618530273,300
2022-07-15,6.134891986846924,9.399999618530273,9.399999618530273,9.399999618530273,9.399999618530273,0
2022-07-18,6.323506832122803,9.689000129699707,9.689000129699707,9.199999809265137,9.199999809265137,1200
2022-07-19,6.323506832122803,9.689000129699707,9.689000129699707,9.689000129699707,9.689000129699707,0
2022-07-20,6.154470920562744,9.430000305175781,9.9399995803833,9.430000305175781,9.9399995803833,800
2022-07-21,6.154470920562744,9.430000305175781,9.430000305175781,9.430000305175781,9.430000305175781,0
2022-07-22,6.154470920562744,9.430000305175781,9.430000305175781,9.430000305175781,9.430000305175781,0
2022-07-25,6.513427257537842,9.979999542236328,9.979999542236328,9.979999542236328,9.979999542236328,200
2022-07-26,6.382896900177002,9.779999732971191,9.779999732971191,9.779999732971191,9.779999732971191,100
2022-07-27,6.382896900177002,9.779999732971191,9.779999732971191,9.779999732971191,9.779999732971191,0
2022-07-28,6.382896900177002,9.779999732971191,9.779999732971191,9.779999732971191,9.779999732971191,0
2022-07-29,6.461215019226074,9.899999618530273,9.899999618530273,9.399999618530273,9.399999618530273,900
2022-08-01,6.461215019226074,9.899999618530273,9.899999618530273,9.899999618530273,9.899999618530273,0
2022-08-02,6.506901264190674,9.970000267028809,9.970000267028809,9.970000267028809,9.970000267028809,200
2022-08-03,6.506901264190674,9.970000267028809,9.970000267028809,9.970000267028809,9.970000267028809,0
2022-08-04,6.506901264190674,9.970000267028809,9.970000267028809,9.970000267028809,9.970000267028809,0
2022-08-05,6.298054218292236,9.649999618530273,9.649999618530273,9.649999618530273,9.649999618530273,1300
2022-08-08,6.411614418029785,9.824000358581543,9.9399995803833,9.824000358581543,9.9399995803833,500
2022-08-09,6.0761542320251465,9.3100004196167,9.3100004196167,9.3100004196167,9.3100004196167,10000
2022-08-10,5.903201103210449,9.045000076293945,9.5,9.0,9.5,58300
2022-08-11,5.9005913734436035,9.041000366210938,9.154000282287598,8.649999618530273,8.649999618530273,33000
2022-08-12,5.873832702636719,9.0,9.100000381469727,8.920000076293945,8.920000076293945,50400
2022-08-15,5.971729278564453,9.149999618530273,9.15999984741211,8.979999542236328,9.100000381469727,87900
2022-08-16,6.043520927429199,9.260000228881836,9.260000228881836,9.149999618530273,9.149999618530273,9400
2022-08-17,6.043520927429199,9.260000228881836,9.260000228881836,9.260000228881836,9.260000228881836,600
2022-08-18,5.9390974044799805,9.100000381469727,9.100000381469727,9.069999694824219,9.100000381469727,700
2022-08-19,6.036994934082031,9.25,9.25,9.25,9.25,1100
2022-08-22,6.010888576507568,9.210000038146973,9.210000038146973,9.199999809265137,9.199999809265137,1700
2022-08-23,6.004361629486084,9.199999809265137,9.305000305175781,9.199999809265137,9.305000305175781,2300
2022-08-24,5.9390974044799805,9.100000381469727,9.489999771118164,9.100000381469727,9.489999771118164,4000
2022-08-25,5.9390974044799805,9.100000381469727,9.100000381469727,9.100000381469727,9.100000381469727,0
2022-08-26,5.9390974044799805,9.100000381469727,9.100000381469727,9.100000381469727,9.100000381469727,400
2022-08-29,6.395950794219971,9.800000190734863,9.800000190734863,9.489999771118164,9.5,1400
2022-08-30,6.363318920135498,9.75,10.359999656677246,9.600000381469727,9.970000267028809,16800
2022-08-31,6.363318920135498,9.75,9.75,9.75,9.75,300
2022-09-01,6.559113025665283,10.050000190734863,10.050000190734863,9.899999618530273,9.899999618530273,5400
2022-09-02,6.715748310089111,10.289999961853027,10.289999961853027,10.050000190734863,10.050000190734863,5900
2022-09-06,6.854763507843018,10.503000259399414,10.503000259399414,10.289999961853027,10.289999961853027,4900
2022-09-07,6.854763507843018,10.503000259399414,10.503000259399414,10.503000259399414,10.503000259399414,0
2022-09-08,6.797329425811768,10.414999961853027,10.414999961853027,10.414999961853027,10.414999961853027,400
2022-09-09,6.88543701171875,10.550000190734863,10.550000190734863,10.550000190734863,10.550000190734863,400
2022-09-12,6.715748310089111,10.289999961853027,11.239999771118164,10.289999961853027,10.550000190734863,4100
2022-09-13,6.989861011505127,10.710000038146973,10.710000038146973,10.710000038146973,10.710000038146973,100
2022-09-14,7.0094404220581055,10.739999771118164,10.739999771118164,10.739999771118164,10.739999771118164,100
2022-09-15,7.0094404220581055,10.739999771118164,10.739999771118164,10.739999771118164,10.739999771118164,400
2022-09-16,6.852804660797119,10.5,10.53499984741211,10.425000190734863,10.425000190734863,2100
2022-09-19,6.689642429351807,10.25,10.25,10.210000038146973,10.220000267028809,1300
2022-09-20,6.506901264190674,9.970000267028809,10.199999809265137,9.970000267028809,10.199999809265137,2400
2022-09-21,6.506901264190674,9.970000267028809,9.970000267028809,9.970000267028809,9.970000267028809,300
2022-09-22,6.506901264190674,9.970000267028809,9.970000267028809,9.970000267028809,9.970000267028809,0
2022-09-23,6.232788562774658,9.550000190734863,9.5600004196167,9.550000190734863,9.5600004196167,2000
2022-09-26,6.265421390533447,9.600000381469727,9.600000381469727,9.600000381469727,9.600000381469727,1100
2022-09-27,6.950700759887695,10.649999618530273,10.649999618530273,9.800000190734863,10.145000457763672,900
2022-09-28,6.317633628845215,9.680000305175781,9.75,9.680000305175781,9.710000038146973,2100
2022-09-29,6.317633628845215,9.680000305175781,9.680000305175781,9.680000305175781,9.680000305175781,0
2022-09-30,6.5264811515808105,10.0,10.0,9.859999656677246,9.859999656677246,700
2022-10-03,6.5264811515808105,10.0,10.0,10.0,10.0,0
2022-10-04,6.533008575439453,10.010000228881836,10.199999809265137,10.010000228881836,10.199999809265137,1200
2022-10-05,6.5264811515808105,10.0,10.319999694824219,10.0,10.010000228881836,2000
2022-10-06,6.794064998626709,10.40999984741211,10.569999694824219,10.399999618530273,10.569999694824219,4200
2022-10-07,6.781013011932373,10.390000343322754,10.40999984741211,10.390000343322754,10.40999984741211,5100
2022-10-10,6.88543701171875,10.550000190734863,10.600000381469727,10.550000190734863,10.550000190734863,800
2022-10-11,6.754907608032227,10.350000381469727,10.350000381469727,10.350000381469727,10.350000381469727,300
2022-10-12,6.754907608032227,10.350000381469727,10.350000381469727,10.350000381469727,10.350000381469727,100
2022-10-13,6.754907608032227,10.350000381469727,10.350000381469727,10.350000381469727,10.350000381469727,100
2022-10-14,6.754907608032227,10.350000381469727,10.350000381469727,10.350000381469727,10.350000381469727,100
2022-10-17,6.7692670822143555,10.371999740600586,10.371999740600586,10.371999740600586,10.371999740600586,200
2022-10-18,6.670063018798828,10.220000267028809,10.319999694824219,10.220000267028809,10.319999694824219,2600
2022-10-19,6.670063018798828,10.220000267028809,10.220000267028809,10.220000267028809,10.220000267028809,0
2022-10-20,6.611324787139893,10.130000114440918,10.149999618530273,10.100000381469727,10.149999618530273,5100
2022-10-21,6.722275257110596,10.300000190734863,10.300000190734863,10.300000190734863,10.300000190734863,1100
2022-10-24,6.6831159591674805,10.239999771118164,10.25,10.10200023651123,10.25,900
2022-10-25,6.6831159591674805,10.239999771118164,10.239999771118164,10.239999771118164,10.239999771118164,0
2022-10-26,6.846278667449951,10.489999771118164,10.489999771118164,10.050000190734863,10.100000381469727,1300
2022-10-27,6.363318920135498,9.75,10.489999771118164,9.6899995803833,10.489999771118164,5300
2022-10-28,6.820172309875488,10.449999809265137,10.470000267028809,9.979999542236328,9.979999542236328,500
2022-10-31,6.820172309875488,10.449999809265137,10.449999809265137,10.449999809265137,10.449999809265137,0
2022-11-01,6.546059608459473,10.029999732971191,10.305999755859375,10.029999732971191,10.305999755859375,200
2022-11-02,6.546059608459473,10.029999732971191,10.029999732971191,10.029999732971191,10.029999732971191,0
2022-11-03,6.5917463302612305,10.100000381469727,10.100000381469727,10.0600004196167,10.0600004196167,3500
2022-11-04,6.761434078216553,10.359999656677246,10.390000343322754,10.180000305175781,10.180000305175781,5600
2022-11-07,6.787539005279541,10.399999618530273,10.40999984741211,10.399999618530273,10.40999984741211,900
2022-11-08,6.787539005279541,10.399999618530273,10.399999618530273,10.399999618530273,10.399999618530273,0
2022-11-09,6.585219383239746,10.09000015258789,10.09000015258789,9.649999618530273,10.074999809265137,1100
2022-11-10,6.565640449523926,10.0600004196167,10.199999809265137,10.029999732971191,10.029999732971191,1000
2022-11-11,6.5264811515808105,10.0,10.199999809265137,10.0,10.100000381469727,2100
2022-11-14,6.630903244018555,10.15999984741211,10.15999984741211,10.100000381469727,10.140000343322754,500
2022-11-15,6.5264811515808105,10.0,10.300000190734863,10.0,10.300000190734863,1700
2022-11-16,6.5264811515808105,10.0,10.0,10.0,10.0,0
2022-11-17,6.5264811515808105,10.0,10.0,10.0,10.0,0
2022-11-18,6.5264811515808105,10.0,10.0,10.0,10.0,700
2022-11-21,6.565640449523926,10.0600004196167,10.0600004196167,10.0600004196167,10.0600004196167,1200
2022-11-22,6.565640449523926,10.0600004196167,10.0600004196167,10.0600004196167,10.0600004196167,100
2022-11-23,6.696169376373291,10.260000228881836,10.498000144958496,10.260000228881836,10.498000144958496,300
2022-11-25,6.624378204345703,10.149999618530273,10.260000228881836,10.0,10.260000228881836,2700
2022-11-28,6.833226680755615,10.470000267028809,10.489999771118164,10.470000267028809,10.489999771118164,1300
2022-11-29,6.578692436218262,10.079999923706055,10.149999618530273,10.0,10.149999618530273,2500
2022-11-30,6.81168794631958,10.437000274658203,10.460000038146973,10.437000274658203,10.460000038146973,900
2022-12-01,6.81168794631958,10.437000274658203,10.437000274658203,10.437000274658203,10.437000274658203,0
2022-12-02,6.8266987800598145,10.460000038146973,10.460000038146973,10.460000038146973,10.460000038146973,300
2022-12-05,6.689642429351807,10.25,10.350000381469727,10.25,10.350000381469727,1400
2022-12-06,6.702697277069092,10.270000457763672,10.270000457763672,10.270000457763672,10.270000457763672,400
2022-12-07,6.245843410491943,9.569999694824219,9.569999694824219,9.569999694824219,9.569999694824219,1500
2022-12-08,6.506901264190674,9.970000267028809,9.970000267028809,9.970000267028809,9.970000267028809,300
2022-12-09,6.702697277069092,10.270000457763672,10.300000190734863,10.270000457763672,10.289999961853027,1700
2022-12-12,6.5264811515808105,10.0,10.100000381469727,10.0,10.100000381469727,900
2022-12-13,6.774487018585205,10.380000114440918,10.380000114440918,9.875,9.989999771118164,4200
2022-12-14,6.689642429351807,10.25,10.25,10.0,10.100000381469727,5300
2022-12-15,6.689642429351807,10.25,10.25,10.25,10.25,100
2022-12-16,6.5917463302612305,10.100000381469727,10.100000381469727,10.100000381469727,10.100000381469727,1200
2022-12-19,6.382896900177002,9.779999732971191,10.020000457763672,9.569999694824219,10.020000457763672,2700
2022-12-20,6.376372814178467,9.770000457763672,9.819999694824219,9.770000457763672,9.770000457763672,1100
2022-12-21,6.382896900177002,9.779999732971191,9.789999961853027,9.75,9.779999732971191,1800
2022-12-22,6.382896900177002,9.779999732971191,9.779999732971191,9.779999732971191,9.779999732971191,1000
2022-12-23,6.363318920135498,9.75,9.819999694824219,9.75,9.75,2500
2022-12-27,6.5264811515808105,10.0,10.0,9.75,9.899999618530273,600
2022-12-28,6.337213039398193,9.710000038146973,9.970000267028809,9.25,9.760000228881836,8200
2022-12-29,6.244536876678467,9.567999839782715,9.800000190734863,9.109999656677246,9.75,6900
2022-12-30,6.395950794219971,9.800000190734863,9.800000190734863,9.4399995803833,9.4399995803833,2100
2023-01-03,6.1675238609313965,9.449999809265137,9.449999809265137,9.449999809265137,9.449999809265137,100
2023-01-04,6.298054218292236,9.649999618530273,9.649999618530273,9.649999618530273,9.649999618530273,200
2023-01-05,6.330686569213867,9.699999809265137,9.699999809265137,9.630000114440918,9.630000114440918,300
2023-01-06,6.381592273712158,9.777999877929688,9.793999671936035,9.760000228881836,9.760000228881836,6000
2023-01-09,6.329381942749023,9.697999954223633,9.800000190734863,9.628000259399414,9.800000190734863,3700
2023-01-10,6.3332977294921875,9.704000473022461,9.704000473022461,9.239999771118164,9.239999771118164,2700
2023-01-11,6.004361629486084,9.199999809265137,9.710000038146973,9.119999885559082,9.710000038146973,13600
2023-01-12,5.99130916595459,9.180000305175781,9.300000190734863,9.149999618530273,9.154999732971191,4200
2023-01-13,6.0761542320251465,9.3100004196167,9.3100004196167,9.21500015258789,9.220000267028809,1300
2023-01-17,6.226262092590332,9.539999961853027,9.539999961853027,9.539999961853027,9.539999961853027,200
2023-01-18,6.232788562774658,9.550000190734863,9.550000190734863,9.550000190734863,9.550000190734863,700
2023-01-19,6.2066826820373535,9.510000228881836,9.510000228881836,9.5,9.510000228881836,1600
2023-01-20,6.2066826820373535,9.510000228881836,9.510000228881836,9.510000228881836,9.510000228881836,0
2023-01-23,6.285000801086426,9.630000114440918,9.630000114440918,9.59000015258789,9.59000015258789,700
2023-01-24,6.3045806884765625,9.65999984741211,9.65999984741211,9.65999984741211,9.65999984741211,200
2023-01-25,6.363318920135498,9.75,9.800000190734863,9.75,9.800000190734863,500
2023-01-26,6.265421390533447,9.600000381469727,9.78600025177002,9.600000381469727,9.78600025177002,1300
2023-01-27,6.395950794219971,9.800000190734863,9.819999694824219,9.75,9.75,10500
2023-01-30,6.513427257537842,9.979999542236328,9.979999542236328,9.600000381469727,9.600000381469727,1500
2023-01-31,6.513427257537842,9.979999542236328,9.979999542236328,9.836000442504883,9.836000442504883,2200
2023-02-01,6.49384880065918,9.949999809265137,10.0,9.949999809265137,9.970000267028809,3500
2023-02-02,6.036994934082031,9.25,9.949999809265137,9.25,9.949999809265137,14900
2023-02-03,5.9390974044799805,9.100000381469727,9.510000228881836,9.100000381469727,9.510000228881836,11200
2023-02-06,6.232788562774658,9.550000190734863,9.550000190734863,9.479999542236328,9.479999542236328,500
2023-02-07,6.239315032958984,9.5600004196167,9.5600004196167,9.5600004196167,9.5600004196167,200
2023-02-08,6.200157642364502,9.5,9.5,9.5,9.5,300
2023-02-09,6.069626808166504,9.300000190734863,9.300000190734863,9.300000190734863,9.300000190734863,1100
2023-02-10,6.1087846755981445,9.359999656677246,9.359999656677246,9.359999656677246,9.359999656677246,700
2023-02-13,6.102259635925293,9.350000381469727,9.350000381469727,9.350000381469727,9.350000381469727,1900
2023-02-14,6.102259635925293,9.350000381469727,9.350000381469727,9.350000381469727,9.350000381469727,0
2023-02-15,6.200157642364502,9.5,9.649999618530273,9.5,9.5600004196167,1600
2023-02-16,6.102259635925293,9.350000381469727,9.5,9.350000381469727,9.5,2100
2023-02-17,6.200157642364502,9.5,9.5,9.5,9.5,200
2023-02-21,6.265421390533447,9.600000381469727,9.600000381469727,9.600000381469727,9.600000381469727,1100
2023-02-22,6.193630695343018,9.489999771118164,9.5,9.479999542236328,9.5,1200
2023-02-23,6.193630695343018,9.489999771118164,9.489999771118164,9.489999771118164,9.489999771118164,0
2023-02-24,6.232788562774658,9.550000190734863,9.550000190734863,9.472999572753906,9.472999572753906,1400
2023-02-27,6.28239107131958,9.62600040435791,9.649999618530273,9.62600040435791,9.640000343322754,3400
2023-02-28,6.4807963371276855,9.930000305175781,9.930000305175781,9.82800006866455,9.82800006866455,300
2023-03-01,6.435109615325928,9.859999656677246,9.859999656677246,9.859999656677246,9.859999656677246,600
2023-03-02,6.3437395095825195,9.720000267028809,9.720000267028809,9.720000267028809,9.720000267028809,700
2023-03-03,6.3437395095825195,9.720000267028809,9.720000267028809,9.720000267028809,9.720000267028809,0
2023-03-06,6.285000801086426,9.630000114440918,9.699999809265137,9.630000114440918,9.699999809265137,800
2023-03-07,6.219735145568848,9.529999732971191,9.529999732971191,9.529999732971191,9.529999732971191,300
2023-03-08,5.945623397827148,9.109999656677246,9.529999732971191,9.109999656677246,9.529999732971191,1000
2023-03-09,6.082679271697998,9.319999694824219,9.427000045776367,9.15999984741211,9.364999771118164,1300
2023-03-10,6.069626808166504,9.300000190734863,9.4399995803833,9.199999809265137,9.25,6900
2023-03-13,5.9475812911987305,9.11299991607666,9.5,9.109999656677246,9.305000305175781,1600
2023-03-14,6.036994934082031,9.25,9.25,9.109999656677246,9.109999656677246,6200
2023-03-15,5.9390974044799805,9.100000381469727,9.276000022888184,9.100000381469727,9.276000022888184,6400
2023-03-16,6.038952350616455,9.253000259399414,9.253000259399414,9.100000381469727,9.100000381469727,700
2023-03-17,6.017415523529053,9.220000267028809,9.220000267028809,9.220000267028809,9.220000267028809,1500
2023-03-20,6.017415523529053,9.220000267028809,9.220000267028809,9.220000267028809,9.220000267028809,0
2023-03-21,6.0167622566223145,9.218999862670898,9.218999862670898,9.218999862670898,9.218999862670898,100
2023-03-22,6.0167622566223145,9.218999862670898,9.218999862670898,9.218999862670898,9.218999862670898,100
2023-03-23,5.92604398727417,9.079999923706055,9.079999923706055,9.079999923706055,9.079999923706055,300
2023-03-24,5.92604398727417,9.079999923706055,9.079999923706055,9.079999923706055,9.079999923706055,0
2023-03-27,5.3843464851379395,8.25,9.0,8.25,9.0,5400
2023-03-28,5.515528678894043,8.451000213623047,8.451000213623047,8.399999618530273,8.449999809265137,2600
2023-03-29,5.547508239746094,8.5,8.550000190734863,8.5,8.510000228881836,1000
2023-03-30,5.547508239746094,8.5,8.5,8.5,8.5,0
2023-03-31,5.997835159301758,9.1899995803833,9.25,9.1899995803833,9.239999771118164,2200
2023-04-03,5.997835159301758,9.1899995803833,9.1899995803833,9.1899995803833,9.1899995803833,0
2023-04-04,5.547508239746094,8.5,8.640000343322754,8.5,8.569999694824219,3300
2023-04-05,5.103707790374756,7.820000171661377,8.5,7.820000171661377,8.5,2400
2023-04-06,5.325607776641846,8.15999984741211,8.210000038146973,8.109999656677246,8.170000076293945,2500
2023-04-10,5.2342376708984375,8.020000457763672,8.25,8.020000457763672,8.25,1600
2023-04-11,5.2342376708984375,8.020000457763672,8.020000457763672,8.020000457763672,8.020000457763672,0
2023-04-12,5.2342376708984375,8.020000457763672,8.020000457763672,8.020000457763672,8.020000457763672,0
2023-04-13,5.539676189422607,8.48799991607666,8.48799991607666,8.0,8.0,700
2023-04-14,5.574919700622559,8.541999816894531,9.25,8.5,9.25,3500
2023-04-17,5.286448955535889,8.100000381469727,8.40999984741211,8.100000381469727,8.40999984741211,6700
2023-04-18,5.684564113616943,8.710000038146973,8.710000038146973,8.699999809265137,8.710000038146973,600
2023-04-19,5.221184253692627,8.0,8.109999656677246,8.0,8.109999656677246,2100
2023-04-20,5.547508239746094,8.5,8.5,8.5,8.5,200
2023-04-21,5.221184253692627,8.0,8.529999732971191,8.0,8.529999732971191,3100
2023-04-24,5.221184253692627,8.0,8.0,7.989999771118164,8.0,11400
2023-04-25,5.215963363647461,7.992000102996826,8.0,7.964000225067139,7.989999771118164,1700
2023-04-26,5.227711200714111,8.010000228881836,8.010000228881836,7.920000076293945,8.0,4300
2023-04-27,5.253817558288574,8.050000190734863,8.0600004196167,7.929999828338623,8.010000228881836,8900
2023-04-28,5.3843464851379395,8.25,8.289999961853027,8.0,8.0,8200
2023-05-01,5.482243537902832,8.399999618530273,8.399999618530273,8.25,8.25,12100
2023-05-02,5.534454822540283,8.479999542236328,8.630000114440918,8.399999618530273,8.399999618530273,55500
2023-05-03,5.547508239746094,8.5,8.619999885559082,8.479999542236328,8.479999542236328,5200
2023-05-04,5.55403470993042,8.510000228881836,8.630000114440918,8.510000228881836,8.579999923706055,1200
2023-05-05,5.547508239746094,8.5,8.5649995803833,8.460000038146973,8.460000038146973,4200
2023-05-08,5.619300365447998,8.609999656677246,8.729999542236328,8.59000015258789,8.600000381469727,2900
2023-05-09,5.622563362121582,8.614999771118164,8.619999885559082,8.609999656677246,8.609999656677246,7900
2023-05-10,5.561214447021484,8.520999908447266,8.755000114440918,8.520999908447266,8.619999885559082,14200
2023-05-11,5.547508239746094,8.5,8.600000381469727,8.40999984741211,8.40999984741211,11300
2023-05-12,5.599720001220703,8.579999923706055,8.75,8.510000228881836,8.704999923706055,9000
2023-05-15,5.606246471405029,8.59000015258789,8.600000381469727,8.479999542236328,8.479999542236328,9500
2023-05-16,5.606246471405029,8.59000015258789,8.600000381469727,8.579999923706055,8.600000381469727,3000
2023-05-17,5.6134257316589355,8.60099983215332,8.609999656677246,8.569999694824219,8.569999694824219,16500
2023-05-18,5.5638251304626465,8.524999618530273,8.550000190734863,8.524999618530273,8.539999961853027,1900
2023-05-19,5.482243537902832,8.399999618530273,8.529999732971191,8.399999618530273,8.5,9500
2023-05-22,5.5670881271362305,8.529999732971191,8.6899995803833,8.460000038146973,8.5,6700
2023-05-23,5.62908935546875,8.625,8.675000190734863,8.510000228881836,8.510000228881836,11300
2023-05-24,5.55403470993042,8.510000228881836,8.600000381469727,8.510000228881836,8.529999732971191,12500
2023-05-25,5.55403470993042,8.510000228881836,8.645000457763672,8.484999656677246,8.645000457763672,1900
2023-05-26,5.508349418640137,8.4399995803833,8.520000457763672,8.40999984741211,8.520000457763672,3100
2023-05-30,5.416979789733887,8.300000190734863,8.300000190734863,8.279999732971191,8.289999961853027,1100
2023-05-31,5.475718021392822,8.390000343322754,8.489999771118164,8.390000343322754,8.489999771118164,2300
2023-06-01,5.416979789733887,8.300000190734863,8.34000015258789,8.300000190734863,8.34000015258789,500
2023-06-02,5.482243537902832,8.399999618530273,8.399999618530273,8.354000091552734,8.354000091552734,1800
2023-06-05,5.449612617492676,8.350000381469727,8.350000381469727,8.34000015258789,8.34000015258789,700
2023-06-06,5.410452365875244,8.289999961853027,8.510000228881836,8.289999961853027,8.510000228881836,600
2023-06-07,5.306029319763184,8.130000114440918,8.649999618530273,8.130000114440918,8.38700008392334,22700
2023-06-08,5.3843464851379395,8.25,8.454999923706055,8.25,8.454999923706055,1900
2023-06-09,5.371293067932129,8.229999542236328,8.229999542236328,8.229999542236328,8.229999542236328,400
2023-06-12,5.371293067932129,8.229999542236328,8.229999542236328,8.229999542236328,8.229999542236328,200
2023-06-13,5.345187664031982,8.1899995803833,8.1899995803833,8.182999610900879,8.182999610900879,1000
2023-06-14,5.306029319763184,8.130000114440918,8.130000114440918,8.130000114440918,8.130000114440918,500
2023-06-15,5.351714611053467,8.199999809265137,8.300000190734863,8.199999809265137,8.199999809265137,8500
2023-06-16,5.299501895904541,8.119999885559082,8.329999923706055,8.119999885559082,8.329999923706055,13100
2023-06-20,5.416979789733887,8.300000190734863,8.496999740600586,8.300000190734863,8.300000190734863,5200
2023-06-21,5.364767551422119,8.220000267028809,8.37600040435791,8.130000114440918,8.37600040435791,4000
2023-06-22,5.364767551422119,8.220000267028809,8.220000267028809,8.220000267028809,8.220000267028809,100
2023-06-23,5.312556266784668,8.140000343322754,8.36299991607666,8.140000343322754,8.270000457763672,1600
2023-06-26,5.223794937133789,8.003999710083008,8.28600025177002,8.0,8.199999809265137,12400
2023-06-27,5.221184253692627,8.0,8.3149995803833,8.0,8.100000381469727,6000
2023-06-28,5.182024955749512,7.940000057220459,8.100000381469727,7.885000228881836,8.100000381469727,8300
2023-06-29,5.358240127563477,8.210000038146973,8.369999885559082,7.960000038146973,7.960000038146973,1600
2023-06-30,5.336050033569336,8.175999641418457,8.343999862670898,7.889999866485596,7.889999866485596,2700
2023-07-03,5.336050033569336,8.175999641418457,8.175999641418457,8.175999641418457,8.175999641418457,0
2023-07-05,5.3066816329956055,8.130999565124512,8.130999565124512,8.079999923706055,8.079999923706055,800
2023-07-06,5.345187664031982,8.1899995803833,8.4399995803833,8.180000305175781,8.180000305175781,7200
2023-07-07,5.456137180328369,8.359999656677246,8.5,8.307000160217285,8.5,3600
2023-07-10,5.4626641273498535,8.369999885559082,8.430000305175781,8.369999885559082,8.430000305175781,500
2023-07-11,5.501823902130127,8.430000305175781,8.5,8.399999618530273,8.4399995803833,2400
2023-07-12,5.475718021392822,8.390000343322754,8.449999809265137,8.369999885559082,8.449999809265137,1500
2023-07-13,5.501823902130127,8.430000305175781,8.430000305175781,8.350000381469727,8.399999618530273,400
2023-07-14,5.498559951782227,8.425000190734863,8.425000190734863,8.425000190734863,8.425000190734863,600
2023-07-17,5.39739990234375,8.270000457763672,8.270000457763672,8.270000457763672,8.270000457763672,400
2023-07-18,5.547508239746094,8.5,8.5,8.399999618530273,8.399999618530273,500
2023-07-19,5.508349418640137,8.4399995803833,8.5,8.435999870300293,8.5,1500
2023-07-20,5.3843464851379395,8.25,8.53499984741211,8.25,8.380999565124512,3200
2023-07-21,5.162446022033691,7.909999847412109,8.255000114440918,7.909999847412109,8.187999725341797,3600
2023-07-24,5.1298136711120605,7.860000133514404,8.095000267028809,7.860000133514404,8.039999961853027,7300
2023-07-25,4.992757797241211,7.650000095367432,8.010000228881836,7.519999980926514,8.010000228881836,10300
2023-07-26,5.0906548500061035,7.800000190734863,8.050000190734863,7.659999847412109,7.96999979019165,4100
2023-07-27,5.221184253692627,8.0,8.010000228881836,7.940000057220459,7.940000057220459,5400
2023-07-28,5.3843464851379395,8.25,8.25,7.940000057220459,7.989999771118164,11100
2023-07-31,5.365419864654541,8.220999717712402,8.220999717712402,8.182999610900879,8.182999610900879,600
2023-08-01,5.691092014312744,8.720000267028809,8.720000267028809,8.1899995803833,8.35099983215332,5700
2023-08-02,5.580141067504883,8.550000190734863,8.579999923706055,8.539999961853027,8.539999961853027,1300
2023-08-03,5.70088005065918,8.734999656677246,8.899999618530273,8.5,8.609999656677246,8500
2023-08-04,5.678037643432617,8.699999809265137,8.699999809265137,8.699999809265137,8.699999809265137,400
2023-08-07,5.681301116943359,8.704999923706055,8.755000114440918,8.609999656677246,8.647000312805176,5300
2023-08-08,5.7563557624816895,8.819999694824219,8.819999694824219,8.687999725341797,8.710000038146973,3600
2023-08-09,5.743303298950195,8.800000190734863,8.859999656677246,8.800000190734863,8.800000190734863,2500
2023-08-10,5.726987361907959,8.774999618530273,8.930000305175781,8.774999618530273,8.930000305175781,4200
2023-08-11,6.141418933868408,9.40999984741211,9.630000114440918,9.210000038146973,9.210000038146973,13500
2023-08-14,6.141418933868408,9.40999984741211,9.5,9.40999984741211,9.5,11800
2023-08-15,6.200157642364502,9.5,9.675999641418457,9.5,9.675999641418457,12300
2023-08-16,6.252368927001953,9.579999923706055,9.642000198364258,9.53499984741211,9.550000190734863,2600
2023-08-17,6.252368927001953,9.579999923706055,9.609999656677246,9.479999542236328,9.579999923706055,6800
2023-08-18,6.252368927001953,9.579999923706055,9.579999923706055,9.430000305175781,9.553999900817871,2000
2023-08-21,6.200157642364502,9.5,9.5649995803833,9.399999618530273,9.420000076293945,11000
2023-08-22,6.278473854064941,9.619999885559082,9.619999885559082,9.5,9.609999656677246,2000
2023-08-23,6.200157642364502,9.5,9.59000015258789,9.5,9.59000015258789,9500
2023-08-24,6.134891986846924,9.399999618530273,9.579999923706055,9.399999618530273,9.579999923706055,2600
2023-08-25,6.180577278137207,9.470000267028809,9.470000267028809,9.470000267028809,9.470000267028809,300
2023-08-28,6.177313804626465,9.46500015258789,9.493000030517578,9.430000305175781,9.430000305175781,2100
2023-08-29,6.245843410491943,9.569999694824219,9.569999694824219,9.494999885559082,9.539999961853027,1200
2023-08-30,6.467741966247559,9.90999984741211,9.90999984741211,9.5,9.5,1900
2023-08-31,6.4090046882629395,9.819999694824219,9.9399995803833,9.770000457763672,9.770000457763672,2300
2023-09-01,6.428584098815918,9.850000381469727,9.850000381469727,9.600000381469727,9.84000015258789,5300
2023-09-05,6.585219383239746,10.09000015258789,10.319999694824219,9.788000106811523,9.850000381469727,21600
2023-09-06,6.572165489196777,10.069999694824219,10.350000381469727,9.899999618530273,10.350000381469727,21600
2023-09-07,6.611324787139893,10.130000114440918,10.25,10.010000228881836,10.140000343322754,16800
2023-09-08,6.735327243804932,10.319999694824219,10.319999694824219,10.020000457763672,10.130000114440918,5900
2023-09-11,6.689642429351807,10.25,10.470000267028809,10.149999618530273,10.460000038146973,9300
2023-09-12,6.764697074890137,10.364999771118164,10.465999603271484,10.130000114440918,10.149999618530273,25000
2023-09-13,6.5917463302612305,10.100000381469727,10.430000305175781,10.055999755859375,10.319999694824219,23700
2023-09-14,6.61262845993042,9.5,9.696000099182129,9.190999984741211,9.420000076293945,7000
2023-09-15,6.8423309326171875,9.829999923706055,9.829999923706055,9.479999542236328,9.510000228881836,11800
2023-09-18,6.515177249908447,9.359999656677246,9.550000190734863,9.300000190734863,9.300000190734863,6700
2023-09-19,6.577824115753174,9.449999809265137,9.5,9.364999771118164,9.475000381469727,7600
2023-09-20,6.814486026763916,9.789999961853027,9.789999961853027,9.479999542236328,9.5,3500
2023-09-21,6.577824115753174,9.449999809265137,9.739999771118164,9.449999809265137,9.739999771118164,3000
2023-09-22,6.6195878982543945,9.510000228881836,9.600000381469727,9.460000038146973,9.569999694824219,2200
2023-09-25,6.6195878982543945,9.510000228881836,9.649999618530273,9.460000038146973,9.649999618530273,4000
2023-09-26,6.6195878982543945,9.510000228881836,9.510000228881836,9.510000228881836,9.510000228881836,0
2023-09-27,6.779683589935303,9.739999771118164,9.739999771118164,9.369999885559082,9.729999542236328,1300
2023-09-28,6.778987884521484,9.73900032043457,9.73900032043457,9.539999961853027,9.539999961853027,5000
2023-09-29,6.737919807434082,9.680000305175781,9.680000305175781,9.680000305175781,9.680000305175781,1000
2023-10-02,6.730958461761475,9.670000076293945,9.670000076293945,9.550000190734863,9.670000076293945,5300
2023-10-03,6.654391288757324,9.5600004196167,9.5600004196167,9.5,9.529999732971191,8700
2023-10-04,6.595225811004639,9.475000381469727,9.475000381469727,9.199999809265137,9.359999656677246,7500
2023-10-05,6.6195878982543945,9.510000228881836,9.600000381469727,9.479999542236328,9.479999542236328,4600
2023-10-06,6.650912284851074,9.555000305175781,9.600000381469727,9.555000305175781,9.600000381469727,1100
2023-10-09,6.605667591094971,9.489999771118164,9.510000228881836,9.4399995803833,9.510000228881836,4600
2023-10-10,6.605667591094971,9.489999771118164,9.581000328063965,9.430000305175781,9.449999809265137,4500
2023-10-11,6.584785461425781,9.460000038146973,9.460000038146973,9.460000038146973,9.460000038146973,1100
2023-10-12,6.5987067222595215,9.479999542236328,9.489999771118164,9.369999885559082,9.40999984741211,2100
2023-10-13,6.556941986083984,9.420000076293945,9.4399995803833,9.199999809265137,9.369999885559082,1900
2023-10-16,6.431649684906006,9.239999771118164,9.390000343322754,9.199999809265137,9.199999809265137,4400
2023-10-17,6.522138595581055,9.369999885559082,9.380000114440918,9.289999961853027,9.289999961853027,5000
2023-10-18,6.515177249908447,9.359999656677246,9.380000114440918,9.300000190734863,9.300000190734863,3500
2023-10-19,6.473414421081543,9.300000190734863,9.3100004196167,9.300000190734863,9.3100004196167,1300
2023-10-20,6.410768508911133,9.210000038146973,9.300000190734863,9.210000038146973,9.260000228881836,1600
2023-10-23,6.508217811584473,9.350000381469727,9.359999656677246,9.350000381469727,9.359999656677246,600
2023-10-24,6.424689769744873,9.229999542236328,9.239999771118164,9.229999542236328,9.239999771118164,1200
2023-10-25,6.440003871917725,9.251999855041504,9.251999855041504,9.229999542236328,9.229999542236328,2400
2023-10-26,6.472023010253906,9.29800033569336,9.29800033569336,9.1899995803833,9.274999618530273,1300
2023-10-27,6.529099941253662,9.380000114440918,9.4399995803833,9.34000015258789,9.34000015258789,5000
2023-10-30,6.529099941253662,9.380000114440918,9.380000114440918,9.380000114440918,9.380000114440918,0
2023-10-31,6.529099941253662,9.380000114440918,9.380000114440918,9.380000114440918,9.380000114440918,0
2023-11-01,6.459492206573486,9.279999732971191,9.390000343322754,9.199999809265137,9.369999885559082,10900
2023-11-02,6.473414421081543,9.300000190734863,9.350000381469727,9.1850004196167,9.270000457763672,3700
2023-11-03,6.417729377746582,9.220000267028809,9.413999557495117,9.220000267028809,9.413999557495117,2100
2023-11-06,6.473414421081543,9.300000190734863,9.300000190734863,9.300000190734863,9.300000190734863,400
2023-11-07,6.508217811584473,9.350000381469727,9.569999694824219,9.0600004196167,9.220000267028809,6100
2023-11-08,6.403807163238525,9.199999809265137,9.210000038146973,9.170000076293945,9.170000076293945,800
2023-11-09,6.4239935874938965,9.229000091552734,9.369999885559082,9.220000267028809,9.34000015258789,2700
2023-11-10,6.396846294403076,9.1899995803833,9.550000190734863,9.182999610900879,9.3100004196167,7500
2023-11-13,6.462973594665527,9.28499984741211,9.539999961853027,9.28499984741211,9.539999961853027,7000
2023-11-14,6.403807163238525,9.199999809265137,9.399999618530273,9.109999656677246,9.399999618530273,18600
2023-11-15,6.529099941253662,9.380000114440918,9.633999824523926,9.340999603271484,9.340999603271484,3000
2023-11-16,6.4386115074157715,9.25,9.390000343322754,9.25,9.390000343322754,700
2023-11-17,6.389886379241943,9.180000305175781,9.350000381469727,9.154999732971191,9.260000228881836,5000
2023-11-20,6.636989593505859,9.53499984741211,9.53499984741211,9.229999542236328,9.229999542236328,4200
2023-11-21,6.568080425262451,9.435999870300293,9.65999984741211,9.435999870300293,9.515000343322754,5400
2023-11-22,6.640469551086426,9.539999961853027,9.539999961853027,9.470000267028809,9.489999771118164,6200
2023-11-24,6.60288143157959,9.486000061035156,9.529999732971191,9.486000061035156,9.529999732971191,600
2023-11-27,6.604970932006836,9.48900032043457,9.510000228881836,9.460000038146973,9.510000228881836,5700
2023-11-28,6.54998254776001,9.40999984741211,9.470000267028809,9.390000343322754,9.449999809265137,1800
2023-11-29,6.591745853424072,9.470000267028809,9.470000267028809,9.399999618530273,9.399999618530273,1500
2023-11-30,6.5987067222595215,9.479999542236328,9.5,9.3100004196167,9.489999771118164,15700
2023-12-01,6.591745853424072,9.470000267028809,9.5,9.470000267028809,9.5,7600
2023-12-04,6.7038116455078125,9.630999565124512,9.649999618530273,9.539999961853027,9.59000015258789,7500
2023-12-05,6.717037677764893,9.649999618530273,9.680000305175781,9.550000190734863,9.65999984741211,15400
2023-12-06,6.705204486846924,9.633000373840332,9.699999809265137,9.600000381469727,9.699999809265137,4000
2023-12-07,6.661353588104248,9.569999694824219,9.670000076293945,9.350000381469727,9.479999542236328,4700
2023-12-08,6.633508682250977,9.529999732971191,9.649999618530273,9.529999732971191,9.649999618530273,1700
2023-12-11,6.640469551086426,9.539999961853027,9.595000267028809,9.460000038146973,9.5,17200
2023-12-12,6.61262845993042,9.5,9.859000205993652,9.479999542236328,9.579999923706055,18300
2023-12-13,6.5987067222595215,9.479999542236328,9.569999694824219,9.350000381469727,9.5,16700
2023-12-14,6.61262845993042,9.5,9.770000457763672,9.5,9.699999809265137,34900
2023-12-15,6.776203632354736,9.734999656677246,9.835000038146973,9.550000190734863,9.729999542236328,50800
2023-12-18,6.828409671783447,9.8100004196167,10.034000396728516,9.6899995803833,9.850000381469727,91300
2023-12-19,6.6335248947143555,8.850000381469727,9.300000190734863,8.449999809265137,8.850000381469727,70400
2023-12-20,6.513597011566162,8.6899995803833,9.100000381469727,8.670000076293945,8.920000076293945,37200
2023-12-21,6.236262321472168,8.319999694824219,8.869000434875488,8.319999694824219,8.75,21300
2023-12-22,6.311217784881592,8.420000076293945,8.45300006866455,8.319999694824219,8.319999694824219,21400
2023-12-26,6.266244411468506,8.359999656677246,8.600000381469727,8.350000381469727,8.529999732971191,18700
2023-12-27,6.258750915527344,8.350000381469727,8.579999923706055,8.322999954223633,8.40999984741211,8400
2023-12-28,6.303722858428955,8.40999984741211,8.625,8.40999984741211,8.625,2000
2023-12-29,6.326208591461182,8.4399995803833,8.550000190734863,8.359999656677246,8.5,19000
2024-01-02,6.349444389343262,8.470999717712402,8.619999885559082,8.399999618530273,8.430000305175781,17200
2024-01-03,6.288732051849365,8.390000343322754,8.550000190734863,8.380000114440918,8.489999771118164,13200
2024-01-04,6.326208591461182,8.4399995803833,8.5,8.354000091552734,8.430000305175781,9100
2024-01-05,6.371181488037109,8.5,8.524999618530273,8.40999984741211,8.4399995803833,9900
2024-01-08,6.3411993980407715,8.460000038146973,8.572999954223633,8.449999809265137,8.5,4300
2024-01-09,6.326208591461182,8.4399995803833,8.536999702453613,8.380000114440918,8.460000038146973,4300
2024-01-10,6.266993999481201,8.361000061035156,8.399999618530273,8.361000061035156,8.380000114440918,7700
2024-01-11,6.296226978302002,8.399999618530273,8.399999618530273,8.369999885559082,8.380000114440918,2400
2024-01-12,6.31496524810791,8.425000190734863,8.480999946594238,8.399999618530273,8.425000190734863,2100
2024-01-16,6.2212724685668945,8.300000190734863,8.430000305175781,8.300000190734863,8.430000305175781,7300
2024-01-17,6.2212724685668945,8.300000190734863,8.40999984741211,8.300000190734863,8.399999618530273,4100
2024-01-18,6.135074138641357,8.1850004196167,8.300000190734863,8.15999984741211,8.300000190734863,6000
2024-01-19,6.153811931610107,8.210000038146973,8.399999618530273,8.15999984741211,8.15999984741211,4200
2024-01-22,5.734063625335693,7.650000095367432,8.1899995803833,7.289999961853027,8.15999984741211,32800
2024-01-23,5.921451568603516,7.900000095367432,7.920000076293945,7.610000133514404,7.690000057220459,5800
2024-01-24,5.734063625335693,7.650000095367432,7.849999904632568,7.650000095367432,7.690000057220459,14200
2024-01-25,5.764046669006348,7.690000057220459,7.699999809265137,7.610000133514404,7.699999809265137,5400
2024-01-26,5.764046669006348,7.690000057220459,7.699999809265137,7.65500020980835,7.699999809265137,10000
2024-01-29,5.771541595458984,7.699999809265137,7.699999809265137,7.619999885559082,7.619999885559082,5400
2024-01-30,5.75280237197876,7.675000190734863,7.699999809265137,7.6519999504089355,7.699999809265137,6400
2024-01-31,5.764046669006348,7.690000057220459,7.699999809265137,7.666999816894531,7.675000190734863,8800
2024-02-01,5.794027805328369,7.730000019073486,7.909999847412109,7.659999847412109,7.679999828338623,7700
2024-02-02,5.951433181762695,7.940000057220459,7.953000068664551,7.71999979019165,7.789999961853027,4900
2024-02-05,5.898965835571289,7.869999885559082,7.954999923706055,7.75,7.75,6000
2024-02-06,6.003902435302734,8.010000228881836,8.149999618530273,7.869999885559082,7.869999885559082,9000
2024-02-07,6.0338850021362305,8.050000190734863,8.093999862670898,7.949999809265137,8.093999862670898,900
2024-02-08,6.0338850021362305,8.050000190734863,8.170000076293945,8.0,8.010000228881836,5300
2024-02-09,5.9739203453063965,7.96999979019165,7.96999979019165,7.949999809265137,7.949999809265137,1600
2024-02-12,6.017393589019775,8.027999877929688,8.104999542236328,7.960000038146973,7.960000038146973,1800
2024-02-13,6.105091094970703,8.145000457763672,8.260000228881836,8.145000457763672,8.260000228881836,400
2024-02-14,5.983664512634277,7.982999801635742,8.140000343322754,7.980000019073486,8.140000343322754,3500
2024-02-15,6.015145301818848,8.024999618530273,8.024999618530273,7.980000019073486,7.980000019073486,10500
2024-02-16,5.947685718536377,7.934999942779541,8.100000381469727,7.849999904632568,7.900000095367432,30800
2024-02-20,6.468624114990234,8.630000114440918,8.819999694824219,8.0600004196167,8.0600004196167,77000
2024-02-21,6.768443584442139,9.029999732971191,9.062000274658203,8.565999984741211,8.760000228881836,35800
2024-02-22,7.158209800720215,9.550000190734863,9.550000190734863,9.029999732971191,9.029999732971191,62400
2024-02-23,7.532986164093018,10.050000190734863,10.149999618530273,9.470000267028809,9.630000114440918,90400
2024-02-26,7.667904853820801,10.229999542236328,10.329999923706055,9.979999542236328,10.020000457763672,32400
2024-02-27,7.705381870269775,10.279999732971191,10.390000343322754,10.090999603271484,10.199999809265137,54000
2024-02-28,7.510500907897949,10.020000457763672,10.333000183105469,10.017000198364258,10.289999961853027,18800
2024-02-29,7.60044527053833,10.140000343322754,10.329999923706055,10.050000190734863,10.140999794006348,7800
2024-03-01,7.596696376800537,10.135000228881836,10.15999984741211,10.062999725341797,10.15999984741211,4900
2024-03-04,7.562967777252197,10.09000015258789,10.130000114440918,10.09000015258789,10.100000381469727,1600
2024-03-05,7.500755310058594,10.006999969482422,10.100000381469727,10.006999969482422,10.100000381469727,9600
2024-03-06,7.496257781982422,10.00100040435791,10.085000038146973,9.979999542236328,10.03600025177002,8900
2024-03-07,7.334354877471924,9.78499984741211,9.979999542236328,9.699999809265137,9.979999542236328,12100
2024-03-08,7.27064323425293,9.699999809265137,9.854999542236328,9.699999809265137,9.699999809265137,8300
2024-03-11,7.350094795227051,9.805999755859375,9.819999694824219,9.774999618530273,9.781999588012695,4900
2024-03-12,7.383076190948486,9.850000381469727,10.0,9.70199966430664,9.70199966430664,12100
2024-03-13,7.375579833984375,9.84000015258789,9.932000160217285,9.84000015258789,9.932000160217285,4100
2024-03-14,7.323112964630127,9.770000457763672,9.970000267028809,9.720999717712402,9.84000015258789,22500
2024-03-15,7.390571117401123,9.859999656677246,10.0,9.859999656677246,9.986000061035156,9100
2024-03-18,7.383076190948486,9.850000381469727,9.970000267028809,9.850000381469727,9.970000267028809,25600
2024-03-19,7.4599833488464355,9.699999809265137,9.819999694824219,9.510000228881836,9.510000228881836,22600
2024-03-20,7.429220199584961,9.65999984741211,9.699999809265137,9.40999984741211,9.699999809265137,17600
2024-03-21,7.4061479568481445,9.630000114440918,9.699999809265137,9.600000381469727,9.699999809265137,5000
2024-03-22,7.536890029907227,9.800000190734863,9.800000190734863,9.649999618530273,9.654999732971191,14100
2024-03-25,7.536890029907227,9.800000190734863,9.979999542236328,9.699999809265137,9.930000305175781,14300
2024-03-26,7.544581890106201,9.8100004196167,9.949999809265137,9.760000228881836,9.875,7500
2024-03-27,7.583034038543701,9.859999656677246,9.859999656677246,9.130000114440918,9.699999809265137,110900
2024-03-28,7.3907670974731445,9.609999656677246,9.699000358581543,8.380000114440918,9.682999610900879,65200
2024-04-01,7.452291965484619,9.6899995803833,9.699999809265137,9.5,9.664999961853027,8800
2024-04-02,7.4738264083862305,9.718000411987305,9.718000411987305,9.50100040435791,9.50100040435791,1800
2024-04-03,7.3907670974731445,9.609999656677246,9.729999542236328,9.520000457763672,9.520000457763672,6300
2024-04-04,7.690704822540283,10.0,10.0,9.670000076293945,9.675000190734863,8100
2024-04-05,7.536890029907227,9.800000190734863,9.90999984741211,9.739999771118164,9.90999984741211,1300
2024-04-08,7.4599833488464355,9.699999809265137,9.848999977111816,9.699999809265137,9.75,6800
2024-04-09,7.613795757293701,9.899999618530273,10.0,9.694999694824219,9.694999694824219,14100
2024-04-10,7.559963226318359,9.829999923706055,9.852999687194824,9.800000190734863,9.8100004196167,4800
2024-04-11,7.67532205581665,9.979999542236328,10.0,9.744999885559082,9.8149995803833,13900
2024-04-12,7.621488094329834,9.90999984741211,10.0,9.899999618530273,9.932999610900879,10300
2024-04-15,7.813754081726074,10.15999984741211,10.29800033569336,10.0,10.029999732971191,15300
2024-04-16,7.836826801300049,10.1899995803833,10.220000267028809,10.170000076293945,10.220000267028809,2100
2024-04-17,7.998331546783447,10.399999618530273,10.680000305175781,10.319999694824219,10.680000305175781,12700
2024-04-18,8.252124786376953,10.729999542236328,10.869999885559082,10.489999771118164,10.600000381469727,40700
2024-04-19,8.429012298583984,10.960000038146973,10.960000038146973,10.51099967956543,10.604999542236328,15000
2024-04-22,8.51130199432373,11.067000389099121,11.1899995803833,10.819999694824219,10.819999694824219,58900
2024-04-23,8.54437255859375,11.109999656677246,11.109999656677246,10.899999618530273,11.085000038146973,17300
2024-04-24,8.52283763885498,11.081999778747559,11.15999984741211,11.081999778747559,11.15999984741211,2300
2024-04-25,8.54437255859375,11.109999656677246,11.109999656677246,11.079999923706055,11.079999923706055,400
2024-04-26,8.59589958190918,11.177000045776367,11.220000267028809,11.020000457763672,11.218000411987305,4800
2024-04-29,8.494382858276367,11.045000076293945,11.149999618530273,11.0,11.149999618530273,10600
2024-04-30,8.690496444702148,11.300000190734863,11.300000190734863,11.0,11.0,15900
2024-05-01,8.567444801330566,11.140000343322754,11.149999618530273,11.010000228881836,11.074999809265137,6100
2024-05-02,8.605127334594727,11.189000129699707,11.29800033569336,11.031000137329102,11.15999984741211,11500
2024-05-03,8.590517044067383,11.170000076293945,11.289999961853027,11.015000343322754,11.015000343322754,5300
2024-05-06,8.686651229858398,11.295000076293945,11.329999923706055,11.229999542236328,11.229999542236328,5500
2024-05-07,8.763557434082031,11.395000457763672,11.40999984741211,11.239999771118164,11.239999771118164,9600
2024-05-08,8.771248817443848,11.404999732971191,11.404999732971191,11.350000381469727,11.404000282287598,2900
2024-05-09,8.705876350402832,11.319999694824219,11.390999794006348,11.3149995803833,11.388999938964844,8900
2024-05-10,8.690496444702148,11.300000190734863,11.489999771118164,11.279999732971191,11.489999771118164,5200
2024-05-13,8.712799072265625,11.329000473022461,11.5,11.210000038146973,11.369999885559082,10800
2024-05-14,8.798165321350098,11.4399995803833,11.4399995803833,11.380000114440918,11.380000114440918,1200
2024-05-15,8.831233978271484,11.482999801635742,11.65999984741211,11.34000015258789,11.510000228881836,5600
2024-05-16,8.728949546813965,11.350000381469727,11.625,11.350000381469727,11.5,2900
2024-05-17,8.6289701461792,11.220000267028809,11.550000190734863,11.220000267028809,11.550000190734863,4400
2024-05-20,8.694340705871582,11.305000305175781,11.395000457763672,11.210000038146973,11.220000267028809,7000
2024-05-21,8.775092124938965,11.40999984741211,11.600000381469727,11.394000053405762,11.399999618530273,8900
2024-05-22,8.744331359863281,11.369999885559082,11.489999771118164,11.225000381469727,11.225000381469727,14700
2024-05-23,8.702031135559082,11.3149995803833,11.479999542236328,11.25,11.300000190734863,2700
2024-05-24,8.744331359863281,11.369999885559082,11.539999961853027,11.210000038146973,11.210000038146973,4800
2024-05-28,8.690496444702148,11.300000190734863,11.369999885559082,11.210000038146973,11.239999771118164,26000
2024-05-29,8.659733772277832,11.260000228881836,11.300000190734863,11.220000267028809,11.220000267028809,5500
2024-05-30,8.728949546813965,11.350000381469727,11.399999618530273,11.25,11.260000228881836,6200
2024-05-31,8.728949546813965,11.350000381469727,11.399999618530273,11.288000106811523,11.390000343322754,7700
2024-06-03,8.744331359863281,11.369999885559082,11.390000343322754,11.25,11.390000343322754,24300
2024-06-04,8.759713172912598,11.390000343322754,11.4399995803833,11.210000038146973,11.260000228881836,21000
2024-06-05,8.767401695251465,11.399999618530273,11.4399995803833,11.324999809265137,11.430000305175781,2100
2024-06-06,8.782783508300781,11.420000076293945,11.4399995803833,11.279999732971191,11.279999732971191,2600
2024-06-07,8.805855751037598,11.449999809265137,11.710000038146973,11.430000305175781,11.430000305175781,16700
2024-06-10,9.078877449035645,11.805000305175781,11.859999656677246,11.420000076293945,11.539999961853027,16700
2024-06-11,8.948134422302246,11.635000228881836,11.890000343322754,11.562000274658203,11.770000457763672,20100
2024-06-12,8.998122215270996,11.699999809265137,11.739999771118164,11.654999732971191,11.72700023651123,5900
2024-06-13,8.998122215270996,11.699999809265137,11.739999771118164,11.593999862670898,11.593999862670898,3600
2024-06-14,9.113484382629395,11.850000381469727,11.850000381469727,11.619999885559082,11.619999885559082,24100
2024-06-17,8.998122215270996,11.699999809265137,11.890000343322754,11.699999809265137,11.890000343322754,25600
2024-06-18,9.52109146118164,12.380000114440918,12.449999809265137,11.600000381469727,11.800000190734863,68500
2024-06-20,9.105083465576172,11.600000381469727,12.329999923706055,11.579999923706055,12.010000228881836,46500
2024-06-21,9.466148376464844,12.0600004196167,12.430000305175781,11.899999618530273,12.005000114440918,7300
2024-06-24,9.411202430725098,11.989999771118164,11.996000289916992,11.670000076293945,11.979999542236328,11400
2024-06-25,9.214971542358398,11.739999771118164,11.970000267028809,11.609999656677246,11.970000267028809,21300
2024-06-26,9.285616874694824,11.829999923706055,11.880000114440918,11.619999885559082,11.630000114440918,4500
2024-06-27,9.183575630187988,11.699999809265137,11.880000114440918,11.6899995803833,11.869999885559082,4300
2024-06-28,9.277767181396484,11.819999694824219,11.880000114440918,11.619999885559082,11.869999885559082,7000
2024-07-01,9.073686599731445,11.5600004196167,11.8100004196167,11.5,11.710000038146973,7500
2024-07-02,8.84605884552002,11.270000457763672,11.5600004196167,11.260000228881836,11.5600004196167,9000
2024-07-03,9.207122802734375,11.729999542236328,12.09000015258789,11.300000190734863,11.300000190734863,5000
2024-07-05,9.065837860107422,11.550000190734863,11.899999618530273,11.329999923706055,11.899999618530273,4800
2024-07-08,9.003044128417969,11.470000267028809,11.600000381469727,11.40999984741211,11.479999542236328,3500
2024-07-09,9.128631591796875,11.630000114440918,11.979999542236328,11.399999618530273,11.654999732971191,2000
2024-07-10,9.269916534423828,11.8100004196167,11.909000396728516,11.5600004196167,11.600000381469727,2300
2024-07-11,9.163952827453613,11.675000190734863,11.819999694824219,11.675000190734863,11.819999694824219,1600
2024-07-12,9.262067794799805,11.800000190734863,11.970000267028809,11.706999778747559,11.84000015258789,2300
2024-07-15,9.332712173461914,11.890000343322754,11.890000343322754,11.3100004196167,11.680000305175781,6600
2024-07-16,9.293465614318848,11.84000015258789,11.84000015258789,11.729999542236328,11.84000015258789,1100
2024-07-17,9.324862480163574,11.880000114440918,11.899999618530273,11.739999771118164,11.899999618530273,2300
2024-07-18,9.340560913085938,11.899999618530273,11.989999771118164,11.5,11.989999771118164,4000
2024-07-19,9.39550495147705,11.970000267028809,12.140000343322754,11.947999954223633,12.050000190734863,5400
2024-07-22,9.419053077697754,12.0,12.100000381469727,11.699999809265137,11.704999923706055,3200
2024-07-23,9.419053077697754,12.0,12.0,11.925000190734863,12.0,1400
2024-07-24,9.301315307617188,11.850000381469727,11.850000381469727,11.654999732971191,11.654999732971191,1500
2024-07-25,9.419053077697754,12.0,12.0,11.831000328063965,11.850000381469727,2700
2024-07-26,9.340560913085938,11.899999618530273,12.0,11.329999923706055,11.329999923706055,5500
2024-07-29,9.144330024719238,11.649999618530273,11.899999618530273,11.640000343322754,11.890000343322754,4200
2024-07-30,9.285616874694824,11.829999923706055,11.84000015258789,11.680000305175781,11.680000305175781,3400
2024-07-31,9.408848762512207,11.987000465393066,11.989999771118164,11.6899995803833,11.732000350952148,5300
2024-08-01,9.262067794799805,11.800000190734863,11.880000114440918,11.755999565124512,11.878999710083008,3100
2024-08-02,9.364107131958008,11.930000305175781,11.970000267028809,11.744999885559082,11.800000190734863,2900
2024-08-05,9.222821235656738,11.75,11.75,11.40999984741211,11.75,8800
2024-08-06,9.39550495147705,11.970000267028809,11.979999542236328,11.588000297546387,11.739999771118164,1700
2024-08-07,9.340560913085938,11.899999618530273,12.0,11.75,12.0,4600
2024-08-08,9.340560913085938,11.899999618530273,12.0,11.743000030517578,11.743000030517578,4900
2024-08-09,9.105083465576172,11.600000381469727,11.800000190734863,11.399999618530273,11.800000190734863,7700
2024-08-12,9.097233772277832,11.59000015258789,11.789999961853027,11.529999732971191,11.529999732971191,1900
2024-08-13,9.230669975280762,11.760000228881836,11.760000228881836,11.579999923706055,11.579999923706055,2400
2024-08-14,9.183575630187988,11.699999809265137,11.699999809265137,11.592000007629395,11.592000007629395,1100
2024-08-15,9.050139427185059,11.529999732971191,11.5600004196167,11.430000305175781,11.5600004196167,3000
2024-08-16,9.050139427185059,11.529999732971191,11.529999732971191,11.40999984741211,11.40999984741211,4000
2024-08-19,8.97949504852295,11.4399995803833,11.446000099182129,11.430000305175781,11.430000305175781,3800
2024-08-20,9.009323120117188,11.477999687194824,11.520000457763672,11.399999618530273,11.399999618530273,3100
2024-08-21,9.010892868041992,11.479999542236328,11.520000457763672,11.479999542236328,11.489999771118164,1200
2024-08-22,9.042290687561035,11.520000457763672,11.520000457763672,11.520000457763672,11.520000457763672,300
2024-08-23,9.042290687561035,11.520000457763672,11.520000457763672,11.430000305175781,11.449999809265137,5800
2024-08-26,9.065837860107422,11.550000190734863,11.550000190734863,11.515999794006348,11.515999794006348,700
2024-08-27,9.007753372192383,11.47599983215332,11.491000175476074,11.399999618530273,11.46500015258789,5500
2024-08-28,8.963797569274902,11.420000076293945,11.430000305175781,11.40999984741211,11.40999984741211,1600
2024-08-29,9.010892868041992,11.479999542236328,11.479999542236328,11.40999984741211,11.40999984741211,600
2024-08-30,8.995194435119629,11.460000038146973,11.470000267028809,11.460000038146973,11.470000267028809,700
2024-09-03,8.9402494430542,11.390000343322754,11.4350004196167,11.390000343322754,11.4350004196167,1100
2024-09-04,8.948098182678223,11.399999618530273,11.399999618530273,11.359999656677246,11.36400032043457,900
2024-09-05,8.995194435119629,11.460000038146973,11.470000267028809,11.460000038146973,11.460000038146973,800
2024-09-06,8.995194435119629,11.460000038146973,11.460000038146973,11.460000038146973,11.460000038146973,300
2024-09-09,8.987344741821289,11.449999809265137,11.449999809265137,11.109999656677246,11.364999771118164,5300
2024-09-10,8.995194435119629,11.460000038146973,11.460000038146973,11.199999809265137,11.199999809265137,1500
2024-09-11,8.932400703430176,11.380000114440918,11.489999771118164,11.380000114440918,11.470000267028809,1500
2024-09-12,8.932400703430176,11.380000114440918,11.430000305175781,11.380000114440918,11.430000305175781,2300
2024-09-13,8.932400703430176,11.380000114440918,11.479999542236328,11.380000114440918,11.380000114440918,1100
2024-09-16,9.160027503967285,11.670000076293945,11.729999542236328,11.449999809265137,11.489999771118164,5900
2024-09-17,9.356258392333984,11.920000076293945,11.930000305175781,11.720000267028809,11.720000267028809,12200
2024-09-18,9.214971542358398,11.739999771118164,11.989999771118164,11.739999771118164,11.949999809265137,8800
2024-09-19,9.303192138671875,11.600000381469727,11.720000267028809,11.34000015258789,11.710000038146973,7700
2024-09-20,9.166852951049805,11.430000305175781,11.579999923706055,11.399999618530273,11.579999923706055,9000
2024-09-23,9.038533210754395,11.270000457763672,11.473999977111816,11.270000457763672,11.350000381469727,3700
2024-09-24,8.704900741577148,10.854000091552734,11.27299976348877,10.850000381469727,11.27299976348877,46000
2024-09-25,8.6359281539917,10.767999649047852,10.819999694824219,10.767999649047852,10.789999961853027,7900
2024-09-26,8.648761749267578,10.784000396728516,10.989999771118164,10.784000396728516,10.989999771118164,2600
2024-09-27,8.637534141540527,10.770000457763672,10.772000312805176,10.550000190734863,10.770000457763672,6700
2024-09-30,8.533272743225098,10.640000343322754,10.699999809265137,10.600000381469727,10.600000381469727,4100
2024-10-01,8.60946273803711,10.734999656677246,10.800000190734863,10.539999961853027,10.539999961853027,4900
2024-10-02,8.862092971801758,11.050000190734863,11.199999809265137,11.0,11.199999809265137,4700
2024-10-03,9.423492431640625,11.75,12.5,11.015000343322754,11.09000015258789,42700
2024-10-04,9.543792724609375,11.899999618530273,12.274999618530273,11.654999732971191,12.149999618530273,77800
2024-10-07,9.944792747497559,12.399999618530273,12.550000190734863,12.0,12.0,51000
2024-10-08,10.081130981445312,12.569999694824219,12.569999694824219,12.350000381469727,12.460000038146973,44700
2024-10-09,10.2174711227417,12.739999771118164,12.869999885559082,12.479999542236328,12.479999542236328,35200
2024-10-10,10.33777141571045,12.890000343322754,12.890000343322754,12.725000381469727,12.75100040435791,22900
2024-10-11,10.265592575073242,12.800000190734863,12.970000267028809,12.800000190734863,12.899999618530273,32600
2024-10-14,10.61044979095459,13.229999542236328,13.380000114440918,12.789999961853027,12.850000381469727,37800
2024-10-15,10.618471145629883,13.239999771118164,13.319999694824219,12.979999542236328,13.319999694824219,9000
2024-10-16,10.582380294799805,13.194999694824219,13.3100004196167,13.029999732971191,13.119999885559082,7900
2024-10-17,10.49817180633545,13.09000015258789,13.140000343322754,13.010000228881836,13.09000015258789,4900
2024-10-18,10.586390495300293,13.199999809265137,13.324999809265137,13.069999694824219,13.069999694824219,7100
2024-10-21,10.393911361694336,12.960000038146973,13.25,12.960000038146973,13.119999885559082,6000
2024-10-22,10.42599105834961,13.0,13.0,12.890000343322754,12.890000343322754,3900
2024-10-23,10.42599105834961,13.0,13.0,12.960000038146973,12.960000038146973,1100
2024-10-24,10.393911361694336,12.960000038146973,12.960000038146973,12.960000038146973,12.960000038146973,500
2024-10-25,10.42599105834961,13.0,13.0,12.970000267028809,12.970000267028809,2300
2024-10-28,10.409951210021973,12.979999542236328,13.0,12.979999542236328,12.989999771118164,1400
2024-10-29,10.381880760192871,12.944999694824219,12.979999542236328,12.869999885559082,12.960000038146973,11900
2024-10-30,10.361832618713379,12.920000076293945,13.0,12.880000114440918,12.880000114440918,4700
2024-10-31,10.309700965881348,12.854999542236328,13.0,12.779999732971191,12.90999984741211,7600
2024-11-01,10.42599105834961,13.0,13.142999649047852,12.850000381469727,13.0,7300
2024-11-04,10.40754508972168,12.97700023651123,12.97700023651123,12.869999885559082,12.869999885559082,800
2024-11-05,10.369852066040039,12.930000305175781,12.970000267028809,12.8100004196167,12.8100004196167,2900
2024-11-06,10.33777141571045,12.890000343322754,12.920000076293945,12.8100004196167,12.920000076293945,1800
2024-11-07,10.281630516052246,12.819999694824219,12.829000473022461,12.819999694824219,12.829000473022461,1100
2024-11-08,10.225492477416992,12.75,12.949999809265137,12.710000038146973,12.949999809265137,8100
2024-11-11,10.233512878417969,12.760000228881836,12.890000343322754,12.710000038146973,12.739999771118164,8900
2024-11-12,10.2976713180542,12.84000015258789,12.890000343322754,12.609999656677246,12.649999618530273,11000
2024-11-13,10.2976713180542,12.84000015258789,12.850000381469727,12.628000259399414,12.789999961853027,5300
2024-11-14,10.113210678100586,12.609999656677246,12.9399995803833,12.609999656677246,12.899999618530273,4000
2024-11-15,10.4580717086792,13.039999961853027,13.050000190734863,12.829999923706055,12.829999923706055,6900
2024-11-18,10.4580717086792,13.039999961853027,13.239999771118164,12.899999618530273,13.239999771118164,10600
2024-11-19,10.361832618713379,12.920000076293945,12.920000076293945,12.920000076293945,12.920000076293945,500
2024-11-20,10.289651870727539,12.829999923706055,12.944999694824219,12.829999923706055,12.878000259399414,3800
2024-11-21,10.353812217712402,12.90999984741211,13.0,12.829999923706055,12.9350004196167,5400
2024-11-22,10.32172966003418,12.869999885559082,13.0,12.76200008392334,12.946000099182129,600
2024-11-25,10.205442428588867,12.725000381469727,12.949999809265137,12.725000381469727,12.918000221252441,5700
2024-11-26,10.329751968383789,12.880000114440918,12.989999771118164,12.649999618530273,12.649999618530273,5900
2024-11-27,10.2174711227417,12.739999771118164,12.920000076293945,12.739999771118164,12.899999618530273,1200
2024-11-29,10.265592575073242,12.800000190734863,12.880000114440918,12.800000190734863,12.880000114440918,400
2024-12-02,10.305691719055176,12.850000381469727,12.899999618530273,12.760000228881836,12.800000190734863,5400
2024-12-03,10.289651870727539,12.829999923706055,13.0,12.741999626159668,13.0,41800
2024-12-04,10.409951210021973,12.979999542236328,12.979999542236328,12.8100004196167,12.899999618530273,900
2024-12-05,10.41316032409668,12.984000205993652,13.0,12.836000442504883,13.0,2600
2024-12-06,10.253561973571777,12.78499984741211,13.050000190734863,12.699999809265137,13.050000190734863,22600
2024-12-09,10.289651870727539,12.829999923706055,13.039999961853027,12.8100004196167,13.039999961853027,5100
2024-12-10,10.34980297088623,12.904999732971191,13.057999610900879,12.904999732971191,12.979999542236328,4600
2024-12-11,10.241531372070312,12.770000457763672,12.770000457763672,12.770000457763672,12.770000457763672,1400
2024-12-12,10.241531372070312,12.770000457763672,12.770000457763672,12.770000457763672,12.770000457763672,1300
2024-12-13,10.251154899597168,12.781999588012695,13.029999732971191,12.781999588012695,13.029999732971191,700
2024-12-16,10.269601821899414,12.805000305175781,12.989999771118164,12.800000190734863,12.859000205993652,2900
2024-12-17,10.265592575073242,12.800000190734863,12.961999893188477,12.800000190734863,12.961999893188477,1800
2024-12-18,10.41797161102295,12.989999771118164,13.239999771118164,12.765000343322754,13.029999732971191,18800
2024-12-19,10.072078704833984,12.229999542236328,12.579999923706055,12.210000038146973,12.579999923706055,7500
2024-12-20,10.170904159545898,12.350000381469727,12.880000114440918,12.170000076293945,12.170000076293945,1700
2024-12-23,10.109138488769531,12.274999618530273,12.489999771118164,12.0,12.26099967956543,9400
2024-12-24,10.158552169799805,12.335000038146973,12.335000038146973,12.335000038146973,12.335000038146973,900
2024-12-26,10.014429092407227,12.15999984741211,12.5,12.069999694824219,12.5,4200
2024-12-27,9.940309524536133,12.069999694824219,12.869999885559082,12.069999694824219,12.350000381469727,2600
2024-12-30,9.41323471069336,11.430000305175781,12.489999771118164,11.0600004196167,12.170000076293945,22100
2024-12-31,10.035019874572754,12.1850004196167,12.569999694824219,10.989999771118164,11.65999984741211,36600
2025-01-02,10.343852996826172,12.5600004196167,12.560999870300293,11.880000114440918,12.199999809265137,8100
2025-01-03,10.32738208770752,12.539999961853027,12.539999961853027,12.067999839782715,12.300000190734863,8200
2025-01-06,10.32738208770752,12.539999961853027,12.539999961853027,12.048999786376953,12.130000114440918,7400
2025-01-07,10.022665023803711,12.170000076293945,12.539999961853027,12.029999732971191,12.3100004196167,3500
2025-01-08,9.882660865783691,12.0,12.234999656677246,11.699999809265137,12.140000343322754,9900
2025-01-10,9.330878257751465,11.329999923706055,11.989999771118164,11.229999542236328,11.680000305175781,12800
2025-01-13,9.321821212768555,11.319000244140625,11.630000114440918,11.220000267028809,11.59000015258789,2800
2025-01-14,9.149696350097656,11.109999656677246,11.576000213623047,11.069999694824219,11.5,10400
2025-01-15,8.9932222366333,10.920000076293945,11.25,10.899999618530273,11.119999885559082,21700
2025-01-16,9.124990463256836,11.079999923706055,12.01099967956543,10.829999923706055,10.960000038146973,13300
2025-01-17,9.059106826782227,11.0,11.506999969482422,10.699999809265137,11.010000228881836,8400
2025-01-21,9.009693145751953,10.9399995803833,11.180000305175781,10.90999984741211,11.180000305175781,4300
2025-01-22,9.059106826782227,11.0,11.164999961853027,10.90999984741211,10.90999984741211,2400
2025-01-23,9.1002836227417,11.050000190734863,11.125,10.920000076293945,11.0,3800
2025-01-24,9.059106826782227,11.0,11.329999923706055,10.970000267028809,11.329999923706055,13600
2025-01-27,9.067341804504395,11.010000228881836,11.270000457763672,11.010000228881836,11.140000343322754,3700
2025-01-28,9.20734691619873,11.180000305175781,11.270000457763672,11.119999885559082,11.1899995803833,4400
2025-01-29,9.363821029663086,11.369999885559082,11.4399995803833,11.1899995803833,11.289999961853027,4600
2025-01-30,9.528531074523926,11.569999694824219,11.569999694824219,11.449999809265137,11.449999809265137,4000
2025-01-31,9.37205696105957,11.380000114440918,11.479999542236328,11.300999641418457,11.479999542236328,1500
2025-02-03,9.660300254821777,11.729999542236328,11.729999542236328,11.444999694824219,11.59000015258789,3000
2025-02-04,9.569709777832031,11.619999885559082,11.678000450134277,11.609999656677246,11.619999885559082,2200
2025-02-05,9.569709777832031,11.619999885559082,11.675000190734863,11.600000381469727,11.600000381469727,1800
2025-02-06,9.569709777832031,11.619999885559082,11.706000328063965,11.619999885559082,11.630000114440918,2400
2025-02-07,9.577945709228516,11.630000114440918,11.6850004196167,11.619999885559082,11.619999885559082,1400
2025-02-10,9.577945709228516,11.630000114440918,11.630000114440918,11.630000114440918,11.630000114440918,0
2025-02-11,9.577945709228516,11.630000114440918,11.899999618530273,11.630000114440918,11.64799976348877,5400
2025-02-12,9.915603637695312,12.039999961853027,12.039999961853027,11.699999809265137,11.699999809265137,20100
2025-02-13,9.9485445022583,12.079999923706055,12.300000190734863,12.069999694824219,12.300000190734863,4700
2025-02-14,10.072078704833984,12.229999542236328,12.229999542236328,12.020000457763672,12.050000190734863,2900
2025-02-18,9.932074546813965,12.0600004196167,12.468999862670898,12.024999618530273,12.239999771118164,3900
2025-02-19,10.105021476745605,12.270000457763672,12.649999618530273,12.130000114440918,12.140000343322754,10400
2025-02-20,10.105021476745605,12.270000457763672,12.498000144958496,12.270000457763672,12.29800033569336,5100
2025-02-21,10.063843727111816,12.220000267028809,12.460000038146973,12.020000457763672,12.380000114440918,4400
2025-02-24,10.33808708190918,12.553000450134277,12.649999618530273,12.401000022888184,12.449999809265137,4000
2025-02-25,10.277966499328613,12.479999542236328,12.479999542236328,12.321000099182129,12.449999809265137,1700
2025-02-26,10.16266918182373,12.34000015258789,12.34000015258789,12.0600004196167,12.319999694824219,10500
2025-02-27,10.11325740814209,12.279999732971191,12.329999923706055,12.175000190734863,12.175000190734863,8000
2025-02-28,10.047372817993164,12.199999809265137,12.255000114440918,12.149999618530273,12.1899995803833,3100
2025-03-03,9.96501636505127,12.100000381469727,12.25,12.100000381469727,12.119999885559082,5100
2025-03-04,9.882660865783691,12.0,12.210000038146973,11.970000267028809,12.210000038146973,6800
2025-03-05,9.75912857055664,11.850000381469727,12.130000114440918,11.770000457763672,11.979999542236328,4200
2025-03-06,9.594416618347168,11.649999618530273,11.90999984741211,11.25,11.75,7300
2025-03-07,9.668536186218262,11.739999771118164,12.104999542236328,11.619999885559082,11.630000114440918,4700
2025-03-10,9.34735107421875,11.350000381469727,11.720000267028809,11.100000381469727,11.720000267028809,18200
2025-03-11,9.363821029663086,11.369999885559082,11.699999809265137,11.300000190734863,11.449999809265137,7900
2025-03-12,9.363821029663086,11.369999885559082,11.369999885559082,11.369999885559082,11.369999885559082,0
2025-03-13,9.38440990447998,11.395000457763672,11.600000381469727,11.3100004196167,11.600000381469727,1900
2025-03-14,9.8900728225708,12.008999824523926,12.072999954223633,11.279999732971191,11.390000343322754,13900
2025-03-17,9.557356834411621,11.604999542236328,12.029999732971191,11.220000267028809,12.010000228881836,39000
2025-03-18,9.44617748260498,11.470000267028809,11.942999839782715,11.15999984741211,11.600000381469727,37300
2025-03-19,9.479120254516602,11.510000228881836,11.800000190734863,11.279999732971191,11.40999984741211,23500
2025-03-20,9.355586051940918,11.359999656677246,11.680000305175781,11.319999694824219,11.5,8700
2025-03-21,9.503826141357422,11.539999961853027,11.84000015258789,11.359999656677246,11.506999969482422,4300
2025-03-24,9.355586051940918,11.359999656677246,11.739999771118164,11.359999656677246,11.550000190734863,3000
2025-03-25,9.314408302307129,11.3100004196167,11.843999862670898,11.3100004196167,11.350000381469727,7500
2025-03-26,9.75089168548584,11.84000015258789,11.850000381469727,11.5,11.5,14800
2025-03-27,9.882660865783691,12.0,12.140000343322754,11.359999656677246,11.746999740600586,14300
2025-03-28,9.693653106689453,11.437000274658203,11.75,11.25,11.75,7800
2025-03-31,9.535157203674316,11.25,11.5,11.149999618530273,11.15999984741211,17800
2025-04-01,9.414802551269531,11.107999801635742,11.350000381469727,10.800000190734863,11.260000228881836,31500
2025-04-02,9.32326602935791,11.0,11.149999618530273,10.899999618530273,11.109999656677246,16600
2025-04-03,9.369881629943848,11.055000305175781,11.569999694824219,10.97599983215332,11.289999961853027,43900
2025-04-04,9.06899356842041,10.699999809265137,11.050000190734863,10.600000381469727,10.776000022888184,47800
2025-04-07,9.02661418914795,10.649999618530273,11.149999618530273,10.550000190734863,10.739999771118164,29300
2025-04-08,9.29783821105957,10.970000267028809,11.149999618530273,10.739999771118164,10.795000076293945,5100
2025-04-09,9.162226676940918,10.8100004196167,10.989999771118164,10.800000190734863,10.920000076293945,6900
2025-04-10,9.145276069641113,10.789999961853027,10.854999542236328,10.449999809265137,10.835000038146973,6100
2025-04-11,9.077468872070312,10.710000038146973,11.128000259399414,10.609999656677246,10.609999656677246,5500
2025-04-14,8.99271297454834,10.609999656677246,10.75100040435791,10.600000381469727,10.65999984741211,5800
2025-04-15,8.865577697753906,10.460000038146973,10.609999656677246,10.28499984741211,10.609999656677246,29300
2025-04-16,9.059671401977539,10.689000129699707,10.75,10.350000381469727,10.520000457763672,6500
2025-04-17,8.895242691040039,10.494999885559082,10.725000381469727,10.220000267028809,10.550000190734863,27100
2025-04-21,8.560452461242676,10.100000381469727,10.449999809265137,9.710000038146973,10.449999809265137,21900
2025-04-22,8.713014602661133,10.279999732971191,10.350000381469727,10.25,10.350000381469727,4800
2025-04-23,8.763869285583496,10.34000015258789,10.350000381469727,10.25,10.3100004196167,15500
2025-04-24,8.975762367248535,10.59000015258789,10.75,10.25,10.25,15600
2025-04-25,9.02661418914795,10.649999618530273,10.779999732971191,10.449999809265137,10.449999809265137,14600
2025-04-28,9.043567657470703,10.670000076293945,10.84000015258789,10.579999923706055,10.760000228881836,10900
2025-04-29,8.670636177062988,10.229999542236328,10.829999923706055,10.220000267028809,10.649999618530273,20800
2025-04-30,8.89100456237793,10.489999771118164,10.489999771118164,10.199999809265137,10.239999771118164,7300
2025-05-01,8.89100456237793,10.489999771118164,10.869999885559082,10.380000114440918,10.835000038146973,47400
2025-05-02,8.814723014831543,10.399999618530273,10.5,10.380000114440918,10.380000114440918,10800
2025-05-05,8.751155853271484,10.324999809265137,10.5,10.201000213623047,10.5,4500
2025-05-06,8.729966163635254,10.300000190734863,10.350000381469727,10.199999809265137,10.34000015258789,10800
2025-05-07,8.488409042358398,10.015000343322754,10.300000190734863,10.010000228881836,10.225000381469727,15500
2025-05-08,8.556215286254883,10.095000267028809,10.270000457763672,9.949999809265137,10.010000228881836,54500
2025-05-09,8.450268745422363,9.970000267028809,10.220000267028809,9.899999618530273,10.0600004196167,18900
2025-05-12,8.458744049072266,9.979999542236328,10.244000434875488,9.880000114440918,9.880000114440918,17500
2025-05-13,8.370595932006836,9.87600040435791,10.069999694824219,9.859999656677246,9.989999771118164,63800
2025-05-14,8.246851921081543,9.729999542236328,10.079999923706055,9.720000267028809,10.079999923706055,49700
2025-05-15,8.3994140625,9.90999984741211,10.199999809265137,9.869999885559082,9.899999618530273,135200
2025-05-16,8.568926811218262,10.109999656677246,10.399999618530273,10.0,10.130000114440918,59300
2025-05-19,8.670636177062988,10.229999542236328,10.510000228881836,9.949999809265137,10.420000076293945,86500
2025-05-20,8.91643238067627,10.520000457763672,10.574999809265137,10.180000305175781,10.390000343322754,90600
2025-05-21,8.831674575805664,10.420000076293945,10.449999809265137,10.210000038146973,10.380000114440918,24100
2025-05-22,8.772345542907715,10.350000381469727,10.529999732971191,10.175000190734863,10.470000267028809,43600
2025-05-23,8.619782447814941,10.170000076293945,10.62399959564209,10.100000381469727,10.62399959564209,44800
2025-05-27,8.679113388061523,10.239999771118164,10.399999618530273,10.102999687194824,10.220000267028809,21700
2025-05-28,8.5858793258667,10.130000114440918,10.552000045776367,10.119999885559082,10.289999961853027,36600
2025-05-29,8.65368366241455,10.210000038146973,10.300000190734863,10.029999732971191,10.149999618530273,50100
2025-05-30,8.594355583190918,10.140000343322754,10.550000190734863,10.09000015258789,10.3100004196167,23800
2025-06-02,8.763869285583496,10.34000015258789,10.4350004196167,10.180000305175781,10.229999542236328,26300
2025-06-03,8.814723014831543,10.399999618530273,10.479999542236328,10.140000343322754,10.479999542236328,19400
2025-06-04,8.598593711853027,10.145000457763672,10.399999618530273,10.079999923706055,10.399999618530273,19200
2025-06-05,8.636733055114746,10.1899995803833,10.399999618530273,10.0600004196167,10.0600004196167,10400
2025-06-06,8.763869285583496,10.34000015258789,10.649999618530273,10.220000267028809,10.229999542236328,19500
2025-06-09,8.263803482055664,9.75,10.420000076293945,9.699999809265137,10.399999618530273,121900
2025-06-10,8.530787467956543,10.0649995803833,10.111000061035156,9.890000343322754,10.0,22500
2025-06-11,8.543501853942871,10.079999923706055,10.119999885559082,9.970000267028809,10.119999885559082,10600
2025-06-12,8.57740306854248,10.119999885559082,10.119999885559082,9.970000267028809,10.100000381469727,23600
2025-06-13,8.458744049072266,9.979999542236328,10.100000381469727,9.845000267028809,10.043000221252441,28500
2025-06-16,8.433316230773926,9.949999809265137,10.050000190734863,9.859999656677246,9.949999809265137,28100
2025-06-17,8.467220306396484,9.989999771118164,10.050000190734863,9.920000076293945,10.0,46100
2025-06-18,8.518073081970215,10.050000190734863,10.109999656677246,9.920000076293945,10.050000190734863,30100
2025-06-20,8.229900360107422,9.710000038146973,10.289999961853027,9.710000038146973,10.09000015258789,126300
2025-06-23,8.433316230773926,9.949999809265137,10.015000343322754,9.789999961853027,9.789999961853027,30800
2025-06-24,8.47569465637207,10.0,10.140000343322754,9.810999870300293,9.90999984741211,62600
2025-06-25,8.57740306854248,10.119999885559082,10.149999618530273,9.829999923706055,9.829999923706055,36400
2025-06-26,9.272411346435547,10.9399995803833,11.170000076293945,10.15999984741211,10.199999809265137,317000
2025-06-27,8.835033416748047,10.100000381469727,10.666999816894531,9.789999961853027,10.380000114440918,131500
2025-06-30,9.053722381591797,10.350000381469727,10.399999618530273,10.100000381469727,10.109999656677246,76900
2025-07-01,9.044975280761719,10.34000015258789,10.581999778747559,10.265000343322754,10.4399995803833,39400
2025-07-02,8.940003395080566,10.220000267028809,10.529999732971191,10.022000312805176,10.329999923706055,86100
2025-07-03,8.940003395080566,10.220000267028809,10.329999923706055,10.109999656677246,10.119999885559082,15300
2025-07-07,9.394876480102539,10.739999771118164,10.789999961853027,10.220000267028809,10.220000267028809,50900
2025-07-08,9.50072193145752,10.861000061035156,10.885000228881836,10.310999870300293,10.5600004196167,41900
2025-07-09,9.219925880432129,10.539999961853027,10.824000358581543,10.539999961853027,10.710000038146973,14800
2025-07-10,9.491100311279297,10.850000381469727,10.890000343322754,10.57800006866455,10.579999923706055,17200
2025-07-11,9.370383262634277,10.711999893188477,10.930000305175781,10.539999961853027,10.890000343322754,19400
2025-07-14,9.193682670593262,10.510000228881836,10.859999656677246,10.5,10.75,15900
2025-07-15,9.241793632507324,10.5649995803833,10.649999618530273,10.359999656677246,10.510000228881836,49600
2025-07-16,9.163066864013672,10.475000381469727,10.5,10.369999885559082,10.369999885559082,23200
2025-07-17,9.149944305419922,10.460000038146973,10.5,10.404999732971191,10.479999542236328,15400
2025-07-18,9.09745979309082,10.399999618530273,10.479999542236328,10.289999961853027,10.350000381469727,24000
2025-07-21,9.106207847595215,10.40999984741211,10.449999809265137,10.270000457763672,10.270000457763672,29400
2025-07-22,9.298653602600098,10.630000114440918,10.630000114440918,10.300000190734863,10.510000228881836,39800
2025-07-23,9.09745979309082,10.399999618530273,10.550000190734863,10.37399959564209,10.510000228881836,20100
2025-07-24,9.018731117248535,10.3100004196167,10.399999618530273,10.300000190734863,10.399999618530273,21500
2025-07-25,8.992488861083984,10.279999732971191,10.449999809265137,10.239999771118164,10.3100004196167,34000
2025-07-28,8.966246604919434,10.25,10.449999809265137,10.229999542236328,10.300000190734863,38000
2025-07-29,8.957498550415039,10.239999771118164,10.4399995803833,10.119999885559082,10.300000190734863,28800
2025-07-30,8.948751449584961,10.229999542236328,10.399999618530273,10.109999656677246,10.399999618530273,25800
2025-07-31,8.87877082824707,10.149999618530273,10.284000396728516,10.100000381469727,10.279999732971191,18100
2025-08-01,8.896265983581543,10.170000076293945,10.300000190734863,10.100000381469727,10.100000381469727,7200
2025-08-04,8.87877082824707,10.149999618530273,10.305000305175781,10.149999618530273,10.28499984741211,23300
2025-08-05,8.940003395080566,10.220000267028809,10.381999969482422,10.149999618530273,10.149999618530273,43600
2025-08-06,8.896265983581543,10.170000076293945,10.258000373840332,10.149999618530273,10.170000076293945,6500
2025-08-07,8.852527618408203,10.119999885559082,10.180000305175781,10.109999656677246,10.15999984741211,5600
2025-08-08,8.98374080657959,10.270000457763672,10.34000015258789,10.100000381469727,10.125,20700
2025-08-11,9.036226272583008,10.329999923706055,10.40999984741211,10.119999885559082,10.130000114440918,22800
2025-08-12,8.992488861083984,10.279999732971191,10.399999618530273,10.1899995803833,10.350000381469727,12500
2025-08-13,9.106207847595215,10.40999984741211,10.470000267028809,10.21500015258789,10.260000228881836,40600
2025-08-14,9.13244915008545,10.4399995803833,10.539999961853027,10.130000114440918,10.140000343322754,45400
2025-08-15,9.622313499450684,11.0,11.0,10.329999923706055,10.4399995803833,78100
2025-08-18,9.596071243286133,10.970000267028809,11.069000244140625,10.666000366210938,11.039999961853027,23600
2025-08-19,9.508594512939453,10.869999885559082,10.97700023651123,10.829999923706055,10.869999885559082,20400
2025-08-20,9.508594512939453,10.869999885559082,10.989999771118164,10.720000267028809,10.869999885559082,10900
2025-08-21,9.386128425598145,10.729999542236328,10.979999542236328,10.729999542236328,10.920000076293945,4700
2025-08-22,9.508594512939453,10.869999885559082,10.95199966430664,10.760000228881836,10.850000381469727,22000
2025-08-25,9.552332878112793,10.920000076293945,10.979999542236328,10.770000457763672,10.979999542236328,20200
2025-08-26,9.63980770111084,11.020000457763672,11.039999961853027,10.800000190734863,10.920000076293945,25200
2025-08-27,9.63980770111084,11.020000457763672,11.039999961853027,10.819999694824219,10.90999984741211,22700
2025-08-28,9.534836769104004,10.899999618530273,11.029999732971191,10.789999961853027,11.029999732971191,58200
2025-08-29,9.631060600280762,11.010000228881836,11.029999732971191,10.819999694824219,10.850000381469727,96500
2025-09-02,9.613565444946289,10.989999771118164,11.029999732971191,10.932999610900879,11.010000228881836,36600
2025-09-03,9.394876480102539,10.739999771118164,10.979999542236328,10.670000076293945,10.979999542236328,49300
2025-09-04,9.504220962524414,10.864999771118164,10.864999771118164,10.739999771118164,10.845000267028809,18300
2025-09-05,9.421119689941406,10.770000457763672,10.930000305175781,10.739999771118164,10.850000381469727,13800
2025-09-08,9.421119689941406,10.770000457763672,11.024999618530273,10.710000038146973,10.920000076293945,67400
2025-09-09,9.613565444946289,10.989999771118164,10.989999771118164,10.65999984741211,10.65999984741211,26500
2025-09-10,9.254916191101074,10.579999923706055,10.914999961853027,10.5,10.880000114440918,57600
2025-09-11,9.56982707977295,10.9399995803833,11.0,10.649999618530273,10.649999618530273,35100
2025-09-12,9.246167182922363,10.569999694824219,10.979999542236328,10.539999961853027,10.960000038146973,47500
2025-09-15,9.604817390441895,10.979999542236328,11.039999961853027,10.600000381469727,10.970000267028809,45500
2025-09-16,9.622313499450684,11.0,11.039999961853027,10.75,10.979999542236328,59500
2025-09-17,9.57857608795166,10.949999809265137,11.039999961853027,10.899999618530273,11.029999732971191,69700
2025-09-18,9.72990894317627,11.123000144958496,11.130000114440918,10.821000099182129,10.989999771118164,83800
2025-09-19,9.46485710144043,10.819999694824219,11.4399995803833,10.819999694824219,11.130000114440918,288300
2025-09-22,9.666050910949707,11.050000190734863,11.170000076293945,10.859999656677246,10.970000267028809,68300
2025-09-23,9.701041221618652,11.09000015258789,11.164999961853027,10.90999984741211,11.050000190734863,52800
2025-09-24,9.696666717529297,11.085000038146973,11.187999725341797,11.0,11.09000015258789,19400
2025-09-25,9.631060600280762,11.010000228881836,11.184000015258789,10.899999618530273,10.920000076293945,70600
2025-09-26,9.679171562194824,11.0649995803833,11.225000381469727,11.020000457763672,11.020000457763672,64500
2025-09-29,9.909305572509766,10.979999542236328,11.149999618530273,10.539999961853027,10.539999961853027,93500
2025-09-30,9.476113319396973,10.5,10.90999984741211,10.470000267028809,10.90999984741211,36300
2025-10-01,9.629534721374512,10.670000076293945,10.850000381469727,10.470000267028809,10.470000267028809,7200
2025-10-02,9.403913497924805,10.420000076293945,10.739999771118164,10.020000457763672,10.680000305175781,196200
2025-10-03,9.476113319396973,10.5,10.770000457763672,10.350000381469727,10.350000381469727,38900
2025-10-06,9.33171558380127,10.34000015258789,10.545000076293945,10.329999923706055,10.460000038146973,45500
2025-10-07,9.566361427307129,10.600000381469727,10.729999542236328,10.329999923706055,10.616000175476074,58300
2025-10-08,9.575386047363281,10.609999656677246,10.699999809265137,10.510000228881836,10.510000228881836,21700
2025-10-09,9.367815017700195,10.380000114440918,10.800000190734863,10.380000114440918,10.539999961853027,42800
2025-10-10,9.232440948486328,10.229999542236328,10.5649995803833,10.15999984741211,10.210000038146973,62900
2025-10-13,9.133167266845703,10.119999885559082,10.404999732971191,10.119999885559082,10.170000076293945,9400
2025-10-14,9.200854301452637,10.194999694824219,10.375,10.020000457763672,10.039999961853027,32000
2025-10-15,9.33171558380127,10.34000015258789,10.454999923706055,10.125,10.229999542236328,20300
2025-10-16,9.142192840576172,10.130000114440918,10.449999809265137,10.079999923706055,10.399999618530273,40700
2025-10-17,9.0519437789917,10.029999732971191,10.300000190734863,10.029999732971191,10.1899995803833,7200
2025-10-20,9.115118026733398,10.100000381469727,10.119999885559082,9.989999771118164,10.029999732971191,23500
2025-10-21,9.160242080688477,10.149999618530273,10.274999618530273,10.0600004196167,10.0600004196167,11200
2025-10-22,9.236952781677246,10.234999656677246,10.279999732971191,10.180000305175781,10.25,14100
2025-10-23,9.286590576171875,10.289999961853027,10.350000381469727,10.145000457763672,10.229999542236328,21700
2025-10-24,9.3226900100708,10.329999923706055,10.449999809265137,10.329999923706055,10.350000381469727,5000
2025-10-27,9.33171558380127,10.34000015258789,10.350000381469727,10.25,10.260000228881836,8600
2025-10-28,9.223417282104492,10.220000267028809,10.430000305175781,10.100000381469727,10.25,28700
2025-10-29,9.115118026733398,10.100000381469727,10.29800033569336,10.100000381469727,10.25,22400
2025-10-30,9.295615196228027,10.300000190734863,10.338000297546387,10.15999984741211,10.229999542236328,35100
2025-10-31,9.218903541564941,10.21500015258789,10.3100004196167,10.069999694824219,10.25,50800
2025-11-03,9.209879875183105,10.204999923706055,10.3100004196167,10.140000343322754,10.3100004196167,21800
2025-11-04,9.232440948486328,10.229999542236328,10.34000015258789,10.199999809265137,10.234999656677246,13200
2025-11-05,9.25049114227295,10.25,10.348999977111816,10.199999809265137,10.348999977111816,4500
2025-11-06,9.097067832946777,10.079999923706055,10.470000267028809,10.079999923706055,10.199999809265137,34200
2025-11-07,9.097067832946777,10.079999923706055,10.25,9.949999809265137,10.25,42400
2025-11-10,9.142192840576172,10.130000114440918,10.15999984741211,10.020000457763672,10.079999923706055,17800
2025-11-11,9.127752304077148,10.11400032043457,10.149999618530273,10.0,10.149999618530273,8600
2025-11-12,9.060968399047852,10.039999961853027,10.239999771118164,10.039999961853027,10.050000190734863,18800
2025-11-13,9.340739250183105,10.350000381469727,10.359999656677246,10.180000305175781,10.180000305175781,11000
2025-11-14,9.196341514587402,10.1899995803833,10.25,10.109999656677246,10.130000114440918,11200
2025-11-17,9.259515762329102,10.260000228881836,10.329999923706055,10.156000137329102,10.329999923706055,29700
2025-11-18,9.512212753295898,10.539999961853027,10.65999984741211,9.850000381469727,10.350000381469727,80200
2025-11-19,9.512212753295898,10.539999961853027,10.630000114440918,10.0,10.449999809265137,76700
2025-11-20,9.602460861206055,10.640000343322754,10.640000343322754,10.460000038146973,10.460000038146973,19400
2025-11-21,9.566361427307129,10.600000381469727,10.65999984741211,10.539999961853027,10.619999885559082,21800
2025-11-24,9.773933410644531,10.829999923706055,10.920000076293945,10.503999710083008,10.649999618530273,34500
2025-11-25,9.837106704711914,10.899999618530273,10.930000305175781,10.699999809265137,10.890000343322754,19000
2025-11-26,9.837106704711914,10.899999618530273,10.930000305175781,10.765000343322754,10.899999618530273,16100
2025-11-28,9.954429626464844,11.029999732971191,11.029999732971191,10.869999885559082,10.930000305175781,50400
2025-12-01,9.999554634094238,11.079999923706055,11.140000343322754,10.920000076293945,11.0,53300
2025-12-02,10.125903129577637,11.220000267028809,11.220000267028809,11.010000228881836,11.130000114440918,37200
2025-12-03,9.7197847366333,10.770000457763672,11.270000457763672,10.199999809265137,11.270000457763672,66200
2025-12-04,9.557336807250977,10.59000015258789,10.880000114440918,10.5,10.880000114440918,24100
2025-12-05,9.638561248779297,10.680000305175781,10.890000343322754,10.574999809265137,10.670000076293945,19400
2025-12-08,9.647584915161133,10.6899995803833,10.770000457763672,10.621000289916992,10.770000457763672,23000
2025-12-09,9.602460861206055,10.640000343322754,10.8100004196167,10.569999694824219,10.760000228881836,21300
2025-12-10,9.588923454284668,10.625,10.729999542236328,10.619999885559082,10.729999542236328,21400
2025-12-11,9.62051010131836,10.65999984741211,10.699999809265137,10.581999778747559,10.581999778747559,30300
2025-12-12,9.864182472229004,10.930000305175781,11.095000267028809,10.706000328063965,10.779999732971191,112700
2025-12-15,9.87320613861084,10.9399995803833,11.260000228881836,10.930000305175781,11.079999923706055,107000
2025-12-16,9.909305572509766,10.979999542236328,11.109999656677246,10.90999984741211,10.930000305175781,30800
2025-12-17,9.864182472229004,10.930000305175781,11.100000381469727,10.930000305175781,11.079999923706055,39100
2025-12-18,9.801007270812988,10.859999656677246,11.199999809265137,10.765999794006348,10.84000015258789,20600
2025-12-19,9.584410667419434,10.619999885559082,11.053000450134277,10.600000381469727,10.880000114440918,42200
2025-12-22,9.458063125610352,10.479999542236328,10.704999923706055,10.270000457763672,10.319999694824219,68900
2025-12-23,9.42196273803711,10.4399995803833,10.649999618530273,10.210000038146973,10.420000076293945,32500
2025-12-24,9.458063125610352,10.479999542236328,10.595999717712402,10.369999885559082,10.369999885559082,47400
2025-12-26,9.575386047363281,10.609999656677246,10.729999542236328,10.545999526977539,10.600000381469727,19400
2025-12-29,9.602460861206055,10.640000343322754,10.739999771118164,10.5,10.539999961853027,78900
2025-12-30,9.476113319396973,10.5,10.729999542236328,10.5,10.710000038146973,33100
2025-12-31,9.634669303894043,10.329999923706055,10.479999542236328,10.210000038146973,10.479999542236328,50500
2026-01-02,9.65332317352295,10.350000381469727,10.454999923706055,10.274999618530273,10.420000076293945,34100
2026-01-05,9.704621315002441,10.404999732971191,10.489999771118164,10.300000190734863,10.4399995803833,75600
2026-01-06,9.783899307250977,10.489999771118164,10.489999771118164,10.366000175476074,10.460000038146973,54800
2026-01-07,9.65332317352295,10.350000381469727,10.510000228881836,10.260000228881836,10.5,51600
2026-01-08,9.65332317352295,10.350000381469727,10.414999961853027,10.279999732971191,10.279999732971191,47500
2026-01-09,9.671977043151855,10.369999885559082,10.5,10.170000076293945,10.40999984741211,59400
2026-01-12,9.93312931060791,10.649999618530273,10.649999618530273,10.390000343322754,10.4399995803833,82300
2026-01-13,9.76524543762207,10.470000267028809,10.65999984741211,10.390000343322754,10.600000381469727,63600
2026-01-14,10.063706398010254,10.789999961853027,10.850000381469727,10.430000305175781,10.449999809265137,42300
2026-01-15,10.175628662109375,10.90999984741211,11.15999984741211,10.61400032043457,10.789999961853027,50200
2026-01-16,9.718610763549805,10.420000076293945,10.949999809265137,10.40999984741211,10.800000190734863,77300
2026-01-20,9.93312931060791,10.649999618530273,10.8100004196167,10.420000076293945,10.420000076293945,102200
2026-01-21,9.79322624206543,10.5,10.859999656677246,9.579999923706055,10.5600004196167,770900
2026-01-22,9.79322624206543,10.5,10.746000289916992,10.430000305175781,10.59000015258789,88600
2026-01-23,9.979763984680176,10.699999809265137,10.739999771118164,10.4399995803833,10.609999656677246,123800
2026-01-26,9.877168655395508,10.59000015258789,10.899999618530273,10.449999809265137,10.779999732971191,73600
2026-01-27,9.858513832092285,10.569999694824219,10.708999633789062,10.520000457763672,10.65999984741211,27700
2026-01-28,9.989090919494629,10.710000038146973,10.770000457763672,10.550000190734863,10.600000381469727,85800
2026-01-29,9.839860916137695,10.550000190734863,10.75,10.510000228881836,10.640000343322754,56400
2026-01-30,9.783899307250977,10.489999771118164,10.760000228881836,10.430000305175781,10.529999732971191,78600
2026-02-02,9.606688499450684,10.300000190734863,10.510000228881836,10.270000457763672,10.420000076293945,77100
2026-02-03,9.560053825378418,10.25,10.329999923706055,10.109999656677246,10.270000457763672,93100
2026-02-04,9.513420104980469,10.199999809265137,10.40999984741211,10.199999809265137,10.210000038146973,24900
2026-02-05,9.522747039794922,10.210000038146973,10.460000038146973,10.199999809265137,10.199999809265137,66700
2026-02-06,9.42947769165039,10.109999656677246,10.404000282287598,10.039999961853027,10.289999961853027,93300
2026-02-09,9.59736156463623,10.289999961853027,10.430000305175781,10.079999923706055,10.100000381469727,175000
2026-02-10,9.541400909423828,10.229999542236328,10.399999618530273,10.109999656677246,10.220000267028809,66100
2026-02-11,9.485440254211426,10.170000076293945,10.420000076293945,10.119999885559082,10.15999984741211,42100
2026-02-12,9.522747039794922,10.210000038146973,10.350000381469727,10.1850004196167,10.279999732971191,43000
2026-02-13,9.560053825378418,10.25,10.34000015258789,10.149999618530273,10.300000190734863,25100
2026-02-17,9.466785430908203,10.149999618530273,10.329999923706055,10.149999618530273,10.229999542236328,32900
2026-02-18,9.466785430908203,10.149999618530273,10.305000305175781,10.109999656677246,10.109999656677246,30800
2026-02-19,9.29890251159668,9.970000267028809,10.225000381469727,9.960000038146973,10.100000381469727,65700
2026-02-20,9.28957462310791,9.960000038146973,10.270000457763672,9.960000038146973,10.010000228881836,47800
2026-02-23,9.149672508239746,9.8100004196167,10.140000343322754,9.760000228881836,9.960000038146973,98400
2026-02-24,9.345537185668945,10.020000457763672,10.109999656677246,9.829999923706055,9.829999923706055,32200
2026-02-25,9.382843971252441,10.0600004196167,10.109999656677246,9.960000038146973,10.020000457763672,32000
2026-02-26,9.57870864868164,10.270000457763672,10.279999732971191,10.0600004196167,10.069999694824219,24600
2026-02-27,9.354863166809082,10.029999732971191,10.279999732971191,9.930000305175781,10.270000457763672,41500
2026-03-02,9.29890251159668,9.970000267028809,10.369999885559082,9.970000267028809,10.029999732971191,63700
2026-03-03,9.541400909423828,10.229999542236328,10.350000381469727,9.9399995803833,9.9399995803833,56500
2026-03-04,9.326882362365723,10.0,10.34000015258789,9.960000038146973,10.270999908447266,54600
2026-03-05,9.326882362365723,10.0,10.140000343322754,9.949999809265137,10.0,27400
2026-03-06,9.364190101623535,10.039999961853027,10.050000190734863,9.960000038146973,9.994999885559082,15800
2026-03-09,9.284911155700684,9.954999923706055,10.0600004196167,9.855999946594238,9.970000267028809,43600
2026-03-10,9.326882362365723,10.0,10.039999961853027,9.829999923706055,10.020000457763672,28800
2026-03-11,9.308228492736816,9.979999542236328,10.130000114440918,9.819999694824219,9.989999771118164,56000
2026-03-12,9.270920753479004,9.9399995803833,10.0,9.920000076293945,9.9399995803833,31200
2026-03-13,9.261594772338867,9.930000305175781,9.989999771118164,9.899999618530273,9.944999694824219,24100
2026-03-16,9.326882362365723,10.0,10.130000114440918,9.930000305175781,9.930000305175781,58100
2026-03-17,9.29890251159668,9.970000267028809,10.100000381469727,9.9399995803833,10.0,16800
2026-03-18,9.233613014221191,9.899999618530273,10.03499984741211,9.899999618530273,9.970000267028809,18000
2026-03-19,9.420151710510254,10.100000381469727,10.199999809265137,9.880000114440918,9.9399995803833,68700
2026-03-20,9.056403160095215,9.710000038146973,10.100000381469727,9.59000015258789,10.100000381469727,258600
2026-03-23,9.019095420837402,9.670000076293945,9.989999771118164,9.649999618530273,9.800000190734863,135000
2026-03-24,9.065730094909668,9.720000267028809,9.875,9.609999656677246,9.680000305175781,108300
2026-03-25,9.037748336791992,9.6899995803833,9.869999885559082,9.59000015258789,9.720000267028809,85700
2026-03-26,8.972460746765137,9.619999885559082,9.789999961853027,9.59000015258789,9.640000343322754,99200
2026-03-27,8.8605375289917,9.5,9.843999862670898,9.5,9.609999656677246,91300
2026-03-30,9.005635261535645,9.3100004196167,9.39799976348877,9.15999984741211,9.15999984741211,62300
2026-03-31,9.034653663635254,9.34000015258789,9.489999771118164,9.300000190734863,9.420000076293945,50200
2026-04-01,9.092691421508789,9.399999618530273,9.4399995803833,9.350000381469727,9.395000457763672,12700
2026-04-02,9.247462272644043,9.5600004196167,9.59000015258789,9.350000381469727,9.399999618530273,97500
2026-04-06,9.150731086730957,9.460000038146973,9.640000343322754,9.449999809265137,9.600000381469727,97500
2026-04-07,8.995962142944336,9.300000190734863,9.550000190734863,9.260000228881836,9.550000190734863,28600
2026-04-08,8.995962142944336,9.300000190734863,9.449999809265137,9.300000190734863,9.390000343322754,60800
2026-04-09,8.995962142944336,9.300000190734863,9.434000015258789,9.300000190734863,9.300000190734863,32700
2026-04-10,8.92824935913086,9.229999542236328,9.479999542236328,9.210000038146973,9.319999694824219,43200
2026-04-13,9.015307426452637,9.319999694824219,9.350000381469727,9.260000228881836,9.34000015258789,117000
2026-04-14,9.131383895874023,9.4399995803833,9.470000267028809,9.321999549865723,9.420000076293945,82200
2026-04-15,9.189422607421875,9.5,9.630000114440918,9.460000038146973,9.489999771118164,154300
2026-04-16,9.092691421508789,9.399999618530273,9.649999618530273,9.390000343322754,9.510000228881836,46100
2026-04-17,9.237788200378418,9.550000190734863,9.6850004196167,9.479999542236328,9.6850004196167,50400
2026-04-20,9.170076370239258,9.479999542236328,9.640000343322754,9.399999618530273,9.59000015258789,102300
2026-04-21,8.96694278717041,9.270000457763672,9.529999732971191,9.260000228881836,9.449999809265137,48700
2026-04-22,9.189422607421875,9.5,9.609999656677246,9.180000305175781,9.289999961853027,201800
2026-04-23,9.179749488830566,9.489999771118164,9.600000381469727,9.369999885559082,9.600000381469727,45400
2026-04-24,9.102365493774414,9.40999984741211,9.489999771118164,9.40999984741211,9.489999771118164,13900
2026-04-27,8.976614952087402,9.279999732971191,9.470000267028809,9.1899995803833,9.40999984741211,72800
2026-04-28,9.092691421508789,9.399999618530273,9.520000457763672,9.350000381469727,9.520000457763672,51900
2026-04-29,8.908904075622559,9.210000038146973,9.4399995803833,9.1899995803833,9.3100004196167,37600
2026-04-30,8.92824935913086,9.229999542236328,9.359999656677246,9.1899995803833,9.220000267028809,76000
2026-05-01,8.947596549987793,9.25,9.460000038146973,9.210000038146973,9.414999961853027,23100
2026-05-04,9.024980545043945,9.329999923706055,9.470000267028809,9.279999732971191,9.40999984741211,24700
2026-05-05,9.083019256591797,9.390000343322754,9.399999618530273,9.3100004196167,9.34000015258789,52000
2026-05-06,9.053999900817871,9.359999656677246,9.420000076293945,9.319999694824219,9.350000381469727,46200
2026-05-07,9.034653663635254,9.34000015258789,9.454999923706055,9.3100004196167,9.449999809265137,24800
2026-05-08,8.715442657470703,9.010000228881836,9.437999725341797,9.010000228881836,9.380000114440918,95000
2026-05-11,8.754135131835938,9.050000190734863,9.1899995803833,8.920000076293945,9.010000228881836,45400
2026-05-12,8.773480415344238,9.069999694824219,9.164999961853027,8.949999809265137,9.0600004196167,40000
2026-05-13,8.773480415344238,9.069999694824219,9.300000190734863,9.010000228881836,9.010000228881836,20400
2026-05-14,9.508634567260742,9.829999923706055,9.960000038146973,9.274999618530273,9.350000381469727,197700
2026-05-15,9.38288402557373,9.699999809265137,9.930000305175781,9.699999809265137,9.699999809265137,80700
2026-05-18,9.663403511047363,9.989999771118164,10.25,9.774999618530273,9.800000190734863,198800
2026-05-19,9.469942092895508,9.789999961853027,10.234000205993652,9.789999961853027,10.050000190734863,134400
2026-05-20,9.489289283752441,9.8100004196167,9.890000343322754,9.640000343322754,9.890000343322754,114000
2026-05-21,9.498961448669434,9.819999694824219,9.869999885559082,9.704999923706055,9.850000381469727,21000
2026-05-22,9.566673278808594,9.890000343322754,10.0,9.800000190734863,9.829999923706055,47900
2026-05-26,9.644058227539062,9.970000267028809,10.170000076293945,9.960000038146973,10.0600004196167,131000
2026-05-27,9.644058227539062,9.970000267028809,10.050000190734863,9.90999984741211,10.029999732971191,74900
2026-05-28,9.653730392456055,9.979999542236328,10.0,9.914999961853027,9.920000076293945,52600
2026-05-29,9.673076629638672,10.0,10.020000457763672,9.90999984741211,10.020000457763672,66500
2026-06-01,9.634384155273438,9.960000038146973,10.0,9.90999984741211,10.0,90500
2026-06-02,9.52798080444336,9.850000381469727,10.0,9.84000015258789,10.0,47300
2026-06-03,9.498961448669434,9.819999694824219,9.899999618530273,9.770000457763672,9.819999694824219,61800
2026-06-04,9.537653923034668,9.859999656677246,9.899999618530273,9.805000305175781,9.899999618530273,20700
2026-06-05,9.469942092895508,9.789999961853027,9.899999618530273,9.760000228881836,9.899999618530273,38000
2026-06-08,9.489289283752441,9.8100004196167,9.850000381469727,9.784000396728516,9.850000381469727,58400
2026-06-09,9.663403511047363,9.989999771118164,10.0,9.8100004196167,9.8100004196167,75300
2026-06-10,9.566673278808594,9.890000343322754,10.0,9.890000343322754,10.0,48500
2026-06-11,9.586018562316895,9.90999984741211,9.979999542236328,9.880000114440918,9.890000343322754,21600
2026-06-12,9.673076629638672,10.0,10.0,9.880000114440918,9.979999542236328,54500
2026-06-15,9.644058227539062,9.970000267028809,10.0,9.930000305175781,10.0,75400
2026-06-16,9.663403511047363,9.989999771118164,10.0,9.9399995803833,10.0,60600
2026-06-17,9.673076629638672,10.0,10.0,9.960000038146973,10.0,124000
2026-06-18,9.905230522155762,10.239999771118164,10.239999771118164,9.979999542236328,10.0,173700
2026-06-22,9.818172454833984,10.149999618530273,10.550000190734863,10.039999961853027,10.3100004196167,146600
2026-06-23,10.040654182434082,10.380000114440918,10.449999809265137,10.029999732971191,10.149999618530273,89300
2026-06-24,10.118038177490234,10.460000038146973,10.579999923706055,10.3100004196167,10.350000381469727,94800
2026-06-25,10.059999465942383,10.399999618530273,10.609999656677246,10.34000015258789,10.34000015258789,173100
2026-06-26,9.979999542236328,9.979999542236328,10.34000015258789,9.925000190734863,10.079999923706055,60100
2026-06-29,9.880000114440918,9.880000114440918,10.109999656677246,9.85099983215332,10.0,107800
2026-06-30,9.770000457763672,9.770000457763672,9.949999809265137,9.710000038146973,9.949999809265137,91900
2026-07-01,10.020000457763672,10.020000457763672,10.074999809265137,9.770000457763672,9.890000343322754,151000
2026-07-02,9.979999542236328,9.979999542236328,10.079999923706055,9.890000343322754,10.079999923706055,41400
2026-07-06,9.819999694824219,9.819999694824219,9.989999771118164,9.779999732971191,9.920000076293945,45000
2026-07-07,9.760000228881836,9.760000228881836,10.0,9.720000267028809,9.859999656677246,44800
2026-07-08,9.649999618530273,9.649999618530273,9.9399995803833,9.645000457763672,9.819999694824219,143100
2026-07-09,9.869999885559082,9.869999885559082,10.0,9.65999984741211,9.65999984741211,124800
2026-07-10,9.8149995803833,9.8149995803833,10.119999885559082,9.710000038146973,9.899999618530273,86800
2026-07-13,9.890000343322754,9.890000343322754,10.038000106811523,9.779999732971191,9.869999885559082,27800
2026-07-14,9.880000114440918,9.880000114440918,9.973999977111816,9.819999694824219,9.819999694824219,36300
2026-07-15,9.90999984741211,9.90999984741211,10.015000343322754,9.84000015258789,9.84000015258789,45600
2026-07-16,9.850000381469727,9.850000381469727,10.020000457763672,9.800000190734863,9.9399995803833,44300
2026-07-17,9.729999542236328,9.729999542236328,9.960000038146973,9.649999618530273,9.850000381469727,48200
2026-07-20,9.579999923706055,9.579999923706055,9.920000076293945,9.550000190734863,9.770000457763672,70700
2026-07-21,9.649999618530273,9.649999618530273,9.869999885559082,9.520000457763672,9.520000457763672,25100
2026-07-22,9.529999732971191,9.529999732971191,9.779999732971191,9.520000457763672,9.640000343322754,58600
2026-07-23,9.42020034790039,9.42020034790039,9.539999961853027,9.420000076293945,9.529999732971191,23130
