Date,Adjusted_Close,Close,High,Low,Open,Volume
2021-07-23,85.91854095458984,94.18000030517578,94.37999725341797,93.0,93.76000213623047,406800
2021-07-26,84.78730773925781,92.94000244140625,95.01000213623047,92.76000213623047,94.66999816894531,699700
2021-07-27,84.13046264648438,92.22000122070312,93.19999694824219,91.30999755859375,92.02999877929688,558800
2021-07-28,85.95502471923828,94.22000122070312,95.91000366210938,92.30000305175781,93.75,986800
2021-07-29,87.95292663574219,96.41000366210938,97.94999694824219,95.41000366210938,95.76000213623047,622600
2021-07-30,87.72484588623047,96.16000366210938,97.47000122070312,95.6500015258789,95.75,731400
2021-08-02,86.12837219238281,94.41000366210938,97.80999755859375,94.13999938964844,96.69000244140625,716400
2021-08-03,87.67012786865234,96.0999984741211,96.2300033569336,93.7300033569336,94.79000091552734,564300
2021-08-04,87.03154754638672,95.4000015258789,97.33999633789062,95.33999633789062,96.26000213623047,507200
2021-08-05,87.45116424560547,95.86000061035156,97.25,95.2300033569336,95.76000213623047,457700
2021-08-06,87.42377471923828,95.83000183105469,97.05999755859375,95.41000366210938,96.4000015258789,478500
2021-08-09,86.42941284179688,94.73999786376953,95.91999816894531,94.51000213623047,95.27999877929688,452000
2021-08-10,88.03502655029297,96.5,97.94000244140625,94.02999877929688,94.62999725341797,671100
2021-08-11,90.35221862792969,99.04000091552734,99.08000183105469,96.2699966430664,96.56999969482422,477900
2021-08-12,89.11152648925781,97.68000030517578,99.5999984741211,97.51000213623047,99.41999816894531,527300
2021-08-13,87.74309539794922,96.18000030517578,97.94000244140625,95.8499984741211,97.3499984741211,840500
2021-08-16,88.29959869384766,96.79000091552734,97.72000122070312,94.5199966430664,95.43000030517578,756900
2021-08-17,85.69959259033203,93.94000244140625,96.80000305175781,93.2699966430664,96.55000305175781,616400
2021-08-18,84.5409927368164,92.66999816894531,95.08000183105469,92.4000015258789,93.48999786376953,716500
2021-08-19,83.55574798583984,91.58999633789062,93.33000183105469,90.73999786376953,91.04000091552734,499400
2021-08-20,84.3311767578125,92.44000244140625,93.0,91.31999969482422,91.58000183105469,523500
2021-08-23,84.39502716064453,92.51000213623047,92.91999816894531,91.3499984741211,92.55999755859375,635500
2021-08-24,86.62098693847656,94.94999694824219,95.29000091552734,93.08000183105469,93.08999633789062,546500
2021-08-25,87.98030090332031,96.44000244140625,97.68000030517578,95.20999908447266,95.33000183105469,707500
2021-08-26,88.01677703857422,96.4800033569336,97.41000366210938,95.87999725341797,96.33000183105469,1060000
2021-08-27,89.9508056640625,98.5999984741211,99.47000122070312,97.02999877929688,97.25,725100
2021-08-30,89.6497573852539,98.2699966430664,99.38999938964844,98.02999877929688,98.7300033569336,793900
2021-08-31,87.16837310791016,95.55000305175781,98.51000213623047,94.79000091552734,98.2699966430664,988900
2021-09-01,87.20484924316406,95.58999633789062,96.62999725341797,94.76000213623047,95.83000183105469,784100
2021-09-02,88.17185974121094,96.6500015258789,97.05000305175781,95.95999908447266,96.37000274658203,564700
2021-09-03,87.03154754638672,95.4000015258789,96.41000366210938,94.75,96.38999938964844,471900
2021-09-07,85.07012176513672,93.25,95.27999877929688,93.19000244140625,95.0,593200
2021-09-08,85.58099365234375,93.80999755859375,94.0,92.20999908447266,92.5,846200
2021-09-09,85.38027954101562,93.58999633789062,95.27999877929688,93.5199966430664,94.0,623600
2021-09-10,85.4532699584961,93.66999816894531,94.9800033569336,93.37999725341797,94.33999633789062,610900
2021-09-13,87.60625457763672,96.02999877929688,96.8499984741211,94.36000061035156,95.33000183105469,836800
2021-09-14,85.33467864990234,93.54000091552734,96.44000244140625,93.26000213623047,96.18000030517578,649200
2021-09-15,86.28345489501953,94.58000183105469,94.86000061035156,93.05000305175781,93.23999786376953,850600
2021-09-16,86.20134735107422,94.48999786376953,95.69999694824219,94.08999633789062,94.91999816894531,808900
2021-09-17,83.64697265625,91.69000244140625,94.52999877929688,90.68000030517578,94.05000305175781,1966800
2021-09-20,81.74942779541016,89.61000061035156,90.4000015258789,87.93000030517578,88.8499984741211,1294700
2021-09-21,79.89749145507812,87.58000183105469,90.0199966430664,86.86000061035156,89.83000183105469,1933000
2021-09-22,79.51433563232422,87.16000366210938,88.73999786376953,86.79000091552734,88.0999984741211,1573800
2021-09-23,81.08345031738281,88.87999725341797,89.51000213623047,86.54000091552734,87.45999908447266,1220600
2021-09-24,80.53609466552734,88.27999877929688,89.30999755859375,88.16999816894531,88.62999725341797,801400
2021-09-27,83.19994354248047,91.19999694824219,92.11000061035156,88.22000122070312,88.22000122070312,1257200
2021-09-28,80.51786041259766,88.26000213623047,91.0999984741211,88.1500015258789,90.80000305175781,827600
2021-09-29,80.39012145996094,88.12000274658203,89.79000091552734,87.95999908447266,88.93000030517578,725700
2021-09-30,77.99996185302734,85.5,89.19000244140625,85.16000366210938,88.5999984741211,1388100
2021-10-01,79.43223571777344,87.06999969482422,87.98999786376953,85.54000091552734,85.80000305175781,913700
2021-10-04,80.27151489257812,87.98999786376953,89.20999908447266,86.63999938964844,86.98999786376953,998500
2021-10-05,80.2441635131836,87.95999908447266,89.5999984741211,87.45999908447266,88.2699966430664,1053900
2021-10-06,80.97401428222656,88.76000213623047,88.91999816894531,86.55999755859375,87.12999725341797,867300
2021-10-07,82.15084838867188,90.05000305175781,91.41999816894531,88.80000305175781,88.80000305175781,938900
2021-10-08,80.10731506347656,87.80999755859375,90.29000091552734,87.62000274658203,90.04000091552734,1036000
2021-10-11,80.50871276855469,88.25,89.81999969482422,87.91000366210938,88.0199966430664,609300
2021-10-12,81.28416442871094,89.0999984741211,90.33999633789062,88.08000183105469,88.66999816894531,1065900
2021-10-13,81.74029541015625,89.5999984741211,90.4000015258789,89.0199966430664,89.51000213623047,780700
2021-10-14,83.09959411621094,91.08999633789062,91.61000061035156,90.08999633789062,90.76000213623047,743200
2021-10-15,83.4645004272461,91.48999786376953,92.5,90.97000122070312,92.0,577300
2021-10-18,84.04837036132812,92.12999725341797,92.33000183105469,89.94000244140625,89.94000244140625,711800
2021-10-19,82.15994262695312,90.05999755859375,92.04000091552734,88.87999725341797,92.04000091552734,1208700
2021-10-20,83.19994354248047,91.19999694824219,91.91000366210938,89.97000122070312,89.97000122070312,876100
2021-10-21,83.38291931152344,91.13999938964844,91.22000122070312,89.73999786376953,90.58000183105469,818700
2021-10-22,82.1752700805664,89.81999969482422,92.3499984741211,89.7300033569336,91.2300033569336,859100
2021-10-25,83.75801849365234,91.55000305175781,91.94999694824219,88.61000061035156,89.5199966430664,1355900
2021-10-26,82.78824615478516,90.48999786376953,92.45999908447266,90.48999786376953,91.91000366210938,1027500
2021-10-27,82.6327133178711,90.31999969482422,94.7300033569336,90.12999725341797,92.5999984741211,1724200
2021-10-28,85.52375793457031,93.4800033569336,93.68000030517578,90.33999633789062,91.02999877929688,954600
2021-10-29,85.45972442626953,93.41000366210938,94.95999908447266,92.69000244140625,92.75,1114100
2021-11-01,86.16419219970703,94.18000030517578,94.37000274658203,93.01000213623047,94.04000091552734,853800
2021-11-02,85.27674865722656,93.20999908447266,94.05999755859375,92.2699966430664,94.0,756500
2021-11-03,84.81014251708984,92.69999694824219,95.47000122070312,92.2300033569336,92.75,1406100
2021-11-04,85.90801239013672,93.9000015258789,95.98999786376953,92.62000274658203,92.62000274658203,918600
2021-11-05,87.26203918457031,95.37999725341797,96.01000213623047,94.52999877929688,94.94999694824219,778700
2021-11-08,88.43312072753906,96.66000366210938,97.9800033569336,95.6500015258789,96.79000091552734,732700
2021-11-09,89.38459777832031,97.69999694824219,97.94999694824219,96.5,96.91999816894531,498600
2021-11-10,86.0086669921875,94.01000213623047,97.58999633789062,93.43000030517578,97.33000183105469,707200
2021-11-11,85.05717468261719,92.97000122070312,94.88999938964844,92.48999786376953,94.48999786376953,632900
2021-11-12,86.8594970703125,94.94000244140625,95.08999633789062,93.33000183105469,93.66000366210938,581600
2021-11-15,85.39568328857422,93.33999633789062,95.98999786376953,93.0999984741211,95.4800033569336,811400
2021-11-16,84.31613159179688,92.16000366210938,93.58999633789062,92.08000183105469,92.93000030517578,725800
2021-11-17,83.93185424804688,91.73999786376953,92.5999984741211,91.19999694824219,91.9800033569336,667200
2021-11-18,82.60526275634766,90.29000091552734,92.2300033569336,89.95999908447266,92.05999755859375,721500
2021-11-19,81.6171875,89.20999908447266,90.58000183105469,88.5199966430664,89.86000061035156,1526900
2021-11-22,83.7488784790039,91.54000091552734,92.56999969482422,89.13999938964844,89.81999969482422,759300
2021-11-23,83.84951782226562,91.6500015258789,92.55000305175781,90.97000122070312,91.94000244140625,482300
2021-11-24,83.26399993896484,91.01000213623047,91.7300033569336,90.66999816894531,91.41999816894531,726200
2021-11-26,79.95209503173828,87.38999938964844,89.44000244140625,86.12999725341797,88.70999908447266,846800
2021-11-29,79.71421813964844,87.12999725341797,88.97000122070312,85.91999816894531,88.69999694824219,1091000
2021-11-30,77.61912536621094,84.83999633789062,86.88999938964844,83.80999755859375,86.26000213623047,1548200
2021-12-01,78.58890533447266,85.9000015258789,89.06999969482422,85.87000274658203,87.08999633789062,1059800
2021-12-02,81.12315368652344,88.66999816894531,89.33999633789062,86.44000244140625,86.47000122070312,950200
2021-12-03,82.83401489257812,90.54000091552734,91.06999969482422,88.16000366210938,89.16999816894531,1165300
2021-12-06,84.1240005493164,91.94999694824219,92.70999908447266,90.73999786376953,90.73999786376953,981800
2021-12-07,86.41118621826172,94.44999694824219,95.6500015258789,92.48999786376953,93.37999725341797,1543700
2021-12-08,86.97843933105469,95.06999969482422,95.73999786376953,94.01000213623047,94.8499984741211,954700
2021-12-09,85.31333923339844,93.25,94.37000274658203,92.77999877929688,94.37000274658203,1067000
2021-12-10,84.76441955566406,92.6500015258789,94.29000091552734,91.69000244140625,93.94999694824219,794400
2021-12-13,83.43781280517578,91.19999694824219,92.77999877929688,90.08000183105469,92.38999938964844,901800
2021-12-14,81.32442474365234,88.88999938964844,91.19000244140625,88.69000244140625,90.36000061035156,1132700
2021-12-15,83.7488784790039,91.54000091552734,91.62000274658203,88.4000015258789,88.94999694824219,984400
2021-12-16,82.25762176513672,89.91000366210938,92.37999725341797,89.38999938964844,92.16000366210938,1052400
2021-12-17,79.61357879638672,87.0199966430664,89.30000305175781,86.6500015258789,89.16000366210938,1963200
2021-12-20,77.0884780883789,84.26000213623047,85.61000061035156,83.77999877929688,85.61000061035156,1066300
2021-12-21,79.84231567382812,87.2699966430664,87.30000305175781,84.83000183105469,85.30000305175781,819800
2021-12-22,79.86976623535156,87.30000305175781,87.91999816894531,86.7699966430664,87.0,1265300
2021-12-23,81.26953887939453,88.83000183105469,89.36000061035156,87.55999755859375,87.83999633789062,1321600
2021-12-27,82.08378601074219,89.72000122070312,89.81999969482422,88.37000274658203,89.33999633789062,632500
2021-12-28,82.48633575439453,90.16000366210938,90.63999938964844,89.58000183105469,89.6500015258789,553800
2021-12-29,83.34634399414062,91.0999984741211,91.43000030517578,90.0,90.04000091552734,510500
2021-12-30,82.46804809570312,90.13999938964844,91.9000015258789,90.0,91.47000122070312,489500
2021-12-31,82.79740905761719,90.5,91.0199966430664,89.62000274658203,90.1500015258789,404900
2022-01-03,82.38570404052734,90.05000305175781,91.44999694824219,89.25,91.0199966430664,955600
2022-01-04,85.57865142822266,93.54000091552734,93.80000305175781,90.83999633789062,90.83999633789062,750700
2022-01-05,85.72502899169922,93.69999694824219,96.73999786376953,93.54000091552734,93.54000091552734,1291300
2022-01-06,85.11894989013672,92.69000244140625,95.41999816894531,92.4000015258789,93.69999694824219,754600
2022-01-07,82.529296875,89.87000274658203,92.76000213623047,89.6500015258789,92.26000213623047,1185700
2022-01-10,84.27410888671875,91.7699966430664,91.91999816894531,88.77999877929688,89.30999755859375,1594000
2022-01-11,87.46984100341797,95.25,95.26000213623047,91.4800033569336,91.87000274658203,1632000
2022-01-12,87.1576156616211,94.91000366210938,97.8499984741211,94.37999725341797,96.19999694824219,1279100
2022-01-13,87.5892105102539,95.37999725341797,96.44000244140625,94.87000274658203,95.06999969482422,913400
2022-01-14,86.81783294677734,94.54000091552734,95.25,93.3499984741211,94.4800033569336,806400
2022-01-18,85.72502899169922,93.3499984741211,94.41000366210938,92.5999984741211,93.83999633789062,894800
2022-01-19,83.84247589111328,91.30000305175781,94.9800033569336,90.80999755859375,94.08999633789062,1184200
2022-01-20,84.26492309570312,91.76000213623047,95.30999755859375,91.58999633789062,92.5,2305500
2022-01-21,81.94156646728516,89.2300033569336,92.76000213623047,88.87999725341797,91.0,1718000
2022-01-24,84.73323822021484,92.2699966430664,92.48999786376953,85.9800033569336,87.0,1512500
2022-01-25,82.07012939453125,89.37000274658203,90.66000366210938,87.79000091552734,90.66000366210938,1240400
2022-01-26,80.66511535644531,87.83999633789062,91.3499984741211,87.0,90.7699966430664,1313100
2022-01-27,79.32435607910156,86.37999725341797,89.7699966430664,86.22000122070312,88.47000122070312,807700
2022-01-28,80.60082244873047,87.7699966430664,87.83999633789062,84.52999877929688,85.66000366210938,879500
2022-01-31,81.4548568725586,88.69999694824219,88.75,87.25,87.5,943700
2022-02-01,82.6578598022461,90.01000213623047,91.02999877929688,88.19000244140625,90.26000213623047,697400
2022-02-02,83.91594696044922,91.37999725341797,91.5199966430664,89.43000030517578,90.08000183105469,696200
2022-02-03,82.18952178955078,89.5,91.30000305175781,89.44000244140625,91.25,643500
2022-02-04,81.02325439453125,88.2300033569336,89.41999816894531,86.44999694824219,88.86000061035156,569000
2022-02-07,81.1334457397461,88.3499984741211,89.2699966430664,87.66999816894531,88.52999877929688,441600
2022-02-08,83.28231811523438,90.69000244140625,91.02999877929688,88.41999816894531,88.4800033569336,593500
2022-02-09,85.83523559570312,93.47000122070312,94.04000091552734,92.61000061035156,93.62000274658203,780500
2022-02-10,82.41907501220703,89.75,93.31999969482422,89.01000213623047,91.58000183105469,812100
2022-02-11,81.95073699951172,89.23999786376953,92.04000091552734,88.94999694824219,90.29000091552734,757800
2022-02-14,83.08028411865234,90.47000122070312,91.87000274658203,89.0999984741211,89.12999725341797,1139800
2022-02-15,84.79753112792969,92.33999633789062,93.55000305175781,90.7300033569336,90.8499984741211,1280200
2022-02-16,92.56651306152344,100.80000305175781,101.12000274658203,94.30000305175781,94.30000305175781,1333200
2022-02-17,89.70137023925781,97.68000030517578,100.0,96.66999816894531,99.55999755859375,1162500
2022-02-18,90.05951690673828,98.06999969482422,98.94999694824219,96.44999694824219,98.0999984741211,874100
2022-02-22,85.94542694091797,93.58999633789062,97.86000061035156,92.8499984741211,97.86000061035156,778800
2022-02-23,83.18130493164062,90.58000183105469,94.41000366210938,90.37999725341797,94.26000213623047,657200
2022-02-24,83.23638916015625,90.63999938964844,90.73999786376953,87.01000213623047,87.83000183105469,1112600
2022-02-25,85.14649200439453,92.72000122070312,92.80999755859375,90.44999694824219,90.83999633789062,700200
2022-02-28,85.57811737060547,93.19000244140625,93.25,90.93000030517578,91.12000274658203,1503400
2022-03-01,82.02420806884766,89.31999969482422,93.68000030517578,88.72000122070312,93.4000015258789,987700
2022-03-02,85.08220672607422,92.6500015258789,93.26000213623047,89.12000274658203,90.41000366210938,1397900
2022-03-03,84.13275146484375,91.2699966430664,93.86000061035156,90.62000274658203,93.52999877929688,651100
2022-03-04,80.06761169433594,86.86000061035156,90.1500015258789,86.20999908447266,89.51000213623047,863900
2022-03-07,74.48151397705078,80.80000305175781,87.47000122070312,80.25,86.91999816894531,1354500
2022-03-08,75.42174530029297,81.81999969482422,83.87000274658203,79.3499984741211,81.43000030517578,1271300
2022-03-09,81.80984497070312,88.75,89.83999633789062,83.76000213623047,84.4000015258789,1402300
2022-03-10,81.98497772216797,88.94000244140625,89.16000366210938,86.45999908447266,86.62999725341797,1160900
2022-03-11,82.7777099609375,89.80000305175781,91.0,89.11000061035156,90.19000244140625,866300
2022-03-14,83.65343475341797,90.75,91.5,89.76000213623047,90.36000061035156,1115800
2022-03-15,86.35429382324219,93.68000030517578,93.77999877929688,91.8499984741211,91.8499984741211,903400
2022-03-16,88.50210571289062,96.01000213623047,96.26000213623047,93.05000305175781,94.73999786376953,852700
2022-03-17,89.4515609741211,97.04000091552734,97.0999984741211,95.05000305175781,95.20999908447266,569900
2022-03-18,90.49317169189453,98.16999816894531,98.30999755859375,94.80000305175781,96.58000183105469,1141400
2022-03-21,88.17025756835938,95.6500015258789,97.55999755859375,94.61000061035156,96.76000213623047,643900
2022-03-22,87.9305648803711,95.38999938964844,96.87999725341797,94.63999938964844,96.01000213623047,813700
2022-03-23,86.27133178710938,93.58999633789062,94.87000274658203,93.33000183105469,94.20999908447266,578600
2022-03-24,85.56155395507812,92.81999969482422,93.8499984741211,92.0,93.44999694824219,803700
2022-03-25,86.44647979736328,93.77999877929688,93.77999877929688,91.19999694824219,93.31999969482422,739400
2022-03-28,88.02276611328125,95.48999786376953,95.5,93.94000244140625,95.0199966430664,629000
2022-03-29,90.29961395263672,97.95999908447266,99.55999755859375,96.36000061035156,96.58000183105469,802900
2022-03-30,87.1009521484375,94.48999786376953,97.26000213623047,94.05000305175781,96.80000305175781,622800
2022-03-31,84.34478759765625,91.5,94.76000213623047,91.4800033569336,93.68000030517578,771800
2022-04-01,84.93473815917969,92.13999938964844,93.36000061035156,91.55000305175781,92.0199966430664,582300
2022-04-04,84.93473815917969,92.13999938964844,92.62000274658203,91.18000030517578,91.87999725341797,629400
2022-04-05,78.49134826660156,85.1500015258789,90.08000183105469,84.0,88.87000274658203,3456400
2022-04-06,77.74465942382812,84.33999633789062,84.91000366210938,82.2300033569336,84.0999984741211,2101500
2022-04-07,77.08099365234375,83.62000274658203,84.80999755859375,82.0,83.87000274658203,1791700
2022-04-08,77.43126678466797,84.0,86.05999755859375,83.16999816894531,83.86000061035156,997100
2022-04-11,78.38995361328125,85.04000091552734,86.55999755859375,83.26000213623047,83.26000213623047,977300
2022-04-12,78.01200103759766,84.62999725341797,87.08999633789062,84.0,86.55999755859375,772100
2022-04-13,79.61593627929688,86.37000274658203,86.7699966430664,84.87000274658203,85.02999877929688,753000
2022-04-14,79.47766876220703,86.22000122070312,87.4800033569336,85.48999786376953,86.68000030517578,749300
2022-04-18,79.61593627929688,86.37000274658203,87.22000122070312,85.11000061035156,85.88999938964844,852500
2022-04-19,80.79585266113281,87.6500015258789,88.62999725341797,86.79000091552734,86.83999633789062,516100
2022-04-20,81.23831176757812,88.12999725341797,89.4000015258789,87.30999755859375,88.27999877929688,529900
2022-04-21,80.62992858886719,87.47000122070312,89.62999725341797,86.51000213623047,89.41000366210938,401000
2022-04-22,78.76787567138672,85.44999694824219,87.2300033569336,84.97000122070312,87.0,532500
2022-04-25,81.11848449707031,88.0,88.20999908447266,83.9000015258789,84.83999633789062,657700
2022-04-26,79.42234802246094,86.16000366210938,88.19999694824219,86.16000366210938,87.05000305175781,937900
2022-04-27,82.6117935180664,89.62000274658203,92.01000213623047,88.01000213623047,88.88999938964844,1762900
2022-04-28,84.76880645751953,91.95999908447266,93.05000305175781,87.80000305175781,91.30999755859375,1132900
2022-04-29,83.81935119628906,90.93000030517578,94.16999816894531,90.73999786376953,91.2300033569336,1032800
2022-05-02,86.04088592529297,93.33999633789062,93.55999755859375,89.5999984741211,90.86000061035156,806500
2022-05-03,88.17025756835938,95.6500015258789,96.66000366210938,93.62000274658203,93.79000091552734,930600
2022-05-04,90.12446594238281,97.7699966430664,97.94999694824219,92.5,95.27999877929688,1029400
2022-05-05,87.62638854980469,95.05999755859375,96.43000030517578,94.0199966430664,96.06999969482422,841500
2022-05-06,87.50654602050781,94.93000030517578,95.0199966430664,91.75,94.08000183105469,951700
2022-05-09,84.4830551147461,91.6500015258789,94.37000274658203,91.12999725341797,93.79000091552734,1220800
2022-05-10,84.34478759765625,91.5,93.20999908447266,90.3499984741211,92.80000305175781,1047000
2022-05-11,81.24752044677734,88.13999938964844,92.2300033569336,87.8499984741211,91.7300033569336,892300
2022-05-12,84.82411193847656,92.0199966430664,92.11000061035156,86.93000030517578,87.55999755859375,1040500
2022-05-13,85.9302749633789,93.22000122070312,94.58999633789062,92.41999816894531,93.22000122070312,557600
2022-05-16,86.23446655273438,93.55000305175781,94.19999694824219,90.19000244140625,93.05999755859375,586900
2022-05-17,89.51608276367188,97.11000061035156,97.20999908447266,94.69999694824219,95.72000122070312,694300
2022-05-18,87.30374908447266,94.70999908447266,97.54000091552734,94.12999725341797,95.62999725341797,586000
2022-05-19,86.2529067993164,93.56999969482422,95.45999908447266,92.48999786376953,93.16000366210938,584700
2022-05-20,82.6302261352539,89.63999938964844,93.73999786376953,87.13999938964844,93.73999786376953,1136000
2022-05-23,85.49703216552734,92.75,93.72000122070312,90.19999694824219,90.77999877929688,770200
2022-05-24,83.54280853271484,90.62999725341797,92.68000030517578,88.0999984741211,92.37999725341797,745300
2022-05-25,85.92105102539062,93.20999908447266,94.18000030517578,90.33000183105469,90.43000030517578,560500
2022-05-26,87.85684204101562,95.30999755859375,95.58999633789062,93.61000061035156,93.61000061035156,563800
2022-05-27,89.77417755126953,97.38999938964844,97.63999938964844,95.81999969482422,96.54000091552734,746500
2022-05-31,88.10572052001953,95.58000183105469,96.56999969482422,94.2699966430664,96.56999969482422,1301800
2022-06-01,87.32218933105469,94.7300033569336,96.55999755859375,93.4000015258789,96.33000183105469,638500
2022-06-02,89.03672790527344,96.58999633789062,96.62999725341797,94.55000305175781,95.4000015258789,522300
2022-06-03,87.4604721069336,94.87999725341797,95.63999938964844,93.61000061035156,94.91999816894531,968500
2022-06-06,88.6219253540039,96.13999938964844,96.58000183105469,94.7300033569336,95.77999877929688,817300
2022-06-07,89.89399719238281,97.5199966430664,97.7699966430664,94.58999633789062,95.23999786376953,602900
2022-06-08,87.18392944335938,94.58000183105469,96.80999755859375,93.97000122070312,96.80999755859375,898700
2022-06-09,86.52944946289062,93.87000274658203,95.4800033569336,93.69000244140625,94.5,581400
2022-06-10,82.3075942993164,89.29000091552734,92.73999786376953,89.19999694824219,91.77999877929688,681900
2022-06-13,76.33433532714844,82.80999755859375,86.30000305175781,81.95999908447266,85.94999694824219,1717600
2022-06-14,76.19605255126953,82.66000366210938,83.61000061035156,81.44999694824219,82.51000213623047,1098300
2022-06-15,76.60163116455078,83.0999984741211,83.58000183105469,80.9800033569336,83.29000091552734,1330100
2022-06-16,70.23200988769531,76.19000244140625,80.69999694824219,75.58000183105469,79.91000366210938,1623900
2022-06-17,70.02921295166016,75.97000122070312,76.8499984741211,72.97000122070312,73.41999816894531,2303600
2022-06-21,69.6697006225586,75.58000183105469,78.16000366210938,74.56999969482422,77.11000061035156,1199100
2022-06-22,69.05209350585938,74.91000366210938,75.69999694824219,73.19999694824219,73.69999694824219,1604200
2022-06-23,68.56355285644531,74.37999725341797,76.06999969482422,73.58000183105469,74.4000015258789,2135200
2022-06-24,69.6881332397461,75.5999984741211,76.7699966430664,73.2699966430664,74.22000122070312,2870700
2022-06-27,70.96944427490234,76.98999786376953,77.16000366210938,75.37000274658203,75.5999984741211,2103400
2022-06-28,70.33341979980469,76.30000305175781,78.80000305175781,75.95999908447266,77.36000061035156,1156100
2022-06-29,69.4669189453125,75.36000061035156,76.30999755859375,74.5999984741211,76.08000183105469,848500
2022-06-30,68.4990234375,74.30999755859375,75.51000213623047,73.36000061035156,74.37999725341797,887300
2022-07-01,71.43035125732422,77.48999786376953,77.95999908447266,74.2300033569336,74.2300033569336,1289700
2022-07-05,71.46720886230469,77.52999877929688,77.61000061035156,74.87999725341797,75.7300033569336,1081600
2022-07-06,70.75743103027344,76.76000213623047,78.9000015258789,75.69000244140625,77.86000061035156,815100
2022-07-07,73.09883880615234,79.30000305175781,79.91000366210938,77.05000305175781,77.55999755859375,862300
2022-07-08,73.28314208984375,79.5,80.23999786376953,78.54000091552734,79.58000183105469,971600
2022-07-11,72.97895812988281,79.16999816894531,79.98999786376953,78.58999633789062,78.75,631800
2022-07-12,75.32035064697266,81.70999908447266,83.05000305175781,78.73999786376953,78.9000015258789,1497600
2022-07-13,75.15442657470703,81.52999877929688,82.04000091552734,78.81999969482422,79.91000366210938,1021100
2022-07-14,74.04826354980469,80.33000183105469,80.41999816894531,78.31999969482422,79.37000274658203,890200
2022-07-15,74.50191497802734,80.47000122070312,81.05999755859375,78.12000274658203,80.68000030517578,1548000
2022-07-18,74.53897094726562,80.51000213623047,82.05000305175781,80.27999877929688,81.5199966430664,849700
2022-07-19,76.67764282226562,82.81999969482422,82.91999816894531,81.41999816894531,82.18000030517578,577200
2022-07-20,77.54792022705078,83.76000213623047,84.08000183105469,81.86000061035156,82.58999633789062,505200
2022-07-21,78.34413146972656,84.62000274658203,84.81999969482422,82.26000213623047,83.2699966430664,704700
2022-07-22,77.80714416503906,84.04000091552734,85.91999816894531,83.36000061035156,85.01000213623047,725900
2022-07-25,77.4183120727539,83.62000274658203,84.63999938964844,82.95999908447266,84.19999694824219,988000
2022-07-26,76.64059448242188,82.77999877929688,83.80000305175781,82.08999633789062,83.0999984741211,966800
2022-07-27,78.25154876708984,84.5199966430664,85.31999969482422,81.52999877929688,84.69999694824219,1464300
2022-07-28,83.33439636230469,90.01000213623047,90.0999984741211,84.68000030517578,85.69000244140625,1577400
2022-07-29,85.8619155883789,92.73999786376953,93.2300033569336,90.45999908447266,90.45999908447266,1263100
2022-08-01,86.03779602050781,92.93000030517578,93.19999694824219,91.0199966430664,91.7300033569336,856300
2022-08-02,82.65852355957031,89.27999877929688,92.4000015258789,89.0999984741211,92.18000030517578,903100
2022-08-03,81.83452606201172,88.38999938964844,89.94999694824219,87.08000183105469,89.31999969482422,646900
2022-08-04,82.39002227783203,88.98999786376953,90.23999786376953,87.4000015258789,87.80999755859375,669900
2022-08-05,79.89954376220703,86.30000305175781,87.8499984741211,85.22000122070312,87.38999938964844,987700
2022-08-08,80.67723083496094,87.13999938964844,88.36000061035156,86.5999984741211,87.12999725341797,723300
2022-08-09,79.66807556152344,86.05000305175781,86.73999786376953,85.23999786376953,86.12999725341797,691300
2022-08-10,81.23273468017578,87.73999786376953,88.91999816894531,87.4800033569336,88.05000305175781,600200
2022-08-11,83.52880096435547,90.22000122070312,92.06999969482422,88.75,88.95999908447266,994200
2022-08-12,84.42687225341797,91.19000244140625,91.2300033569336,89.69000244140625,90.0199966430664,449800
2022-08-15,83.64917755126953,90.3499984741211,91.23999786376953,89.52999877929688,90.27999877929688,570700
2022-08-16,84.99163818359375,91.80000305175781,92.1500015258789,89.80999755859375,89.86000061035156,681400
2022-08-17,84.6120376586914,91.38999938964844,91.66000366210938,89.80999755859375,90.62999725341797,678500
2022-08-18,84.6675796508789,91.44999694824219,91.97000122070312,91.0199966430664,91.72000122070312,467500
2022-08-19,83.21401977539062,89.87999725341797,91.0,89.30999755859375,91.0,513900
2022-08-22,80.41799926757812,86.86000061035156,88.61000061035156,86.80999755859375,88.27999877929688,901600
2022-08-23,80.40873718261719,86.8499984741211,88.26000213623047,86.76000213623047,87.18000030517578,866000
2022-08-24,80.93646240234375,87.41999816894531,87.62000274658203,85.19999694824219,85.94000244140625,828700
2022-08-25,82.98255920410156,89.62999725341797,89.9000015258789,87.56999969482422,87.75,875800
2022-08-26,79.00148010253906,85.33000183105469,89.75,85.27999877929688,89.31999969482422,841700
2022-08-29,77.86270141601562,84.0999984741211,85.06999969482422,83.73999786376953,84.56999969482422,1543600
2022-08-30,77.21463012695312,83.4000015258789,84.72000122070312,82.36000061035156,84.25,1919400
2022-08-31,75.66847229003906,81.7300033569336,83.5999984741211,81.61000061035156,83.12000274658203,1866500
2022-09-01,74.7704086303711,80.76000213623047,81.43000030517578,79.55000305175781,81.22000122070312,1510200
2022-09-02,74.9185562133789,80.91999816894531,83.26000213623047,80.30999755859375,82.36000061035156,1788000
2022-09-06,74.8352279663086,80.83000183105469,82.2300033569336,79.81999969482422,81.33000183105469,1073100
2022-09-07,76.90908813476562,83.06999969482422,83.43000030517578,80.95999908447266,80.98999786376953,875400
2022-09-08,78.14971160888672,84.41000366210938,84.47000122070312,81.56999969482422,81.98999786376953,1044300
2022-09-09,81.03831481933594,87.52999877929688,87.69000244140625,85.44999694824219,85.6500015258789,1000800
2022-09-12,83.0566177368164,89.70999908447266,90.55999755859375,88.01000213623047,88.02999877929688,2005000
2022-09-13,78.62187957763672,84.91999816894531,87.13999938964844,84.47000122070312,86.7699966430664,1454500
2022-09-14,77.40904998779297,83.61000061035156,85.37999725341797,82.44000244140625,84.97000122070312,1195700
2022-09-15,77.40904998779297,83.61000061035156,85.18000030517578,82.95999908447266,83.12000274658203,694900
2022-09-16,75.59440612792969,81.6500015258789,82.9000015258789,80.94999694824219,82.9000015258789,1857500
2022-09-19,76.27953338623047,82.38999938964844,82.80000305175781,80.80000305175781,80.80000305175781,870600
2022-09-20,74.7704086303711,80.76000213623047,81.63999938964844,79.70999908447266,81.11000061035156,706800
2022-09-21,73.36312103271484,79.23999786376953,82.20999908447266,79.2300033569336,81.26000213623047,623900
2022-09-22,71.36334228515625,77.08000183105469,78.8499984741211,76.87000274658203,78.8499984741211,1143900
2022-09-23,71.28927612304688,77.0,77.05000305175781,74.22000122070312,75.56999969482422,1207000
2022-09-26,69.49315643310547,75.05999755859375,77.48999786376953,74.91000366210938,76.29000091552734,1157500
2022-09-27,70.99301147460938,76.68000030517578,79.19000244140625,75.5199966430664,76.33999633789062,1383900
2022-09-28,74.89076232910156,80.88999938964844,81.47000122070312,77.54000091552734,77.54000091552734,1201000
2022-09-29,72.40953063964844,78.20999908447266,80.58000183105469,77.30999755859375,79.5199966430664,1029200
2022-09-30,72.77986907958984,78.61000061035156,80.02999877929688,77.91000366210938,78.48999786376953,1110600
2022-10-03,75.77030944824219,81.83999633789062,82.80000305175781,79.77999877929688,80.23999786376953,1036400
2022-10-04,78.99222564697266,85.31999969482422,85.7300033569336,83.68000030517578,83.83000183105469,894600
2022-10-05,77.87194061279297,84.11000061035156,85.0199966430664,82.95999908447266,83.33999633789062,840400
2022-10-06,78.90888214111328,85.2300033569336,86.02999877929688,83.19000244140625,83.44999694824219,1075500
2022-10-07,78.05712127685547,84.30999755859375,84.9000015258789,83.13999938964844,83.8499984741211,1204200
2022-10-10,79.23292541503906,85.58000183105469,86.38999938964844,84.47000122070312,84.47000122070312,1010500
2022-10-11,80.06620025634766,86.4800033569336,87.8499984741211,84.97000122070312,85.11000061035156,1063300
2022-10-12,79.37181091308594,85.7300033569336,86.62000274658203,84.47000122070312,85.98999786376953,1106500
2022-10-13,79.16812133789062,85.51000213623047,86.37000274658203,81.58000183105469,83.7699966430664,1719400
2022-10-14,75.31013488769531,81.01000213623047,86.63999938964844,80.75,85.5,1426600
2022-10-17,76.63021087646484,82.43000030517578,83.91000366210938,81.68000030517578,82.95999908447266,1126200
2022-10-18,80.54399871826172,86.63999938964844,88.44999694824219,85.27999877929688,85.62999725341797,1339100
2022-10-19,78.08045959472656,83.98999786376953,86.31999969482422,83.62000274658203,85.54000091552734,1319100
2022-10-20,75.57041931152344,81.29000091552734,84.97000122070312,80.91000366210938,83.54000091552734,1034800
2022-10-21,79.90254211425781,85.94999694824219,86.13999938964844,82.06999969482422,82.56999969482422,1358900
2022-10-24,80.7950210571289,86.91000366210938,87.43000030517578,85.04000091552734,86.23999786376953,1180900
2022-10-25,83.10050964355469,89.38999938964844,90.0199966430664,86.80000305175781,86.80000305175781,1455500
2022-10-26,79.17743682861328,85.16999816894531,89.0,83.76000213623047,88.9000015258789,1756700
2022-10-27,77.56914520263672,83.44000244140625,86.79000091552734,83.11000061035156,85.31999969482422,1547800
2022-10-28,78.63822174072266,84.58999633789062,85.0199966430664,82.95999908447266,83.11000061035156,875500
2022-10-31,79.58646392822266,85.61000061035156,86.2300033569336,83.63999938964844,84.0199966430664,1607000
2022-11-01,79.46562957763672,85.4800033569336,87.41000366210938,83.44999694824219,86.3499984741211,1194900
2022-11-02,76.5372543334961,82.33000183105469,86.31999969482422,82.30999755859375,84.94999694824219,1076100
2022-11-03,75.70988464355469,81.44000244140625,82.83999633789062,80.23999786376953,80.87000274658203,1060500
2022-11-04,78.01537322998047,83.91999816894531,84.70999908447266,81.9000015258789,83.2300033569336,808300
2022-11-07,79.3912353515625,85.4000015258789,85.75,82.93000030517578,85.0199966430664,895000
2022-11-08,81.2412338256836,87.38999938964844,88.01000213623047,86.0,86.33999633789062,1116800
2022-11-09,78.08045959472656,83.98999786376953,87.98999786376953,83.86000061035156,86.5199966430664,1072400
2022-11-10,84.9319076538086,91.36000061035156,93.55000305175781,87.7699966430664,87.7699966430664,1238900
2022-11-11,85.5826416015625,92.05999755859375,93.41999816894531,90.68000030517578,91.72000122070312,1413700
2022-11-14,83.89068603515625,90.23999786376953,92.70999908447266,90.16000366210938,91.0,959900
2022-11-15,85.09922790527344,91.54000091552734,93.33000183105469,91.05000305175781,92.12999725341797,1223200
2022-11-16,84.24396514892578,90.62000274658203,91.3499984741211,90.19999694824219,90.69999694824219,845400
2022-11-17,83.02613830566406,89.30999755859375,89.61000061035156,87.62999725341797,88.33000183105469,1015300
2022-11-18,83.72337341308594,90.05999755859375,91.5999984741211,88.88999938964844,91.02999877929688,975300
2022-11-21,83.35151672363281,89.66000366210938,90.33000183105469,88.93000030517578,89.33999633789062,574500
2022-11-22,85.37812805175781,91.83999633789062,91.91000366210938,90.0999984741211,90.47000122070312,662900
2022-11-23,84.72737121582031,91.13999938964844,92.81999969482422,90.97000122070312,91.5999984741211,375100
2022-11-25,84.5600357055664,90.95999908447266,91.41999816894531,90.16999816894531,90.20999908447266,309900
2022-11-28,82.10579681396484,88.31999969482422,90.4000015258789,87.77999877929688,90.05999755859375,694200
2022-11-29,83.3236083984375,89.62999725341797,89.6500015258789,87.30000305175781,87.87000274658203,797500
2022-11-30,82.58920288085938,88.83999633789062,89.62000274658203,86.12999725341797,89.22000122070312,1682600
2022-12-01,83.75125122070312,90.08999633789062,91.62000274658203,89.44000244140625,90.45999908447266,804300
2022-12-02,84.7459716796875,91.16000366210938,91.79000091552734,89.13999938964844,89.93000030517578,1256400
2022-12-05,82.62638854980469,88.87999725341797,90.98999786376953,88.3499984741211,89.7699966430664,944100
2022-12-06,82.4962387084961,88.73999786376953,90.41000366210938,87.1500015258789,89.41000366210938,844400
2022-12-07,84.22537231445312,90.5999984741211,91.12000274658203,88.66000366210938,88.81999969482422,871200
2022-12-08,85.68490600585938,92.16999816894531,93.41000366210938,90.72000122070312,91.54000091552734,1057000
2022-12-09,86.27056884765625,92.80000305175781,94.4000015258789,91.77999877929688,91.79000091552734,1092100
2022-12-12,88.17633819580078,94.8499984741211,95.22000122070312,91.9000015258789,92.4800033569336,844000
2022-12-13,89.1617660522461,95.91000366210938,98.98999786376953,95.26000213623047,98.11000061035156,1252400
2022-12-14,87.24668884277344,93.8499984741211,95.55000305175781,93.29000091552734,94.70999908447266,853700
2022-12-15,85.39672088623047,91.86000061035156,92.4800033569336,89.87999725341797,92.1500015258789,1109500
2022-12-16,84.71807098388672,91.12999725341797,91.70999908447266,90.08000183105469,90.94000244140625,2169500
2022-12-19,81.49224090576172,87.66000366210938,91.5999984741211,87.3499984741211,91.16000366210938,1082400
2022-12-20,81.30630493164062,87.45999908447266,87.77999877929688,85.16000366210938,85.16000366210938,1081200
2022-12-21,82.3660888671875,88.5999984741211,88.77999877929688,87.12000274658203,88.37999725341797,734000
2022-12-22,81.2412338256836,87.38999938964844,87.44000244140625,85.87999725341797,87.23999786376953,659300
2022-12-23,82.02212524414062,88.2300033569336,88.3499984741211,86.83999633789062,87.33000183105469,286900
2022-12-27,81.73393249511719,87.91999816894531,88.66000366210938,87.5,88.0,301800
2022-12-28,78.85205078125,84.81999969482422,88.37000274658203,84.79000091552734,87.9000015258789,652900
2022-12-29,80.87865447998047,87.0,87.44999694824219,84.97000122070312,85.22000122070312,510100
2022-12-30,79.29827880859375,85.30000305175781,85.97000122070312,83.9800033569336,85.87000274658203,834300
2023-01-03,80.7012939453125,86.27999877929688,88.01000213623047,85.41000366210938,86.30000305175781,882600
2023-01-04,83.47926330566406,89.25,89.61000061035156,87.4000015258789,87.41000366210938,766900
2023-01-05,82.64679718017578,88.36000061035156,89.1500015258789,87.29000091552734,88.18000030517578,925700
2023-01-06,83.99369812011719,89.80000305175781,90.20999908447266,88.51000213623047,89.54000091552734,825600
2023-01-09,84.26494598388672,90.08999633789062,91.68000030517578,89.81999969482422,90.52999877929688,718600
2023-01-10,83.89081573486328,89.69000244140625,90.52999877929688,87.87000274658203,89.79000091552734,1202200
2023-01-11,85.38735961914062,91.29000091552734,92.62000274658203,90.30000305175781,90.3499984741211,1002200
2023-01-12,85.4341049194336,91.33999633789062,92.20999908447266,89.44999694824219,92.20999908447266,796500
2023-01-13,85.70536041259766,91.62999725341797,91.83999633789062,89.62000274658203,90.44000244140625,596700
2023-01-17,84.64842987060547,90.5,91.36000061035156,89.88999938964844,90.94999694824219,794900
2023-01-18,85.07868957519531,90.95999908447266,93.88999938964844,90.87999725341797,91.0,1015800
2023-01-19,81.08477783203125,86.69000244140625,90.5199966430664,86.62999725341797,90.04000091552734,1453600
2023-01-20,82.69356536865234,88.41000366210938,88.58000183105469,86.33999633789062,86.6500015258789,926000
2023-01-23,83.93756103515625,89.73999786376953,89.94999694824219,88.41999816894531,88.80000305175781,634500
2023-01-24,83.9095230102539,89.70999908447266,92.08000183105469,89.41000366210938,89.41000366210938,777300
2023-01-25,85.92049407958984,91.86000061035156,91.94999694824219,88.66000366210938,88.81999969482422,750200
2023-01-26,85.76148986816406,91.69000244140625,93.88999938964844,89.27999877929688,92.55000305175781,803900
2023-01-27,86.15432739257812,92.11000061035156,92.69000244140625,90.36000061035156,91.51000213623047,719200
2023-01-30,85.66796875,91.58999633789062,92.95999908447266,90.88999938964844,90.88999938964844,729000
2023-01-31,90.40078735351562,96.6500015258789,96.69000244140625,91.62999725341797,92.33999633789062,1165300
2023-02-01,92.70172119140625,99.11000061035156,99.8499984741211,95.19999694824219,96.19000244140625,1014900
2023-02-02,96.31214904785156,102.97000122070312,103.33999633789062,99.12000274658203,99.7699966430664,1367500
2023-02-03,94.46952056884766,101.0,102.4000015258789,100.01000213623047,101.30000305175781,1179400
2023-02-06,93.16940307617188,99.61000061035156,100.08999633789062,98.44999694824219,99.95999908447266,722400
2023-02-07,93.37517547607422,99.83000183105469,100.02999877929688,97.80000305175781,99.08999633789062,855200
2023-02-08,91.7289810180664,98.06999969482422,99.68000030517578,97.73999786376953,99.12999725341797,1115600
2023-02-09,91.47643280029297,97.80000305175781,100.83999633789062,97.54000091552734,99.29000091552734,800700
2023-02-10,92.09375,98.45999908447266,98.87999725341797,96.80999755859375,97.0999984741211,763200
2023-02-13,95.2177963256836,101.80000305175781,101.80999755859375,98.16000366210938,98.81999969482422,1041900
2023-02-14,96.72370147705078,103.41000366210938,103.73999786376953,100.12999725341797,101.01000213623047,1703000
2023-02-15,96.8078842163086,103.5,105.62000274658203,102.45999908447266,104.55000305175781,1440700
2023-02-16,95.10555267333984,101.68000030517578,104.22000122070312,100.08999633789062,102.44999694824219,1019500
2023-02-17,93.46871185302734,99.93000030517578,101.48999786376953,98.30000305175781,101.0,924700
2023-02-21,91.01811981201172,97.30999755859375,99.0999984741211,96.61000061035156,98.55000305175781,864800
2023-02-22,91.07422637939453,97.37000274658203,98.31999969482422,96.61000061035156,97.44000244140625,666300
2023-02-23,91.80380249023438,98.1500015258789,98.63999938964844,96.23999786376953,98.0,561300
2023-02-24,91.51383209228516,97.83999633789062,98.08000183105469,96.12000274658203,96.58999633789062,512800
2023-02-27,91.7289810180664,98.06999969482422,98.95999908447266,97.75,98.69999694824219,500300
2023-02-28,91.46707916259766,97.79000091552734,98.91000366210938,97.63999938964844,97.68000030517578,1010200
2023-03-01,92.05634307861328,98.41999816894531,99.19999694824219,97.3499984741211,97.72000122070312,814900
2023-03-02,93.2035140991211,99.12000274658203,99.5,96.4800033569336,97.12000274658203,405300
2023-03-03,95.22517395019531,101.2699966430664,101.61000061035156,99.0,99.93000030517578,603100
2023-03-06,93.6830825805664,99.62999725341797,102.06999969482422,99.43000030517578,101.5,855100
2023-03-07,92.90263366699219,98.80000305175781,100.61000061035156,98.30000305175781,99.63999938964844,483700
2023-03-08,92.65813446044922,98.54000091552734,99.66000366210938,97.8499984741211,99.11000061035156,538700
2023-03-09,90.16632080078125,95.88999938964844,99.62999725341797,95.83999633789062,98.37000274658203,933300
2023-03-10,87.74971771240234,93.31999969482422,96.20999908447266,90.72000122070312,96.05000305175781,1279300
2023-03-13,86.70597839355469,92.20999908447266,93.81999969482422,90.69999694824219,91.75,702600
2023-03-14,87.11971282958984,92.6500015258789,95.25,91.37000274658203,94.44999694824219,645800
2023-03-15,84.4774169921875,89.83999633789062,91.68000030517578,88.86000061035156,90.68000030517578,692400
2023-03-16,87.30776977539062,92.8499984741211,93.13999938964844,89.01000213623047,89.08000183105469,1246400
2023-03-17,84.4398422241211,89.80000305175781,92.31999969482422,89.45999908447266,92.27999877929688,1348000
2023-03-20,85.84089660644531,91.29000091552734,92.62999725341797,89.81999969482422,90.8499984741211,424400
2023-03-21,87.31717681884766,92.86000061035156,93.76000213623047,92.12000274658203,92.86000061035156,503100
2023-03-22,86.72478485107422,92.2300033569336,94.18000030517578,92.12000274658203,92.48999786376953,841600
2023-03-23,86.64956665039062,92.1500015258789,94.3499984741211,91.33999633789062,92.87000274658203,868500
2023-03-24,86.3392562866211,91.81999969482422,91.93000030517578,89.5999984741211,91.13999938964844,736700
2023-03-27,85.74687194824219,91.19000244140625,92.94000244140625,90.30000305175781,92.94000244140625,1088400
2023-03-28,85.96314239501953,91.41999816894531,92.58999633789062,90.87999725341797,91.18000030517578,448900
2023-03-29,86.48970794677734,91.9800033569336,92.51000213623047,90.77999877929688,92.51000213623047,631400
2023-03-30,87.71210479736328,93.27999877929688,94.02999877929688,92.79000091552734,93.04000091552734,660300
2023-03-31,90.08170318603516,95.80000305175781,96.08000183105469,92.9800033569336,93.98999786376953,683200
2023-04-03,90.9185562133789,96.69000244140625,96.70999908447266,95.0,95.7699966430664,472600
2023-04-04,88.08824157714844,93.68000030517578,96.88999938964844,93.06999969482422,96.58000183105469,955800
2023-04-05,87.70270538330078,93.2699966430664,94.0999984741211,91.51000213623047,92.91999816894531,1951600
2023-04-06,87.92838287353516,93.51000213623047,93.73999786376953,92.30999755859375,93.08999633789062,912200
2023-04-10,90.45780944824219,96.19999694824219,96.97000122070312,93.5,93.5,1030800
2023-04-11,92.21619415283203,98.06999969482422,99.05000305175781,96.75,96.88999938964844,830200
2023-04-12,92.18798828125,98.04000091552734,99.72000122070312,96.43000030517578,99.48999786376953,971500
2023-04-13,92.07514953613281,97.91999816894531,98.66000366210938,96.86000061035156,98.47000122070312,973600
2023-04-14,92.68633270263672,98.56999969482422,99.16999816894531,97.54000091552734,97.58999633789062,779900
2023-04-17,93.30695343017578,99.2300033569336,99.29000091552734,98.0,98.33999633789062,830900
2023-04-18,94.1250228881836,100.0999984741211,100.47000122070312,98.87999725341797,99.66000366210938,982200
2023-04-19,94.99009704589844,101.0199966430664,101.12999725341797,99.69000244140625,99.69000244140625,764400
2023-04-20,95.88340759277344,101.97000122070312,102.56999969482422,100.58000183105469,100.91000366210938,846300
2023-04-21,95.24398803710938,101.29000091552734,102.13999938964844,100.70999908447266,101.97000122070312,556800
2023-04-24,95.3756332397461,101.43000030517578,101.58000183105469,100.0,101.16999816894531,962400
2023-04-25,93.98396301269531,99.94999694824219,100.88999938964844,99.2300033569336,100.48999786376953,1207800
2023-04-26,92.66753387451172,98.55000305175781,104.37000274658203,98.0199966430664,102.02999877929688,2112700
2023-04-27,97.69820404052734,103.9000015258789,104.30000305175781,99.48999786376953,100.06999969482422,1137100
2023-04-28,100.43449401855469,106.80999755859375,107.30999755859375,103.95999908447266,104.41000366210938,1260500
2023-05-01,99.74808502197266,106.08000183105469,107.63999938964844,105.33999633789062,106.54000091552734,825000
2023-05-02,99.13688659667969,105.43000030517578,106.30999755859375,104.37999725341797,105.9800033569336,910500
2023-05-03,100.001953125,106.3499984741211,108.66999816894531,106.30000305175781,106.77999877929688,1191200
2023-05-04,97.63237762451172,103.83000183105469,105.83999633789062,103.41000366210938,105.19000244140625,824600
2023-05-05,98.60089111328125,104.86000061035156,105.70999908447266,103.9800033569336,105.2300033569336,957400
2023-05-08,99.68225860595703,106.01000213623047,106.55999755859375,104.44000244140625,104.98999786376953,700700
2023-05-09,99.40956115722656,105.72000122070312,106.62999725341797,105.2300033569336,105.95999908447266,934500
2023-05-10,99.44719696044922,105.76000213623047,107.37999725341797,104.51000213623047,107.37999725341797,613900
2023-05-11,98.75133514404297,105.0199966430664,105.58000183105469,104.47000122070312,105.04000091552734,487200
2023-05-12,99.05224609375,105.33999633789062,106.13999938964844,103.6500015258789,105.31999969482422,587500
2023-05-15,100.93284606933594,107.33999633789062,107.47000122070312,104.68000030517578,105.16999816894531,766200
2023-05-16,100.29346466064453,106.66000366210938,107.05999755859375,105.5,106.30000305175781,762600
2023-05-17,102.57840728759766,109.08999633789062,109.62000274658203,107.4000015258789,107.48999786376953,726300
2023-05-18,104.95738983154297,111.62000274658203,112.12000274658203,108.16999816894531,108.81999969482422,858500
2023-05-19,103.55633544921875,110.12999725341797,112.16999816894531,109.72000122070312,112.12000274658203,926300
2023-05-22,103.18960571289062,109.73999786376953,111.54000091552734,109.7300033569336,110.16000366210938,733400
2023-05-23,101.66630554199219,108.12000274658203,109.55999755859375,107.5,108.9000015258789,607400
2023-05-24,101.76033020019531,108.22000122070312,110.58000183105469,107.9800033569336,110.12999725341797,991200
2023-05-25,102.65362548828125,109.16999816894531,110.12000274658203,107.80000305175781,108.11000061035156,705200
2023-05-26,103.24603271484375,109.80000305175781,110.44000244140625,108.55999755859375,109.45999908447266,631000
2023-05-30,102.78528594970703,109.30999755859375,111.80000305175781,108.55999755859375,110.5199966430664,604400
2023-05-31,99.983154296875,106.33000183105469,109.05999755859375,105.87999725341797,108.5,1239600
2023-06-01,102.14586639404297,108.62999725341797,108.83000183105469,105.55999755859375,106.11000061035156,967400
2023-06-02,106.74398040771484,113.5199966430664,113.81999969482422,109.58999633789062,109.8499984741211,1037700
2023-06-05,106.64994812011719,113.41999816894531,113.98999786376953,111.0,112.8499984741211,884000
2023-06-06,109.01953125,115.94000244140625,116.66999816894531,113.02999877929688,113.08999633789062,908000
2023-06-07,110.43000030517578,117.44000244140625,118.7699966430664,115.86000061035156,116.20999908447266,808500
2023-06-08,111.10701751708984,118.16000366210938,119.1500015258789,117.0,118.08999633789062,767300
2023-06-09,111.09760284423828,118.1500015258789,118.73999786376953,117.16999816894531,117.9800033569336,785800
2023-06-12,112.9876480102539,120.16000366210938,120.55999755859375,116.63999938964844,117.97000122070312,897000
2023-06-13,114.78362274169922,122.06999969482422,122.27999877929688,120.3499984741211,120.3499984741211,743600
2023-06-14,114.11601257324219,121.36000061035156,122.98999786376953,119.87999725341797,122.12000274658203,754600
2023-06-15,115.58287811279297,122.91999816894531,123.08999633789062,120.79000091552734,120.9000015258789,705900
2023-06-16,114.8682632446289,122.16000366210938,123.31999969482422,121.5199966430664,122.91999816894531,2378300
2023-06-20,117.33187866210938,124.77999877929688,125.4000015258789,121.5199966430664,121.93000030517578,804600
2023-06-21,117.32246398925781,124.7699966430664,126.0,123.5999984741211,124.7699966430664,972600
2023-06-22,116.57023620605469,123.97000122070312,124.41000366210938,122.30999755859375,124.01000213623047,680800
2023-06-23,116.65486145019531,124.05999755859375,124.58000183105469,122.83000183105469,123.01000213623047,806800
2023-06-26,117.59515380859375,125.05999755859375,125.7699966430664,124.0,124.0999984741211,464400
2023-06-27,120.6135482788086,128.27000427246094,128.91000366210938,125.06999969482422,125.41000366210938,684900
2023-06-28,120.39727783203125,128.0399932861328,129.0,126.83000183105469,128.08999633789062,827000
2023-06-29,122.91732788085938,130.72000122070312,130.77999877929688,127.37000274658203,128.13999938964844,641900
2023-06-30,122.71044158935547,130.5,132.6699981689453,130.49000549316406,131.63999938964844,840900
2023-07-03,123.75420379638672,131.61000061035156,132.52999877929688,130.50999450683594,130.6999969482422,496900
2023-07-05,120.98968505859375,128.6699981689453,130.58999633789062,127.33999633789062,130.3000030517578,1094800
2023-07-06,119.06204223632812,126.62000274658203,127.44999694824219,125.43000030517578,127.2699966430664,930100
2023-07-07,119.5416030883789,127.12999725341797,129.17999267578125,126.62000274658203,126.87999725341797,928000
2023-07-10,121.08369445800781,128.77000427246094,129.44000244140625,126.62000274658203,126.8499984741211,696300
2023-07-11,122.77627563476562,130.57000732421875,130.89999389648438,129.5,129.75999450683594,749200
2023-07-12,125.29631805419922,133.25,133.60000610351562,131.30999755859375,132.5,853600
2023-07-13,125.4937973022461,133.4600067138672,134.0,132.57000732421875,134.0,536800
2023-07-14,124.96511840820312,132.3800048828125,134.02999877929688,131.66000366210938,134.02999877929688,597800
2023-07-17,127.33453369140625,134.88999938964844,135.24000549316406,131.50999450683594,131.94000244140625,802300
2023-07-18,129.86444091796875,137.57000732421875,137.97000122070312,134.27999877929688,134.8300018310547,854100
2023-07-19,128.7032928466797,136.33999633789062,138.25,134.2899932861328,138.25,802100
2023-07-20,123.5680160522461,130.89999389648438,135.5800018310547,130.14999389648438,135.0800018310547,968100
2023-07-21,123.02051544189453,130.32000732421875,131.8699951171875,130.1999969482422,131.74000549316406,755900
2023-07-24,123.44530487060547,130.77000427246094,131.7899932861328,129.25999450683594,130.75999450683594,762500
2023-07-25,123.44530487060547,130.77000427246094,132.5399932861328,129.75999450683594,129.75999450683594,1126700
2023-07-26,130.75180053710938,138.50999450683594,139.4499969482422,132.5,132.80999755859375,2130200
2023-07-27,131.27099609375,139.05999755859375,143.6699981689453,138.85000610351562,142.25999450683594,1811300
2023-07-28,132.22439575195312,140.07000732421875,142.02999877929688,139.3000030517578,141.02999877929688,1036000
2023-07-31,132.1488800048828,139.99000549316406,140.99000549316406,138.1699981689453,140.63999938964844,684400
2023-08-01,133.27220153808594,141.17999267578125,142.0399932861328,139.32000732421875,139.7100067138672,920500
2023-08-02,133.96133422851562,141.91000366210938,142.0399932861328,139.14999389648438,140.8800048828125,726400
2023-08-03,132.3848876953125,140.24000549316406,142.25,140.1199951171875,141.17999267578125,695500
2023-08-04,132.66806030273438,140.5399932861328,142.47999572753906,139.8000030517578,141.41000366210938,634900
2023-08-07,134.58438110351562,142.57000732421875,142.82000732421875,140.9600067138672,140.9600067138672,824300
2023-08-08,134.84866333007812,142.85000610351562,142.8800048828125,139.13999938964844,140.97999572753906,762200
2023-08-09,134.04629516601562,142.0,143.2100067138672,141.67999267578125,142.49000549316406,819400
2023-08-10,133.47988891601562,141.39999389648438,143.1699981689453,139.3800048828125,142.0,593800
2023-08-11,133.27220153808594,141.17999267578125,142.47999572753906,140.75999450683594,141.13999938964844,521400
2023-08-14,134.8581085205078,142.86000061035156,142.88999938964844,140.17999267578125,140.77000427246094,457100
2023-08-15,133.35719299316406,141.27000427246094,143.6999969482422,141.0800018310547,142.55999755859375,402800
2023-08-16,132.39431762695312,140.25,142.6699981689453,140.1699981689453,141.47000122070312,409600
2023-08-17,128.06138610839844,135.66000366210938,141.16000366210938,135.32000732421875,140.94000244140625,564900
2023-08-18,128.73165893554688,136.3699951171875,137.02999877929688,135.02000427246094,135.13999938964844,764600
2023-08-21,128.65611267089844,136.2899932861328,137.41000366210938,134.7899932861328,136.94000244140625,729300
2023-08-22,128.2690887451172,135.8800048828125,137.33999633789062,135.33999633789062,136.97000122070312,418000
2023-08-23,130.94058227539062,138.7100067138672,139.5399932861328,136.22999572753906,136.22999572753906,564300
2023-08-24,129.25082397460938,136.9199981689453,139.16000366210938,136.88999938964844,137.7100067138672,509200
2023-08-25,127.92923736572266,135.52000427246094,137.2899932861328,131.30999755859375,137.00999450683594,881600
2023-08-28,130.3836212158203,138.1199951171875,138.47999572753906,136.00999450683594,136.66000366210938,585300
2023-08-29,133.7442169189453,141.67999267578125,142.14999389648438,136.97999572753906,137.52999877929688,570000
2023-08-30,134.24452209472656,142.2100067138672,143.1699981689453,141.22000122070312,141.6300048828125,492100
2023-08-31,135.8493194580078,143.91000366210938,144.47000122070312,142.0,142.24000549316406,858400
2023-09-01,138.53025817871094,146.75,147.0,144.5399932861328,145.0,566300
2023-09-05,133.86692810058594,141.80999755859375,145.8699951171875,139.30999755859375,145.19000244140625,1389200
2023-09-06,134.51829528808594,142.5,144.22000122070312,140.64999389648438,141.1199951171875,744100
2023-09-07,135.06578063964844,143.0800018310547,143.91000366210938,141.32000732421875,143.1699981689453,797700
2023-09-08,134.84866333007812,142.85000610351562,144.47000122070312,141.77000427246094,142.38999938964844,555500
2023-09-11,135.5944366455078,143.63999938964844,146.16000366210938,143.41000366210938,144.22000122070312,827100
2023-09-12,132.0638885498047,139.89999389648438,143.22999572753906,138.89999389648438,142.35000610351562,924700
2023-09-13,129.17532348632812,136.83999633789062,140.0800018310547,135.83999633789062,139.3300018310547,783100
2023-09-14,131.80902099609375,139.6300048828125,140.60000610351562,137.64999389648438,138.02999877929688,859600
2023-09-15,129.1280975341797,136.7899932861328,140.02000427246094,134.25,137.92999267578125,2406600
2023-09-18,129.7228240966797,137.4199981689453,138.22999572753906,136.74000549316406,137.3800048828125,647500
2023-09-19,129.5246124267578,137.2100067138672,137.47999572753906,136.02999877929688,136.82000732421875,860300
2023-09-20,128.2690887451172,135.8800048828125,139.2899932861328,135.8699951171875,137.72999572753906,620300
2023-09-21,127.18350219726562,134.72999572753906,135.9600067138672,133.4499969482422,134.33999633789062,885700
2023-09-22,127.25901794433594,134.80999755859375,135.72999572753906,134.4199981689453,135.41000366210938,702800
2023-09-25,128.5711669921875,136.1999969482422,136.97999572753906,134.00999450683594,134.38999938964844,557400
2023-09-26,126.437744140625,133.94000244140625,137.39999389648438,133.92999267578125,135.63999938964844,590900
2023-09-27,128.3162841796875,135.92999267578125,136.41000366210938,134.5,135.50999450683594,763300
2023-09-28,131.45034790039062,139.25,140.27999877929688,136.10000610351562,136.25999450683594,589300
2023-09-29,128.76937866210938,136.41000366210938,140.25,136.0,140.17999267578125,606800
2023-10-02,127.03245544433594,134.57000732421875,137.27999877929688,134.05999755859375,135.7899932861328,563600
2023-10-03,123.0110855102539,130.30999755859375,134.5399932861328,129.75999450683594,133.9199981689453,773900
2023-10-04,124.95568084716797,132.3699951171875,132.9600067138672,129.64999389648438,131.61000061035156,862000
2023-10-05,125.22945404052734,132.66000366210938,134.52999877929688,131.86000061035156,132.22999572753906,891100
2023-10-06,124.9840087890625,132.39999389648438,133.72000122070312,130.5,131.32000732421875,526100
2023-10-09,124.6158447265625,132.00999450683594,132.72000122070312,128.52000427246094,131.0800018310547,647700
2023-10-10,126.16398620605469,133.64999389648438,135.0,132.02999877929688,132.3800048828125,714900
2023-10-11,128.9110107421875,136.55999755859375,136.5800018310547,133.91000366210938,134.02999877929688,549800
2023-10-12,121.98211669921875,129.22000122070312,135.89999389648438,127.37999725341797,135.3300018310547,933700
2023-10-13,120.7784194946289,127.43000030517578,130.52000427246094,126.56999969482422,129.24000549316406,646000
2023-10-16,122.2948989868164,129.02999877929688,130.24000549316406,127.45999908447266,129.05999755859375,622500
2023-10-17,121.77360534667969,128.47999572753906,129.77999877929688,126.95999908447266,127.37000274658203,854200
2023-10-18,117.08197784423828,123.52999877929688,126.87000274658203,123.2699966430664,126.75,934900
2023-10-19,116.41852569580078,122.83000183105469,124.94999694824219,122.11000061035156,123.26000213623047,1028300
2023-10-20,116.55121612548828,122.97000122070312,124.05999755859375,121.7300033569336,123.1500015258789,887900
2023-10-23,116.64600372314453,123.06999969482422,124.91999816894531,122.58000183105469,122.63999938964844,783200
2023-10-24,116.911376953125,123.3499984741211,125.55000305175781,122.37000274658203,124.9000015258789,1100300
2023-10-25,104.82691192626953,110.5999984741211,118.7300033569336,109.94999694824219,110.91000366210938,2147500
2023-10-26,107.91675567626953,113.86000061035156,114.30000305175781,111.0,111.73999786376953,1492000
2023-10-27,105.7083511352539,111.52999877929688,114.23999786376953,110.95999908447266,113.86000061035156,715100
2023-10-30,106.77938842773438,112.66000366210938,113.79000091552734,111.56999969482422,113.0,726100
2023-10-31,107.45232391357422,113.37000274658203,114.5999984741211,112.80000305175781,113.47000122070312,881100
2023-11-01,109.76496124267578,115.80999755859375,116.05999755859375,112.31999969482422,113.29000091552734,1394300
2023-11-02,112.35244750976562,118.54000091552734,120.12999725341797,117.31999969482422,118.0,913100
2023-11-03,116.25740814208984,122.66000366210938,124.11000061035156,120.83000183105469,121.02999877929688,874800
2023-11-06,114.99683380126953,121.33000183105469,122.8499984741211,120.91000366210938,121.94999694824219,777400
2023-11-07,115.14847564697266,121.48999786376953,122.80999755859375,120.87000274658203,121.08999633789062,783400
2023-11-08,115.97306060791016,122.36000061035156,123.41000366210938,120.16999816894531,120.83000183105469,892700
2023-11-09,115.36646270751953,121.72000122070312,124.0,121.08000183105469,123.12999725341797,718700
2023-11-10,117.81179809570312,124.30000305175781,124.38999938964844,121.31999969482422,122.22000122070312,629500
2023-11-13,117.603271484375,124.08000183105469,124.5199966430664,123.0999984741211,123.26000213623047,480000
2023-11-14,123.6502685546875,130.4600067138672,131.2100067138672,127.63999938964844,127.63999938964844,946300
2023-11-15,123.04367065429688,129.82000732421875,131.99000549316406,129.55999755859375,130.13999938964844,766900
2023-11-16,122.54131317138672,129.2899932861328,131.60000610351562,128.7899932861328,130.0500030517578,837800
2023-11-17,124.51274108886719,131.3699951171875,131.42999267578125,129.7100067138672,129.75999450683594,844600
2023-11-20,123.89669799804688,130.72000122070312,131.75,129.5,130.89999389648438,690500
2023-11-21,123.8303451538086,130.64999389648438,131.50999450683594,129.25,129.88999938964844,592000
2023-11-22,125.33733367919922,132.24000549316406,133.0399932861328,130.91000366210938,131.60000610351562,468900
2023-11-24,126.11455535888672,133.05999755859375,133.08999633789062,131.61000061035156,131.61000061035156,228400
2023-11-27,126.64530181884766,133.6199951171875,134.52000427246094,131.77000427246094,132.32000732421875,572200
2023-11-28,125.27098846435547,132.1699981689453,133.97999572753906,131.6699981689453,133.10000610351562,494500
2023-11-29,127.13819122314453,134.13999938964844,135.6199951171875,133.67999267578125,134.0,602500
2023-11-30,128.50299072265625,135.5800018310547,135.89999389648438,132.6199951171875,134.02000427246094,1019400
2023-12-01,131.77291870117188,139.02999877929688,139.5,135.00999450683594,135.47999572753906,953500
2023-12-04,130.5786895751953,137.77000427246094,138.83999633789062,137.08999633789062,138.1300048828125,650400
2023-12-05,130.87249755859375,138.0800018310547,139.83999633789062,137.2899932861328,137.30999755859375,805900
2023-12-06,131.57388305664062,138.82000732421875,141.27999877929688,138.7100067138672,139.02999877929688,642200
2023-12-07,133.6400909423828,141.0,141.02999877929688,138.25999450683594,138.85000610351562,650200
2023-12-08,135.87692260742188,143.36000061035156,143.57000732421875,141.7899932861328,142.14999389648438,992200
2023-12-11,136.2939453125,143.8000030517578,144.27999877929688,142.88999938964844,143.3699951171875,713800
2023-12-12,135.68736267089844,143.16000366210938,144.39999389648438,142.94000244140625,143.5,680300
2023-12-13,138.55917358398438,146.19000244140625,146.38999938964844,140.94000244140625,143.47999572753906,1384100
2023-12-14,144.80517578125,152.77999877929688,153.64999389648438,148.55999755859375,148.55999755859375,1430500
2023-12-15,144.4734344482422,152.42999267578125,155.19000244140625,151.44000244140625,152.5500030517578,3107500
2023-12-18,141.1182403564453,148.88999938964844,153.30999755859375,148.22000122070312,153.02000427246094,763800
2023-12-19,142.1039581298828,149.92999267578125,150.75999450683594,149.1699981689453,150.1300048828125,688600
2023-12-20,139.79132080078125,147.49000549316406,151.1300048828125,147.1699981689453,149.47999572753906,877800
2023-12-21,140.22731018066406,147.9499969482422,149.24000549316406,146.82000732421875,149.24000549316406,800300
2023-12-22,140.76756286621094,148.52000427246094,149.02999877929688,147.22999572753906,148.52999877929688,522900
2023-12-26,140.52113342285156,148.25999450683594,149.30999755859375,147.97999572753906,149.0,274200
2023-12-27,140.98556518554688,148.75,149.25999450683594,147.7899932861328,148.24000549316406,345400
2023-12-28,140.98556518554688,148.75,151.6699981689453,147.94000244140625,150.38999938964844,311800
2023-12-29,140.49269104003906,148.22999572753906,149.1300048828125,147.69000244140625,148.1300048828125,390100
2024-01-02,141.00450134277344,148.77000427246094,148.86000061035156,145.89999389648438,147.0,678800
2024-01-03,138.14215087890625,145.75,147.22000122070312,143.6199951171875,146.3300018310547,794700
2024-01-04,137.65878295898438,145.24000549316406,147.5,144.82000732421875,144.82000732421875,533600
2024-01-05,140.30458068847656,147.4199981689453,148.44000244140625,143.72000122070312,144.1999969482422,687700
2024-01-08,142.75054931640625,149.99000549316406,150.27999877929688,147.72000122070312,148.0500030517578,538500
2024-01-09,143.8545684814453,151.14999389648438,151.55999755859375,148.32000732421875,148.80999755859375,449800
2024-01-10,143.5023956298828,150.77999877929688,153.49000549316406,150.2899932861328,151.3800048828125,529500
2024-01-11,143.0360565185547,150.2899932861328,150.8800048828125,148.0399932861328,150.0,329900
2024-01-12,142.01771545410156,149.22000122070312,151.22000122070312,148.2100067138672,151.22000122070312,422300
2024-01-16,140.8185272216797,147.9600067138672,148.14999389648438,146.3699951171875,147.49000549316406,449500
2024-01-17,140.61865234375,147.75,148.14999389648438,146.00999450683594,146.5,372300
2024-01-18,143.435791015625,150.7100067138672,150.77999877929688,147.91000366210938,149.55999755859375,357700
2024-01-19,143.3596649169922,150.6300048828125,151.3300018310547,149.2100067138672,151.0500030517578,403500
2024-01-22,147.00479125976562,154.4600067138672,154.5500030517578,151.75999450683594,152.1300048828125,516700
2024-01-23,141.49423217773438,148.6699981689453,154.22999572753906,147.94000244140625,153.27000427246094,632300
2024-01-24,139.76211547851562,146.85000610351562,150.08999633789062,146.6199951171875,150.08999633789062,484100
2024-01-25,142.4935760498047,149.72000122070312,149.8000030517578,147.2899932861328,148.67999267578125,472100
2024-01-26,142.9503936767578,150.1999969482422,150.9499969482422,149.3800048828125,149.74000549316406,510300
2024-01-29,144.7967529296875,152.13999938964844,152.63999938964844,150.33999633789062,150.38999938964844,465700
2024-01-30,145.5867156982422,152.97000122070312,153.64999389648438,151.5500030517578,151.97999572753906,303000
2024-01-31,144.2162322998047,151.52999877929688,154.27000427246094,151.02999877929688,152.0,497200
2024-02-01,148.1658935546875,155.67999267578125,155.74000549316406,151.4499969482422,153.1999969482422,452400
2024-02-02,147.91848754882812,155.4199981689453,156.27999877929688,152.17999267578125,153.72999572753906,447400
2024-02-05,145.60574340820312,152.99000549316406,154.08999633789062,151.32000732421875,153.36000061035156,288400
2024-02-06,145.86270141601562,153.25999450683594,153.99000549316406,152.2899932861328,152.99000549316406,358000
2024-02-07,150.91644287109375,158.57000732421875,159.8300018310547,154.24000549316406,155.25,614200
2024-02-08,151.79200744628906,159.49000549316406,160.17999267578125,158.36000061035156,159.89999389648438,714800
2024-02-09,141.0564727783203,148.2100067138672,153.13999938964844,144.9600067138672,151.72999572753906,2909900
2024-02-12,142.04629516601562,149.25,150.7899932861328,146.88999938964844,147.38999938964844,1220500
2024-02-13,139.94293212890625,147.0399932861328,148.61000061035156,144.25,145.2899932861328,1450100
2024-02-14,136.12648010253906,143.02999877929688,150.0,142.47000122070312,149.94000244140625,1752500
2024-02-15,135.36508178710938,142.22999572753906,142.2899932861328,138.75999450683594,141.63999938964844,1254700
2024-02-16,133.19512939453125,139.9499969482422,143.0,139.11000061035156,140.6199951171875,972800
2024-02-20,134.72744750976562,141.55999755859375,141.60000610351562,138.6999969482422,139.22999572753906,956800
2024-02-21,136.735595703125,143.6699981689453,144.1999969482422,142.1199951171875,142.35000610351562,626700
2024-02-22,137.64926147460938,144.6300048828125,145.35000610351562,143.5,145.0,687400
2024-02-23,140.2570037841797,147.3699951171875,148.0,145.57000732421875,145.6300048828125,573600
2024-02-26,140.19036865234375,147.3000030517578,147.39999389648438,145.5,146.88999938964844,509100
2024-02-27,141.732177734375,148.9199981689453,149.3300018310547,147.1999969482422,147.47999572753906,689300
2024-02-28,142.6648712158203,149.89999389648438,150.89999389648438,148.6199951171875,148.6999969482422,559700
2024-02-29,142.55067443847656,149.77999877929688,150.6300048828125,148.77999877929688,150.5500030517578,1258200
2024-03-01,144.93002319335938,151.6699981689453,152.13999938964844,149.00999450683594,149.19000244140625,530300
2024-03-04,146.01937866210938,152.80999755859375,154.7100067138672,152.49000549316406,152.8800048828125,672300
2024-03-05,142.61756896972656,149.25,153.85000610351562,148.99000549316406,152.38999938964844,713800
2024-03-06,144.19422912597656,150.89999389648438,151.72999572753906,149.9600067138672,150.8800048828125,662900
2024-03-07,148.6471405029297,155.55999755859375,155.97999572753906,152.00999450683594,152.00999450683594,618400
2024-03-08,150.0231475830078,157.0,158.0,155.05999755859375,156.5500030517578,889000
2024-03-11,149.06761169433594,156.0,156.5800018310547,153.77999877929688,156.27999877929688,629300
2024-03-12,152.421630859375,159.50999450683594,160.1300048828125,155.35000610351562,156.27000427246094,690600
2024-03-13,155.15457153320312,162.3699951171875,162.77999877929688,159.75,159.75,750100
2024-03-14,150.5296173095703,157.52999877929688,163.44000244140625,156.44000244140625,162.0,707200
2024-03-15,152.68919372558594,159.7899932861328,161.0399932861328,156.72000122070312,156.72000122070312,1603200
2024-03-18,150.66339111328125,157.6699981689453,160.97000122070312,157.58999633789062,160.14999389648438,633000
2024-03-19,151.8387451171875,158.89999389648438,159.38999938964844,157.49000549316406,157.97999572753906,606500
2024-03-20,153.51097106933594,160.64999389648438,161.0,158.4499969482422,159.2899932861328,631100
2024-03-21,158.7570037841797,166.13999938964844,167.05999755859375,161.22000122070312,162.00999450683594,824400
2024-03-22,158.59457397460938,165.97000122070312,166.64999389648438,164.44000244140625,166.0,492600
2024-03-25,158.09765625,165.4499969482422,166.86000061035156,165.08999633789062,166.47000122070312,338000
2024-03-26,156.85543823242188,164.14999389648438,165.99000549316406,163.9499969482422,165.47000122070312,458900
2024-03-27,159.7794647216797,167.2100067138672,167.27000427246094,164.91000366210938,165.24000549316406,316600
2024-03-28,159.38768005371094,166.8000030517578,167.92999267578125,165.5800018310547,166.0,473500
2024-04-01,161.2892608642578,168.7899932861328,169.3000030517578,166.4600067138672,167.6300048828125,532700
2024-04-02,159.40679931640625,166.82000732421875,167.42999267578125,164.66000366210938,166.52000427246094,695500
2024-04-03,163.4010467529297,171.0,171.27999877929688,166.8800048828125,166.8800048828125,724100
2024-04-04,161.44212341308594,168.9499969482422,173.11000061035156,167.50999450683594,172.5500030517578,677200
2024-04-05,164.98727416992188,172.66000366210938,173.64999389648438,169.80999755859375,169.80999755859375,520000
2024-04-08,163.7163543701172,171.3300018310547,173.0800018310547,171.3300018310547,172.94000244140625,446600
2024-04-09,162.0727996826172,169.61000061035156,172.22999572753906,167.52000427246094,171.8699951171875,417400
2024-04-10,158.5276641845703,165.89999389648438,168.08999633789062,163.69000244140625,166.0,532000
2024-04-11,159.12013244628906,166.52000427246094,168.22999572753906,166.30999755859375,167.19000244140625,415800
2024-04-12,158.15496826171875,165.50999450683594,166.9199981689453,164.9199981689453,165.80999755859375,507700
2024-04-15,156.57833862304688,163.86000061035156,167.99000549316406,163.66000366210938,167.17999267578125,532000
2024-04-16,156.2725372314453,163.5399932861328,164.30999755859375,159.77999877929688,162.60000610351562,660100
2024-04-17,155.6609649658203,162.89999389648438,165.77000427246094,162.64999389648438,165.1300048828125,614800
2024-04-18,153.38674926757812,160.52000427246094,165.9499969482422,160.32000732421875,165.2100067138672,873500
2024-04-19,152.99497985839844,160.11000061035156,162.24000549316406,159.25,160.7100067138672,572300
2024-04-22,157.13255310058594,164.44000244140625,166.1300048828125,161.52000427246094,162.25999450683594,616700
2024-04-23,160.17123413085938,167.6199951171875,168.0500030517578,163.36000061035156,165.0399932861328,778600
2024-04-24,157.87786865234375,165.22000122070312,170.97999572753906,161.91000366210938,164.0,1147200
2024-04-25,157.70587158203125,165.0399932861328,165.99000549316406,160.82000732421875,163.8000030517578,731200
2024-04-26,161.01210021972656,168.5,170.52999877929688,166.11000061035156,166.11000061035156,527300
2024-04-29,164.0508270263672,171.67999267578125,172.67999267578125,169.24000549316406,169.24000549316406,901700
2024-04-30,160.7350311279297,168.2100067138672,172.14999389648438,168.14999389648438,170.22000122070312,445200
2024-05-01,160.6107940673828,168.0800018310547,172.32000732421875,166.35000610351562,167.74000549316406,616700
2024-05-02,165.44590759277344,173.13999938964844,173.3300018310547,168.17999267578125,170.80999755859375,873300
2024-05-03,167.04173278808594,174.80999755859375,178.24000549316406,174.05999755859375,176.5399932861328,680600
2024-05-06,169.38284301757812,177.25999450683594,178.3300018310547,175.86000061035156,177.08999633789062,466000
2024-05-07,167.29971313476562,175.0800018310547,176.83999633789062,174.64999389648438,176.22000122070312,896600
2024-05-08,166.86972045898438,174.6300048828125,177.0,173.64999389648438,174.36000061035156,701500
2024-05-09,169.49755859375,177.3800048828125,178.3300018310547,174.77000427246094,175.05999755859375,450900
2024-05-10,168.95285034179688,176.80999755859375,179.1999969482422,176.0800018310547,177.77999877929688,525800
2024-05-13,167.8539581298828,175.66000366210938,178.5399932861328,175.58999633789062,177.74000549316406,416000
2024-05-14,169.80328369140625,177.6999969482422,177.77000427246094,175.27000427246094,175.91000366210938,467300
2024-05-15,171.49465942382812,179.47000122070312,181.5,179.19000244140625,179.9600067138672,496100
2024-05-16,166.0001678466797,173.72000122070312,179.24000549316406,173.67999267578125,178.4199981689453,564500
2024-05-17,168.54196166992188,176.3800048828125,177.38999938964844,173.7899932861328,174.1300048828125,610800
2024-05-20,169.0006103515625,176.86000061035156,178.25,175.61000061035156,176.3800048828125,340800
2024-05-21,170.57730102539062,178.50999450683594,178.69000244140625,175.27000427246094,176.47000122070312,456200
2024-05-22,169.62173461914062,177.50999450683594,178.36000061035156,175.8699951171875,177.6999969482422,586000
2024-05-23,168.81906127929688,176.6699981689453,178.5,175.2100067138672,178.5,385000
2024-05-24,173.2910919189453,181.35000610351562,181.60000610351562,177.6300048828125,178.0,603600
2024-05-28,169.94664001464844,177.85000610351562,183.3300018310547,177.85000610351562,182.0,672500
2024-05-29,166.3919219970703,174.1300048828125,176.89999389648438,173.0,175.77999877929688,469000
2024-05-30,170.3001708984375,178.22000122070312,178.52000427246094,174.39999389648438,175.0,557100
2024-05-31,173.02352905273438,181.07000732421875,181.14999389648438,176.1699981689453,178.4199981689453,1116300
2024-06-03,172.35462951660156,180.3699951171875,184.0,175.77000427246094,183.0,832100
2024-06-04,167.66285705566406,175.4600067138672,180.27999877929688,175.1199951171875,179.42999267578125,757100
2024-06-05,171.54241943359375,179.52000427246094,179.97999572753906,174.60000610351562,176.33999633789062,619100
2024-06-06,168.71397399902344,176.55999755859375,179.72000122070312,176.39999389648438,178.11000061035156,612300
2024-06-07,169.029296875,176.88999938964844,177.27999877929688,172.27000427246094,174.17999267578125,521100
2024-06-10,168.5610809326172,176.39999389648438,177.3699951171875,174.67999267578125,175.5800018310547,571600
2024-06-11,167.60549926757812,175.39999389648438,176.32000732421875,174.14999389648438,175.99000549316406,641600
2024-06-12,173.32931518554688,181.38999938964844,183.22000122070312,178.88999938964844,180.0,550500
2024-06-13,173.13819885253906,181.19000244140625,182.0,179.1999969482422,180.85000610351562,484300
2024-06-14,168.7330780029297,176.5800018310547,179.1999969482422,175.14999389648438,178.44000244140625,400400
2024-06-17,169.2872772216797,177.16000366210938,177.6699981689453,174.1300048828125,176.5399932861328,488100
2024-06-18,171.34176635742188,179.30999755859375,180.0,174.61000061035156,176.5500030517578,457500
2024-06-20,167.82528686523438,175.6300048828125,179.30999755859375,174.4600067138672,178.85000610351562,536500
2024-06-21,169.80328369140625,177.6999969482422,177.8800048828125,174.00999450683594,174.74000549316406,1942300
2024-06-24,170.31930541992188,178.24000549316406,180.97000122070312,175.0,177.77999877929688,601600
2024-06-25,166.13394165039062,173.86000061035156,177.8300018310547,171.08999633789062,177.4199981689453,602600
2024-06-26,165.48414611816406,173.17999267578125,173.91000366210938,170.19000244140625,171.97999572753906,602000
2024-06-27,164.2323455810547,171.8699951171875,174.47999572753906,170.57000732421875,173.64999389648438,823900
2024-06-28,166.0001678466797,173.72000122070312,175.74000549316406,172.24000549316406,172.5800018310547,904700
2024-07-01,160.12347412109375,167.57000732421875,174.85000610351562,167.27000427246094,174.77000427246094,863200
2024-07-02,160.88790893554688,168.3699951171875,169.16000366210938,166.19000244140625,167.3800048828125,570600
2024-07-03,160.86878967285156,168.35000610351562,169.9600067138672,167.63999938964844,168.99000549316406,299300
2024-07-05,158.2792510986328,165.63999938964844,167.89999389648438,163.8000030517578,167.3800048828125,763700
2024-07-08,159.90370178222656,167.33999633789062,168.47999572753906,165.9499969482422,167.16000366210938,632100
2024-07-09,157.99256896972656,165.33999633789062,168.1300048828125,165.10000610351562,165.8800048828125,469300
2024-07-10,159.731689453125,167.16000366210938,168.80999755859375,166.0399932861328,166.33999633789062,838900
2024-07-11,167.36659240722656,175.14999389648438,176.0800018310547,171.57000732421875,171.69000244140625,812800
2024-07-12,169.57395935058594,177.4600067138672,180.0800018310547,176.99000549316406,178.8000030517578,586700
2024-07-15,167.04270935058594,174.22000122070312,177.9199981689453,173.85000610351562,177.69000244140625,720100
2024-07-16,174.1090850830078,181.58999633789062,181.97999572753906,175.92999267578125,175.97000122070312,971700
2024-07-17,165.9304962158203,173.05999755859375,180.97000122070312,172.72000122070312,179.5,1006500
2024-07-18,167.20571899414062,174.38999938964844,179.32000732421875,173.99000549316406,174.38999938964844,644800
2024-07-19,165.66204833984375,172.77999877929688,175.0800018310547,172.00999450683594,173.47999572753906,362500
2024-07-22,170.705322265625,178.0399932861328,178.5399932861328,172.1999969482422,173.77000427246094,610300
2024-07-23,172.46954345703125,179.8800048828125,180.92999267578125,176.5399932861328,176.5399932861328,616700
2024-07-24,167.4550018310547,174.64999389648438,180.58999633789062,173.88999938964844,179.8800048828125,577500
2024-07-25,168.49050903320312,175.72999572753906,179.50999450683594,174.0,175.5500030517578,526800
2024-07-26,172.67086791992188,180.08999633789062,183.32000732421875,179.27999877929688,179.94000244140625,593200
2024-07-29,174.78982543945312,182.3000030517578,182.85000610351562,180.08999633789062,180.6199951171875,600100
2024-07-30,174.53094482421875,182.02999877929688,184.66000366210938,180.9199981689453,182.8000030517578,469800
2024-07-31,178.70176696777344,186.3800048828125,189.24000549316406,182.6199951171875,184.30999755859375,744200
2024-08-01,175.2884521484375,182.82000732421875,191.1300048828125,180.6199951171875,187.07000732421875,928400
2024-08-02,162.6897430419922,169.67999267578125,176.50999450683594,169.61000061035156,176.22000122070312,905500
2024-08-05,157.57933044433594,164.35000610351562,167.30999755859375,157.99000549316406,160.13999938964844,926200
2024-08-06,151.07864379882812,157.57000732421875,163.88999938964844,154.35000610351562,155.17999267578125,1595500
2024-08-07,147.6748809814453,154.02000427246094,163.11000061035156,153.47000122070312,160.16000366210938,961800
2024-08-08,148.7295684814453,155.1199951171875,157.14999389648438,154.25,156.02999877929688,825600
2024-08-09,150.5608673095703,157.02999877929688,157.17999267578125,154.57000732421875,155.5800018310547,752800
2024-08-12,148.85421752929688,155.25,157.00999450683594,153.0,156.9600067138672,902300
2024-08-13,152.9195556640625,159.49000549316406,160.0399932861328,156.50999450683594,156.86000061035156,760000
2024-08-14,152.0086669921875,158.5399932861328,161.07000732421875,157.35000610351562,160.72000122070312,993400
2024-08-15,155.16314697265625,161.8300018310547,163.66000366210938,160.33999633789062,160.88999938964844,718000
2024-08-16,153.0058135986328,159.5800018310547,162.58999633789062,159.0500030517578,161.3300018310547,551200
2024-08-19,155.8822479248047,162.5800018310547,163.05999755859375,159.99000549316406,160.8699951171875,549600
2024-08-20,154.05091857910156,160.6699981689453,164.02999877929688,159.89999389648438,162.60000610351562,455600
2024-08-21,156.63009643554688,163.36000061035156,163.55999755859375,160.72999572753906,162.0,495200
2024-08-22,156.82188415527344,163.55999755859375,164.91000366210938,161.86000061035156,162.89999389648438,597000
2024-08-23,164.69366455078125,171.77000427246094,171.99000549316406,163.6699981689453,164.83999633789062,665200
2024-08-26,164.34848022460938,171.41000366210938,174.3000030517578,170.50999450683594,172.50999450683594,620900
2024-08-27,160.3311004638672,167.22000122070312,171.2899932861328,166.0399932861328,169.8800048828125,486100
2024-08-28,159.10382080078125,165.94000244140625,166.77000427246094,164.44000244140625,165.86000061035156,595000
2024-08-29,159.6311492919922,166.49000549316406,168.9600067138672,164.25999450683594,166.89999389648438,487800
2024-08-30,161.77886962890625,168.72999572753906,168.99000549316406,165.57000732421875,168.00999450683594,751600
2024-09-03,153.0346221923828,159.61000061035156,169.2899932861328,159.27000427246094,168.6199951171875,774500
2024-09-04,153.3893585205078,159.97999572753906,161.35000610351562,157.7100067138672,159.47000122070312,610600
2024-09-05,152.39219665527344,158.94000244140625,161.50999450683594,157.3300018310547,160.0800018310547,717000
2024-09-06,150.67593383789062,157.14999389648438,162.7899932861328,157.10000610351562,159.5800018310547,689100
2024-09-09,150.1006622314453,156.5500030517578,158.86000061035156,156.1300048828125,157.99000549316406,901300
2024-09-10,151.26080322265625,157.75999450683594,158.55999755859375,155.3699951171875,157.89999389648438,635100
2024-09-11,153.31265258789062,159.89999389648438,160.35000610351562,153.4199981689453,156.94000244140625,648200
2024-09-12,155.048095703125,161.7100067138672,162.1999969482422,158.22999572753906,159.9199981689453,501300
2024-09-13,158.77783203125,165.60000610351562,166.2899932861328,163.33999633789062,163.8300018310547,493100
2024-09-16,160.85842895507812,167.77000427246094,168.16000366210938,165.1300048828125,166.66000366210938,586400
2024-09-17,163.75399780273438,170.7899932861328,171.5800018310547,167.61000061035156,169.19000244140625,956100
2024-09-18,165.2305908203125,172.3300018310547,176.5,170.5,172.92999267578125,633000
2024-09-19,170.810791015625,178.14999389648438,179.58999633789062,174.67999267578125,176.5,810300
2024-09-20,167.0235137939453,174.1999969482422,178.6199951171875,173.85000610351562,177.63999938964844,2203100
2024-09-23,167.16737365722656,174.35000610351562,177.99000549316406,173.32000732421875,175.32000732421875,592500
2024-09-24,167.23446655273438,174.4199981689453,176.38999938964844,173.0,174.22999572753906,500800
2024-09-25,163.29379272460938,170.30999755859375,174.55999755859375,169.75999450683594,174.55999755859375,527900
2024-09-26,166.85093688964844,174.02000427246094,174.77999877929688,171.0800018310547,172.4199981689453,743900
2024-09-27,167.1194305419922,174.3000030517578,176.24000549316406,172.41000366210938,175.1300048828125,686500
2024-09-30,169.2479705810547,176.52000427246094,176.7100067138672,171.69000244140625,173.02000427246094,767300
2024-10-01,167.3495330810547,174.5399932861328,177.1199951171875,172.24000549316406,176.66000366210938,541700
2024-10-02,165.40316772460938,172.50999450683594,175.47999572753906,171.47000122070312,172.94000244140625,632800
2024-10-03,165.34561157226562,172.4499969482422,173.36000061035156,170.10000610351562,171.8000030517578,576600
2024-10-04,164.9237518310547,172.00999450683594,174.50999450683594,170.58999633789062,174.38999938964844,496800
2024-10-07,173.94610595703125,181.4199981689453,181.7100067138672,168.47000122070312,170.3000030517578,868700
2024-10-08,174.57891845703125,182.0800018310547,184.3800048828125,179.82000732421875,182.0,1100300
2024-10-09,174.502197265625,182.0,183.99000549316406,180.5500030517578,183.00999450683594,851100
2024-10-10,168.6822509765625,175.92999267578125,178.6300048828125,172.27999877929688,172.89999389648438,716400
2024-10-11,173.0160675048828,180.4499969482422,181.89999389648438,175.3000030517578,175.92999267578125,459300
2024-10-14,179.75643920898438,187.47999572753906,187.5500030517578,181.25,182.33999633789062,674700
2024-10-15,179.29620361328125,187.0,189.69000244140625,186.77999877929688,187.41000366210938,772800
2024-10-16,180.20709228515625,187.9499969482422,191.1699981689453,186.63999938964844,188.4499969482422,619900
2024-10-17,179.69891357421875,187.4199981689453,191.44000244140625,186.64999389648438,189.22999572753906,816900
2024-10-18,182.37294006347656,189.60000610351562,190.55999755859375,187.89999389648438,188.27000427246094,605200
2024-10-21,179.1025390625,186.1999969482422,189.5,185.13999938964844,189.5,764800
2024-10-22,175.89947509765625,182.8699951171875,185.4600067138672,182.49000549316406,183.9600067138672,639500
2024-10-23,174.4085693359375,181.32000732421875,183.64999389648438,180.11000061035156,181.97999572753906,696600
2024-10-24,176.43814086914062,183.42999267578125,185.99000549316406,180.27000427246094,181.3000030517578,725000
2024-10-25,174.96644592285156,181.89999389648438,185.57000732421875,180.77999877929688,184.1300048828125,596800
2024-10-28,177.99639892578125,185.0500030517578,185.89999389648438,183.2899932861328,183.2899932861328,473600
2024-10-29,174.06228637695312,180.9600067138672,182.0,178.61000061035156,180.63999938964844,663100
2024-10-30,174.6586456298828,181.5800018310547,184.17999267578125,179.5,180.6199951171875,575300
2024-10-31,170.0512237548828,176.7899932861328,182.3300018310547,176.60000610351562,180.7899932861328,854800
2024-11-01,173.46591186523438,180.33999633789062,182.49000549316406,177.72999572753906,179.5,604800
2024-11-04,172.56173706054688,179.39999389648438,183.99000549316406,179.17999267578125,180.08999633789062,505600
2024-11-05,175.60128784179688,182.55999755859375,182.6999969482422,179.17999267578125,179.17999267578125,738400
2024-11-06,177.60202026367188,184.63999938964844,189.89999389648438,174.5500030517578,174.58999633789062,1451400
2024-11-07,180.2760467529297,187.4199981689453,191.16000366210938,185.1999969482422,185.1999969482422,919900
2024-11-08,183.18093872070312,190.44000244140625,193.92999267578125,186.25,188.0,796300
2024-11-11,186.0858154296875,193.4600067138672,197.52000427246094,191.25999450683594,193.0,589900
2024-11-12,183.4021759033203,190.6699981689453,194.6199951171875,189.86000061035156,192.66000366210938,696300
2024-11-13,188.30775451660156,195.77000427246094,197.5800018310547,192.6699981689453,192.6699981689453,1045700
2024-11-14,187.8171844482422,195.25999450683594,199.5399932861328,194.1300048828125,195.9199981689453,831600
2024-11-15,186.59561157226562,193.99000549316406,195.94000244140625,193.10000610351562,194.3800048828125,831300
2024-11-18,187.85568237304688,195.3000030517578,198.05999755859375,191.83999633789062,192.75999450683594,838300
2024-11-19,186.69180297851562,194.08999633789062,195.7100067138672,190.69000244140625,193.47999572753906,861500
2024-11-20,186.72064208984375,194.1199951171875,194.97999572753906,191.83999633789062,194.97999572753906,639600
2024-11-21,190.0487823486328,197.5800018310547,198.4199981689453,194.0,194.32000732421875,544900
2024-11-22,195.04095458984375,202.77000427246094,203.39999389648438,198.58999633789062,199.5,627100
2024-11-25,202.77450561523438,210.80999755859375,214.52999877929688,205.02999877929688,205.2100067138672,1816000
2024-11-26,200.0042266845703,207.92999267578125,210.0,206.1999969482422,209.8699951171875,796500
2024-11-27,197.28213500976562,205.10000610351562,210.8000030517578,203.89999389648438,209.14999389648438,634800
2024-11-29,197.7823028564453,205.6199951171875,208.6999969482422,205.57000732421875,207.8300018310547,394300
2024-12-02,195.60845947265625,203.36000061035156,206.47000122070312,202.83999633789062,205.6199951171875,644100
2024-12-03,194.6273193359375,202.33999633789062,205.75,200.72999572753906,204.05999755859375,602200
2024-12-04,195.4930419921875,203.24000549316406,203.7100067138672,200.77999877929688,202.1300048828125,676000
2024-12-05,192.53042602539062,200.16000366210938,203.25,199.91000366210938,203.1699981689453,596900
2024-12-06,194.21372985839844,201.91000366210938,203.67999267578125,201.41000366210938,203.5800018310547,466400
2024-12-09,191.46273803710938,199.0500030517578,202.1999969482422,198.72000122070312,201.8300018310547,660900
2024-12-10,189.41392517089844,196.9199981689453,199.75,194.8000030517578,198.25,785500
2024-12-11,190.99142456054688,198.55999755859375,202.14999389648438,197.74000549316406,201.55999755859375,1646900
2024-12-12,186.96112060546875,194.3699951171875,197.88999938964844,194.1199951171875,197.75,655700
2024-12-13,184.10433959960938,191.39999389648438,194.3800048828125,189.64999389648438,193.50999450683594,614700
2024-12-16,178.19837951660156,185.25999450683594,192.0,185.16000366210938,191.38999938964844,1364600
2024-12-17,176.22653198242188,183.2100067138672,185.89999389648438,182.08999633789062,185.13999938964844,1074900
2024-12-18,167.7908172607422,174.44000244140625,185.92999267578125,174.16000366210938,184.27999877929688,1336000
2024-12-19,163.03912353515625,169.5,175.38999938964844,169.32000732421875,173.3800048828125,1192600
2024-12-20,162.95252990722656,169.41000366210938,172.52999877929688,168.2100067138672,168.88999938964844,4997700
2024-12-23,164.39537048339844,170.91000366210938,171.69000244140625,168.8699951171875,169.83999633789062,1003900
2024-12-24,164.56849670410156,171.08999633789062,171.77000427246094,169.25,170.7899932861328,343600
2024-12-26,165.89588928222656,172.47000122070312,173.4199981689453,169.2100067138672,170.42999267578125,433400
2024-12-27,164.07797241210938,170.5800018310547,172.32000732421875,169.4499969482422,171.25,405200
2024-12-30,163.1256866455078,169.58999633789062,170.3699951171875,167.14999389648438,170.02999877929688,438200
2024-12-31,163.82786560058594,170.32000732421875,171.0500030517578,169.3800048828125,170.10000610351562,543400
2025-01-02,162.8371124267578,169.2899932861328,173.2899932861328,168.0,171.5800018310547,617100
2025-01-03,165.57847595214844,172.13999938964844,172.22000122070312,169.0,169.3300018310547,520100
2025-01-06,165.33702087402344,171.1999969482422,175.19000244140625,170.9499969482422,173.11000061035156,441200
2025-01-07,162.99026489257812,168.77000427246094,171.63999938964844,167.7100067138672,171.27000427246094,554700
2025-01-08,165.73300170898438,171.61000061035156,171.7899932861328,166.8300018310547,168.7100067138672,583500
2025-01-10,161.8410186767578,167.5800018310547,171.77999877929688,166.99000549316406,170.08999633789062,747200
2025-01-13,163.6952667236328,169.5,169.57000732421875,163.88999938964844,166.36000061035156,509400
2025-01-14,168.62062072753906,174.60000610351562,174.89999389648438,171.0,172.19000244140625,562300
2025-01-15,173.36244201660156,179.50999450683594,183.9600067138672,178.2100067138672,179.67999267578125,866800
2025-01-16,173.1403350830078,179.27999877929688,181.8300018310547,177.5800018310547,179.8699951171875,488000
2025-01-17,176.4239044189453,182.67999267578125,183.63999938964844,180.72999572753906,182.0500030517578,593700
2025-01-21,180.856689453125,187.27000427246094,188.64999389648438,184.3800048828125,185.88999938964844,700100
2025-01-22,181.1464385986328,187.57000732421875,188.10000610351562,185.7899932861328,187.3000030517578,972100
2025-01-23,181.33958435058594,187.77000427246094,190.07000732421875,186.44000244140625,187.6699981689453,689400
2025-01-24,181.4844207763672,187.9199981689453,188.27999877929688,185.02000427246094,188.27999877929688,678600
2025-01-27,184.6424560546875,191.19000244140625,192.9600067138672,185.0500030517578,185.17999267578125,841300
2025-01-28,184.6424560546875,191.19000244140625,192.44000244140625,188.3000030517578,190.97999572753906,1404100
2025-01-29,180.8180694580078,187.22999572753906,192.63999938964844,186.64999389648438,190.5399932861328,535700
2025-01-30,184.28515625,190.82000732421875,191.85000610351562,188.08999633789062,188.89999389648438,522600
2025-01-31,178.22984313964844,184.5500030517578,192.60000610351562,184.47999572753906,190.08999633789062,917600
2025-02-03,173.9322509765625,180.10000610351562,181.74000549316406,176.3800048828125,180.27999877929688,751900
2025-02-04,174.53102111816406,180.72000122070312,182.99000549316406,179.63999938964844,181.0,635300
2025-02-05,175.91204833984375,182.14999389648438,183.88999938964844,179.0,182.9499969482422,554300
2025-02-06,177.64076232910156,183.94000244140625,186.17999267578125,182.08999633789062,183.97000122070312,728600
2025-02-07,174.80142211914062,181.0,184.52000427246094,179.02000427246094,184.52000427246094,547500
2025-02-10,173.97088623046875,180.13999938964844,183.49000549316406,179.5399932861328,183.49000549316406,667600
2025-02-11,172.17457580566406,178.27999877929688,180.7100067138672,177.38999938964844,179.9199981689453,807700
2025-02-12,170.36862182617188,176.41000366210938,176.94000244140625,172.10000610351562,173.66000366210938,763600
2025-02-13,171.94277954101562,178.0399932861328,178.69000244140625,174.86000061035156,177.1999969482422,885700
2025-02-14,173.23690795898438,179.3800048828125,179.82000732421875,175.9600067138672,179.22000122070312,775400
2025-02-18,171.5371551513672,177.6199951171875,179.17999267578125,175.8300018310547,179.17999267578125,608800
2025-02-19,168.16668701171875,174.1300048828125,175.3699951171875,172.69000244140625,174.0,727500
2025-02-20,166.2062225341797,172.10000610351562,174.7899932861328,171.17999267578125,173.63999938964844,718300
2025-02-21,159.7936248779297,165.4600067138672,173.6300048828125,162.72000122070312,173.6300048828125,1219200
2025-02-24,157.31163024902344,162.88999938964844,167.30999755859375,156.89999389648438,160.9499969482422,1696900
2025-02-25,153.55484008789062,159.0,164.0,158.41000366210938,161.3000030517578,2362100
2025-02-26,149.07376098632812,154.36000061035156,160.1699981689453,153.5399932861328,160.1699981689453,1764900
2025-02-27,146.85250854492188,152.05999755859375,155.38999938964844,151.64999389648438,153.75999450683594,1253100
2025-02-28,148.7646942138672,154.0399932861328,155.22000122070312,151.1999969482422,152.64999389648438,1308600
2025-03-03,143.41441345214844,148.5,155.91000366210938,147.77999877929688,155.3699951171875,1413300
2025-03-04,139.09751892089844,144.02999877929688,147.0399932861328,140.94000244140625,145.49000549316406,1908600
2025-03-05,143.84901428222656,148.9499969482422,150.57000732421875,145.49000549316406,145.89999389648438,1677900
2025-03-06,140.61373901367188,145.60000610351562,148.97999572753906,145.4199981689453,146.33999633789062,936800
2025-03-07,139.62867736816406,144.5800018310547,147.08999633789062,141.52000427246094,145.1999969482422,1359000
2025-03-10,135.63067626953125,139.77000427246094,146.1300048828125,137.5,142.44000244140625,1741300
2025-03-11,135.3298797607422,139.4600067138672,141.55999755859375,137.6699981689453,139.5500030517578,1498300
2025-03-12,138.3962860107422,142.6199951171875,144.50999450683594,140.14999389648438,141.41000366210938,1206300
2025-03-13,133.74813842773438,137.8300018310547,142.7100067138672,137.57000732421875,142.00999450683594,1203800
2025-03-14,139.70631408691406,143.97000122070312,144.1699981689453,139.52999877929688,140.3699951171875,1231300
2025-03-17,140.76402282714844,145.05999755859375,145.77999877929688,142.47000122070312,143.55999755859375,744000
2025-03-18,140.58935546875,144.8800048828125,146.60000610351562,143.63999938964844,144.5500030517578,858300
2025-03-19,143.00559997558594,147.3699951171875,148.36000061035156,144.94000244140625,145.19000244140625,832800
2025-03-20,142.71449279785156,147.07000732421875,150.25,145.99000549316406,146.55999755859375,1105200
2025-03-21,140.1623992919922,144.44000244140625,145.72999572753906,142.97999572753906,145.14999389648438,2356600
2025-03-24,146.7027587890625,151.17999267578125,151.27000427246094,147.30999755859375,147.30999755859375,814500
2025-03-25,144.87844848632812,149.3000030517578,151.32000732421875,147.97000122070312,149.52999877929688,884600
2025-03-26,143.32583618164062,147.6999969482422,150.47000122070312,147.2899932861328,148.72999572753906,1247500
2025-03-27,142.7921142578125,147.14999389648438,149.44000244140625,145.75,146.8300018310547,602400
2025-03-28,138.406005859375,142.6300048828125,147.5800018310547,142.27000427246094,146.11000061035156,793000
2025-03-31,138.5903778076172,142.82000732421875,144.11000061035156,137.9199981689453,139.85000610351562,1101900
2025-04-01,139.81304931640625,144.0800018310547,144.6300048828125,140.77999877929688,142.75999450683594,591400
2025-04-02,142.83094787597656,147.19000244140625,147.4499969482422,140.66000366210938,141.75,599100
2025-04-03,133.19500732421875,137.25999450683594,140.6199951171875,134.0800018310547,140.3800048828125,1158000
2025-04-04,130.1674346923828,134.13999938964844,136.39999389648438,126.1500015258789,131.11000061035156,1505900
2025-04-07,125.93655395507812,129.77999877929688,136.5800018310547,126.58999633789062,127.51000213623047,1417600
2025-04-08,122.57901000976562,126.31999969482422,135.24000549316406,124.33000183105469,133.0,1012100
2025-04-09,137.13479614257812,141.32000732421875,142.25999450683594,123.41000366210938,124.23999786376953,1282300
2025-04-10,130.49732971191406,134.47999572753906,137.92999267578125,128.63999938964844,137.5399932861328,1074900
2025-04-11,134.90289306640625,139.02000427246094,139.10000610351562,132.82000732421875,133.63999938964844,1018800
2025-04-14,136.07705688476562,140.22999572753906,141.92999267578125,136.63999938964844,141.91000366210938,647100
2025-04-15,134.1168975830078,138.2100067138672,141.14999389648438,136.9199981689453,140.52000427246094,592800
2025-04-16,132.5836944580078,136.6300048828125,140.22000122070312,134.22999572753906,137.57000732421875,1434000
2025-04-17,133.73843383789062,137.82000732421875,139.9499969482422,134.19000244140625,136.63999938964844,1891900
2025-04-21,130.43914794921875,134.4199981689453,136.2899932861328,132.72999572753906,136.07000732421875,712000
2025-04-22,133.03976440429688,137.10000610351562,137.8300018310547,134.38999938964844,136.60000610351562,642200
2025-04-23,134.07806396484375,138.1699981689453,144.0,137.80999755859375,141.35000610351562,705300
2025-04-24,139.6966094970703,143.9600067138672,144.25999450683594,137.66000366210938,138.66000366210938,717400
2025-04-25,139.81304931640625,144.0800018310547,145.1999969482422,142.97000122070312,143.05999755859375,871300
2025-04-28,139.6966094970703,143.9600067138672,146.30999755859375,142.49000549316406,144.3000030517578,580100
2025-04-29,140.2206268310547,144.5,145.33999633789062,142.1699981689453,143.08999633789062,596200
2025-04-30,141.1036376953125,145.41000366210938,146.10000610351562,140.9199981689453,143.0399932861328,788500
2025-05-01,141.35595703125,145.6699981689453,148.91000366210938,144.64999389648438,144.7100067138672,466900
2025-05-02,143.3743438720703,147.75,149.50999450683594,146.25,148.19000244140625,688900
2025-05-05,140.1818084716797,144.4600067138672,148.16000366210938,144.3800048828125,146.75,1172700
2025-05-06,138.406005859375,142.6300048828125,144.9600067138672,141.4600067138672,143.27999877929688,1263700
2025-05-07,126.53817749023438,130.39999389648438,140.25,129.80999755859375,139.63999938964844,2057300
2025-05-08,131.42892456054688,135.44000244140625,136.89999389648438,132.05999755859375,132.69000244140625,1263700
2025-05-09,132.39930725097656,136.44000244140625,139.25,135.6300048828125,138.7100067138672,1036100
2025-05-12,139.0076141357422,143.25,147.0500030517578,140.83999633789062,142.77000427246094,1032100
2025-05-13,138.38658142089844,142.61000061035156,145.22000122070312,142.5399932861328,143.97999572753906,827300
2025-05-14,137.8916778564453,142.10000610351562,145.6999969482422,142.0,145.02999877929688,954600
2025-05-15,138.29925537109375,142.52000427246094,143.4499969482422,140.05999755859375,141.6999969482422,831200
2025-05-16,140.76402282714844,145.05999755859375,145.67999267578125,143.0500030517578,143.5500030517578,1026800
2025-05-19,138.13427734375,142.35000610351562,143.36000061035156,141.5399932861328,141.8800048828125,755400
2025-05-20,136.97952270507812,141.16000366210938,142.82000732421875,140.6699981689453,141.7100067138672,564400
2025-05-21,130.98252868652344,134.97999572753906,139.92999267578125,134.83999633789062,138.77999877929688,884500
2025-05-22,131.13780212402344,135.13999938964844,136.1999969482422,133.72999572753906,134.35000610351562,791100
2025-05-23,129.83749389648438,133.8000030517578,134.47000122070312,131.35000610351562,132.02999877929688,654400
2025-05-27,133.67050170898438,137.75,137.7899932861328,135.1300048828125,136.0,996400
2025-05-28,129.5754852294922,133.52999877929688,137.77999877929688,133.50999450683594,137.16000366210938,887100
2025-05-29,131.29307556152344,135.3000030517578,135.4199981689453,133.38999938964844,135.00999450683594,703800
2025-05-30,129.98306274414062,133.9499969482422,135.9199981689453,133.19000244140625,134.3300018310547,1470100
2025-06-02,128.62451171875,132.5500030517578,133.57000732421875,130.0399932861328,132.9499969482422,1016000
2025-06-03,131.7782440185547,135.8000030517578,136.30999755859375,131.85000610351562,133.13999938964844,914200
2025-06-04,132.48663330078125,136.52999877929688,137.60000610351562,136.2100067138672,136.2100067138672,808000
2025-06-05,131.5065460205078,135.52000427246094,136.66000366210938,131.02999877929688,136.0,1404700
2025-06-06,131.33189392089844,135.33999633789062,137.22000122070312,134.64999389648438,137.22000122070312,1243800
2025-06-09,133.05917358398438,137.1199951171875,138.60000610351562,136.30999755859375,137.1199951171875,742300
2025-06-10,135.64039611816406,139.77999877929688,140.55999755859375,137.25,138.6300048828125,1273800
2025-06-11,133.6414031982422,137.72000122070312,143.27000427246094,137.64999389648438,141.38999938964844,1015600
2025-06-12,134.73793029785156,138.85000610351562,139.55999755859375,135.61000061035156,136.7100067138672,685800
2025-06-13,130.50706481933594,134.49000549316406,137.7899932861328,133.74000549316406,135.8800048828125,943600
2025-06-16,132.4381103515625,136.47999572753906,137.14999389648438,134.17999267578125,136.22999572753906,795800
2025-06-17,128.67303466796875,132.60000610351562,136.82000732421875,132.4199981689453,134.7100067138672,1003600
2025-06-18,126.72254180908203,130.58999633789062,134.42999267578125,130.4600067138672,132.19000244140625,1078700
2025-06-20,127.94525146484375,131.85000610351562,132.27999877929688,130.47000122070312,131.32000732421875,1829800
2025-06-23,131.42892456054688,135.44000244140625,135.86000061035156,130.58999633789062,131.2100067138672,703400
2025-06-24,133.90341186523438,137.99000549316406,138.80999755859375,136.6699981689453,136.7100067138672,905500
2025-06-25,132.0111541748047,136.0399932861328,138.13999938964844,135.6199951171875,138.13999938964844,461000
2025-06-26,133.16590881347656,137.22999572753906,137.30999755859375,134.72000122070312,136.35000610351562,464700
2025-06-27,133.93252563476562,138.02000427246094,139.8000030517578,136.50999450683594,137.25,922200
2025-06-30,133.44732666015625,137.52000427246094,138.6300048828125,136.67999267578125,138.2100067138672,510900
2025-07-01,139.19198608398438,143.44000244140625,146.66000366210938,136.22999572753906,136.75,942400
2025-07-02,141.25892639160156,145.57000732421875,145.9499969482422,142.7899932861328,144.24000549316406,573500
2025-07-03,140.95809936523438,145.25999450683594,146.6199951171875,144.35000610351562,145.99000549316406,592400
2025-07-07,138.095458984375,142.30999755859375,145.8300018310547,140.97999572753906,143.80999755859375,754100
2025-07-08,140.4146728515625,144.6999969482422,146.61000061035156,142.36000061035156,142.74000549316406,755300
2025-07-09,142.92796325683594,147.2899932861328,147.77000427246094,144.0399932861328,145.85000610351562,819800
2025-07-10,145.78091430664062,150.22999572753906,151.58999633789062,147.13999938964844,148.02000427246094,1295200
2025-07-11,143.0735321044922,147.44000244140625,150.5,146.6699981689453,147.7899932861328,668900
2025-07-14,140.0459442138672,144.32000732421875,147.74000549316406,143.2899932861328,147.32000732421875,845900
2025-07-15,136.51373291015625,140.67999267578125,146.44000244140625,140.5800018310547,145.67999267578125,614700
2025-07-16,136.4263916015625,140.58999633789062,141.5800018310547,138.52000427246094,141.4499969482422,653300
2025-07-17,137.4938201904297,141.69000244140625,143.0399932861328,140.52999877929688,140.6999969482422,578300
2025-07-18,135.89268493652344,140.0399932861328,142.88999938964844,139.3699951171875,142.88999938964844,763600
2025-07-21,134.42015075683594,137.83999633789062,141.25,137.77999877929688,140.58999633789062,477200
2025-07-22,140.22251892089844,143.7899932861328,144.5800018310547,137.94000244140625,138.38999938964844,1057000
2025-07-23,142.66050720214844,146.2899932861328,147.5800018310547,144.3699951171875,145.83999633789062,737100
2025-07-24,140.85641479492188,144.44000244140625,147.4199981689453,143.69000244140625,145.97999572753906,560900
2025-07-25,142.28016662597656,145.89999389648438,147.07000732421875,143.75999450683594,145.63999938964844,458100
2025-07-28,139.9982452392578,143.55999755859375,146.75999450683594,143.1699981689453,145.97999572753906,659800
2025-07-29,140.69064331054688,144.27000427246094,145.05999755859375,143.17999267578125,143.8699951171875,906500
2025-07-30,136.98489379882812,140.47000122070312,144.82000732421875,139.55999755859375,144.61000061035156,1135400
2025-07-31,135.97068786621094,139.42999267578125,140.8000030517578,138.49000549316406,139.17999267578125,564300
2025-08-01,133.17190551757812,136.55999755859375,138.35000610351562,135.0800018310547,137.27999877929688,920500
2025-08-04,134.08859252929688,137.5,137.8800048828125,135.33999633789062,137.50999450683594,794200
2025-08-05,137.34571838378906,140.83999633789062,141.77000427246094,137.11000061035156,137.58999633789062,1197600
2025-08-06,144.0647735595703,147.72999572753906,151.50999450683594,145.11000061035156,145.11000061035156,1332600
2025-08-07,143.5186767578125,147.1699981689453,151.85000610351562,146.2899932861328,150.3300018310547,1381500
2025-08-08,140.31028747558594,143.8800048828125,147.4499969482422,143.6699981689453,147.0500030517578,778100
2025-08-11,138.4672088623047,141.99000549316406,145.39999389648438,140.72999572753906,144.14999389648438,839700
2025-08-12,145.8201141357422,149.52999877929688,149.91000366210938,142.55999755859375,143.9499969482422,896700
2025-08-13,151.5542449951172,155.41000366210938,155.75,149.22000122070312,149.41000366210938,1128200
2025-08-14,148.07281494140625,151.83999633789062,153.35000610351562,150.02000427246094,151.1300048828125,726100
2025-08-15,146.54176330566406,150.27000427246094,153.67999267578125,149.9499969482422,152.89999389648438,475900
2025-08-18,146.13218688964844,149.85000610351562,151.07000732421875,149.0500030517578,150.27000427246094,752500
2025-08-19,148.54090881347656,152.32000732421875,154.4499969482422,150.58999633789062,151.19000244140625,630800
2025-08-20,144.96194458007812,148.64999389648438,152.16000366210938,148.49000549316406,150.44000244140625,676800
2025-08-21,144.82542419433594,148.50999450683594,148.72999572753906,146.75999450683594,147.3699951171875,523300
2025-08-22,151.8955535888672,155.75999450683594,157.86000061035156,149.6300048828125,150.0,2137200
2025-08-25,149.7111358642578,153.52000427246094,154.44000244140625,152.82000732421875,154.3000030517578,675400
2025-08-26,149.2137908935547,153.00999450683594,155.1199951171875,152.5500030517578,154.0,1101400
2025-08-27,149.06748962402344,152.86000061035156,154.6199951171875,152.22000122070312,152.22000122070312,764300
2025-08-28,148.628662109375,152.41000366210938,154.02000427246094,150.16000366210938,153.7100067138672,1153800
2025-08-29,146.44424438476562,150.1699981689453,153.83999633789062,149.3000030517578,152.92999267578125,870700
2025-09-02,145.75186157226562,149.4600067138672,149.75,146.6199951171875,147.00999450683594,886700
2025-09-03,144.33782958984375,148.00999450683594,149.77000427246094,147.11000061035156,148.8300018310547,861200
2025-09-04,148.5799102783203,152.36000061035156,152.36000061035156,148.05999755859375,149.1999969482422,820500
2025-09-05,151.72976684570312,155.58999633789062,159.4199981689453,154.50999450683594,155.0,1195900
2025-09-08,151.32994079589844,155.17999267578125,156.07000732421875,153.19000244140625,155.16000366210938,1151100
2025-09-09,145.4202880859375,149.1199951171875,154.8800048828125,148.60000610351562,154.2100067138672,907400
2025-09-10,149.321044921875,153.1199951171875,154.0399932861328,150.5,150.52999877929688,1369000
2025-09-11,153.77767944335938,157.69000244140625,157.75,153.6999969482422,154.14999389648438,1103400
2025-09-12,148.50189208984375,152.27999877929688,156.99000549316406,152.27000427246094,156.3699951171875,583100
2025-09-15,148.628662109375,152.41000366210938,154.32000732421875,151.83999633789062,153.02999877929688,692200
2025-09-16,145.86888122558594,149.5800018310547,153.49000549316406,149.24000549316406,153.0399932861328,753300
2025-09-17,142.4459686279297,146.07000732421875,155.0800018310547,144.58999633789062,150.47999572753906,1340300
2025-09-18,143.92825317382812,147.58999633789062,148.4499969482422,145.69000244140625,147.0,1088000
2025-09-19,141.9583740234375,145.57000732421875,148.22999572753906,144.86000061035156,148.17999267578125,1885600
2025-09-22,139.93972778320312,143.5,145.3000030517578,143.0,145.0,857000
2025-09-23,140.992919921875,144.5800018310547,147.0,143.07000732421875,144.41000366210938,1279500
2025-09-24,139.8129425048828,143.3699951171875,146.22999572753906,143.1699981689453,144.32000732421875,786800
2025-09-25,136.49729919433594,139.97000122070312,142.52999877929688,139.1300048828125,141.75,804900
2025-09-26,139.56915283203125,143.1199951171875,143.1199951171875,140.22000122070312,140.22000122070312,1181500
2025-09-29,137.5602569580078,141.05999755859375,144.0399932861328,139.39999389648438,143.74000549316406,1257800
2025-09-30,137.95034790039062,141.4600067138672,141.91000366210938,138.8300018310547,140.6300048828125,758500
2025-10-01,137.7943115234375,141.3000030517578,142.35000610351562,139.97000122070312,140.77000427246094,956700
2025-10-02,137.3847198486328,140.8800048828125,143.47000122070312,140.02000427246094,141.0,731200
2025-10-03,135.2783203125,138.72000122070312,142.5500030517578,138.2899932861328,141.0,1314700
2025-10-06,133.35719299316406,136.75,139.7899932861328,135.69000244140625,139.7899932861328,946000
2025-10-07,130.07081604003906,133.3800048828125,136.9199981689453,132.66000366210938,136.5500030517578,1264400
2025-10-08,130.51939392089844,133.83999633789062,135.17999267578125,132.1699981689453,133.9499969482422,1322600
2025-10-09,126.56986236572266,129.7899932861328,133.36000061035156,129.4600067138672,133.1699981689453,1589200
2025-10-10,123.27373504638672,126.41000366210938,130.66000366210938,126.29000091552734,130.1699981689453,1818000
2025-10-13,122.22053527832031,125.33000183105469,128.4199981689453,125.12999725341797,127.62999725341797,1562500
2025-10-14,125.07782745361328,128.25999450683594,128.61000061035156,123.2300033569336,124.54000091552734,1444200
2025-10-15,124.12215423583984,127.27999877929688,131.11000061035156,127.2699966430664,130.36000061035156,969000
2025-10-16,123.16647338867188,126.30000305175781,128.55999755859375,125.56999969482422,128.16000366210938,875100
2025-10-17,123.81008911132812,126.95999908447266,127.51000213623047,124.66999816894531,125.55000305175781,1753800
2025-10-20,125.03572845458984,127.5199966430664,128.1999969482422,126.58000183105469,126.93000030517578,1344400
2025-10-21,128.14398193359375,130.69000244140625,132.52000427246094,126.0199966430664,127.12999725341797,1675400
2025-10-22,124.50626373291016,126.9800033569336,130.25,126.7300033569336,129.3000030517578,1248700
2025-10-23,126.1241226196289,128.6300048828125,129.35000610351562,126.9800033569336,126.9800033569336,815800
2025-10-24,125.25144958496094,127.73999786376953,132.07000732421875,127.69000244140625,131.1999969482422,619400
2025-10-27,125.0161361694336,127.5,129.0,126.36000061035156,127.81999969482422,738100
2025-10-28,124.60431671142578,127.08000183105469,128.02000427246094,125.63999938964844,126.1500015258789,758200
2025-10-29,122.23146057128906,124.66000366210938,128.60000610351562,123.73999786376953,125.87000274658203,1198700
2025-10-30,122.42755889892578,124.86000061035156,127.55000305175781,123.0199966430664,124.2300033569336,1262900
2025-10-31,124.82982635498047,127.30999755859375,127.41999816894531,123.9800033569336,124.73999786376953,1238900
2025-11-03,121.81964111328125,124.23999786376953,126.11000061035156,122.51000213623047,126.11000061035156,1809500
2025-11-04,120.32925415039062,122.72000122070312,123.08000183105469,121.31999969482422,123.0,1861200
2025-11-05,108.86698913574219,111.02999877929688,114.75,107.0,113.9000015258789,4035700
2025-11-06,102.89563751220703,104.94000244140625,110.9800033569336,104.87000274658203,110.19999694824219,2575900
2025-11-07,102.1700439453125,104.19999694824219,106.43000030517578,103.05000305175781,104.33999633789062,1603700
2025-11-10,101.35621643066406,103.37000274658203,106.13999938964844,102.91999816894531,103.58999633789062,1901300
2025-11-11,101.00323486328125,103.01000213623047,104.30000305175781,102.55000305175781,103.98999786376953,1372300
2025-11-12,101.07186889648438,103.08000183105469,105.79000091552734,102.7699966430664,102.91000366210938,2101900
2025-11-13,100.69926452636719,102.69999694824219,105.0199966430664,102.16000366210938,102.25,1667400
2025-11-14,99.8462142944336,101.83000183105469,103.13999938964844,100.5,101.98999786376953,1668800
2025-11-17,97.19880676269531,99.12999725341797,102.0999984741211,99.12999725341797,101.38999938964844,1840200
2025-11-18,97.12037658691406,99.05000305175781,99.88999938964844,97.66999816894531,98.6500015258789,1623400
2025-11-19,97.22823333740234,99.16000366210938,100.0,98.3499984741211,99.52999877929688,1527300
2025-11-20,96.36537170410156,98.27999877929688,100.98999786376953,97.52999877929688,99.88999938964844,1575200
2025-11-21,102.17984771728516,104.20999908447266,105.37999725341797,98.58000183105469,99.1500015258789,2014800
2025-11-24,103.00348663330078,105.05000305175781,106.75,101.16000366210938,102.33999633789062,9163500
2025-11-25,107.15107727050781,109.27999877929688,110.04000091552734,106.0,106.95999908447266,1823400
2025-11-26,109.38665771484375,111.55999755859375,112.93000030517578,107.94999694824219,108.30999755859375,1665500
2025-11-28,111.033935546875,113.23999786376953,113.95999908447266,110.97000122070312,111.55000305175781,889600
2025-12-01,111.48497009277344,113.69999694824219,115.16999816894531,111.05000305175781,111.66000366210938,1396900
2025-12-02,110.308349609375,112.5,114.1500015258789,111.55999755859375,114.0199966430664,1721900
2025-12-03,111.89679718017578,114.12000274658203,116.0,111.97000122070312,112.54000091552734,1663500
2025-12-04,109.8180923461914,112.0,114.88999938964844,111.69999694824219,114.22000122070312,1328700
2025-12-05,111.41632843017578,113.62999725341797,115.11000061035156,111.22000122070312,113.12000274658203,1199000
2025-12-08,109.39646911621094,111.56999969482422,113.77999877929688,111.0,113.77999877929688,1323400
2025-12-09,109.23959350585938,111.41000366210938,113.22000122070312,110.75,110.91999816894531,1146600
2025-12-10,113.30873107910156,115.55999755859375,116.58999633789062,111.0,111.7699966430664,1444900
2025-12-11,114.12256622314453,116.38999938964844,117.62999725341797,115.18000030517578,116.05000305175781,1216900
2025-12-12,113.74016571044922,116.0,118.04000091552734,115.66999816894531,117.62000274658203,905700
2025-12-15,112.76944732666016,115.01000213623047,116.68000030517578,111.29000091552734,116.47000122070312,1452500
2025-12-16,111.48497009277344,113.69999694824219,115.4800033569336,113.05000305175781,115.1500015258789,1362700
2025-12-17,111.92620849609375,114.1500015258789,115.31999969482422,112.43000030517578,112.76000213623047,1515300
2025-12-18,114.3088607788086,116.58000183105469,118.16000366210938,114.37999725341797,115.08999633789062,1936000
2025-12-19,112.30860900878906,114.54000091552734,116.38999938964844,114.45999908447266,115.5999984741211,2644100
2025-12-22,111.1908187866211,113.4000015258789,115.06999969482422,112.2300033569336,114.70999908447266,1270600
2025-12-23,111.33790588378906,113.55000305175781,113.62000274658203,111.62000274658203,113.4000015258789,896500
2025-12-24,111.33790588378906,113.55000305175781,114.22000122070312,112.69999694824219,114.0,445200
2025-12-26,111.5241928100586,113.73999786376953,113.7699966430664,112.5999984741211,113.30999755859375,466900
2025-12-29,110.73977661132812,112.94000244140625,113.55000305175781,111.51000213623047,113.30999755859375,1035100
2025-12-30,110.94568634033203,113.1500015258789,113.79000091552734,111.83000183105469,112.52999877929688,1092500
2025-12-31,109.72984313964844,111.91000366210938,113.55000305175781,111.63999938964844,112.80000305175781,723400
2026-01-02,111.92620849609375,114.1500015258789,114.66000366210938,111.41000366210938,112.2699966430664,988100
2026-01-05,112.222412109375,113.66000366210938,117.80000305175781,112.19999694824219,112.75,1165500
2026-01-06,114.74015045166016,116.20999908447266,116.5199966430664,112.33000183105469,112.5,914900
2026-01-07,110.33656311035156,111.75,116.79000091552734,111.63999938964844,116.79000091552734,1302200
2026-01-08,115.58927917480469,117.06999969482422,118.66000366210938,110.0,110.33999633789062,1020800
2026-01-09,120.86174011230469,122.41000366210938,122.62000274658203,117.97000122070312,118.66999816894531,1500800
2026-01-12,121.44427490234375,123.0,124.23999786376953,120.95999908447266,121.30000305175781,1449500
2026-01-13,120.466796875,122.01000213623047,124.05000305175781,120.77999877929688,122.45999908447266,1005600
2026-01-14,121.78984832763672,123.3499984741211,124.81999969482422,120.38999938964844,122.33000183105469,1197500
2026-01-15,123.15239715576172,124.7300033569336,126.08000183105469,123.83999633789062,124.25,1197400
2026-01-16,122.98454284667969,124.55999755859375,125.16999816894531,123.19999694824219,124.16000366210938,1448400
2026-01-20,119.3609619140625,120.88999938964844,122.26000213623047,119.91000366210938,122.0199966430664,1323800
2026-01-21,123.10302734375,124.68000030517578,126.86000061035156,121.27999877929688,121.91000366210938,1204900
2026-01-22,123.75467681884766,125.33999633789062,126.91999816894531,123.44000244140625,125.45999908447266,1171600
2026-01-23,122.81668853759766,124.38999938964844,125.87000274658203,123.44999694824219,124.13999938964844,1047500
2026-01-26,121.10857391357422,122.66000366210938,125.30000305175781,122.4800033569336,125.23999786376953,1010000
2026-01-27,119.67691802978516,121.20999908447266,122.68000030517578,120.87999725341797,122.01000213623047,1178300
2026-01-28,119.04500579833984,120.56999969482422,122.83999633789062,120.0,121.05000305175781,1891700
2026-01-29,118.36373901367188,119.87999725341797,122.37999725341797,116.87999725341797,121.69999694824219,2043800
2026-01-30,118.32423400878906,119.83999633789062,121.08999633789062,117.01000213623047,120.0,1793900
2026-02-02,120.62477111816406,122.16999816894531,123.69000244140625,119.16000366210938,120.2300033569336,1355600
2026-02-03,123.37947845458984,124.95999908447266,129.1300048828125,121.05999755859375,121.94999694824219,3029100
2026-02-04,131.1499481201172,132.8300018310547,133.27999877929688,125.37999725341797,126.69999694824219,1773700
2026-02-05,130.55752563476562,132.22999572753906,134.86000061035156,130.9199981689453,132.5800018310547,1484900
2026-02-06,134.0231475830078,135.74000549316406,136.7100067138672,131.02999877929688,133.2100067138672,2077700
2026-02-09,134.0330047607422,135.75,136.88999938964844,134.24000549316406,135.6699981689453,1069100
2026-02-10,136.22494506835938,137.97000122070312,139.25,136.6699981689453,137.50999450683594,1053200
2026-02-11,136.6988525390625,138.4499969482422,138.77000427246094,136.22999572753906,137.5,693300
2026-02-12,133.5195770263672,135.22999572753906,143.0,134.7899932861328,139.16000366210938,989500
2026-02-13,132.4927520751953,134.19000244140625,135.64999389648438,132.9199981689453,134.17999267578125,1062800
2026-02-17,131.87071228027344,133.55999755859375,134.64999389648438,130.64999389648438,134.3800048828125,1029600
2026-02-18,132.66058349609375,134.36000061035156,136.5,133.5,134.07000732421875,1065800
2026-02-19,130.01449584960938,131.67999267578125,135.72000122070312,131.66000366210938,133.41000366210938,930700
2026-02-20,131.03146362304688,132.7100067138672,135.75999450683594,131.05999755859375,132.88999938964844,1430100
2026-02-23,127.73370361328125,129.3699951171875,133.5,128.49000549316406,132.44000244140625,1188900
2026-02-24,125.02835845947266,126.62999725341797,132.77999877929688,126.04000091552734,129.72999572753906,2209200
2026-02-25,121.91820526123047,123.4800033569336,132.82000732421875,123.20999908447266,128.49000549316406,2744400
2026-02-26,120.73338317871094,122.27999877929688,124.9800033569336,117.87999725341797,123.5,1836200
2026-02-27,120.52603912353516,122.06999969482422,123.2300033569336,119.66000366210938,121.0,1567900
2026-03-02,115.23382568359375,116.70999908447266,120.54000091552734,115.63999938964844,119.3499984741211,1906700
2026-03-03,113.11102294921875,114.55999755859375,116.16000366210938,110.61000061035156,112.58999633789062,2056000
2026-03-04,115.37206268310547,116.8499984741211,118.66999816894531,114.0999984741211,115.12000274658203,2017400
2026-03-05,110.1094741821289,111.5199966430664,116.30999755859375,110.63999938964844,115.5999984741211,1656000
2026-03-06,108.36186218261719,109.75,109.93000030517578,105.45999908447266,109.31999969482422,2847200
2026-03-09,106.66124725341797,107.25,107.66999816894531,102.7300033569336,106.41000366210938,1712100
2026-03-10,105.67668151855469,106.26000213623047,108.45999908447266,105.0199966430664,105.81999969482422,1720000
2026-03-11,106.74081420898438,107.33000183105469,107.83000183105469,105.2699966430664,106.36000061035156,1387700
2026-03-12,102.48430633544922,103.05000305175781,107.30999755859375,102.62000274658203,106.04000091552734,1463800
2026-03-13,105.8755874633789,106.45999908447266,106.58000183105469,103.5999984741211,104.1500015258789,1705400
2026-03-16,107.30767822265625,107.9000015258789,108.86000061035156,106.7300033569336,107.11000061035156,1612000
2026-03-17,108.35191345214844,108.94999694824219,110.0999984741211,107.25,109.13999938964844,1543700
2026-03-18,107.26789855957031,107.86000061035156,109.51000213623047,106.12999725341797,107.31999969482422,1762700
2026-03-19,102.772705078125,103.33999633789062,107.2300033569336,101.20999908447266,106.23999786376953,1859600
2026-03-20,99.41126251220703,99.95999908447266,103.19000244140625,98.83999633789062,102.75,2703000
2026-03-23,105.9054183959961,106.48999786376953,107.55000305175781,100.08999633789062,102.08000183105469,2044300
2026-03-24,106.3231201171875,106.91000366210938,109.16999816894531,104.36000061035156,104.88999938964844,1176200
2026-03-25,107.3772964477539,107.97000122070312,111.16999816894531,105.04000091552734,108.91999816894531,1487600
2026-03-26,106.92976379394531,107.5199966430664,109.38999938964844,106.12000274658203,106.68000030517578,1166000
2026-03-27,103.98601531982422,104.55999755859375,106.83999633789062,104.2699966430664,106.1500015258789,914300
2026-03-30,103.74732971191406,104.31999969482422,106.77999877929688,103.55999755859375,105.55999755859375,1094300
2026-03-31,107.62592315673828,108.22000122070312,109.95999908447266,104.5,106.16999816894531,977300
2026-04-01,106.67119598388672,107.26000213623047,109.08000183105469,106.9800033569336,108.23999786376953,1162900
2026-04-02,105.25898742675781,105.83999633789062,109.05000305175781,103.30999755859375,104.86000061035156,870600
2026-04-06,105.69657135009766,106.27999877929688,106.44000244140625,103.93000030517578,105.72000122070312,524000
2026-04-07,104.5429458618164,105.12000274658203,105.87999725341797,103.5999984741211,105.22000122070312,847600
2026-04-08,112.2901840209961,112.91000366210938,114.0,109.98999786376953,109.98999786376953,1392800
2026-04-09,114.31897735595703,114.94999694824219,115.55000305175781,111.5199966430664,111.91999816894531,976300
2026-04-10,113.65265655517578,114.27999877929688,116.45999908447266,113.70999908447266,115.52999877929688,832100
2026-04-13,117.68042755126953,118.33000183105469,118.58000183105469,112.5999984741211,113.91999816894531,1064200
2026-04-14,118.75450134277344,119.41000366210938,120.61000061035156,117.5,118.5,1344100
2026-04-15,115.94003295898438,116.58000183105469,119.37999725341797,116.22000122070312,119.16000366210938,801100
2026-04-16,117.21300506591797,117.86000061035156,119.41999816894531,116.27999877929688,117.20999908447266,1365000
2026-04-17,122.16566467285156,122.83999633789062,126.44999694824219,120.4000015258789,120.4800033569336,2226100
2026-04-20,123.26956939697266,123.94999694824219,124.44999694824219,120.30999755859375,121.0,1168900
2026-04-21,121.26066589355469,121.93000030517578,125.83999633789062,120.44000244140625,125.16999816894531,1389400
2026-04-22,122.2054443359375,122.87999725341797,124.86000061035156,122.12000274658203,123.72000122070312,882100
2026-04-23,124.9701919555664,125.66000366210938,126.87999725341797,121.75,121.75,1025000
2026-04-24,124.92046356201172,125.61000061035156,129.99000549316406,125.61000061035156,128.5,1046700
2026-04-27,124.83094787597656,125.5199966430664,128.02999877929688,125.0199966430664,126.1500015258789,674800
2026-04-28,123.28946685791016,123.97000122070312,126.37999725341797,122.83000183105469,124.58000183105469,597500
2026-04-29,120.51477813720703,121.18000030517578,125.13999938964844,120.6500015258789,123.70999908447266,1033000
2026-04-30,122.66291809082031,123.33999633789062,124.2300033569336,121.33999633789062,122.1500015258789,730600
2026-05-01,122.0562744140625,122.7300033569336,124.55000305175781,121.5999984741211,124.2699966430664,1020800
2026-05-04,116.24832916259766,116.88999938964844,122.05000305175781,116.76000213623047,121.33999633789062,1403000
2026-05-05,122.225341796875,122.9000015258789,123.04000091552734,116.30999755859375,117.95999908447266,2248200
2026-05-06,122.35462188720703,123.02999877929688,130.5399932861328,122.38999938964844,126.1500015258789,2342800
2026-05-07,121.14131927490234,121.80999755859375,129.13999938964844,121.5,126.72000122070312,1438100
2026-05-08,121.00209045410156,121.66999816894531,124.16999816894531,120.47000122070312,122.69000244140625,992900
2026-05-11,119.19207763671875,119.8499984741211,121.97000122070312,119.12999725341797,121.58999633789062,1221300
2026-05-12,119.17219543457031,119.83000183105469,120.44999694824219,117.83000183105469,119.8499984741211,1365700
2026-05-13,117.9091567993164,118.55999755859375,119.86000061035156,117.62999725341797,118.4000015258789,1018300
2026-05-14,120.40538024902344,121.06999969482422,121.61000061035156,118.26000213623047,119.83000183105469,832500
2026-05-15,113.4537582397461,114.08000183105469,120.1500015258789,114.05000305175781,119.69000244140625,1162100
2026-05-18,111.58406829833984,112.19999694824219,116.75,111.94999694824219,113.48999786376953,1190400
2026-05-19,107.3573989868164,107.94999694824219,111.41999816894531,106.44000244140625,110.94999694824219,1926100
2026-05-20,112.80731964111328,113.43000030517578,113.58999633789062,106.69999694824219,108.83999633789062,1345000
2026-05-21,115.42288208007812,116.05999755859375,116.4800033569336,109.62000274658203,112.05999755859375,1159800
2026-05-22,116.77542114257812,117.41999816894531,118.2699966430664,116.0,117.12000274658203,1137500
2026-05-26,119.39098358154297,120.05000305175781,121.05000305175781,118.27999877929688,118.97000122070312,818800
2026-05-27,121.57890319824219,122.25,124.87999725341797,121.31999969482422,121.8499984741211,1093500
2026-05-28,123.55797576904297,124.23999786376953,124.63999938964844,119.25,120.70999908447266,798500
2026-05-29,125.12931060791016,125.81999969482422,127.66999816894531,123.06999969482422,124.52999877929688,1080900
2026-06-01,121.9468765258789,122.62000274658203,124.0999984741211,121.08999633789062,124.0999984741211,999100
2026-06-02,119.74900817871094,120.41000366210938,122.70999908447266,117.9800033569336,122.37000274658203,1364300
2026-06-03,119.50038146972656,120.16000366210938,120.87000274658203,118.41000366210938,120.19000244140625,1120300
2026-06-04,119.69927978515625,120.36000061035156,122.55999755859375,119.33000183105469,121.66999816894531,901100
2026-06-05,118.54564666748047,119.19999694824219,121.01000213623047,118.37999725341797,119.30000305175781,894500
2026-06-08,118.48597717285156,119.13999938964844,120.88999938964844,118.45999908447266,118.9800033569336,859200
2026-06-09,122.225341796875,122.9000015258789,123.22000122070312,119.41999816894531,120.36000061035156,961300
2026-06-10,114.4482650756836,115.08000183105469,122.45999908447266,114.68000030517578,122.45999908447266,1074400
2026-06-11,120.74352264404297,121.41000366210938,121.77999877929688,114.9800033569336,116.08999633789062,1081200
2026-06-12,120.77335357666016,121.44000244140625,123.45999908447266,121.05999755859375,122.76000213623047,709400
2026-06-15,122.72259521484375,123.4000015258789,128.4499969482422,123.13999938964844,125.54000091552734,861600
2026-06-16,127.6653060913086,128.3699951171875,128.9499969482422,123.44000244140625,125.19999694824219,1592900
2026-06-17,123.10050201416016,123.77999877929688,130.77000427246094,123.5,127.69999694824219,1146700
2026-06-18,127.43656921386719,128.13999938964844,132.05999755859375,124.80999755859375,125.9000015258789,1765900
2026-06-22,123.93589782714844,124.62000274658203,129.7100067138672,124.04000091552734,129.67999267578125,872300
2026-06-23,123.43864440917969,124.12000274658203,125.80999755859375,123.30000305175781,123.8499984741211,650500
2026-06-24,133.4334716796875,134.1699981689453,134.97999572753906,125.8499984741211,125.8499984741211,1572800
2026-06-25,135.51199340820312,136.25999450683594,139.22000122070312,133.91000366210938,135.5,1513700
2026-06-26,134.6467742919922,135.38999938964844,136.25999450683594,133.16000366210938,135.05999755859375,1041400
2026-06-29,155.193359375,156.0500030517578,157.5,131.9199981689453,134.44000244140625,5399300
2026-06-30,158.08738708496094,158.9600067138672,159.91000366210938,152.38999938964844,156.77999877929688,2778700
2026-07-01,149.75338745117188,150.5800018310547,158.16000366210938,150.57000732421875,157.39999389648438,2012200
2026-07-02,150.23074340820312,151.05999755859375,152.39999389648438,147.50999450683594,150.4499969482422,1253700
2026-07-06,145.98419189453125,146.7899932861328,151.25,144.47999572753906,151.08999633789062,1209300
2026-07-07,141.4392852783203,142.22000122070312,147.97000122070312,141.75,146.92999267578125,1245700
2026-07-08,136.67556762695312,137.42999267578125,140.47000122070312,136.11000061035156,139.86000061035156,1075300
2026-07-09,139.4900360107422,140.25999450683594,141.85000610351562,137.4499969482422,139.00999450683594,730000
2026-07-10,142.56307983398438,143.35000610351562,144.92999267578125,141.16000366210938,142.30999755859375,812000
2026-07-13,140.3353729248047,141.11000061035156,144.22999572753906,140.1300048828125,143.24000549316406,627300
2026-07-14,142.0757598876953,142.86000061035156,145.33999633789062,141.05999755859375,145.22999572753906,571300
2026-07-15,142.7719268798828,143.55999755859375,144.66000366210938,141.8000030517578,141.8300018310547,721900
2026-07-16,143.7863311767578,144.5800018310547,146.55999755859375,141.97999572753906,143.25,784000
2026-07-17,143.12001037597656,143.91000366210938,146.00999450683594,142.08999633789062,142.08999633789062,2278100
2026-07-20,140.52000427246094,140.52000427246094,143.47000122070312,139.85000610351562,143.47000122070312,951700
2026-07-21,140.08999633789062,140.08999633789062,141.80999755859375,138.35000610351562,141.36000061035156,803600
2026-07-22,139.86000061035156,139.86000061035156,143.27000427246094,139.75,141.1300048828125,695500
2026-07-23,137.41000366210938,137.41000366210938,139.1699981689453,136.02000427246094,138.4600067138672,436447
