Date,Adjusted_Close,Close,High,Low,Open,Volume
2021-11-23,14.335175514221191,18.790000915527344,19.040000915527344,18.450000762939453,18.600000381469727,2932400
2021-11-24,13.999491691589355,18.350000381469727,19.100000381469727,18.209999084472656,19.0,1567300
2021-11-26,13.602777481079102,17.829999923706055,18.549999237060547,16.850000381469727,18.200000762939453,1351500
2021-11-29,14.19022274017334,18.600000381469727,18.709999084472656,17.100000381469727,17.600000381469727,1216000
2021-11-30,13.557002067565918,17.770000457763672,18.270000457763672,17.75,18.040000915527344,1403500
2021-12-01,13.473084449768066,17.65999984741211,18.479999542236328,17.510000228881836,17.899999618530273,936800
2021-12-02,13.686699867248535,17.940000534057617,18.09000015258789,17.200000762939453,17.549999237060547,1403800
2021-12-03,13.579889297485352,17.799999237060547,18.229999542236328,17.520000457763672,17.989999771118164,731900
2021-12-06,14.14444637298584,18.540000915527344,18.610000610351562,17.709999084472656,17.799999237060547,896700
2021-12-07,14.052897453308105,18.420000076293945,18.950000762939453,18.06999969482422,18.420000076293945,1011600
2021-12-08,14.510644912719727,19.020000457763672,19.09000015258789,18.200000762939453,18.479999542236328,817200
2021-12-09,14.419097900390625,18.899999618530273,19.200000762939453,18.530000686645508,19.100000381469727,722900
2021-12-10,14.464871406555176,18.959999084472656,19.059999465942383,18.540000915527344,18.540000915527344,536000
2021-12-13,14.060526847839355,18.43000030517578,18.68000030517578,17.809999465942383,18.68000030517578,513500
2021-12-14,14.54116439819336,19.059999465942383,19.270000457763672,18.1200008392334,18.459999084472656,725200
2021-12-15,14.335175514221191,18.790000915527344,19.059999465942383,18.280000686645508,19.059999465942383,545500
2021-12-16,14.052897453308105,18.420000076293945,18.75,18.200000762939453,18.559999465942383,528800
2021-12-17,14.480130195617676,18.979999542236328,19.059999465942383,18.25,18.399999618530273,2071100
2021-12-20,14.129191398620605,18.520000457763672,18.950000762939453,18.309999465942383,18.479999542236328,654700
2021-12-21,14.464871406555176,18.959999084472656,19.149999618530273,18.549999237060547,18.56999969482422,443400
2021-12-22,14.20547866821289,18.6200008392334,18.8799991607666,18.43000030517578,18.690000534057617,542000
2021-12-23,14.23599624633789,18.65999984741211,18.9689998626709,18.5,18.5,428900
2021-12-27,14.373327255249023,18.84000015258789,18.84000015258789,18.375,18.729999542236328,477200
2021-12-28,14.510644912719727,19.020000457763672,19.18000030517578,18.489999771118164,18.56999969482422,370600
2021-12-29,14.297030448913574,18.739999771118164,18.940000534057617,18.6200008392334,18.68000030517578,572000
2021-12-30,14.228368759155273,18.649999618530273,18.8700008392334,18.530000686645508,18.610000610351562,587400
2021-12-31,14.243627548217773,18.670000076293945,18.940000534057617,18.5,18.5,474400
2022-01-03,14.23599624633789,18.65999984741211,18.75,18.3799991607666,18.510000228881836,554100
2022-01-04,14.297030448913574,18.739999771118164,18.799999237060547,18.5,18.5,385700
2022-01-05,13.732471466064453,18.0,18.690000534057617,17.989999771118164,18.579999923706055,660200
2022-01-06,13.686699867248535,17.940000534057617,18.09000015258789,17.489999771118164,17.920000076293945,708800
2022-01-07,13.732471466064453,18.0,18.209999084472656,17.770000457763672,17.81999969482422,383300
2022-01-10,13.45782470703125,17.639999389648438,17.905000686645508,17.459999084472656,17.8799991607666,721600
2022-01-11,13.412050247192383,17.579999923706055,17.690000534057617,17.43000030517578,17.530000686645508,437600
2022-01-12,13.35101318359375,17.5,17.704999923706055,17.459999084472656,17.56999969482422,393000
2022-01-13,13.427308082580566,17.600000381469727,17.690000534057617,17.469999313354492,17.5,433900
2022-01-14,13.48834228515625,17.68000030517578,17.726999282836914,17.389999389648438,17.5,337800
2022-01-18,12.98481559753418,17.020000457763672,17.649999618530273,16.899999618530273,17.639999389648438,637200
2022-01-19,12.816976547241211,16.799999237060547,17.200000762939453,16.700000762939453,17.079999923706055,556600
2022-01-20,12.504179954528809,16.389999389648438,16.969999313354492,16.389999389648438,16.75,483100
2022-01-21,12.527067184448242,16.420000076293945,16.770000457763672,16.139999389648438,16.229999542236328,566300
2022-01-24,12.771201133728027,16.739999771118164,16.760000228881836,15.829999923706055,16.209999084472656,907700
2022-01-25,12.839861869812012,16.829999923706055,17.139999389648438,16.364999771118164,16.459999084472656,838700
2022-01-26,12.511808395385742,16.399999618530273,17.190000534057617,16.334999084472656,17.040000915527344,467100
2022-01-27,12.237160682678223,16.040000915527344,16.68000030517578,16.0,16.399999618530273,565500
2022-01-28,12.71016788482666,16.65999984741211,16.65999984741211,15.899999618530273,16.0,349700
2022-01-31,12.694910049438477,16.639999389648438,17.020000457763672,16.420000076293945,16.56999969482422,1204900
2022-02-01,12.923782348632812,16.940000534057617,17.049999237060547,16.670000076293945,16.670000076293945,340200
2022-02-02,13.076367378234863,17.139999389648438,17.149999618530273,16.700000762939453,17.049999237060547,1074000
2022-02-03,12.794087409973145,16.770000457763672,17.15999984741211,16.760000228881836,16.979999542236328,629800
2022-02-04,12.664393424987793,16.600000381469727,16.760000228881836,16.329999923706055,16.700000762939453,288000
2022-02-07,12.809345245361328,16.790000915527344,16.920000076293945,16.420000076293945,16.469999313354492,278000
2022-02-08,12.893266677856445,16.899999618530273,17.1200008392334,16.559999465942383,16.780000686645508,395600
2022-02-09,13.602777481079102,17.829999923706055,17.899999618530273,16.950000762939453,16.950000762939453,430400
2022-02-10,13.198431968688965,17.299999237060547,18.0,17.229999542236328,17.610000610351562,428800
2022-02-11,12.923782348632812,16.940000534057617,17.5,16.774999618530273,17.5,658700
2022-02-14,12.702535629272461,16.649999618530273,17.1299991607666,16.579999923706055,16.799999237060547,433000
2022-02-15,12.755942344665527,16.719999313354492,17.059999465942383,16.639999389648438,16.770000457763672,596300
2022-02-16,13.12977123260498,17.209999084472656,17.360000610351562,16.725000381469727,16.780000686645508,560700
2022-02-17,13.045849800109863,17.100000381469727,17.270000457763672,16.799999237060547,17.149999618530273,528400
2022-02-18,12.763571739196777,16.729999542236328,17.18000030517578,16.719999313354492,17.100000381469727,373500
2022-02-22,12.588103294372559,16.5,16.940000534057617,16.31999969482422,16.600000381469727,576900
2022-02-23,12.55758285522461,16.459999084472656,16.610000610351562,16.204999923706055,16.459999084472656,645500
2022-02-24,12.588103294372559,16.5,16.549999237060547,15.770000457763672,15.970000267028809,775700
2022-02-25,12.778829574584961,16.75,16.860000610351562,16.399999618530273,16.649999618530273,505400
2022-02-28,12.992448806762695,17.030000686645508,17.21500015258789,16.520000457763672,16.520000457763672,507300
2022-03-01,12.748312950134277,16.709999084472656,17.31999969482422,16.6299991607666,17.170000076293945,313600
2022-03-02,12.717794418334961,16.670000076293945,16.8799991607666,16.510000228881836,16.649999618530273,312600
2022-03-03,12.755942344665527,16.719999313354492,16.799999237060547,16.457000732421875,16.790000915527344,326900
2022-03-04,12.519439697265625,16.40999984741211,16.6299991607666,16.283000946044922,16.579999923706055,275500
2022-03-07,12.122722625732422,15.890000343322754,16.399999618530273,15.850000381469727,16.399999618530273,429600
2022-03-08,12.267677307128906,16.079999923706055,16.3799991607666,15.850000381469727,15.9399995803833,396900
2022-03-09,12.65676212310791,16.59000015258789,16.739999771118164,16.30500030517578,16.34000015258789,337800
2022-03-10,12.885635375976562,16.889999389648438,16.93000030517578,16.40999984741211,16.40999984741211,226700
2022-03-11,12.809345245361328,16.790000915527344,17.15999984741211,16.635000228881836,16.959999084472656,196900
2022-03-14,13.015334129333496,17.059999465942383,17.600000381469727,17.020000457763672,17.479999542236328,589500
2022-03-15,13.15265941619873,17.239999771118164,17.450000762939453,17.15999984741211,17.229999542236328,357100
2022-03-16,13.267096519470215,17.389999389648438,17.610000610351562,17.190000534057617,17.309999465942383,450500
2022-03-17,13.526484489440918,17.729999542236328,17.975000381469727,17.280000686645508,17.280000686645508,738100
2022-03-18,13.122140884399414,17.200000762939453,17.895000457763672,17.06999969482422,17.719999313354492,1825100
2022-03-21,13.381534576416016,17.540000915527344,17.670000076293945,17.209999084472656,17.329999923706055,662800
2022-03-22,13.557002067565918,17.770000457763672,17.850000381469727,17.5,17.65999984741211,561500
2022-03-23,13.434938430786133,17.610000610351562,17.850000381469727,17.5,17.799999237060547,606600
2022-03-24,13.717216491699219,17.979999542236328,18.209999084472656,17.639999389648438,17.670000076293945,1223000
2022-03-25,11.542905807495117,15.130000114440918,15.34000015258789,14.710000038146973,15.119999885559082,4692000
2022-03-28,11.085159301757812,14.529999732971191,14.880000114440918,14.0,14.880000114440918,3191300
2022-03-29,11.222482681274414,14.710000038146973,14.819999694824219,14.100000381469727,14.529999732971191,1143600
2022-03-30,11.05349349975586,14.390000343322754,14.8100004196167,14.359999656677246,14.600000381469727,903200
2022-03-31,10.753917694091797,14.0,14.204999923706055,13.979999542236328,14.170000076293945,943800
2022-04-01,10.99204158782959,14.3100004196167,14.510000228881836,13.819999694824219,13.979999542236328,746700
2022-04-04,10.784642219543457,14.039999961853027,14.369999885559082,13.913999557495117,14.25,832700
2022-04-05,10.738554954528809,13.979999542236328,14.359999656677246,13.930000305175781,13.949999809265137,953400
2022-04-06,10.615653038024902,13.819999694824219,13.925000190734863,13.680000305175781,13.890000343322754,713500
2022-04-07,10.354485511779785,13.479999542236328,13.779999732971191,13.413999557495117,13.710000038146973,1216400
2022-04-08,10.477391242980957,13.640000343322754,13.699999809265137,13.329999923706055,13.420000076293945,624000
2022-04-11,10.331441879272461,13.449999809265137,13.6899995803833,13.380999565124512,13.630000114440918,440500
2022-04-12,10.293034553527832,13.399999618530273,13.649999618530273,13.289999961853027,13.489999771118164,647600
2022-04-13,10.469708442687988,13.630000114440918,13.729999542236328,13.4399995803833,13.449999809265137,478200
2022-04-14,10.454345703125,13.609999656677246,13.75,13.539999961853027,13.5600004196167,461100
2022-04-18,10.53884220123291,13.720000267028809,13.899999618530273,13.539999961853027,13.600000381469727,657900
2022-04-19,10.769282341003418,14.020000457763672,14.130000114440918,13.65999984741211,13.65999984741211,631500
2022-04-20,10.746238708496094,13.989999771118164,14.149999618530273,13.970000267028809,14.0,600700
2022-04-21,10.369850158691406,13.5,14.114999771118164,13.399999618530273,14.029999732971191,640000
2022-04-22,10.262310028076172,13.359999656677246,13.510000228881836,13.239999771118164,13.4399995803833,397700
2022-04-25,10.469708442687988,13.630000114440918,13.65999984741211,13.140000343322754,13.229999542236328,692800
2022-04-26,10.354485511779785,13.479999542236328,13.694999694824219,13.40999984741211,13.600000381469727,630500
2022-04-27,10.331441879272461,13.449999809265137,13.579999923706055,13.300000190734863,13.470000267028809,771000
2022-04-28,10.469708442687988,13.630000114440918,13.880000114440918,13.449999809265137,13.520000457763672,552200
2022-04-29,10.308399200439453,13.420000076293945,13.6899995803833,13.404999732971191,13.550000190734863,580000
2022-05-02,10.231585502624512,13.319999694824219,13.5600004196167,13.170000076293945,13.479999542236328,828900
2022-05-03,10.408256530761719,13.550000190734863,13.654999732971191,13.270000457763672,13.270000457763672,501100
2022-05-04,10.43130111694336,13.579999923706055,13.6899995803833,13.138999938964844,13.649999618530273,1144700
2022-05-05,10.154772758483887,13.220000267028809,13.57800006866455,13.140000343322754,13.350000381469727,678600
2022-05-06,10.077959060668945,13.119999885559082,13.260000228881836,12.979999542236328,13.149999618530273,718700
2022-05-09,9.83215618133545,12.800000190734863,13.069999694824219,12.680000305175781,12.949999809265137,574200
2022-05-10,9.32518482208252,12.140000343322754,12.984999656677246,12.039999961853027,12.899999618530273,759700
2022-05-11,9.44808578491211,12.300000190734863,12.380000114440918,12.079999923706055,12.199999809265137,1150100
2022-05-12,9.870561599731445,12.850000381469727,12.895000457763672,12.100000381469727,12.210000038146973,730900
2022-05-13,9.847517013549805,12.819999694824219,12.90999984741211,12.65999984741211,12.819999694824219,394700
2022-05-16,9.970418930053711,12.979999542236328,13.09000015258789,12.739999771118164,12.789999961853027,572900
2022-05-17,10.339125633239746,13.460000038146973,13.470000267028809,13.0,13.0,581600
2022-05-18,10.070276260375977,13.109999656677246,13.505000114440918,13.09000015258789,13.449999809265137,416300
2022-05-19,10.062596321105957,13.100000381469727,13.25,12.970000267028809,12.970000267028809,494700
2022-05-20,10.116365432739258,13.170000076293945,13.239999771118164,13.020000457763672,13.199999809265137,420000
2022-05-23,10.077959060668945,13.119999885559082,13.300000190734863,13.069999694824219,13.1899995803833,515500
2022-05-24,10.208540916442871,13.289999961853027,13.3100004196167,12.90999984741211,13.050000190734863,472600
2022-05-25,10.277674674987793,13.380000114440918,13.414999961853027,13.100000381469727,13.149999618530273,323700
2022-05-26,10.385210990905762,13.520000457763672,13.675000190734863,13.399999618530273,13.399999618530273,283700
2022-05-27,10.377532005310059,13.510000228881836,13.739999771118164,13.510000228881836,13.619999885559082,370600
2022-05-31,10.239269256591797,13.329999923706055,13.470000267028809,13.270000457763672,13.350000381469727,484600
2022-06-01,10.116365432739258,13.170000076293945,13.359999656677246,13.079999923706055,13.3100004196167,414700
2022-06-02,10.085638999938965,13.130000114440918,13.210000038146973,13.010000228881836,13.109999656677246,445000
2022-06-03,9.893604278564453,12.880000114440918,13.109999656677246,12.819999694824219,13.0,539100
2022-06-06,9.816794395446777,12.779999732971191,13.130000114440918,12.720000267028809,13.039999961853027,415800
2022-06-07,9.862879753112793,12.84000015258789,12.859999656677246,12.5,12.699999809265137,401700
2022-06-08,9.617076873779297,12.520000457763672,12.8100004196167,12.484999656677246,12.770000457763672,291100
2022-06-09,9.52489948272705,12.399999618530273,12.529999732971191,12.279999732971191,12.359999656677246,721000
2022-06-10,9.271414756774902,12.069999694824219,12.3100004196167,12.005000114440918,12.220000267028809,450900
2022-06-13,8.856619834899902,11.529999732971191,11.949999809265137,11.470000267028809,11.850000381469727,796900
2022-06-14,8.902709007263184,11.59000015258789,11.619999885559082,11.369999885559082,11.489999771118164,931400
2022-06-15,9.102424621582031,11.850000381469727,12.050000190734863,11.630000114440918,11.699999809265137,433400
2022-06-16,8.733717918395996,11.369999885559082,11.689000129699707,11.279999732971191,11.579999923706055,712500
2022-06-17,8.99488639831543,11.710000038146973,11.850000381469727,11.375,11.4399995803833,1475500
2022-06-21,9.02561092376709,11.75,12.050000190734863,11.65999984741211,11.699999809265137,560100
2022-06-22,8.948799133300781,11.649999618530273,11.869999885559082,11.539999961853027,11.600000381469727,618200
2022-06-23,9.040973663330078,11.770000457763672,11.829999923706055,11.59000015258789,11.600000381469727,667000
2022-06-24,8.702993392944336,11.329999923706055,11.970000267028809,11.329999923706055,11.770000457763672,7260000
2022-06-27,8.603134155273438,11.199999809265137,11.65999984741211,11.170000076293945,11.390000343322754,911100
2022-06-28,8.672266960144043,11.289999961853027,11.699999809265137,11.279999732971191,11.34000015258789,661700
2022-06-29,8.625764846801758,11.130000114440918,11.229999542236328,10.942000389099121,11.229999542236328,760300
2022-06-30,8.494016647338867,10.960000038146973,11.199999809265137,10.920000076293945,11.0,740900
2022-07-01,8.532767295837402,11.010000228881836,11.079999923706055,10.819999694824219,10.869999885559082,993800
2022-07-05,8.509515762329102,10.979999542236328,10.989999771118164,10.649999618530273,10.859999656677246,865700
2022-07-06,8.30026626586914,10.710000038146973,11.079999923706055,10.699999809265137,10.960000038146973,704200
2022-07-07,8.253766059875488,10.649999618530273,10.850000381469727,10.640000343322754,10.710000038146973,566700
2022-07-08,8.145265579223633,10.510000228881836,10.675000190734863,10.489999771118164,10.600000381469727,541800
2022-07-11,7.974767684936523,10.289999961853027,10.5600004196167,10.279999732971191,10.420000076293945,706500
2022-07-12,8.029013633728027,10.359999656677246,10.489999771118164,10.270000457763672,10.279999732971191,1378400
2022-07-13,7.9515156745910645,10.260000228881836,10.399999618530273,10.220000267028809,10.3100004196167,449100
2022-07-14,7.850765705108643,10.130000114440918,10.199999809265137,10.039999961853027,10.0600004196167,1488200
2022-07-15,7.9515156745910645,10.260000228881836,10.420000076293945,10.159000396728516,10.3100004196167,949500
2022-07-18,8.005767822265625,10.329999923706055,10.539999961853027,10.279999732971191,10.319999694824219,339300
2022-07-19,8.354516983032227,10.779999732971191,10.800000190734863,10.399999618530273,10.399999618530273,313200
2022-07-20,8.478515625,10.9399995803833,10.994999885559082,10.680000305175781,10.789999961853027,381500
2022-07-21,8.393266677856445,10.829999923706055,10.859999656677246,10.649999618530273,10.84000015258789,429200
2022-07-22,8.42426872253418,10.869999885559082,10.949999809265137,10.579999923706055,10.869999885559082,447100
2022-07-25,8.408766746520996,10.850000381469727,10.930000305175781,10.755000114440918,10.899999618530273,670100
2022-07-26,8.199517250061035,10.579999923706055,10.880000114440918,10.545000076293945,10.819999694824219,232600
2022-07-27,8.191766738891602,10.569999694824219,10.625,10.460000038146973,10.600000381469727,306000
2022-07-28,8.308016777038574,10.720000267028809,10.739999771118164,10.539999961853027,10.5600004196167,299600
2022-07-29,8.478515625,10.9399995803833,10.989999771118164,10.619999885559082,10.720000267028809,325700
2022-08-01,8.41651725769043,10.859999656677246,10.930000305175781,10.729999542236328,10.899999618530273,346900
2022-08-02,8.362265586853027,10.789999961853027,10.880000114440918,10.680000305175781,10.819999694824219,366100
2022-08-03,8.432016372680664,10.880000114440918,11.0,10.779999732971191,10.779999732971191,332600
2022-08-04,8.385517120361328,10.819999694824219,11.25,10.78499984741211,10.859999656677246,384100
2022-08-05,8.269267082214355,10.670000076293945,10.8100004196167,10.46500015258789,10.8100004196167,286900
2022-08-08,8.478515625,10.9399995803833,11.050000190734863,10.760000228881836,10.760000228881836,292100
2022-08-09,8.222765922546387,10.609999656677246,10.960000038146973,10.59000015258789,10.930000305175781,375600
2022-08-10,8.246017456054688,10.640000343322754,10.960000038146973,10.628999710083008,10.779999732971191,326100
2022-08-11,8.331265449523926,10.75,10.770000457763672,10.619999885559082,10.65999984741211,298900
2022-08-12,8.463018417358398,10.920000076293945,10.954999923706055,10.680000305175781,10.75,355100
2022-08-15,8.447516441345215,10.899999618530273,10.930000305175781,10.739999771118164,10.859999656677246,279400
2022-08-16,8.42426872253418,10.869999885559082,11.039999961853027,10.819999694824219,10.829999923706055,424800
2022-08-17,8.199517250061035,10.579999923706055,10.789999961853027,10.539999961853027,10.75,355900
2022-08-18,8.222765922546387,10.609999656677246,10.635000228881836,10.395000457763672,10.539999961853027,295100
2022-08-19,8.060015678405762,10.399999618530273,10.510000228881836,10.324999809265137,10.470000267028809,247300
2022-08-22,7.819766998291016,10.09000015258789,10.34000015258789,10.079999923706055,10.329999923706055,373700
2022-08-23,7.835265159606934,10.109999656677246,10.180000305175781,10.03499984741211,10.079999923706055,394100
2022-08-24,7.796516418457031,10.0600004196167,10.180000305175781,10.015000343322754,10.0600004196167,399200
2022-08-25,7.967015743255615,10.279999732971191,10.305000305175781,10.029999732971191,10.029999732971191,464800
2022-08-26,7.657014846801758,9.880000114440918,10.260000228881836,9.864999771118164,10.260000228881836,446500
2022-08-29,7.796516418457031,10.0600004196167,10.079999923706055,9.819999694824219,9.890000343322754,385900
2022-08-30,7.703514099121094,9.9399995803833,10.09000015258789,9.925000190734863,10.050000190734863,454100
2022-08-31,7.649265766143799,9.869999885559082,9.979999542236328,9.859999656677246,9.890000343322754,310700
2022-09-01,7.703514099121094,9.9399995803833,9.960000038146973,9.739999771118164,9.869999885559082,421900
2022-09-02,7.672514915466309,9.899999618530273,10.095000267028809,9.84000015258789,10.069999694824219,317000
2022-09-06,7.610512733459473,9.819999694824219,9.925999641418457,9.805000305175781,9.899999618530273,358300
2022-09-07,7.9515156745910645,10.260000228881836,10.3100004196167,9.805000305175781,9.819999694824219,407500
2022-09-08,7.998015880584717,10.319999694824219,10.34000015258789,10.109999656677246,10.220000267028809,309600
2022-09-09,8.17626667022705,10.550000190734863,10.640000343322754,10.350000381469727,10.369999885559082,296200
2022-09-12,8.137516021728516,10.5,10.6850004196167,10.479999542236328,10.630000114440918,296300
2022-09-13,7.788764476776123,10.050000190734863,10.470000267028809,9.989999771118164,10.319999694824219,291400
2022-09-14,7.7732648849487305,10.029999732971191,10.114999771118164,9.970000267028809,9.989999771118164,271300
2022-09-15,7.633763790130615,9.850000381469727,10.260000228881836,9.84000015258789,9.970000267028809,358000
2022-09-16,7.7732648849487305,10.029999732971191,10.050000190734863,9.670000076293945,9.699999809265137,1000800
2022-09-19,7.657014846801758,9.880000114440918,9.980999946594238,9.760000228881836,9.9399995803833,290300
2022-09-20,7.509765148162842,9.6899995803833,9.8100004196167,9.619999885559082,9.8100004196167,313600
2022-09-21,7.331515312194824,9.460000038146973,9.729999542236328,9.449999809265137,9.6899995803833,352800
2022-09-22,7.199763298034668,9.289999961853027,9.428000450134277,9.149999618530273,9.399999618530273,314900
2022-09-23,7.060264587402344,9.109999656677246,9.170000076293945,8.970000267028809,9.149999618530273,346200
2022-09-26,6.781261920928955,8.75,9.09000015258789,8.739999771118164,9.0,577100
2022-09-27,6.665013313293457,8.600000381469727,8.899999618530273,8.569999694824219,8.800000190734863,528500
2022-09-28,6.874263763427734,8.869999885559082,8.975000381469727,8.550000190734863,8.579999923706055,383000
2022-09-29,6.733173370361328,8.59000015258789,8.680000305175781,8.420000076293945,8.680000305175781,404200
2022-09-30,6.858585834503174,8.75,8.899999618530273,8.630000114440918,8.630000114440918,413200
2022-10-03,6.850748062133789,8.739999771118164,8.821999549865723,8.640000343322754,8.75,438200
2022-10-04,7.305377006530762,9.319999694824219,9.359999656677246,8.819999694824219,8.819999694824219,305100
2022-10-05,7.101576328277588,9.0600004196167,9.229999542236328,8.9350004196167,9.149999618530273,266100
2022-10-06,7.031031131744385,8.970000267028809,9.130000114440918,8.845000267028809,9.010000228881836,196400
2022-10-07,6.944808483123779,8.859999656677246,8.920000076293945,8.739999771118164,8.869999885559082,308800
2022-10-10,6.960486888885498,8.880000114440918,9.029999732971191,8.859999656677246,8.899999618530273,180600
2022-10-11,7.007515907287598,8.9399995803833,8.979999542236328,8.720000267028809,8.84000015258789,419800
2022-10-12,7.031031131744385,8.970000267028809,9.029999732971191,8.859999656677246,8.960000038146973,152400
2022-10-13,7.14077091217041,9.109999656677246,9.15999984741211,8.75,8.880000114440918,499300
2022-10-14,7.12509298324585,9.09000015258789,9.289999961853027,9.079999923706055,9.25,226900
2022-10-17,7.274020195007324,9.279999732971191,9.420000076293945,9.1899995803833,9.270000457763672,397200
2022-10-18,7.234828948974609,9.229999542236328,9.5600004196167,9.15999984741211,9.390000343322754,267600
2022-10-19,7.023193836212158,8.960000038146973,9.119999885559082,8.739999771118164,9.050000190734863,290800
2022-10-20,7.054545879364014,9.0,9.109999656677246,8.859999656677246,8.859999656677246,185200
2022-10-21,7.093739032745361,9.050000190734863,9.119999885559082,8.930000305175781,9.0600004196167,183200
2022-10-24,7.054545879364014,9.0,9.130000114440918,8.970999717712402,9.09000015258789,201600
2022-10-25,7.321051120758057,9.34000015258789,9.359999656677246,8.960000038146973,8.960000038146973,428500
2022-10-26,7.399435997009277,9.4399995803833,9.619999885559082,9.300000190734863,9.430000305175781,199300
2022-10-27,7.454303741455078,9.510000228881836,9.59000015258789,9.369999885559082,9.430000305175781,223500
2022-10-28,7.391597747802734,9.430000305175781,9.529999732971191,9.300000190734863,9.5,1730100
2022-10-31,7.344565391540527,9.369999885559082,9.420000076293945,9.25,9.350000381469727,1752900
2022-11-01,7.336727619171143,9.359999656677246,9.470000267028809,9.21500015258789,9.460000038146973,239800
2022-11-02,7.1956377029418945,9.180000305175781,9.529999732971191,9.15999984741211,9.300000190734863,226900
2022-11-03,7.211315631866455,9.199999809265137,9.350000381469727,8.930000305175781,9.09000015258789,324900
2022-11-04,7.219152450561523,9.210000038146973,9.220000267028809,8.8100004196167,9.199999809265137,269900
2022-11-07,7.14077091217041,9.109999656677246,9.199999809265137,8.979999542236328,9.170000076293945,184600
2022-11-08,7.187799453735352,9.170000076293945,9.3100004196167,9.0,9.0600004196167,201900
2022-11-09,7.274020195007324,9.279999732971191,9.34000015258789,9.100000381469727,9.180000305175781,213000
2022-11-10,7.681617736816406,9.800000190734863,9.930000305175781,9.460000038146973,9.510000228881836,405900
2022-11-11,7.6659417152404785,9.779999732971191,9.944999694824219,9.729999542236328,9.850000381469727,185100
2022-11-14,7.422952175140381,9.470000267028809,9.729999542236328,9.449999809265137,9.729999542236328,195900
2022-11-15,7.391597747802734,9.430000305175781,9.640000343322754,9.34000015258789,9.529999732971191,201100
2022-11-16,7.250505447387695,9.25,9.390000343322754,9.220000267028809,9.350000381469727,175500
2022-11-17,7.211315631866455,9.199999809265137,9.279999732971191,9.079999923706055,9.100000381469727,171100
2022-11-18,7.38375997543335,9.420000076293945,9.430000305175781,9.1899995803833,9.359999656677246,286400
2022-11-21,7.360243320465088,9.390000343322754,9.40999984741211,9.270000457763672,9.289999961853027,223300
2022-11-22,7.321051120758057,9.34000015258789,9.46500015258789,9.220000267028809,9.399999618530273,168200
2022-11-23,7.313213348388672,9.329999923706055,9.390000343322754,9.225000381469727,9.300000190734863,146300
2022-11-25,7.313213348388672,9.329999923706055,9.399999618530273,9.274999618530273,9.279999732971191,74800
2022-11-28,7.12509298324585,9.09000015258789,9.369999885559082,9.0600004196167,9.239999771118164,213900
2022-11-29,7.172122955322266,9.149999618530273,9.199999809265137,9.050000190734863,9.109999656677246,137500
2022-11-30,7.281857967376709,9.289999961853027,9.359999656677246,9.0,9.109999656677246,235700
2022-12-01,7.321051120758057,9.34000015258789,9.59000015258789,9.289999961853027,9.34000015258789,183300
2022-12-02,7.462143421173096,9.520000457763672,9.550000190734863,9.1899995803833,9.1899995803833,185600
2022-12-05,7.274020195007324,9.279999732971191,9.460000038146973,9.21500015258789,9.399999618530273,205600
2022-12-06,7.054545879364014,9.0,9.25,8.90999984741211,9.229999542236328,254300
2022-12-07,7.023193836212158,8.960000038146973,9.130000114440918,8.864999771118164,9.039999961853027,698100
2022-12-08,7.078062057495117,9.029999732971191,9.154999732971191,8.937999725341797,8.970000267028809,648800
2022-12-09,7.14077091217041,9.109999656677246,9.180000305175781,8.90999984741211,8.979999542236328,500100
2022-12-12,7.15644645690918,9.130000114440918,9.260000228881836,9.03499984741211,9.15999984741211,581300
2022-12-13,7.250505447387695,9.25,9.739999771118164,9.100000381469727,9.260000228881836,872000
2022-12-14,7.250505447387695,9.25,9.635000228881836,9.15999984741211,9.199999809265137,1581900
2022-12-15,7.164285182952881,9.140000343322754,9.270000457763672,9.069999694824219,9.25,601000
2022-12-16,6.960486888885498,8.880000114440918,9.229999542236328,8.805000305175781,9.0,1379900
2022-12-19,6.827233791351318,8.710000038146973,8.920000076293945,8.595000267028809,8.8100004196167,683900
2022-12-20,6.889941215515137,8.789999961853027,8.890000343322754,8.680000305175781,8.729999542236328,475400
2022-12-21,6.960486888885498,8.880000114440918,8.989999771118164,8.75,8.819999694824219,630100
2022-12-22,6.874263763427734,8.770000457763672,8.789999961853027,8.40999984741211,8.75,731700
2022-12-23,6.86642599105835,8.760000228881836,8.925000190734863,8.699999809265137,8.819999694824219,387000
2022-12-27,6.741011619567871,8.600000381469727,8.75,8.555000305175781,8.729999542236328,529100
2022-12-28,6.607758522033691,8.430000305175781,8.670000076293945,8.404999732971191,8.600000381469727,670700
2022-12-29,6.718813896179199,8.470000267028809,8.489999771118164,8.28499984741211,8.3100004196167,648100
2022-12-30,6.7743401527404785,8.539999961853027,8.59000015258789,8.380000114440918,8.479999542236328,353200
2023-01-03,6.623623847961426,8.350000381469727,8.779999732971191,8.319999694824219,8.569999694824219,306600
2023-01-04,6.671218395233154,8.40999984741211,8.550000190734863,8.359999656677246,8.359999656677246,266100
2023-01-05,6.5522308349609375,8.260000228881836,8.40999984741211,8.199999809265137,8.380000114440918,270100
2023-01-06,6.718813896179199,8.470000267028809,8.5,8.210000038146973,8.289999961853027,210900
2023-01-09,6.663286209106445,8.399999618530273,8.539999961853027,8.399999618530273,8.479999542236328,237800
2023-01-10,6.710880756378174,8.460000038146973,8.48799991607666,8.300000190734863,8.350000381469727,326300
2023-01-11,6.814003944396973,8.59000015258789,8.635000228881836,8.460000038146973,8.5,417800
2023-01-12,6.940921783447266,8.75,8.819999694824219,8.569999694824219,8.65999984741211,366500
2023-01-13,7.01231575012207,8.84000015258789,8.850000381469727,8.619999885559082,8.670000076293945,204600
2023-01-17,7.036113262176514,8.869999885559082,8.989999771118164,8.800000190734863,8.800000190734863,335200
2023-01-18,7.099571704864502,8.949999809265137,9.109999656677246,8.875,8.880000114440918,502700
2023-01-19,7.01231575012207,8.84000015258789,8.984999656677246,8.729999542236328,8.920000076293945,375000
2023-01-20,7.147167682647705,9.010000228881836,9.010000228881836,8.704999923706055,8.880000114440918,366000
2023-01-23,7.178897857666016,9.050000190734863,9.164999961853027,8.989999771118164,9.0,356500
2023-01-24,7.051977634429932,8.890000343322754,9.0600004196167,8.84000015258789,9.050000190734863,162000
2023-01-25,7.155100345611572,9.020000457763672,9.039999961853027,8.819999694824219,8.890000343322754,201600
2023-01-26,7.210628509521484,9.09000015258789,9.15999984741211,8.960000038146973,9.039999961853027,196800
2023-01-27,7.297885894775391,9.199999809265137,9.265000343322754,9.09000015258789,9.109999656677246,214200
2023-01-30,7.274087429046631,9.170000076293945,9.210000038146973,9.130000114440918,9.149999618530273,229700
2023-01-31,7.654845714569092,9.649999618530273,9.670000076293945,9.15999984741211,9.15999984741211,595100
2023-02-01,7.424803733825684,9.359999656677246,9.604999542236328,9.270000457763672,9.5600004196167,375500
2023-02-02,7.702441692352295,9.710000038146973,9.729999542236328,9.40999984741211,9.40999984741211,333900
2023-02-03,7.631049156188965,9.619999885559082,9.75,9.520000457763672,9.640000343322754,407700
2023-02-06,7.4565348625183105,9.399999618530273,9.59000015258789,9.289999961853027,9.579999923706055,296500
2023-02-07,7.424803733825684,9.359999656677246,9.510000228881836,9.220000267028809,9.449999809265137,372100
2023-02-08,7.297885894775391,9.199999809265137,9.430000305175781,9.199999809265137,9.319999694824219,390900
2023-02-09,7.186829566955566,9.0600004196167,9.359999656677246,9.024999618530273,9.3100004196167,425100
2023-02-10,7.194761276245117,9.069999694824219,9.140000343322754,9.0,9.020000457763672,266600
2023-02-13,7.345480442047119,9.260000228881836,9.289999961853027,9.010000228881836,9.079999923706055,179400
2023-02-14,7.266155242919922,9.15999984741211,9.300000190734863,9.131999969482422,9.210000038146973,264400
2023-02-15,7.337546348571777,9.25,9.270000457763672,9.09000015258789,9.109999656677246,155600
2023-02-16,7.266155242919922,9.15999984741211,9.21500015258789,9.069999694824219,9.140000343322754,167200
2023-02-17,7.234425067901611,9.119999885559082,9.270000457763672,9.069999694824219,9.199999809265137,196100
2023-02-21,7.0202484130859375,8.850000381469727,9.024999618530273,8.755000114440918,9.0,321400
2023-02-22,6.940921783447266,8.75,8.9399995803833,8.729999542236328,8.850000381469727,468300
2023-02-23,7.0202484130859375,8.850000381469727,8.899999618530273,8.744999885559082,8.800000190734863,330800
2023-02-24,6.829868316650391,8.609999656677246,8.779999732971191,8.569999694824219,8.720000267028809,539600
2023-02-27,6.829868316650391,8.609999656677246,8.75,8.600000381469727,8.680000305175781,563200
2023-02-28,6.7902069091796875,8.5600004196167,8.680000305175781,8.539999961853027,8.59000015258789,522600
2023-03-01,6.576028823852539,8.289999961853027,8.520000457763672,8.260000228881836,8.510000228881836,462800
2023-03-02,6.377716541290283,8.039999961853027,8.289999961853027,8.0,8.199999809265137,700600
2023-03-03,6.306324005126953,7.949999809265137,8.15999984741211,7.940000057220459,8.079999923706055,521000
2023-03-06,6.38564920425415,8.050000190734863,8.119999885559082,7.960000038146973,8.0,632100
2023-03-07,5.989025115966797,7.550000190734863,8.010000228881836,7.494999885559082,8.010000228881836,687300
2023-03-08,6.131810188293457,7.730000019073486,7.860000133514404,7.510000228881836,7.510000228881836,655000
2023-03-09,5.9493632316589355,7.5,7.679999828338623,7.409999847412109,7.679999828338623,853800
2023-03-10,5.362359046936035,6.760000228881836,7.473999977111816,6.739999771118164,7.460000038146973,1368100
2023-03-13,5.314764499664307,6.699999809265137,6.869999885559082,6.614999771118164,6.690000057220459,608800
2023-03-14,5.1719794273376465,6.519999980926514,6.920000076293945,6.485000133514404,6.900000095367432,1169700
2023-03-15,5.140249252319336,6.480000019073486,6.5,6.289999961853027,6.349999904632568,789000
2023-03-16,5.045059680938721,6.360000133514404,6.449999809265137,6.150000095367432,6.400000095367432,1183400
2023-03-17,4.600841045379639,5.800000190734863,6.360000133514404,5.760000228881836,6.309999942779541,6104800
2023-03-20,4.616705417633057,5.820000171661377,6.019999980926514,5.735000133514404,5.829999923706055,1246700
2023-03-21,4.688097953796387,5.909999847412109,5.974999904632568,5.730000019073486,5.829999923706055,1312200
2023-03-22,4.584975719451904,5.78000020980835,6.0,5.769999980926514,5.880000114440918,1146800
2023-03-23,4.49771785736084,5.670000076293945,5.880000114440918,5.619999885559082,5.829999923706055,862800
2023-03-24,4.6722331047058105,5.889999866485596,5.920000076293945,5.610000133514404,5.610000133514404,721000
2023-03-27,4.8308820724487305,6.090000152587891,6.179999828338623,5.949999809265137,6.010000228881836,877400
2023-03-28,4.918140411376953,6.199999809265137,6.199999809265137,6.019999980926514,6.039999961853027,673600
2023-03-29,5.037126541137695,6.349999904632568,6.360000133514404,6.203999996185303,6.260000228881836,387300
2023-03-30,5.093543529510498,6.320000171661377,6.409999847412109,6.309999942779541,6.349999904632568,308800
2023-03-31,5.399799823760986,6.699999809265137,6.699999809265137,6.389999866485596,6.389999866485596,738200
2023-04-03,5.488454341888428,6.809999942779541,6.809999942779541,6.670000076293945,6.75,737500
2023-04-04,5.367562770843506,6.659999847412109,6.909999847412109,6.565000057220459,6.849999904632568,713400
2023-04-05,5.335324287414551,6.619999885559082,6.644999980926514,6.534999847412109,6.610000133514404,397200
2023-04-06,5.343384742736816,6.630000114440918,6.715000152587891,6.559999942779541,6.679999828338623,314600
2023-04-10,5.335324287414551,6.619999885559082,6.690000057220459,6.474999904632568,6.590000152587891,474600
2023-04-11,5.254730701446533,6.519999980926514,6.605000019073486,6.440000057220459,6.579999923706055,403600
2023-04-12,5.238611698150635,6.5,6.670000076293945,6.489999771118164,6.630000114440918,583500
2023-04-13,5.166077613830566,6.409999847412109,6.570000171661377,6.385000228881836,6.510000228881836,625100
2023-04-14,5.085483074188232,6.309999942779541,6.579999923706055,6.269999980926514,6.5,350000
2023-04-17,5.319206237792969,6.599999904632568,6.605000019073486,6.289999961853027,6.340000152587891,421100
2023-04-18,5.254730701446533,6.519999980926514,6.650000095367432,6.389999866485596,6.650000095367432,379200
2023-04-19,5.295027732849121,6.570000171661377,6.585000038146973,6.409999847412109,6.480000019073486,350800
2023-04-20,5.190256118774414,6.440000057220459,6.574999809265137,6.400000095367432,6.480000019073486,396200
2023-04-21,5.174136638641357,6.420000076293945,6.46999979019165,6.315000057220459,6.460000038146973,376000
2023-04-24,5.10966157913208,6.340000152587891,6.409999847412109,6.275000095367432,6.380000114440918,302800
2023-04-25,4.9323554039001465,6.119999885559082,6.360000133514404,6.110000133514404,6.260000228881836,306900
2023-04-26,4.779226303100586,5.929999828338623,6.130000114440918,5.900000095367432,6.039999961853027,348400
2023-04-27,4.8517608642578125,6.019999980926514,6.019999980926514,5.875,5.949999809265137,376600
2023-04-28,4.94847297668457,6.139999866485596,6.264999866485596,5.994999885559082,6.010000228881836,464700
2023-05-01,4.916235446929932,6.099999904632568,6.175000190734863,6.050000190734863,6.110000133514404,422800
2023-05-02,4.763106822967529,5.909999847412109,6.034999847412109,5.809999942779541,6.03000020980835,581700
2023-05-03,4.835641860961914,6.0,6.050000190734863,5.875,5.929999828338623,586600
2023-05-04,4.964591979980469,6.159999847412109,6.190000057220459,5.815000057220459,5.940000057220459,575700
2023-05-05,5.085483074188232,6.309999942779541,6.340000152587891,6.215000152587891,6.28000020980835,336900
2023-05-08,5.012948989868164,6.21999979019165,6.300000190734863,6.139999866485596,6.300000190734863,382600
2023-05-09,4.956533432006836,6.150000095367432,6.25,6.039999961853027,6.159999847412109,330600
2023-05-10,4.875939846038818,6.050000190734863,6.489999771118164,6.039999961853027,6.289999961853027,439300
2023-05-11,4.763106822967529,5.909999847412109,6.054999828338623,5.880000114440918,5.980000019073486,394000
2023-05-12,4.5132646560668945,5.599999904632568,5.949999809265137,5.53000020980835,5.940000057220459,724500
2023-05-15,4.448790073394775,5.519999980926514,5.690000057220459,5.5,5.630000114440918,445300
2023-05-16,4.392374515533447,5.449999809265137,5.639999866485596,5.449999809265137,5.550000190734863,666000
2023-05-17,4.666394233703613,5.789999961853027,5.840000152587891,5.425000190734863,5.480000019073486,488500
2023-05-18,4.738929271697998,5.880000114440918,5.889999866485596,5.699999809265137,5.739999771118164,464100
2023-05-19,4.755047798156738,5.900000095367432,6.010000228881836,5.800000190734863,5.96999979019165,360000
2023-05-22,4.859820365905762,6.03000020980835,6.039999961853027,5.809999942779541,5.920000076293945,472700
2023-05-23,4.956533432006836,6.150000095367432,6.284999847412109,6.039999961853027,6.039999961853027,342000
2023-05-24,4.634158134460449,5.75,6.139999866485596,5.739999771118164,6.130000114440918,315300
2023-05-25,4.376255035400391,5.429999828338623,5.710000038146973,5.269999980926514,5.699999809265137,611600
2023-05-26,4.456849575042725,5.53000020980835,5.574999809265137,5.360000133514404,5.460000038146973,405000
2023-05-30,4.529384136199951,5.619999885559082,5.710000038146973,5.519999980926514,5.579999923706055,392900
2023-05-31,4.472969055175781,5.550000190734863,5.71999979019165,5.531000137329102,5.639999866485596,709800
2023-06-01,4.618037223815918,5.730000019073486,5.75,5.480000019073486,5.539999961853027,523500
2023-06-02,4.883997917175293,6.059999942779541,6.090000152587891,5.760000228881836,5.789999961853027,439300
2023-06-05,4.803403377532959,5.960000038146973,6.050000190734863,5.880000114440918,6.0,440100
2023-06-06,5.053245544433594,6.269999980926514,6.309999942779541,5.960000038146973,5.960000038146973,442800
2023-06-07,5.295027732849121,6.570000171661377,6.659999847412109,6.340000152587891,6.340000152587891,543500
2023-06-08,5.190256118774414,6.440000057220459,6.579999923706055,6.375,6.559999942779541,339100
2023-06-09,5.214433670043945,6.46999979019165,6.514999866485596,6.389999866485596,6.449999809265137,368200
2023-06-12,5.206374645233154,6.460000038146973,6.599999904632568,6.429999828338623,6.46999979019165,350300
2023-06-13,5.254730701446533,6.519999980926514,6.619999885559082,6.440000057220459,6.519999980926514,353000
2023-06-14,5.190256118774414,6.440000057220459,6.650000095367432,6.394999980926514,6.559999942779541,366900
2023-06-15,5.28696870803833,6.559999942779541,6.559999942779541,6.329999923706055,6.400000095367432,329900
2023-06-16,5.35950231552124,6.650000095367432,6.710000038146973,6.539999961853027,6.559999942779541,2524300
2023-06-20,5.295027732849121,6.570000171661377,6.610000133514404,6.400000095367432,6.579999923706055,350700
2023-06-21,5.262789726257324,6.53000020980835,6.585000038146973,6.429999828338623,6.5,345800
2023-06-22,5.182195663452148,6.429999828338623,6.53000020980835,6.170000076293945,6.53000020980835,660500
2023-06-23,5.125781059265137,6.360000133514404,6.420000076293945,6.139999866485596,6.260000228881836,1328100
2023-06-26,5.367562770843506,6.659999847412109,6.800000190734863,6.300000190734863,6.329999923706055,553300
2023-06-27,5.456215858459473,6.769999980926514,6.824999809265137,6.610000133514404,6.690000057220459,592500
2023-06-28,5.367562770843506,6.659999847412109,6.760000228881836,6.590000152587891,6.760000228881836,305700
2023-06-29,5.449385166168213,6.659999847412109,6.679999828338623,6.53000020980835,6.559999942779541,258200
2023-06-30,5.408473491668701,6.610000133514404,6.760000228881836,6.53000020980835,6.760000228881836,433100
2023-07-03,5.629395008087158,6.880000114440918,6.914999961853027,6.570000171661377,6.570000171661377,281700
2023-07-05,5.5066609382629395,6.730000019073486,6.989999771118164,6.730000019073486,6.800000190734863,411500
2023-07-06,5.531208038330078,6.760000228881836,6.760000228881836,6.474999904632568,6.599999904632568,370700
2023-07-07,5.645759582519531,6.900000095367432,6.980000019073486,6.71999979019165,6.71999979019165,555400
2023-07-10,5.604848384857178,6.849999904632568,7.0,6.809999942779541,6.829999923706055,257600
2023-07-11,5.621212005615234,6.869999885559082,6.940000057220459,6.800000190734863,6.909999847412109,375800
2023-07-12,5.588483810424805,6.829999923706055,7.070000171661377,6.820000171661377,7.0,393900
2023-07-13,5.629395008087158,6.880000114440918,6.909999847412109,6.789999961853027,6.860000133514404,367300
2023-07-14,5.531208038330078,6.760000228881836,6.880000114440918,6.744999885559082,6.849999904632568,254700
2023-07-17,5.400291442871094,6.599999904632568,6.769999980926514,6.550000190734863,6.760000228881836,317000
2023-07-18,5.482113361358643,6.699999809265137,6.880000114440918,6.599999904632568,6.599999904632568,366900
2023-07-19,5.604848384857178,6.849999904632568,6.855000019073486,6.710000038146973,6.710000038146973,312900
2023-07-20,5.498478412628174,6.71999979019165,6.860000133514404,6.639999866485596,6.849999904632568,316000
2023-07-21,5.416656017303467,6.619999885559082,6.789999961853027,6.610000133514404,6.78000020980835,346200
2023-07-24,5.498478412628174,6.71999979019165,6.78000020980835,6.610000133514404,6.610000133514404,233800
2023-07-25,5.367562770843506,6.559999942779541,6.739999771118164,6.519999980926514,6.670000076293945,238100
2023-07-26,5.465749740600586,6.679999828338623,6.699999809265137,6.550000190734863,6.550000190734863,335800
2023-07-27,5.293920993804932,6.46999979019165,6.760000228881836,6.445000171661377,6.710000038146973,455200
2023-07-28,5.310286045074463,6.489999771118164,6.579999923706055,6.454999923706055,6.489999771118164,351500
2023-07-31,5.3184685707092285,6.5,6.675000190734863,6.460000038146973,6.519999980926514,804400
2023-08-01,5.138460159301758,6.28000020980835,6.489999771118164,6.260000228881836,6.480000019073486,338800
2023-08-02,5.097548484802246,6.230000019073486,6.260000228881836,6.159999847412109,6.210000038146973,234200
2023-08-03,5.0402727127075195,6.159999847412109,6.21999979019165,6.054999828338623,6.159999847412109,278700
2023-08-04,5.073001384735107,6.199999809265137,6.289999961853027,6.139999866485596,6.199999809265137,293400
2023-08-07,5.138460159301758,6.28000020980835,6.309999942779541,6.190000057220459,6.210000038146973,352400
2023-08-08,5.032090663909912,6.150000095367432,6.190000057220459,6.050000190734863,6.190000057220459,301300
2023-08-09,5.023907661437988,6.139999866485596,6.210000038146973,6.070000171661377,6.099999904632568,344600
2023-08-10,5.244828224182129,6.409999847412109,6.690000057220459,6.119999885559082,6.21999979019165,575000
2023-08-11,5.367562770843506,6.559999942779541,6.599999904632568,6.389999866485596,6.389999866485596,463000
2023-08-14,5.261192798614502,6.429999828338623,6.550000190734863,6.400000095367432,6.53000020980835,292700
2023-08-15,5.146642208099365,6.289999961853027,6.349999904632568,6.210000038146973,6.309999942779541,263700
2023-08-16,5.073001384735107,6.199999809265137,6.360000133514404,6.199999809265137,6.260000228881836,267300
2023-08-17,5.0402727127075195,6.159999847412109,6.304999828338623,6.144999980926514,6.204999923706055,291700
2023-08-18,4.884808540344238,5.96999979019165,6.179999828338623,5.940000057220459,6.079999923706055,277000
2023-08-21,4.762074947357178,5.820000171661377,5.940000057220459,5.690000057220459,5.940000057220459,365000
2023-08-22,4.745710849761963,5.800000190734863,5.869999885559082,5.730000019073486,5.829999923706055,378800
2023-08-23,4.72934627532959,5.78000020980835,5.829999923706055,5.710000038146973,5.769999980926514,298000
2023-08-24,4.672070026397705,5.710000038146973,5.875,5.710000038146973,5.739999771118164,389900
2023-08-25,4.672070026397705,5.710000038146973,5.789999961853027,5.659999847412109,5.730000019073486,357100
2023-08-28,4.794804573059082,5.860000133514404,6.005000114440918,5.699999809265137,5.699999809265137,381000
2023-08-29,4.852080345153809,5.929999828338623,5.980000019073486,5.800000190734863,5.829999923706055,548700
2023-08-30,4.794804573059082,5.860000133514404,5.949999809265137,5.809999942779541,5.909999847412109,400100
2023-08-31,4.770256996154785,5.829999923706055,5.909999847412109,5.800000190734863,5.860000133514404,524300
2023-09-01,4.778439521789551,5.840000152587891,5.960999965667725,5.829999923706055,5.880000114440918,577300
2023-09-05,4.451149940490723,5.440000057220459,5.590000152587891,5.105000019073486,5.53000020980835,3684100
2023-09-06,4.418420314788818,5.400000095367432,5.46999979019165,5.300000190734863,5.409999847412109,1410400
2023-09-07,4.4675140380859375,5.460000038146973,5.5,5.199999809265137,5.340000152587891,1607700
2023-09-08,4.492060661315918,5.489999771118164,5.545000076293945,5.329999923706055,5.449999809265137,1146500
2023-09-11,4.475696086883545,5.46999979019165,5.574999809265137,5.409999847412109,5.489999771118164,1203200
2023-09-12,4.500243186950684,5.5,5.53000020980835,5.400000095367432,5.409999847412109,1270100
2023-09-13,4.4675140380859375,5.460000038146973,5.630000114440918,5.429999828338623,5.5,1293800
2023-09-14,4.541153907775879,5.550000190734863,5.619999885559082,5.420000076293945,5.46999979019165,1546100
2023-09-15,4.4593305587768555,5.449999809265137,5.53000020980835,5.329999923706055,5.329999923706055,15569900
2023-09-18,4.426603317260742,5.409999847412109,5.619999885559082,5.380000114440918,5.5,1768900
2023-09-19,4.442966938018799,5.429999828338623,5.480000019073486,5.309999942779541,5.409999847412109,834300
2023-09-20,4.475696086883545,5.46999979019165,5.565000057220459,5.429999828338623,5.460000038146973,1313400
2023-09-21,4.369327068328857,5.340000152587891,5.460000038146973,5.289999961853027,5.400000095367432,1434100
2023-09-22,4.369327068328857,5.340000152587891,5.394999980926514,5.25,5.340000152587891,715400
2023-09-25,4.336596965789795,5.300000190734863,5.360000133514404,5.254000186920166,5.300000190734863,717800
2023-09-26,4.2547760009765625,5.199999809265137,5.320000171661377,5.190000057220459,5.25,936400
2023-09-27,4.303868293762207,5.260000228881836,5.309999942779541,5.170000076293945,5.269999980926514,706700
2023-09-28,4.3455729484558105,5.210000038146973,5.284999847412109,5.15500020980835,5.170000076293945,640500
2023-09-29,4.3455729484558105,5.210000038146973,5.320000171661377,5.15500020980835,5.269999980926514,863200
2023-10-02,4.061984539031982,4.869999885559082,5.21999979019165,4.860000133514404,5.170000076293945,983900
2023-10-03,3.7783966064453125,4.53000020980835,4.849999904632568,4.409999847412109,4.820000171661377,1281100
2023-10-04,3.9118497371673584,4.690000057220459,4.690000057220459,4.480000019073486,4.53000020980835,969300
2023-10-05,3.986917734146118,4.78000020980835,4.800000190734863,4.635000228881836,4.670000076293945,751300
2023-10-06,4.028621196746826,4.829999923706055,4.864999771118164,4.650000095367432,4.730000019073486,617100
2023-10-09,4.145392894744873,4.96999979019165,5.019999980926514,4.78000020980835,4.78000020980835,458400
2023-10-10,4.153733253479004,4.980000019073486,5.079999923706055,4.940000057220459,4.940000057220459,418300
2023-10-11,4.312209606170654,5.170000076293945,5.190000057220459,4.960000038146973,4.980000019073486,370000
2023-10-12,4.178755760192871,5.010000228881836,5.199999809265137,4.989999771118164,5.139999866485596,563400
2023-10-13,4.0453033447265625,4.849999904632568,5.090000152587891,4.829999923706055,5.070000171661377,344900
2023-10-16,4.178755760192871,5.010000228881836,5.059999942779541,4.900000095367432,4.929999828338623,547300
2023-10-17,4.287187099456787,5.139999866485596,5.190000057220459,4.960000038146973,4.960000038146973,399800
2023-10-18,4.0453033447265625,4.849999904632568,5.090000152587891,4.840000152587891,5.039999961853027,422200
2023-10-19,4.053643703460693,4.860000133514404,4.960000038146973,4.815000057220459,4.829999923706055,476800
2023-10-20,3.9618947505950928,4.75,4.90500020980835,4.75,4.880000114440918,413400
2023-10-23,3.986917734146118,4.78000020980835,4.809999942779541,4.650000095367432,4.71999979019165,439600
2023-10-24,4.0453033447265625,4.849999904632568,4.925000190734863,4.78000020980835,4.809999942779541,458300
2023-10-25,3.878486156463623,4.650000095367432,4.820000171661377,4.639999866485596,4.789999961853027,357900
2023-10-26,3.878486156463623,4.650000095367432,4.769999980926514,4.625,4.679999828338623,373800
2023-10-27,3.853463888168335,4.619999885559082,4.684999942779541,4.585000038146973,4.650000095367432,282400
2023-10-30,3.9118497371673584,4.690000057220459,4.78000020980835,4.585000038146973,4.690000057220459,273100
2023-10-31,3.986917734146118,4.78000020980835,4.820000171661377,4.644999980926514,4.710000038146973,418600
2023-11-01,3.9452128410339355,4.730000019073486,4.820000171661377,4.679999828338623,4.800000190734863,351600
2023-11-02,4.203778266906738,5.039999961853027,5.059999942779541,4.760000228881836,4.820000171661377,300800
2023-11-03,4.445662498474121,5.329999923706055,5.425000190734863,5.179999828338623,5.179999828338623,441900
2023-11-06,4.403958797454834,5.28000020980835,5.329999923706055,5.21999979019165,5.320000171661377,277700
2023-11-07,4.270505905151367,5.119999885559082,5.25,5.119999885559082,5.230000019073486,262900
2023-11-08,4.220459938049316,5.059999942779541,5.150000095367432,4.954999923706055,5.130000114440918,387600
2023-11-09,4.187097072601318,5.019999980926514,5.119999885559082,4.980000019073486,5.110000133514404,580000
2023-11-10,4.170415878295898,5.0,5.28000020980835,4.949999809265137,5.039999961853027,699700
2023-11-13,3.903508186340332,4.679999828338623,5.019999980926514,4.610000133514404,5.0,784000
2023-11-14,4.278845310211182,5.130000114440918,5.239999771118164,4.940000057220459,4.940000057220459,1040000
2023-11-15,4.378936290740967,5.25,5.400000095367432,5.119999885559082,5.150000095367432,807600
2023-11-16,4.203778266906738,5.039999961853027,5.269999980926514,5.010000228881836,5.21999979019165,1483400
2023-11-17,4.287187099456787,5.139999866485596,5.184999942779541,5.050000190734863,5.139999866485596,360200
2023-11-20,4.220459938049316,5.059999942779541,5.110000133514404,4.989999771118164,5.099999904632568,424100
2023-11-21,4.120370864868164,4.940000057220459,5.0,4.909999847412109,5.0,398500
2023-11-22,4.162074089050293,4.989999771118164,5.010000228881836,4.900000095367432,4.989999771118164,376400
2023-11-24,4.220459938049316,5.059999942779541,5.079999923706055,4.965000152587891,4.989999771118164,390800
2023-11-27,4.262164115905762,5.110000133514404,5.110000133514404,4.909999847412109,4.989999771118164,546000
2023-11-28,4.362254619598389,5.230000019073486,5.260000228881836,5.010000228881836,5.070000171661377,377600
2023-11-29,4.403958797454834,5.28000020980835,5.559999942779541,5.28000020980835,5.300000190734863,418400
2023-11-30,4.303867816925049,5.159999847412109,5.389999866485596,5.159999847412109,5.289999961853027,1898500
2023-12-01,4.654184341430664,5.579999923706055,5.590000152587891,5.090000152587891,5.159999847412109,589700
2023-12-04,4.695887565612793,5.630000114440918,5.65500020980835,5.539999961853027,5.579999923706055,367100
2023-12-05,4.645842552185059,5.570000171661377,5.650000095367432,5.480000019073486,5.619999885559082,346600
2023-12-06,4.6124796867370605,5.53000020980835,5.795000076293945,5.510000228881836,5.670000076293945,457100
2023-12-07,4.695887565612793,5.630000114440918,5.684999942779541,5.550000190734863,5.559999942779541,319600
2023-12-08,4.662525177001953,5.590000152587891,5.639999866485596,5.480000019073486,5.630000114440918,297200
2023-12-11,4.629161357879639,5.550000190734863,5.59499979019165,5.511000156402588,5.550000190734863,266700
2023-12-12,4.554093837738037,5.460000038146973,5.579999923706055,5.429999828338623,5.579999923706055,358700
2023-12-13,4.837682247161865,5.800000190734863,5.840000152587891,5.369999885559082,5.440000057220459,782600
2023-12-14,5.104588031768799,6.119999885559082,6.21999979019165,5.980000019073486,5.980000019073486,806500
2023-12-15,4.979475021362305,5.96999979019165,6.170000076293945,5.960000038146973,6.139999866485596,1068500
2023-12-18,4.804319381713867,5.760000228881836,5.989999771118164,5.755000114440918,5.989999771118164,486600
2023-12-19,5.0295209884643555,6.03000020980835,6.070000171661377,5.840000152587891,5.869999885559082,689200
2023-12-20,4.962794303894043,5.949999809265137,6.170000076293945,5.925000190734863,6.0,598900
2023-12-21,5.046203136444092,6.050000190734863,6.070000171661377,5.980000019073486,6.010000228881836,398000
2023-12-22,4.987817287445068,5.980000019073486,6.170000076293945,5.949999809265137,6.059999942779541,352600
2023-12-26,4.937771320343018,5.920000076293945,5.989999771118164,5.875,5.96999979019165,317200
2023-12-27,4.912748336791992,5.889999866485596,5.929999828338623,5.828999996185303,5.900000095367432,435200
2023-12-28,4.972143650054932,5.860000133514404,5.900000095367432,5.78000020980835,5.78000020980835,365900
2023-12-29,4.853354454040527,5.71999979019165,5.861999988555908,5.715000152587891,5.809999942779541,277000
2024-01-02,4.895779132843018,5.769999980926514,5.90500020980835,5.679999828338623,5.710000038146973,418700
2024-01-03,4.700627326965332,5.539999961853027,5.71999979019165,5.514999866485596,5.71999979019165,625600
2024-01-04,4.692142486572266,5.53000020980835,5.610000133514404,5.489999771118164,5.519999980926514,317700
2024-01-05,4.717597007751465,5.559999942779541,5.644999980926514,5.449999809265137,5.480000019073486,367800
2024-01-08,4.785475730895996,5.639999866485596,5.650000095367432,5.5,5.559999942779541,233200
2024-01-09,4.649716854095459,5.480000019073486,5.550000190734863,5.440999984741211,5.550000190734863,365500
2024-01-10,4.675171852111816,5.510000228881836,5.539999961853027,5.460000038146973,5.489999771118164,261700
2024-01-11,4.547898769378662,5.360000133514404,5.5,5.320000171661377,5.46999979019165,401100
2024-01-12,4.581838130950928,5.400000095367432,5.525000095367432,5.355000019073486,5.460000038146973,337500
2024-01-16,4.420626163482666,5.210000038146973,5.400000095367432,5.190000057220459,5.349999904632568,401200
2024-01-17,4.293352127075195,5.059999942779541,5.190000057220459,4.989999771118164,5.119999885559082,584300
2024-01-18,4.293352127075195,5.059999942779541,5.130000114440918,5.013999938964844,5.070000171661377,385600
2024-01-19,4.369716644287109,5.150000095367432,5.150000095367432,5.019999980926514,5.099999904632568,312700
2024-01-22,4.420626163482666,5.210000038146973,5.275000095367432,5.139999866485596,5.210000038146973,249900
2024-01-23,4.395171165466309,5.179999828338623,5.320000171661377,5.125,5.269999980926514,246600
2024-01-24,4.454565525054932,5.25,5.300000190734863,5.21999979019165,5.300000190734863,376100
2024-01-25,4.564868927001953,5.380000114440918,5.425000190734863,5.301000118255615,5.340000152587891,267700
2024-01-26,4.581838130950928,5.400000095367432,5.480000019073486,5.380000114440918,5.429999828338623,186300
2024-01-29,4.5733537673950195,5.389999866485596,5.420000076293945,5.297999858856201,5.380000114440918,251400
2024-01-30,4.46304988861084,5.260000228881836,5.380000114440918,5.235000133514404,5.369999885559082,222300
2024-01-31,4.361231327056885,5.139999866485596,5.320000171661377,5.119999885559082,5.239999771118164,567900
2024-02-01,4.361231327056885,5.139999866485596,5.170000076293945,4.954999923706055,5.150000095367432,533200
2024-02-02,4.166079044342041,4.909999847412109,5.070000171661377,4.90500020980835,5.070000171661377,484400
2024-02-05,4.064260959625244,4.789999961853027,4.909999847412109,4.769999980926514,4.909999847412109,490500
2024-02-06,4.064260959625244,4.789999961853027,4.900000095367432,4.739999771118164,4.78000020980835,389000
2024-02-07,3.9369876384735107,4.639999866485596,4.784999847412109,4.619999885559082,4.760000228881836,486900
2024-02-08,4.123654365539551,4.860000133514404,4.869999885559082,4.659999847412109,4.659999847412109,327400
2024-02-09,4.157594203948975,4.900000095367432,4.920000076293945,4.809999942779541,4.849999904632568,248100
2024-02-12,4.361231327056885,5.139999866485596,5.179999828338623,4.900000095367432,4.900000095367432,508200
2024-02-13,3.962441921234131,4.670000076293945,4.960000038146973,4.650000095367432,4.960000038146973,533000
2024-02-14,3.9200174808502197,4.619999885559082,4.78000020980835,4.559999942779541,4.739999771118164,385000
2024-02-15,4.140624523162842,4.880000114440918,4.889999866485596,4.679999828338623,4.690000057220459,387200
2024-02-16,4.098199367523193,4.829999923706055,4.849999904632568,4.730000019073486,4.800000190734863,369900
2024-02-20,3.9963817596435547,4.710000038146973,4.769999980926514,4.679999828338623,4.760000228881836,304800
2024-02-21,3.9369876384735107,4.639999866485596,4.75,4.599999904632568,4.679999828338623,241400
2024-02-22,3.7927439212799072,4.46999979019165,4.639999866485596,4.460000038146973,4.630000114440918,405200
2024-02-23,3.7503199577331543,4.420000076293945,4.534999847412109,4.409999847412109,4.489999771118164,287000
2024-02-26,3.665470838546753,4.320000171661377,4.409999847412109,4.289999961853027,4.400000095367432,441500
2024-02-27,3.7588040828704834,4.429999828338623,4.510000228881836,4.369999885559082,4.380000114440918,395100
2024-02-28,3.1224381923675537,3.680000066757202,4.400000095367432,3.6500000953674316,4.289999961853027,2215700
2024-02-29,2.9781951904296875,3.509999990463257,3.8399999141693115,3.450000047683716,3.7899999618530273,900900
2024-03-01,3.0375893115997314,3.5799999237060547,3.619999885559082,3.440000057220459,3.549999952316284,771200
2024-03-04,2.8254668712615967,3.3299999237060547,3.5799999237060547,3.3299999237060547,3.5799999237060547,919600
2024-03-05,2.808497428894043,3.309999942779541,3.4549999237060547,3.2899999618530273,3.3299999237060547,754800
2024-03-06,2.9357709884643555,3.4600000381469727,3.5299999713897705,3.369999885559082,3.369999885559082,518600
2024-03-07,2.986680269241333,3.5199999809265137,3.5399999618530273,3.4600000381469727,3.490000009536743,475200
2024-03-08,3.012134313583374,3.549999952316284,3.7170000076293945,3.5399999618530273,3.5899999141693115,307900
2024-03-11,2.969710350036621,3.5,3.5899999141693115,3.4800000190734863,3.549999952316284,330900
2024-03-12,2.9442555904388428,3.4700000286102295,3.509999990463257,3.3399999141693115,3.490000009536743,485900
2024-03-13,2.9018311500549316,3.4200000762939453,3.5899999141693115,3.4200000762939453,3.4700000286102295,283700
2024-03-14,2.9018311500549316,3.4200000762939453,3.424999952316284,3.325000047683716,3.4200000762939453,384500
2024-03-15,2.952740430831909,3.4800000190734863,3.509999990463257,3.380000114440918,3.390000104904175,659700
2024-03-18,2.8933465480804443,3.4100000858306885,3.509999990463257,3.390000104904175,3.509999990463257,281900
2024-03-19,2.92728590965271,3.450000047683716,3.4700000286102295,3.3499999046325684,3.430000066757202,330600
2024-03-20,2.986680269241333,3.5199999809265137,3.5450000762939453,3.3299999237060547,3.390000104904175,409400
2024-03-21,3.0630438327789307,3.609999895095825,3.630000114440918,3.5320000648498535,3.559999942779541,345600
2024-03-22,2.8339521884918213,3.3399999141693115,3.619999885559082,3.319999933242798,3.619999885559082,528200
2024-03-25,2.8339521884918213,3.3399999141693115,3.509999990463257,3.3259999752044678,3.369999885559082,522600
2024-03-26,2.7575881481170654,3.25,3.3949999809265137,3.240000009536743,3.390000104904175,686400
2024-03-27,3.002707004547119,3.430000066757202,3.440000057220459,3.1700000762939453,3.265000104904175,645700
2024-03-28,3.0727407932281494,3.509999990463257,3.559999942779541,3.4200000762939453,3.4200000762939453,512500
2024-04-01,2.9764442443847656,3.4000000953674316,3.549999952316284,3.390000104904175,3.5299999713897705,339500
2024-04-02,2.9239187240600586,3.3399999141693115,3.4000000953674316,3.319999933242798,3.369999885559082,403700
2024-04-03,2.9151642322540283,3.3299999237060547,3.3949999809265137,3.325000047683716,3.3399999141693115,260200
2024-04-04,2.9064104557037354,3.319999933242798,3.4600000381469727,3.299999952316284,3.390000104904175,357800
2024-04-05,2.85388445854187,3.259999990463257,3.319999933242798,3.240000009536743,3.299999952316284,350900
2024-04-08,2.8626389503479004,3.2699999809265137,3.3350000381469727,3.255000114440918,3.299999952316284,433900
2024-04-09,2.9764442443847656,3.4000000953674316,3.4100000858306885,3.2799999713897705,3.2799999713897705,327200
2024-04-10,2.7663419246673584,3.1600000858306885,3.3299999237060547,3.119999885559082,3.309999942779541,632700
2024-04-11,2.827622175216675,3.2300000190734863,3.25,3.140000104904175,3.1700000762939453,454500
2024-04-12,2.7663419246673584,3.1600000858306885,3.2699999809265137,3.1500000953674316,3.2200000286102295,404600
2024-04-15,2.6963086128234863,3.0799999237060547,3.2100000381469727,3.075000047683716,3.190000057220459,647000
2024-04-16,2.6700456142425537,3.049999952316284,3.109999895095825,3.0199999809265137,3.069999933242798,388700
2024-04-17,2.6963086128234863,3.0799999237060547,3.130000114440918,3.009999990463257,3.069999933242798,519000
2024-04-18,2.678799629211426,3.059999942779541,3.109999895095825,3.015000104904175,3.0899999141693115,597800
2024-04-19,2.7663419246673584,3.1600000858306885,3.1700000762939453,3.0399999618530273,3.0399999618530273,462700
2024-04-22,2.8626389503479004,3.2699999809265137,3.2799999713897705,3.1050000190734863,3.1700000762939453,498100
2024-04-23,2.8626389503479004,3.2699999809265137,3.3499999046325684,3.240000009536743,3.259999990463257,391500
2024-04-24,2.9326729774475098,3.3499999046325684,3.359999895095825,3.194999933242798,3.25,429400
2024-04-25,2.8363759517669678,3.240000009536743,3.2899999618530273,3.2049999237060547,3.2799999713897705,334300
2024-04-26,2.845130681991577,3.25,3.2899999618530273,3.2200000286102295,3.240000009536743,207400
2024-04-29,2.8626389503479004,3.2699999809265137,3.3389999866485596,3.240000009536743,3.259999990463257,620400
2024-04-30,2.731325149536133,3.119999885559082,3.25,3.119999885559082,3.25,489300
2024-05-01,2.8188679218292236,3.2200000286102295,3.305000066757202,3.0999999046325684,3.130000114440918,578800
2024-05-02,2.9764442443847656,3.4000000953674316,3.4100000858306885,3.240000009536743,3.2699999809265137,451200
2024-05-03,3.0202155113220215,3.450000047683716,3.5199999809265137,3.4100000858306885,3.4600000381469727,427800
2024-05-06,3.0639867782592773,3.5,3.509999990463257,3.4000000953674316,3.4800000190734863,377900
2024-05-07,2.9589357376098633,3.380000114440918,3.5299999713897705,3.3399999141693115,3.5299999713897705,457900
2024-05-08,2.9326729774475098,3.3499999046325684,3.3499999046325684,3.265000104904175,3.3299999237060547,431700
2024-05-09,2.9764442443847656,3.4000000953674316,3.5399999618530273,3.3499999046325684,3.4100000858306885,938500
2024-05-10,3.256580114364624,3.7200000286102295,3.7300000190734863,3.3299999237060547,3.4100000858306885,1662600
2024-05-13,3.265334129333496,3.7300000190734863,3.869999885559082,3.694999933242798,3.7899999618530273,902900
2024-05-14,3.2478256225585938,3.7100000381469727,3.871000051498413,3.7049999237060547,3.7699999809265137,764500
2024-05-15,3.2740890979766846,3.740000009536743,3.8299999237060547,3.7300000190734863,3.7899999618530273,537400
2024-05-16,3.256580114364624,3.7200000286102295,3.765000104904175,3.680000066757202,3.700000047683716,517100
2024-05-17,3.204054594039917,3.6600000858306885,3.7200000286102295,3.5999999046325684,3.7100000381469727,526100
2024-05-20,3.2303175926208496,3.690000057220459,3.7699999809265137,3.6500000953674316,3.680000066757202,589300
2024-05-21,3.2740890979766846,3.740000009536743,3.759999990463257,3.6619999408721924,3.6700000762939453,386500
2024-05-22,3.160283327102661,3.609999895095825,3.740000009536743,3.609999895095825,3.7200000286102295,417600
2024-05-23,3.0289697647094727,3.4600000381469727,3.619999885559082,3.4100000858306885,3.619999885559082,715600
2024-05-24,3.090249538421631,3.5299999713897705,3.5399999618530273,3.4600000381469727,3.490000009536743,343100
2024-05-28,3.1690375804901123,3.619999885559082,3.690000057220459,3.569999933242798,3.5899999141693115,400000
2024-05-29,3.081495523452759,3.5199999809265137,3.5899999141693115,3.509999990463257,3.5899999141693115,304300
2024-05-30,3.2215633392333984,3.680000066757202,3.680000066757202,3.559999942779541,3.569999933242798,323100
2024-05-31,3.2828423976898193,3.75,3.8450000286102295,3.700000047683716,3.7100000381469727,725000
2024-06-03,3.3878934383392334,3.869999885559082,3.869999885559082,3.690000057220459,3.7699999809265137,615000
2024-06-04,3.2390713691711426,3.700000047683716,3.8299999237060547,3.700000047683716,3.809999942779541,307400
2024-06-05,3.1165120601654053,3.559999942779541,3.7300000190734863,3.559999942779541,3.7300000190734863,483600
2024-06-06,3.1165120601654053,3.559999942779541,3.5850000381469727,3.4800000190734863,3.549999952316284,372300
2024-06-07,3.046478033065796,3.4800000190734863,3.559999942779541,3.440000057220459,3.559999942779541,335400
2024-06-10,3.046478033065796,3.4800000190734863,3.509999990463257,3.4100000858306885,3.450000047683716,353400
2024-06-11,2.993952751159668,3.4200000762939453,3.4700000286102295,3.390000104904175,3.440000057220459,451700
2024-06-12,3.002707004547119,3.430000066757202,3.6449999809265137,3.430000066757202,3.549999952316284,313700
2024-06-13,3.0289697647094727,3.4600000381469727,3.484999895095825,3.4179999828338623,3.440000057220459,228400
2024-06-14,3.002707004547119,3.430000066757202,3.4700000286102295,3.4000000953674316,3.430000066757202,267200
2024-06-17,2.941427230834961,3.359999895095825,3.434999942779541,3.299999952316284,3.4100000858306885,315900
2024-06-18,2.941427230834961,3.359999895095825,3.4200000762939453,3.3440001010894775,3.380000114440918,424000
2024-06-20,2.941427230834961,3.359999895095825,3.380000114440918,3.309999942779541,3.3399999141693115,492700
2024-06-21,2.985198736190796,3.4100000858306885,3.4649999141693115,3.325000047683716,3.359999895095825,625900
2024-06-24,2.9676897525787354,3.390000104904175,3.4200000762939453,3.305000066757202,3.4000000953674316,478400
2024-06-25,2.9151642322540283,3.3299999237060547,3.4200000762939453,3.319999933242798,3.4100000858306885,456900
2024-06-26,2.9589357376098633,3.380000114440918,3.390000104904175,3.305000066757202,3.3299999237060547,517100
2024-06-27,3.0639867782592773,3.5,3.5,3.369999885559082,3.380000114440918,478100
2024-06-28,3.2352092266082764,3.5899999141693115,3.609999895095825,3.430000066757202,3.450000047683716,1371100
2024-07-01,3.1270687580108643,3.4700000286102295,3.63100004196167,3.430000066757202,3.5799999237060547,437400
2024-07-02,3.1000335216522217,3.440000057220459,3.450000047683716,3.384999990463257,3.390000104904175,296200
2024-07-03,3.145092248916626,3.490000009536743,3.509999990463257,3.430000066757202,3.430000066757202,155800
2024-07-05,3.027939558029175,3.359999895095825,3.490000009536743,3.3399999141693115,3.490000009536743,368300
2024-07-08,3.1180567741394043,3.4600000381469727,3.4700000286102295,3.380000114440918,3.4000000953674316,304900
2024-07-09,3.018927812576294,3.3499999046325684,3.440000057220459,3.3399999141693115,3.440000057220459,288900
2024-07-10,3.072998523712158,3.4100000858306885,3.4149999618530273,3.3399999141693115,3.4000000953674316,256900
2024-07-11,3.4154438972473145,3.7899999618530273,3.809999942779541,3.4600000381469727,3.5,453200
2024-07-12,3.4244556427001953,3.799999952316284,3.9100000858306885,3.799999952316284,3.8499999046325684,463200
2024-07-15,3.5956783294677734,3.990000009536743,3.990000009536743,3.859999895095825,3.880000114440918,475200
2024-07-16,3.75788950920105,4.170000076293945,4.170000076293945,4.0,4.03000020980835,395700
2024-07-17,3.7308542728424072,4.139999866485596,4.230000019073486,4.09499979019165,4.150000095367432,397400
2024-07-18,3.6046903133392334,4.0,4.224999904632568,3.9749999046325684,4.110000133514404,304400
2024-07-19,3.5866665840148926,3.9800000190734863,4.005000114440918,3.930999994277954,4.0,306400
2024-07-22,3.7128307819366455,4.119999885559082,4.139999866485596,3.934999942779541,4.010000228881836,232500
2024-07-23,3.685796022415161,4.090000152587891,4.15500020980835,4.050000190734863,4.070000171661377,261900
2024-07-24,3.6407370567321777,4.039999961853027,4.199999809265137,4.039999961853027,4.070000171661377,273400
2024-07-25,3.685796022415161,4.090000152587891,4.203000068664551,4.014999866485596,4.079999923706055,334300
2024-07-26,3.802947521209717,4.21999979019165,4.230000019073486,4.119999885559082,4.210000038146973,245800
2024-07-29,3.5866665840148926,3.9800000190734863,4.21999979019165,3.950000047683716,4.21999979019165,694900
2024-07-30,3.7038190364837646,4.110000133514404,4.130000114440918,3.9679999351501465,4.010000228881836,230400
2024-07-31,3.6497488021850586,4.050000190734863,4.239999771118164,4.050000190734863,4.139999866485596,340500
2024-08-01,3.6046903133392334,4.0,4.139999866485596,3.9100000858306885,4.079999923706055,248800
2024-08-02,3.4695141315460205,3.8499999046325684,3.9700000286102295,3.8399999141693115,3.890000104904175,226900
2024-08-05,3.3343381881713867,3.700000047683716,3.75,3.5799999237060547,3.700000047683716,361000
2024-08-06,3.4154438972473145,3.7899999618530273,3.859999895095825,3.640000104904175,3.7200000286102295,195500
2024-08-07,3.379396677017212,3.75,3.930000066757202,3.680000066757202,3.930000066757202,318900
2024-08-08,3.4695141315460205,3.8499999046325684,3.884999990463257,3.75,3.799999952316284,288900
2024-08-09,3.38840913772583,3.759999990463257,3.8949999809265137,3.609999895095825,3.809999942779541,362300
2024-08-12,3.2352092266082764,3.5899999141693115,3.759999990463257,3.5,3.759999990463257,425900
2024-08-13,3.3343381881713867,3.700000047683716,3.7300000190734863,3.5899999141693115,3.640000104904175,194600
2024-08-14,3.2982914447784424,3.6600000858306885,3.740000009536743,3.640000104904175,3.7300000190734863,139300
2024-08-15,3.3523619174957275,3.7200000286102295,3.809999942779541,3.680000066757202,3.75,236800
2024-08-16,3.3433499336242676,3.7100000381469727,3.7699999809265137,3.6600000858306885,3.7100000381469727,258000
2024-08-19,3.442478895187378,3.819999933242798,3.8299999237060547,3.700000047683716,3.7100000381469727,244300
2024-08-20,3.3974204063415527,3.7699999809265137,3.8299999237060547,3.759999990463257,3.799999952316284,143800
2024-08-21,3.433467149734497,3.809999942779541,3.8299999237060547,3.7300000190734863,3.809999942779541,118300
2024-08-22,3.37038516998291,3.740000009536743,3.809999942779541,3.734999895095825,3.799999952316284,165400
2024-08-23,3.676783561706543,4.079999923706055,4.079999923706055,3.7880001068115234,3.7899999618530273,299400
2024-08-26,3.7308542728424072,4.139999866485596,4.28000020980835,4.119999885559082,4.119999885559082,369000
2024-08-27,3.7128307819366455,4.119999885559082,4.195000171661377,4.059999942779541,4.099999904632568,208000
2024-08-28,3.6407370567321777,4.039999961853027,4.135000228881836,4.039999961853027,4.099999904632568,199300
2024-08-29,3.7669014930725098,4.179999828338623,4.215000152587891,4.025000095367432,4.099999904632568,212500
2024-08-30,3.694807529449463,4.099999904632568,4.244999885559082,4.059999942779541,4.199999809265137,383400
2024-09-03,3.5776546001434326,3.9700000286102295,4.135000228881836,3.9600000381469727,4.099999904632568,315700
2024-09-04,3.6137022972106934,4.010000228881836,4.099999904632568,3.940000057220459,3.9700000286102295,242200
2024-09-05,3.5325965881347656,3.9200000762939453,4.074999809265137,3.9149999618530273,4.050000190734863,357900
2024-09-06,3.676783561706543,4.079999923706055,4.125,3.924999952316284,3.9600000381469727,223200
2024-09-09,3.514572858810425,3.9000000953674316,4.079999923706055,3.9000000953674316,4.059999942779541,231400
2024-09-10,3.5956783294677734,3.990000009536743,4.021999835968018,3.869999885559082,3.930000066757202,189000
2024-09-11,3.523585081100464,3.9100000858306885,3.9749999046325684,3.8499999046325684,3.9700000286102295,193400
2024-09-12,3.56864333152771,3.9600000381469727,4.005000114440918,3.924999952316284,3.9600000381469727,162700
2024-09-13,3.7398664951324463,4.150000095367432,4.170000076293945,4.034999847412109,4.050000190734863,282700
2024-09-16,3.75788950920105,4.170000076293945,4.199999809265137,4.050000190734863,4.170000076293945,278700
2024-09-17,3.802947521209717,4.21999979019165,4.369999885559082,4.144999980926514,4.199999809265137,313300
2024-09-18,3.784924030303955,4.199999809265137,4.389999866485596,4.179999828338623,4.25,282300
2024-09-19,3.8480072021484375,4.269999980926514,4.300000190734863,4.144999980926514,4.300000190734863,217100
2024-09-20,3.6677727699279785,4.070000171661377,4.264999866485596,4.070000171661377,4.199999809265137,1847400
2024-09-23,3.685796022415161,4.090000152587891,4.159999847412109,4.070000171661377,4.090000152587891,262200
2024-09-24,3.7398664951324463,4.150000095367432,4.199999809265137,4.099999904632568,4.099999904632568,357300
2024-09-25,3.694807529449463,4.099999904632568,4.150000095367432,4.059999942779541,4.150000095367432,192500
2024-09-26,3.7218427658081055,4.130000114440918,4.21999979019165,4.130000114440918,4.150000095367432,176700
2024-09-27,3.6587605476379395,4.059999942779541,4.244999885559082,4.019999980926514,4.21999979019165,443900
2024-09-30,3.6957178115844727,4.0,4.010000228881836,3.880000114440918,3.940000057220459,299800
2024-10-01,3.510931968688965,3.799999952316284,3.9800000190734863,3.799999952316284,3.9800000190734863,316000
2024-10-02,3.4832139015197754,3.7699999809265137,3.8489999771118164,3.759999990463257,3.799999952316284,175000
2024-10-03,3.4000604152679443,3.680000066757202,3.7850000858306885,3.680000066757202,3.759999990463257,230100
2024-10-04,3.455496311187744,3.740000009536743,3.8299999237060547,3.7149999141693115,3.759999990463257,219700
2024-10-07,3.4739747047424316,3.759999990463257,3.7790000438690186,3.7049999237060547,3.75,184000
2024-10-08,3.455496311187744,3.740000009536743,3.7850000858306885,3.7070000171661377,3.7300000190734863,148500
2024-10-09,3.4647350311279297,3.75,3.7950000762939453,3.7200000286102295,3.7300000190734863,165400
2024-10-10,3.4462568759918213,3.7300000190734863,3.799999952316284,3.700000047683716,3.7100000381469727,205700
2024-10-11,3.501692295074463,3.7899999618530273,3.8010001182556152,3.75,3.75,121100
2024-10-14,3.6125640869140625,3.9100000858306885,3.9700000286102295,3.859999895095825,3.890000104904175,319600
2024-10-15,3.8712637424468994,4.190000057220459,4.28000020980835,3.950000047683716,3.950000047683716,626000
2024-10-16,3.991375207901001,4.320000171661377,4.320000171661377,4.235000133514404,4.239999771118164,522100
2024-10-17,3.9359395503997803,4.260000228881836,4.320000171661377,4.230000019073486,4.320000171661377,219600
2024-10-18,3.9082210063934326,4.230000019073486,4.300000190734863,4.190000057220459,4.289999961853027,265000
2024-10-21,3.806589126586914,4.119999885559082,4.239999771118164,4.099999904632568,4.230000019073486,263700
2024-10-22,3.8250675201416016,4.139999866485596,4.184999942779541,4.110000133514404,4.110000133514404,146600
2024-10-23,3.68647837638855,3.990000009536743,4.130000114440918,3.990000009536743,4.099999904632568,311200
2024-10-24,3.6033248901367188,3.9000000953674316,4.019999980926514,3.880000114440918,4.010000228881836,345700
2024-10-25,3.538649797439575,3.8299999237060547,3.9749999046325684,3.8299999237060547,3.9200000762939453,209600
2024-10-28,3.631042718887329,3.930000066757202,3.950000047683716,3.869999885559082,3.9000000953674316,190700
2024-10-29,3.57560658454895,3.869999885559082,3.9000000953674316,3.819999933242798,3.890000104904175,239500
2024-10-30,3.547888994216919,3.8399999141693115,3.9600000381469727,3.8350000381469727,3.869999885559082,181600
2024-10-31,3.4462568759918213,3.7300000190734863,3.8299999237060547,3.7300000190734863,3.8299999237060547,211400
2024-11-01,3.4370176792144775,3.7200000286102295,3.799999952316284,3.6700000762939453,3.7899999618530273,251600
2024-11-04,3.4462568759918213,3.7300000190734863,3.7899999618530273,3.7049999237060547,3.7200000286102295,256400
2024-11-05,3.5201711654663086,3.809999942779541,3.8299999237060547,3.700000047683716,3.7100000381469727,202800
2024-11-06,3.6957178115844727,4.0,4.090000152587891,3.9100000858306885,4.0,390800
2024-11-07,3.667999744415283,3.9700000286102295,4.050000190734863,3.9200000762939453,4.010000228881836,331200
2024-11-08,3.7603933811187744,4.070000171661377,4.125,3.875,3.950000047683716,279700
2024-11-11,3.7049572467803955,4.010000228881836,4.119999885559082,3.9800000190734863,4.110000133514404,316600
2024-11-12,3.584846019744873,3.880000114440918,4.0,3.859999895095825,3.9700000286102295,244200
2024-11-13,3.547888994216919,3.8399999141693115,4.010000228881836,3.8399999141693115,3.930000066757202,274700
2024-11-14,3.5663673877716064,3.859999895095825,3.950000047683716,3.8499999046325684,3.880000114440918,229200
2024-11-15,3.538649797439575,3.8299999237060547,3.9200000762939453,3.815000057220459,3.9000000953674316,313000
2024-11-18,3.501692295074463,3.7899999618530273,3.8499999046325684,3.7899999618530273,3.8399999141693115,240000
2024-11-19,3.6125640869140625,3.9100000858306885,3.9100000858306885,3.759999990463257,3.759999990463257,198500
2024-11-20,3.538649797439575,3.8299999237060547,3.9049999713897705,3.75,3.880000114440918,199400
2024-11-21,3.7049572467803955,4.010000228881836,4.119999885559082,3.815000057220459,3.8499999046325684,396300
2024-11-22,3.7603933811187744,4.070000171661377,4.105000019073486,4.03000020980835,4.03000020980835,260400
2024-11-25,3.8343074321746826,4.150000095367432,4.239999771118164,4.13100004196167,4.159999847412109,354800
2024-11-26,3.8712637424468994,4.190000057220459,4.224999904632568,4.099999904632568,4.099999904632568,209300
2024-11-27,3.8805031776428223,4.199999809265137,4.300000190734863,4.175000190734863,4.21999979019165,231300
2024-11-29,3.9082210063934326,4.230000019073486,4.289999961853027,4.210000038146973,4.269999980926514,404500
2024-12-02,3.8712637424468994,4.190000057220459,4.25,4.119999885559082,4.21999979019165,632400
2024-12-03,3.7696316242218018,4.079999923706055,4.179999828338623,4.034999847412109,4.179999828338623,241800
2024-12-04,3.723435640335083,4.03000020980835,4.110000133514404,4.010000228881836,4.079999923706055,243500
2024-12-05,3.7049572467803955,4.010000228881836,4.059000015258789,3.990000009536743,4.010000228881836,171800
2024-12-06,3.7419145107269287,4.050000190734863,4.070000171661377,3.990000009536743,4.050000190734863,162800
2024-12-09,3.778871536254883,4.090000152587891,4.179999828338623,4.059999942779541,4.059999942779541,288600
2024-12-10,3.7419145107269287,4.050000190734863,4.110000133514404,4.0,4.110000133514404,232200
2024-12-11,3.7326748371124268,4.039999961853027,4.090000152587891,4.0,4.090000152587891,317900
2024-12-12,3.71419620513916,4.019999980926514,4.070000171661377,4.010000228881836,4.010000228881836,239000
2024-12-13,3.68647837638855,3.990000009536743,4.03000020980835,3.950000047683716,4.03000020980835,280700
2024-12-16,3.71419620513916,4.019999980926514,4.110000133514404,3.9800000190734863,3.990000009536743,200500
2024-12-17,3.723435640335083,4.03000020980835,4.070000171661377,3.9700000286102295,4.019999980926514,245700
2024-12-18,3.4739747047424316,3.759999990463257,4.070000171661377,3.75,4.070000171661377,469300
2024-12-19,3.4739747047424316,3.759999990463257,3.8450000286102295,3.755000114440918,3.809999942779541,403100
2024-12-20,3.5571281909942627,3.8499999046325684,3.924999952316284,3.75,3.75,623200
2024-12-23,3.584846019744873,3.880000114440918,3.884999990463257,3.815000057220459,3.8499999046325684,386800
2024-12-24,3.538649797439575,3.8299999237060547,3.880000114440918,3.805000066757202,3.880000114440918,349900
2024-12-26,3.5663673877716064,3.859999895095825,3.9049999713897705,3.7709999084472656,3.8299999237060547,872900
2024-12-27,3.4647350311279297,3.75,3.869999885559082,3.7200000286102295,3.8399999141693115,457900
2024-12-30,3.4462568759918213,3.7300000190734863,3.734999895095825,3.6549999713897705,3.7200000286102295,408800
2024-12-31,3.522207260131836,3.7100000381469727,3.75,3.640000104904175,3.690000057220459,518100
2025-01-02,3.5127131938934326,3.700000047683716,3.760999917984009,3.6600000858306885,3.7300000190734863,279100
2025-01-03,3.645627021789551,3.8399999141693115,3.859999895095825,3.700000047683716,3.740000009536743,246300
2025-01-06,3.7310712337493896,3.930000066757202,4.034999847412109,3.865999937057495,3.930000066757202,457900
2025-01-07,3.7215774059295654,3.9200000762939453,4.050000190734863,3.8949999809265137,3.9800000190734863,322200
2025-01-08,3.6741080284118652,3.869999885559082,3.9200000762939453,3.819999933242798,3.9000000953674316,440000
2025-01-10,3.617145538330078,3.809999942779541,3.869999885559082,3.75,3.869999885559082,440200
2025-01-13,3.6266391277313232,3.819999933242798,3.8299999237060547,3.7149999141693115,3.75,270900
2025-01-14,3.693096399307251,3.890000104904175,3.9749999046325684,3.8410000801086426,3.8499999046325684,430400
2025-01-15,3.7595529556274414,3.9600000381469727,4.070000171661377,3.930000066757202,4.039999961853027,343300
2025-01-16,3.788034200668335,3.990000009536743,4.010000228881836,3.930000066757202,3.940000057220459,212600
2025-01-17,3.7310712337493896,3.930000066757202,4.048999786376953,3.864000082015991,4.039999961853027,296800
2025-01-21,3.8449974060058594,4.050000190734863,4.150000095367432,3.990000009536743,4.0,282600
2025-01-22,3.7120838165283203,3.9100000858306885,4.050000190734863,3.9100000858306885,4.039999961853027,222700
2025-01-23,3.6266391277313232,3.819999933242798,3.924999952316284,3.809999942779541,3.9100000858306885,368700
2025-01-24,3.664614677429199,3.859999895095825,3.9200000762939453,3.819999933242798,3.8499999046325684,268900
2025-01-27,3.7690465450286865,3.9700000286102295,4.0,3.8499999046325684,3.859999895095825,355100
2025-01-28,3.7120838165283203,3.9100000858306885,4.005000114440918,3.9000000953674316,3.9700000286102295,243000
2025-01-29,3.6741080284118652,3.869999885559082,3.934999942779541,3.8299999237060547,3.9000000953674316,313300
2025-01-30,3.8544907569885254,4.059999942779541,4.099999904632568,3.9200000762939453,3.9200000762939453,327400
2025-01-31,3.8449974060058594,4.050000190734863,4.110000133514404,4.0,4.039999961853027,366600
2025-02-03,3.797528028488159,4.0,4.085000038146973,3.9600000381469727,3.9600000381469727,277100
2025-02-04,3.8449974060058594,4.050000190734863,4.070000171661377,3.9649999141693115,3.990000009536743,168800
2025-02-05,3.882972478866577,4.090000152587891,4.110000133514404,4.045000076293945,4.090000152587891,157700
2025-02-06,3.863985300064087,4.070000171661377,4.119999885559082,4.03000020980835,4.119999885559082,161300
2025-02-07,3.826009750366211,4.03000020980835,4.059999942779541,3.9600000381469727,4.059999942779541,190700
2025-02-10,3.8449974060058594,4.050000190734863,4.079999923706055,3.9800000190734863,4.03000020980835,192000
2025-02-11,3.8544907569885254,4.059999942779541,4.070000171661377,3.9800000190734863,4.0,187900
2025-02-12,3.826009750366211,4.03000020980835,4.054999828338623,3.9600000381469727,3.9700000286102295,182000
2025-02-13,3.8924663066864014,4.099999904632568,4.099999904632568,3.9800000190734863,4.070000171661377,198800
2025-02-14,3.826009750366211,4.03000020980835,4.150000095367432,4.019999980926514,4.110000133514404,165000
2025-02-18,3.8924663066864014,4.099999904632568,4.099999904632568,4.025000095367432,4.050000190734863,208500
2025-02-19,3.882972478866577,4.090000152587891,4.110000133514404,4.039999961853027,4.079999923706055,198100
2025-02-20,3.9114537239074707,4.119999885559082,4.135000228881836,4.054999828338623,4.079999923706055,211000
2025-02-21,3.826009750366211,4.03000020980835,4.150000095367432,4.010000228881836,4.150000095367432,174300
2025-02-24,3.9114537239074707,4.119999885559082,4.159999847412109,4.039999961853027,4.059999942779541,173700
2025-02-25,3.9399354457855225,4.150000095367432,4.179999828338623,4.125,4.130000114440918,206400
2025-02-26,3.882972478866577,4.090000152587891,4.159999847412109,4.050000190734863,4.159999847412109,138800
2025-02-27,3.863985300064087,4.070000171661377,4.15500020980835,4.050000190734863,4.070000171661377,243700
2025-02-28,3.9114537239074707,4.119999885559082,4.130000114440918,4.039999961853027,4.079999923706055,327300
2025-03-03,3.9019603729248047,4.110000133514404,4.25,4.099999904632568,4.130000114440918,349400
2025-03-04,3.797528028488159,4.0,4.119999885559082,4.0,4.079999923706055,245400
2025-03-05,3.655120372772217,3.8499999046325684,4.070000171661377,3.8499999046325684,4.019999980926514,569200
2025-03-06,2.5823192596435547,2.7200000286102295,3.2899999618530273,2.561000108718872,3.234999895095825,4016800
2025-03-07,2.373455286026001,2.5,2.680000066757202,2.3399999141693115,2.6600000858306885,2766200
2025-03-10,2.2595291137695312,2.380000114440918,2.5799999237060547,2.380000114440918,2.450000047683716,1142000
2025-03-11,2.3069982528686523,2.430000066757202,2.4700000286102295,2.305000066757202,2.390000104904175,1433100
2025-03-12,2.2120602130889893,2.3299999237060547,2.5399999618530273,2.299999952316284,2.4600000381469727,1225900
2025-03-13,2.1835784912109375,2.299999952316284,2.390000104904175,2.200000047683716,2.3299999237060547,1127100
2025-03-14,2.278517007827759,2.4000000953674316,2.440000057220459,2.3299999237060547,2.4000000953674316,805200
2025-03-17,2.3639609813690186,2.490000009536743,2.505000114440918,2.365000009536743,2.4000000953674316,1005600
2025-03-18,2.2215540409088135,2.3399999141693115,2.5350000858306885,2.3399999141693115,2.4600000381469727,1087200
2025-03-19,2.2215540409088135,2.3399999141693115,2.390000104904175,2.325000047683716,2.3399999141693115,652000
2025-03-20,2.2310478687286377,2.3499999046325684,2.390000104904175,2.3399999141693115,2.3499999046325684,700100
2025-03-21,2.193072557449341,2.309999942779541,2.369999885559082,2.2809998989105225,2.3399999141693115,1013200
2025-03-24,2.1361095905303955,2.25,2.390000104904175,2.2300000190734863,2.3499999046325684,608300
2025-03-25,2.031677484512329,2.140000104904175,2.240000009536743,2.119999885559082,2.240000009536743,942300
2025-03-26,2.0886404514312744,2.200000047683716,2.2149999141693115,2.0999999046325684,2.0999999046325684,1017800
2025-03-27,2.107628107070923,2.2200000286102295,2.2899999618530273,2.194999933242798,2.2100000381469727,410500
2025-03-28,2.0506651401519775,2.1600000858306885,2.259999990463257,2.1500000953674316,2.2200000286102295,486100
2025-03-31,2.0506651401519775,2.140000104904175,2.1700000762939453,2.0799999237060547,2.140000104904175,718500
2025-04-01,2.0315001010894775,2.119999885559082,2.1700000762939453,2.0829999446868896,2.1700000762939453,504600
2025-04-02,1.9644222259521484,2.049999952316284,2.119999885559082,1.9800000190734863,2.0799999237060547,693400
2025-04-03,1.7631888389587402,1.840000033378601,2.009999990463257,1.840000033378601,1.9800000190734863,688400
2025-04-04,1.7727712392807007,1.850000023841858,1.8799999952316284,1.7400000095367432,1.7899999618530273,951100
2025-04-07,1.6290332078933716,1.7000000476837158,1.8849999904632568,1.6699999570846558,1.8200000524520874,1059500
2025-04-08,1.5332075357437134,1.600000023841858,1.7899999618530273,1.5800000429153442,1.75,668200
2025-04-09,1.6769459247589111,1.75,1.8250000476837158,1.5,1.590000033378601,1052200
2025-04-10,1.4852948188781738,1.5499999523162842,1.7300000190734863,1.5299999713897705,1.7300000190734863,674400
2025-04-11,1.542790174484253,1.6100000143051147,1.6699999570846558,1.5800000429153442,1.6200000047683716,729000
2025-04-14,1.514042615890503,1.5800000429153442,1.6749999523162842,1.5199999809265137,1.659999966621399,925100
2025-04-15,1.4565471410751343,1.5199999809265137,1.625,1.5,1.600000023841858,1160700
2025-04-16,1.514042615890503,1.5800000429153442,1.590000033378601,1.4600000381469727,1.5299999713897705,1152400
2025-04-17,1.552372694015503,1.6200000047683716,1.649999976158142,1.590000033378601,1.600000023841858,631200
2025-04-21,1.5715378522872925,1.6399999856948853,1.659999966621399,1.5700000524520874,1.6100000143051147,477600
2025-04-22,1.638615608215332,1.7100000381469727,1.7200000286102295,1.6200000047683716,1.6699999570846558,455000
2025-04-23,1.6769459247589111,1.75,1.7899999618530273,1.6990000009536743,1.7799999713897705,640100
2025-04-24,1.7056933641433716,1.7799999713897705,1.809999942779541,1.7020000219345093,1.7599999904632568,335700
2025-04-25,1.6769459247589111,1.75,1.7999999523162842,1.7300000190734863,1.7999999523162842,305800
2025-04-28,1.6673634052276611,1.7400000095367432,1.774999976158142,1.7050000429153442,1.7300000190734863,235200
2025-04-29,1.6865283250808716,1.7599999904632568,1.7799999713897705,1.7050000429153442,1.75,255600
2025-04-30,1.7536062002182007,1.8300000429153442,1.840000033378601,1.7200000286102295,1.7599999904632568,383300
2025-05-01,1.8206840753555298,1.899999976158142,1.9199999570846558,1.7929999828338623,1.850000023841858,461800
2025-05-02,1.8781794309616089,1.9600000381469727,1.975000023841858,1.909999966621399,1.909999966621399,325400
2025-05-05,1.9069269895553589,1.9900000095367432,2.0199999809265137,1.9199999570846558,1.9199999570846558,318200
2025-05-06,1.8877619504928589,1.9700000286102295,1.9900000095367432,1.940000057220459,1.9800000190734863,216400
2025-05-07,1.9069269895553589,1.9900000095367432,2.0199999809265137,1.9600000381469727,1.9700000286102295,370600
2025-05-08,1.8590141534805298,1.940000057220459,2.055000066757202,1.7999999523162842,2.049999952316284,915100
2025-05-09,1.9260920286178589,2.009999990463257,2.009999990463257,1.899999976158142,1.9500000476837158,410200
2025-05-12,2.0410828590393066,2.130000114440918,2.1700000762939453,2.069999933242798,2.0799999237060547,589000
2025-05-13,2.0698301792144775,2.1600000858306885,2.184999942779541,2.119999885559082,2.180000066757202,306200
2025-05-14,1.8973444700241089,1.9800000190734863,2.1459999084472656,1.940000057220459,2.140000104904175,572000
2025-05-15,1.8973444700241089,1.9800000190734863,1.9900000095367432,1.9299999475479126,1.9700000286102295,281000
2025-05-16,1.8685969114303589,1.9500000476837158,2.0160000324249268,1.9450000524520874,1.9900000095367432,414200
2025-05-19,1.7823539972305298,1.8600000143051147,1.9199999570846558,1.8350000381469727,1.8899999856948853,458800
2025-05-20,1.7152760028839111,1.7899999618530273,1.8700000047683716,1.7350000143051147,1.850000023841858,520800
2025-05-21,1.638615608215332,1.7100000381469727,1.7899999618530273,1.6799999475479126,1.7400000095367432,718300
2025-05-22,1.657780647277832,1.7300000190734863,1.7350000143051147,1.6299999952316284,1.7100000381469727,738000
2025-05-23,1.6961109638214111,1.7699999809265137,1.7899999618530273,1.7100000381469727,1.7899999618530273,587600
2025-05-27,1.8111014366149902,1.8899999856948853,1.909999966621399,1.75,1.850000023841858,611300
2025-05-28,1.7152760028839111,1.7899999618530273,1.909999966621399,1.75,1.909999966621399,581000
2025-05-29,1.7344410419464111,1.809999942779541,1.8380000591278076,1.7549999952316284,1.7699999809265137,430700
2025-05-30,1.8302664756774902,1.909999966621399,1.9700000286102295,1.781000018119812,1.809999942779541,3359200
2025-06-02,1.8015190362930298,1.8799999952316284,1.9500000476837158,1.8600000143051147,1.899999976158142,884500
2025-06-03,1.9356745481491089,2.0199999809265137,2.0450000762939453,1.8799999952316284,1.8899999856948853,382000
2025-06-04,1.9835872650146484,2.069999933242798,2.0799999237060547,2.0,2.0299999713897705,299000
2025-06-05,1.9452571868896484,2.0299999713897705,2.049999952316284,2.0,2.049999952316284,325800
2025-06-06,2.0123348236083984,2.0999999046325684,2.13700008392334,2.069999933242798,2.069999933242798,417000
2025-06-09,2.0410828590393066,2.130000114440918,2.130000114440918,2.049999952316284,2.109999895095825,195400
2025-06-10,2.0985779762268066,2.190000057220459,2.200000047683716,2.109999895095825,2.1700000762939453,557300
2025-06-11,1.9069269895553589,1.9900000095367432,2.240000009536743,1.9700000286102295,2.200000047683716,728800
2025-06-12,1.8494316339492798,1.9299999475479126,2.009000062942505,1.9199999570846558,1.9800000190734863,411600
2025-06-13,1.8302664756774902,1.909999966621399,1.9490000009536743,1.8799999952316284,1.909999966621399,404300
2025-06-16,1.8973444700241089,1.9800000190734863,2.0,1.909999966621399,1.9199999570846558,438400
2025-06-17,1.8877619504928589,1.9700000286102295,2.0,1.9299999475479126,1.9800000190734863,379700
2025-06-18,1.8302664756774902,1.909999966621399,2.015000104904175,1.8700000047683716,1.9600000381469727,651700
2025-06-20,1.9356745481491089,2.0199999809265137,2.200000047683716,1.8949999809265137,1.9199999570846558,1576100
2025-06-23,2.328559160232544,2.430000066757202,2.450000047683716,2.0799999237060547,2.119999885559082,1762400
2025-06-24,2.1369078159332275,2.2300000190734863,2.430000066757202,2.2300000190734863,2.4200000762939453,734400
2025-06-25,2.1656558513641357,2.259999990463257,2.259999990463257,2.194999933242798,2.2200000286102295,870100
2025-06-26,2.1656558513641357,2.259999990463257,2.319999933242798,2.2249999046325684,2.2950000762939453,564700
2025-06-27,2.0794131755828857,2.1700000762939453,2.2699999809265137,2.140000104904175,2.259999990463257,8659600
2025-06-30,2.0600695610046387,2.130000114440918,2.259999990463257,2.130000114440918,2.1600000858306885,1066200
2025-07-01,2.1954729557037354,2.2699999809265137,2.2899999618530273,2.0999999046325684,2.119999885559082,1393200
2025-07-02,2.292189598083496,2.369999885559082,2.4000000953674316,2.2300000190734863,2.259999990463257,633400
2025-07-03,2.311533212661743,2.390000104904175,2.4079999923706055,2.315000057220459,2.390000104904175,210200
2025-07-07,2.2631752490997314,2.3399999141693115,2.369999885559082,2.2899999618530273,2.3299999237060547,383200
2025-07-08,2.3018617630004883,2.380000114440918,2.390000104904175,2.3299999237060547,2.3299999237060547,327100
2025-07-09,2.292189598083496,2.369999885559082,2.3910000324249268,2.3299999237060547,2.369999885559082,200000
2025-07-10,2.292189598083496,2.369999885559082,2.4049999713897705,2.2899999618530273,2.2899999618530273,570300
2025-07-11,2.2244880199432373,2.299999952316284,2.359999895095825,2.299999952316284,2.319999933242798,251800
2025-07-14,2.311533212661743,2.390000104904175,2.390000104904175,2.2899999618530273,2.299999952316284,198600
2025-07-15,2.2631752490997314,2.3399999141693115,2.4200000762939453,2.3350000381469727,2.4000000953674316,201400
2025-07-16,2.37923526763916,2.4600000381469727,2.4700000286102295,2.3550000190734863,2.369999885559082,393400
2025-07-17,2.475951671600342,2.559999942779541,2.609999895095825,2.4200000762939453,2.4200000762939453,1095200
2025-07-18,2.466280221939087,2.549999952316284,2.6050000190734863,2.494999885559082,2.5899999141693115,341200
2025-07-21,2.475951671600342,2.559999942779541,2.619999885559082,2.5399999618530273,2.5899999141693115,320400
2025-07-22,2.533982038497925,2.619999885559082,2.6600000858306885,2.5350000858306885,2.5899999141693115,415300
2025-07-23,2.6016838550567627,2.690000057220459,2.700000047683716,2.5799999237060547,2.6600000858306885,463600
2025-07-24,2.6693859100341797,2.759999990463257,2.7699999809265137,2.619999885559082,2.6600000858306885,571000
2025-07-25,2.6403706073760986,2.7300000190734863,2.75,2.6549999713897705,2.75,237500
2025-07-28,2.524310350418091,2.609999895095825,2.7699999809265137,2.575000047683716,2.75,373300
2025-07-29,2.562997341156006,2.6500000953674316,2.6600000858306885,2.5799999237060547,2.5999999046325684,287400
2025-07-30,2.57266902923584,2.6600000858306885,2.700000047683716,2.619999885559082,2.630000114440918,336400
2025-07-31,2.533982038497925,2.619999885559082,2.6449999809265137,2.5799999237060547,2.630000114440918,239800
2025-08-01,2.504966974258423,2.5899999141693115,2.7200000286102295,2.509999990463257,2.5899999141693115,644600
2025-08-04,2.475951671600342,2.559999942779541,2.6050000190734863,2.5299999713897705,2.5799999237060547,234300
2025-08-05,2.466280221939087,2.549999952316284,2.569999933242798,2.515000104904175,2.549999952316284,193800
2025-08-06,2.475951671600342,2.559999942779541,2.5799999237060547,2.509999990463257,2.559999942779541,300000
2025-08-07,2.446936845779419,2.5299999713897705,2.690000057220459,2.440000057220459,2.680000066757202,442300
2025-08-08,2.495295524597168,2.5799999237060547,2.880000114440918,2.5399999618530273,2.5399999618530273,682400
2025-08-11,2.485623598098755,2.569999933242798,2.677999973297119,2.549999952316284,2.5799999237060547,357100
2025-08-12,2.485623598098755,2.569999933242798,2.5999999046325684,2.5209999084472656,2.5999999046325684,335900
2025-08-13,2.504966974258423,2.5899999141693115,2.5999999046325684,2.5450000762939453,2.559999942779541,282700
2025-08-14,2.485623598098755,2.569999933242798,2.5850000381469727,2.494999885559082,2.549999952316284,456100
2025-08-15,2.427593946456909,2.509999990463257,2.5799999237060547,2.494999885559082,2.569999933242798,1050400
2025-08-18,2.427593946456909,2.509999990463257,2.555000066757202,2.5,2.509999990463257,353000
2025-08-19,2.562997341156006,2.6500000953674316,2.684999942779541,2.5299999713897705,2.5299999713897705,362100
2025-08-20,2.6210272312164307,2.7100000381469727,2.7300000190734863,2.619999885559082,2.6700000762939453,272700
2025-08-21,2.6403706073760986,2.7300000190734863,2.759999990463257,2.680000066757202,2.690000057220459,218700
2025-08-22,2.6984007358551025,2.7899999618530273,2.8499999046325684,2.7100000381469727,2.75,265600
2025-08-25,2.7080726623535156,2.799999952316284,2.819999933242798,2.7300000190734863,2.759999990463257,241400
2025-08-26,2.7080726623535156,2.799999952316284,2.809999942779541,2.759999990463257,2.7799999713897705,179000
2025-08-27,2.7951178550720215,2.890000104904175,2.924999952316284,2.7799999713897705,2.7799999713897705,378600
2025-08-28,2.7757742404937744,2.869999885559082,2.990000009536743,2.819999933242798,2.890000104904175,394300
2025-08-29,2.8724913597106934,2.9700000286102295,3.009999990463257,2.9000000953674316,2.9100000858306885,371300
2025-09-02,2.8821628093719482,2.9800000190734863,2.984999895095825,2.9230000972747803,2.930000066757202,329500
2025-09-03,2.8628196716308594,2.9600000381469727,2.990000009536743,2.9000000953674316,2.9800000190734863,185400
2025-09-04,2.8531477451324463,2.950000047683716,2.9600000381469727,2.9000000953674316,2.950000047683716,180500
2025-09-05,2.9111781120300293,3.009999990463257,3.009999990463257,2.930000066757202,2.9700000286102295,245400
2025-09-08,2.940192937850952,3.0399999618530273,3.049999952316284,2.950000047683716,3.0,238100
2025-09-09,2.9015064239501953,3.0,3.0199999809265137,2.930000066757202,3.009999990463257,165600
2025-09-10,2.8338046073913574,2.930000066757202,3.0399999618530273,2.930000066757202,3.0,204500
2025-09-11,2.8434762954711914,2.940000057220459,2.990000009536743,2.9149999618530273,2.940000057220459,298500
2025-09-12,2.8821628093719482,2.9800000190734863,2.990000009536743,2.9000000953674316,2.930000066757202,223300
2025-09-15,2.8144612312316895,2.9100000858306885,2.9700000286102295,2.890000104904175,2.930000066757202,204300
2025-09-16,2.7757742404937744,2.869999885559082,2.9100000858306885,2.8499999046325684,2.9100000858306885,162000
2025-09-17,2.6210272312164307,2.7100000381469727,2.890000104904175,2.7100000381469727,2.859999895095825,506200
2025-09-18,2.6984007358551025,2.7899999618530273,2.799999952316284,2.6700000762939453,2.7100000381469727,350800
2025-09-19,2.6403706073760986,2.7300000190734863,2.799999952316284,2.7100000381469727,2.7899999618530273,259700
2025-09-22,2.8047893047332764,2.9000000953674316,2.934999942779541,2.700000047683716,2.700000047683716,238000
2025-09-23,2.7370877265930176,2.8299999237060547,2.8919999599456787,2.799999952316284,2.880000114440918,188600
2025-09-24,2.7467594146728516,2.8399999141693115,2.880000114440918,2.815000057220459,2.8399999141693115,145600
2025-09-25,2.6693859100341797,2.759999990463257,2.825000047683716,2.759999990463257,2.7899999618530273,146200
2025-09-26,2.6597142219543457,2.75,2.7799999713897705,2.7300000190734863,2.7699999809265137,86900
2025-09-29,2.611355781555176,2.700000047683716,2.7730000019073486,2.700000047683716,2.7699999809265137,95600
2025-09-30,2.6308436393737793,2.700000047683716,2.7230000495910645,2.674999952316284,2.680000066757202,185700
2025-10-01,2.669818878173828,2.740000009536743,2.759999990463257,2.680000066757202,2.680000066757202,98300
2025-10-02,2.6210994720458984,2.690000057220459,2.7249999046325684,2.6700000762939453,2.7200000286102295,183900
2025-10-03,2.5918681621551514,2.6600000858306885,2.7760000228881836,2.630000114440918,2.680000066757202,167700
2025-10-06,2.523660898208618,2.5899999141693115,2.6600000858306885,2.569999933242798,2.630000114440918,220600
2025-10-07,2.4846854209899902,2.549999952316284,2.5950000286102295,2.5399999618530273,2.569999933242798,224800
2025-10-08,2.465197801589966,2.5299999713897705,2.569999933242798,2.5199999809265137,2.549999952316284,247700
2025-10-09,2.4359662532806396,2.5,2.562999963760376,2.4700000286102295,2.5199999809265137,223100
2025-10-10,2.3775031566619873,2.440000057220459,2.549999952316284,2.430000066757202,2.509999990463257,304800
2025-10-13,2.4164786338806152,2.4800000190734863,2.5199999809265137,2.4200000762939453,2.4200000762939453,236100
2025-10-14,2.523660898208618,2.5899999141693115,2.5899999141693115,2.450000047683716,2.450000047683716,263400
2025-10-15,2.53340482711792,2.5999999046325684,2.640000104904175,2.549999952316284,2.5899999141693115,247000
2025-10-16,2.465197801589966,2.5299999713897705,2.619999885559082,2.5,2.609999895095825,171000
2025-10-17,2.4749417304992676,2.5399999618530273,2.5399999618530273,2.5,2.5,228600
2025-10-20,2.4846854209899902,2.549999952316284,2.565000057220459,2.5,2.5199999809265137,151400
2025-10-21,2.5041730403900146,2.569999933242798,2.619999885559082,2.5299999713897705,2.5399999618530273,184400
2025-10-22,2.465197801589966,2.5299999713897705,2.5850000381469727,2.509999990463257,2.5399999618530273,132000
2025-10-23,2.4749417304992676,2.5399999618530273,2.559999942779541,2.515000104904175,2.5299999713897705,103600
2025-10-24,2.53340482711792,2.5999999046325684,2.640000104904175,2.559999942779541,2.559999942779541,156200
2025-10-27,2.562636375427246,2.630000114440918,2.640000104904175,2.5820000171661377,2.640000104904175,123200
2025-10-28,2.5918681621551514,2.6600000858306885,2.700000047683716,2.5999999046325684,2.630000114440918,237600
2025-10-29,2.465197801589966,2.5299999713897705,2.6500000953674316,2.5,2.6500000953674316,163300
2025-10-30,2.4457099437713623,2.509999990463257,2.5399999618530273,2.5,2.5,257900
2025-10-31,2.4067347049713135,2.4700000286102295,2.5190000534057617,2.4700000286102295,2.5,124400
2025-11-03,2.348271369934082,2.4100000858306885,2.4600000381469727,2.390000104904175,2.450000047683716,185100
2025-11-04,2.358015537261963,2.4200000762939453,2.440000057220459,2.390000104904175,2.390000104904175,168400
2025-11-05,2.358015537261963,2.4200000762939453,2.4700000286102295,2.4200000762939453,2.430000066757202,208300
2025-11-06,2.38724684715271,2.450000047683716,2.450000047683716,2.375,2.390000104904175,218000
2025-11-07,2.53340482711792,2.5999999046325684,2.619999885559082,2.2799999713897705,2.3499999046325684,537000
2025-11-10,2.4846854209899902,2.549999952316284,2.634999990463257,2.4700000286102295,2.5999999046325684,284700
2025-11-11,2.455453872680664,2.5199999809265137,2.5999999046325684,2.453000068664551,2.5799999237060547,224900
2025-11-12,2.3775031566619873,2.440000057220459,2.549999952316284,2.430000066757202,2.5,174100
2025-11-13,2.358015537261963,2.4200000762939453,2.490000009536743,2.4010000228881836,2.430000066757202,118100
2025-11-14,2.3385276794433594,2.4000000953674316,2.430000066757202,2.325000047683716,2.390000104904175,457600
2025-11-17,2.309295892715454,2.369999885559082,2.4700000286102295,2.3299999237060547,2.4100000858306885,206400
2025-11-18,2.309295892715454,2.369999885559082,2.4200000762939453,2.315000057220459,2.3399999141693115,305300
2025-11-19,2.2995522022247314,2.359999895095825,2.4100000858306885,2.319999933242798,2.3399999141693115,294800
2025-11-20,2.241089105606079,2.299999952316284,2.4049999713897705,2.299999952316284,2.390000104904175,186100
2025-11-21,2.1631381511688232,2.2200000286102295,2.3499999046325684,2.2049999237060547,2.299999952316284,343000
2025-11-24,2.172881841659546,2.2300000190734863,2.2799999713897705,2.194999933242798,2.2100000381469727,205700
2025-11-25,2.1241626739501953,2.180000066757202,2.2950000762939453,2.1700000762939453,2.25,278600
2025-11-26,2.1923696994781494,2.25,2.309999942779541,2.180000066757202,2.2100000381469727,419700
2025-11-28,2.1923696994781494,2.25,2.2750000953674316,2.25,2.2699999809265137,102500
2025-12-01,2.1241626739501953,2.180000066757202,2.2699999809265137,2.1600000858306885,2.2699999809265137,260600
2025-12-02,2.104675054550171,2.1600000858306885,2.2200000286102295,2.0799999237060547,2.200000047683716,559500
2025-12-03,2.104675054550171,2.1600000858306885,2.190000057220459,2.134999990463257,2.140000104904175,282600
2025-12-04,2.055955410003662,2.109999895095825,2.180000066757202,2.109999895095825,2.130000114440918,249400
2025-12-05,2.0072362422943115,2.059999942779541,2.134999990463257,2.0360000133514404,2.0999999046325684,333700
2025-12-08,1.9292851686477661,1.9800000190734863,2.059999942779541,1.9199999570846558,2.0399999618530273,469600
2025-12-09,1.9974923133850098,2.049999952316284,2.059999942779541,1.9500000476837158,1.9500000476837158,242300
2025-12-10,2.026723861694336,2.0799999237060547,2.130000114440918,2.0199999809265137,2.0399999618530273,408200
2025-12-11,1.9292851686477661,1.9800000190734863,2.059999942779541,1.9800000190734863,2.059999942779541,341700
2025-12-12,1.9974923133850098,2.049999952316284,2.059999942779541,1.9700000286102295,2.0,279400
2025-12-15,2.055955410003662,2.109999895095825,2.109999895095825,1.9800000190734863,2.049999952316284,285200
2025-12-16,2.0072362422943115,2.059999942779541,2.0999999046325684,2.0199999809265137,2.0799999237060547,190600
2025-12-17,2.0072362422943115,2.059999942779541,2.130000114440918,2.049999952316284,2.049999952316284,162600
2025-12-18,2.0364675521850586,2.0899999141693115,2.140000104904175,2.059999942779541,2.069999933242798,329100
2025-12-19,2.0072362422943115,2.059999942779541,2.180000066757202,2.059999942779541,2.119999885559082,691900
2025-12-22,2.1241626739501953,2.180000066757202,2.194999933242798,2.059999942779541,2.059999942779541,361800
2025-12-23,2.1241626739501953,2.180000066757202,2.190000057220459,2.109999895095825,2.1500000953674316,266000
2025-12-24,2.172881841659546,2.2300000190734863,2.2799999713897705,2.1600000858306885,2.190000057220459,154700
2025-12-26,2.1923696994781494,2.25,2.259999990463257,2.174999952316284,2.2100000381469727,189900
2025-12-29,2.2216012477874756,2.2799999713897705,2.299999952316284,2.2200000286102295,2.240000009536743,298500
2025-12-30,2.172881841659546,2.2300000190734863,2.309999942779541,2.180000066757202,2.2699999809265137,459400
2025-12-31,2.2220420837402344,2.259999990463257,2.2699999809265137,2.1700000762939453,2.190000057220459,404800
2026-01-02,2.2220420837402344,2.259999990463257,2.299999952316284,2.2100000381469727,2.2300000190734863,145100
2026-01-05,2.251538038253784,2.2899999618530273,2.2899999618530273,2.2300000190734863,2.25,200600
2026-01-06,2.202378034591675,2.240000009536743,2.2780001163482666,2.2100000381469727,2.25,225300
2026-01-07,2.1532177925109863,2.190000057220459,2.253000020980835,2.1649999618530273,2.240000009536743,207400
2026-01-08,2.1532177925109863,2.190000057220459,2.25,2.190000057220459,2.2100000381469727,176300
2026-01-09,2.074561357498169,2.109999895095825,2.2300000190734863,2.0950000286102295,2.180000066757202,102700
2026-01-12,2.074561357498169,2.109999895095825,2.125,2.049999952316284,2.109999895095825,161000
2026-01-13,2.0254011154174805,2.059999942779541,2.13700008392334,2.059999942779541,2.119999885559082,126200
2026-01-14,2.015568971633911,2.049999952316284,2.1029999256134033,2.0350000858306885,2.0899999141693115,169500
2026-01-15,2.0942256450653076,2.130000114440918,2.134999990463257,2.059999942779541,2.059999942779541,204500
2026-01-16,2.113889694213867,2.1500000953674316,2.200000047683716,2.119999885559082,2.1500000953674316,255500
2026-01-20,2.04506516456604,2.0799999237060547,2.1500000953674316,2.065000057220459,2.1500000953674316,92300
2026-01-21,2.0352330207824707,2.069999933242798,2.11899995803833,2.059999942779541,2.0799999237060547,134800
2026-01-22,2.0548970699310303,2.0899999141693115,2.119999885559082,2.0799999237060547,2.0799999237060547,84800
2026-01-23,1.976240873336792,2.009999990463257,2.0999999046325684,2.0,2.0799999237060547,357400
2026-01-26,2.3498587608337402,2.390000104904175,2.4590001106262207,2.065000057220459,2.069999933242798,1524000
2026-01-27,2.3695228099823,2.4100000858306885,2.4100000858306885,2.240000009536743,2.4000000953674316,551900
2026-01-28,2.3301944732666016,2.369999885559082,2.384999990463257,2.2799999713897705,2.380000114440918,363900
2026-01-29,2.1925458908081055,2.2300000190734863,2.359999895095825,2.2200000286102295,2.359999895095825,232200
2026-01-30,2.1925458908081055,2.2300000190734863,2.240000009536743,2.1449999809265137,2.240000009536743,208600
2026-02-02,2.2908661365509033,2.3299999237060547,2.3450000286102295,2.2119998931884766,2.2200000286102295,226500
2026-02-03,2.3498587608337402,2.390000104904175,2.4560000896453857,2.2899999618530273,2.319999933242798,370400
2026-02-04,2.438347101211548,2.4800000190734863,2.505000114440918,2.380000114440918,2.390000104904175,383400
2026-02-05,2.438347101211548,2.4800000190734863,2.5350000858306885,2.444000005722046,2.450000047683716,398700
2026-02-06,2.5268352031707764,2.569999933242798,2.609999895095825,2.4700000286102295,2.490000009536743,424700
2026-02-09,2.546499252319336,2.5899999141693115,2.6700000762939453,2.5199999809265137,2.5799999237060547,245300
2026-02-10,2.5661635398864746,2.609999895095825,2.640000104904175,2.559999942779541,2.559999942779541,106900
2026-02-11,2.546499252319336,2.5899999141693115,2.640000104904175,2.5450000762939453,2.609999895095825,168600
2026-02-12,2.4875071048736572,2.5299999713897705,2.5950000286102295,2.515000104904175,2.549999952316284,432900
2026-02-13,2.605491876602173,2.6500000953674316,2.7200000286102295,2.5199999809265137,2.5399999618530273,352400
2026-02-17,2.5268352031707764,2.569999933242798,2.680000066757202,2.555000066757202,2.630000114440918,194800
2026-02-18,2.4973392486572266,2.5399999618530273,2.609999895095825,2.5299999713897705,2.5399999618530273,187600
2026-02-19,2.5366673469543457,2.5799999237060547,2.5999999046325684,2.5399999618530273,2.5799999237060547,166500
2026-02-20,2.517003297805786,2.559999942779541,2.615000009536743,2.5399999618530273,2.569999933242798,145500
2026-02-23,2.4678430557250977,2.509999990463257,2.559999942779541,2.509999990463257,2.5399999618530273,226000
2026-02-24,2.4678430557250977,2.509999990463257,2.5399999618530273,2.490000009536743,2.490000009536743,162000
2026-02-25,2.4580111503601074,2.5,2.5390000343322754,2.4800000190734863,2.509999990463257,154200
2026-02-26,2.517003297805786,2.559999942779541,2.5899999141693115,2.484999895095825,2.509999990463257,228500
2026-02-27,2.448179006576538,2.490000009536743,2.5399999618530273,2.490000009536743,2.5399999618530273,229600
2026-03-02,2.477675199508667,2.5199999809265137,2.555000066757202,2.450000047683716,2.4600000381469727,142300
2026-03-03,2.4186830520629883,2.4600000381469727,2.515000104904175,2.450000047683716,2.450000047683716,127300
2026-03-04,2.4580111503601074,2.5,2.5399999618530273,2.440000057220459,2.440000057220459,118800
2026-03-05,2.507171154022217,2.549999952316284,2.5899999141693115,2.4700000286102295,2.4700000286102295,266800
2026-03-06,2.408850908279419,2.450000047683716,2.549999952316284,2.4100000858306885,2.430000066757202,457200
2026-03-09,2.4285149574279785,2.4700000286102295,2.505000114440918,2.4100000858306885,2.4100000858306885,186000
2026-03-10,2.4186830520629883,2.4600000381469727,2.5199999809265137,2.4549999237060547,2.4600000381469727,180200
2026-03-11,2.3596909046173096,2.4000000953674316,2.490000009536743,2.390000104904175,2.490000009536743,259700
2026-03-12,2.3498587608337402,2.390000104904175,2.440000057220459,2.359999895095825,2.359999895095825,182500
2026-03-13,2.281034231185913,2.319999933242798,2.4149999618530273,2.319999933242798,2.4000000953674316,169500
2026-03-16,2.2712020874023438,2.309999942779541,2.369999885559082,2.309999942779541,2.3399999141693115,165800
2026-03-17,2.3006982803344727,2.3399999141693115,2.365000009536743,2.325000047683716,2.3299999237060547,231000
2026-03-18,2.1532177925109863,2.190000057220459,2.3350000381469727,2.190000057220459,2.319999933242798,217300
2026-03-19,2.1925458908081055,2.2300000190734863,2.255000114440918,2.1649999618530273,2.180000066757202,310000
2026-03-20,1.8582563400268555,1.8899999856948853,2.240000009536743,1.8899999856948853,2.240000009536743,1185000
2026-03-23,1.8975845575332642,1.9299999475479126,2.059999942779541,1.9299999475479126,2.0299999713897705,584400
2026-03-24,1.9467447996139526,1.9800000190734863,2.0350000858306885,1.940000057220459,1.9500000476837158,466300
2026-03-25,2.04506516456604,2.0799999237060547,2.0899999141693115,1.975000023841858,1.9900000095367432,323100
2026-03-26,1.9860730171203613,2.0199999809265137,2.1500000953674316,1.9900000095367432,2.109999895095825,541500
2026-03-27,1.8975845575332642,1.9299999475479126,2.0420000553131104,1.9299999475479126,2.009999990463257,546400
2026-03-30,1.9369127750396729,1.9700000286102295,1.9900000095367432,1.9199999570846558,1.9600000381469727,298600
2026-03-31,2.135570526123047,2.1500000953674316,2.1649999618530273,1.9800000190734863,1.9900000095367432,484900
2026-04-01,2.145503520965576,2.1600000858306885,2.174999952316284,2.119999885559082,2.1500000953674316,574600
2026-04-02,2.1653692722320557,2.180000066757202,2.190000057220459,2.109999895095825,2.140000104904175,322200
2026-04-06,2.224966526031494,2.240000009536743,2.25,2.1549999713897705,2.1700000762939453,447800
2026-04-07,2.215033531188965,2.2300000190734863,2.2950000762939453,2.190000057220459,2.2200000286102295,252700
2026-04-08,2.215033531188965,2.2300000190734863,2.299999952316284,2.194999933242798,2.299999952316284,408800
2026-04-09,2.224966526031494,2.240000009536743,2.255000114440918,2.184999942779541,2.25,336100
2026-04-10,2.334228038787842,2.3499999046325684,2.369999885559082,2.234999895095825,2.25,230700
2026-04-13,2.383892774581909,2.4000000953674316,2.4200000762939453,2.315999984741211,2.319999933242798,180500
2026-04-14,2.503087282180786,2.5199999809265137,2.5399999618530273,2.384999990463257,2.4100000858306885,324000
2026-04-15,2.503087282180786,2.5199999809265137,2.5350000858306885,2.4800000190734863,2.5,256000
2026-04-16,2.532885789871216,2.549999952316284,2.559999942779541,2.5,2.5299999713897705,133200
2026-04-17,2.493154287338257,2.509999990463257,2.5899999141693115,2.494999885559082,2.549999952316284,394900
2026-04-20,2.4732885360717773,2.490000009536743,2.549999952316284,2.490000009536743,2.5,157900
2026-04-21,2.463355779647827,2.4800000190734863,2.515000104904175,2.4700000286102295,2.5,139300
2026-04-22,2.423624277114868,2.440000057220459,2.546999931335449,2.4149999618530273,2.490000009536743,391600
2026-04-23,2.4832215309143066,2.5,2.5250000953674316,2.430000066757202,2.430000066757202,622600
2026-04-24,2.4732885360717773,2.490000009536743,2.509999990463257,2.4600000381469727,2.4800000190734863,131400
2026-04-27,2.5229530334472656,2.5399999618530273,2.549999952316284,2.490000009536743,2.490000009536743,108400
2026-04-28,2.652080535888672,2.6700000762939453,2.680000066757202,2.5209999084472656,2.5299999713897705,861800
2026-04-29,2.811006546020508,2.8299999237060547,2.8550000190734863,2.640000104904175,2.640000104904175,666800
2026-04-30,2.850738048553467,2.869999885559082,2.9100000858306885,2.7809998989105225,2.799999952316284,396100
2026-05-01,2.940134286880493,2.9600000381469727,2.9700000286102295,2.755000114440918,2.880000114440918,388200
2026-05-04,2.850738048553467,2.869999885559082,2.9600000381469727,2.859999895095825,2.930000066757202,266500
2026-05-05,2.771275043487549,2.7899999618530273,2.880000114440918,2.700000047683716,2.880000114440918,361400
2026-05-06,2.8805370330810547,2.9000000953674316,2.9200000762939453,2.7249999046325684,2.7799999713897705,318700
2026-05-07,2.820939540863037,2.8399999141693115,2.9100000858306885,2.7799999713897705,2.9000000953674316,324400
2026-05-08,2.860671281814575,2.880000114440918,2.890000104904175,2.7799999713897705,2.819999933242798,471500
2026-05-11,2.850738048553467,2.869999885559082,2.930000066757202,2.859999895095825,2.9100000858306885,367100
2026-05-12,2.900402784347534,2.9200000762939453,2.9600000381469727,2.8399999141693115,2.880000114440918,304400
2026-05-13,2.8805370330810547,2.9000000953674316,2.9749999046325684,2.8499999046325684,2.890000104904175,250900
2026-05-14,2.9600000381469727,2.9800000190734863,3.0299999713897705,2.8949999809265137,2.940000057220459,410800
2026-05-15,2.8805370330810547,2.9000000953674316,2.950000047683716,2.890000104904175,2.940000057220459,227000
2026-05-18,2.890469789505005,2.9100000858306885,2.9600000381469727,2.8589999675750732,2.869999885559082,221900
2026-05-19,2.900402784347534,2.9200000762939453,3.0,2.809999942779541,2.8299999237060547,478000
2026-05-20,2.9202685356140137,2.940000057220459,2.9749999046325684,2.8399999141693115,2.9100000858306885,239400
2026-05-21,2.9600000381469727,2.9800000190734863,3.0299999713897705,2.9189999103546143,2.940000057220459,460700
2026-05-22,2.979865789413452,3.0,3.0399999618530273,2.9800000190734863,2.9800000190734863,215400
2026-05-26,2.969932794570923,2.990000009536743,3.0399999618530273,2.9600000381469727,3.009999990463257,294400
2026-05-27,2.9103355407714844,2.930000066757202,3.009999990463257,2.930000066757202,3.0,857600
2026-05-28,2.9202685356140137,2.940000057220459,2.990000009536743,2.890000104904175,2.9000000953674316,274300
2026-05-29,2.9600000381469727,2.9800000190734863,2.994999885559082,2.930000066757202,2.930000066757202,322200
2026-06-01,2.9600000381469727,2.9800000190734863,3.0199999809265137,2.930000066757202,2.930000066757202,256900
2026-06-02,2.930201292037964,2.950000047683716,3.005000114440918,2.950000047683716,2.9800000190734863,223800
2026-06-03,2.860671281814575,2.880000114440918,2.9600000381469727,2.880000114440918,2.940000057220459,563400
2026-06-04,2.900402784347534,2.9200000762939453,2.984999895095825,2.880000114440918,2.880000114440918,320100
2026-06-05,2.8010737895965576,2.819999933242798,2.9649999141693115,2.819999933242798,2.9100000858306885,268500
2026-06-08,2.8010737895965576,2.819999933242798,2.9049999713897705,2.819999933242798,2.859999895095825,249500
2026-06-09,2.820939540863037,2.8399999141693115,2.890000104904175,2.805000066757202,2.819999933242798,314000
2026-06-10,2.781208038330078,2.799999952316284,2.9000000953674316,2.7950000762939453,2.869999885559082,274100
2026-06-11,2.771275043487549,2.7899999618530273,2.859999895095825,2.75,2.8399999141693115,378400
2026-06-12,2.771275043487549,2.7899999618530273,2.859999895095825,2.7899999618530273,2.8299999237060547,223700
2026-06-15,2.771275043487549,2.7899999618530273,2.8350000381469727,2.7699999809265137,2.819999933242798,207600
2026-06-16,2.8010737895965576,2.819999933242798,2.8399999141693115,2.7899999618530273,2.7899999618530273,211200
2026-06-17,2.7514092922210693,2.7699999809265137,2.8399999141693115,2.75,2.7899999618530273,304700
2026-06-18,2.850738048553467,2.869999885559082,2.890000104904175,2.759999990463257,2.7899999618530273,418400
2026-06-22,2.860671281814575,2.880000114440918,2.8949999809265137,2.825000047683716,2.8499999046325684,322500
2026-06-23,2.8706040382385254,2.890000104904175,2.9000000953674316,2.7899999618530273,2.7899999618530273,229200
2026-06-24,2.741476535797119,2.759999990463257,2.875,2.75,2.859999895095825,406900
2026-06-25,2.7216107845306396,2.740000009536743,2.7699999809265137,2.615000009536743,2.75,923800
2026-06-26,2.890469789505005,2.9100000858306885,2.990000009536743,2.7100000381469727,2.75,6992700
2026-06-29,2.9600000381469727,2.9800000190734863,3.0,2.859999895095825,2.880000114440918,393600
2026-06-30,2.890000104904175,2.890000104904175,2.9800000190734863,2.8450000286102295,2.9800000190734863,317600
2026-07-01,2.859999895095825,2.859999895095825,2.890000104904175,2.799999952316284,2.869999885559082,354200
2026-07-02,2.8299999237060547,2.8299999237060547,2.9049999713897705,2.819999933242798,2.890000104904175,204500
2026-07-06,2.8399999141693115,2.8399999141693115,2.869999885559082,2.799999952316284,2.8450000286102295,290900
2026-07-07,2.7799999713897705,2.7799999713897705,2.8499999046325684,2.7750000953674316,2.809999942779541,159500
2026-07-08,2.7899999618530273,2.7899999618530273,2.809999942779541,2.734999895095825,2.759999990463257,176400
2026-07-09,2.7799999713897705,2.7799999713897705,2.8299999237060547,2.7699999809265137,2.8299999237060547,155200
2026-07-10,2.75,2.75,2.7899999618530273,2.740999937057495,2.759999990463257,121600
2026-07-13,2.7200000286102295,2.7200000286102295,2.765000104904175,2.690000057220459,2.759999990463257,344600
2026-07-14,2.6600000858306885,2.6600000858306885,2.75,2.6600000858306885,2.75,199900
2026-07-15,2.6600000858306885,2.6600000858306885,2.700000047683716,2.634999990463257,2.690000057220459,183800
2026-07-16,2.680000066757202,2.680000066757202,2.700000047683716,2.6500000953674316,2.6500000953674316,136200
2026-07-17,2.630000114440918,2.630000114440918,2.7049999237060547,2.609999895095825,2.6700000762939453,233900
2026-07-20,2.6500000953674316,2.6500000953674316,2.700000047683716,2.619999885559082,2.619999885559082,198100
2026-07-21,2.6700000762939453,2.6700000762939453,2.700000047683716,2.6500000953674316,2.6500000953674316,121000
2026-07-22,2.619999885559082,2.619999885559082,2.680000066757202,2.619999885559082,2.6600000858306885,195200
2026-07-23,2.5899999141693115,2.5899999141693115,2.61899995803833,2.569999933242798,2.5899999141693115,114944
