Date,Adjusted_Close,Close,High,Low,Open,Volume
2021-12-08,8.794441223144531,16.489999771118164,17.0,15.800000190734863,16.399999618530273,1261900
2021-12-09,8.533117294311523,16.0,16.59000015258789,16.0,16.030000686645508,482900
2021-12-10,8.666444778442383,16.25,16.299999237060547,16.100000381469727,16.18000030517578,97200
2021-12-13,8.68777847290039,16.290000915527344,16.549999237060547,15.949999809265137,16.540000915527344,235700
2021-12-14,8.56511402130127,16.059999465942383,16.549999237060547,15.979999542236328,16.549999237060547,70700
2021-12-15,8.533117294311523,16.0,16.3700008392334,15.84000015258789,16.040000915527344,125100
2021-12-16,8.533117294311523,16.0,16.19499969482422,15.800000190734863,16.040000915527344,139900
2021-12-17,8.613114356994629,16.149999618530273,16.149999618530273,15.5,16.1200008392334,93500
2021-12-20,8.53844928741455,16.010000228881836,16.149999618530273,15.869999885559082,15.880000114440918,20400
2021-12-21,8.543784141540527,16.020000457763672,17.0,15.949999809265137,16.829999923706055,57100
2021-12-22,8.533117294311523,16.0,16.100000381469727,15.989999771118164,16.010000228881836,41000
2021-12-23,8.54644775390625,16.024999618530273,16.114999771118164,15.989999771118164,16.010000228881836,52600
2021-12-27,8.56511402130127,16.059999465942383,16.145000457763672,16.0,16.145000457763672,7700
2021-12-28,8.554448127746582,16.040000915527344,16.065000534057617,16.020000457763672,16.020000457763672,20600
2021-12-29,8.56511402130127,16.059999465942383,16.18000030517578,16.0,16.030000686645508,127700
2021-12-30,8.56511402130127,16.059999465942383,16.18000030517578,16.049999237060547,16.094999313354492,20400
2021-12-31,8.879772186279297,16.649999618530273,16.780000686645508,16.200000762939453,16.780000686645508,15600
2022-01-03,9.039769172668457,16.950000762939453,17.479999542236328,16.700000762939453,17.479999542236328,96900
2022-01-04,9.130434036254883,17.1200008392334,17.530000686645508,16.799999237060547,17.530000686645508,85300
2022-01-05,9.119767189025879,17.100000381469727,17.20400047302246,16.90999984741211,17.010000228881836,74000
2022-01-06,9.1997652053833,17.25,17.489999771118164,17.010000228881836,17.010000228881836,60900
2022-01-07,9.242431640625,17.329999923706055,17.5,17.270000457763672,17.270000457763672,23400
2022-01-10,9.349095344543457,17.530000686645508,17.829999923706055,17.100000381469727,17.6299991607666,25700
2022-01-11,9.5090913772583,17.829999923706055,17.981000900268555,17.530000686645508,17.600000381469727,37300
2022-01-12,9.471760749816895,17.760000228881836,18.152000427246094,17.649999618530273,18.110000610351562,133100
2022-01-13,9.615756034851074,18.030000686645508,18.09000015258789,17.75,18.0,131400
2022-01-14,9.749086380004883,18.280000686645508,18.5,17.799999237060547,18.25,85800
2022-01-18,9.839751243591309,18.450000762939453,18.729999542236328,18.242000579833984,18.729999542236328,76600
2022-01-19,10.005077362060547,18.760000228881836,20.290000915527344,18.5,20.290000915527344,90000
2022-01-20,10.405068397521973,19.510000228881836,20.21500015258789,18.610000610351562,19.34000015258789,110600
2022-01-21,10.106409072875977,18.950000762939453,19.8799991607666,18.309999465942383,19.780000686645508,78500
2022-01-24,10.1277437210083,18.989999771118164,19.399999618530273,18.31999969482422,18.950000762939453,65500
2022-01-25,10.01574420928955,18.780000686645508,19.0,18.625,18.739999771118164,22000
2022-01-26,9.96774673461914,18.690000534057617,19.18000030517578,18.600000381469727,18.600000381469727,12900
2022-01-27,9.866415023803711,18.5,18.989999771118164,18.309999465942383,18.610000610351562,24900
2022-01-28,10.09574031829834,18.93000030517578,18.979000091552734,18.5,18.844999313354492,33500
2022-01-31,10.133075714111328,19.0,19.040000915527344,18.6299991607666,18.959999084472656,19800
2022-02-01,10.133075714111328,19.0,19.139999389648438,18.610000610351562,19.049999237060547,34100
2022-02-02,10.191740989685059,19.110000610351562,19.5,19.0,19.209999084472656,34600
2022-02-03,10.325069427490234,19.360000610351562,19.798999786376953,18.899999618530273,19.709999084472656,39100
2022-02-04,10.133075714111328,19.0,19.62700080871582,18.899999618530273,19.149999618530273,30400
2022-02-07,10.229072570800781,19.18000030517578,19.63800048828125,18.799999237060547,19.1299991607666,42200
2022-02-08,10.122408866882324,18.979999542236328,19.700000762939453,18.799999237060547,19.079999923706055,37800
2022-02-09,10.1277437210083,18.989999771118164,19.600000381469727,18.760000228881836,19.040000915527344,30700
2022-02-10,10.21307373046875,19.149999618530273,19.350000381469727,18.760000228881836,18.790000915527344,45400
2022-02-11,10.341071128845215,19.389999389648438,19.399999618530273,18.989999771118164,19.1299991607666,50500
2022-02-14,9.9890775680542,18.729999542236328,19.302000045776367,18.520000457763672,19.260000228881836,39800
2022-02-15,10.047745704650879,18.84000015258789,19.290000915527344,18.520000457763672,18.579999923706055,32300
2022-02-16,10.202406883239746,19.1299991607666,19.219999313354492,18.790000915527344,19.0,26300
2022-02-17,10.1277437210083,18.989999771118164,19.270000457763672,18.8799991607666,19.0,23800
2022-02-18,9.80774974822998,18.389999389648438,18.969999313354492,18.309999465942383,18.809999465942383,22000
2022-02-22,9.749086380004883,18.280000686645508,18.6299991607666,18.0,18.239999771118164,34600
2022-02-23,10.021079063415527,18.790000915527344,19.100000381469727,18.350000381469727,18.350000381469727,140500
2022-02-24,10.090409278869629,18.920000076293945,19.270000457763672,18.2450008392334,18.889999389648438,78000
2022-02-25,10.26640510559082,19.25,19.399999618530273,18.100000381469727,18.75,133900
2022-02-28,10.778389930725098,20.209999084472656,20.209999084472656,18.920000076293945,19.639999389648438,197600
2022-03-01,10.735727310180664,20.1299991607666,20.200000762939453,18.1200008392334,20.09000015258789,123300
2022-03-02,10.581063270568848,19.84000015258789,20.09000015258789,19.5,19.5,47800
2022-03-03,10.479731559753418,19.649999618530273,19.790000915527344,19.15999984741211,19.600000381469727,36400
2022-03-04,10.2557373046875,19.229999542236328,19.780000686645508,18.59000015258789,19.68000030517578,48600
2022-03-07,10.559730529785156,19.799999237060547,20.049999237060547,19.239999771118164,19.520000457763672,124200
2022-03-08,10.149073600769043,19.030000686645508,20.049999237060547,18.829999923706055,19.84000015258789,100400
2022-03-09,9.59975528717041,18.0,19.510000228881836,18.0,19.479999542236328,114300
2022-03-10,9.578422546386719,17.959999084472656,19.67300033569336,17.75,18.15999984741211,63800
2022-03-11,9.631753921508789,18.059999465942383,19.594999313354492,18.010000228881836,18.200000762939453,83900
2022-03-14,9.5090913772583,17.829999923706055,20.0,17.399999618530273,18.030000686645508,71600
2022-03-15,9.487759590148926,17.790000915527344,19.0,17.5,17.889999389648438,77000
2022-03-16,10.074409484863281,18.889999389648438,18.979999542236328,17.65999984741211,17.760000228881836,139100
2022-03-17,9.75441837310791,18.290000915527344,18.8799991607666,18.100000381469727,18.450000762939453,139600
2022-03-18,9.071767807006836,17.010000228881836,18.780000686645508,16.834999084472656,18.5,881000
2022-03-21,9.407759666442871,17.639999389648438,17.719999313354492,17.010000228881836,17.010000228881836,147600
2022-03-22,9.365095138549805,17.559999465942383,17.865999221801758,17.270000457763672,17.700000762939453,113400
2022-03-23,9.386429786682129,17.600000381469727,18.34000015258789,17.549999237060547,17.559999465942383,43700
2022-03-24,9.642419815063477,18.079999923706055,18.350000381469727,17.600000381469727,17.600000381469727,43500
2022-03-25,9.717087745666504,18.219999313354492,18.600000381469727,18.1200008392334,18.540000915527344,19900
2022-03-28,9.834416389465332,18.440000534057617,19.420000076293945,18.170000076293945,18.170000076293945,36200
2022-03-29,10.021079063415527,18.790000915527344,18.889999389648438,18.299999237060547,18.299999237060547,57300
2022-03-30,9.688675880432129,17.780000686645508,18.469999313354492,17.610000610351562,18.3799991607666,32000
2022-03-31,9.661431312561035,17.729999542236328,17.899999618530273,17.610000610351562,17.670000076293945,22100
2022-04-01,9.90664291381836,18.18000030517578,18.190000534057617,17.510000228881836,17.510000228881836,27600
2022-04-04,9.748618125915527,17.889999389648438,18.15999984741211,17.850000381469727,18.15999984741211,12500
2022-04-05,9.628735542297363,17.670000076293945,17.75,17.540000915527344,17.549999237060547,20600
2022-04-06,9.541546821594238,17.510000228881836,17.849000930786133,17.510000228881836,17.579999923706055,29600
2022-04-07,9.49250602722168,17.420000076293945,17.690000534057617,17.149999618530273,17.68000030517578,31100
2022-04-08,9.432564735412598,17.309999465942383,17.489999771118164,17.124000549316406,17.489999771118164,19500
2022-04-11,9.481607437133789,17.399999618530273,17.5,17.190000534057617,17.299999237060547,11500
2022-04-12,9.628735542297363,17.670000076293945,17.760000228881836,17.450000762939453,17.5,23800
2022-04-13,9.972034454345703,18.299999237060547,18.420000076293945,17.600000381469727,17.8799991607666,15400
2022-04-14,9.606938362121582,17.6299991607666,18.5,17.56999969482422,18.299999237060547,26600
2022-04-18,9.628735542297363,17.670000076293945,17.899999618530273,17.600000381469727,17.860000610351562,23800
2022-04-19,9.792211532592773,17.969999313354492,18.17099952697754,17.809999465942383,17.93000030517578,15600
2022-04-20,10.15185832977295,18.6299991607666,18.780000686645508,17.899999618530273,17.94499969482422,36100
2022-04-21,9.895746231079102,18.15999984741211,18.950000762939453,17.81999969482422,18.670000076293945,25400
2022-04-22,9.715922355651855,17.829999923706055,18.079999923706055,17.799999237060547,18.079999923706055,24900
2022-04-25,10.168207168579102,18.65999984741211,18.850000381469727,17.690000534057617,17.690000534057617,40600
2022-04-26,9.459811210632324,17.360000610351562,18.559999465942383,17.260000228881836,18.559999465942383,67100
2022-04-27,9.443464279174805,17.329999923706055,17.59000015258789,17.299999237060547,17.385000228881836,20300
2022-04-28,9.645084381103516,17.700000762939453,18.010000228881836,17.31999969482422,17.549999237060547,30100
2022-04-29,9.69412612915039,17.790000915527344,17.969999313354492,17.530000686645508,17.969999313354492,29700
2022-05-02,9.323579788208008,17.110000610351562,17.790000915527344,16.940000534057617,17.75,32600
2022-05-03,9.171002388000488,16.829999923706055,17.149999618530273,16.65999984741211,17.149999618530273,31700
2022-05-04,9.24729061126709,16.969999313354492,17.209999084472656,16.389999389648438,16.950000762939453,66100
2022-05-05,8.882194519042969,16.299999237060547,16.920000076293945,16.100000381469727,16.809999465942383,53600
2022-05-06,8.631532669067383,15.84000015258789,16.84000015258789,15.699999809265137,16.84000015258789,40700
2022-05-09,8.953035354614258,16.43000030517578,17.28499984741211,15.5,15.6899995803833,108100
2022-05-10,8.751413345336914,16.059999465942383,16.639999389648438,15.760000228881836,16.56999969482422,132800
2022-05-11,8.75686264038086,16.06999969482422,16.200000762939453,15.850000381469727,16.149999618530273,110500
2022-05-12,8.789560317993164,16.1299991607666,16.270000457763672,15.90999984741211,16.239999771118164,172600
2022-05-13,8.75686264038086,16.06999969482422,16.450000762939453,15.925000190734863,16.110000610351562,167500
2022-05-16,8.745963096618652,16.049999237060547,16.1299991607666,15.869999885559082,15.979999542236328,54700
2022-05-17,8.61518383026123,15.8100004196167,16.100000381469727,15.734999656677246,16.100000381469727,93100
2022-05-18,8.511651039123535,15.619999885559082,16.049999237060547,15.550000190734863,16.049999237060547,30400
2022-05-19,8.304580688476562,15.239999771118164,15.6899995803833,14.989999771118164,15.550000190734863,63600
2022-05-20,8.108407020568848,14.880000114440918,15.289999961853027,14.779999732971191,15.279999732971191,84600
2022-05-23,8.795007705688477,16.139999389648438,16.209999084472656,15.069999694824219,15.069999694824219,123900
2022-05-24,9.30178451538086,17.06999969482422,17.100000381469727,15.744999885559082,16.200000762939453,75100
2022-05-25,9.067466735839844,16.639999389648438,17.010000228881836,16.5,17.010000228881836,37200
2022-05-26,9.25818920135498,16.989999771118164,17.09000015258789,16.59000015258789,16.799999237060547,47700
2022-05-27,9.26363754272461,17.0,17.7450008392334,16.950000762939453,17.020000457763672,61400
2022-05-31,9.279987335205078,17.030000686645508,17.5,16.469999313354492,16.989999771118164,32600
2022-06-01,9.35627555847168,17.170000076293945,17.260000228881836,16.8700008392334,16.959999084472656,18700
2022-06-02,9.38352108001709,17.219999313354492,17.260000228881836,17.049999237060547,17.18000030517578,10200
2022-06-03,9.388970375061035,17.229999542236328,17.415000915527344,17.059999465942383,17.059999465942383,32400
2022-06-06,9.508853912353516,17.450000762939453,17.799999237060547,17.229999542236328,17.260000228881836,28700
2022-06-07,9.76496696472168,17.920000076293945,17.93000030517578,17.280000686645508,17.75,64500
2022-06-08,9.465261459350586,17.3700008392334,17.864999771118164,17.219999313354492,17.850000381469727,48200
2022-06-09,9.23094367980957,16.940000534057617,17.43000030517578,16.93000030517578,17.34000015258789,95800
2022-06-10,9.105612754821777,16.709999084472656,16.850000381469727,16.459999084472656,16.850000381469727,41400
2022-06-13,8.729619979858398,16.020000457763672,16.895000457763672,15.744999885559082,16.600000381469727,68500
2022-06-14,8.718719482421875,16.0,16.100000381469727,15.899999618530273,16.100000381469727,78300
2022-06-15,8.87674617767334,16.290000915527344,17.15999984741211,15.899999618530273,15.899999618530273,117500
2022-06-16,8.729619979858398,16.020000457763672,16.100000381469727,15.914999961853027,16.100000381469727,78000
2022-06-17,8.795007705688477,16.139999389648438,16.21500015258789,15.960000038146973,15.960000038146973,80200
2022-06-21,8.75686264038086,16.06999969482422,16.950000762939453,15.956999778747559,16.1299991607666,101100
2022-06-22,8.707820892333984,15.979999542236328,16.18000030517578,15.649999618530273,16.06999969482422,48100
2022-06-23,8.745963096618652,16.049999237060547,16.264999389648438,15.930000305175781,16.149999618530273,79200
2022-06-24,8.54434585571289,15.680000305175781,16.18000030517578,15.510000228881836,16.0,163000
2022-06-27,8.729619979858398,16.020000457763672,16.799999237060547,15.869999885559082,16.030000686645508,51500
2022-06-28,8.702369689941406,15.970000267028809,16.350000381469727,15.944999694824219,16.15999984741211,91300
2022-06-29,8.724828720092773,15.539999961853027,15.550000190734863,15.289999961853027,15.449999809265137,64400
2022-06-30,8.455337524414062,15.0600004196167,15.5,14.949999809265137,15.5,116200
2022-07-01,8.517094612121582,15.170000076293945,15.369999885559082,14.970000267028809,15.0600004196167,47600
2022-07-05,8.393579483032227,14.949999809265137,15.539999961853027,14.869999885559082,15.010000228881836,58800
2022-07-06,8.337433815002441,14.850000381469727,15.039999961853027,14.711000442504883,15.029999732971191,26300
2022-07-07,8.404806137084961,14.970000267028809,15.3100004196167,14.838000297546387,15.0600004196167,32300
2022-07-08,8.37673568725586,14.920000076293945,15.029999732971191,14.869999885559082,15.0,16500
2022-07-11,8.236372947692871,14.670000076293945,14.920000076293945,14.670000076293945,14.920000076293945,18700
2022-07-12,8.197073936462402,14.600000381469727,14.9399995803833,14.569999694824219,14.760000228881836,23500
2022-07-13,8.241988182067871,14.680000305175781,14.760000228881836,14.600000381469727,14.600000381469727,17900
2022-07-14,8.017410278320312,14.279999732971191,14.430000305175781,14.199999809265137,14.399999618530273,36600
2022-07-15,8.146541595458984,14.510000228881836,14.621000289916992,14.149999618530273,14.300000190734863,37900
2022-07-18,8.180229187011719,14.569999694824219,14.829999923706055,14.5,14.680000305175781,23000
2022-07-19,8.140926361083984,14.5,15.130000114440918,14.460000038146973,14.609999656677246,18800
2022-07-20,8.129697799682617,14.479999542236328,14.595000267028809,14.350000381469727,14.550000190734863,30300
2022-07-21,8.124083518981934,14.470000267028809,14.819999694824219,14.359999656677246,14.619999885559082,25100
2022-07-22,8.129697799682617,14.479999542236328,15.430000305175781,14.300000190734863,14.420000076293945,37500
2022-07-25,7.994953155517578,14.239999771118164,14.779999732971191,14.149999618530273,14.649999618530273,38200
2022-07-26,7.972495079040527,14.199999809265137,14.380000114440918,14.180000305175781,14.380000114440918,23400
2022-07-27,7.955652713775635,14.170000076293945,14.335000038146973,14.050000190734863,14.289999961853027,32500
2022-07-28,7.966879367828369,14.1899995803833,14.380000114440918,14.029999732971191,14.170000076293945,63500
2022-07-29,7.983722686767578,14.220000267028809,14.329999923706055,14.0600004196167,14.0600004196167,49700
2022-08-01,8.006181716918945,14.260000228881836,14.319999694824219,13.869999885559082,14.279999732971191,138300
2022-08-02,8.017410278320312,14.279999732971191,14.420000076293945,14.239999771118164,14.300000190734863,44000
2022-08-03,8.230759620666504,14.65999984741211,14.699999809265137,14.390000343322754,14.390000343322754,54700
2022-08-04,8.595697402954102,15.3100004196167,15.34000015258789,14.539999961853027,14.699999809265137,60300
2022-08-05,8.595697402954102,15.3100004196167,15.470000267028809,15.050000190734863,15.3100004196167,25400
2022-08-08,8.724828720092773,15.539999961853027,15.760000228881836,15.130000114440918,15.3100004196167,57200
2022-08-09,8.74167251586914,15.569999694824219,15.569999694824219,15.11299991607666,15.5600004196167,31100
2022-08-10,8.477794647216797,15.100000381469727,15.630000114440918,14.920000076293945,15.569999694824219,52400
2022-08-11,8.702370643615723,15.5,15.59000015258789,15.079999923706055,15.079999923706055,31200
2022-08-12,8.769743919372559,15.619999885559082,15.739999771118164,15.550000190734863,15.59000015258789,156000
2022-08-15,9.005550384521484,16.040000915527344,16.09000015258789,15.609999656677246,15.670000076293945,92100
2022-08-16,9.084152221679688,16.18000030517578,16.360000610351562,16.0,16.049999237060547,189000
2022-08-17,9.207670211791992,16.399999618530273,16.600000381469727,15.949999809265137,16.15999984741211,216900
2022-08-18,9.151524543762207,16.299999237060547,16.540000915527344,16.200000762939453,16.299999237060547,118600
2022-08-19,9.325572967529297,16.610000610351562,16.645000457763672,16.145000457763672,16.309999465942383,253600
2022-08-22,8.500250816345215,15.140000343322754,16.610000610351562,15.03499984741211,16.579999923706055,99200
2022-08-23,8.691141128540039,15.479999542236328,15.630000114440918,15.050000190734863,15.149999618530273,81200
2022-08-24,8.618156433105469,15.350000381469727,15.449999809265137,14.920000076293945,15.40999984741211,44100
2022-08-25,8.747288703918457,15.579999923706055,15.710000038146973,15.199999809265137,15.489999771118164,55500
2022-08-26,8.601312637329102,15.319999694824219,15.5600004196167,15.270000457763672,15.510000228881836,35700
2022-08-29,8.747288703918457,15.579999923706055,15.789999961853027,15.300000190734863,15.350000381469727,77100
2022-08-30,8.455337524414062,15.0600004196167,15.710000038146973,15.0600004196167,15.710000038146973,52800
2022-08-31,8.57323932647705,15.270000457763672,15.423999786376953,15.0,15.130000114440918,26600
2022-09-01,8.57323932647705,15.270000457763672,15.289999961853027,14.899999618530273,15.220000267028809,42600
2022-09-02,8.584468841552734,15.289999961853027,15.460000038146973,15.109999656677246,15.260000228881836,42800
2022-09-06,8.399190902709961,14.960000038146973,15.336999893188477,14.65999984741211,15.289999961853027,153000
2022-09-07,8.343047142028809,14.859999656677246,15.130000114440918,14.710000038146973,14.949999809265137,66200
2022-09-08,8.270058631896973,14.729999542236328,14.854999542236328,14.529999732971191,14.75,55600
2022-09-09,8.225143432617188,14.649999618530273,14.789999961853027,14.555000305175781,14.770000457763672,39600
2022-09-12,8.35988998413086,14.890000343322754,14.920000076293945,14.59000015258789,14.59000015258789,70000
2022-09-13,8.152156829833984,14.520000457763672,14.788000106811523,14.5,14.699999809265137,41800
2022-09-14,8.314974784851074,14.8100004196167,14.869999885559082,14.3100004196167,14.869999885559082,158000
2022-09-15,8.225143432617188,14.649999618530273,14.8100004196167,14.260000228881836,14.770000457763672,118400
2022-09-16,8.37673568725586,14.920000076293945,15.095000267028809,14.300000190734863,14.489999771118164,207000
2022-09-19,8.623767852783203,15.359999656677246,15.359999656677246,14.720000267028809,14.949999809265137,146600
2022-09-20,8.634997367858887,15.380000114440918,15.399999618530273,14.729999542236328,15.210000038146973,136000
2022-09-21,8.20268726348877,14.609999656677246,15.279999732971191,14.609999656677246,15.279999732971191,55100
2022-09-22,8.331818580627441,14.84000015258789,15.029999732971191,14.539999961853027,14.739999771118164,58000
2022-09-23,8.320589065551758,14.819999694824219,14.9399995803833,14.630000114440918,14.739999771118164,28100
2022-09-26,8.326203346252441,14.829999923706055,15.0600004196167,14.704999923706055,14.890000343322754,35800
2022-09-27,8.270058631896973,14.729999542236328,15.020999908447266,14.699999809265137,14.899999618530273,35900
2022-09-28,8.416033744812012,14.989999771118164,15.0600004196167,14.600000381469727,14.729999542236328,39300
2022-09-29,8.433423042297363,14.550000190734863,14.609999656677246,14.3100004196167,14.5600004196167,28300
2022-09-30,8.352278709411621,14.40999984741211,14.82800006866455,14.40999984741211,14.670000076293945,21500
2022-10-03,8.445014953613281,14.569999694824219,14.90999984741211,14.279999732971191,14.399999618530273,18200
2022-10-04,8.50297737121582,14.670000076293945,14.944999694824219,14.40999984741211,14.479999542236328,66500
2022-10-05,8.416035652160645,14.520000457763672,14.75,14.350000381469727,14.75,36400
2022-10-06,8.508774757385254,14.680000305175781,14.6899995803833,14.300000190734863,14.569999694824219,38700
2022-10-07,8.578327178955078,14.800000190734863,15.149999618530273,14.350000381469727,14.760000228881836,54900
2022-10-10,8.439221382141113,14.5600004196167,14.9399995803833,14.420000076293945,14.9399995803833,13700
2022-10-11,8.340685844421387,14.390000343322754,14.579999923706055,14.300000190734863,14.529999732971191,44300
2022-10-12,8.589920043945312,14.819999694824219,14.989999771118164,14.385000228881836,14.420000076293945,35900
2022-10-13,8.647882461547852,14.920000076293945,15.08899974822998,14.630000114440918,14.680000305175781,23600
2022-10-14,8.717436790466309,15.039999961853027,15.039999961853027,14.859999656677246,14.920000076293945,13500
2022-10-17,8.49138355255127,14.649999618530273,15.199999809265137,14.5600004196167,15.149999618530273,26900
2022-10-18,8.601512908935547,14.84000015258789,15.079999923706055,14.710000038146973,14.710000038146973,8900
2022-10-19,8.589920043945312,14.819999694824219,14.899999618530273,14.614999771118164,14.899999618530273,7800
2022-10-20,8.456607818603516,14.59000015258789,15.130000114440918,14.449999809265137,14.579999923706055,29400
2022-10-21,8.404441833496094,14.5,15.039999961853027,14.359999656677246,14.680000305175781,46800
2022-10-24,8.404441833496094,14.5,14.760000228881836,14.449999809265137,14.539999961853027,19900
2022-10-25,8.439221382141113,14.5600004196167,14.9399995803833,14.479999542236328,14.550000190734863,21000
2022-10-26,8.560940742492676,14.770000457763672,15.064000129699707,14.489999771118164,14.710000038146973,30400
2022-10-27,8.50297737121582,14.670000076293945,15.0600004196167,14.510000228881836,14.628999710083008,33700
2022-10-28,8.543551445007324,14.739999771118164,14.859999656677246,14.470000267028809,14.6899995803833,40400
2022-10-31,8.589920043945312,14.819999694824219,15.130000114440918,14.710000038146973,14.75,33600
2022-11-01,8.549345970153809,14.75,14.899999618530273,14.720000267028809,14.8100004196167,27400
2022-11-02,8.218964576721191,14.180000305175781,14.710000038146973,14.180000305175781,14.710000038146973,101300
2022-11-03,8.236352920532227,14.210000038146973,14.4399995803833,14.079999923706055,14.1899995803833,17500
2022-11-04,8.155206680297852,14.069999694824219,14.300000190734863,13.970000267028809,14.279999732971191,55200
2022-11-07,8.33488941192627,14.380000114440918,14.600000381469727,14.15999984741211,14.229999542236328,41000
2022-11-08,8.201577186584473,14.149999618530273,14.5,14.119999885559082,14.470000267028809,23000
2022-11-09,8.468201637268066,14.609999656677246,14.994000434875488,14.25,14.279999732971191,32000
2022-11-10,9.111576080322266,15.720000267028809,15.920000076293945,14.795000076293945,14.989999771118164,120200
2022-11-11,9.256478309631348,15.970000267028809,16.0,15.569999694824219,15.619999885559082,80700
2022-11-14,9.14635181427002,15.779999732971191,16.219999313354492,15.619999885559082,15.989999771118164,60300
2022-11-15,9.053613662719727,15.619999885559082,16.299999237060547,15.425000190734863,15.829999923706055,97500
2022-11-16,8.98405933380127,15.5,15.8100004196167,15.395000457763672,15.600000381469727,43500
2022-11-17,8.960875511169434,15.460000038146973,15.649999618530273,15.300000190734863,15.460000038146973,143700
2022-11-18,8.98405933380127,15.5,15.600000381469727,15.279999732971191,15.539999961853027,253400
2022-11-21,9.233296394348145,15.930000305175781,16.049999237060547,15.199999809265137,15.359999656677246,50200
2022-11-22,9.128962516784668,15.75,16.100000381469727,15.6899995803833,15.819999694824219,17100
2022-11-23,9.244887351989746,15.949999809265137,16.075000762939453,15.769000053405762,15.770000457763672,7600
2022-11-25,9.215906143188477,15.899999618530273,16.09000015258789,15.75,15.899999618530273,12000
2022-11-28,9.181131362915039,15.84000015258789,16.020000457763672,15.800000190734863,15.930000305175781,12200
2022-11-29,9.244887351989746,15.949999809265137,16.1200008392334,15.812000274658203,15.960000038146973,19800
2022-11-30,9.389792442321777,16.200000762939453,16.450000762939453,15.819999694824219,15.819999694824219,55200
2022-12-01,9.48253059387207,16.360000610351562,16.5,16.1200008392334,16.34000015258789,49000
2022-12-02,9.366606712341309,16.15999984741211,16.34000015258789,16.010000228881836,16.34000015258789,23800
2022-12-05,9.273869514465332,16.0,16.284000396728516,15.720000267028809,16.219999313354492,34000
2022-12-06,9.204314231872559,15.880000114440918,16.309999465942383,15.718000411987305,15.9399995803833,21200
2022-12-07,9.082594871520996,15.670000076293945,16.104999542236328,15.520000457763672,15.779999732971191,44600
2022-12-08,9.221700668334961,15.90999984741211,16.040000915527344,15.65999984741211,15.883999824523926,18300
2022-12-09,9.302847862243652,16.049999237060547,16.309999465942383,15.869999885559082,15.869999885559082,83900
2022-12-12,9.233296394348145,15.930000305175781,16.190000534057617,15.819999694824219,16.049999237060547,22400
2022-12-13,9.204314231872559,15.880000114440918,16.06999969482422,15.789999961853027,16.06999969482422,31200
2022-12-14,9.198518753051758,15.869999885559082,16.06999969482422,15.78499984741211,16.06999969482422,71400
2022-12-15,9.233296394348145,15.930000305175781,16.059999465942383,15.789999961853027,15.789999961853027,25300
2022-12-16,9.001447677612305,15.529999732971191,16.239999771118164,15.529999732971191,16.190000534057617,176800
2022-12-19,9.210110664367676,15.890000343322754,15.970000267028809,15.680000305175781,15.680000305175781,35800
2022-12-20,9.181131362915039,15.84000015258789,16.054000854492188,15.829999923706055,16.0,44800
2022-12-21,9.210110664367676,15.890000343322754,16.06999969482422,15.199999809265137,15.899999618530273,48100
2022-12-22,9.059409141540527,15.630000114440918,15.880000114440918,15.0,15.880000114440918,66400
2022-12-23,9.204314231872559,15.880000114440918,15.9399995803833,15.520000457763672,15.670000076293945,43800
2022-12-27,8.98405933380127,15.5,15.899999618530273,15.359999656677246,15.829999923706055,71200
2022-12-28,9.128962516784668,15.75,15.869999885559082,15.5600004196167,15.630000114440918,50800
2022-12-29,9.135054588317871,15.0,15.239999771118164,14.390000343322754,14.430000305175781,59000
2022-12-30,9.17768383026123,15.069999694824219,15.239999771118164,14.850000381469727,14.979999542236328,53200
2023-01-03,9.135054588317871,15.0,15.166999816894531,14.90999984741211,15.109999656677246,37400
2023-01-04,8.99498462677002,14.770000457763672,15.050000190734863,14.770000457763672,14.90999984741211,10900
2023-01-05,8.946263313293457,14.6899995803833,15.069999694824219,14.680000305175781,14.75,61600
2023-01-06,9.183773040771484,15.079999923706055,15.079999923706055,14.739999771118164,14.800000190734863,36700
2023-01-09,9.275125503540039,15.229999542236328,15.390000343322754,15.010000228881836,15.010000228881836,43700
2023-01-10,9.342114448547363,15.34000015258789,15.5,15.027999877929688,15.027999877929688,16200
2023-01-11,9.628345489501953,15.8100004196167,15.949999809265137,15.444000244140625,15.5600004196167,65100
2023-01-12,9.616167068481445,15.789999961853027,15.819999694824219,15.630000114440918,15.75,30300
2023-01-13,9.603987693786621,15.770000457763672,15.949999809265137,15.5,15.680000305175781,61900
2023-01-17,9.451736450195312,15.520000457763672,15.930000305175781,15.510000228881836,15.65999984741211,31200
2023-01-18,9.512636184692383,15.619999885559082,15.720000267028809,15.199999809265137,15.579999923706055,26100
2023-01-19,9.256855010986328,15.199999809265137,15.619999885559082,15.149999618530273,15.619999885559082,34100
2023-01-20,9.281214714050293,15.239999771118164,15.270000457763672,15.020000457763672,15.260000228881836,17700
2023-01-23,9.360384941101074,15.369999885559082,15.470000267028809,15.199999809265137,15.199999809265137,22600
2023-01-24,9.305575370788574,15.279999732971191,15.449999809265137,15.15999984741211,15.449999809265137,44600
2023-01-25,9.433465957641602,15.489999771118164,15.569999694824219,15.199999809265137,15.270000457763672,40300
2023-01-26,9.421285629272461,15.470000267028809,15.640000343322754,15.25,15.59000015258789,38700
2023-01-27,9.378654479980469,15.399999618530273,15.550000190734863,15.239999771118164,15.529999732971191,33600
2023-01-30,9.384746551513672,15.40999984741211,15.5,15.369999885559082,15.399999618530273,18800
2023-01-31,9.409104347229004,15.449999809265137,15.505000114440918,15.359999656677246,15.470000267028809,20300
2023-02-01,9.287304878234863,15.25,15.449999809265137,15.180000305175781,15.369999885559082,20100
2023-02-02,9.378654479980469,15.399999618530273,15.5,15.260000228881836,15.260000228881836,37600
2023-02-03,9.378654479980469,15.399999618530273,15.454999923706055,15.319999694824219,15.319999694824219,18200
2023-02-06,9.299485206604004,15.270000457763672,15.4399995803833,15.20300006866455,15.399999618530273,13700
2023-02-07,9.39083480834961,15.420000076293945,15.470000267028809,15.180000305175781,15.180000305175781,177600
2023-02-08,9.287304878234863,15.25,15.5,15.197999954223633,15.5,8400
2023-02-09,9.256855010986328,15.199999809265137,15.449999809265137,15.15999984741211,15.449999809265137,19900
2023-02-10,9.262947082519531,15.210000038146973,15.380000114440918,15.010000228881836,15.260000228881836,50400
2023-02-13,9.135054588317871,15.0,15.170000076293945,14.779999732971191,15.130000114440918,67100
2023-02-14,9.23249340057373,15.15999984741211,15.289999961853027,14.819999694824219,15.0,140300
2023-02-15,9.147233963012695,15.020000457763672,15.130000114440918,14.789999961853027,15.069999694824219,69600
2023-02-16,9.092423439025879,14.930000305175781,15.020000457763672,14.84000015258789,14.920000076293945,35100
2023-02-17,9.159414291381836,15.039999961853027,15.180000305175781,14.819999694824219,14.930000305175781,47800
2023-02-21,9.092423439025879,14.930000305175781,15.029999732971191,14.850000381469727,15.0,19400
2023-02-22,9.025432586669922,14.819999694824219,15.043999671936035,14.819999694824219,14.930000305175781,48100
2023-02-23,9.135054588317871,15.0,15.020000457763672,14.800000190734863,14.880000114440918,23000
2023-02-24,9.013252258300781,14.800000190734863,14.989999771118164,14.760000228881836,14.880000114440918,49600
2023-02-27,8.958442687988281,14.710000038146973,14.989999771118164,14.649999618530273,14.800000190734863,31800
2023-02-28,8.927992820739746,14.65999984741211,14.800000190734863,14.430000305175781,14.510000228881836,64800
2023-03-01,8.806192398071289,14.460000038146973,14.699999809265137,14.40999984741211,14.680000305175781,31900
2023-03-02,8.751380920410156,14.369999885559082,14.460000038146973,14.25,14.449999809265137,44700
2023-03-03,8.739201545715332,14.350000381469727,14.470000267028809,14.180000305175781,14.470000267028809,33500
2023-03-06,8.739201545715332,14.350000381469727,14.369999885559082,14.210000038146973,14.350000381469727,30700
2023-03-07,8.714842796325684,14.3100004196167,14.369999885559082,14.140000343322754,14.350000381469727,53400
2023-03-08,8.70875072479248,14.300000190734863,14.61299991607666,14.180000305175781,14.420000076293945,97600
2023-03-09,8.501689910888672,13.960000038146973,14.680000305175781,13.90999984741211,14.130000114440918,138700
2023-03-10,8.221548080444336,13.5,14.119999885559082,13.458000183105469,13.9399995803833,187300
2023-03-13,7.971858024597168,13.09000015258789,14.0,13.0600004196167,13.479999542236328,111000
2023-03-14,7.965766906738281,13.079999923706055,13.619999885559082,13.029999732971191,13.40999984741211,121900
2023-03-15,7.9170451164245605,13.0,13.289999961853027,12.90999984741211,13.079999923706055,91600
2023-03-16,8.075387954711914,13.260000228881836,13.390000343322754,12.960000038146973,13.050000190734863,69800
2023-03-17,7.9170451164245605,13.0,13.420000076293945,12.90999984741211,13.180000305175781,73700
2023-03-20,8.093657493591309,13.289999961853027,13.399999618530273,12.975000381469727,13.140000343322754,128000
2023-03-21,8.227639198303223,13.510000228881836,13.71500015258789,13.359999656677246,13.4399995803833,129200
2023-03-22,8.142378807067871,13.369999885559082,13.649999618530273,13.329999923706055,13.5,190500
2023-03-23,7.996216773986816,13.130000114440918,13.65999984741211,12.975000381469727,13.449999809265137,202800
2023-03-24,8.379889488220215,13.760000228881836,13.90999984741211,13.0,13.039999961853027,130100
2023-03-27,8.282448768615723,13.600000381469727,13.979999542236328,13.569999694824219,13.979999542236328,93000
2023-03-28,8.29463005065918,13.619999885559082,13.6899995803833,13.359999656677246,13.609999656677246,77000
2023-03-29,8.318987846374512,13.65999984741211,13.819999694824219,13.569999694824219,13.670000076293945,88900
2023-03-30,8.363138198852539,13.260000228881836,13.520000457763672,13.199999809265137,13.460000038146973,74900
2023-03-31,8.520814895629883,13.510000228881836,13.510000228881836,13.260000228881836,13.34000015258789,34800
2023-04-03,8.552350044250488,13.5600004196167,13.600000381469727,13.260000228881836,13.510000228881836,60300
2023-04-04,8.520814895629883,13.510000228881836,13.75,13.369999885559082,13.640000343322754,48400
2023-04-05,8.514506340026855,13.5,13.59000015258789,13.329999923706055,13.489999771118164,28900
2023-04-06,8.697413444519043,13.789999961853027,13.829999923706055,13.5,13.520000457763672,80400
2023-04-10,8.6532621383667,13.720000267028809,13.850000381469727,13.569999694824219,13.680000305175781,29300
2023-04-11,8.64064884185791,13.699999809265137,13.8100004196167,13.607999801635742,13.770000457763672,35200
2023-04-12,8.810938835144043,13.970000267028809,14.359999656677246,13.75,13.75,63500
2023-04-13,8.609111785888672,13.649999618530273,13.970000267028809,13.5,13.970000267028809,44600
2023-04-14,8.697413444519043,13.789999961853027,13.899999618530273,13.600000381469727,13.819999694824219,57600
2023-04-17,8.7667875289917,13.899999618530273,14.149999618530273,13.673999786376953,13.850000381469727,92600
2023-04-18,8.735254287719727,13.850000381469727,14.25,13.819999694824219,14.25,39200
2023-04-19,8.75417423248291,13.880000114440918,14.039999961853027,13.819999694824219,13.880000114440918,24100
2023-04-20,8.792016983032227,13.9399995803833,14.076000213623047,13.819999694824219,13.819999694824219,10800
2023-04-21,8.848780632019043,14.029999732971191,14.069999694824219,13.859999656677246,13.899999618530273,35200
2023-04-24,8.836167335510254,14.010000228881836,14.09000015258789,13.899999618530273,14.09000015258789,22900
2023-04-25,8.823552131652832,13.989999771118164,14.079999923706055,13.899999618530273,13.920000076293945,29300
2023-04-26,8.82985782623291,14.0,14.069999694824219,13.880000114440918,13.930000305175781,28700
2023-04-27,8.823552131652832,13.989999771118164,14.140000343322754,13.906000137329102,14.020000457763672,24800
2023-04-28,8.930771827697754,14.15999984741211,14.220000267028809,13.960000038146973,13.960000038146973,20700
2023-05-01,8.855087280273438,14.039999961853027,14.211000442504883,14.008999824523926,14.130000114440918,19400
2023-05-02,8.75417423248291,13.880000114440918,14.0600004196167,13.869999885559082,14.010000228881836,15600
2023-05-03,8.779401779174805,13.920000076293945,14.100000381469727,13.90999984741211,13.949999809265137,31600
2023-05-04,8.728946685791016,13.84000015258789,13.960000038146973,13.670000076293945,13.869999885559082,25100
2023-05-05,8.817246437072754,13.979999542236328,14.069999694824219,13.805000305175781,13.970000267028809,45100
2023-05-08,8.892930030822754,14.100000381469727,14.100000381469727,13.939000129699707,14.079999923706055,30100
2023-05-09,8.874009132385254,14.069999694824219,14.100000381469727,13.850000381469727,14.09000015258789,26600
2023-05-10,9.233509063720703,14.640000343322754,14.710000038146973,14.005000114440918,14.09000015258789,85500
2023-05-11,9.189360618591309,14.569999694824219,14.699999809265137,14.399999618530273,14.600000381469727,31600
2023-05-12,9.006457328796387,14.279999732971191,14.529999732971191,14.100000381469727,14.529999732971191,43400
2023-05-15,8.937078475952148,14.170000076293945,14.359999656677246,14.039999961853027,14.359999656677246,16400
2023-05-16,8.937078475952148,14.170000076293945,14.270000457763672,14.109999656677246,14.1899995803833,13300
2023-05-17,9.082140922546387,14.399999618530273,14.489999771118164,14.25,14.279999732971191,40700
2023-05-18,9.006457328796387,14.279999732971191,14.59000015258789,14.170000076293945,14.59000015258789,57700
2023-05-19,8.880314826965332,14.079999923706055,14.399999618530273,14.020000457763672,14.390000343322754,68600
2023-05-22,9.145212173461914,14.5,14.600000381469727,14.020000457763672,14.020000457763672,93800
2023-05-23,9.164132118225098,14.529999732971191,14.600000381469727,14.395000457763672,14.579999923706055,66000
2023-05-24,9.126290321350098,14.470000267028809,14.59000015258789,14.41100025177002,14.539999961853027,25700
2023-05-25,9.075834274291992,14.390000343322754,14.5600004196167,14.359999656677246,14.5600004196167,28700
2023-05-26,9.20197582244873,14.59000015258789,14.59000015258789,14.375,14.414999961853027,36200
2023-05-30,9.138903617858887,14.489999771118164,14.649999618530273,14.3100004196167,14.649999618530273,48200
2023-05-31,9.170439720153809,14.539999961853027,14.600000381469727,14.390000343322754,14.390000343322754,43900
2023-06-01,9.302887916564941,14.75,14.930000305175781,14.519000053405762,14.619999885559082,76600
2023-06-02,9.410106658935547,14.920000076293945,15.0,14.729999542236328,14.75,75500
2023-06-05,9.422720909118652,14.9399995803833,15.069999694824219,14.899999618530273,14.989999771118164,66500
2023-06-06,9.454256057739258,14.989999771118164,15.005000114440918,14.90999984741211,14.9399995803833,143200
2023-06-07,9.611933708190918,15.239999771118164,15.329999923706055,14.960000038146973,15.0600004196167,143000
2023-06-08,9.643468856811523,15.289999961853027,15.289999961853027,15.109999656677246,15.239999771118164,70400
2023-06-09,9.630854606628418,15.270000457763672,15.289999961853027,15.229999542236328,15.289999961853027,53000
2023-06-12,9.700231552124023,15.380000114440918,15.449999809265137,15.197999954223633,15.260000228881836,75800
2023-06-13,9.832679748535156,15.59000015258789,15.640000343322754,15.329999923706055,15.4399995803833,64800
2023-06-14,9.801143646240234,15.539999961853027,15.800000190734863,15.479999542236328,15.623000144958496,110900
2023-06-15,9.744380950927734,15.449999809265137,15.649999618530273,15.430000305175781,15.649999618530273,116100
2023-06-16,10.028196334838867,15.899999618530273,16.219999313354492,15.420000076293945,15.449999809265137,595900
2023-06-20,10.129108428955078,16.059999465942383,16.190000534057617,15.720000267028809,15.989999771118164,170400
2023-06-21,10.0849609375,15.989999771118164,16.200000762939453,15.760000228881836,16.079999923706055,121900
2023-06-22,10.072345733642578,15.970000267028809,16.089000701904297,15.9399995803833,16.040000915527344,95300
2023-06-23,9.49209976196289,15.050000190734863,16.0,15.050000190734863,15.84000015258789,1574000
2023-06-26,9.79483699798584,15.529999732971191,15.710000038146973,15.050000190734863,15.050000190734863,230700
2023-06-27,9.832679748535156,15.59000015258789,16.0,15.529999732971191,15.600000381469727,263900
2023-06-28,9.89574909210205,15.6899995803833,15.949999809265137,15.5,15.600000381469727,144900
2023-06-29,9.798221588134766,15.069999694824219,15.3100004196167,14.970000267028809,15.3100004196167,85700
2023-06-30,9.850234985351562,15.149999618530273,15.470000267028809,15.0,15.149999618530273,110800
2023-07-03,9.817728042602539,15.100000381469727,15.239999771118164,14.975000381469727,15.170000076293945,41900
2023-07-05,9.908754348754883,15.239999771118164,15.369999885559082,15.010000228881836,15.149999618530273,105400
2023-07-06,9.882744789123535,15.199999809265137,15.34000015258789,15.100000381469727,15.270000457763672,52500
2023-07-07,9.837233543395996,15.130000114440918,15.34000015258789,15.100000381469727,15.25,74200
2023-07-10,9.980273246765137,15.350000381469727,15.380000114440918,15.149999618530273,15.15999984741211,134500
2023-07-11,9.921756744384766,15.260000228881836,15.430000305175781,15.170000076293945,15.390000343322754,130600
2023-07-12,10.071297645568848,15.489999771118164,15.600000381469727,15.260000228881836,15.260000228881836,132600
2023-07-13,10.06479549407959,15.479999542236328,15.597000122070312,15.430000305175781,15.520000457763672,58700
2023-07-14,9.856738090515137,15.15999984741211,15.479999542236328,15.109999656677246,15.479999542236328,69200
2023-07-17,9.934760093688965,15.279999732971191,15.359999656677246,15.135000228881836,15.199999809265137,63500
2023-07-18,9.87624454498291,15.1899995803833,15.399999618530273,15.170000076293945,15.210000038146973,58700
2023-07-19,9.94776439666748,15.300000190734863,15.420000076293945,15.260000228881836,15.3100004196167,56000
2023-07-20,9.941264152526855,15.289999961853027,15.329999923706055,15.133999824523926,15.300000190734863,49200
2023-07-21,9.7852201461792,15.050000190734863,15.390000343322754,15.020000457763672,15.390000343322754,49100
2023-07-24,9.908754348754883,15.239999771118164,15.300000190734863,15.069999694824219,15.100000381469727,63700
2023-07-25,9.89574909210205,15.220000267028809,15.300000190734863,15.100000381469727,15.140000343322754,62000
2023-07-26,9.908754348754883,15.239999771118164,15.359999656677246,15.210000038146973,15.239999771118164,58300
2023-07-27,9.850234985351562,15.149999618530273,15.300000190734863,15.100000381469727,15.300000190734863,45300
2023-07-28,9.863239288330078,15.170000076293945,15.350000381469727,15.079999923706055,15.239999771118164,109000
2023-07-31,9.908754348754883,15.239999771118164,15.329999923706055,15.0600004196167,15.0600004196167,98100
2023-08-01,9.837233543395996,15.130000114440918,15.279999732971191,15.069999694824219,15.25,51600
2023-08-02,9.791720390319824,15.0600004196167,15.199999809265137,15.050000190734863,15.119999885559082,82000
2023-08-03,9.882744789123535,15.199999809265137,15.300000190734863,14.9399995803833,15.029999732971191,98100
2023-08-04,10.126562118530273,15.574999809265137,15.739999771118164,15.232000350952148,15.270000457763672,163200
2023-08-07,10.123313903808594,15.569999694824219,15.800000190734863,15.510000228881836,15.670000076293945,109500
2023-08-08,10.038788795471191,15.4399995803833,15.619999885559082,15.369999885559082,15.619999885559082,78900
2023-08-09,10.06479549407959,15.479999542236328,15.75,15.449999809265137,15.680000305175781,115600
2023-08-10,9.869743347167969,15.180000305175781,15.550000190734863,14.430000305175781,15.520000457763672,245600
2023-08-11,9.752708435058594,15.0,15.239999771118164,14.960000038146973,15.239999771118164,84600
2023-08-14,9.694192886352539,14.90999984741211,15.0600004196167,14.75,15.039999961853027,84800
2023-08-15,9.681190490722656,14.890000343322754,15.079999923706055,14.850000381469727,14.9399995803833,95100
2023-08-16,9.681190490722656,14.890000343322754,15.0,14.8100004196167,14.930000305175781,80200
2023-08-17,9.778717994689941,15.039999961853027,15.130000114440918,14.890000343322754,14.890000343322754,100000
2023-08-18,9.765713691711426,15.020000457763672,15.09000015258789,14.946000099182129,15.039999961853027,85000
2023-08-21,9.219561576843262,14.180000305175781,15.0600004196167,14.130000114440918,15.0600004196167,215500
2023-08-22,9.213059425354004,14.170000076293945,14.446000099182129,14.149999618530273,14.229999542236328,58000
2023-08-23,9.226062774658203,14.1899995803833,14.399999618530273,14.09000015258789,14.180000305175781,97500
2023-08-24,9.362600326538086,14.399999618530273,14.489999771118164,14.1899995803833,14.1899995803833,52800
2023-08-25,9.401612281799316,14.460000038146973,14.5649995803833,14.279999732971191,14.470000267028809,44900
2023-08-28,9.466629981994629,14.5600004196167,14.850000381469727,14.5,14.510000228881836,90600
2023-08-29,9.635676383972168,14.819999694824219,14.84000015258789,14.520000457763672,14.520000457763672,52000
2023-08-30,9.928258895874023,15.270000457763672,15.319999694824219,14.850000381469727,14.869999885559082,159800
2023-08-31,9.830731391906738,15.119999885559082,15.449999809265137,15.050000190734863,15.239999771118164,88400
2023-09-01,9.889248847961426,15.210000038146973,15.260000228881836,15.017999649047852,15.149999618530273,74800
2023-09-05,9.713699340820312,14.9399995803833,15.149999618530273,14.666999816894531,15.079999923706055,126500
2023-09-06,9.856738090515137,15.15999984741211,15.180000305175781,14.885000228881836,14.989999771118164,73000
2023-09-07,9.94776439666748,15.300000190734863,15.470000267028809,15.130000114440918,15.180000305175781,123300
2023-09-08,9.921756744384766,15.260000228881836,15.390000343322754,15.119999885559082,15.390000343322754,67700
2023-09-11,9.993276596069336,15.369999885559082,15.550000190734863,15.3100004196167,15.369999885559082,103600
2023-09-12,9.661683082580566,14.859999656677246,15.4399995803833,14.739999771118164,15.4399995803833,118300
2023-09-13,9.551154136657715,14.6899995803833,14.949999809265137,14.595000267028809,14.949999809265137,85100
2023-09-14,9.746207237243652,14.989999771118164,15.039999961853027,14.699999809265137,14.789999961853027,107900
2023-09-15,9.902252197265625,15.229999542236328,15.329999923706055,14.829999923706055,15.069999694824219,505700
2023-09-18,10.038788795471191,15.4399995803833,15.604999542236328,15.119999885559082,15.40999984741211,127500
2023-09-19,10.123313903808594,15.569999694824219,15.684000015258789,15.460000038146973,15.479999542236328,84200
2023-09-20,10.149319648742676,15.609999656677246,15.819999694824219,15.600000381469727,15.670000076293945,89900
2023-09-21,10.136317253112793,15.59000015258789,15.6899995803833,15.399999618530273,15.569999694824219,81000
2023-09-22,9.967267990112305,15.329999923706055,15.670000076293945,15.329999923706055,15.569999694824219,97500
2023-09-25,9.941264152526855,15.289999961853027,15.479999542236328,15.199999809265137,15.350000381469727,127500
2023-09-26,9.882744789123535,15.199999809265137,15.329999923706055,15.149999618530273,15.210000038146973,61700
2023-09-27,9.798221588134766,15.069999694824219,15.265000343322754,15.050000190734863,15.210000038146973,98000
2023-09-28,9.86533260345459,14.699999809265137,14.788000106811523,14.520000457763672,14.649999618530273,102400
2023-09-29,9.878755569458008,14.720000267028809,14.899999618530273,14.600000381469727,14.899999618530273,59100
2023-10-02,9.811644554138184,14.619999885559082,14.710000038146973,14.40999984741211,14.710000038146973,81500
2023-10-03,9.69084358215332,14.4399995803833,14.59000015258789,14.25,14.59000015258789,143800
2023-10-04,9.74453353881836,14.520000457763672,14.569999694824219,14.359999656677246,14.430000305175781,84400
2023-10-05,9.89217758178711,14.739999771118164,14.829999923706055,14.510000228881836,14.550000190734863,60500
2023-10-06,9.872044563293457,14.710000038146973,14.8100004196167,14.461000442504883,14.65999984741211,43200
2023-10-09,9.9458646774292,14.819999694824219,14.855999946594238,14.609999656677246,14.609999656677246,47900
2023-10-10,9.89888858795166,14.75,14.979999542236328,14.729999542236328,14.850000381469727,62300
2023-10-11,10.080089569091797,15.020000457763672,15.104999542236328,14.739999771118164,14.739999771118164,95500
2023-10-12,10.053244590759277,14.979999542236328,15.069999694824219,14.779999732971191,15.050000190734863,74100
2023-10-13,10.046533584594727,14.970000267028809,15.119999885559082,14.9399995803833,14.979999542236328,42200
2023-10-16,10.066666603088379,15.0,15.109999656677246,14.819999694824219,15.0600004196167,66200
2023-10-17,10.01297664642334,14.920000076293945,15.09000015258789,14.800000190734863,15.029999732971191,56200
2023-10-18,9.804933547973633,14.609999656677246,14.90999984741211,14.550000190734863,14.84000015258789,52000
2023-10-19,9.710977554321289,14.470000267028809,14.649999618530273,14.369999885559082,14.59000015258789,53700
2023-10-20,9.737822532653809,14.510000228881836,14.680000305175781,14.5,14.520000457763672,58000
2023-10-23,9.617021560668945,14.329999923706055,14.600000381469727,14.279999732971191,14.529999732971191,57100
2023-10-24,9.637155532836914,14.359999656677246,14.559000015258789,14.300000190734863,14.369999885559082,36200
2023-10-25,9.610311508178711,14.319999694824219,14.444999694824219,14.170000076293945,14.369999885559082,56400
2023-10-26,9.590178489685059,14.289999961853027,14.520000457763672,14.260000228881836,14.3100004196167,44100
2023-10-27,9.415688514709473,14.029999732971191,14.265000343322754,13.859999656677246,14.229999542236328,86700
2023-10-30,9.362000465393066,13.949999809265137,14.151000022888184,13.869999885559082,14.119999885559082,54400
2023-10-31,9.455955505371094,14.09000015258789,14.220000267028809,13.9399995803833,14.029999732971191,39900
2023-11-01,9.455955505371094,14.09000015258789,14.187000274658203,13.890000343322754,14.0600004196167,42000
2023-11-02,9.610311508178711,14.319999694824219,14.329999923706055,14.15999984741211,14.15999984741211,52400
2023-11-03,9.737822532653809,14.510000228881836,14.569999694824219,14.350000381469727,14.470000267028809,48200
2023-11-06,9.778088569641113,14.569999694824219,14.631999969482422,14.380000114440918,14.630000114440918,52800
2023-11-07,10.120354652404785,15.079999923706055,15.079999923706055,14.520000457763672,14.520000457763672,89200
2023-11-08,10.355244636535645,15.430000305175781,15.5600004196167,15.022000312805176,15.100000381469727,117500
2023-11-09,10.174043655395508,15.15999984741211,15.529999732971191,15.119999885559082,15.359999656677246,33600
2023-11-10,10.341822624206543,15.40999984741211,15.489999771118164,15.07699966430664,15.180000305175781,48500
2023-11-13,10.147198677062988,15.119999885559082,15.359999656677246,15.020000457763672,15.359999656677246,31400
2023-11-14,10.469332695007324,15.600000381469727,15.600000381469727,15.135000228881836,15.350000381469727,97000
2023-11-15,10.294843673706055,15.34000015258789,15.630000114440918,15.220000267028809,15.609999656677246,92600
2023-11-16,10.066666603088379,15.0,15.385000228881836,14.920000076293945,15.34000015258789,65700
2023-11-17,10.086799621582031,15.029999732971191,15.199999809265137,14.930000305175781,15.039999961853027,169200
2023-11-20,10.221022605895996,15.229999542236328,15.289999961853027,15.029999732971191,15.149999618530273,56500
2023-11-21,10.194177627563477,15.1899995803833,15.270000457763672,15.140000343322754,15.1899995803833,26800
2023-11-22,10.147198677062988,15.119999885559082,15.289999961853027,14.949999809265137,15.279999732971191,53200
2023-11-24,10.267999649047852,15.300000190734863,15.390000343322754,15.199999809265137,15.25,67400
2023-11-27,10.241156578063965,15.260000228881836,15.289999961853027,15.140000343322754,15.229999542236328,28300
2023-11-28,10.2612886428833,15.289999961853027,15.369999885559082,15.199999809265137,15.25,74100
2023-11-29,10.462621688842773,15.59000015258789,15.600000381469727,15.319999694824219,15.319999694824219,76700
2023-11-30,10.388799667358398,15.479999542236328,15.739999771118164,15.460000038146973,15.649999618530273,60100
2023-12-01,10.509599685668945,15.65999984741211,15.680000305175781,15.34000015258789,15.430000305175781,71800
2023-12-04,10.610265731811523,15.8100004196167,15.850000381469727,15.539999961853027,15.539999961853027,59500
2023-12-05,10.637110710144043,15.850000381469727,15.949999809265137,15.732999801635742,15.84000015258789,77000
2023-12-06,10.40893268585205,15.510000228881836,15.869999885559082,15.392000198364258,15.850000381469727,54400
2023-12-07,10.496177673339844,15.640000343322754,15.649999618530273,15.470000267028809,15.470000267028809,44500
2023-12-08,10.523021697998047,15.680000305175781,15.779999732971191,15.479999542236328,15.479999542236328,83600
2023-12-11,10.563289642333984,15.739999771118164,15.770000457763672,15.609999656677246,15.770000457763672,48100
2023-12-12,10.536444664001465,15.699999809265137,15.765000343322754,15.680000305175781,15.760000228881836,28900
2023-12-13,10.73106575012207,15.989999771118164,15.989999771118164,15.699999809265137,15.739999771118164,68700
2023-12-14,10.70422077178955,15.949999809265137,16.0,15.819999694824219,15.979999542236328,102100
2023-12-15,10.70422077178955,15.949999809265137,16.0,15.789999961853027,16.0,130500
2023-12-18,10.87870979309082,16.209999084472656,16.229999542236328,15.859999656677246,16.09000015258789,93700
2023-12-19,11.281376838684082,16.809999465942383,16.81999969482422,16.200000762939453,16.200000762939453,133200
2023-12-20,11.012931823730469,16.40999984741211,16.860000610351562,16.389999389648438,16.860000610351562,138200
2023-12-21,11.234400749206543,16.739999771118164,16.829999923706055,16.5,16.5,103600
2023-12-22,11.20755672454834,16.700000762939453,16.780000686645508,16.59000015258789,16.770000457763672,91900
2023-12-26,11.341777801513672,16.899999618530273,16.920000076293945,16.729999542236328,16.780000686645508,225400
2023-12-27,11.724311828613281,17.469999313354492,17.649999618530273,16.950000762939453,17.0,245100
2023-12-28,11.261231422424316,16.049999237060547,16.700000762939453,15.869999885559082,16.59000015258789,257400
2023-12-29,11.352445602416992,16.18000030517578,16.290000915527344,15.949999809265137,16.030000686645508,97300
2024-01-02,11.219134330749512,15.989999771118164,16.31999969482422,15.739999771118164,16.31999969482422,117800
2024-01-03,11.001627922058105,15.680000305175781,16.0,15.670000076293945,16.0,122500
2024-01-04,11.050741195678711,15.75,15.850000381469727,15.569999694824219,15.569999694824219,108800
2024-01-05,11.17703628540039,15.930000305175781,16.020000457763672,15.760000228881836,15.819999694824219,100800
2024-01-08,11.17703628540039,15.930000305175781,15.989999771118164,15.800000190734863,15.890000343322754,84300
2024-01-09,11.064775466918945,15.770000457763672,15.960000038146973,15.699999809265137,15.960000038146973,83000
2024-01-10,11.23316764831543,16.010000228881836,16.149999618530273,15.78499984741211,15.789999961853027,113100
2024-01-11,11.19808578491211,15.960000038146973,16.121000289916992,15.859999656677246,16.0,79400
2024-01-12,11.415593147277832,16.270000457763672,16.299999237060547,16.079999923706055,16.1299991607666,112400
2024-01-16,11.268248558044434,16.059999465942383,16.75,16.010000228881836,16.329999923706055,109600
2024-01-17,11.141955375671387,15.880000114440918,16.083999633789062,15.760000228881836,16.0,96000
2024-01-18,10.92444896697998,15.569999694824219,15.914999961853027,15.4399995803833,15.890000343322754,135300
2024-01-19,11.057760238647461,15.760000228881836,15.770000457763672,15.401000022888184,15.680000305175781,72200
2024-01-22,11.289298057556152,16.09000015258789,16.1299991607666,15.880000114440918,16.0,96900
2024-01-23,11.366477966308594,16.200000762939453,16.25,16.040000915527344,16.25,63900
2024-01-24,11.247200012207031,16.030000686645508,16.25,16.0,16.239999771118164,58300
2024-01-25,11.38752555847168,16.229999542236328,16.229999542236328,16.030000686645508,16.170000076293945,42400
2024-01-26,11.366477966308594,16.200000762939453,16.290000915527344,16.049999237060547,16.290000915527344,49300
2024-01-29,11.499789237976074,16.389999389648438,16.389999389648438,16.18000030517578,16.280000686645508,60700
2024-01-30,11.32437801361084,16.139999389648438,16.350000381469727,16.079999923706055,16.299999237060547,49600
2024-01-31,11.13493824005127,15.869999885559082,16.34000015258789,15.859999656677246,16.049999237060547,80600
2024-02-01,11.338412284851074,16.15999984741211,16.309999465942383,15.6899995803833,15.800000190734863,119000
2024-02-02,11.141955375671387,15.880000114440918,16.1299991607666,15.864999771118164,16.1299991607666,95000
2024-02-05,11.03670883178711,15.729999542236328,15.979999542236328,15.5600004196167,15.979999542236328,58600
2024-02-06,11.064775466918945,15.770000457763672,15.859999656677246,15.720000267028809,15.720000267028809,29100
2024-02-07,10.903398513793945,15.539999961853027,15.845000267028809,15.524999618530273,15.8100004196167,52100
2024-02-08,11.043725967407227,15.739999771118164,15.760000228881836,15.517999649047852,15.520000457763672,60600
2024-02-09,11.043725967407227,15.739999771118164,15.899999618530273,15.5,15.890000343322754,89300
2024-02-12,11.226150512695312,16.0,16.049999237060547,15.75,15.75,93300
2024-02-13,10.85428524017334,15.470000267028809,15.899999618530273,15.4399995803833,15.850000381469727,168600
2024-02-14,10.952513694763184,15.609999656677246,15.630000114440918,15.479999542236328,15.569999694824219,85900
2024-02-15,11.261231422424316,16.049999237060547,16.059999465942383,15.529999732971191,15.609999656677246,124100
2024-02-16,11.226150512695312,16.0,16.229999542236328,15.930000305175781,16.049999237060547,134300
2024-02-20,11.226150512695312,16.0,16.110000610351562,15.899999618530273,15.970000267028809,89200
2024-02-21,11.19808578491211,15.960000038146973,16.100000381469727,15.821000099182129,15.920000076293945,69100
2024-02-22,11.13493824005127,15.869999885559082,15.970000267028809,15.760000228881836,15.970000267028809,53200
2024-02-23,11.275264739990234,16.06999969482422,16.170000076293945,15.779999732971191,15.899999618530273,76100
2024-02-26,11.226150512695312,16.0,16.229999542236328,16.0,16.010000228881836,49200
2024-02-27,11.33139705657959,16.149999618530273,16.170000076293945,15.90999984741211,16.010000228881836,62800
2024-02-28,11.282279968261719,16.079999923706055,16.170000076293945,16.020000457763672,16.020000457763672,75800
2024-02-29,11.429625511169434,16.290000915527344,16.350000381469727,16.110000610351562,16.200000762939453,76300
2024-03-01,11.49277114868164,16.3799991607666,16.3799991607666,16.200000762939453,16.290000915527344,42700
2024-03-04,11.317362785339355,16.1299991607666,16.389999389648438,16.1299991607666,16.389999389648438,45800
2024-03-05,11.33139705657959,16.149999618530273,16.204999923706055,16.100000381469727,16.149999618530273,42200
2024-03-06,11.33139705657959,16.149999618530273,16.299999237060547,16.09000015258789,16.270000457763672,51400
2024-03-07,11.310347557067871,16.1200008392334,16.239999771118164,16.0,16.239999771118164,73300
2024-03-08,11.352445602416992,16.18000030517578,16.360000610351562,16.139999389648438,16.149999618530273,78200
2024-03-11,11.49277114868164,16.3799991607666,16.459999084472656,16.239999771118164,16.31999969482422,88400
2024-03-12,11.366477966308594,16.200000762939453,16.489999771118164,16.040000915527344,16.489999771118164,74600
2024-03-13,11.366477966308594,16.200000762939453,16.343000411987305,16.170000076293945,16.280000686645508,56900
2024-03-14,11.191068649291992,15.949999809265137,16.290000915527344,15.800000190734863,16.15999984741211,106900
2024-03-15,11.373493194580078,16.209999084472656,16.229999542236328,15.899999618530273,15.970000267028809,154100
2024-03-18,11.282279968261719,16.079999923706055,16.469999313354492,16.010000228881836,16.200000762939453,176900
2024-03-19,11.261231422424316,16.049999237060547,16.170000076293945,15.970000267028809,16.040000915527344,107400
2024-03-20,11.345429420471191,16.170000076293945,16.229999542236328,15.930000305175781,15.930000305175781,116800
2024-03-21,11.450674057006836,16.31999969482422,16.450000762939453,16.1299991607666,16.1299991607666,227100
2024-03-22,11.310347557067871,16.1200008392334,16.31999969482422,16.09000015258789,16.290000915527344,136700
2024-03-25,11.394542694091797,16.239999771118164,16.30500030517578,16.1200008392334,16.1200008392334,113300
2024-03-26,11.289298057556152,16.09000015258789,16.39900016784668,16.06999969482422,16.389999389648438,206900
2024-03-27,11.339889526367188,15.6899995803833,15.857999801635742,15.604999542236328,15.829999923706055,155300
2024-03-28,11.397710800170898,15.770000457763672,15.880000114440918,15.680000305175781,15.6899995803833,159300
2024-04-01,11.267616271972656,15.59000015258789,15.739999771118164,15.5,15.710000038146973,149300
2024-04-02,11.289297103881836,15.619999885559082,15.630000114440918,15.510000228881836,15.600000381469727,110700
2024-04-03,11.282071113586426,15.609999656677246,15.65999984741211,15.555000305175781,15.569999694824219,73200
2024-04-04,11.245932579040527,15.5600004196167,15.75,15.520000457763672,15.720000267028809,80100
2024-04-05,11.361572265625,15.720000267028809,15.729999542236328,15.550000190734863,15.569999694824219,58900
2024-04-08,11.282071113586426,15.609999656677246,15.789999961853027,15.59000015258789,15.630000114440918,66100
2024-04-09,11.354345321655273,15.710000038146973,15.710000038146973,15.510000228881836,15.699999809265137,78800
2024-04-10,11.014656066894531,15.239999771118164,15.539999961853027,15.149999618530273,15.520000457763672,124100
2024-04-11,11.318206787109375,15.65999984741211,15.710000038146973,15.369999885559082,15.479999542236328,105400
2024-04-12,11.180887222290039,15.470000267028809,15.739999771118164,15.420000076293945,15.649999618530273,87400
2024-04-15,11.108611106872559,15.369999885559082,15.524999618530273,15.211999893188477,15.470000267028809,123200
2024-04-16,11.043562889099121,15.279999732971191,15.420000076293945,15.220000267028809,15.380000114440918,68800
2024-04-17,11.065247535705566,15.3100004196167,15.5600004196167,15.289999961853027,15.359999656677246,103500
2024-04-18,11.101383209228516,15.359999656677246,15.479999542236328,15.329999923706055,15.350000381469727,62100
2024-04-19,11.195340156555176,15.489999771118164,15.529999732971191,15.300000190734863,15.300000190734863,57200
2024-04-22,11.296525955200195,15.630000114440918,15.680000305175781,15.430000305175781,15.539999961853027,50000
2024-04-23,11.332663536071777,15.680000305175781,15.760000228881836,15.5600004196167,15.619999885559082,66700
2024-04-24,11.354345321655273,15.710000038146973,15.770000457763672,15.59000015258789,15.699999809265137,69900
2024-04-25,11.245932579040527,15.5600004196167,15.73900032043457,15.520000457763672,15.619999885559082,59500
2024-04-26,11.310980796813965,15.649999618530273,15.670000076293945,15.520000457763672,15.5600004196167,70200
2024-04-29,11.332663536071777,15.680000305175781,15.788000106811523,15.65999984741211,15.710000038146973,80000
2024-04-30,11.37602710723877,15.739999771118164,15.779999732971191,15.520000457763672,15.670000076293945,54300
2024-05-01,11.441075325012207,15.829999923706055,15.939000129699707,15.680000305175781,15.800000190734863,99000
2024-05-02,11.506122589111328,15.920000076293945,15.960000038146973,15.770000457763672,15.850000381469727,71700
2024-05-03,11.55671501159668,15.989999771118164,16.014999389648438,15.875,15.989999771118164,83500
2024-05-06,11.527804374694824,15.949999809265137,16.1299991607666,15.949999809265137,16.049999237060547,87400
2024-05-07,11.506122589111328,15.920000076293945,16.049999237060547,15.869999885559082,15.899999618530273,100200
2024-05-08,11.25316047668457,15.569999694824219,15.890000343322754,15.350000381469727,15.829999923706055,521600
2024-05-09,11.325435638427734,15.670000076293945,15.6899995803833,15.5,15.59000015258789,65000
2024-05-10,11.368799209594727,15.729999542236328,15.760000228881836,15.640000343322754,15.739999771118164,41000
2024-05-13,11.37602710723877,15.739999771118164,15.869999885559082,15.680000305175781,15.869999885559082,58200
2024-05-14,11.441075325012207,15.829999923706055,15.97599983215332,15.760000228881836,15.819999694824219,77200
2024-05-15,11.426620483398438,15.8100004196167,15.960000038146973,15.789999961853027,15.90999984741211,65000
2024-05-16,11.267616271972656,15.59000015258789,15.819999694824219,15.5,15.800000190734863,129800
2024-05-17,11.354345321655273,15.710000038146973,15.859999656677246,15.550000190734863,15.739999771118164,248200
2024-05-20,11.368799209594727,15.729999542236328,15.859999656677246,15.699999809265137,15.75,66100
2024-05-21,11.325435638427734,15.670000076293945,15.789999961853027,15.600000381469727,15.699999809265137,56000
2024-05-22,11.202568054199219,15.5,15.729999542236328,15.5,15.670000076293945,51200
2024-05-23,11.166431427001953,15.449999809265137,15.710000038146973,15.369999885559082,15.569999694824219,59900
2024-05-24,11.332663536071777,15.680000305175781,15.710000038146973,15.454999923706055,15.470000267028809,70500
2024-05-28,11.166431427001953,15.449999809265137,15.649999618530273,15.430000305175781,15.630000114440918,57200
2024-05-29,11.05079174041748,15.289999961853027,15.5,15.270000457763672,15.390000343322754,59400
2024-05-30,11.209794998168945,15.510000228881836,15.571000099182129,15.350000381469727,15.369999885559082,48600
2024-05-31,11.347116470336914,15.699999809265137,15.720000267028809,15.550000190734863,15.550000190734863,46000
2024-06-03,11.339889526367188,15.6899995803833,15.824999809265137,15.520000457763672,15.729999542236328,67500
2024-06-04,11.274843215942383,15.600000381469727,15.699999809265137,15.550000190734863,15.600000381469727,60200
2024-06-05,11.332663536071777,15.680000305175781,15.699999809265137,15.555000305175781,15.65999984741211,46300
2024-06-06,11.303751945495605,15.640000343322754,15.75,15.604999542236328,15.619999885559082,45200
2024-06-07,11.318206787109375,15.65999984741211,15.729999542236328,15.574999809265137,15.680000305175781,55500
2024-06-10,11.318206787109375,15.65999984741211,15.763999938964844,15.600000381469727,15.670000076293945,62300
2024-06-11,11.332663536071777,15.680000305175781,15.770000457763672,15.600000381469727,15.600000381469727,71200
2024-06-12,11.404936790466309,15.779999732971191,15.920000076293945,15.739999771118164,15.880000114440918,87600
2024-06-13,11.426620483398438,15.8100004196167,15.859999656677246,15.6899995803833,15.800000190734863,50700
2024-06-14,11.390483856201172,15.760000228881836,15.949999809265137,15.71500015258789,15.720000267028809,83000
2024-06-17,11.498894691467285,15.90999984741211,15.90999984741211,15.770000457763672,15.770000457763672,95000
2024-06-18,11.491665840148926,15.899999618530273,16.0,15.779999732971191,15.859999656677246,148200
2024-06-20,11.347116470336914,15.699999809265137,15.878999710083008,15.699999809265137,15.869999885559082,88800
2024-06-21,11.303751945495605,15.640000343322754,15.949999809265137,15.600000381469727,15.949999809265137,135800
2024-06-24,11.296525955200195,15.630000114440918,15.789999961853027,15.619999885559082,15.729999542236328,66000
2024-06-25,11.347116470336914,15.699999809265137,15.779999732971191,15.630000114440918,15.65999984741211,120200
2024-06-26,11.419392585754395,15.800000190734863,15.850000381469727,15.649999618530273,15.779999732971191,155700
2024-06-27,11.245932579040527,15.5600004196167,15.859999656677246,15.550000190734863,15.850000381469727,137100
2024-06-28,11.447152137756348,15.359999656677246,15.404999732971191,15.039999961853027,15.140000343322754,246800
2024-07-01,11.201217651367188,15.029999732971191,15.329999923706055,14.979999542236328,15.09000015258789,127400
2024-07-02,11.454605102539062,15.369999885559082,15.369999885559082,15.020999908447266,15.199999809265137,90000
2024-07-03,11.447152137756348,15.359999656677246,15.609999656677246,15.3149995803833,15.399999618530273,71500
2024-07-05,11.38007926940918,15.270000457763672,15.319999694824219,15.1899995803833,15.319999694824219,68400
2024-07-08,11.402438163757324,15.300000190734863,15.40999984741211,15.239999771118164,15.260000228881836,64900
2024-07-09,11.432247161865234,15.34000015258789,15.34000015258789,15.168000221252441,15.289999961853027,49700
2024-07-10,11.514225959777832,15.449999809265137,15.5,15.300999641418457,15.329999923706055,68300
2024-07-11,11.499320983886719,15.430000305175781,15.600000381469727,15.399999618530273,15.520000457763672,160000
2024-07-12,11.633467674255371,15.609999656677246,15.829999923706055,15.449999809265137,15.5600004196167,121600
2024-07-15,11.760159492492676,15.779999732971191,15.819999694824219,15.640000343322754,15.65999984741211,142200
2024-07-16,11.924118041992188,16.0,16.0,15.694000244140625,15.850000381469727,160800
2024-07-17,12.222220420837402,16.399999618530273,16.450000762939453,15.970000267028809,15.970000267028809,118700
2024-07-18,12.006096839904785,16.110000610351562,16.469999313354492,15.960000038146973,16.360000610351562,95700
2024-07-19,11.939023971557617,16.020000457763672,16.1299991607666,15.930000305175781,16.110000610351562,78800
2024-07-22,11.95392894744873,16.040000915527344,16.125,15.880000114440918,15.960000038146973,182100
2024-07-23,11.939023971557617,16.020000457763672,16.079999923706055,15.960000038146973,16.079999923706055,120700
2024-07-24,11.924118041992188,16.0,16.06999969482422,15.920000076293945,16.020000457763672,103800
2024-07-25,11.849592208862305,15.899999618530273,16.040000915527344,15.859999656677246,16.0,98000
2024-07-26,11.931570053100586,16.010000228881836,16.020000457763672,15.888999938964844,16.010000228881836,83400
2024-07-29,11.916664123535156,15.989999771118164,16.010000228881836,15.880000114440918,16.010000228881836,75100
2024-07-30,11.924118041992188,16.0,16.020000457763672,15.9399995803833,15.9399995803833,109300
2024-07-31,11.909212112426758,15.979999542236328,16.059999465942383,15.859999656677246,16.049999237060547,77700
2024-08-01,11.767613410949707,15.789999961853027,15.989999771118164,15.510000228881836,15.989999771118164,128900
2024-08-02,11.782519340515137,15.8100004196167,15.890000343322754,15.600000381469727,15.670000076293945,104900
2024-08-05,11.35027027130127,15.229999542236328,15.414999961853027,15.017000198364258,15.369999885559082,131700
2024-08-06,11.514225959777832,15.449999809265137,15.621000289916992,15.239999771118164,15.3100004196167,68300
2024-08-07,11.238480567932129,15.079999923706055,15.649999618530273,15.079999923706055,15.4399995803833,91200
2024-08-08,11.357722282409668,15.239999771118164,15.390000343322754,15.164999961853027,15.300000190734863,78800
2024-08-09,11.059618949890137,14.84000015258789,15.25,14.819999694824219,15.25,98700
2024-08-12,11.223575592041016,15.0600004196167,15.119999885559082,14.9399995803833,14.9399995803833,84500
2024-08-13,11.208670616149902,15.039999961853027,15.140000343322754,14.9399995803833,15.130000114440918,103700
2024-08-14,11.313006401062012,15.180000305175781,15.180000305175781,14.989999771118164,15.010000228881836,83900
2024-08-15,11.417343139648438,15.319999694824219,15.439000129699707,15.220000267028809,15.34000015258789,85200
2024-08-16,11.551488876342773,15.5,15.510000228881836,15.350000381469727,15.350000381469727,93400
2024-08-19,11.544035911560059,15.489999771118164,15.550000190734863,15.430000305175781,15.5,60400
2024-08-20,11.544035911560059,15.489999771118164,15.630000114440918,15.40999984741211,15.550000190734863,39200
2024-08-21,11.655823707580566,15.640000343322754,15.649999618530273,15.420000076293945,15.5,46700
2024-08-22,11.551488876342773,15.5,15.732999801635742,15.5,15.649999618530273,51400
2024-08-23,11.85704517364502,15.90999984741211,15.979999542236328,15.619999885559082,15.630000114440918,66300
2024-08-26,11.931570053100586,16.010000228881836,16.020000457763672,15.9399995803833,16.0,84800
2024-08-27,11.871950149536133,15.930000305175781,16.049999237060547,15.890000343322754,16.049999237060547,50100
2024-08-28,11.775066375732422,15.800000190734863,15.920000076293945,15.791000366210938,15.869999885559082,40800
2024-08-29,11.804875373840332,15.84000015258789,15.880000114440918,15.710000038146973,15.75,53100
2024-08-30,11.849592208862305,15.899999618530273,15.90999984741211,15.8100004196167,15.890000343322754,46200
2024-09-03,11.767613410949707,15.789999961853027,15.899999618530273,15.770000457763672,15.899999618530273,61700
2024-09-04,11.745257377624512,15.760000228881836,15.850000381469727,15.720000267028809,15.770000457763672,39300
2024-09-05,11.73780345916748,15.75,15.89900016784668,15.109999656677246,15.760000228881836,79000
2024-09-06,11.678183555603027,15.670000076293945,15.779999732971191,15.505000114440918,15.770000457763672,52500
2024-09-09,11.707992553710938,15.710000038146973,15.859999656677246,15.619999885559082,15.680000305175781,61300
2024-09-10,11.782519340515137,15.8100004196167,15.8100004196167,15.600000381469727,15.670000076293945,42200
2024-09-11,11.626014709472656,15.600000381469727,15.800000190734863,15.449999809265137,15.75,38700
2024-09-12,11.752708435058594,15.770000457763672,15.78499984741211,15.604999542236328,15.65999984741211,41900
2024-09-13,11.85704517364502,15.90999984741211,15.930000305175781,15.8100004196167,15.869999885559082,45400
2024-09-16,12.028451919555664,16.139999389648438,16.139999389648438,15.920000076293945,15.989999771118164,79900
2024-09-17,11.849592208862305,15.899999618530273,16.139999389648438,15.850000381469727,16.139999389648438,156600
2024-09-18,11.842138290405273,15.890000343322754,16.024999618530273,15.869999885559082,15.949999809265137,113700
2024-09-19,11.88685417175293,15.949999809265137,16.06999969482422,15.880000114440918,16.059999465942383,170100
2024-09-20,11.745257377624512,15.760000228881836,15.90999984741211,15.65999984741211,15.65999984741211,142100
2024-09-23,11.81233024597168,15.850000381469727,15.956999778747559,15.770000457763672,15.859999656677246,62600
2024-09-24,11.827234268188477,15.869999885559082,15.944999694824219,15.843999862670898,15.930000305175781,77200
2024-09-25,11.760159492492676,15.779999732971191,15.9399995803833,15.770000457763672,15.890000343322754,94200
2024-09-26,11.827234268188477,15.869999885559082,16.030000686645508,15.829999923706055,15.899999618530273,81700
2024-09-27,11.961380004882812,16.049999237060547,16.079999923706055,15.920000076293945,15.949999809265137,93100
2024-09-30,11.907637596130371,15.510000228881836,15.774999618530273,15.4399995803833,15.619999885559082,123900
2024-10-01,11.815509796142578,15.390000343322754,15.479999542236328,15.25,15.479999542236328,103000
2024-10-02,11.784799575805664,15.350000381469727,15.4399995803833,15.270000457763672,15.430000305175781,81500
2024-10-03,11.815509796142578,15.390000343322754,15.460000038146973,15.319999694824219,15.350000381469727,64700
2024-10-04,11.838541030883789,15.420000076293945,15.489999771118164,15.350000381469727,15.479999542236328,52600
2024-10-07,11.815509796142578,15.390000343322754,15.449999809265137,15.3100004196167,15.449999809265137,38400
2024-10-08,11.807831764221191,15.380000114440918,15.399999618530273,15.319999694824219,15.390000343322754,59200
2024-10-09,11.876928329467773,15.470000267028809,15.5600004196167,15.430000305175781,15.4399995803833,55700
2024-10-10,11.907637596130371,15.510000228881836,15.510000228881836,15.369999885559082,15.40999984741211,70800
2024-10-11,11.938347816467285,15.550000190734863,15.640000343322754,15.515000343322754,15.520000457763672,54800
2024-10-14,12.08421802520752,15.739999771118164,15.770000457763672,15.579999923706055,15.579999923706055,89400
2024-10-15,12.030477523803711,15.670000076293945,15.779999732971191,15.670000076293945,15.760000228881836,95800
2024-10-16,12.114927291870117,15.779999732971191,15.850000381469727,15.704999923706055,15.760000228881836,95000
2024-10-17,12.061186790466309,15.710000038146973,15.84000015258789,15.6899995803833,15.84000015258789,90200
2024-10-18,11.97673511505127,15.600000381469727,15.736000061035156,15.569999694824219,15.720000267028809,43100
2024-10-21,11.869251251220703,15.460000038146973,15.609999656677246,15.430000305175781,15.539999961853027,53300
2024-10-22,11.807831764221191,15.380000114440918,15.430000305175781,15.350000381469727,15.399999618530273,49300
2024-10-23,11.815509796142578,15.390000343322754,15.4399995803833,15.3100004196167,15.4399995803833,52800
2024-10-24,11.830863952636719,15.40999984741211,15.430000305175781,15.34000015258789,15.369999885559082,56100
2024-10-25,11.684993743896484,15.220000267028809,15.479999542236328,15.21500015258789,15.470000267028809,63100
2024-10-28,11.723381042480469,15.270000457763672,15.350000381469727,15.229999542236328,15.300000190734863,72100
2024-10-29,11.692671775817871,15.229999542236328,15.260000228881836,15.149999618530273,15.210000038146973,59700
2024-10-30,11.746413230895996,15.300000190734863,15.329999923706055,15.239999771118164,15.25,36500
2024-10-31,11.608220100402832,15.119999885559082,15.364999771118164,15.100000381469727,15.329999923706055,70800
2024-11-01,11.539122581481934,15.029999732971191,15.15999984741211,15.0,15.15999984741211,59900
2024-11-04,11.615897178649902,15.130000114440918,15.21500015258789,15.069999694824219,15.130000114440918,86500
2024-11-05,11.708024978637695,15.25,15.255000114440918,15.100000381469727,15.140000343322754,45900
2024-11-06,11.961380958557129,15.579999923706055,15.59000015258789,15.329999923706055,15.430000305175781,131200
2024-11-07,12.107251167297363,15.770000457763672,15.949999809265137,15.460000038146973,15.65999984741211,130400
2024-11-08,12.145637512207031,15.819999694824219,15.90999984741211,15.770000457763672,15.850000381469727,77600
2024-11-11,12.015121459960938,15.649999618530273,15.800000190734863,15.609999656677246,15.739999771118164,101500
2024-11-12,12.007444381713867,15.640000343322754,15.699999809265137,15.5600004196167,15.65999984741211,89600
2024-11-13,11.922992706298828,15.529999732971191,15.640000343322754,15.489999771118164,15.609999656677246,68000
2024-11-14,11.9690580368042,15.59000015258789,15.640000343322754,15.470000267028809,15.59000015258789,72400
2024-11-15,12.061186790466309,15.710000038146973,15.710000038146973,15.550000190734863,15.680000305175781,62600
2024-11-18,12.13028335571289,15.800000190734863,15.845000267028809,15.739999771118164,15.75,51800
2024-11-19,12.199379920959473,15.890000343322754,15.920000076293945,15.739999771118164,15.800000190734863,46200
2024-11-20,12.207056045532227,15.899999618530273,15.899999618530273,15.75,15.859999656677246,53300
2024-11-21,12.260798454284668,15.970000267028809,16.0,15.885000228881836,15.899999618530273,73700
2024-11-22,12.322216987609863,16.049999237060547,16.09000015258789,15.972000122070312,16.0,50100
2024-11-25,12.352927207946777,16.09000015258789,16.200000762939453,16.06999969482422,16.09000015258789,70500
2024-11-26,12.314541816711426,16.040000915527344,16.110000610351562,16.020000457763672,16.110000610351562,59000
2024-11-27,12.352927207946777,16.09000015258789,16.18000030517578,16.049999237060547,16.09000015258789,70800
2024-11-29,12.368281364440918,16.110000610351562,16.139999389648438,16.030000686645508,16.09000015258789,42300
2024-12-02,12.437379837036133,16.200000762939453,16.219999313354492,15.960000038146973,16.079999923706055,187500
2024-12-03,12.34524917602539,16.079999923706055,16.229999542236328,16.0,16.200000762939453,56900
2024-12-04,12.283829689025879,16.0,16.06999969482422,15.960000038146973,16.06999969482422,82600
2024-12-05,12.445056915283203,16.209999084472656,16.229999542236328,15.9399995803833,16.030000686645508,146600
2024-12-06,12.291507720947266,16.010000228881836,16.239999771118164,15.949999809265137,16.239999771118164,163900
2024-12-09,12.429701805114746,16.190000534057617,16.25,15.961999893188477,15.970000267028809,139200
2024-12-10,12.429701805114746,16.190000534057617,16.270000457763672,16.125,16.190000534057617,94100
2024-12-11,12.414345741271973,16.170000076293945,16.229999542236328,16.118999481201172,16.200000762939453,102900
2024-12-12,12.391312599182129,16.139999389648438,16.243000030517578,16.1200008392334,16.200000762939453,108800
2024-12-13,12.398991584777832,16.149999618530273,16.15999984741211,16.040000915527344,16.110000610351562,132400
2024-12-16,12.422024726867676,16.18000030517578,16.242000579833984,16.139999389648438,16.18000030517578,115200
2024-12-17,12.352927207946777,16.09000015258789,16.200000762939453,16.010000228881836,16.200000762939453,133800
2024-12-18,12.099574089050293,15.760000228881836,16.100000381469727,15.649999618530273,16.06999969482422,173200
2024-12-19,12.122605323791504,15.789999961853027,16.0,15.75,15.899999618530273,116800
2024-12-20,12.268475532531738,15.979999542236328,16.030000686645508,15.6899995803833,15.699999809265137,244400
2024-12-23,12.245443344116211,15.949999809265137,16.030000686645508,15.859999656677246,16.010000228881836,95700
2024-12-24,12.406669616699219,16.15999984741211,16.15999984741211,15.979999542236328,16.010000228881836,103000
2024-12-26,12.445056915283203,16.209999084472656,16.219999313354492,16.1200008392334,16.209999084472656,165900
2024-12-27,12.422024726867676,16.18000030517578,16.288999557495117,16.040000915527344,16.25,187100
2024-12-30,12.291507720947266,16.010000228881836,16.219999313354492,15.960000038146973,16.219999313354492,313300
2024-12-31,12.339522361755371,15.420000076293945,15.49899959564209,15.329999923706055,15.34000015258789,237400
2025-01-02,12.443552017211914,15.550000190734863,15.6899995803833,15.489999771118164,15.5,123000
2025-01-03,12.491565704345703,15.609999656677246,15.699000358581543,15.569999694824219,15.569999694824219,96200
2025-01-06,12.347524642944336,15.430000305175781,15.654000282287598,15.420000076293945,15.609999656677246,168400
2025-01-07,12.243494987487793,15.300000190734863,15.420000076293945,15.229999542236328,15.399999618530273,141100
2025-01-08,12.195479393005371,15.239999771118164,15.329999923706055,15.170000076293945,15.329999923706055,81300
2025-01-10,12.13946533203125,15.170000076293945,15.350000381469727,15.055000305175781,15.220000267028809,217600
2025-01-13,12.147467613220215,15.180000305175781,15.260000228881836,15.010000228881836,15.119999885559082,182000
2025-01-14,12.227489471435547,15.279999732971191,15.378999710083008,15.199999809265137,15.239999771118164,228700
2025-01-15,12.323516845703125,15.399999618530273,15.449999809265137,15.314000129699707,15.449999809265137,165200
2025-01-16,12.451555252075195,15.5600004196167,15.569999694824219,15.385000228881836,15.460000038146973,182700
2025-01-17,12.531576156616211,15.65999984741211,15.75,15.510000228881836,15.550000190734863,201300
2025-01-21,12.547581672668457,15.680000305175781,15.84000015258789,15.640000343322754,15.75,157400
2025-01-22,12.267499923706055,15.329999923706055,15.625,15.300000190734863,15.609999656677246,158600
2025-01-23,12.187479019165039,15.229999542236328,15.390000343322754,15.1850004196167,15.380000114440918,140300
2025-01-24,12.171473503112793,15.210000038146973,15.29699993133545,15.180000305175781,15.220000267028809,105800
2025-01-27,12.163472175598145,15.199999809265137,15.399999618530273,15.180000305175781,15.239999771118164,106000
2025-01-28,12.171473503112793,15.210000038146973,15.270000457763672,15.1899995803833,15.1899995803833,116800
2025-01-29,12.155468940734863,15.1899995803833,15.260000228881836,15.039999961853027,15.210000038146973,161400
2025-01-30,12.203482627868652,15.25,15.319999694824219,15.210000038146973,15.229999542236328,127100
2025-01-31,12.29951000213623,15.369999885559082,15.399999618530273,15.210000038146973,15.210000038146973,123400
2025-02-03,12.171473503112793,15.210000038146973,15.449999809265137,15.149999618530273,15.1899995803833,231400
2025-02-04,12.283506393432617,15.350000381469727,15.390000343322754,15.149999618530273,15.210000038146973,108800
2025-02-05,12.37153148651123,15.460000038146973,15.460000038146973,15.3100004196167,15.3100004196167,156900
2025-02-06,12.499567985534668,15.619999885559082,15.640000343322754,15.470000267028809,15.529999732971191,90900
2025-02-07,12.467558860778809,15.579999923706055,15.640000343322754,15.479999542236328,15.640000343322754,79800
2025-02-10,12.57958984375,15.720000267028809,15.734999656677246,15.506999969482422,15.609999656677246,128500
2025-02-11,12.715628623962402,15.890000343322754,15.890000343322754,15.6850004196167,15.720000267028809,147500
2025-02-12,12.603597640991211,15.75,15.875,15.729999542236328,15.789999961853027,138800
2025-02-13,12.603597640991211,15.75,15.819999694824219,15.65999984741211,15.819999694824219,113200
2025-02-14,12.803654670715332,16.0,16.0,15.765999794006348,15.789999961853027,108100
2025-02-18,12.827661514282227,16.030000686645508,16.06999969482422,15.954999923706055,16.040000915527344,128700
2025-02-19,12.827661514282227,16.030000686645508,16.045000076293945,15.930000305175781,16.0,77000
2025-02-20,12.803654670715332,16.0,16.042999267578125,15.960000038146973,16.0,91100
2025-02-21,12.443552017211914,15.550000190734863,16.049999237060547,15.460000038146973,16.049999237060547,1057600
2025-02-24,12.699624061584473,15.869999885559082,15.96500015258789,15.680000305175781,15.680000305175781,210800
2025-02-25,12.843664169311523,16.049999237060547,16.100000381469727,15.850000381469727,15.90999984741211,175600
2025-02-26,12.835663795471191,16.040000915527344,16.100000381469727,15.895000457763672,16.049999237060547,113700
2025-02-27,12.843664169311523,16.049999237060547,16.100000381469727,16.010000228881836,16.010000228881836,106900
2025-02-28,12.88367748260498,16.100000381469727,16.139999389648438,16.0,16.0,119700
2025-03-03,12.995709419250488,16.239999771118164,16.260000228881836,16.06999969482422,16.139999389648438,158400
2025-03-04,12.843664169311523,16.049999237060547,16.270000457763672,16.030000686645508,16.25,150500
2025-03-05,12.875675201416016,16.09000015258789,16.15999984741211,15.96500015258789,15.989999771118164,92300
2025-03-06,12.915685653686523,16.139999389648438,16.170000076293945,15.979999542236328,16.049999237060547,69800
2025-03-07,12.923687934875488,16.149999618530273,16.229999542236328,16.110000610351562,16.18000030517578,105500
2025-03-10,12.811656951904297,16.010000228881836,16.18000030517578,15.9350004196167,16.09000015258789,158100
2025-03-11,12.707627296447754,15.880000114440918,16.030000686645508,15.720000267028809,16.010000228881836,150200
2025-03-12,12.267499923706055,15.329999923706055,16.14699935913086,15.319999694824219,15.760000228881836,210000
2025-03-13,12.251497268676758,15.3100004196167,15.770000457763672,15.09000015258789,15.350000381469727,181500
2025-03-14,12.251497268676758,15.3100004196167,15.335000038146973,15.079999923706055,15.329999923706055,135200
2025-03-17,12.427546501159668,15.529999732971191,15.670999526977539,15.34000015258789,15.489999771118164,243000
2025-03-18,12.419544219970703,15.520000457763672,15.670000076293945,15.420000076293945,15.489999771118164,184100
2025-03-19,12.387535095214844,15.479999542236328,15.649999618530273,15.369999885559082,15.539999961853027,190500
2025-03-20,12.323516845703125,15.399999618530273,15.510000228881836,15.279999732971191,15.5,122400
2025-03-21,12.31551456451416,15.390000343322754,15.449999809265137,15.335000038146973,15.359999656677246,139100
2025-03-24,12.347524642944336,15.430000305175781,15.479999542236328,15.319999694824219,15.399999618530273,87700
2025-03-25,12.339522361755371,15.420000076293945,15.489999771118164,15.399999618530273,15.460000038146973,102300
2025-03-26,12.29951000213623,15.369999885559082,15.46500015258789,15.335000038146973,15.449999809265137,92000
2025-03-27,12.331520080566406,15.40999984741211,15.484999656677246,15.359999656677246,15.399999618530273,117900
2025-03-28,12.243494987487793,15.300000190734863,15.449999809265137,15.229999542236328,15.420000076293945,180200
2025-03-31,12.136167526245117,14.699999809265137,14.989999771118164,14.479999542236328,14.869999885559082,258800
2025-04-01,12.210471153259277,14.789999961853027,14.8100004196167,14.569999694824219,14.670000076293945,195700
2025-04-02,12.210471153259277,14.789999961853027,14.869999885559082,14.710000038146973,14.770000457763672,150100
2025-04-03,12.152680397033691,14.720000267028809,14.880000114440918,14.600000381469727,14.630000114440918,145400
2025-04-04,11.748140335083008,14.229999542236328,14.649999618530273,14.09000015258789,14.649999618530273,257500
2025-04-07,11.252787590026855,13.630000114440918,14.1899995803833,13.145000457763672,13.949999809265137,350400
2025-04-08,11.095924377441406,13.4399995803833,14.239999771118164,13.319999694824219,14.09000015258789,313400
2025-04-09,11.252787590026855,13.630000114440918,13.84000015258789,12.760000228881836,13.319999694824219,308500
2025-04-10,11.06290054321289,13.399999618530273,13.5,12.850000381469727,13.420000076293945,298000
2025-04-11,11.137203216552734,13.489999771118164,13.592000007629395,13.100000381469727,13.420000076293945,202300
2025-04-14,11.269298553466797,13.649999618530273,13.805000305175781,13.470000267028809,13.569999694824219,175000
2025-04-15,11.450928688049316,13.869999885559082,13.970000267028809,13.579999923706055,13.649999618530273,144100
2025-04-16,11.4179048538208,13.829999923706055,13.979999542236328,13.739999771118164,13.899999618530273,89800
2025-04-17,11.483952522277832,13.90999984741211,14.029999732971191,13.789999961853027,13.829999923706055,70400
2025-04-21,11.533487319946289,13.970000267028809,14.0,13.710000038146973,13.829999923706055,93900
2025-04-22,11.789420127868652,14.279999732971191,14.319999694824219,13.970000267028809,14.069999694824219,77300
2025-04-23,11.739884376525879,14.220000267028809,14.489999771118164,14.149999618530273,14.399999618530273,85600
2025-04-24,11.739884376525879,14.220000267028809,14.270000457763672,14.130000114440918,14.1899995803833,115300
2025-04-25,11.756396293640137,14.239999771118164,14.260000228881836,14.10099983215332,14.15999984741211,89800
2025-04-28,11.698604583740234,14.170000076293945,14.239999771118164,14.059000015258789,14.1899995803833,116300
2025-04-29,12.012330055236816,14.550000190734863,14.5600004196167,14.1899995803833,14.199999809265137,116000
2025-04-30,11.946283340454102,14.470000267028809,14.569999694824219,14.194000244140625,14.430000305175781,67400
2025-05-01,11.938027381896973,14.460000038146973,14.5600004196167,14.270000457763672,14.5,139900
2025-05-02,12.210471153259277,14.789999961853027,14.8100004196167,14.460000038146973,14.550000190734863,121800
2025-05-05,12.136167526245117,14.699999809265137,14.795000076293945,14.619999885559082,14.770000457763672,60300
2025-05-06,12.053608894348145,14.600000381469727,14.774999618530273,14.569999694824219,14.699999809265137,69900
2025-05-07,12.103144645690918,14.65999984741211,14.8100004196167,14.5,14.739999771118164,83100
2025-05-08,12.26000690460205,14.850000381469727,14.930000305175781,14.699999809265137,14.760000228881836,44200
2025-05-09,12.359077453613281,14.970000267028809,15.069999694824219,14.826000213623047,14.90999984741211,58500
2025-05-12,12.392102241516113,15.010000228881836,15.199999809265137,14.989999771118164,15.109999656677246,62300
2025-05-13,12.425125122070312,15.050000190734863,15.199999809265137,15.008000373840332,15.0600004196167,76300
2025-05-14,12.210471153259277,14.789999961853027,15.069999694824219,14.789999961853027,15.069999694824219,103200
2025-05-15,12.342565536499023,14.949999809265137,15.079999923706055,14.760000228881836,14.789999961853027,98800
2025-05-16,12.416869163513184,15.039999961853027,15.09000015258789,14.90999984741211,14.90999984741211,97000
2025-05-19,12.449892044067383,15.079999923706055,15.100000381469727,14.944999694824219,15.039999961853027,46200
2025-05-20,12.317797660827637,14.920000076293945,15.100000381469727,14.869999885559082,14.989999771118164,68700
2025-05-21,12.004073143005371,14.539999961853027,14.9399995803833,14.520000457763672,14.899999618530273,77000
2025-05-22,11.995819091796875,14.529999732971191,14.71500015258789,14.399999618530273,14.5600004196167,67600
2025-05-23,11.971050262451172,14.5,14.699999809265137,14.40999984741211,14.510000228881836,94500
2025-05-27,12.094887733459473,14.649999618530273,14.675000190734863,14.460000038146973,14.569999694824219,89700
2025-05-28,11.98756217956543,14.520000457763672,14.739999771118164,14.470000267028809,14.649999618530273,52600
2025-05-29,12.06186580657959,14.609999656677246,14.609999656677246,14.470000267028809,14.5600004196167,58300
2025-05-30,12.020586013793945,14.5600004196167,14.6899995803833,14.539999961853027,14.579999923706055,57400
2025-06-02,11.847211837768555,14.350000381469727,14.640000343322754,14.329999923706055,14.5600004196167,127800
2025-06-03,11.929770469665527,14.449999809265137,14.600000381469727,14.199999809265137,14.350000381469727,103600
2025-06-04,11.863722801208496,14.369999885559082,14.630000114440918,14.3100004196167,14.34000015258789,55800
2025-06-05,11.797676086425781,14.289999961853027,14.970000267028809,14.270000457763672,14.970000267028809,100300
2025-06-06,11.855467796325684,14.359999656677246,14.449999809265137,14.289999961853027,14.289999961853027,76800
2025-06-09,11.789420127868652,14.279999732971191,14.468999862670898,14.25,14.369999885559082,65400
2025-06-10,11.723373413085938,14.199999809265137,14.359999656677246,14.149999618530273,14.270000457763672,63800
2025-06-11,11.682093620300293,14.149999618530273,14.329999923706055,14.130000114440918,14.319999694824219,61500
2025-06-12,11.739884376525879,14.220000267028809,14.25,14.140000343322754,14.140000343322754,50500
2025-06-13,11.525232315063477,13.960000038146973,14.1899995803833,13.958999633789062,14.1899995803833,81900
2025-06-16,11.756396293640137,14.239999771118164,14.619999885559082,14.0600004196167,14.0600004196167,161800
2025-06-17,11.698604583740234,14.170000076293945,14.359999656677246,14.130000114440918,14.239999771118164,108000
2025-06-18,11.764653205871582,14.25,14.460000038146973,14.180000305175781,14.180000305175781,78400
2025-06-20,11.698604583740234,14.170000076293945,14.479999542236328,14.050000190734863,14.470000267028809,301700
2025-06-23,11.814188957214355,14.3100004196167,14.319999694824219,14.140000343322754,14.1899995803833,99100
2025-06-24,11.748140335083008,14.229999542236328,14.430000305175781,14.199999809265137,14.390000343322754,93900
2025-06-25,11.715116500854492,14.1899995803833,14.319999694824219,14.125,14.229999542236328,85700
2025-06-26,11.8884916305542,14.399999618530273,14.449999809265137,14.1850004196167,14.260000228881836,86200
2025-06-27,11.962794303894043,14.489999771118164,14.59000015258789,14.324999809265137,14.399999618530273,207200
2025-06-30,11.911598205566406,13.960000038146973,14.09000015258789,13.852999687194824,14.020000457763672,121700
2025-07-01,11.911598205566406,13.960000038146973,14.1899995803833,13.861000061035156,13.90999984741211,131200
2025-07-02,12.141979217529297,14.229999542236328,14.335000038146973,13.920000076293945,14.050000190734863,87000
2025-07-03,12.159046173095703,14.25,14.40999984741211,14.199999809265137,14.229999542236328,46200
2025-07-07,11.94572925567627,14.0,14.270000457763672,14.0,14.199999809265137,82800
2025-07-08,11.911598205566406,13.960000038146973,14.15999984741211,13.920000076293945,14.020000457763672,65400
2025-07-09,11.962794303894043,14.020000457763672,14.060999870300293,13.864999771118164,13.9399995803833,60100
2025-07-10,11.94572925567627,14.0,14.149999618530273,13.859999656677246,14.020000457763672,58900
2025-07-11,11.86040210723877,13.899999618530273,14.100000381469727,13.859999656677246,14.0,74700
2025-07-14,11.894532203674316,13.9399995803833,14.050000190734863,13.869999885559082,13.899999618530273,81400
2025-07-15,11.689748764038086,13.699999809265137,13.9399995803833,13.6899995803833,13.890000343322754,196900
2025-07-16,11.758009910583496,13.779999732971191,13.866999626159668,13.65999984741211,13.720000267028809,118400
2025-07-17,11.604421615600586,13.600000381469727,13.869000434875488,13.586999893188477,13.779999732971191,103200
2025-07-18,11.356975555419922,13.3100004196167,13.630000114440918,13.25,13.630000114440918,168100
2025-07-21,11.356975555419922,13.3100004196167,13.526000022888184,13.279999732971191,13.319999694824219,100200
2025-07-22,11.604421615600586,13.600000381469727,13.64900016784668,13.279999732971191,13.329999923706055,136000
2025-07-23,11.63855266571045,13.640000343322754,13.729999542236328,13.520000457763672,13.619999885559082,107900
2025-07-24,11.55322551727295,13.539999961853027,13.677000045776367,13.510000228881836,13.569999694824219,66100
2025-07-25,11.484964370727539,13.460000038146973,13.5600004196167,13.399999618530273,13.5,76700
2025-07-28,11.416703224182129,13.380000114440918,13.569999694824219,13.34000015258789,13.5,93400
2025-07-29,11.5105619430542,13.489999771118164,13.5,13.300000190734863,13.390000343322754,78400
2025-07-30,11.297245979309082,13.239999771118164,13.529999732971191,13.201000213623047,13.489999771118164,109000
2025-07-31,11.083930015563965,12.989999771118164,13.239999771118164,12.979999542236328,13.199999809265137,141200
2025-08-01,11.007135391235352,12.899999618530273,13.045000076293945,12.869999885559082,12.9399995803833,146200
2025-08-04,11.160723686218262,13.079999923706055,13.085000038146973,12.869999885559082,12.869999885559082,72400
2025-08-05,11.348442077636719,13.300000190734863,13.354999542236328,13.010000228881836,13.09000015258789,97600
2025-08-06,11.288713455200195,13.229999542236328,13.300000190734863,13.130000114440918,13.260000228881836,162700
2025-08-07,11.5958890914917,13.59000015258789,13.699999809265137,13.335000038146973,13.479999542236328,97300
2025-08-08,11.706815719604492,13.720000267028809,13.779999732971191,13.484000205993652,13.510000228881836,80600
2025-08-11,11.740945816040039,13.760000228881836,13.800000190734863,13.640000343322754,13.65999984741211,114900
2025-08-12,12.065186500549316,14.140000343322754,14.199999809265137,13.770000457763672,13.800000190734863,132300
2025-08-13,12.24437141418457,14.350000381469727,14.350000381469727,14.095000267028809,14.170000076293945,107100
2025-08-14,12.005456924438477,14.069999694824219,14.279999732971191,13.90999984741211,14.279999732971191,104700
2025-08-15,11.886000633239746,13.930000305175781,14.09000015258789,13.90999984741211,14.020000457763672,144200
2025-08-18,11.92866325378418,13.979999542236328,14.15999984741211,13.9399995803833,13.9399995803833,93000
2025-08-19,12.065186500549316,14.140000343322754,14.239999771118164,14.015999794006348,14.020000457763672,119400
2025-08-20,12.09931755065918,14.180000305175781,14.220000267028809,14.074000358581543,14.119999885559082,77900
2025-08-21,11.962794303894043,14.020000457763672,14.25,14.0,14.15999984741211,63900
2025-08-22,12.304100036621094,14.420000076293945,14.430000305175781,14.125,14.140000343322754,107400
2025-08-25,12.124913215637207,14.210000038146973,14.4399995803833,14.199999809265137,14.4399995803833,52200
2025-08-26,12.184642791748047,14.279999732971191,14.319999694824219,14.170000076293945,14.260000228881836,45500
2025-08-27,12.201708793640137,14.300000190734863,14.350000381469727,14.185999870300293,14.3100004196167,73900
2025-08-28,12.056653022766113,14.130000114440918,14.359999656677246,14.130000114440918,14.359999656677246,51800
2025-08-29,12.1505126953125,14.239999771118164,14.279999732971191,14.130000114440918,14.130000114440918,55800
2025-09-02,12.116381645202637,14.199999809265137,14.390000343322754,14.180000305175781,14.199999809265137,84400
2025-09-03,12.048120498657227,14.119999885559082,14.329999923706055,14.0600004196167,14.15999984741211,80700
2025-09-04,12.24437141418457,14.350000381469727,14.350000381469727,14.109999656677246,14.109999656677246,54800
2025-09-05,12.28703498840332,14.399999618530273,14.569999694824219,14.329999923706055,14.329999923706055,89300
2025-09-08,12.159046173095703,14.25,14.470000267028809,14.199999809265137,14.470000267028809,161200
2025-09-09,11.348442077636719,13.300000190734863,14.319999694824219,13.079999923706055,14.279999732971191,945100
2025-09-10,11.433768272399902,13.399999618530273,13.918000221252441,13.319999694824219,13.470000267028809,135200
2025-09-11,11.459367752075195,13.430000305175781,13.59000015258789,13.359999656677246,13.420000076293945,136600
2025-09-12,11.288713455200195,13.229999542236328,13.458000183105469,13.199999809265137,13.399999618530273,123800
2025-09-15,11.408170700073242,13.369999885559082,13.40999984741211,13.199999809265137,13.229999542236328,100000
2025-09-16,11.425236701965332,13.390000343322754,13.579999923706055,13.345999717712402,13.399999618530273,111000
2025-09-17,11.476431846618652,13.449999809265137,13.678999900817871,13.40999984741211,13.460000038146973,97000
2025-09-18,11.698281288146973,13.710000038146973,13.720000267028809,13.413999557495117,13.489999771118164,96500
2025-09-19,11.484964370727539,13.460000038146973,13.704999923706055,13.350000381469727,13.680000305175781,264500
2025-09-22,11.425236701965332,13.390000343322754,13.460000038146973,13.279999732971191,13.460000038146973,126600
2025-09-23,11.408170700073242,13.369999885559082,13.493000030517578,13.317000389099121,13.380000114440918,85400
2025-09-24,11.374040603637695,13.329999923706055,13.489999771118164,13.3100004196167,13.399999618530273,130200
2025-09-25,11.237517356872559,13.170000076293945,13.399999618530273,13.130999565124512,13.289999961853027,138600
2025-09-26,11.339910507202148,13.289999961853027,13.420000076293945,13.180000305175781,13.229999542236328,93500
2025-09-29,11.169257164001465,13.09000015258789,13.40999984741211,13.069999694824219,13.40999984741211,249300
2025-09-30,11.319713592529297,12.789999961853027,12.829999923706055,12.59000015258789,12.680000305175781,247300
2025-10-01,11.142704010009766,12.59000015258789,12.970000267028809,12.329999923706055,12.739999771118164,246100
2025-10-02,11.37281608581543,12.850000381469727,12.949999809265137,12.579999923706055,12.579999923706055,144800
2025-10-03,11.204657554626465,12.65999984741211,12.940999984741211,12.619999885559082,12.850000381469727,156000
2025-10-06,11.213508605957031,12.670000076293945,12.75,12.550000190734863,12.699999809265137,139200
2025-10-07,11.133854866027832,12.579999923706055,12.75,12.510000228881836,12.75,169500
2025-10-08,11.186957359313965,12.640000343322754,12.675999641418457,12.510000228881836,12.579999923706055,92800
2025-10-09,10.96569538116455,12.390000343322754,12.664999961853027,12.359999656677246,12.550000190734863,120900
2025-10-10,10.735584259033203,12.130000114440918,12.430000305175781,12.100000381469727,12.279999732971191,153500
2025-10-13,10.859491348266602,12.270000457763672,12.359999656677246,12.0,12.15999984741211,259900
2025-10-14,11.036499977111816,12.470000267028809,12.520000457763672,12.09000015258789,12.180000305175781,222900
2025-10-15,11.248909950256348,12.710000038146973,12.75,12.479999542236328,12.489999771118164,209500
2025-10-16,11.018797874450684,12.449999809265137,12.779999732971191,12.399999618530273,12.75,152700
2025-10-17,11.700282096862793,13.220000267028809,13.25,12.84000015258789,12.899999618530273,249100
2025-10-20,11.673730850219727,13.1899995803833,13.359999656677246,13.100000381469727,13.25,131000
2025-10-21,11.540974617004395,13.039999961853027,13.199999809265137,13.03499984741211,13.1899995803833,73000
2025-10-22,11.594078063964844,13.100000381469727,13.114999771118164,12.90999984741211,12.949999809265137,116800
2025-10-23,11.594078063964844,13.100000381469727,13.175000190734863,13.0600004196167,13.079999923706055,74400
2025-10-24,11.664880752563477,13.180000305175781,13.180000305175781,13.029999732971191,13.15999984741211,53800
2025-10-27,11.691431999206543,13.210000038146973,13.239999771118164,13.069999694824219,13.180000305175781,97100
2025-10-28,11.638328552246094,13.149999618530273,13.199999809265137,13.079999923706055,13.170000076293945,52100
2025-10-29,11.434769630432129,12.920000076293945,13.170000076293945,12.869999885559082,13.109999656677246,82700
2025-10-30,11.37281608581543,12.850000381469727,12.930000305175781,12.710000038146973,12.880000114440918,107300
2025-10-31,11.381665229797363,12.859999656677246,12.949999809265137,12.739999771118164,12.899999618530273,88100
2025-11-03,11.576375961303711,13.079999923706055,13.079999923706055,12.800000190734863,12.989999771118164,119300
2025-11-04,11.425918579101562,12.90999984741211,13.119999885559082,12.75,13.0600004196167,153700
2025-11-05,11.408218383789062,12.890000343322754,13.100000381469727,12.789999961853027,12.90999984741211,104000
2025-11-06,11.142704010009766,12.59000015258789,12.899999618530273,12.550000190734863,12.899999618530273,98600
2025-11-07,11.231209754943848,12.6899995803833,12.715999603271484,12.510000228881836,12.579999923706055,89500
2025-11-10,11.36396598815918,12.84000015258789,12.84000015258789,12.5600004196167,12.720000267028809,122000
2025-11-11,11.452470779418945,12.9399995803833,12.9399995803833,12.779999732971191,12.800000190734863,68300
2025-11-12,11.346263885498047,12.819999694824219,12.9399995803833,12.770999908447266,12.9399995803833,79200
2025-11-13,11.31086254119873,12.779999732971191,12.970000267028809,12.770000457763672,12.819999694824219,72200
2025-11-14,11.231209754943848,12.6899995803833,12.770000457763672,12.609999656677246,12.770000457763672,84600
2025-11-17,11.02764892578125,12.460000038146973,12.729999542236328,12.399999618530273,12.699999809265137,114800
2025-11-18,10.894892692565918,12.3100004196167,12.470000267028809,12.265000343322754,12.369999885559082,148700
2025-11-19,10.726734161376953,12.119999885559082,12.329999923706055,12.0600004196167,12.260000228881836,134600
2025-11-20,10.638230323791504,12.020000457763672,12.345000267028809,12.0,12.210000038146973,97400
2025-11-21,10.983396530151367,12.40999984741211,12.414999961853027,11.850000381469727,11.850000381469727,159300
2025-11-24,11.001097679138184,12.430000305175781,12.489999771118164,12.229999542236328,12.470000267028809,96500
2025-11-25,11.204657554626465,12.65999984741211,12.687000274658203,12.399999618530273,12.399999618530273,77300
2025-11-26,11.29316234588623,12.760000228881836,12.824999809265137,12.600000381469727,12.600000381469727,70200
2025-11-28,11.29316234588623,12.760000228881836,12.82699966430664,12.680000305175781,12.760000228881836,45500
2025-12-01,11.142704010009766,12.59000015258789,12.819999694824219,12.510000228881836,12.65999984741211,161300
2025-12-02,11.05419921875,12.489999771118164,12.675000190734863,12.439000129699707,12.59000015258789,88200
2025-12-03,11.31086254119873,12.779999732971191,12.819999694824219,12.545000076293945,12.569999694824219,77100
2025-12-04,11.248909950256348,12.710000038146973,12.880000114440918,12.649999618530273,12.75,75100
2025-12-05,11.284311294555664,12.75,12.920000076293945,12.65999984741211,12.71500015258789,127400
2025-12-08,11.213508605957031,12.670000076293945,12.899999618530273,12.600000381469727,12.75,70800
2025-12-09,11.337414741516113,12.8100004196167,12.854999542236328,12.65999984741211,12.65999984741211,49300
2025-12-10,11.602926254272461,13.109999656677246,13.164999961853027,12.829999923706055,12.829999923706055,127300
2025-12-11,11.611778259277344,13.119999885559082,13.210000038146973,13.050000190734863,13.050000190734863,101700
2025-12-12,11.92154312133789,13.470000267028809,13.489999771118164,13.239999771118164,13.25,158700
2025-12-15,11.328563690185547,12.800000190734863,13.470000267028809,12.65999984741211,13.470000267028809,267800
2025-12-16,11.514423370361328,13.010000228881836,13.09000015258789,12.8149995803833,12.819999694824219,125300
2025-12-17,11.505572319030762,13.0,13.079999923706055,12.925000190734863,13.0,125300
2025-12-18,11.65602970123291,13.170000076293945,13.229999542236328,13.045000076293945,13.09000015258789,102200
2025-12-19,11.496722221374512,12.989999771118164,13.25,12.90999984741211,13.100000381469727,410100
2025-12-22,11.434769630432129,12.920000076293945,13.229999542236328,12.890000343322754,13.149999618530273,120500
2025-12-23,11.36396598815918,12.84000015258789,12.902999877929688,12.755000114440918,12.899999618530273,78200
2025-12-24,11.452470779418945,12.9399995803833,12.979999542236328,12.789999961853027,12.789999961853027,29300
2025-12-26,11.620628356933594,13.130000114440918,13.145000457763672,12.979999542236328,12.979999542236328,93100
2025-12-29,11.319713592529297,12.789999961853027,13.199999809265137,12.720000267028809,13.130000114440918,641400
2025-12-30,11.275461196899414,12.739999771118164,12.859999656677246,12.720000267028809,12.779999732971191,138600
2025-12-31,11.26627254486084,12.260000228881836,12.404999732971191,12.149999618530273,12.25,228000
2026-01-02,11.26627254486084,12.260000228881836,12.406999588012695,12.149999618530273,12.380000114440918,187800
2026-01-05,11.39492416381836,12.399999618530273,12.4399995803833,12.239999771118164,12.300000190734863,111300
2026-01-06,11.247892379760742,12.239999771118164,12.449999809265137,12.149999618530273,12.399999618530273,134100
2026-01-07,11.008966445922852,11.979999542236328,12.350000381469727,11.890000343322754,12.319999694824219,204300
2026-01-08,11.284650802612305,12.279999732971191,12.401000022888184,11.979999542236328,11.979999542236328,124000
2026-01-09,11.376545906066895,12.380000114440918,12.420000076293945,12.260000228881836,12.319999694824219,84400
2026-01-12,11.422492980957031,12.430000305175781,12.4399995803833,12.25,12.350000381469727,110500
2026-01-13,11.376545906066895,12.380000114440918,12.479999542236328,12.300000190734863,12.40999984741211,91100
2026-01-14,11.606282234191895,12.630000114440918,12.645000457763672,12.329999923706055,12.329999923706055,147300
2026-01-15,11.661418914794922,12.6899995803833,12.829999923706055,12.520000457763672,12.649999618530273,116500
2026-01-16,11.532766342163086,12.550000190734863,12.770000457763672,12.520000457763672,12.65999984741211,115400
2026-01-20,11.39492416381836,12.399999618530273,12.53499984741211,12.34000015258789,12.5,124000
2026-01-21,11.486818313598633,12.5,12.609999656677246,12.430000305175781,12.574999809265137,99000
2026-01-22,11.450060844421387,12.460000038146973,12.649999618530273,12.414999961853027,12.569999694824219,76500
2026-01-23,11.422492980957031,12.430000305175781,12.475000381469727,12.25,12.420000076293945,146400
2026-01-26,11.284650802612305,12.279999732971191,12.430000305175781,12.149999618530273,12.430000305175781,94600
2026-01-27,11.348977088928223,12.350000381469727,12.350000381469727,12.170000076293945,12.210000038146973,68600
2026-01-28,11.247892379760742,12.239999771118164,12.404999732971191,12.199999809265137,12.390000343322754,98300
2026-01-29,11.348977088928223,12.350000381469727,12.359999656677246,12.130000114440918,12.170000076293945,115400
2026-01-30,11.39492416381836,12.399999618530273,12.449999809265137,12.170000076293945,12.449999809265137,110800
2026-02-02,11.431681632995605,12.4399995803833,12.479999542236328,12.34000015258789,12.40999984741211,150400
2026-02-03,11.312219619750977,12.3100004196167,12.489999771118164,12.149999618530273,12.420000076293945,103500
2026-02-04,11.422492980957031,12.430000305175781,12.475000381469727,12.270000457763672,12.34000015258789,136000
2026-02-05,11.110051155090332,12.09000015258789,12.414999961853027,12.050000190734863,12.399999618530273,162300
2026-02-06,11.119240760803223,12.100000381469727,12.230999946594238,12.010000228881836,12.199999809265137,160800
2026-02-09,11.008966445922852,11.979999542236328,12.15999984741211,11.800000190734863,12.079999923706055,298800
2026-02-10,11.02734661102295,12.0,12.119999885559082,11.96500015258789,12.0,76900
2026-02-11,10.93545150756836,11.899999618530273,12.029999732971191,11.8100004196167,12.010000228881836,147000
2026-02-12,10.834367752075195,11.789999961853027,11.970000267028809,11.65999984741211,11.970000267028809,163100
2026-02-13,10.990588188171387,11.960000038146973,12.0,11.619999885559082,11.8100004196167,163300
2026-02-17,10.917072296142578,11.880000114440918,11.977999687194824,11.699999809265137,11.970000267028809,145000
2026-02-18,10.834367752075195,11.789999961853027,11.880000114440918,11.725000381469727,11.829999923706055,114400
2026-02-19,10.779230117797852,11.729999542236328,11.829999923706055,11.640000343322754,11.75,121600
2026-02-20,10.981398582458496,11.949999809265137,11.96500015258789,11.670000076293945,11.729999542236328,147300
2026-02-23,10.889504432678223,11.850000381469727,11.970000267028809,11.75,11.869999885559082,125300
2026-02-24,11.119240760803223,12.100000381469727,12.109999656677246,11.803999900817871,11.829999923706055,130400
2026-02-25,11.16518783569336,12.149999618530273,12.180000305175781,12.020000457763672,12.119999885559082,102700
2026-02-26,11.25708293914795,12.25,12.300000190734863,12.102999687194824,12.149999618530273,99400
2026-02-27,11.16518783569336,12.149999618530273,12.350000381469727,12.100000381469727,12.229999542236328,123800
2026-03-02,11.293840408325195,12.289999961853027,12.350000381469727,11.970000267028809,12.074999809265137,135400
2026-03-03,11.201945304870605,12.1899995803833,12.305000305175781,12.059000015258789,12.170000076293945,85800
2026-03-04,11.32140827178955,12.319999694824219,12.380000114440918,12.114999771118164,12.229999542236328,85000
2026-03-05,11.339787483215332,12.34000015258789,12.4350004196167,12.239999771118164,12.25,75700
2026-03-06,11.27546215057373,12.270000457763672,12.270000457763672,12.095000267028809,12.210000038146973,196700
2026-03-09,11.27546215057373,12.270000457763672,12.329999923706055,11.949999809265137,12.220000267028809,98700
2026-03-10,11.26627254486084,12.260000228881836,12.329999923706055,12.08899974822998,12.199999809265137,99300
2026-03-11,11.16518783569336,12.149999618530273,12.300000190734863,12.100000381469727,12.25,126400
2026-03-12,11.110051155090332,12.09000015258789,12.229999542236328,12.0,12.069999694824219,93000
2026-03-13,11.110051155090332,12.09000015258789,12.199999809265137,12.029999732971191,12.050000190734863,134600
2026-03-16,11.32140827178955,12.319999694824219,12.529999732971191,12.15999984741211,12.180000305175781,339500
2026-03-17,11.468440055847168,12.479999542236328,12.5,12.295000076293945,12.319999694824219,193500
2026-03-18,11.376545906066895,12.380000114440918,12.619999885559082,12.34000015258789,12.4399995803833,182900
2026-03-19,11.431681632995605,12.4399995803833,12.579999923706055,12.350000381469727,12.369999885559082,236300
2026-03-20,11.339787483215332,12.34000015258789,12.510000228881836,12.119999885559082,12.399999618530273,525500
2026-03-23,11.39492416381836,12.399999618530273,12.550000190734863,12.305000305175781,12.420000076293945,337900
2026-03-24,11.03653621673584,12.010000228881836,12.430000305175781,12.010000228881836,12.369999885559082,221600
2026-03-25,11.073293685913086,12.050000190734863,12.225000381469727,12.001999855041504,12.09000015258789,200500
2026-03-26,10.963020324707031,11.930000305175781,12.114999771118164,11.90999984741211,12.029999732971191,206000
2026-03-27,10.49435806274414,11.420000076293945,12.086000442504883,11.414999961853027,12.0,258900
2026-03-30,10.71490478515625,11.65999984741211,11.739999771118164,11.220000267028809,11.470000267028809,263800
2026-03-31,10.839385032653809,11.319999694824219,11.359999656677246,11.0600004196167,11.229999542236328,271700
2026-04-01,10.523396492004395,10.989999771118164,11.390000343322754,10.989999771118164,11.279999732971191,169900
2026-04-02,10.542547225952148,11.010000228881836,11.020000457763672,10.739999771118164,10.970000267028809,243600
2026-04-06,10.705329895019531,11.180000305175781,11.199999809265137,11.010000228881836,11.029999732971191,148700
2026-04-07,10.743631362915039,11.220000267028809,11.255000114440918,11.119999885559082,11.119999885559082,72400
2026-04-08,10.91598892211914,11.399999618530273,11.430000305175781,11.289999961853027,11.34000015258789,133000
2026-04-09,10.992591857910156,11.479999542236328,11.579999923706055,11.385000228881836,11.390000343322754,105600
2026-04-10,11.021319389343262,11.510000228881836,11.600000381469727,11.460000038146973,11.470000267028809,82100
2026-04-13,11.097922325134277,11.59000015258789,11.609999656677246,11.4350004196167,11.5,102600
2026-04-14,11.35645866394043,11.859999656677246,11.890000343322754,11.569999694824219,11.569999694824219,204500
2026-04-15,11.44263744354248,11.949999809265137,11.96500015258789,11.630000114440918,11.890000343322754,183300
2026-04-16,11.35645866394043,11.859999656677246,12.029999732971191,11.819999694824219,11.920000076293945,131900
2026-04-17,11.595844268798828,12.109999656677246,12.140000343322754,11.833999633789062,11.949999809265137,154500
2026-04-20,11.653297424316406,12.170000076293945,12.170000076293945,11.989999771118164,12.039999961853027,110100
2026-04-21,11.24155330657959,11.739999771118164,12.239999771118164,11.739999771118164,12.149999618530273,176200
2026-04-22,11.452213287353516,11.960000038146973,11.989999771118164,11.770000457763672,11.779999732971191,224500
2026-04-23,11.394760131835938,11.899999618530273,12.050000190734863,11.880000114440918,12.020000457763672,155600
2026-04-24,11.634145736694336,12.149999618530273,12.170000076293945,11.805000305175781,11.899999618530273,123500
2026-04-27,11.720324516296387,12.239999771118164,12.319999694824219,12.170000076293945,12.199999809265137,97100
2026-04-28,11.643721580505371,12.15999984741211,12.265000343322754,12.119999885559082,12.199999809265137,118000
2026-04-29,11.404335975646973,11.90999984741211,12.09000015258789,11.829999923706055,12.079999923706055,148900
2026-04-30,11.404335975646973,11.90999984741211,12.09000015258789,11.850000381469727,11.890000343322754,176800
2026-05-01,11.500090599060059,12.010000228881836,12.09000015258789,11.859999656677246,11.960000038146973,112100
2026-05-04,11.452213287353516,11.960000038146973,12.125,11.899999618530273,12.029999732971191,83800
2026-05-05,11.729900360107422,12.25,12.260000228881836,12.029999732971191,12.029999732971191,142600
2026-05-06,11.729900360107422,12.25,12.380000114440918,12.1899995803833,12.350000381469727,162100
2026-05-07,11.12664794921875,11.619999885559082,12.199999809265137,11.5,12.199999809265137,308900
2026-05-08,11.452213287353516,11.960000038146973,12.055000305175781,11.640000343322754,11.710000038146973,304600
2026-05-11,11.088346481323242,11.579999923706055,11.970000267028809,11.5600004196167,11.949999809265137,134600
2026-05-12,10.896838188171387,11.380000114440918,11.65999984741211,11.350000381469727,11.640000343322754,171700
2026-05-13,10.858536720275879,11.34000015258789,11.380000114440918,11.210000038146973,11.380000114440918,213400
2026-05-14,10.839385032653809,11.319999694824219,11.5,11.305000305175781,11.390000343322754,122100
2026-05-15,10.781932830810547,11.260000228881836,11.317999839782715,11.100000381469727,11.25,166200
2026-05-18,10.743631362915039,11.220000267028809,11.319999694824219,11.100000381469727,11.319999694824219,144400
2026-05-19,10.791508674621582,11.270000457763672,11.390000343322754,11.130000114440918,11.210000038146973,154200
2026-05-20,10.906414031982422,11.390000343322754,11.4399995803833,11.215999603271484,11.260000228881836,135500
2026-05-21,10.925564765930176,11.40999984741211,11.470000267028809,11.210000038146973,11.369999885559082,79300
2026-05-22,10.820235252380371,11.300000190734863,11.489999771118164,11.289999961853027,11.40999984741211,104800
2026-05-26,10.839385032653809,11.319999694824219,11.420000076293945,11.255000114440918,11.380000114440918,122500
2026-05-27,11.011743545532227,11.5,11.5,11.329999923706055,11.329999923706055,90100
2026-05-28,10.992591857910156,11.479999542236328,11.520000457763672,11.414999961853027,11.460000038146973,142700
2026-05-29,10.887262344360352,11.369999885559082,11.539999961853027,11.34000015258789,11.5,132900
2026-06-01,10.781932830810547,11.260000228881836,11.359999656677246,11.234999656677246,11.359999656677246,120100
2026-06-02,10.8010835647583,11.279999732971191,11.446000099182129,11.25,11.25,106000
2026-06-03,10.590424537658691,11.0600004196167,11.289999961853027,11.029999732971191,11.279999732971191,113200
2026-06-04,10.820235252380371,11.300000190734863,11.345000267028809,11.130000114440918,11.130000114440918,81000
2026-06-05,10.8010835647583,11.279999732971191,11.375,11.25,11.289999961853027,98100
2026-06-08,10.762782096862793,11.239999771118164,11.390000343322754,11.234999656677246,11.34000015258789,74600
2026-06-09,10.877686500549316,11.359999656677246,11.444999694824219,11.319999694824219,11.319999694824219,102500
2026-06-10,10.877686500549316,11.359999656677246,11.46500015258789,11.359999656677246,11.380000114440918,61600
2026-06-11,10.82981014251709,11.3100004196167,11.4399995803833,11.270000457763672,11.399999618530273,56900
2026-06-12,10.887262344360352,11.369999885559082,11.399999618530273,11.239999771118164,11.34000015258789,71200
2026-06-15,10.561697959899902,11.029999732971191,11.470000267028809,11.010000228881836,11.420000076293945,169200
2026-06-16,10.705329895019531,11.180000305175781,11.244999885559082,11.029999732971191,11.069999694824219,145400
2026-06-17,10.638300895690918,11.109999656677246,11.3149995803833,11.029999732971191,11.15999984741211,285500
2026-06-18,10.963866233825684,11.449999809265137,11.449999809265137,11.236000061035156,11.369999885559082,320100
2026-06-22,10.427642822265625,10.890000343322754,11.550000190734863,10.880000114440918,11.479999542236328,374000
2026-06-23,10.494669914245605,10.960000038146973,11.199999809265137,10.899999618530273,10.899999618530273,177100
2026-06-24,10.494669914245605,10.960000038146973,11.130000114440918,10.930000305175781,11.0,169300
2026-06-25,10.561697959899902,11.029999732971191,11.229999542236328,10.970000267028809,11.0600004196167,149500
2026-06-26,10.925564765930176,11.40999984741211,11.460000038146973,11.050000190734863,11.050000190734863,629800
2026-06-29,10.59999942779541,11.069999694824219,11.5,11.069999694824219,11.5,328500
2026-06-30,10.720000267028809,10.720000267028809,10.789999961853027,10.609999656677246,10.670000076293945,190200
2026-07-01,10.829999923706055,10.829999923706055,10.984999656677246,10.720000267028809,10.720000267028809,214300
2026-07-02,10.680000305175781,10.680000305175781,10.954999923706055,10.654000282287598,10.850000381469727,129800
2026-07-06,10.609999656677246,10.609999656677246,10.779999732971191,10.5600004196167,10.640000343322754,202400
2026-07-07,10.729999542236328,10.729999542236328,10.850000381469727,10.680000305175781,10.680000305175781,151000
2026-07-08,10.680000305175781,10.680000305175781,10.8100004196167,10.649999618530273,10.710000038146973,98000
2026-07-09,10.6899995803833,10.6899995803833,10.789999961853027,10.670000076293945,10.680000305175781,153700
2026-07-10,10.819999694824219,10.819999694824219,10.850000381469727,10.739999771118164,10.739999771118164,80300
2026-07-13,10.729999542236328,10.729999542236328,10.899999618530273,10.699999809265137,10.84000015258789,120000
2026-07-14,10.75,10.75,10.9399995803833,10.75,10.779999732971191,147400
2026-07-15,10.720000267028809,10.720000267028809,10.890000343322754,10.670000076293945,10.800000190734863,234000
2026-07-16,10.850000381469727,10.850000381469727,10.9399995803833,10.718000411987305,10.739999771118164,182000
2026-07-17,10.619999885559082,10.619999885559082,10.890000343322754,10.609999656677246,10.829999923706055,153400
2026-07-20,10.420000076293945,10.420000076293945,10.619999885559082,10.319999694824219,10.619999885559082,207100
2026-07-21,10.380000114440918,10.380000114440918,10.475000381469727,10.375,10.390000343322754,92000
2026-07-22,10.170000076293945,10.170000076293945,10.385000228881836,10.154999732971191,10.350000381469727,196100
2026-07-23,10.108099937438965,10.108099937438965,10.220000267028809,10.039999961853027,10.100000381469727,96898
