Date,Adjusted_Close,Close,High,Low,Open,Volume
2022-02-11,13.334614753723145,18.540000915527344,19.899999618530273,18.540000915527344,19.899999618530273,1479400
2022-02-14,13.73738956451416,19.100000381469727,19.100000381469727,18.549999237060547,18.549999237060547,166300
2022-02-15,13.73738956451416,19.100000381469727,19.200000762939453,18.850000381469727,19.190000534057617,163600
2022-02-16,13.73019790649414,19.09000015258789,19.200000762939453,18.799999237060547,19.190000534057617,89400
2022-02-17,14.298391342163086,19.8799991607666,19.899999618530273,19.149999618530273,19.290000915527344,218300
2022-02-18,14.384698867797852,20.0,20.0,19.799999237060547,19.889999389648438,101700
2022-02-22,14.39908218383789,20.020000457763672,20.190000534057617,20.0,20.0,78100
2022-02-23,14.391886711120605,20.010000228881836,20.139999389648438,20.0,20.139999389648438,18300
2022-02-24,14.442235946655273,20.079999923706055,20.5,20.0,20.0,53900
2022-02-25,14.456623077392578,20.100000381469727,20.299999237060547,20.0,20.079999923706055,10400
2022-02-28,14.384698867797852,20.0,20.06999969482422,20.0,20.010000228881836,18200
2022-03-01,14.521355628967285,20.190000534057617,20.399999618530273,20.020000457763672,20.020000457763672,8700
2022-03-02,14.506965637207031,20.170000076293945,20.299999237060547,20.1200008392334,20.1200008392334,14100
2022-03-03,14.47819995880127,20.1299991607666,20.148000717163086,20.059999465942383,20.148000717163086,3300
2022-03-04,14.481797218322754,20.135000228881836,20.18000030517578,20.049999237060547,20.100000381469727,6800
2022-03-07,14.384698867797852,20.0,20.030000686645508,20.0,20.020000457763672,30400
2022-03-08,14.406274795532227,20.030000686645508,20.110000610351562,20.0,20.010000228881836,19600
2022-03-09,14.391886711120605,20.010000228881836,20.030000686645508,20.0,20.030000686645508,6300
2022-03-10,14.39908218383789,20.020000457763672,20.049999237060547,20.0,20.049999237060547,4500
2022-03-11,14.391886711120605,20.010000228881836,20.038999557495117,20.0,20.038999557495117,2900
2022-03-14,14.384698867797852,20.0,20.030000686645508,20.0,20.0,16700
2022-03-15,14.384698867797852,20.0,20.020000457763672,20.0,20.020000457763672,16900
2022-03-16,14.459890365600586,20.0,20.020000457763672,20.0,20.0,10100
2022-03-17,14.467116355895996,20.010000228881836,20.02199935913086,20.0,20.0,4300
2022-03-18,14.459890365600586,20.0,20.010000228881836,20.0,20.0,29000
2022-03-21,13.758587837219238,19.030000686645508,19.690000534057617,19.0,19.690000534057617,60000
2022-03-22,13.989945411682129,19.350000381469727,19.350000381469727,19.000999450683594,19.100000381469727,12100
2022-03-23,14.459890365600586,20.0,20.0,19.149999618530273,19.299999237060547,34800
2022-03-24,14.2068452835083,19.649999618530273,19.850000381469727,19.649999618530273,19.850000381469727,10700
2022-03-25,14.026092529296875,19.399999618530273,19.600000381469727,19.399999618530273,19.5,8000
2022-03-28,13.852577209472656,19.15999984741211,19.5,19.079999923706055,19.399999618530273,8100
2022-03-29,13.773048400878906,19.049999237060547,19.889999389648438,19.049999237060547,19.889999389648438,18500
2022-03-30,13.822931289672852,19.118999481201172,19.24799919128418,19.0,19.24799919128418,6800
2022-03-31,13.946566581726074,19.290000915527344,19.549999237060547,19.149999618530273,19.5,26600
2022-04-01,13.953794479370117,19.299999237060547,19.44700050354004,19.177000045776367,19.44700050354004,7800
2022-04-04,13.881498336791992,19.200000762939453,19.399999618530273,19.16699981689453,19.209999084472656,5600
2022-04-05,13.751358032226562,19.020000457763672,19.079999923706055,19.020000457763672,19.079999923706055,2600
2022-04-06,13.876436233520508,19.19300079345703,19.200000762939453,19.049999237060547,19.170000076293945,14600
2022-04-07,13.867034912109375,19.18000030517578,19.18000030517578,19.040000915527344,19.18000030517578,7500
2022-04-08,13.736898422241211,19.0,19.18000030517578,19.0,19.18000030517578,2000
2022-04-11,13.67182445526123,18.90999984741211,19.100000381469727,18.899999618530273,19.100000381469727,5200
2022-04-12,13.773048400878906,19.049999237060547,19.200000762939453,18.950000762939453,19.0,8900
2022-04-13,13.201653480529785,18.15999984741211,19.100000381469727,17.719999313354492,18.889999389648438,49000
2022-04-14,13.208925247192383,18.170000076293945,18.170000076293945,17.68000030517578,17.75,37100
2022-04-18,13.158035278320312,18.100000381469727,18.299999237060547,17.979999542236328,18.113000869750977,8800
2022-04-19,13.078067779541016,17.989999771118164,18.18199920654297,17.989999771118164,18.06999969482422,8400
2022-04-20,13.121691703796387,18.049999237060547,18.100000381469727,17.719999313354492,17.90999984741211,4800
2022-04-21,13.012642860412598,17.899999618530273,18.049999237060547,17.700000762939453,18.049999237060547,3200
2022-04-22,13.012642860412598,17.899999618530273,18.0,17.899999618530273,17.899999618530273,4400
2022-04-25,12.939945220947266,17.799999237060547,18.0,17.790000915527344,17.969999313354492,4200
2022-04-26,13.019916534423828,17.90999984741211,18.0,17.700000762939453,17.969999313354492,11600
2022-04-27,12.641890525817871,17.389999389648438,17.969999313354492,17.389999389648438,17.969999313354492,6900
2022-04-28,12.547383308410645,17.260000228881836,17.690000534057617,17.010000228881836,17.309999465942383,11900
2022-04-29,12.14755916595459,16.709999084472656,17.68000030517578,16.600000381469727,17.68000030517578,28300
2022-05-02,12.34383773803711,16.979999542236328,16.979999542236328,16.719999313354492,16.719999313354492,1300
2022-05-03,12.307489395141602,16.93000030517578,17.174999237060547,16.75,16.829999923706055,9200
2022-05-04,12.307489395141602,16.93000030517578,17.038000106811523,16.429000854492188,16.950000762939453,8400
2022-05-05,12.234795570373535,16.829999923706055,16.829999923706055,16.5,16.665000915527344,3700
2022-05-06,11.95854663848877,16.450000762939453,16.886999130249023,16.395000457763672,16.503999710083008,8800
2022-05-09,12.067595481872559,16.600000381469727,16.631000518798828,16.3700008392334,16.594999313354492,10600
2022-05-10,12.002163887023926,16.510000228881836,16.6299991607666,16.260000228881836,16.520000457763672,16800
2022-05-11,11.624141693115234,15.989999771118164,16.65999984741211,15.850000381469727,16.65999984741211,37100
2022-05-12,11.53194522857666,15.760000228881836,16.0,15.569999694824219,16.0,47300
2022-05-13,11.34901237487793,15.510000228881836,16.0,15.510000228881836,15.920000076293945,8400
2022-05-16,11.429508209228516,15.619999885559082,15.73900032043457,15.520000457763672,15.5600004196167,23500
2022-05-17,11.414871215820312,15.600000381469727,15.680000305175781,15.5,15.609999656677246,11400
2022-05-18,11.407554626464844,15.59000015258789,15.8100004196167,15.229999542236328,15.600000381469727,15400
2022-05-19,11.608778953552246,15.864999771118164,16.25,15.569999694824219,15.574999809265137,9300
2022-05-20,11.627067565917969,15.890000343322754,16.1200008392334,15.649999618530273,15.729999542236328,11600
2022-05-23,12.168542861938477,16.6299991607666,16.6299991607666,15.699999809265137,15.699999809265137,11300
2022-05-24,11.802680015563965,16.1299991607666,16.881000518798828,15.949999809265137,15.949999809265137,50900
2022-05-25,12.110004425048828,16.549999237060547,17.170000076293945,16.2549991607666,16.31999969482422,28100
2022-05-26,12.731971740722656,17.399999618530273,17.770000457763672,16.610000610351562,16.610000610351562,24100
2022-05-27,13.134418487548828,17.950000762939453,18.010000228881836,17.437000274658203,17.499000549316406,25400
2022-05-31,12.60757827758789,17.229999542236328,17.989999771118164,17.010000228881836,17.59000015258789,45400
2022-06-01,12.658798217773438,17.299999237060547,17.465999603271484,17.100000381469727,17.209999084472656,14700
2022-06-02,12.673430442810059,17.31999969482422,17.67099952697754,17.299999237060547,17.459999084472656,15200
2022-06-03,12.797826766967773,17.489999771118164,17.65999984741211,17.106000900268555,17.299999237060547,11900
2022-06-06,13.068562507629395,17.860000610351562,18.0,17.399999618530273,17.610000610351562,13500
2022-06-07,13.16368579864502,17.989999771118164,18.0,17.700000762939453,17.719999313354492,15300
2022-06-08,13.171002388000488,18.0,18.34000015258789,17.56100082397461,17.979999542236328,19800
2022-06-09,13.061253547668457,17.850000381469727,18.329999923706055,17.71500015258789,17.979999542236328,10200
2022-06-10,12.900267601013184,17.6299991607666,18.25,17.6299991607666,17.729999542236328,28800
2022-06-13,13.25881290435791,18.1200008392334,18.1299991607666,17.15999984741211,17.236000061035156,9700
2022-06-14,12.940511703491211,17.684999465942383,18.239999771118164,17.3799991607666,17.709999084472656,9500
2022-06-15,12.880895614624023,17.5,17.7450008392334,17.209999084472656,17.649999618530273,31600
2022-06-16,12.829370498657227,17.43000030517578,17.941999435424805,17.040000915527344,17.389999389648438,29900
2022-06-17,12.822007179260254,17.420000076293945,18.0049991607666,17.200000762939453,17.219999313354492,13100
2022-06-21,12.660078048706055,17.200000762939453,17.531999588012695,17.049999237060547,17.09000015258789,9300
2022-06-22,12.18164348602295,16.549999237060547,17.299999237060547,16.510000228881836,17.100000381469727,15700
2022-06-23,11.813619613647461,16.049999237060547,16.704999923706055,16.049999237060547,16.549999237060547,21700
2022-06-24,11.865142822265625,16.1200008392334,16.530000686645508,16.059999465942383,16.489999771118164,13700
2022-06-27,11.681127548217773,15.869999885559082,16.138999938964844,15.850000381469727,16.049999237060547,36800
2022-06-28,12.21108627319336,16.59000015258789,16.610000610351562,15.899999618530273,16.010000228881836,36100
2022-06-29,12.019709587097168,16.329999923706055,17.780000686645508,16.149999618530273,16.290000915527344,57000
2022-06-30,11.894580841064453,16.15999984741211,16.989999771118164,16.15999984741211,16.440000534057617,31000
2022-07-01,12.21108627319336,16.59000015258789,16.639999389648438,16.155000686645508,16.299999237060547,17600
2022-07-05,12.409818649291992,16.860000610351562,16.889999389648438,16.200000762939453,16.350000381469727,11200
2022-07-06,12.402461051940918,16.850000381469727,16.899999618530273,16.40399932861328,16.799999237060547,11200
2022-07-07,12.476069450378418,16.950000762939453,17.0,16.790000915527344,17.0,7900
2022-07-08,12.87353229522705,17.489999771118164,17.780000686645508,16.6299991607666,17.700000762939453,9700
2022-07-11,12.380378723144531,16.81999969482422,17.843000411987305,16.610000610351562,17.100000381469727,24600
2022-07-12,12.623270988464355,17.149999618530273,17.25,16.799999237060547,16.799999237060547,6000
2022-07-13,12.54966926574707,17.049999237060547,17.229999542236328,16.649999618530273,16.829999923706055,18500
2022-07-14,12.330460548400879,16.649999618530273,17.207000732421875,16.649999618530273,17.010000228881836,19300
2022-07-15,12.500786781311035,16.8799991607666,17.459999084472656,16.75,16.75,11300
2022-07-18,12.989568710327148,17.540000915527344,17.610000610351562,16.959999084472656,17.1200008392334,24300
2022-07-19,12.84811782836914,17.349000930786133,17.635000228881836,17.329999923706055,17.635000228881836,19400
2022-07-20,12.441547393798828,16.799999237060547,17.308000564575195,16.770000457763672,17.18000030517578,41200
2022-07-21,12.4341402053833,16.790000915527344,17.200000762939453,16.649999618530273,16.84000015258789,31500
2022-07-22,12.397110939025879,16.739999771118164,16.790000915527344,16.59000015258789,16.75,8300
2022-07-25,12.330460548400879,16.649999618530273,16.93000030517578,16.649999618530273,16.68000030517578,10900
2022-07-26,12.397110939025879,16.739999771118164,16.940000534057617,16.59000015258789,16.700000762939453,20000
2022-07-27,12.367490768432617,16.700000762939453,16.860000610351562,16.610000610351562,16.809999465942383,13700
2022-07-28,12.40451717376709,16.75,16.878000259399414,16.60300064086914,16.719999313354492,9600
2022-07-29,12.641498565673828,17.06999969482422,17.200000762939453,16.795000076293945,16.84000015258789,28800
2022-08-01,12.722963333129883,17.18000030517578,17.190000534057617,16.969999313354492,17.110000610351562,22600
2022-08-02,12.782206535339355,17.260000228881836,17.549999237060547,17.040000915527344,17.040000915527344,17700
2022-08-03,12.989568710327148,17.540000915527344,17.780000686645508,17.149999618530273,17.149999618530273,6600
2022-08-04,12.915514945983887,17.440000534057617,17.84000015258789,17.05900001525879,17.600000381469727,8500
2022-08-05,12.774802207946777,17.25,17.364999771118164,17.219999313354492,17.219999313354492,800
2022-08-08,12.745174407958984,17.209999084472656,17.549999237060547,16.8700008392334,17.149999618530273,11700
2022-08-09,12.315650939941406,16.6299991607666,17.700000762939453,16.530000686645508,17.408000946044922,50900
2022-08-10,12.745174407958984,17.209999084472656,17.219999313354492,16.600000381469727,16.739999771118164,52400
2022-08-11,12.685930252075195,17.1299991607666,17.270000457763672,17.010000228881836,17.270000457763672,13000
2022-08-12,13.026598930358887,17.59000015258789,17.690000534057617,17.125,17.280000686645508,9500
2022-08-15,13.115464210510254,17.709999084472656,17.739999771118164,17.2549991607666,17.2549991607666,8800
2022-08-16,13.110991477966309,17.600000381469727,17.850000381469727,17.5310001373291,17.799999237060547,10200
2022-08-17,12.664026260375977,17.0,17.540000915527344,17.0,17.540000915527344,23900
2022-08-18,12.574628829956055,16.8799991607666,16.950000762939453,16.65999984741211,16.739999771118164,34000
2022-08-19,12.466614723205566,16.735000610351562,17.170000076293945,16.59000015258789,17.170000076293945,19200
2022-08-22,12.336254119873047,16.559999465942383,16.709999084472656,16.559999465942383,16.704999923706055,9900
2022-08-23,12.522489547729492,16.809999465942383,16.809999465942383,16.600000381469727,16.600000381469727,10100
2022-08-24,12.447997093200684,16.709999084472656,16.899999618530273,16.655000686645508,16.75,13200
2022-08-25,12.388398170471191,16.6299991607666,16.889999389648438,16.600000381469727,16.889999389648438,10900
2022-08-26,12.403297424316406,16.649999618530273,16.75,16.600000381469727,16.600000381469727,12200
2022-08-29,12.31316089630127,16.52899932861328,16.690000534057617,16.329999923706055,16.690000534057617,26400
2022-08-30,12.179816246032715,16.350000381469727,16.549999237060547,16.350000381469727,16.545000076293945,6600
2022-08-31,12.291556358337402,16.5,16.549999237060547,16.351999282836914,16.549999237060547,14800
2022-09-01,12.082971572875977,16.219999313354492,16.424999237060547,16.010000228881836,16.424999237060547,11600
2022-09-02,12.135119438171387,16.290000915527344,16.34000015258789,16.2189998626709,16.31999969482422,4800
2022-09-06,12.068074226379395,16.200000762939453,16.325000762939453,16.079999923706055,16.31999969482422,2800
2022-09-07,12.19471549987793,16.3700008392334,16.450000762939453,15.920000076293945,16.0,14800
2022-09-08,12.790667533874512,17.170000076293945,17.190000534057617,16.270000457763672,16.270000457763672,41600
2022-09-09,12.447997093200684,16.709999084472656,17.1299991607666,16.59000015258789,17.1299991607666,8900
2022-09-12,12.354877471923828,16.584999084472656,16.777999877929688,16.510000228881836,16.709999084472656,31800
2022-09-13,12.22451114654541,16.40999984741211,17.0,16.405000686645508,16.600000381469727,19300
2022-09-14,12.537385940551758,16.829999923706055,17.0,16.139999389648438,16.18000030517578,18100
2022-09-15,12.240557670593262,16.329999923706055,16.708999633789062,16.250999450683594,16.610000610351562,4000
2022-09-16,11.993193626403809,16.0,16.827999114990234,15.906999588012695,16.170000076293945,9800
2022-09-19,11.993193626403809,16.0,16.4950008392334,15.75,15.75,6400
2022-09-20,11.805801391601562,15.75,16.410999298095703,15.75,15.84000015258789,8000
2022-09-21,11.877012252807617,15.845000267028809,15.979999542236328,15.6899995803833,15.6899995803833,5900
2022-09-22,12.270541191101074,16.3700008392334,16.459999084472656,15.850000381469727,15.850000381469727,3300
2022-09-23,11.881511688232422,15.85099983215332,16.204999923706055,15.85099983215332,15.940999984741211,4500
2022-09-26,12.120624542236328,16.170000076293945,16.170000076293945,15.850000381469727,15.850000381469727,2300
2022-09-27,11.768321990966797,15.699999809265137,16.191999435424805,15.699999809265137,16.010000228881836,23000
2022-09-28,11.805801391601562,15.75,16.0,15.550000190734863,15.824999809265137,27400
2022-09-29,11.535954475402832,15.390000343322754,15.760000228881836,15.350000381469727,15.729999542236328,14400
2022-09-30,11.490978240966797,15.329999923706055,16.5,15.079999923706055,16.5,12900
2022-10-03,11.363554954528809,15.15999984741211,16.5,15.14799976348877,16.5,19400
2022-10-04,11.72335147857666,15.640000343322754,15.699999809265137,15.220000267028809,15.220000267028809,12000
2022-10-05,11.730846405029297,15.649999618530273,15.979999542236328,15.279999732971191,15.479999542236328,1000
2022-10-06,11.745835304260254,15.670000076293945,16.33099937438965,15.670000076293945,16.33099937438965,2000
2022-10-07,11.639399528503418,15.527999877929688,15.9399995803833,15.220000267028809,15.359999656677246,7700
2022-10-10,11.356056213378906,15.149999618530273,15.460000038146973,15.149999618530273,15.270000457763672,9700
2022-10-11,11.588423728942871,15.460000038146973,15.460000038146973,15.100000381469727,15.350000381469727,2900
2022-10-12,11.674629211425781,15.574999809265137,15.935999870300293,15.100000381469727,15.935999870300293,7100
2022-10-13,11.507859230041504,15.25,15.444999694824219,15.130000114440918,15.187999725341797,8400
2022-10-14,11.47012710571289,15.199999809265137,15.494999885559082,14.949999809265137,15.130000114440918,7800
2022-10-17,11.307886123657227,14.984999656677246,15.751999855041504,14.979999542236328,15.329999923706055,10300
2022-10-18,11.462581634521484,15.1899995803833,15.25,14.84000015258789,14.949999809265137,31100
2022-10-19,11.447488784790039,15.170000076293945,15.4399995803833,14.84000015258789,15.170000076293945,13200
2022-10-20,11.492764472961426,15.229999542236328,15.621999740600586,14.899999618530273,14.899999618530273,13300
2022-10-21,11.168279647827148,14.800000190734863,15.704999923706055,14.720000267028809,15.704999923706055,12600
2022-10-24,10.881526947021484,14.420000076293945,15.076000213623047,14.350000381469727,14.829999923706055,34300
2022-10-25,10.715513229370117,14.199999809265137,14.5,14.100000381469727,14.5,82200
2022-10-26,10.579682350158691,14.020000457763672,14.220000267028809,13.9399995803833,14.130000114440918,293400
2022-10-27,10.753244400024414,14.25,14.520000457763672,14.029999732971191,14.050000190734863,23500
2022-10-28,10.661932945251465,14.128999710083008,14.149999618530273,14.0,14.069999694824219,15800
2022-10-31,10.685327529907227,14.15999984741211,14.390000343322754,14.074999809265137,14.1899995803833,33000
2022-11-01,10.896618843078613,14.4399995803833,14.449999809265137,14.199999809265137,14.3100004196167,71100
2022-11-02,11.213556289672852,14.859999656677246,14.859999656677246,14.319999694824219,14.569999694824219,93900
2022-11-03,11.402214050292969,15.109999656677246,15.25,14.414999961853027,14.489999771118164,31500
2022-11-04,10.98038387298584,14.550999641418457,15.119999885559082,14.5,14.850000381469727,31300
2022-11-07,10.640052795410156,14.100000381469727,14.821000099182129,14.069999694824219,14.5600004196167,58500
2022-11-08,10.715513229370117,14.199999809265137,14.359999656677246,14.170000076293945,14.199999809265137,43600
2022-11-09,10.692877769470215,14.170000076293945,14.289999961853027,14.100000381469727,14.149999618530273,46900
2022-11-10,10.97962760925293,14.550000190734863,14.6899995803833,14.350000381469727,14.359999656677246,73600
2022-11-11,11.092822074890137,14.699999809265137,14.814000129699707,14.479999542236328,14.539999961853027,22400
2022-11-14,10.829863548278809,14.25,14.729999542236328,14.25,14.600000381469727,54800
2022-11-15,11.057860374450684,14.550000190734863,14.739999771118164,14.355999946594238,14.380000114440918,31900
2022-11-16,11.232659339904785,14.779999732971191,14.84000015258789,14.449999809265137,14.550000190734863,47300
2022-11-17,11.58985424041748,15.25,15.399999618530273,14.699999809265137,14.821000099182129,102100
2022-11-18,11.992650032043457,15.779999732971191,15.789999961853027,15.119999885559082,15.34000015258789,17900
2022-11-21,11.779091835021973,15.49899959564209,15.782999992370605,15.3149995803833,15.782999992370605,21100
2022-11-22,12.007844924926758,15.800000190734863,15.87600040435791,15.510000228881836,15.664999961853027,18300
2022-11-23,12.007844924926758,15.800000190734863,15.899999618530273,15.369999885559082,15.635000228881836,39900
2022-11-25,11.833050727844238,15.569999694824219,15.890000343322754,15.550000190734863,15.843000411987305,23500
2022-11-28,11.817852020263672,15.550000190734863,16.09000015258789,15.524999618530273,15.859999656677246,67000
2022-11-29,11.802652359008789,15.529999732971191,15.899999618530273,15.399999618530273,15.5,53800
2022-11-30,11.871049880981445,15.619999885559082,15.859999656677246,15.5600004196167,15.739999771118164,66300
2022-12-01,12.08384895324707,15.899999618530273,15.899999618530273,15.699999809265137,15.699999809265137,46300
2022-12-02,11.962246894836426,15.739999771118164,15.850000381469727,15.579999923706055,15.850000381469727,47800
2022-12-05,11.871049880981445,15.619999885559082,15.84000015258789,15.619999885559082,15.739999771118164,31600
2022-12-06,11.893851280212402,15.649999618530273,15.779999732971191,15.5600004196167,15.649999618530273,27200
2022-12-07,11.840652465820312,15.579999923706055,15.829999923706055,15.510000228881836,15.600000381469727,64900
2022-12-08,11.772250175476074,15.489999771118164,15.640000343322754,15.399999618530273,15.574999809265137,52300
2022-12-09,11.68105411529541,15.369999885559082,15.640000343322754,15.369999885559082,15.449999809265137,24100
2022-12-12,11.924250602722168,15.6899995803833,15.84000015258789,15.383999824523926,15.430000305175781,45900
2022-12-13,12.015449523925781,15.8100004196167,15.930000305175781,15.420000076293945,15.800000190734863,55900
2022-12-14,11.903756141662598,15.5600004196167,15.890000343322754,15.350000381469727,15.850000381469727,23600
2022-12-15,11.704849243164062,15.300000190734863,15.65999984741211,15.239999771118164,15.541999816894531,34000
2022-12-16,11.536541938781738,15.079999923706055,15.753999710083008,15.010000228881836,15.25,36700
2022-12-19,11.562557220458984,15.11400032043457,15.189000129699707,14.979999542236328,15.020000457763672,45800
2022-12-20,11.398835182189941,14.899999618530273,15.149999618530273,14.899999618530273,15.130000114440918,152800
2022-12-21,11.490642547607422,15.020000457763672,15.180000305175781,14.920000076293945,14.989999771118164,66800
2022-12-22,11.498291969299316,15.029999732971191,15.09000015258789,14.930000305175781,15.09000015258789,86300
2022-12-23,11.421792030334473,14.930000305175781,15.100000381469727,14.930000305175781,15.09000015258789,100600
2022-12-27,11.452392578125,14.970000267028809,15.039999961853027,14.920000076293945,14.930000305175781,75200
2022-12-28,11.544195175170898,15.09000015258789,15.100000381469727,14.880000114440918,14.979999542236328,84800
2022-12-29,11.528892517089844,15.069999694824219,15.239999771118164,14.960000038146973,15.039999961853027,133000
2022-12-30,11.613045692443848,15.180000305175781,15.279999732971191,15.050000190734863,15.140000343322754,38200
2023-01-03,11.881568908691406,15.531000137329102,15.670000076293945,15.206000328063965,15.3100004196167,51900
2023-01-04,11.819602012634277,15.449999809265137,15.75,15.40999984741211,15.539999961853027,24600
2023-01-05,11.987906455993652,15.670000076293945,15.779999732971191,15.350000381469727,15.449999809265137,25800
2023-01-06,11.861678123474121,15.505000114440918,15.84000015258789,15.460000038146973,15.670000076293945,28600
2023-01-09,12.018508911132812,15.710000038146973,15.84000015258789,15.5600004196167,15.5600004196167,23200
2023-01-10,11.94200611114502,15.609999656677246,15.720000267028809,15.479999542236328,15.710000038146973,17200
2023-01-11,12.02616024017334,15.720000267028809,15.880000114440918,15.630000114440918,15.630000114440918,42400
2023-01-12,12.408734321594238,16.1200008392334,16.1200008392334,15.619999885559082,15.729999542236328,36500
2023-01-13,12.416433334350586,16.1299991607666,16.18000030517578,15.970000267028809,16.040000915527344,32800
2023-01-17,12.601181030273438,16.3700008392334,16.639999389648438,16.200000762939453,16.200000762939453,52700
2023-01-18,12.632739067077637,16.410999298095703,16.639999389648438,16.399999618530273,16.399999618530273,25100
2023-01-19,12.63197135925293,16.40999984741211,16.739999771118164,16.371999740600586,16.549999237060547,27000
2023-01-20,12.870603561401367,16.719999313354492,16.719999313354492,16.360000610351562,16.360000610351562,2500
2023-01-23,12.962973594665527,16.84000015258789,16.979999542236328,16.399999618530273,16.649999618530273,30500
2023-01-24,12.878293991088867,16.729999542236328,16.889999389648438,16.652999877929688,16.690000534057617,21100
2023-01-25,12.431829452514648,16.149999618530273,16.780000686645508,16.149999618530273,16.68000030517578,38700
2023-01-26,12.732039451599121,16.540000915527344,16.559999465942383,16.15999984741211,16.219999313354492,10000
2023-01-27,12.693549156188965,16.489999771118164,16.674999237060547,16.489999771118164,16.549999237060547,9200
2023-01-30,12.801319122314453,16.6299991607666,16.729999542236328,16.399999618530273,16.399999618530273,12500
2023-01-31,12.63197135925293,16.40999984741211,16.600000381469727,16.209999084472656,16.600000381469727,22600
2023-02-01,12.639668464660645,16.420000076293945,16.59000015258789,16.219999313354492,16.479999542236328,13400
2023-02-02,12.801319122314453,16.6299991607666,16.809999465942383,16.5,16.5,20100
2023-02-03,12.762829780578613,16.579999923706055,16.600000381469727,16.301000595092773,16.59000015258789,20200
2023-02-06,12.678156852722168,16.469999313354492,16.538999557495117,16.290000915527344,16.292999267578125,11500
2023-02-07,12.885993003845215,16.739999771118164,16.739999771118164,16.399999618530273,16.40999984741211,26700
2023-02-08,12.793622970581055,16.6200008392334,16.889999389648438,16.459999084472656,16.889999389648438,24600
2023-02-09,12.78592586517334,16.610000610351562,16.75,16.51799964904785,16.530000686645508,11700
2023-02-10,12.832111358642578,16.670000076293945,16.739999771118164,16.600000381469727,16.610000610351562,15300
2023-02-13,12.778227806091309,16.600000381469727,16.750999450683594,16.3700008392334,16.469999313354492,19300
2023-02-14,12.659758567810059,16.350000381469727,16.780000686645508,16.299999237060547,16.450000762939453,20500
2023-02-15,12.628789901733398,16.309999465942383,16.610000610351562,16.309999465942383,16.4950008392334,19400
2023-02-16,12.5203857421875,16.170000076293945,16.5,16.090999603271484,16.5,9200
2023-02-17,12.350041389465332,15.949999809265137,16.336000442504883,15.829999923706055,16.336000442504883,23800
2023-02-21,11.893202781677246,15.359999656677246,15.899999618530273,15.319999694824219,15.729999542236328,48200
2023-02-22,11.753829956054688,15.180000305175781,15.510000228881836,15.180000305175781,15.399999618530273,12700
2023-02-23,11.784801483154297,15.220000267028809,15.699999809265137,15.201000213623047,15.34000015258789,49700
2023-02-24,11.668659210205078,15.069999694824219,15.380000114440918,15.020000457763672,15.220000267028809,27700
2023-02-27,11.800291061401367,15.239999771118164,15.479999542236328,15.079999923706055,15.079999923706055,9900
2023-02-28,11.808032035827637,15.25,15.380000114440918,15.065999984741211,15.119999885559082,9800
2023-03-01,11.846748352050781,15.300000190734863,15.369999885559082,15.210000038146973,15.210000038146973,3700
2023-03-02,11.773194313049316,15.204999923706055,15.380000114440918,15.109999656677246,15.220000267028809,23000
2023-03-03,11.777060508728027,15.210000038146973,15.34000015258789,15.109999656677246,15.270000457763672,25800
2023-03-06,11.629942893981934,15.020000457763672,15.210000038146973,15.020000457763672,15.210000038146973,21300
2023-03-07,11.614462852478027,15.0,15.243000030517578,15.0,15.100000381469727,20800
2023-03-08,11.668659210205078,15.069999694824219,15.220000267028809,14.970000267028809,15.079999923706055,36500
2023-03-09,11.800291061401367,15.239999771118164,15.309000015258789,15.010000228881836,15.149999618530273,11900
2023-03-10,11.67640209197998,15.079999923706055,15.668000221252441,15.039999961853027,15.057999610900879,25400
2023-03-13,11.598973274230957,14.979999542236328,15.260000228881836,14.930000305175781,15.079999923706055,20800
2023-03-14,11.612221717834473,14.899999618530273,14.970000267028809,14.866999626159668,14.907999992370605,3700
2023-03-15,11.651187896728516,14.949999809265137,15.109999656677246,14.819999694824219,14.819999694824219,20400
2023-03-16,11.682365417480469,14.989999771118164,15.220000267028809,14.899999618530273,14.899999618530273,15000
2023-03-17,11.666777610778809,14.970000267028809,15.085000038146973,14.920000076293945,15.0,31800
2023-03-20,11.612221717834473,14.899999618530273,14.970000267028809,14.85200023651123,14.970000267028809,8100
2023-03-21,11.549874305725098,14.819999694824219,15.105999946594238,14.65999984741211,14.949999809265137,21300
2023-03-22,11.752504348754883,15.079999923706055,15.079999923706055,14.84000015258789,14.869999885559082,9600
2023-03-23,11.596632957458496,14.880000114440918,14.899999618530273,14.87600040435791,14.899999618530273,3200
2023-03-24,11.690156936645508,15.0,15.050000190734863,14.779999732971191,14.954999923706055,30900
2023-03-27,11.47973346710205,14.729999542236328,15.050000190734863,14.680000305175781,15.050000190734863,29300
2023-03-28,11.612221717834473,14.899999618530273,14.970000267028809,14.8100004196167,14.84000015258789,18700
2023-03-29,11.58884048461914,14.869999885559082,15.130000114440918,14.8100004196167,14.970000267028809,20300
2023-03-30,11.674570083618164,14.979999542236328,15.0,14.800000190734863,15.0,15700
2023-03-31,11.744710922241211,15.069999694824219,15.140000343322754,14.819999694824219,15.079999923706055,68700
2023-04-03,11.690156936645508,15.0,15.270000457763672,14.960000038146973,15.149999618530273,54100
2023-04-04,11.791470527648926,15.130000114440918,15.239999771118164,15.020000457763672,15.079999923706055,30900
2023-04-05,11.861610412597656,15.220000267028809,15.300000190734863,15.079999923706055,15.25,42700
2023-04-06,11.939547538757324,15.319999694824219,15.489999771118164,15.25,15.319999694824219,45800
2023-04-10,11.869403839111328,15.229999542236328,15.289999961853027,15.199999809265137,15.289999961853027,16100
2023-04-11,11.900577545166016,15.270000457763672,15.359999656677246,15.25,15.260000228881836,17600
2023-04-12,12.017478942871094,15.420000076293945,15.430000305175781,15.279999732971191,15.350000381469727,17500
2023-04-13,11.999443054199219,15.300000190734863,15.4399995803833,15.300000190734863,15.319999694824219,26200
2023-04-14,11.905327796936035,15.180000305175781,15.380000114440918,15.109999656677246,15.289999961853027,25100
2023-04-17,11.826903343200684,15.079999923706055,15.229999542236328,15.079999923706055,15.079999923706055,37400
2023-04-18,11.701415061950684,14.920000076293945,15.157999992370605,14.850000381469727,15.079999923706055,18700
2023-04-19,11.724942207336426,14.949999809265137,15.012999534606934,14.710000038146973,14.866999626159668,52000
2023-04-20,11.826903343200684,15.079999923706055,15.180000305175781,14.949999809265137,14.949999809265137,22200
2023-04-21,11.646517753601074,14.850000381469727,15.239999771118164,14.850000381469727,15.0600004196167,29100
2023-04-24,11.732787132263184,14.960000038146973,15.079999923706055,14.880000114440918,14.880000114440918,14000
2023-04-25,11.758670806884766,14.993000030517578,15.039999961853027,14.9399995803833,14.970000267028809,13800
2023-04-26,11.858272552490234,15.119999885559082,15.359999656677246,14.949999809265137,15.0,45500
2023-04-27,11.826903343200684,15.079999923706055,15.34000015258789,15.0600004196167,15.260000228881836,44500
2023-04-28,12.038657188415527,15.350000381469727,15.59000015258789,15.09000015258789,15.100000381469727,54600
2023-05-01,12.344525337219238,15.739999771118164,15.989999771118164,15.5,15.579999923706055,116900
2023-05-02,12.391580581665039,15.800000190734863,15.911999702453613,15.746000289916992,15.829999923706055,54600
2023-05-03,12.391580581665039,15.800000190734863,15.920000076293945,15.699999809265137,15.699999809265137,38600
2023-05-04,12.219038009643555,15.579999923706055,15.90999984741211,15.529999732971191,15.899999618530273,41500
2023-05-05,12.454325675964355,15.880000114440918,15.895000457763672,15.5,15.729999542236328,37300
2023-05-08,12.462163925170898,15.890000343322754,15.90999984741211,15.850000381469727,15.880000114440918,20900
2023-05-09,12.477849960327148,15.90999984741211,16.01799964904785,15.819999694824219,15.90999984741211,55500
2023-05-10,12.603334426879883,16.06999969482422,16.1299991607666,15.9399995803833,15.9399995803833,41000
2023-05-11,12.556279182434082,16.010000228881836,16.149999618530273,15.920000076293945,15.970000267028809,23800
2023-05-12,12.435551643371582,15.760000228881836,15.949999809265137,15.489999771118164,15.890000343322754,20200
2023-05-15,12.309304237365723,15.600000381469727,15.859999656677246,15.526000022888184,15.859999656677246,11900
2023-05-16,12.175162315368652,15.430000305175781,15.600000381469727,15.369999885559082,15.59000015258789,24400
2023-05-17,12.033132553100586,15.25,15.505000114440918,15.199999809265137,15.449999809265137,43000
2023-05-18,12.017354011535645,15.229999542236328,15.260000228881836,15.187999725341797,15.210000038146973,24400
2023-05-19,12.104148864746094,15.34000015258789,15.380000114440918,15.149999618530273,15.239999771118164,34300
2023-05-22,12.159384727478027,15.40999984741211,15.489999771118164,15.109999656677246,15.34000015258789,16700
2023-05-23,12.198837280273438,15.460000038146973,15.468999862670898,15.34000015258789,15.4399995803833,5100
2023-05-24,12.214613914489746,15.479999542236328,15.727999687194824,15.460000038146973,15.460000038146973,31300
2023-05-25,11.851651191711426,15.020000457763672,15.59000015258789,15.010000228881836,15.529999732971191,48000
2023-05-26,11.827977180480957,14.989999771118164,15.170000076293945,14.880000114440918,15.140000343322754,36000
2023-05-30,11.78852653503418,14.9399995803833,15.15999984741211,14.890000343322754,15.0,43800
2023-05-31,11.772745132446289,14.920000076293945,15.140000343322754,14.8100004196167,14.970000267028809,40000
2023-06-01,11.985790252685547,15.1899995803833,15.270000457763672,14.899999618530273,14.949999809265137,31700
2023-06-02,11.891103744506836,15.069999694824219,15.170000076293945,15.069999694824219,15.140000343322754,23800
2023-06-05,11.94633674621582,15.140000343322754,15.170000076293945,15.095000267028809,15.130000114440918,5600
2023-06-06,12.072587966918945,15.300000190734863,15.319999694824219,15.140000343322754,15.140000343322754,29700
2023-06-07,12.048914909362793,15.270000457763672,15.303999900817871,15.15999984741211,15.270000457763672,10000
2023-06-08,12.096257209777832,15.329999923706055,15.670000076293945,15.199999809265137,15.3100004196167,16300
2023-06-09,12.064697265625,15.289999961853027,15.420000076293945,15.270000457763672,15.289999961853027,34100
2023-06-12,12.041025161743164,15.260000228881836,15.520000457763672,15.149999618530273,15.319999694824219,19100
2023-06-13,12.277739524841309,15.5600004196167,15.59000015258789,15.140000343322754,15.270000457763672,14800
2023-06-14,12.386519432067871,15.600000381469727,15.680000305175781,15.350000381469727,15.380000114440918,11700
2023-06-15,12.505620002746582,15.75,15.770000457763672,15.430999755859375,15.600000381469727,17000
2023-06-16,12.473862648010254,15.710000038146973,15.899999618530273,15.5,15.75,18100
2023-06-20,12.457982063293457,15.6899995803833,16.139999389648438,15.630000114440918,16.139999389648438,27600
2023-06-21,12.537382125854492,15.789999961853027,15.803000450134277,15.6899995803833,15.699999809265137,5800
2023-06-22,12.307119369506836,15.5,15.824999809265137,15.359999656677246,15.824999809265137,32400
2023-06-23,12.465920448303223,15.699999809265137,15.720000267028809,15.600000381469727,15.609999656677246,8200
2023-06-26,12.481802940368652,15.720000267028809,15.899999618530273,15.510000228881836,15.859999656677246,25100
2023-06-27,12.624719619750977,15.899999618530273,15.899999618530273,15.770000457763672,15.770000457763672,2000
2023-06-28,12.54532241821289,15.800000190734863,16.0,15.699999809265137,15.960000038146973,21000
2023-06-29,12.771615982055664,16.084999084472656,16.139999389648438,15.800000190734863,15.890000343322754,22600
2023-06-30,12.735885620117188,16.040000915527344,16.139999389648438,16.040000915527344,16.139999389648438,9000
2023-07-03,12.74382209777832,16.049999237060547,16.1200008392334,15.920000076293945,16.020000457763672,8400
2023-07-05,12.735885620117188,16.040000915527344,16.149999618530273,16.017000198364258,16.1299991607666,21700
2023-07-06,12.807343482971191,16.1299991607666,16.18000030517578,16.030000686645508,16.1299991607666,4700
2023-07-07,12.775585174560547,16.09000015258789,16.235000610351562,16.059999465942383,16.059999465942383,30700
2023-07-10,12.831168174743652,16.15999984741211,16.25,16.06999969482422,16.200000762939453,6100
2023-07-11,12.878803253173828,16.219999313354492,16.290000915527344,16.184999465942383,16.200000762939453,14600
2023-07-12,13.021729469299316,16.399999618530273,16.989999771118164,16.299999237060547,16.299999237060547,14800
2023-07-13,12.995368957519531,16.270000457763672,16.489999771118164,16.149999618530273,16.489999771118164,20700
2023-07-14,12.783702850341797,16.0049991607666,16.200000762939453,15.928999900817871,16.200000762939453,20700
2023-07-17,12.588017463684082,15.760000228881836,16.09000015258789,15.729999542236328,16.0,33300
2023-07-18,12.771721839904785,15.989999771118164,16.530000686645508,15.760000228881836,16.530000686645508,17800
2023-07-19,12.683862686157227,15.880000114440918,16.0,15.875,15.920000076293945,15900
2023-07-20,12.699836730957031,15.899999618530273,16.024999618530273,15.65999984741211,15.899999618530273,15500
2023-07-21,12.739773750305176,15.949999809265137,16.0,15.899999618530273,15.949999809265137,14700
2023-07-24,12.771721839904785,15.989999771118164,16.270000457763672,15.90999984741211,15.960000038146973,12900
2023-07-25,12.8196439743042,16.049999237060547,16.450000762939453,15.989999771118164,16.059999465942383,26400
2023-07-26,12.787697792053223,16.010000228881836,16.229999542236328,15.960000038146973,16.229999542236328,45400
2023-07-27,12.70782470703125,15.90999984741211,16.5,15.720000267028809,16.299999237060547,60700
2023-07-28,12.803674697875977,16.030000686645508,16.329999923706055,15.760000228881836,16.0,22400
2023-07-31,12.871564865112305,16.114999771118164,16.5,15.944999694824219,16.329999923706055,65600
2023-08-01,12.8196439743042,16.049999237060547,16.469999313354492,15.960000038146973,16.110000610351562,42100
2023-08-02,12.947443008422852,16.209999084472656,16.700000762939453,16.006999969482422,16.1299991607666,33300
2023-08-03,12.8196439743042,16.049999237060547,16.290000915527344,16.003000259399414,16.290000915527344,13900
2023-08-04,12.79488754272461,16.018999099731445,16.34000015258789,15.729999542236328,16.059999465942383,41900
2023-08-07,12.476194381713867,15.619999885559082,16.34000015258789,15.40999984741211,16.34000015258789,68000
2023-08-08,12.691850662231445,15.890000343322754,16.020000457763672,15.539999961853027,15.619999885559082,26500
2023-08-09,12.62795352935791,15.8100004196167,16.010000228881836,15.800000190734863,15.986000061035156,3400
2023-08-10,12.492168426513672,15.640000343322754,16.31399917602539,15.600000381469727,15.970000267028809,36400
2023-08-11,12.596002578735352,15.770000457763672,15.989999771118164,15.600000381469727,15.65999984741211,22100
2023-08-14,12.641809463500977,15.729999542236328,15.729999542236328,15.729999542236328,15.729999542236328,1200
2023-08-15,12.918275833129883,16.073999404907227,16.139999389648438,15.800000190734863,15.800000190734863,7700
2023-08-16,12.525277137756348,15.585000038146973,16.31100082397461,15.510000228881836,16.0,11900
2023-08-17,12.61769962310791,15.699999809265137,15.699999809265137,15.46500015258789,15.59000015258789,4100
2023-08-18,12.566266059875488,15.63599967956543,15.770000457763672,15.380000114440918,15.5600004196167,12700
2023-08-21,12.481078147888184,15.529999732971191,15.770000457763672,15.300000190734863,15.770000457763672,26400
2023-08-22,12.376599311828613,15.399999618530273,15.970000267028809,15.220000267028809,15.539999961853027,19100
2023-08-23,12.336414337158203,15.350000381469727,15.800000190734863,15.350000381469727,15.800000190734863,11000
2023-08-24,12.561444282531738,15.630000114440918,15.970000267028809,15.199999809265137,15.430000305175781,14700
2023-08-25,12.473038673400879,15.520000457763672,15.649999618530273,15.246000289916992,15.246000289916992,17200
2023-08-28,12.175679206848145,15.149999618530273,15.59000015258789,15.119999885559082,15.579999923706055,19300
2023-08-29,12.344452857971191,15.359999656677246,15.40999984741211,15.15999984741211,15.15999984741211,16400
2023-08-30,12.376599311828613,15.399999618530273,15.5,15.350000381469727,15.350000381469727,25900
2023-08-31,12.489112854003906,15.539999961853027,15.579999923706055,15.489999771118164,15.489999771118164,6900
2023-09-01,12.304268836975098,15.3100004196167,15.5600004196167,15.289999961853027,15.470000267028809,13600
2023-09-05,12.436874389648438,15.475000381469727,15.569999694824219,15.390000343322754,15.430000305175781,8200
2023-09-06,12.376599311828613,15.399999618530273,15.539999961853027,15.25,15.529999732971191,14000
2023-09-07,12.320342063903809,15.329999923706055,15.454999923706055,15.220000267028809,15.449999809265137,13100
2023-09-08,12.432855606079102,15.470000267028809,15.5,15.329999923706055,15.40999984741211,16800
2023-09-11,12.352489471435547,15.369999885559082,15.520000457763672,15.369999885559082,15.5,11600
2023-09-12,12.432855606079102,15.470000267028809,15.470000267028809,15.329999923706055,15.369999885559082,22000
2023-09-13,12.320342063903809,15.329999923706055,15.460000038146973,15.329999923706055,15.460000038146973,5800
2023-09-14,12.374529838562012,15.300000190734863,15.312000274658203,15.130000114440918,15.258000373840332,21900
2023-09-15,12.232990264892578,15.125,15.270000457763672,15.09000015258789,15.270000457763672,6800
2023-09-18,12.200641632080078,15.085000038146973,15.359999656677246,15.069999694824219,15.319999694824219,16000
2023-09-19,12.091452598571777,14.949999809265137,15.21500015258789,14.949999809265137,15.079999923706055,19000
2023-09-20,12.083362579345703,14.9399995803833,15.04800033569336,14.9399995803833,15.020000457763672,14700
2023-09-21,11.848814010620117,14.649999618530273,15.119999885559082,14.600000381469727,15.010000228881836,38000
2023-09-22,11.80837631225586,14.600000381469727,14.729999542236328,14.600000381469727,14.649999618530273,11500
2023-09-25,11.654704093933105,14.40999984741211,14.600000381469727,14.40999984741211,14.600000381469727,15300
2023-09-26,11.412069320678711,14.109999656677246,14.479999542236328,14.069999694824219,14.470000267028809,31900
2023-09-27,11.363541603088379,14.050000190734863,14.25,14.0,14.0600004196167,43700
2023-09-28,11.5010347366333,14.220000267028809,14.300000190734863,14.0,14.050000190734863,28700
2023-09-29,11.60617733001709,14.350000381469727,14.390000343322754,14.109999656677246,14.390000343322754,12500
2023-10-02,11.60617733001709,14.350000381469727,14.779999732971191,14.211999893188477,14.350000381469727,11600
2023-10-03,11.371626853942871,14.0600004196167,14.489999771118164,14.029999732971191,14.359999656677246,20200
2023-10-04,11.201780319213867,13.850000381469727,14.180000305175781,13.720000267028809,14.119999885559082,55800
2023-10-05,11.209866523742676,13.859999656677246,13.979999542236328,13.65999984741211,13.789999961853027,25100
2023-10-06,11.056197166442871,13.670000076293945,13.920999526977539,13.649999618530273,13.75,22400
2023-10-09,11.226048469543457,13.880000114440918,13.890000343322754,13.6899995803833,13.789999961853027,17400
2023-10-10,11.347365379333496,14.029999732971191,14.180000305175781,13.746000289916992,13.890000343322754,20000
2023-10-11,11.630439758300781,14.380000114440918,14.5,14.149999618530273,14.149999618530273,15800
2023-10-12,11.823427200317383,14.520000457763672,14.6899995803833,14.267000198364258,14.279999732971191,72600
2023-10-13,11.790854454040527,14.479999542236328,14.640000343322754,14.40999984741211,14.640000343322754,15800
2023-10-16,11.652427673339844,14.3100004196167,14.479999542236328,14.1899995803833,14.460000038146973,14100
2023-10-17,11.595425605773926,14.239999771118164,14.369999885559082,14.199999809265137,14.300000190734863,7900
2023-10-18,11.538426399230957,14.170000076293945,14.359999656677246,14.0,14.229999542236328,26300
2023-10-19,11.481426239013672,14.100000381469727,14.25,14.100000381469727,14.1899995803833,13600
2023-10-20,11.265641212463379,13.835000038146973,14.109999656677246,13.800000190734863,14.109999656677246,17000
2023-10-23,11.025426864624023,13.539999961853027,13.920000076293945,13.539999961853027,13.770000457763672,20600
2023-10-24,11.051482200622559,13.571999549865723,13.8100004196167,13.5600004196167,13.5600004196167,15600
2023-10-25,11.025426864624023,13.539999961853027,13.630000114440918,13.539999961853027,13.630000114440918,9800
2023-10-26,11.000998497009277,13.510000228881836,13.600000381469727,13.454999923706055,13.59000015258789,13700
2023-10-27,10.748568534851074,13.199999809265137,13.670000076293945,13.180000305175781,13.550000190734863,42900
2023-10-30,10.577568054199219,12.989999771118164,13.279999732971191,12.920000076293945,13.100000381469727,29800
2023-10-31,10.756711959838867,13.210000038146973,13.350000381469727,13.0,13.149999618530273,41000
2023-11-01,11.102784156799316,13.635000228881836,13.699999809265137,13.210000038146973,13.279999732971191,26900
2023-11-02,11.26156997680664,13.829999923706055,13.899999618530273,13.65999984741211,13.65999984741211,29400
2023-11-03,11.39999771118164,14.0,14.149999618530273,13.861000061035156,13.989999771118164,39100
2023-11-06,11.424426078796387,14.029999732971191,14.199999809265137,13.8100004196167,13.930000305175781,32200
2023-11-07,11.56285572052002,14.199999809265137,14.289999961853027,14.067999839782715,14.100000381469727,28800
2023-11-08,11.758282661437988,14.4399995803833,14.460000038146973,14.140000343322754,14.140000343322754,12400
2023-11-09,11.70942497253418,14.380000114440918,14.460000038146973,14.350000381469727,14.460000038146973,5900
2023-11-10,11.725711822509766,14.399999618530273,14.5600004196167,14.399999618530273,14.470000267028809,29200
2023-11-13,11.67685604095459,14.34000015258789,14.538999557495117,14.34000015258789,14.40999984741211,16000
2023-11-14,11.74817943572998,14.329999923706055,14.600000381469727,14.244000434875488,14.399999618530273,56700
2023-11-15,11.641603469848633,14.199999809265137,14.369999885559082,14.109999656677246,14.369999885559082,28500
2023-11-16,11.854759216308594,14.460000038146973,14.5,14.289999961853027,14.300000190734863,26500
2023-11-17,11.797370910644531,14.390000343322754,14.619999885559082,14.359999656677246,14.539999961853027,67400
2023-11-20,11.756380081176758,14.34000015258789,14.40999984741211,14.220000267028809,14.399999618530273,95500
2023-11-21,11.73178482055664,14.3100004196167,14.355999946594238,14.260000228881836,14.300000190734863,60200
2023-11-22,11.804747581481934,14.39900016784668,14.512999534606934,14.241000175476074,14.40999984741211,41100
2023-11-24,11.854759216308594,14.460000038146973,14.640000343322754,14.369999885559082,14.5600004196167,8900
2023-11-27,11.903950691223145,14.520000457763672,14.649999618530273,14.40999984741211,14.550000190734863,54300
2023-11-28,11.895752906799316,14.510000228881836,14.649999618530273,14.479999542236328,14.649999618530273,45800
2023-11-29,12.092511177062988,14.75,14.75,14.5,14.579999923706055,34600
2023-11-30,12.043317794799805,14.6899995803833,14.75,14.600000381469727,14.75,39000
2023-12-01,12.149897575378418,14.819999694824219,15.0,14.699999809265137,14.699999809265137,33900
2023-12-04,12.190887451171875,14.869999885559082,14.920000076293945,14.819999694824219,14.819999694824219,25000
2023-12-05,12.182690620422363,14.859999656677246,14.9399995803833,14.720000267028809,14.90999984741211,125700
2023-12-06,12.190887451171875,14.869999885559082,14.9399995803833,14.75100040435791,14.9399995803833,47900
2023-12-07,12.395844459533691,15.119999885559082,15.130000114440918,14.899999618530273,14.899999618530273,29100
2023-12-08,12.281074523925781,14.979999542236328,15.140000343322754,14.899999618530273,15.029999732971191,40900
2023-12-11,12.240079879760742,14.930000305175781,15.130000114440918,14.899999618530273,15.039999961853027,38900
2023-12-12,12.11710262298584,14.779999732971191,14.90999984741211,14.720000267028809,14.90999984741211,49100
2023-12-13,12.174492835998535,14.850000381469727,14.9399995803833,14.609999656677246,14.84000015258789,93200
2023-12-14,12.353565216064453,14.970000267028809,15.050000190734863,14.890000343322754,14.899999618530273,83300
2023-12-15,12.32880687713623,14.9399995803833,15.100000381469727,14.930000305175781,15.100000381469727,69700
2023-12-18,12.337061882019043,14.949999809265137,15.130000114440918,14.850000381469727,15.0,89600
2023-12-19,12.403079986572266,15.029999732971191,15.210000038146973,15.0,15.100000381469727,85800
2023-12-20,12.518609046936035,15.170000076293945,15.420000076293945,15.088000297546387,15.1899995803833,112900
2023-12-21,12.65064525604248,15.329999923706055,15.439000129699707,15.180000305175781,15.300000190734863,100100
2023-12-22,12.790934562683105,15.5,15.630000114440918,15.350000381469727,15.510000228881836,80200
2023-12-26,12.708410263061523,15.399999618530273,15.489999771118164,15.380000114440918,15.460000038146973,66200
2023-12-27,12.832196235656738,15.550000190734863,15.579999923706055,15.399999618530273,15.399999618530273,49400
2023-12-28,12.873456001281738,15.600000381469727,15.600000381469727,15.460000038146973,15.5600004196167,63700
2023-12-29,12.914716720581055,15.649999618530273,15.6899995803833,15.470000267028809,15.470000267028809,47900
2024-01-02,12.980731964111328,15.729999542236328,15.770000457763672,15.600000381469727,15.600000381469727,29100
2024-01-03,13.071505546569824,15.84000015258789,15.84000015258789,15.699999809265137,15.720000267028809,30700
2024-01-04,13.137523651123047,15.920000076293945,15.979999542236328,15.829999923706055,15.899999618530273,21800
2024-01-05,12.997238159179688,15.75,15.961999893188477,15.75,15.949999809265137,36100
2024-01-08,13.129273414611816,15.90999984741211,16.0,15.850000381469727,15.899999618530273,21600
2024-01-09,13.104517936706543,15.880000114440918,15.954999923706055,15.859999656677246,15.954999923706055,13900
2024-01-10,13.038498878479004,15.800000190734863,15.989999771118164,15.760000228881836,15.899999618530273,44700
2024-01-11,13.038498878479004,15.800000190734863,15.855999946594238,15.71500015258789,15.8100004196167,16200
2024-01-12,13.002796173095703,15.65999984741211,15.899999618530273,15.65999984741211,15.760000228881836,10500
2024-01-16,12.961278915405273,15.609999656677246,15.880000114440918,15.420000076293945,15.699999809265137,29600
2024-01-17,12.886551856994629,15.520000457763672,15.777999877929688,15.40999984741211,15.619999885559082,36800
2024-01-18,12.936369895935059,15.579999923706055,15.800000190734863,15.520000457763672,15.520000457763672,15600
2024-01-19,12.886551856994629,15.520000457763672,15.760000228881836,15.430000305175781,15.5,3900
2024-01-22,12.836731910705566,15.460000038146973,15.680000305175781,15.454999923706055,15.680000305175781,32800
2024-01-23,12.73709487915039,15.34000015258789,15.520000457763672,15.34000015258789,15.489999771118164,22500
2024-01-24,13.027705192565918,15.6899995803833,15.770000457763672,15.329999923706055,15.350000381469727,58100
2024-01-25,13.069221496582031,15.739999771118164,15.890000343322754,15.640000343322754,15.6899995803833,7300
2024-01-26,13.069221496582031,15.739999771118164,15.800000190734863,15.40999984741211,15.725000381469727,12700
2024-01-29,13.285104751586914,16.0,16.0,15.5,15.800000190734863,31300
2024-01-30,13.268498420715332,15.979999542236328,16.0,15.890000343322754,15.899999618530273,21000
2024-01-31,13.268498420715332,15.979999542236328,16.0,15.9399995803833,16.0,17100
2024-02-01,13.59232234954834,16.3700008392334,16.40999984741211,15.930000305175781,16.0,25300
2024-02-02,13.49268627166748,16.25,16.299999237060547,16.110000610351562,16.270000457763672,13000
2024-02-05,13.525897026062012,16.290000915527344,16.329999923706055,16.020000457763672,16.25,24800
2024-02-06,13.359832763671875,16.09000015258789,16.290000915527344,16.010000228881836,16.239999771118164,65000
2024-02-07,13.152252197265625,15.84000015258789,16.079999923706055,15.800000190734863,16.030000686645508,32200
2024-02-08,13.12734603881836,15.8100004196167,15.899999618530273,15.75,15.84000015258789,21900
2024-02-09,13.143952369689941,15.829999923706055,15.970000267028809,15.8100004196167,15.829999923706055,16600
2024-02-12,13.293407440185547,16.010000228881836,16.25,15.899999618530273,15.90999984741211,26000
2024-02-13,13.168859481811523,15.859999656677246,16.040000915527344,15.8100004196167,16.010000228881836,22400
2024-02-14,13.208127975463867,15.8100004196167,15.989999771118164,15.774999618530273,15.880000114440918,22900
2024-02-15,13.358501434326172,15.989999771118164,16.040000915527344,15.800000190734863,15.880000114440918,15300
2024-02-16,13.316731452941895,15.9399995803833,16.059999465942383,15.90999984741211,15.90999984741211,20300
2024-02-20,13.391919136047363,16.030000686645508,16.25,15.930000305175781,15.9399995803833,17600
2024-02-21,13.533941268920898,16.200000762939453,16.219999313354492,16.0,16.030000686645508,36100
2024-02-22,13.458755493164062,16.110000610351562,16.239999771118164,16.049999237060547,16.239999771118164,33800
2024-02-23,13.48381519317627,16.139999389648438,16.18000030517578,16.049999237060547,16.15999984741211,6800
2024-02-26,13.433691024780273,16.079999923706055,16.219999313354492,15.90999984741211,16.219999313354492,17000
2024-02-27,13.308377265930176,15.930000305175781,16.149999618530273,15.930000305175781,16.079999923706055,33200
2024-02-28,13.391919136047363,16.030000686645508,16.200000762939453,15.805000305175781,16.010000228881836,16700
2024-02-29,13.400277137756348,16.040000915527344,16.1299991607666,15.944999694824219,15.970000267028809,17000
2024-03-01,13.316731452941895,15.9399995803833,16.141000747680664,15.850000381469727,16.0,57800
2024-03-04,13.26242733001709,15.875,16.200000762939453,15.75,15.930000305175781,13200
2024-03-05,13.274959564208984,15.890000343322754,16.030000686645508,15.869999885559082,15.970000267028809,25500
2024-03-06,13.300021171569824,15.920000076293945,15.989999771118164,15.880000114440918,15.899999618530273,21500
2024-03-07,13.350147247314453,15.979999542236328,16.09000015258789,15.920000076293945,15.960000038146973,40900
2024-03-08,13.283313751220703,15.899999618530273,16.106000900268555,15.869999885559082,15.979999542236328,27300
2024-03-11,13.358501434326172,15.989999771118164,16.190000534057617,15.960000038146973,15.989999771118164,7400
2024-03-12,13.291667938232422,15.90999984741211,16.12700080871582,15.894000053405762,16.079999923706055,15200
2024-03-13,13.300021171569824,15.920000076293945,16.0,15.892999649047852,15.899999618530273,18100
2024-03-14,13.268082618713379,15.78499984741211,15.895000457763672,15.779999732971191,15.8100004196167,9900
2024-03-15,13.448800086975098,16.0,16.0,15.770000457763672,15.800000190734863,11000
2024-03-18,13.448800086975098,16.0,16.020000457763672,15.819999694824219,15.920000076293945,22600
2024-03-19,13.490826606750488,16.049999237060547,16.149999618530273,15.960000038146973,16.06999969482422,16500
2024-03-20,13.490826606750488,16.049999237060547,16.06999969482422,15.930000305175781,16.049999237060547,10100
2024-03-21,13.465611457824707,16.020000457763672,16.100000381469727,15.9399995803833,16.049999237060547,15700
2024-03-22,13.490826606750488,16.049999237060547,16.139999389648438,16.02199935913086,16.030000686645508,23500
2024-03-25,13.38155460357666,15.920000076293945,16.059999465942383,15.850000381469727,15.979999542236328,22500
2024-03-26,13.373150825500488,15.90999984741211,16.113000869750977,15.899999618530273,16.09000015258789,15600
2024-03-27,13.499231338500977,16.059999465942383,16.079999923706055,15.90999984741211,15.920000076293945,14500
2024-03-28,13.55807113647461,16.1299991607666,16.31999969482422,16.1200008392334,16.139999389648438,16800
2024-04-01,13.566474914550781,16.139999389648438,16.260000228881836,16.06999969482422,16.200000762939453,8500
2024-04-02,13.541261672973633,16.110000610351562,16.229999542236328,16.059999465942383,16.229999542236328,18900
2024-04-03,13.608509063720703,16.190000534057617,16.290000915527344,16.110000610351562,16.110000610351562,8000
2024-04-04,13.600101470947266,16.18000030517578,16.290000915527344,16.160999298095703,16.270000457763672,11000
2024-04-05,13.658934593200684,16.25,16.420000076293945,16.18000030517578,16.18000030517578,13000
2024-04-08,13.591693878173828,16.170000076293945,16.299999237060547,16.100000381469727,16.299999237060547,26300
2024-04-09,13.55807113647461,16.1299991607666,16.25,16.111000061035156,16.25,7800
2024-04-10,13.507637023925781,16.06999969482422,16.290000915527344,16.040000915527344,16.290000915527344,20500
2024-04-11,13.272286415100098,15.789999961853027,16.1200008392334,15.5,16.1200008392334,37100
2024-04-12,12.973737716674805,15.34000015258789,15.760000228881836,15.260000228881836,15.75,32500
2024-04-15,12.88916301727295,15.239999771118164,15.664999961853027,15.220000267028809,15.40999984741211,31700
2024-04-16,12.990650177001953,15.359999656677246,15.470000267028809,15.239999771118164,15.239999771118164,16300
2024-04-17,13.117512702941895,15.510000228881836,15.569999694824219,15.319999694824219,15.414999961853027,18000
2024-04-18,13.1428861618042,15.539999961853027,15.6899995803833,15.449999809265137,15.5,18000
2024-04-19,13.231687545776367,15.645000457763672,15.720000267028809,15.531999588012695,15.579999923706055,14100
2024-04-22,13.227458000183105,15.640000343322754,15.720000267028809,15.5600004196167,15.5600004196167,13300
2024-04-23,13.624960899353027,16.110000610351562,16.110000610351562,15.5600004196167,15.640000343322754,33900
2024-04-24,13.24437427520752,15.65999984741211,16.08099937438965,15.619999885559082,16.049999237060547,22400
2024-04-25,13.125967979431152,15.520000457763672,15.770000457763672,15.5,15.699999809265137,29700
2024-04-26,13.117512702941895,15.510000228881836,15.609999656677246,15.5,15.600000381469727,14400
2024-04-29,13.134428024291992,15.529999732971191,15.720000267028809,15.489999771118164,15.550000190734863,13400
2024-04-30,13.109054565429688,15.5,15.829999923706055,15.3100004196167,15.579999923706055,36900
2024-05-01,13.125967979431152,15.520000457763672,15.77299976348877,15.4399995803833,15.4399995803833,23900
2024-05-02,13.176714897155762,15.579999923706055,15.630000114440918,15.5,15.5600004196167,14700
2024-05-03,13.337408065795898,15.770000457763672,15.920000076293945,15.569999694824219,15.569999694824219,16200
2024-05-06,13.290889739990234,15.71500015258789,15.9399995803833,15.65999984741211,15.9399995803833,34200
2024-05-07,13.396608352661133,15.84000015258789,15.890000343322754,15.760000228881836,15.800000190734863,27700
2024-05-08,13.41352367401123,15.859999656677246,15.890000343322754,15.84000015258789,15.880000114440918,3500
2024-05-09,13.464266777038574,15.920000076293945,15.9399995803833,15.869999885559082,15.90999984741211,6200
2024-05-10,13.445663452148438,15.89799976348877,15.9399995803833,15.829999923706055,15.920000076293945,11700
2024-05-13,13.379692077636719,15.819999694824219,15.939000129699707,15.75,15.890000343322754,11700
2024-05-14,13.423090934753418,15.77400016784668,15.829999923706055,15.75,15.800000190734863,9000
2024-05-15,13.487765312194824,15.850000381469727,15.862000465393066,15.739999771118164,15.819999694824219,9500
2024-05-16,13.462234497070312,15.819999694824219,15.850000381469727,15.779999732971191,15.850000381469727,17100
2024-05-17,13.440961837768555,15.795000076293945,15.899999618530273,15.795000076293945,15.899999618530273,11900
2024-05-20,13.453730583190918,15.8100004196167,15.850000381469727,15.789999961853027,15.850000381469727,17100
2024-05-21,13.495426177978516,15.859000205993652,15.899999618530273,15.829999923706055,15.87399959564209,17000
2024-05-22,13.397565841674805,15.744000434875488,15.84000015258789,15.720000267028809,15.8100004196167,3200
2024-05-23,13.275025367736816,15.600000381469727,15.743000030517578,15.539999961853027,15.743000030517578,18000
2024-05-24,13.32608413696289,15.65999984741211,15.670000076293945,15.59000015258789,15.649999618530273,10300
2024-05-28,13.249497413635254,15.569999694824219,15.800000190734863,15.550000190734863,15.729999542236328,11600
2024-05-29,13.275025367736816,15.600000381469727,15.670000076293945,15.5,15.513999938964844,16000
2024-05-30,13.377142906188965,15.720000267028809,15.720000267028809,15.5649995803833,15.720000267028809,21000
2024-05-31,13.462234497070312,15.819999694824219,15.899999618530273,15.765000343322754,15.789999961853027,15200
2024-06-03,13.402671813964844,15.75,15.859999656677246,15.720000267028809,15.819999694824219,15800
2024-06-04,13.547332763671875,15.920000076293945,15.925000190734863,15.760000228881836,15.819999694824219,27500
2024-06-05,13.615411758422852,16.0,16.249000549316406,15.800000190734863,15.84000015258789,30600
2024-06-06,13.60689926147461,15.989999771118164,16.110000610351562,15.789999961853027,15.789999961853027,18900
2024-06-07,13.794111251831055,16.209999084472656,16.249000549316406,15.899999618530273,15.930000305175781,21700
2024-06-10,13.726034164428711,16.1299991607666,16.239999771118164,16.06999969482422,16.209999084472656,15300
2024-06-11,13.734542846679688,16.139999389648438,16.190000534057617,16.0,16.125,18200
2024-06-12,13.688592910766602,16.086000442504883,16.200000762939453,16.014999389648438,16.200000762939453,20400
2024-06-13,13.717527389526367,16.1200008392334,16.1200008392334,16.014999389648438,16.079999923706055,7500
2024-06-14,13.83481502532959,16.15999984741211,16.200000762939453,16.0,16.040000915527344,24500
2024-06-17,13.792010307312012,16.110000610351562,16.15999984741211,16.10700035095215,16.15999984741211,8000
2024-06-18,13.83481502532959,16.15999984741211,16.25,16.100000381469727,16.170000076293945,13400
2024-06-20,13.723519325256348,16.030000686645508,16.350000381469727,15.949999809265137,16.079999923706055,41600
2024-06-21,13.70639705657959,16.010000228881836,16.079999923706055,16.010000228881836,16.079999923706055,800
2024-06-24,13.62934684753418,15.920000076293945,16.06999969482422,15.869999885559082,16.03499984741211,18400
2024-06-25,13.672152519226074,15.970000267028809,15.989999771118164,15.852999687194824,15.90999984741211,12400
2024-06-26,13.689271926879883,15.989999771118164,15.989999771118164,15.819999694824219,15.949999809265137,10200
2024-06-27,13.869056701660156,16.200000762939453,16.309999465942383,16.049999237060547,16.049999237060547,20900
2024-06-28,13.920425415039062,16.260000228881836,16.290000915527344,16.25,16.290000915527344,16800
2024-07-01,13.911009788513184,16.249000549316406,16.290000915527344,16.18000030517578,16.290000915527344,6700
2024-07-02,13.954669952392578,16.299999237060547,16.309999465942383,16.25,16.299999237060547,16300
2024-07-03,13.9461088180542,16.290000915527344,16.31999969482422,16.229999542236328,16.260000228881836,9800
2024-07-05,13.899026870727539,16.235000610351562,16.270000457763672,16.219999313354492,16.270000457763672,14300
2024-07-08,13.886180877685547,16.219999313354492,16.31999969482422,16.100000381469727,16.190000534057617,10700
2024-07-09,13.809128761291504,16.1299991607666,16.19300079345703,16.030000686645508,16.100000381469727,25600
2024-07-10,13.806563377380371,16.12700080871582,16.198999404907227,16.030000686645508,16.149999618530273,12900
2024-07-11,13.911864280700684,16.25,16.280000686645508,16.1200008392334,16.1200008392334,12500
2024-07-12,13.809128761291504,16.1299991607666,16.299999237060547,16.100000381469727,16.267000198364258,20500
2024-07-15,13.84961223602295,16.079999923706055,16.139999389648438,16.020000457763672,16.03499984741211,10400
2024-07-16,13.844442367553711,16.073999404907227,16.100000381469727,16.030000686645508,16.100000381469727,23300
2024-07-17,13.71180534362793,15.920000076293945,16.1200008392334,15.779999732971191,16.1200008392334,62400
2024-07-18,13.63428783416748,15.829999923706055,15.930000305175781,15.779999732971191,15.850000381469727,26300
2024-07-19,13.65151309967041,15.850000381469727,15.9399995803833,15.800000190734863,15.9399995803833,5900
2024-07-22,13.65151309967041,15.850000381469727,15.979999542236328,15.850000381469727,15.968999862670898,21500
2024-07-23,13.66873836517334,15.869999885559082,16.0,15.824999809265137,15.890000343322754,27600
2024-07-24,13.647205352783203,15.845000267028809,15.904999732971191,15.819999694824219,15.850000381469727,19500
2024-07-25,13.729028701782227,15.9399995803833,15.96500015258789,15.869999885559082,15.920000076293945,24400
2024-07-26,13.703190803527832,15.90999984741211,16.059999465942383,15.90999984741211,15.970000267028809,26800
2024-07-29,13.716108322143555,15.925000190734863,16.100000381469727,15.90999984741211,15.960000038146973,49400
2024-07-30,13.703190803527832,15.90999984741211,16.09000015258789,15.84000015258789,15.90999984741211,26200
2024-07-31,13.815159797668457,16.040000915527344,16.200000762939453,15.930000305175781,16.1200008392334,20100
2024-08-01,13.845305442810059,16.075000762939453,16.09000015258789,16.0,16.0,3800
2024-08-02,13.806547164916992,16.030000686645508,16.170000076293945,15.930000305175781,16.170000076293945,31900
2024-08-05,13.608449935913086,15.800000190734863,16.135000228881836,15.800000190734863,16.09000015258789,43400
2024-08-06,13.71180534362793,15.920000076293945,16.0,15.720000267028809,15.720000267028809,23600
2024-08-07,13.746256828308105,15.960000038146973,16.149999618530273,15.920000076293945,16.040000915527344,15200
2024-08-08,13.856500625610352,16.08799934387207,16.08799934387207,15.897000312805176,16.040000915527344,31300
2024-08-09,13.866838455200195,16.100000381469727,16.149999618530273,16.06999969482422,16.149999618530273,14200
2024-08-12,13.840997695922852,16.06999969482422,16.11400032043457,16.045000076293945,16.06999969482422,11000
2024-08-13,13.806547164916992,16.030000686645508,16.14900016784668,16.0,16.040000915527344,32800
2024-08-14,13.858223915100098,16.09000015258789,16.09000015258789,16.05699920654297,16.059999465942383,4000
2024-08-15,13.828764915466309,15.958999633789062,16.030000686645508,15.890000343322754,16.030000686645508,17200
2024-08-16,13.907615661621094,16.049999237060547,16.049999237060547,15.960000038146973,16.0,4600
2024-08-19,13.959609031677246,16.110000610351562,16.1200008392334,16.010000228881836,16.020000457763672,30100
2024-08-20,13.872957229614258,16.010000228881836,16.149999618530273,15.958000183105469,16.149999618530273,9500
2024-08-21,13.825294494628906,15.954999923706055,16.049999237060547,15.920000076293945,16.020000457763672,18900
2024-08-22,13.768973350524902,15.890000343322754,15.98799991607666,15.800000190734863,15.98799991607666,33100
2024-08-23,13.812299728393555,15.9399995803833,15.970000267028809,15.894000053405762,15.90999984741211,15500
2024-08-26,13.820963859558105,15.949999809265137,16.010000228881836,15.90999984741211,16.010000228881836,16800
2024-08-27,13.838293075561523,15.970000267028809,16.010000228881836,15.90999984741211,16.010000228881836,14200
2024-08-28,13.768973350524902,15.890000343322754,15.979999542236328,15.890000343322754,15.9399995803833,16200
2024-08-29,13.812299728393555,15.9399995803833,16.0,15.836000442504883,15.930000305175781,32700
2024-08-30,13.768973350524902,15.890000343322754,16.020000457763672,15.829999923706055,15.970000267028809,47000
2024-09-03,13.864289283752441,16.0,16.020000457763672,15.90999984741211,15.949999809265137,20900
2024-09-04,13.820963859558105,15.949999809265137,16.020000457763672,15.920000076293945,16.020000457763672,20900
2024-09-05,13.786303520202637,15.90999984741211,16.0,15.859999656677246,15.96500015258789,54200
2024-09-06,13.751644134521484,15.869999885559082,15.970000267028809,15.859999656677246,15.920000076293945,29200
2024-09-09,13.768973350524902,15.890000343322754,16.0,15.880000114440918,16.0,14300
2024-09-10,13.812299728393555,15.9399995803833,15.949999809265137,15.90999984741211,15.920000076293945,12300
2024-09-11,13.838293075561523,15.970000267028809,16.010000228881836,15.944999694824219,16.010000228881836,55100
2024-09-12,13.950943946838379,16.100000381469727,16.170000076293945,16.010000228881836,16.010000228881836,52700
2024-09-13,14.035505294799805,16.100000381469727,16.1299991607666,16.09000015258789,16.110000610351562,21300
2024-09-16,14.070372581481934,16.139999389648438,16.18000030517578,16.079999923706055,16.09000015258789,21300
2024-09-17,14.039863586425781,16.104999542236328,16.149999618530273,16.079999923706055,16.110000610351562,21900
2024-09-18,14.018068313598633,16.079999923706055,16.139999389648438,16.030000686645508,16.09000015258789,12900
2024-09-19,14.140115737915039,16.219999313354492,16.280000686645508,16.059999465942383,16.110000610351562,32200
2024-09-20,14.157549858093262,16.239999771118164,16.25,16.139999389648438,16.209999084472656,21400
2024-09-23,14.079092979431152,16.149999618530273,16.261999130249023,16.06999969482422,16.209999084472656,46800
2024-09-24,14.06165599822998,16.1299991607666,16.170000076293945,16.0939998626709,16.094999313354492,13300
2024-09-25,14.079092979431152,16.149999618530273,16.209999084472656,16.1299991607666,16.209999084472656,14000
2024-09-26,14.105245590209961,16.18000030517578,16.190000534057617,16.100000381469727,16.170000076293945,19000
2024-09-27,14.157549858093262,16.239999771118164,16.31999969482422,16.139999389648438,16.239999771118164,40100
2024-09-30,14.253445625305176,16.350000381469727,16.350000381469727,16.204999923706055,16.239999771118164,28800
2024-10-01,14.340622901916504,16.450000762939453,16.489999771118164,16.270000457763672,16.270000457763672,21300
2024-10-02,14.340622901916504,16.450000762939453,16.489999771118164,16.350000381469727,16.440000534057617,36800
2024-10-03,14.297036170959473,16.399999618530273,16.479999542236328,16.350000381469727,16.450000762939453,20800
2024-10-04,14.23601245880127,16.329999923706055,16.420000076293945,16.239999771118164,16.420000076293945,23000
2024-10-07,14.209856986999512,16.299999237060547,16.3700008392334,16.2810001373291,16.309999465942383,13500
2024-10-08,14.28831672668457,16.389999389648438,16.43000030517578,16.299999237060547,16.299999237060547,29200
2024-10-09,14.340622901916504,16.450000762939453,16.450000762939453,16.329999923706055,16.34000015258789,16200
2024-10-10,14.33887767791748,16.447999954223633,16.5,16.40999984741211,16.40999984741211,7600
2024-10-11,14.33190631866455,16.440000534057617,16.549999237060547,16.43000030517578,16.540000915527344,37400
2024-10-14,14.323184967041016,16.43000030517578,16.559999465942383,16.420000076293945,16.540000915527344,18900
2024-10-15,14.355636596679688,16.3700008392334,16.475000381469727,16.31999969482422,16.43000030517578,15700
2024-10-16,14.2942476272583,16.299999237060547,16.440000534057617,16.260000228881836,16.416000366210938,16600
2024-10-17,14.36440372467041,16.3799991607666,16.399999618530273,16.290000915527344,16.290000915527344,2300
2024-10-18,14.487174034118652,16.520000457763672,16.520000457763672,16.3799991607666,16.3799991607666,2800
2024-10-21,14.438945770263672,16.46500015258789,16.520000457763672,16.450000762939453,16.469999313354492,5200
2024-10-22,14.417022705078125,16.440000534057617,16.542999267578125,16.399999618530273,16.540000915527344,20100
2024-10-23,14.162707328796387,16.149999618530273,16.450000762939453,16.1299991607666,16.450000762939453,29100
2024-10-24,14.022395133972168,15.989999771118164,16.149999618530273,15.899999618530273,16.139999389648438,19100
2024-10-25,13.91716194152832,15.869999885559082,15.994999885559082,15.869999885559082,15.920000076293945,29100
2024-10-28,13.908390045166016,15.859999656677246,15.960000038146973,15.819999694824219,15.960000038146973,58300
2024-10-29,13.81631088256836,15.755000114440918,15.819999694824219,15.699999809265137,15.819999694824219,19100
2024-10-30,13.88208293914795,15.829999923706055,15.869999885559082,15.770000457763672,15.779999732971191,18800
2024-10-31,13.934699058532715,15.890000343322754,15.930000305175781,15.781000137329102,15.930000305175781,32400
2024-11-01,13.88208293914795,15.829999923706055,15.9399995803833,15.829999923706055,15.930000305175781,25700
2024-11-04,13.890851974487305,15.84000015258789,15.930000305175781,15.8100004196167,15.829999923706055,26500
2024-11-05,13.987317085266113,15.949999809265137,15.949999809265137,15.8100004196167,15.8100004196167,20900
2024-11-06,13.811928749084473,15.75,15.875,15.609999656677246,15.859999656677246,36800
2024-11-07,13.838236808776855,15.779999732971191,15.890000343322754,15.729999542236328,15.729999542236328,48100
2024-11-08,13.94347095489502,15.899999618530273,15.970000267028809,15.850000381469727,15.864999771118164,14100
2024-11-11,13.96100902557373,15.920000076293945,15.949999809265137,15.869999885559082,15.899999618530273,38900
2024-11-12,13.890851974487305,15.84000015258789,15.989999771118164,15.729999542236328,15.989999771118164,40500
2024-11-13,13.908390045166016,15.859999656677246,15.890000343322754,15.800000190734863,15.864999771118164,14900
2024-11-14,14.013623237609863,15.979999542236328,15.989999771118164,15.890000343322754,15.899999618530273,7900
2024-11-15,13.852161407470703,15.699999809265137,15.937000274658203,15.670000076293945,15.880000114440918,47800
2024-11-18,13.935983657836914,15.795000076293945,15.829999923706055,15.600000381469727,15.699999809265137,52400
2024-11-19,13.816871643066406,15.65999984741211,15.760000228881836,15.550000190734863,15.760000228881836,29900
2024-11-20,13.772756576538086,15.609999656677246,15.6899995803833,15.569999694824219,15.619999885559082,20600
2024-11-21,13.746288299560547,15.579999923706055,15.699999809265137,15.5600004196167,15.633000373840332,25500
2024-11-22,13.79040241241455,15.630000114440918,15.720999717712402,15.5600004196167,15.630000114440918,29800
2024-11-25,13.825695991516113,15.670000076293945,15.729999542236328,15.569999694824219,15.670000076293945,40600
2024-11-26,13.763935089111328,15.600000381469727,15.640000343322754,15.479999542236328,15.640000343322754,32400
2024-11-27,13.896279335021973,15.75,15.760000228881836,15.600000381469727,15.630000114440918,29900
2024-11-29,14.063916206359863,15.9399995803833,15.9399995803833,15.774999618530273,15.869999885559082,37300
2024-12-02,14.063916206359863,15.9399995803833,15.989999771118164,15.890000343322754,15.930000305175781,46800
2024-12-03,14.099207878112793,15.979999542236328,16.100000381469727,15.920000076293945,15.949999809265137,61800
2024-12-04,14.196263313293457,16.09000015258789,16.09000015258789,15.940999984741211,16.0,38200
2024-12-05,14.046270370483398,15.920000076293945,16.079999923706055,15.899999618530273,16.079999923706055,31100
2024-12-06,14.070090293884277,15.946999549865723,16.43000030517578,15.899999618530273,16.18000030517578,39900
2024-12-09,13.905101776123047,15.760000228881836,16.09000015258789,15.699999809265137,16.0,40500
2024-12-10,14.010977745056152,15.880000114440918,15.930000305175781,15.800000190734863,15.930000305175781,44100
2024-12-11,14.05774211883545,15.932999610900879,16.049999237060547,15.90999984741211,16.003999710083008,14700
2024-12-12,14.055093765258789,15.930000305175781,16.020000457763672,15.829999923706055,15.989999771118164,40600
2024-12-13,13.950345039367676,15.71500015258789,15.869999885559082,15.699999809265137,15.800000190734863,23100
2024-12-16,13.794995307922363,15.539999961853027,15.699999809265137,15.510000228881836,15.649999618530273,30200
2024-12-17,13.608574867248535,15.329999923706055,15.649999618530273,15.319999694824219,15.649999618530273,58400
2024-12-18,13.422157287597656,15.119999885559082,15.449999809265137,15.100000381469727,15.390000343322754,49800
2024-12-19,13.271247863769531,14.949999809265137,15.1899995803833,14.90999984741211,15.1899995803833,70300
2024-12-20,13.244614601135254,14.920000076293945,15.0649995803833,14.899999618530273,14.930000305175781,126400
2024-12-23,13.155845642089844,14.819999694824219,15.050000190734863,14.789999961853027,15.050000190734863,71900
2024-12-24,13.169159889221191,14.835000038146973,14.859999656677246,14.758000373840332,14.819999694824219,37500
2024-12-26,13.191352844238281,14.859999656677246,14.9399995803833,14.779999732971191,14.84000015258789,123200
2024-12-27,13.120336532592773,14.779999732971191,14.890000343322754,14.699999809265137,14.869000434875488,106800
2024-12-30,13.217984199523926,14.890000343322754,14.949000358581543,14.720000267028809,14.789999961853027,144200
2024-12-31,13.262369155883789,14.9399995803833,15.020000457763672,14.90999984741211,14.920000076293945,118400
2025-01-02,13.404402732849121,15.100000381469727,15.1899995803833,14.970000267028809,15.140000343322754,50600
2025-01-03,13.599699020385742,15.319999694824219,15.390000343322754,15.130000114440918,15.149999618530273,54900
2025-01-06,13.519804954528809,15.229999542236328,15.34000015258789,15.220000267028809,15.34000015258789,24000
2025-01-07,13.466543197631836,15.170000076293945,15.229999542236328,15.09000015258789,15.170000076293945,34400
2025-01-08,13.528681755065918,15.239999771118164,15.279999732971191,15.104000091552734,15.180000305175781,19900
2025-01-10,13.422157287597656,15.119999885559082,15.201000213623047,15.010000228881836,15.149999618530273,35900
2025-01-13,13.426595687866211,15.125,15.125,15.027000427246094,15.027000427246094,13600
2025-01-14,13.555314064025879,15.270000457763672,15.303000450134277,15.135000228881836,15.135000228881836,10300
2025-01-15,13.613374710083008,15.239999771118164,15.369999885559082,15.229999542236328,15.239999771118164,19400
2025-01-16,13.693769454956055,15.329999923706055,15.34000015258789,15.170000076293945,15.170000076293945,15000
2025-01-17,13.765230178833008,15.40999984741211,15.479999542236328,15.369999885559082,15.40999984741211,33200
2025-01-21,14.01534366607666,15.6899995803833,15.800000190734863,15.430000305175781,15.430000305175781,37000
2025-01-22,13.997481346130371,15.670000076293945,15.720000267028809,15.482999801635742,15.699999809265137,21600
2025-01-23,13.706276893615723,15.343999862670898,15.75,15.3100004196167,15.640000343322754,46800
2025-01-24,13.738434791564941,15.380000114440918,15.4399995803833,15.34000015258789,15.350000381469727,14200
2025-01-27,13.67590618133545,15.3100004196167,15.40999984741211,15.210000038146973,15.229999542236328,19400
2025-01-28,14.042145729064941,15.720000267028809,15.890000343322754,15.300000190734863,15.319999694824219,60100
2025-01-29,14.220796585083008,15.920000076293945,16.010000228881836,15.678999900817871,15.720000267028809,24700
2025-01-30,14.149333953857422,15.84000015258789,15.920000076293945,15.720000267028809,15.920000076293945,22100
2025-01-31,14.265460014343262,15.970000267028809,16.040000915527344,15.84000015258789,16.040000915527344,36000
2025-02-03,14.319056510925293,16.030000686645508,16.166000366210938,15.824999809265137,16.030000686645508,10100
2025-02-04,14.372653007507324,16.09000015258789,16.149999618530273,15.989999771118164,16.010000228881836,24600
2025-02-05,14.417312622070312,16.139999389648438,16.450000762939453,16.0,16.450000762939453,33700
2025-02-06,14.399450302124023,16.1200008392334,16.200000762939453,16.0,16.040000915527344,5600
2025-02-07,14.408382415771484,16.1299991607666,16.28700065612793,16.059999465942383,16.09000015258789,13500
2025-02-10,14.354784965515137,16.06999969482422,16.1299991607666,16.041000366210938,16.1299991607666,8000
2025-02-11,14.354784965515137,16.06999969482422,16.06999969482422,15.989999771118164,16.06999969482422,23300
2025-02-12,14.202932357788086,15.899999618530273,15.989999771118164,15.800000190734863,15.989999771118164,40100
2025-02-13,14.198465347290039,15.895000457763672,15.960000038146973,15.800000190734863,15.899999618530273,14700
2025-02-14,14.19397258758545,15.795000076293945,15.958999633789062,15.770000457763672,15.890000343322754,19800
2025-02-18,14.198464393615723,15.800000190734863,15.850000381469727,15.710000038146973,15.850000381469727,35900
2025-02-19,14.198464393615723,15.800000190734863,15.850000381469727,15.760000228881836,15.850000381469727,17200
2025-02-20,14.236207962036133,15.842000007629395,15.850000381469727,15.765999794006348,15.850000381469727,25100
2025-02-21,14.216438293457031,15.819999694824219,15.850000381469727,15.800000190734863,15.850000381469727,24200
2025-02-24,14.207453727722168,15.8100004196167,15.850000381469727,15.779999732971191,15.819999694824219,55500
2025-02-25,14.279341697692871,15.890000343322754,15.899999618530273,15.842000007629395,15.899999618530273,10100
2025-02-26,14.243399620056152,15.850000381469727,15.899999618530273,15.84000015258789,15.899999618530273,16400
2025-02-27,14.216438293457031,15.819999694824219,15.899999618530273,15.800000190734863,15.850000381469727,10500
2025-02-28,14.216438293457031,15.819999694824219,15.89900016784668,15.8100004196167,15.8100004196167,19300
2025-03-03,14.243399620056152,15.850000381469727,15.850000381469727,15.84000015258789,15.850000381469727,26000
2025-03-04,14.225422859191895,15.829999923706055,15.899999618530273,15.760000228881836,15.899999618530273,15300
2025-03-05,14.225422859191895,15.829999923706055,15.890000343322754,15.760000228881836,15.890000343322754,10900
2025-03-06,14.153532028198242,15.75,15.845000267028809,15.75,15.819999694824219,9400
2025-03-07,14.126575469970703,15.720000267028809,15.789999961853027,15.710000038146973,15.789999961853027,14800
2025-03-10,14.0771484375,15.664999961853027,15.720000267028809,15.59000015258789,15.699999809265137,12700
2025-03-11,13.830024719238281,15.390000343322754,15.65999984741211,15.354999542236328,15.619999885559082,18200
2025-03-12,13.883943557739258,15.449999809265137,15.687999725341797,15.260000228881836,15.289999961853027,16600
2025-03-13,13.80306625366211,15.359999656677246,15.460000038146973,15.220000267028809,15.420000076293945,34900
2025-03-14,13.803068161010742,15.265000343322754,15.529999732971191,15.144000053405762,15.144000053405762,13900
2025-03-17,13.699078559875488,15.149999618530273,15.229999542236328,15.140000343322754,15.204000473022461,32500
2025-03-18,13.75333023071289,15.210000038146973,15.25,15.100000381469727,15.25,15400
2025-03-19,13.653868675231934,15.100000381469727,15.187999725341797,15.09000015258789,15.149999618530273,10200
2025-03-20,13.843755722045898,15.3100004196167,15.364999771118164,15.079999923706055,15.140000343322754,50500
2025-03-21,13.816627502441406,15.279999732971191,15.359999656677246,15.210000038146973,15.359999656677246,14200
2025-03-24,13.907052040100098,15.380000114440918,15.619999885559082,15.3149995803833,15.350000381469727,28300
2025-03-25,13.888967514038086,15.359999656677246,15.529999732971191,15.335000038146973,15.529999732971191,17700
2025-03-26,13.798543930053711,15.260000228881836,15.34000015258789,15.234999656677246,15.289999961853027,13500
2025-03-27,13.762374877929688,15.220000267028809,15.239999771118164,15.1899995803833,15.1899995803833,5700
2025-03-28,13.807585716247559,15.270000457763672,15.329999923706055,15.1899995803833,15.289999961853027,18000
2025-03-31,13.765992164611816,15.223999977111816,15.369999885559082,15.211999893188477,15.300000190734863,10600
2025-04-01,13.798543930053711,15.260000228881836,15.300000190734863,15.229999542236328,15.229999542236328,26500
2025-04-02,13.68099594116211,15.130000114440918,15.300000190734863,15.079999923706055,15.270000457763672,53700
2025-04-03,13.671950340270996,15.119999885559082,15.199999809265137,15.050000190734863,15.15999984741211,27900
2025-04-04,13.382598876953125,14.800000190734863,15.170000076293945,14.600000381469727,15.15999984741211,25100
2025-04-07,12.975695610046387,14.350000381469727,15.119999885559082,14.16100025177002,14.630000114440918,34600
2025-04-08,12.87623119354248,14.239999771118164,14.484999656677246,14.050000190734863,14.329999923706055,34100
2025-04-09,12.8038911819458,14.15999984741211,14.199999809265137,13.899999618530273,14.130000114440918,52400
2025-04-10,12.632087707519531,13.970000267028809,14.470000267028809,13.789999961853027,14.470000267028809,25200
2025-04-11,12.632989883422852,13.970999717712402,14.239999771118164,13.800000190734863,13.970000267028809,22000
2025-04-14,12.731551170349121,14.079999923706055,14.170000076293945,13.984999656677246,14.0,29100
2025-04-15,12.881763458251953,14.149999618530273,14.331999778747559,13.979999542236328,13.979999542236328,12800
2025-04-16,12.736104965209961,13.989999771118164,14.119999885559082,13.989999771118164,14.029999732971191,39500
2025-04-17,12.736104965209961,13.989999771118164,14.119999885559082,13.859999656677246,14.0600004196167,24300
2025-04-21,12.645068168640137,13.890000343322754,14.100000381469727,13.869999885559082,14.100000381469727,33100
2025-04-22,12.654170989990234,13.899999618530273,13.930000305175781,13.850000381469727,13.899999618530273,31200
2025-04-23,12.732463836669922,13.986000061035156,14.100000381469727,13.949999809265137,14.050000190734863,14100
2025-04-24,12.909077644348145,14.180000305175781,14.239999771118164,14.088000297546387,14.140000343322754,19000
2025-04-25,13.017409324645996,14.298999786376953,14.300000190734863,14.199999809265137,14.229999542236328,20300
2025-04-28,13.000112533569336,14.279999732971191,14.36299991607666,14.260000228881836,14.289999961853027,45900
2025-04-29,13.018320083618164,14.300000190734863,14.380000114440918,14.25,14.329999923706055,16000
2025-04-30,13.0410795211792,14.324999809265137,14.352999687194824,14.199999809265137,14.300000190734863,21700
2025-05-01,13.036526679992676,14.319999694824219,14.508999824523926,14.229999542236328,14.380000114440918,29200
2025-05-02,13.118460655212402,14.40999984741211,14.479999542236328,14.329999923706055,14.430000305175781,26600
2025-05-05,13.118460655212402,14.40999984741211,14.5,14.359999656677246,14.5,18300
2025-05-06,13.154876708984375,14.449999809265137,14.569999694824219,14.42300033569336,14.42300033569336,7300
2025-05-07,13.127564430236816,14.420000076293945,14.487000465393066,14.420000076293945,14.484999656677246,9800
2025-05-08,13.109356880187988,14.399999618530273,14.505000114440918,14.369999885559082,14.470999717712402,68300
2025-05-09,13.154876708984375,14.449999809265137,14.538999557495117,14.420000076293945,14.489999771118164,60000
2025-05-12,13.236811637878418,14.539999961853027,14.628999710083008,14.380000114440918,14.470000267028809,54800
2025-05-13,13.273222923278809,14.579999923706055,14.630000114440918,14.460000038146973,14.569999694824219,29800
2025-05-14,13.2459135055542,14.550000190734863,14.800000190734863,14.529999732971191,14.800000190734863,28400
2025-05-15,13.277985572814941,14.489999771118164,14.59000015258789,14.420000076293945,14.5,16700
2025-05-16,13.360456466674805,14.579999923706055,14.649999618530273,14.404999732971191,14.5,17300
2025-05-19,13.259658813476562,14.470000267028809,14.515000343322754,14.388999938964844,14.470000267028809,14600
2025-05-20,13.223004341125488,14.430000305175781,14.505000114440918,14.399999618530273,14.472999572753906,33300
2025-05-21,13.048898696899414,14.239999771118164,14.449999809265137,14.239999771118164,14.399999618530273,14100
2025-05-22,13.140531539916992,14.34000015258789,14.414999961853027,14.210000038146973,14.319999694824219,9300
2025-05-23,13.168025970458984,14.369999885559082,14.59000015258789,14.243000030517578,14.260000228881836,25300
2025-05-27,13.332966804504395,14.550000190734863,14.619999885559082,14.350000381469727,14.359999656677246,9800
2025-05-28,13.195512771606445,14.399999618530273,14.520000457763672,14.34000015258789,14.505000114440918,44500
2025-05-29,13.195512771606445,14.399999618530273,14.446999549865723,14.300000190734863,14.300000190734863,24000
2025-05-30,13.149697303771973,14.350000381469727,14.420000076293945,14.329999923706055,14.369999885559082,35900
2025-06-02,13.26882266998291,14.479999542236328,14.600000381469727,14.350000381469727,14.350000381469727,33700
2025-06-03,13.140531539916992,14.34000015258789,14.550000190734863,14.319999694824219,14.510000228881836,14000
2025-06-04,13.314638137817383,14.529999732971191,14.600000381469727,14.345999717712402,14.420000076293945,15400
2025-06-05,13.241332054138184,14.449999809265137,14.600000381469727,14.312999725341797,14.600000381469727,20500
2025-06-06,13.277985572814941,14.489999771118164,14.600000381469727,14.355999946594238,14.600000381469727,11500
2025-06-09,13.149697303771973,14.350000381469727,14.5,14.335000038146973,14.5,14500
2025-06-10,13.140531539916992,14.34000015258789,14.380000114440918,14.265000343322754,14.329999923706055,41300
2025-06-11,13.195512771606445,14.399999618530273,14.430000305175781,14.29800033569336,14.350000381469727,27200
2025-06-12,13.177186012268066,14.380000114440918,14.394000053405762,14.329999923706055,14.369999885559082,44800
2025-06-13,13.117227554321289,14.220000267028809,14.350000381469727,14.16100025177002,14.350000381469727,18000
2025-06-16,13.117227554321289,14.220000267028809,14.260000228881836,14.180000305175781,14.260000228881836,19600
2025-06-17,13.080328941345215,14.180000305175781,14.229999542236328,14.15999984741211,14.210000038146973,12300
2025-06-18,13.04343318939209,14.140000343322754,14.229000091552734,14.130000114440918,14.15999984741211,14300
2025-06-20,13.03420639038086,14.130000114440918,14.1850004196167,14.020999908447266,14.069999694824219,29400
2025-06-23,12.960411071777344,14.050000190734863,14.130000114440918,14.010000228881836,14.069999694824219,50900
2025-06-24,13.006534576416016,14.100000381469727,14.152000427246094,14.034000396728516,14.039999961853027,48500
2025-06-25,12.905062675476074,13.989999771118164,14.09000015258789,13.960000038146973,14.09000015258789,73900
2025-06-26,12.86816692352295,13.949999809265137,14.050000190734863,13.92300033569336,14.010000228881836,47700
2025-06-27,12.905062675476074,13.989999771118164,14.050000190734863,13.949999809265137,14.020000457763672,25700
2025-06-30,12.969635009765625,14.0600004196167,14.119999885559082,13.989999771118164,14.100000381469727,43600
2025-07-01,13.024982452392578,14.119999885559082,14.149999618530273,14.0,14.0,52200
2025-07-02,13.126453399658203,14.229999542236328,14.229999542236328,14.104999542236328,14.149999618530273,44400
2025-07-03,13.144901275634766,14.25,14.289999961853027,14.190999984741211,14.199999809265137,25700
2025-07-07,13.080328941345215,14.180000305175781,14.260000228881836,14.109999656677246,14.260000228881836,72100
2025-07-08,13.04343318939209,14.140000343322754,14.180000305175781,14.100000381469727,14.180000305175781,33600
2025-07-09,13.117227554321289,14.220000267028809,14.239999771118164,14.149999618530273,14.149999618530273,37200
2025-07-10,13.052656173706055,14.149999618530273,14.25,14.140000343322754,14.199999809265137,38500
2025-07-11,13.03420639038086,14.130000114440918,14.1899995803833,14.09000015258789,14.149999618530273,81600
2025-07-14,13.080328941345215,14.180000305175781,14.199999809265137,14.104999542236328,14.180000305175781,44100
2025-07-15,13.047825813293457,14.050000190734863,14.177000045776367,14.029999732971191,14.149999618530273,41800
2025-07-16,13.029253005981445,14.029999732971191,14.154000282287598,14.010000228881836,14.130000114440918,51300
2025-07-17,12.992103576660156,13.989999771118164,14.02400016784668,13.970000267028809,13.970000267028809,48600
2025-07-18,12.954957962036133,13.949999809265137,14.019000053405762,13.942000389099121,13.989999771118164,24500
2025-07-21,12.927098274230957,13.920000076293945,14.0,13.880000114440918,13.970000267028809,38400
2025-07-22,12.871376991271973,13.859999656677246,13.90999984741211,13.84000015258789,13.84000015258789,40400
2025-07-23,12.843517303466797,13.829999923706055,13.873000144958496,13.829999923706055,13.862000465393066,22500
2025-07-24,12.91781234741211,13.90999984741211,13.920000076293945,13.829999923706055,13.829999923706055,25500
2025-07-25,12.964245796203613,13.960000038146973,13.960000038146973,13.899999618530273,13.899999618530273,38100
2025-07-28,13.029253005981445,14.029999732971191,14.0600004196167,13.90999984741211,13.970000267028809,86600
2025-07-29,12.992103576660156,13.989999771118164,14.050000190734863,13.970000267028809,14.0,17600
2025-07-30,12.973532676696777,13.970000267028809,14.039999961853027,13.9350004196167,13.949999809265137,48800
2025-07-31,12.954957962036133,13.949999809265137,14.050000190734863,13.90999984741211,14.010000228881836,62600
2025-08-01,13.159268379211426,14.170000076293945,14.270000457763672,13.960000038146973,14.010000228881836,35100
2025-08-04,13.112832069396973,14.119999885559082,14.15999984741211,14.112000465393066,14.15999984741211,19500
2025-08-05,13.187125205993652,14.199999809265137,14.220000267028809,14.100000381469727,14.100000381469727,17000
2025-08-06,13.149980545043945,14.15999984741211,14.225000381469727,14.111000061035156,14.156999588012695,46100
2025-08-07,13.140693664550781,14.149999618530273,14.180000305175781,14.109999656677246,14.178000450134277,8800
2025-08-08,13.131406784057617,14.140000343322754,14.239999771118164,14.125,14.239999771118164,72300
2025-08-11,13.196412086486816,14.210000038146973,14.229999542236328,14.163000106811523,14.170000076293945,19500
2025-08-12,13.242847442626953,14.260000228881836,14.289999961853027,14.206000328063965,14.239999771118164,77200
2025-08-13,13.247490882873535,14.265000343322754,14.345000267028809,14.265000343322754,14.270000457763672,15000
2025-08-14,13.242847442626953,14.260000228881836,14.350000381469727,14.239999771118164,14.350000381469727,14900
2025-08-15,13.31296443939209,14.239999771118164,14.3100004196167,14.210000038146973,14.260000228881836,24600
2025-08-18,13.537342071533203,14.479999542236328,14.524999618530273,14.239999771118164,14.289999961853027,83100
2025-08-19,13.490593910217285,14.430000305175781,14.550000190734863,14.36299991607666,14.539999961853027,60100
2025-08-20,13.588759422302246,14.53499984741211,14.59000015258789,14.432000160217285,14.510000228881836,86500
2025-08-21,13.677574157714844,14.630000114440918,14.6899995803833,14.449999809265137,14.5,61300
2025-08-22,13.82715892791748,14.789999961853027,14.850000381469727,14.600000381469727,14.630000114440918,28200
2025-08-25,13.845857620239258,14.8100004196167,14.819999694824219,14.760000228881836,14.760000228881836,32800
2025-08-26,13.845857620239258,14.8100004196167,14.84000015258789,14.699999809265137,14.84000015258789,28100
2025-08-27,13.649527549743652,14.600000381469727,14.869999885559082,14.600000381469727,14.869999885559082,41800
2025-08-28,13.696272850036621,14.649999618530273,14.710000038146973,14.520000457763672,14.710000038146973,55000
2025-08-29,13.672901153564453,14.625,14.699999809265137,14.539999961853027,14.680000305175781,19100
2025-09-02,13.512099266052246,14.45300006866455,14.649999618530273,14.449999809265137,14.539999961853027,15800
2025-09-03,13.546689987182617,14.489999771118164,14.58899974822998,14.449999809265137,14.520000457763672,12100
2025-09-04,13.512099266052246,14.45300006866455,14.539999961853027,14.4399995803833,14.460000038146973,28400
2025-09-05,13.733670234680176,14.6899995803833,14.729999542236328,14.470000267028809,14.470000267028809,120300
2025-09-08,13.81781005859375,14.779999732971191,14.779999732971191,14.6899995803833,14.729999542236328,27900
2025-09-09,13.855205535888672,14.819999694824219,14.819999694824219,14.722000122070312,14.779999732971191,36500
2025-09-10,14.014138221740723,14.989999771118164,14.989999771118164,14.805999755859375,14.869999885559082,33300
2025-09-11,14.032837867736816,15.010000228881836,15.140000343322754,14.930999755859375,14.989999771118164,69700
2025-09-12,14.060883522033691,15.039999961853027,15.140000343322754,14.789999961853027,14.930000305175781,17400
2025-09-15,14.187896728515625,15.079999923706055,15.09000015258789,14.890000343322754,14.989999771118164,37800
2025-09-16,14.131447792053223,15.020000457763672,15.09000015258789,14.850000381469727,15.039999961853027,28900
2025-09-17,14.056180000305176,14.9399995803833,15.050000190734863,14.899999618530273,15.0,19200
2025-09-18,14.056180000305176,14.9399995803833,15.07800006866455,14.899999618530273,14.899999618530273,28900
2025-09-19,14.01854419708252,14.899999618530273,14.930000305175781,14.826000213623047,14.920000076293945,20000
2025-09-22,14.112629890441895,15.0,15.09000015258789,14.930000305175781,15.09000015258789,26000
2025-09-23,14.159671783447266,15.050000190734863,15.109999656677246,14.989999771118164,15.079999923706055,34800
2025-09-24,14.046772003173828,14.930000305175781,15.149999618530273,14.859999656677246,14.979999542236328,21700
2025-09-25,14.056180000305176,14.9399995803833,15.07699966430664,14.829999923706055,14.920000076293945,8300
2025-09-26,14.06558895111084,14.949999809265137,15.0600004196167,14.850000381469727,14.979999542236328,8300
2025-09-29,14.122038841247559,15.010000228881836,15.050000190734863,14.949999809265137,14.960000038146973,22800
2025-09-30,14.112629890441895,15.0,15.130000114440918,14.949999809265137,15.130000114440918,21600
2025-10-01,14.10322093963623,14.989999771118164,15.0649995803833,14.90999984741211,14.970000267028809,48100
2025-10-02,14.027955055236816,14.90999984741211,15.0,14.859999656677246,15.0,34100
2025-10-03,13.896236419677734,14.770000457763672,15.0,14.75,14.899999618530273,15600
2025-10-06,13.896236419677734,14.770000457763672,14.869999885559082,14.670000076293945,14.779999732971191,32200
2025-10-07,13.9620943069458,14.84000015258789,14.890000343322754,14.779999732971191,14.779999732971191,12800
2025-10-08,13.958333015441895,14.836000442504883,14.899999618530273,14.781999588012695,14.899999618530273,20400
2025-10-09,14.01854419708252,14.899999618530273,14.970000267028809,14.850000381469727,14.880000114440918,32600
2025-10-10,14.084405899047852,14.970000267028809,15.0,14.859999656677246,14.949999809265137,39700
2025-10-13,14.16908073425293,15.0600004196167,15.0600004196167,14.90999984741211,14.90999984741211,12000
2025-10-14,14.217063903808594,15.111000061035156,15.149999618530273,14.920000076293945,15.0600004196167,34500
2025-10-15,14.230319023132324,15.029999732971191,15.149999618530273,15.0,15.149999618530273,13600
2025-10-16,14.211381912231445,15.010000228881836,15.149999618530273,14.812999725341797,15.149999618530273,27200
2025-10-17,14.173511505126953,14.970000267028809,15.149999618530273,14.869999885559082,15.130000114440918,38500
2025-10-20,14.20191478729248,15.0,15.08899974822998,14.90999984741211,15.0,44900
2025-10-21,14.09776782989502,14.890000343322754,15.050000190734863,14.864999771118164,15.010000228881836,27500
2025-10-22,14.059897422790527,14.850000381469727,14.899999618530273,14.800000190734863,14.899999618530273,19700
2025-10-23,13.994566917419434,14.781000137329102,14.965999603271484,14.779999732971191,14.869999885559082,20800
2025-10-24,14.09776782989502,14.890000343322754,14.890000343322754,14.739999771118164,14.779999732971191,23300
2025-10-27,14.078829765319824,14.869999885559082,14.960000038146973,14.819999694824219,14.90999984741211,13500
2025-10-28,14.34393310546875,15.149999618530273,15.149999618530273,14.819999694824219,14.899999618530273,80400
2025-10-29,14.26819133758545,15.069999694824219,15.114999771118164,15.0600004196167,15.100000381469727,14700
2025-10-30,14.20191478729248,15.0,15.109999656677246,14.9399995803833,15.09000015258789,17700
2025-10-31,14.306061744689941,15.109999656677246,15.149999618530273,14.960000038146973,15.09000015258789,32300
2025-11-03,14.20191478729248,15.0,15.140000343322754,14.949999809265137,15.140000343322754,30400
2025-11-04,14.282393455505371,15.085000038146973,15.119999885559082,15.0,15.020000457763672,13300
2025-11-05,14.34393310546875,15.149999618530273,15.149999618530273,14.989999771118164,15.140000343322754,30200
2025-11-06,14.306061744689941,15.109999656677246,15.149999618530273,15.005999565124512,15.130000114440918,13900
2025-11-07,14.287126541137695,15.09000015258789,15.149999618530273,15.09000015258789,15.100000381469727,15300
2025-11-10,14.258721351623535,15.0600004196167,15.140000343322754,15.050000190734863,15.079999923706055,6900
2025-11-11,14.29659366607666,15.100000381469727,15.119999885559082,14.989999771118164,14.989999771118164,13000
2025-11-12,14.239788055419922,15.039999961853027,15.149999618530273,15.00100040435791,15.149999618530273,16800
2025-11-13,14.257777214050293,15.059000015258789,15.140000343322754,15.003999710083008,15.039999961853027,32900
2025-11-14,14.406411170959473,15.119999885559082,15.140000343322754,15.0,15.010000228881836,69500
2025-11-17,14.377827644348145,15.09000015258789,15.149999618530273,15.029999732971191,15.149999618530273,28600
2025-11-18,14.292076110839844,15.0,15.100000381469727,15.0,15.0600004196167,6400
2025-11-19,14.320660591125488,15.029999732971191,15.125,15.0,15.0,16300
2025-11-20,14.13010025024414,14.829999923706055,15.119999885559082,14.779999732971191,15.039999961853027,43200
2025-11-21,13.97765064239502,14.670000076293945,14.918999671936035,14.649999618530273,14.890000343322754,30600
2025-11-24,13.844256401062012,14.529999732971191,14.70199966430664,14.5,14.670000076293945,58400
2025-11-25,13.815672874450684,14.5,14.579999923706055,14.399999618530273,14.4399995803833,87500
2025-11-26,13.949068069458008,14.640000343322754,14.680000305175781,14.529999732971191,14.539999961853027,31900
2025-11-28,13.958593368530273,14.649999618530273,14.680000305175781,14.510000228881836,14.680000305175781,77200
2025-12-01,13.85378646850586,14.539999961853027,14.659000396728516,14.524999618530273,14.600000381469727,22500
2025-12-02,13.844256401062012,14.529999732971191,14.59000015258789,14.395000457763672,14.59000015258789,78500
2025-12-03,14.025291442871094,14.720000267028809,14.720000267028809,14.494999885559082,14.510000228881836,92500
2025-12-04,13.958593368530273,14.649999618530273,14.720000267028809,14.550000190734863,14.569999694824219,37200
2025-12-05,14.034818649291992,14.729999542236328,14.770000457763672,14.680000305175781,14.720000267028809,18000
2025-12-08,14.14915657043457,14.850000381469727,14.859999656677246,14.670000076293945,14.729999542236328,35700
2025-12-09,14.139628410339355,14.84000015258789,14.930000305175781,14.779999732971191,14.819999694824219,25400
2025-12-10,14.101516723632812,14.800000190734863,15.119999885559082,14.789999961853027,14.899999618530273,44900
2025-12-11,14.04434585571289,14.739999771118164,14.859000205993652,14.708999633789062,14.800000190734863,16200
2025-12-12,14.168210983276367,14.869999885559082,14.880000114440918,14.680000305175781,14.770000457763672,49000
2025-12-15,14.105880737304688,14.710000038146973,14.8100004196167,14.699999809265137,14.789999961853027,13000
2025-12-16,14.326436042785645,14.9399995803833,15.149999618530273,14.579999923706055,14.579999923706055,89800
2025-12-17,14.23054313659668,14.84000015258789,14.888999938964844,14.722999572753906,14.779999732971191,30900
2025-12-18,14.326436042785645,14.9399995803833,14.949999809265137,14.739999771118164,14.829999923706055,48100
2025-12-19,14.19218635559082,14.800000190734863,14.9399995803833,14.649999618530273,14.9399995803833,52300
2025-12-22,14.115470886230469,14.720000267028809,14.835000038146973,14.694000244140625,14.75,27500
2025-12-23,14.086702346801758,14.6899995803833,15.0,14.654999732971191,14.739999771118164,30500
2025-12-24,14.043551445007324,14.645000457763672,14.699999809265137,14.609999656677246,14.649999618530273,9000
2025-12-26,13.933272361755371,14.529999732971191,14.829999923706055,14.479999542236328,14.829999923706055,35100
2025-12-29,13.799022674560547,14.390000343322754,14.600000381469727,14.319999694824219,14.600000381469727,107100
2025-12-30,13.914095878601074,14.510000228881836,14.539999961853027,14.319999694824219,14.319999694824219,120300
2025-12-31,13.923685073852539,14.520000457763672,14.579999923706055,14.449999809265137,14.569999694824219,42400
2026-01-02,13.923685073852539,14.520000457763672,14.579999923706055,14.475000381469727,14.579999923706055,11000
2026-01-05,14.000397682189941,14.600000381469727,14.65999984741211,14.510000228881836,14.539999961853027,17000
2026-01-06,13.962040901184082,14.5600004196167,14.670000076293945,14.520000457763672,14.670000076293945,34800
2026-01-07,13.981220245361328,14.579999923706055,14.640000343322754,14.569999694824219,14.600000381469727,30900
2026-01-08,13.981220245361328,14.579999923706055,14.638999938964844,14.550000190734863,14.59000015258789,13400
2026-01-09,14.07711410522461,14.680000305175781,14.6899995803833,14.550000190734863,14.600000381469727,35300
2026-01-12,14.067523956298828,14.670000076293945,14.704999923706055,14.654999732971191,14.670000076293945,11500
2026-01-13,14.115470886230469,14.720000267028809,14.779999732971191,14.645999908447266,14.680000305175781,18100
2026-01-14,14.096292495727539,14.699999809265137,14.800000190734863,14.675000190734863,14.729999542236328,30900
2026-01-15,14.124271392822266,14.640000343322754,14.699999809265137,14.550000190734863,14.65999984741211,15700
2026-01-16,14.133916854858398,14.649999618530273,14.699999809265137,14.609999656677246,14.670000076293945,7100
2026-01-20,14.133916854858398,14.649999618530273,14.649999618530273,14.5600004196167,14.649999618530273,16000
2026-01-21,14.076031684875488,14.59000015258789,14.649999618530273,14.5600004196167,14.649999618530273,15700
2026-01-22,14.03744125366211,14.550000190734863,14.600000381469727,14.541000366210938,14.600000381469727,19500
2026-01-23,14.056735038757324,14.569999694824219,14.609999656677246,14.553000450134277,14.609999656677246,18600
2026-01-26,14.018143653869629,14.529999732971191,14.619999885559082,14.470000267028809,14.619999885559082,22100
2026-01-27,14.067349433898926,14.581000328063965,14.600000381469727,14.489999771118164,14.520000457763672,42900
2026-01-28,14.191803932189941,14.710000038146973,14.760000228881836,14.59000015258789,14.619999885559082,25000
2026-01-29,14.211099624633789,14.729999542236328,14.75,14.6899995803833,14.75,35400
2026-01-30,14.240043640136719,14.760000228881836,14.819999694824219,14.734000205993652,14.819999694824219,16700
2026-02-02,14.201452255249023,14.720000267028809,14.770000457763672,14.682000160217285,14.75,87100
2026-02-03,14.307577133178711,14.829999923706055,14.869999885559082,14.699999809265137,14.739999771118164,67100
2026-02-04,14.519826889038086,15.050000190734863,15.0600004196167,14.824999809265137,14.850000381469727,42900
2026-02-05,14.490884780883789,15.020000457763672,15.289999961853027,14.956999778747559,15.050000190734863,12800
2026-02-06,14.500531196594238,15.029999732971191,15.199999809265137,14.914999961853027,15.180000305175781,24800
2026-02-09,14.500531196594238,15.029999732971191,15.145000457763672,15.010000228881836,15.109999656677246,14300
2026-02-10,14.568066596984863,15.100000381469727,15.152999877929688,15.09000015258789,15.09000015258789,10600
2026-02-11,14.529475212097168,15.0600004196167,15.149999618530273,15.0,15.109999656677246,16200
2026-02-12,14.616302490234375,15.149999618530273,15.149999618530273,15.039999961853027,15.109999656677246,12700
2026-02-13,14.663856506347656,15.109999656677246,15.119999885559082,14.90999984741211,15.0600004196167,7400
2026-02-17,14.54740047454834,14.989999771118164,15.149999618530273,14.920000076293945,15.140000343322754,23200
2026-02-18,14.440648078918457,14.880000114440918,15.050000190734863,14.789999961853027,15.050000190734863,10700
2026-02-19,14.450353622436523,14.890000343322754,14.960000038146973,14.579999923706055,14.960000038146973,28000
2026-02-20,14.382420539855957,14.819999694824219,15.0,14.699999809265137,14.970000267028809,23100
2026-02-23,14.275668144226074,14.710000038146973,14.949999809265137,14.6899995803833,14.869999885559082,21900
2026-02-24,14.35815715789795,14.795000076293945,14.824999809265137,14.550000190734863,14.699999809265137,23000
2026-02-25,14.39212417602539,14.829999923706055,14.899999618530273,14.819999694824219,14.829999923706055,27800
2026-02-26,14.411534309387207,14.850000381469727,14.899999618530273,14.729999542236328,14.880000114440918,19100
2026-02-27,14.504698753356934,14.946000099182129,15.079999923706055,14.880000114440918,14.920000076293945,24100
2026-03-02,14.551281929016113,14.994000434875488,15.039999961853027,14.9399995803833,14.9399995803833,40500
2026-03-03,14.576515197753906,15.020000457763672,15.029999732971191,14.760000228881836,14.989999771118164,29400
2026-03-04,14.36301040649414,14.800000190734863,15.010000228881836,14.774999618530273,14.960000038146973,26400
2026-03-05,14.36301040649414,14.800000190734863,14.819999694824219,14.710000038146973,14.789999961853027,17200
2026-03-06,14.3096342086792,14.744999885559082,14.819999694824219,14.680000305175781,14.819999694824219,9100
2026-03-09,14.28052043914795,14.71500015258789,14.75,14.680000305175781,14.75,5900
2026-03-10,14.149506568908691,14.579999923706055,14.720000267028809,14.5600004196167,14.630000114440918,42200
2026-03-11,14.275668144226074,14.710000038146973,14.789999961853027,14.60099983215332,14.640000343322754,5200
2026-03-12,14.246554374694824,14.680000305175781,14.8100004196167,14.675000190734863,14.710000038146973,7800
2026-03-13,14.275668144226074,14.710000038146973,14.8100004196167,14.600000381469727,14.699999809265137,21600
2026-03-16,14.372328758239746,14.720000267028809,14.798999786376953,14.619999885559082,14.710000038146973,26800
2026-03-17,14.372328758239746,14.720000267028809,14.760000228881836,14.640000343322754,14.760000228881836,12300
2026-03-18,14.284455299377441,14.630000114440918,14.789999961853027,14.619999885559082,14.789999961853027,5500
2026-03-19,14.362565994262695,14.710000038146973,14.770000457763672,14.609999656677246,14.699999809265137,3300
2026-03-20,14.235635757446289,14.579999923706055,14.720000267028809,14.529999732971191,14.720000267028809,20300
2026-03-23,14.220989227294922,14.5649995803833,14.739999771118164,14.5,14.739999771118164,6600
2026-03-24,13.845083236694336,14.180000305175781,14.59000015258789,14.15999984741211,14.5600004196167,20700
2026-03-25,13.962249755859375,14.300000190734863,14.390000343322754,14.220000267028809,14.220000267028809,10500
2026-03-26,13.932958602905273,14.270000457763672,14.369999885559082,14.239999771118164,14.289999961853027,18700
2026-03-27,13.913429260253906,14.25,14.329999923706055,14.15999984741211,14.270000457763672,9300
2026-03-30,14.343037605285645,14.6899995803833,14.720000267028809,14.369999885559082,14.4399995803833,33100
2026-03-31,14.343037605285645,14.6899995803833,14.859999656677246,14.60200023651123,14.850000381469727,24000
2026-04-01,14.284455299377441,14.630000114440918,14.779999732971191,14.600000381469727,14.739999771118164,34500
2026-04-02,14.391857147216797,14.739999771118164,14.800000190734863,14.654999732971191,14.710000038146973,7900
2026-04-06,14.411384582519531,14.760000228881836,14.8100004196167,14.75,14.75,13800
2026-04-07,14.382092475891113,14.729999542236328,15.055000305175781,14.5,14.84000015258789,16500
2026-04-08,14.411384582519531,14.760000228881836,14.880000114440918,14.270999908447266,14.880000114440918,15900
2026-04-09,14.548076629638672,14.899999618530273,14.9399995803833,14.5600004196167,14.8100004196167,25400
2026-04-10,14.460203170776367,14.8100004196167,14.9399995803833,14.755000114440918,14.9399995803833,13900
2026-04-13,14.460203170776367,14.8100004196167,14.890000343322754,14.734999656677246,14.869999885559082,13500
2026-04-14,14.538313865661621,14.890000343322754,14.9399995803833,14.710000038146973,14.819999694824219,30900
2026-04-15,14.576621055603027,14.84000015258789,14.9399995803833,14.710000038146973,14.9399995803833,12900
2026-04-16,14.576621055603027,14.84000015258789,14.9399995803833,14.779999732971191,14.9399995803833,18400
2026-04-17,14.645379066467285,14.90999984741211,14.9399995803833,14.800000190734863,14.90999984741211,23900
2026-04-20,14.56679916381836,14.829999923706055,14.9399995803833,14.699999809265137,14.9399995803833,12100
2026-04-21,14.65520191192627,14.920000076293945,14.920000076293945,14.784000396728516,14.869999885559082,15900
2026-04-22,14.586443901062012,14.850000381469727,14.899999618530273,14.829999923706055,14.899999618530273,15000
2026-04-23,14.517685890197754,14.779999732971191,14.850000381469727,14.779999732971191,14.850000381469727,10100
2026-04-24,14.502952575683594,14.765000343322754,14.930000305175781,14.765000343322754,14.930000305175781,3600
2026-04-27,14.586443901062012,14.850000381469727,14.850000381469727,14.751999855041504,14.8100004196167,8300
2026-04-28,14.429283142089844,14.6899995803833,14.779999732971191,14.5600004196167,14.779999732971191,29900
2026-04-29,14.429283142089844,14.6899995803833,14.8100004196167,14.649999618530273,14.779999732971191,23700
2026-04-30,14.556976318359375,14.819999694824219,14.9399995803833,14.779999732971191,14.930000305175781,27200
2026-05-01,14.517685890197754,14.779999732971191,14.9399995803833,14.75,14.869999885559082,10800
2026-05-04,14.581533432006836,14.845000267028809,14.890000343322754,14.779999732971191,14.819999694824219,14800
2026-05-05,14.674845695495605,14.9399995803833,14.9399995803833,14.850000381469727,14.90999984741211,19700
2026-05-06,14.684669494628906,14.949999809265137,15.130000114440918,14.859999656677246,14.9399995803833,30700
2026-05-07,14.684669494628906,14.949999809265137,14.975000381469727,14.859999656677246,14.960000038146973,6000
2026-05-08,14.704314231872559,14.970000267028809,15.020000457763672,14.970000267028809,14.979999542236328,8500
2026-05-11,14.694491386413574,14.960000038146973,15.079999923706055,14.920000076293945,15.020000457763672,7500
2026-05-12,14.689579963684082,14.954999923706055,15.069999694824219,14.899999618530273,14.979999542236328,9200
2026-05-13,14.719047546386719,14.984999656677246,15.130000114440918,14.760000228881836,14.960000038146973,22200
2026-05-14,14.694491386413574,14.960000038146973,15.119999885559082,14.8149995803833,15.029999732971191,12000
2026-05-15,14.836783409118652,15.015000343322754,15.170000076293945,14.781000137329102,14.850000381469727,27300
2026-05-18,14.53540325164795,14.710000038146973,15.039999961853027,14.569999694824219,15.039999961853027,29700
2026-05-19,14.490936279296875,14.664999961853027,14.800000190734863,14.569000244140625,14.65999984741211,13100
2026-05-20,14.466233253479004,14.640000343322754,14.770000457763672,14.5,14.770000457763672,23000
2026-05-21,14.455363273620605,14.628999710083008,14.729999542236328,14.562999725341797,14.729999542236328,11100
2026-05-22,14.426708221435547,14.600000381469727,14.729999542236328,14.5,14.729999542236328,6500
2026-05-26,14.515639305114746,14.6899995803833,14.75,14.619999885559082,14.75,9700
2026-05-27,14.594690322875977,14.770000457763672,14.800000190734863,14.71399974822998,14.729999542236328,20400
2026-05-28,14.673741340637207,14.850000381469727,14.9399995803833,14.760000228881836,14.770000457763672,22800
2026-05-29,14.683622360229492,14.859999656677246,14.869999885559082,14.8100004196167,14.859999656677246,13200
2026-06-01,14.624334335327148,14.800000190734863,14.899999618530273,14.720000267028809,14.899999618530273,26700
2026-06-02,14.584809303283691,14.760000228881836,14.869999885559082,14.75,14.84000015258789,8700
2026-06-03,14.624334335327148,14.800000190734863,14.890000343322754,14.75,14.890000343322754,18600
2026-06-04,14.624334335327148,14.800000190734863,14.890000343322754,14.800000190734863,14.890000343322754,3400
2026-06-05,14.644097328186035,14.819999694824219,14.890000343322754,14.800000190734863,14.890000343322754,7300
2026-06-08,14.62927532196045,14.805000305175781,14.850000381469727,14.770000457763672,14.8100004196167,22300
2026-06-09,14.644097328186035,14.819999694824219,14.84000015258789,14.789999961853027,14.84000015258789,13500
2026-06-10,14.673741340637207,14.850000381469727,14.979999542236328,14.829999923706055,14.979999542236328,36200
2026-06-11,14.703385353088379,14.880000114440918,14.899999618530273,14.84000015258789,14.850000381469727,22300
2026-06-12,14.693503379821777,14.869999885559082,15.050000190734863,14.847999572753906,15.050000190734863,19500
2026-06-15,14.781976699829102,14.869999885559082,14.989999771118164,14.800000190734863,14.989999771118164,5200
2026-06-16,14.842615127563477,14.930999755859375,14.9399995803833,14.84000015258789,14.869999885559082,19900
2026-06-17,14.757124900817871,14.845000267028809,14.970000267028809,14.845000267028809,14.970000267028809,3400
2026-06-18,14.851561546325684,14.9399995803833,14.9399995803833,14.84000015258789,14.930000305175781,2400
2026-06-22,14.799869537353516,14.887999534606934,14.9399995803833,14.84000015258789,14.9399995803833,6200
2026-06-23,14.801858901977539,14.890000343322754,14.930000305175781,14.829999923706055,14.869999885559082,13300
2026-06-24,14.76209545135498,14.850000381469727,14.890000343322754,14.84000015258789,14.890000343322754,23900
2026-06-25,14.801858901977539,14.890000343322754,14.890000343322754,14.859999656677246,14.890000343322754,5900
2026-06-26,14.801858901977539,14.890000343322754,14.890000343322754,14.850000381469727,14.890000343322754,13400
2026-06-29,14.801858901977539,14.890000343322754,14.989999771118164,14.850000381469727,14.890000343322754,40800
2026-06-30,14.950970649719238,15.039999961853027,15.109999656677246,14.920000076293945,14.970000267028809,29500
2026-07-01,14.871443748474121,14.960000038146973,15.039999961853027,14.890999794006348,15.039999961853027,16100
2026-07-02,14.950970649719238,15.039999961853027,15.069999694824219,15.010000228881836,15.0600004196167,15100
2026-07-06,14.970852851867676,15.0600004196167,15.130000114440918,14.979999542236328,15.130000114440918,12000
2026-07-07,14.851561546325684,14.9399995803833,15.119999885559082,14.918000221252441,15.100000381469727,14900
2026-07-08,14.851561546325684,14.9399995803833,15.045000076293945,14.850000381469727,15.020000457763672,28600
2026-07-09,14.91120719909668,15.0,15.0,14.90999984741211,15.0,5500
2026-07-10,14.871443748474121,14.960000038146973,15.100000381469727,14.899999618530273,15.039999961853027,15600
2026-07-13,14.82174015045166,14.90999984741211,14.960000038146973,14.859999656677246,14.960000038146973,16700
2026-07-14,14.946000099182129,15.03499984741211,15.03499984741211,14.90999984741211,14.90999984741211,24900
2026-07-15,14.9399995803833,14.9399995803833,15.050000190734863,14.829999923706055,15.010000228881836,31000
2026-07-16,14.880000114440918,14.880000114440918,14.989999771118164,14.880000114440918,14.989999771118164,9900
2026-07-17,14.871000289916992,14.871000289916992,14.975000381469727,14.84000015258789,14.949999809265137,12600
2026-07-20,14.890000343322754,14.890000343322754,14.949999809265137,14.84000015258789,14.930000305175781,27000
2026-07-21,14.899999618530273,14.899999618530273,14.9399995803833,14.866999626159668,14.9399995803833,6700
2026-07-22,14.835000038146973,14.835000038146973,14.899999618530273,14.835000038146973,14.899999618530273,4600
2026-07-23,14.744999885559082,14.744999885559082,14.744999885559082,14.67039966583252,14.819999694824219,6074
