Date,Adjusted_Close,Close,High,Low,Open,Volume
2021-10-21,6.756924629211426,12.899999618530273,13.289999961853027,12.40999984741211,12.850000381469727,2638500
2021-10-22,6.563120365142822,12.529999732971191,13.0,12.510000228881836,12.510000228881836,627600
2021-10-25,6.709784030914307,12.8100004196167,13.0,12.029999732971191,12.029999732971191,619900
2021-10-26,6.725497722625732,12.84000015258789,13.0,12.649999618530273,12.770000457763672,415500
2021-10-27,6.646926403045654,12.6899995803833,12.949999809265137,12.600000381469727,12.720000267028809,271600
2021-10-28,6.536930084228516,12.479999542236328,12.989999771118164,12.375,12.649999618530273,626800
2021-10-29,6.783113479614258,12.949999809265137,13.079999923706055,12.75,12.75,529300
2021-11-01,6.746448516845703,12.880000114440918,13.109999656677246,12.720000267028809,12.989999771118164,302200
2021-11-02,6.725497722625732,12.84000015258789,13.039999961853027,12.520000457763672,12.760000228881836,267800
2021-11-03,6.725497722625732,12.84000015258789,13.0,12.770000457763672,12.8149995803833,115500
2021-11-04,6.6364521980285645,12.670000076293945,12.949999809265137,12.550000190734863,12.850000381469727,192900
2021-11-05,6.4654645919799805,12.100000381469727,12.65999984741211,11.84000015258789,12.369999885559082,250000
2021-11-08,6.438747882843018,12.050000190734863,12.449999809265137,11.850000381469727,12.15999984741211,264200
2021-11-09,6.57233190536499,12.300000190734863,12.380000114440918,11.869999885559082,12.149999618530273,120400
2021-11-10,6.545614242553711,12.25,12.600000381469727,12.039999961853027,12.260000228881836,135100
2021-11-11,6.433404445648193,12.039999961853027,12.350000381469727,11.930000305175781,12.319999694824219,244900
2021-11-12,6.508210182189941,12.180000305175781,12.329999923706055,11.9399995803833,12.050000190734863,115700
2021-11-15,6.871560096740723,12.859999656677246,12.859999656677246,12.399999618530273,12.529999732971191,203400
2021-11-16,6.716602802276611,12.569999694824219,12.869999885559082,12.387999534606934,12.819999694824219,99400
2021-11-17,6.871560096740723,12.859999656677246,12.9399995803833,12.630000114440918,12.680000305175781,98400
2021-11-18,6.7646918296813965,12.65999984741211,12.9399995803833,12.65999984741211,12.800000190734863,63900
2021-11-19,6.855529308319092,12.829999923706055,12.930000305175781,12.5600004196167,12.760000228881836,61300
2021-11-22,7.112011909484863,13.3100004196167,13.369999885559082,12.739999771118164,12.739999771118164,361600
2021-11-23,7.192162036895752,13.460000038146973,13.489999771118164,13.151000022888184,13.210000038146973,157800
2021-11-24,7.32574462890625,13.710000038146973,13.850000381469727,13.329999923706055,13.369999885559082,181400
2021-11-26,7.245594024658203,13.5600004196167,14.050000190734863,13.550000190734863,13.710000038146973,155100
2021-11-29,7.3043718338012695,13.670000076293945,13.890000343322754,13.430000305175781,13.75,137200
2021-11-30,7.4379563331604,13.920000076293945,13.989999771118164,13.75,13.75,162800
2021-12-01,6.914306163787842,12.9399995803833,14.0,12.890000343322754,13.989999771118164,84600
2021-12-02,7.3043718338012695,13.670000076293945,13.859999656677246,12.949999809265137,12.949999809265137,38200
2021-12-03,7.117354393005371,13.319999694824219,13.989999771118164,13.0,13.989999771118164,108000
2021-12-06,6.759347438812256,12.649999618530273,13.479999542236328,12.569999694824219,13.199999809265137,224900
2021-12-07,6.957054138183594,13.020000457763672,13.569999694824219,12.8100004196167,12.8100004196167,164600
2021-12-08,7.079949855804443,13.25,13.406000137329102,12.970000267028809,12.970000267028809,117200
2021-12-09,7.192162036895752,13.460000038146973,13.640000343322754,13.135000228881836,13.3100004196167,83000
2021-12-10,7.170787811279297,13.420000076293945,13.869999885559082,13.300000190734863,13.350000381469727,82300
2021-12-13,7.133385181427002,13.350000381469727,13.8100004196167,13.270000457763672,13.420000076293945,117800
2021-12-14,7.106668949127197,13.300000190734863,13.562999725341797,13.25,13.270000457763672,85400
2021-12-15,7.09063720703125,13.270000457763672,13.6899995803833,13.25,13.460000038146973,127200
2021-12-16,6.946367263793945,13.0,13.6899995803833,12.989999771118164,13.59000015258789,122200
2021-12-17,6.967740058898926,13.039999961853027,13.4350004196167,12.9399995803833,12.960000038146973,130700
2021-12-20,6.839498043060303,12.800000190734863,13.489999771118164,12.59000015258789,13.010000228881836,254400
2021-12-21,7.042546272277832,13.180000305175781,13.550000190734863,12.970000267028809,12.970000267028809,203700
2021-12-22,7.037202835083008,13.170000076293945,13.600000381469727,13.09000015258789,13.09000015258789,133700
2021-12-23,7.181474208831787,13.4399995803833,13.550000190734863,12.8100004196167,13.300000190734863,214100
2021-12-27,7.063920497894287,13.220000267028809,13.569999694824219,13.0600004196167,13.380000114440918,203800
2021-12-28,7.106668949127197,13.300000190734863,13.569999694824219,13.079999923706055,13.079999923706055,180500
2021-12-29,6.898277282714844,12.90999984741211,13.5600004196167,12.8100004196167,13.430000305175781,205000
2021-12-30,6.855529308319092,12.829999923706055,13.520000457763672,12.600000381469727,13.010000228881836,254700
2021-12-31,6.850185871124268,12.819999694824219,13.0649995803833,12.65999984741211,12.65999984741211,111700
2022-01-03,6.989113807678223,13.079999923706055,13.270000457763672,13.020000457763672,13.260000228881836,112500
2022-01-04,7.047890663146973,13.1899995803833,13.470000267028809,13.149999618530273,13.149999618530273,151200
2022-01-05,6.882246494293213,12.880000114440918,13.600000381469727,12.880000114440918,13.390000343322754,129000
2022-01-06,6.97308349609375,13.050000190734863,13.475000381469727,12.949999809265137,12.949999809265137,57400
2022-01-07,7.1226959228515625,13.329999923706055,13.4399995803833,13.149999618530273,13.210000038146973,136800
2022-01-10,6.935679912567139,12.979999542236328,13.739999771118164,12.9399995803833,13.399999618530273,380000
2022-01-11,7.037202835083008,13.170000076293945,13.430000305175781,12.930000305175781,13.0,153700
2022-01-12,7.063920497894287,13.220000267028809,13.489999771118164,13.119999885559082,13.289999961853027,46300
2022-01-13,7.053233623504639,13.199999809265137,13.585000038146973,13.170000076293945,13.390000343322754,73000
2022-01-14,7.053233623504639,13.199999809265137,13.3100004196167,13.010000228881836,13.010000228881836,79300
2022-01-18,7.047890663146973,13.1899995803833,13.401000022888184,13.149999618530273,13.199999809265137,103700
2022-01-19,7.026517868041992,13.149999618530273,13.460000038146973,13.010000228881836,13.319999694824219,125500
2022-01-20,6.98376989364624,13.069999694824219,13.239999771118164,12.9399995803833,13.149999618530273,130800
2022-01-21,6.866215229034424,12.850000381469727,13.109999656677246,12.789999961853027,13.100000381469727,111000
2022-01-24,6.839498043060303,12.800000190734863,13.100000381469727,12.329999923706055,12.819999694824219,143700
2022-01-25,6.994455814361572,13.09000015258789,13.289999961853027,12.539999961853027,12.760000228881836,215800
2022-01-26,6.8929338455200195,12.899999618530273,13.368000030517578,12.649999618530273,13.1899995803833,98700
2022-01-27,6.839498043060303,12.800000190734863,12.9399995803833,12.699999809265137,12.789999961853027,89500
2022-01-28,6.818126678466797,12.760000228881836,12.800000190734863,12.350000381469727,12.779999732971191,84600
2022-01-31,6.9410247802734375,12.989999771118164,13.024999618530273,12.630000114440918,12.869999885559082,139500
2022-02-01,7.005144119262695,13.109999656677246,13.229999542236328,12.779999732971191,13.029999732971191,90400
2022-02-02,7.09063720703125,13.270000457763672,13.489999771118164,13.100000381469727,13.210000038146973,140500
2022-02-03,7.029189109802246,13.154999732971191,13.579999923706055,13.140000343322754,13.149999618530273,99600
2022-02-04,6.957054138183594,13.020000457763672,13.319999694824219,12.989999771118164,13.319999694824219,88100
2022-02-07,6.924992561340332,12.960000038146973,13.236000061035156,12.84000015258789,13.100000381469727,96700
2022-02-08,6.967740058898926,13.039999961853027,13.199999809265137,12.979999542236328,12.989999771118164,49600
2022-02-09,6.989113807678223,13.079999923706055,13.420000076293945,13.050000190734863,13.050000190734863,59600
2022-02-10,7.2402520179748535,13.550000190734863,13.720000267028809,13.3100004196167,13.319999694824219,162100
2022-02-11,7.1520867347717285,13.385000228881836,13.899999618530273,13.279999732971191,13.640000343322754,134600
2022-02-14,7.09063720703125,13.270000457763672,13.609999656677246,13.25,13.5,67500
2022-02-15,7.181474208831787,13.4399995803833,13.779999732971191,13.4399995803833,13.5600004196167,87800
2022-02-16,7.256283283233643,13.579999923706055,13.744999885559082,13.40999984741211,13.40999984741211,36000
2022-02-17,7.09063720703125,13.270000457763672,13.729999542236328,13.229999542236328,13.449999809265137,72600
2022-02-18,6.994455814361572,13.09000015258789,13.449999809265137,13.0600004196167,13.420000076293945,82700
2022-02-22,6.924992561340332,12.960000038146973,13.079999923706055,12.899999618530273,13.079999923706055,91300
2022-02-23,6.860873699188232,12.84000015258789,13.100000381469727,12.84000015258789,12.979999542236328,87800
2022-02-24,6.967740058898926,13.039999961853027,13.069999694824219,12.520000457763672,12.520000457763672,65400
2022-02-25,7.10132360458374,13.289999961853027,13.489999771118164,13.119999885559082,13.170000076293945,125500
2022-02-28,7.336431503295898,13.729999542236328,13.819999694824219,13.300000190734863,13.300000190734863,85300
2022-03-01,7.112011909484863,13.3100004196167,13.890000343322754,13.3100004196167,13.770000457763672,67800
2022-03-02,7.1280412673950195,13.34000015258789,13.6899995803833,13.199999809265137,13.6899995803833,88200
2022-03-03,7.1226959228515625,13.329999923706055,13.4399995803833,13.15999984741211,13.350000381469727,68900
2022-03-04,7.053233623504639,13.199999809265137,13.819999694824219,13.140000343322754,13.8100004196167,87100
2022-03-07,6.791395664215088,12.449999809265137,12.90999984741211,12.4399995803833,12.90999984741211,169600
2022-03-08,6.660478115081787,12.210000038146973,12.449999809265137,12.0649995803833,12.449999809265137,82900
2022-03-09,6.796851634979248,12.460000038146973,12.5,12.239999771118164,12.3100004196167,90100
2022-03-10,6.715028762817383,12.3100004196167,12.425000190734863,12.130000114440918,12.350000381469727,78400
2022-03-11,6.998684883117676,12.829999923706055,12.989999771118164,12.1850004196167,12.430000305175781,175200
2022-03-14,6.7641215324401855,12.399999618530273,12.859999656677246,12.350000381469727,12.859999656677246,87000
2022-03-15,6.955044746398926,12.75,12.75,12.40999984741211,12.59000015258789,64800
2022-03-16,6.998684883117676,12.829999923706055,12.880000114440918,12.670000076293945,12.800000190734863,45300
2022-03-17,7.1186933517456055,13.050000190734863,13.050000190734863,12.75,12.75,50500
2022-03-18,7.342346668243408,13.460000038146973,13.460000038146973,12.9399995803833,12.9399995803833,94500
2022-03-21,7.271429538726807,13.329999923706055,13.779999732971191,13.09000015258789,13.779999732971191,114300
2022-03-22,7.707825183868408,14.130000114440918,14.1899995803833,13.319999694824219,13.609999656677246,195400
2022-03-23,7.767829418182373,14.239999771118164,14.350000381469727,13.869999885559082,14.130000114440918,212800
2022-03-24,7.91511344909668,14.510000228881836,14.600000381469727,14.053000450134277,14.239999771118164,255800
2022-03-25,7.986026763916016,14.640000343322754,14.666999816894531,14.425000190734863,14.5,109900
2022-03-28,7.991481781005859,14.649999618530273,14.6850004196167,14.5,14.649999618530273,165500
2022-03-29,8.056941032409668,14.770000457763672,14.789999961853027,14.572999954223633,14.75,159300
2022-03-30,7.9805707931518555,14.630000114440918,14.920000076293945,14.609999656677246,14.75,284900
2022-03-31,7.407805442810059,13.579999923706055,14.579999923706055,13.5600004196167,14.520000457763672,103600
2022-04-01,7.495084762573242,13.739999771118164,14.789999961853027,13.479999542236328,13.479999542236328,66600
2022-04-04,7.735100269317627,14.180000305175781,14.260000228881836,13.75,13.869999885559082,49200
2022-04-05,7.5932722091674805,13.920000076293945,14.3100004196167,13.789999961853027,14.109999656677246,40900
2022-04-06,7.533268928527832,13.8100004196167,14.04800033569336,13.720000267028809,13.899999618530273,42000
2022-04-07,7.626002311706543,13.979999542236328,14.069999694824219,13.539999961853027,13.760000228881836,61100
2022-04-08,7.598726749420166,13.930000305175781,14.100000381469727,13.90999984741211,13.90999984741211,23400
2022-04-11,7.598726749420166,13.930000305175781,14.175000190734863,13.800000190734863,13.800000190734863,22200
2022-04-12,7.68600606918335,14.09000015258789,14.206999778747559,13.99899959564209,14.020000457763672,31400
2022-04-13,7.822378635406494,14.34000015258789,14.390000343322754,14.079999923706055,14.079999923706055,26700
2022-04-14,7.866019248962402,14.420000076293945,14.484999656677246,14.324999809265137,14.460000038146973,23400
2022-04-18,7.882383823394775,14.449999809265137,14.550000190734863,14.289999961853027,14.420000076293945,40700
2022-04-19,7.855107307434082,14.399999618530273,14.5600004196167,14.369999885559082,14.449999809265137,57600
2022-04-20,7.91511344909668,14.510000228881836,14.722999572753906,14.449999809265137,14.640000343322754,39400
2022-04-21,7.866019248962402,14.420000076293945,14.75,14.274999618530273,14.6899995803833,60500
2022-04-22,7.833288669586182,14.359999656677246,14.4350004196167,14.204999923706055,14.3100004196167,44800
2022-04-25,7.866019248962402,14.420000076293945,14.5,13.970000267028809,14.5,67400
2022-04-26,7.604181289672852,13.9399995803833,14.579999923706055,13.699999809265137,14.579999923706055,102000
2022-04-27,7.838744640350342,14.369999885559082,14.430000305175781,13.885000228881836,14.0600004196167,74600
2022-04-28,7.838744640350342,14.369999885559082,14.494999885559082,14.069999694824219,14.359999656677246,76400
2022-04-29,7.838744640350342,14.369999885559082,14.579999923706055,14.359999656677246,14.579999923706055,101800
2022-05-02,7.789649963378906,14.279999732971191,14.449999809265137,14.069999694824219,14.4399995803833,106500
2022-05-03,7.838744640350342,14.369999885559082,14.4399995803833,14.239999771118164,14.34000015258789,81200
2022-05-04,7.838744640350342,14.369999885559082,14.539999961853027,14.25,14.520000457763672,54100
2022-05-05,7.838744640350342,14.369999885559082,14.510000228881836,14.149999618530273,14.4399995803833,72100
2022-05-06,7.740556716918945,14.1899995803833,14.59000015258789,14.0,14.59000015258789,93600
2022-05-09,7.188852310180664,12.899999618530273,14.055000305175781,12.789999961853027,13.699999809265137,70100
2022-05-10,7.22786283493042,12.970000267028809,13.130000114440918,12.619999885559082,12.9399995803833,81900
2022-05-11,7.344891548156738,13.180000305175781,13.348999977111816,12.880000114440918,12.880000114440918,38600
2022-05-12,7.3894734382629395,13.260000228881836,13.300000190734863,12.84000015258789,13.180000305175781,64500
2022-05-13,7.188852310180664,12.899999618530273,13.654999732971191,12.899999618530273,13.300000190734863,94900
2022-05-16,7.489780426025391,13.4399995803833,13.539999961853027,12.859999656677246,12.90999984741211,47900
2022-05-17,7.573372840881348,13.59000015258789,13.8100004196167,13.550000190734863,13.619999885559082,61900
2022-05-18,7.250153541564941,13.010000228881836,13.640000343322754,12.930000305175781,13.449999809265137,95200
2022-05-19,7.166562557220459,12.859999656677246,13.234999656677246,12.829999923706055,12.9399995803833,45000
2022-05-20,6.965941905975342,12.5,13.0,12.359999656677246,12.90999984741211,47400
2022-05-23,7.133124828338623,12.800000190734863,12.989999771118164,12.489999771118164,12.539999961853027,44500
2022-05-24,7.211142539978027,12.9399995803833,13.015000343322754,12.40999984741211,12.779999732971191,148400
2022-05-25,7.322598457336426,13.140000343322754,13.395000457763672,12.829999923706055,13.069999694824219,130500
2022-05-26,7.434054851531982,13.34000015258789,13.479999542236328,13.220000267028809,13.220000267028809,82600
2022-05-27,7.76841926574707,13.9399995803833,13.954999923706055,13.34000015258789,13.34000015258789,73100
2022-05-31,7.51207160949707,13.479999542236328,14.0,13.470000267028809,14.0,43300
2022-06-01,7.461917877197266,13.390000343322754,13.59000015258789,13.199999809265137,13.520000457763672,42800
2022-06-02,7.417337417602539,13.3100004196167,13.619999885559082,13.229999542236328,13.399999618530273,44200
2022-06-03,7.378327369689941,13.239999771118164,13.364999771118164,13.180000305175781,13.350000381469727,27100
2022-06-06,7.790708541870117,13.979999542236328,14.779999732971191,13.470000267028809,13.470000267028809,297200
2022-06-07,7.595663547515869,13.630000114440918,14.069999694824219,13.579999923706055,13.770000457763672,167100
2022-06-08,7.489780426025391,13.4399995803833,13.619999885559082,13.079999923706055,13.130000114440918,143000
2022-06-09,7.484210014343262,13.430000305175781,13.555000305175781,13.244999885559082,13.449999809265137,99200
2022-06-10,7.434054851531982,13.34000015258789,13.460000038146973,12.960000038146973,13.239999771118164,119700
2022-06-13,6.7040228843688965,12.029999732971191,13.109999656677246,11.984999656677246,13.109999656677246,263300
2022-06-14,6.776468276977539,12.15999984741211,12.210000038146973,11.949999809265137,12.029999732971191,83200
2022-06-15,6.793186664581299,12.1899995803833,13.180000305175781,11.869999885559082,12.319999694824219,83700
2022-06-16,6.419813632965088,11.520000457763672,12.079999923706055,11.460000038146973,12.079999923706055,111100
2022-06-17,6.430958271026611,11.539999961853027,12.324999809265137,11.399999618530273,11.609999656677246,119700
2022-06-21,6.325076103210449,11.350000381469727,12.869999885559082,11.350000381469727,11.800000190734863,101100
2022-06-22,6.341793060302734,11.380000114440918,11.505000114440918,11.0,11.180000305175781,148000
2022-06-23,6.2470574378967285,11.210000038146973,11.869999885559082,11.109999656677246,11.470000267028809,152200
2022-06-24,6.325076103210449,11.350000381469727,11.800000190734863,11.180000305175781,11.220000267028809,135100
2022-06-27,6.352938175201416,11.399999618530273,11.619999885559082,11.109999656677246,11.350000381469727,89500
2022-06-28,6.252631664276123,11.220000267028809,11.75,11.220000267028809,11.399999618530273,82000
2022-06-29,6.1188836097717285,10.979999542236328,11.260000228881836,10.920000076293945,11.220000267028809,85800
2022-06-30,6.302786350250244,11.3100004196167,11.369999885559082,10.760000228881836,10.800000190734863,87300
2022-07-01,6.520121097564697,11.699999809265137,11.75,11.1899995803833,11.279999732971191,48700
2022-07-05,6.570277214050293,11.789999961853027,11.829999923706055,11.449999809265137,11.449999809265137,64300
2022-07-06,6.559132099151611,11.770000457763672,11.899999618530273,11.699999809265137,11.84000015258789,54000
2022-07-07,6.670587539672852,11.970000267028809,12.260000228881836,11.901000022888184,11.920000076293945,53500
2022-07-08,6.670587539672852,11.970000267028809,12.170000076293945,11.800000190734863,11.9399995803833,28200
2022-07-11,6.653867721557617,11.9399995803833,12.10200023651123,11.869999885559082,11.970000267028809,35900
2022-07-12,6.815479278564453,12.229999542236328,12.350000381469727,11.869999885559082,11.9399995803833,56600
2022-07-13,6.787614345550537,12.180000305175781,12.319999694824219,12.079999923706055,12.140000343322754,56400
2022-07-14,6.681732177734375,11.989999771118164,12.079999923706055,11.800000190734863,12.050000190734863,41100
2022-07-15,6.837770938873291,12.270000457763672,12.380000114440918,11.831999778747559,12.09000015258789,38800
2022-07-18,6.887923717498779,12.359999656677246,12.520000457763672,12.300000190734863,12.5,41900
2022-07-19,7.077399730682373,12.699999809265137,12.880000114440918,12.5,12.569999694824219,54700
2022-07-20,7.177707672119141,12.880000114440918,12.899999618530273,12.600000381469727,12.720000267028809,39800
2022-07-21,7.183279991149902,12.890000343322754,12.9399995803833,12.739999771118164,12.9399995803833,47700
2022-07-22,7.094116687774658,12.729999542236328,12.996000289916992,12.510000228881836,12.9399995803833,53500
2022-07-25,7.116406440734863,12.770000457763672,12.859999656677246,12.510000228881836,12.699999809265137,43100
2022-07-26,7.222289085388184,12.960000038146973,13.140000343322754,12.699999809265137,12.829999923706055,36100
2022-07-27,7.300309181213379,13.100000381469727,13.119999885559082,12.989999771118164,13.029999732971191,28300
2022-07-28,7.255726337432861,13.020000457763672,13.100000381469727,12.880000114440918,13.020000457763672,25000
2022-07-29,7.233434677124023,12.979999542236328,13.350000381469727,12.979999542236328,13.09000015258789,85100
2022-08-01,7.339316368103027,13.170000076293945,13.239999771118164,12.979999542236328,13.0,48600
2022-08-02,7.138699054718018,12.8100004196167,13.199999809265137,12.8100004196167,13.199999809265137,52300
2022-08-03,7.3894734382629395,13.260000228881836,13.279999732971191,12.90999984741211,12.989999771118164,64200
2022-08-04,7.473062515258789,13.40999984741211,13.640000343322754,13.229999542236328,13.279999732971191,30300
2022-08-05,7.6959733963012695,13.8100004196167,13.89799976348877,13.399999618530273,13.40999984741211,77500
2022-08-08,7.872958660125732,13.789999961853027,14.0,13.446999549865723,13.520000457763672,82500
2022-08-09,7.747355937957764,13.569999694824219,13.819999694824219,13.520000457763672,13.6899995803833,30200
2022-08-10,7.730227470397949,13.539999961853027,13.71500015258789,13.510000228881836,13.640000343322754,24500
2022-08-11,7.753063678741455,13.579999923706055,13.6899995803833,13.449999809265137,13.59000015258789,20600
2022-08-12,7.844411849975586,13.739999771118164,13.789999961853027,13.479999542236328,13.710000038146973,40600
2022-08-15,7.701681613922119,13.489999771118164,13.619999885559082,13.479999542236328,13.579999923706055,21400
2022-08-16,7.690264701843262,13.470000267028809,13.59000015258789,13.399999618530273,13.59000015258789,39700
2022-08-17,7.421933174133301,13.0,13.3100004196167,12.920000076293945,13.3100004196167,24000
2022-08-18,7.4504804611206055,13.050000190734863,13.119999885559082,12.899999618530273,13.039999961853027,43500
2022-08-19,7.439062118530273,13.029999732971191,13.050000190734863,12.899999618530273,13.050000190734863,46100
2022-08-22,7.32487678527832,12.829999923706055,12.960000038146973,12.640000343322754,12.890000343322754,43200
2022-08-23,7.342004776000977,12.859999656677246,12.989999771118164,12.772000312805176,12.970000267028809,127400
2022-08-24,7.25065803527832,12.699999809265137,12.989999771118164,12.59000015258789,12.989999771118164,51500
2022-08-25,7.22211217880249,12.649999618530273,12.795000076293945,12.59000015258789,12.680000305175781,24700
2022-08-26,7.130764961242676,12.489999771118164,12.65999984741211,12.324999809265137,12.630000114440918,56000
2022-08-29,7.079380989074707,12.399999618530273,12.479999542236328,12.359999656677246,12.40999984741211,24400
2022-08-30,7.039416790008545,12.329999923706055,12.795000076293945,12.25,12.729999542236328,65600
2022-08-31,7.062253952026367,12.369999885559082,12.5,12.270000457763672,12.350000381469727,80900
2022-09-01,6.965198993682861,12.199999809265137,12.300000190734863,12.020000457763672,12.300000190734863,48100
2022-09-02,6.936652660369873,12.149999618530273,12.354999542236328,12.069999694824219,12.229999542236328,50800
2022-09-06,6.896688461303711,12.079999923706055,12.149999618530273,12.010000228881836,12.149999618530273,37400
2022-09-07,6.839596271514893,11.979999542236328,12.100000381469727,11.899999618530273,12.0,34300
2022-09-08,6.851014137268066,12.0,12.420000076293945,11.899999618530273,11.979999542236328,49600
2022-09-09,6.851014137268066,12.0,12.170000076293945,11.949999809265137,12.0,149400
2022-09-12,6.936652660369873,12.149999618530273,12.449999809265137,11.949999809265137,12.050000190734863,112200
2022-09-13,6.9537811279296875,12.180000305175781,12.420000076293945,12.0,12.0,83500
2022-09-14,6.879561424255371,12.050000190734863,12.34000015258789,12.0,12.149999618530273,90000
2022-09-15,6.851014137268066,12.0,12.170000076293945,11.970000267028809,12.010000228881836,69400
2022-09-16,6.851014137268066,12.0,12.180000305175781,11.920000076293945,12.0,117800
2022-09-19,6.851014137268066,12.0,12.350000381469727,11.949999809265137,11.979999542236328,87100
2022-09-20,6.822469234466553,11.949999809265137,12.0600004196167,11.899999618530273,12.0,35000
2022-09-21,6.7996320724487305,11.90999984741211,12.180000305175781,11.869999885559082,12.0,73600
2022-09-22,6.6626129150390625,11.670000076293945,12.010000228881836,11.630000114440918,11.920000076293945,75000
2022-09-23,6.57126522064209,11.510000228881836,11.680000305175781,11.300000190734863,11.680000305175781,53000
2022-09-26,6.451371192932129,11.300000190734863,11.770000457763672,11.260000228881836,11.770000457763672,32100
2022-09-27,6.417116641998291,11.239999771118164,11.899999618530273,11.1899995803833,11.899999618530273,36600
2022-09-28,6.542718410491943,11.460000038146973,11.579999923706055,11.210000038146973,11.350000381469727,35200
2022-09-29,6.445663928985596,11.289999961853027,11.460000038146973,11.069999694824219,11.460000038146973,64100
2022-09-30,6.491335868835449,11.369999885559082,11.920000076293945,11.180000305175781,11.229999542236328,48800
2022-10-03,6.479918479919434,11.350000381469727,12.0,11.279999732971191,11.520000457763672,38100
2022-10-04,6.8167595863342285,11.9399995803833,11.949999809265137,11.5,11.5,50600
2022-10-05,6.713993072509766,11.760000228881836,11.949999809265137,11.630000114440918,11.789999961853027,19700
2022-10-06,6.691158771514893,11.720000267028809,11.899999618530273,11.59000015258789,11.649999618530273,25300
2022-10-07,6.576973915100098,11.520000457763672,11.986000061035156,11.5,11.770000457763672,40400
2022-10-10,6.708286285400391,11.75,11.779999732971191,11.3100004196167,11.5600004196167,16000
2022-10-11,6.634066104888916,11.619999885559082,11.720000267028809,11.3100004196167,11.720000267028809,30100
2022-10-12,6.4570817947387695,11.3100004196167,11.710000038146973,11.3100004196167,11.710000038146973,16300
2022-10-13,6.851014137268066,12.0,12.220000267028809,11.109999656677246,11.220000267028809,89700
2022-10-14,6.811050891876221,11.930000305175781,12.380000114440918,11.755999565124512,12.0,29000
2022-10-17,6.57126522064209,11.510000228881836,12.350000381469727,11.140000343322754,12.0,161400
2022-10-18,6.753958702087402,11.829999923706055,12.079999923706055,11.25,11.25,80800
2022-10-19,6.851014137268066,12.0,12.085000038146973,11.770000457763672,11.890000343322754,75100
2022-10-20,6.731123924255371,11.789999961853027,12.152999877929688,11.550000190734863,11.960000038146973,45300
2022-10-21,6.822469234466553,11.949999809265137,12.029999732971191,11.779999732971191,11.779999732971191,10800
2022-10-24,6.851014137268066,12.0,12.140000343322754,11.970000267028809,12.0,37200
2022-10-25,6.851014137268066,12.0,12.119999885559082,11.90999984741211,11.970000267028809,88100
2022-10-26,6.9537811279296875,12.180000305175781,12.279999732971191,11.960000038146973,12.0,84800
2022-10-27,6.851014137268066,12.0,12.38599967956543,11.960000038146973,12.260000228881836,57600
2022-10-28,7.421933174133301,13.0,13.0,11.930000305175781,12.0,91800
2022-10-31,7.718809604644775,13.520000457763672,13.970000267028809,13.199999809265137,13.289999961853027,161000
2022-11-01,7.507570266723633,13.149999618530273,13.805000305175781,13.079999923706055,13.40999984741211,65100
2022-11-02,7.410513401031494,12.979999542236328,13.380000114440918,12.90999984741211,13.149999618530273,68000
2022-11-03,7.421933174133301,13.0,13.194999694824219,12.720000267028809,12.930000305175781,77200
2022-11-04,7.302041053771973,12.789999961853027,13.1899995803833,12.649999618530273,13.0,95900
2022-11-07,7.466526508331299,12.710000038146973,12.850000381469727,12.4399995803833,12.4399995803833,89500
2022-11-08,7.437155246734619,12.65999984741211,13.0,12.600000381469727,12.800000190734863,37300
2022-11-09,7.319662570953369,12.460000038146973,12.800000190734863,12.359999656677246,12.5600004196167,42500
2022-11-10,7.19042444229126,12.239999771118164,12.739999771118164,12.079999923706055,12.529999732971191,77400
2022-11-11,7.049434661865234,12.0,12.420000076293945,11.920000076293945,12.199999809265137,84400
2022-11-14,7.043560981750488,11.989999771118164,12.079999923706055,11.899999618530273,11.979999542236328,42000
2022-11-15,7.049434661865234,12.0,12.220000267028809,11.899999618530273,12.0,114300
2022-11-16,7.0200629234313965,11.949999809265137,12.055000305175781,11.90999984741211,12.0,16200
2022-11-17,7.049434661865234,12.0,12.13700008392334,11.890000343322754,11.979999542236328,37100
2022-11-18,7.049434661865234,12.0,12.180000305175781,11.899999618530273,12.0,81800
2022-11-21,6.967191219329834,11.859999656677246,12.149999618530273,11.770000457763672,11.920000076293945,64900
2022-11-22,6.9965643882751465,11.90999984741211,12.138999938964844,11.8100004196167,11.930000305175781,147600
2022-11-23,6.920194149017334,11.779999732971191,12.114999771118164,11.760000228881836,11.84000015258789,46800
2022-11-25,6.826203346252441,11.619999885559082,11.994999885559082,11.550000190734863,11.550000190734863,56100
2022-11-28,6.820327281951904,11.609999656677246,11.930000305175781,11.510000228881836,11.520000457763672,73100
2022-11-29,6.9436936378479,11.819999694824219,11.890000343322754,11.649999618530273,11.649999618530273,54000
2022-11-30,7.061184883117676,12.020000457763672,12.020000457763672,11.65999984741211,11.859999656677246,65600
2022-12-01,7.114054203033447,12.109999656677246,12.180000305175781,11.979999542236328,12.079999923706055,34400
2022-12-02,7.172800540924072,12.210000038146973,12.329999923706055,12.010000228881836,12.0600004196167,36700
2022-12-05,7.196298122406006,12.25,12.40999984741211,12.109999656677246,12.40999984741211,64800
2022-12-06,7.21392297744751,12.279999732971191,12.399999618530273,12.149999618530273,12.25,37600
2022-12-07,7.202174186706543,12.260000228881836,12.430000305175781,12.180000305175781,12.229999542236328,792800
2022-12-08,7.049434661865234,12.0,12.395000457763672,11.850000381469727,12.369999885559082,148200
2022-12-09,6.8966965675354,11.739999771118164,12.3100004196167,11.65999984741211,12.020000457763672,46500
2022-12-12,6.920194149017334,11.779999732971191,11.890000343322754,11.399999618530273,11.630000114440918,102200
2022-12-13,6.832077980041504,11.630000114440918,12.039999961853027,11.550000190734863,11.84000015258789,975800
2022-12-14,6.8438262939453125,11.649999618530273,12.09000015258789,11.4399995803833,11.630000114440918,134800
2022-12-15,7.002439498901367,11.920000076293945,12.08899974822998,11.5600004196167,11.720000267028809,153500
2022-12-16,7.114054203033447,12.109999656677246,12.989999771118164,11.890000343322754,12.180000305175781,392700
2022-12-19,7.149301528930664,12.170000076293945,12.579999923706055,12.0600004196167,12.220000267028809,193000
2022-12-20,7.014187812805176,11.9399995803833,12.319999694824219,11.850000381469727,12.1899995803833,111300
2022-12-21,7.0905561447143555,12.069999694824219,12.317999839782715,11.930000305175781,11.960000038146973,144200
2022-12-22,7.002439498901367,11.920000076293945,12.093000411987305,11.859999656677246,12.050000190734863,80000
2022-12-23,7.155177593231201,12.180000305175781,12.289999961853027,11.869999885559082,11.869999885559082,57000
2022-12-27,7.078808784484863,12.050000190734863,12.300000190734863,11.989999771118164,12.220000267028809,105100
2022-12-28,6.990690231323242,11.899999618530273,12.300000190734863,11.869999885559082,12.170000076293945,79200
2022-12-29,6.7322096824646,11.460000038146973,12.079999923706055,11.354999542236328,11.930000305175781,271200
2022-12-30,6.808579921722412,11.59000015258789,11.869999885559082,11.4399995803833,11.5,243000
2023-01-03,7.043560981750488,11.989999771118164,12.010000228881836,11.71500015258789,11.720000267028809,87300
2023-01-04,6.9436936378479,11.819999694824219,12.180000305175781,11.800000190734863,12.180000305175781,51100
2023-01-05,6.978941440582275,11.880000114440918,12.15999984741211,11.755000114440918,11.8100004196167,69000
2023-01-06,7.043560981750488,11.989999771118164,12.050000190734863,11.91100025177002,11.970000267028809,31400
2023-01-09,7.131680011749268,12.140000343322754,12.248000144958496,12.050000190734863,12.050000190734863,52600
2023-01-10,7.407782077789307,12.609999656677246,12.65999984741211,12.09000015258789,12.09000015258789,86400
2023-01-11,7.4841508865356445,12.739999771118164,12.960000038146973,12.65999984741211,12.680000305175781,150600
2023-01-12,7.595767498016357,12.930000305175781,13.149999618530273,12.699999809265137,12.75,106600
2023-01-13,7.425405979156494,12.640000343322754,12.979999542236328,12.609999656677246,12.970000267028809,42900
2023-01-17,7.572268962860107,12.890000343322754,12.975000381469727,12.770000457763672,12.90999984741211,34200
2023-01-18,7.466526508331299,12.710000038146973,13.154999732971191,12.579999923706055,12.890000343322754,34900
2023-01-19,7.343161582946777,12.5,12.720000267028809,12.40999984741211,12.720000267028809,58500
2023-01-20,7.337287425994873,12.489999771118164,12.600000381469727,12.399999618530273,12.489999771118164,38700
2023-01-23,7.37253475189209,12.550000190734863,12.59000015258789,12.359999656677246,12.59000015258789,73700
2023-01-24,7.507648468017578,12.779999732971191,12.84000015258789,12.529999732971191,12.529999732971191,104400
2023-01-25,7.507648468017578,12.779999732971191,12.960000038146973,12.619999885559082,12.760000228881836,75900
2023-01-26,7.519398212432861,12.800000190734863,13.059000015258789,12.449999809265137,12.800000190734863,70500
2023-01-27,7.7191314697265625,13.140000343322754,13.359999656677246,12.779999732971191,12.779999732971191,84600
2023-01-30,7.6133904457092285,12.960000038146973,13.199999809265137,12.850000381469727,13.149999618530273,87900
2023-01-31,7.631014347076416,12.989999771118164,13.210000038146973,12.930000305175781,12.989999771118164,53900
2023-02-01,7.6133904457092285,12.960000038146973,13.104999542236328,12.84000015258789,12.90999984741211,82000
2023-02-02,7.537021160125732,12.829999923706055,13.069999694824219,12.819999694824219,13.069999694824219,32900
2023-02-03,7.607515811920166,12.949999809265137,13.25,12.789999961853027,12.829999923706055,107700
2023-02-06,7.6838836669921875,13.079999923706055,13.100000381469727,12.869999885559082,12.989999771118164,66000
2023-02-07,7.6368889808654785,13.0,13.100000381469727,12.9399995803833,13.050000190734863,58800
2023-02-08,7.595767498016357,12.930000305175781,13.050000190734863,12.819999694824219,13.0,58600
2023-02-09,7.519398212432861,12.800000190734863,13.029999732971191,12.800000190734863,12.930000305175781,55100
2023-02-10,7.595767498016357,12.930000305175781,12.979999542236328,12.819999694824219,12.829999923706055,46200
2023-02-13,7.6133904457092285,12.960000038146973,13.050000190734863,12.859999656677246,12.859999656677246,75900
2023-02-14,7.631014347076416,12.989999771118164,13.119999885559082,12.947999954223633,13.039999961853027,51800
2023-02-15,7.601640224456787,12.9399995803833,13.180000305175781,12.899999618530273,13.0,64900
2023-02-16,7.7073822021484375,13.119999885559082,13.199999809265137,12.920000076293945,12.920000076293945,98600
2023-02-17,7.548768997192383,12.850000381469727,13.069999694824219,12.819999694824219,13.010000228881836,66900
2023-02-21,7.490024566650391,12.75,13.289999961853027,12.729999542236328,12.84000015258789,164000
2023-02-22,7.572268962860107,12.890000343322754,13.100000381469727,12.670000076293945,12.670000076293945,55500
2023-02-23,7.566393852233887,12.880000114440918,13.039999961853027,12.510000228881836,12.829999923706055,42700
2023-02-24,7.760254383087158,13.210000038146973,13.289999961853027,12.949999809265137,13.050000190734863,200100
2023-02-27,7.7543792724609375,13.199999809265137,13.489999771118164,13.050000190734863,13.34000015258789,203000
2023-02-28,7.542895793914795,12.84000015258789,13.395000457763672,12.829999923706055,13.100000381469727,156700
2023-03-01,7.572268962860107,12.890000343322754,13.052000045776367,12.850000381469727,12.979999542236328,154900
2023-03-02,7.6368889808654785,13.0,13.180000305175781,12.880000114440918,12.890000343322754,248100
2023-03-03,8.136223793029785,13.850000381469727,13.90999984741211,13.40999984741211,13.489999771118164,410000
2023-03-06,8.075505256652832,13.300000190734863,13.579999923706055,13.25,13.270000457763672,181400
2023-03-07,7.990499973297119,13.15999984741211,13.430000305175781,13.038000106811523,13.260000228881836,145400
2023-03-08,8.057290077209473,13.270000457763672,13.359999656677246,13.0600004196167,13.15999984741211,119700
2023-03-09,7.820488929748535,12.880000114440918,13.430000305175781,12.819999694824219,13.3100004196167,157100
2023-03-10,7.201164245605469,11.859999656677246,13.0600004196167,11.449999809265137,12.779999732971191,657900
2023-03-13,6.79435396194458,11.1899995803833,11.760000228881836,11.010000228881836,11.5,413700
2023-03-14,6.830784797668457,11.25,11.569999694824219,11.180000305175781,11.380000114440918,220100
2023-03-15,6.612199783325195,10.890000343322754,11.220000267028809,10.53499984741211,11.130000114440918,202000
2023-03-16,6.9097185134887695,11.380000114440918,11.460000038146973,10.720000267028809,10.8100004196167,254900
2023-03-17,6.770065784454346,11.149999618530273,11.65999984741211,10.989999771118164,11.430000305175781,323200
2023-03-20,7.049367904663086,11.609999656677246,11.6899995803833,11.229999542236328,11.260000228881836,206100
2023-03-21,7.225451946258545,11.899999618530273,12.020000457763672,11.720000267028809,11.800000190734863,225700
2023-03-22,7.146518707275391,11.770000457763672,12.140000343322754,11.770000457763672,11.960000038146973,186200
2023-03-23,7.116159915924072,11.720000267028809,12.100000381469727,11.720000267028809,11.779999732971191,216000
2023-03-24,7.377247333526611,12.149999618530273,12.180000305175781,11.609999656677246,11.670000076293945,212500
2023-03-27,7.377247333526611,12.149999618530273,12.300000190734863,11.982999801635742,12.1899995803833,165400
2023-03-28,7.225451946258545,11.899999618530273,12.149999618530273,11.84000015258789,12.149999618530273,81200
2023-03-29,7.237596035003662,11.920000076293945,12.079999923706055,11.850000381469727,12.0,81700
2023-03-30,7.292242527008057,12.010000228881836,12.479999542236328,11.949999809265137,12.029999732971191,59300
2023-03-31,7.365104675292969,12.130000114440918,12.180000305175781,11.9399995803833,12.149999618530273,99400
2023-04-03,7.407606601715088,12.199999809265137,12.319999694824219,12.069999694824219,12.170000076293945,134000
2023-04-04,7.334744453430176,12.079999923706055,12.390000343322754,12.010000228881836,12.300000190734863,131100
2023-04-05,7.158663749694824,11.789999961853027,12.210000038146973,11.600000381469727,12.0,81800
2023-04-06,7.116159915924072,11.720000267028809,11.869999885559082,11.65999984741211,11.720000267028809,85200
2023-04-10,7.085801124572754,11.670000076293945,12.0,11.600000381469727,11.84000015258789,147400
2023-04-11,7.164734363555908,11.800000190734863,12.020000457763672,11.729999542236328,11.729999542236328,116400
2023-04-12,7.292242527008057,12.010000228881836,12.380000114440918,11.930000305175781,11.930000305175781,104600
2023-04-13,7.346889495849609,12.100000381469727,12.270000457763672,12.050000190734863,12.119999885559082,210100
2023-04-14,7.377247333526611,12.149999618530273,12.369999885559082,12.100000381469727,12.199999809265137,136700
2023-04-17,7.310457706451416,12.039999961853027,12.329999923706055,12.0,12.109999656677246,71200
2023-04-18,7.000794410705566,11.529999732971191,11.850000381469727,11.199999809265137,11.829999923706055,316200
2023-04-19,7.104014873504639,11.699999809265137,11.729999542236328,11.270000457763672,11.270000457763672,141800
2023-04-20,7.049367904663086,11.609999656677246,12.020000457763672,11.529999732971191,11.649999618530273,92700
2023-04-21,6.982580184936523,11.5,11.949999809265137,11.430000305175781,11.649999618530273,118700
2023-04-24,6.879358291625977,11.329999923706055,11.569999694824219,11.180000305175781,11.470000267028809,74400
2023-04-25,6.7639946937561035,11.140000343322754,11.329999923706055,11.050000190734863,11.210000038146973,102800
2023-04-26,6.873287677764893,11.319999694824219,11.399999618530273,11.130000114440918,11.130000114440918,89900
2023-04-27,7.055441379547119,11.619999885559082,11.640000343322754,11.350000381469727,11.359999656677246,75400
2023-04-28,7.128302097320557,11.739999771118164,11.8100004196167,11.5,11.5600004196167,38500
2023-05-01,7.031155109405518,11.579999923706055,11.869999885559082,11.550000190734863,11.729999542236328,41400
2023-05-02,6.855072498321533,11.289999961853027,11.654999732971191,11.140000343322754,11.609999656677246,75200
2023-05-03,6.7882819175720215,11.180000305175781,11.425000190734863,11.119999885559082,11.279999732971191,62100
2023-05-04,6.47254753112793,10.65999984741211,11.170000076293945,10.539999961853027,11.170000076293945,208900
2023-05-05,6.7882819175720215,11.180000305175781,11.319999694824219,10.800000190734863,10.800000190734863,181400
2023-05-08,6.867215156555176,11.3100004196167,11.460000038146973,11.25,11.3100004196167,51700
2023-05-09,6.976508617401123,11.489999771118164,11.57800006866455,11.25,11.399999618530273,83300
2023-05-10,6.770065784454346,11.149999618530273,11.550000190734863,11.079999923706055,11.289999961853027,241800
2023-05-11,6.691133975982666,11.020000457763672,11.109999656677246,10.649999618530273,11.0,242800
2023-05-12,6.773426055908203,10.699999809265137,10.819999694824219,10.470000267028809,10.539999961853027,140300
2023-05-15,6.710123538970947,10.600000381469727,10.845000267028809,10.510000228881836,10.699999809265137,150400
2023-05-16,6.817739486694336,10.770000457763672,10.9399995803833,10.550000190734863,10.59000015258789,231200
2023-05-17,7.007648468017578,11.069999694824219,11.100000381469727,10.789999961853027,10.789999961853027,70600
2023-05-18,6.9759979248046875,11.020000457763672,11.119999885559082,10.920000076293945,11.0,228600
2023-05-19,6.988657474517822,11.039999961853027,11.081999778747559,10.949999809265137,11.0600004196167,54700
2023-05-22,7.178567886352539,11.34000015258789,11.449999809265137,10.970000267028809,11.039999961853027,150700
2023-05-23,7.191226482391357,11.359999656677246,11.5,11.291000366210938,11.40999984741211,84000
2023-05-24,7.007648468017578,11.069999694824219,11.369999885559082,11.020000457763672,11.369999885559082,113300
2023-05-25,7.020309925079346,11.09000015258789,11.093999862670898,10.904999732971191,11.0,70600
2023-05-26,7.184895992279053,11.350000381469727,11.463000297546387,11.140000343322754,11.140000343322754,53600
2023-05-30,7.241868495941162,11.4399995803833,11.5600004196167,11.350000381469727,11.40999984741211,61900
2023-05-31,7.267190933227539,11.479999542236328,11.5,11.25,11.479999542236328,158800
2023-06-01,7.482421398162842,11.819999694824219,11.899999618530273,11.449999809265137,11.520000457763672,181500
2023-06-02,7.482421398162842,11.819999694824219,11.960000038146973,11.699999809265137,11.960000038146973,116400
2023-06-05,7.438109397888184,11.75,11.829999923706055,11.609999656677246,11.829999923706055,55200
2023-06-06,7.703980445861816,12.170000076293945,12.210000038146973,11.699999809265137,11.699999809265137,54300
2023-06-07,7.995176315307617,12.630000114440918,12.649999618530273,12.225000381469727,12.300000190734863,115000
2023-06-08,7.995176315307617,12.630000114440918,12.670000076293945,12.479999542236328,12.600000381469727,88400
2023-06-09,7.8242573738098145,12.359999656677246,12.649999618530273,12.359999656677246,12.649999618530273,52900
2023-06-12,7.697652339935303,12.15999984741211,12.425000190734863,12.149999618530273,12.40999984741211,64000
2023-06-13,7.628018379211426,12.050000190734863,12.347000122070312,11.84000015258789,12.15999984741211,184100
2023-06-14,7.571045875549316,11.960000038146973,12.270000457763672,11.920000076293945,12.069999694824219,51900
2023-06-15,7.526734352111816,11.890000343322754,12.050000190734863,11.760000228881836,11.930000305175781,94200
2023-06-16,7.583704471588135,11.979999542236328,12.130000114440918,11.835000038146973,11.890000343322754,74200
2023-06-20,7.571045875549316,11.960000038146973,12.029999732971191,11.8149995803833,11.899999618530273,88800
2023-06-21,7.678661346435547,12.130000114440918,12.199999809265137,11.90999984741211,12.0,54500
2023-06-22,7.495081901550293,11.84000015258789,12.170000076293945,11.800000190734863,12.100000381469727,63900
2023-06-23,7.438109397888184,11.75,12.029999732971191,11.710000038146973,11.760000228881836,97600
2023-06-26,7.501412868499756,11.850000381469727,11.954999923706055,11.760000228881836,11.760000228881836,53900
2023-06-27,7.5204033851623535,11.880000114440918,11.949999809265137,11.739999771118164,11.850000381469727,44500
2023-06-28,7.659670352935791,12.100000381469727,12.170000076293945,11.850000381469727,11.90999984741211,54400
2023-06-29,7.707145690917969,12.175000190734863,12.329999923706055,12.100000381469727,12.199999809265137,74400
2023-06-30,7.817927837371826,12.350000381469727,12.5,12.130000114440918,12.319999694824219,100700
2023-07-03,7.849578857421875,12.399999618530273,12.489999771118164,12.319999694824219,12.390000343322754,48700
2023-07-05,7.8115973472595215,12.34000015258789,12.430000305175781,12.25,12.430000305175781,59800
2023-07-06,7.691321849822998,12.149999618530273,12.369999885559082,12.0,12.369999885559082,52000
2023-07-07,7.7989373207092285,12.319999694824219,12.479999542236328,11.6899995803833,11.739999771118164,91200
2023-07-10,7.786275863647461,12.300000190734863,12.399999618530273,12.20300006866455,12.380000114440918,34700
2023-07-11,7.91921329498291,12.510000228881836,12.569999694824219,12.199999809265137,12.390000343322754,71900
2023-07-12,7.868569374084473,12.430000305175781,12.670000076293945,12.369999885559082,12.640000343322754,75600
2023-07-13,7.969854831695557,12.59000015258789,12.729999542236328,12.229999542236328,12.430000305175781,185500
2023-07-14,7.849578857421875,12.399999618530273,12.607999801635742,12.399999618530273,12.600000381469727,49100
2023-07-17,7.9635233879089355,12.579999923706055,12.920000076293945,12.420000076293945,12.470000267028809,116800
2023-07-18,7.995176315307617,12.630000114440918,12.829999923706055,12.199999809265137,12.630000114440918,152300
2023-07-19,8.026827812194824,12.680000305175781,12.774999618530273,12.4399995803833,12.4399995803833,70000
2023-07-20,7.836918830871582,12.380000114440918,12.725000381469727,12.270999908447266,12.680000305175781,94400
2023-07-21,7.881229877471924,12.449999809265137,12.569999694824219,12.345000267028809,12.460000038146973,39700
2023-07-24,7.862238883972168,12.420000076293945,12.529999732971191,12.270000457763672,12.5,96100
2023-07-25,7.85590934753418,12.40999984741211,12.520000457763672,12.300000190734863,12.4399995803833,84500
2023-07-26,8.17242431640625,12.90999984741211,12.949999809265137,12.489999771118164,12.520000457763672,137600
2023-07-27,8.045818328857422,12.710000038146973,13.0,12.619999885559082,13.0,94600
2023-07-28,8.204075813293457,12.960000038146973,12.989999771118164,12.739999771118164,12.789999961853027,93600
2023-07-31,8.134444236755371,12.850000381469727,13.0,12.673999786376953,13.0,103800
2023-08-01,8.007837295532227,12.649999618530273,12.800000190734863,12.600000381469727,12.800000190734863,133000
2023-08-02,8.001506805419922,12.640000343322754,12.789999961853027,12.510000228881836,12.649999618530273,95400
2023-08-03,7.9635233879089355,12.579999923706055,12.710000038146973,12.321000099182129,12.630000114440918,125900
2023-08-04,7.938201904296875,12.539999961853027,12.680000305175781,12.460000038146973,12.579999923706055,81600
2023-08-07,8.096461296081543,12.789999961853027,12.789999961853027,12.550000190734863,12.649999618530273,244300
2023-08-08,8.223067283630371,12.989999771118164,12.989999771118164,12.651000022888184,12.850000381469727,220400
2023-08-09,8.406646728515625,13.279999732971191,13.59000015258789,13.079999923706055,13.25,168600
2023-08-10,8.533252716064453,13.479999542236328,13.59000015258789,13.260000228881836,13.380000114440918,188500
2023-08-11,8.577563285827637,13.550000190734863,13.670000076293945,13.329999923706055,13.449999809265137,204800
2023-08-14,8.597208023071289,13.130000114440918,13.350000381469727,12.899999618530273,13.010000228881836,168500
2023-08-15,8.440061569213867,12.890000343322754,13.029999732971191,12.800000190734863,12.850000381469727,155900
2023-08-16,8.341845512390137,12.739999771118164,13.09000015258789,12.720000267028809,12.979999542236328,109200
2023-08-17,8.400774955749512,12.829999923706055,12.90999984741211,12.635000228881836,12.739999771118164,81400
2023-08-18,8.466253280639648,12.930000305175781,13.039999961853027,12.5600004196167,12.720000267028809,92800
2023-08-21,8.479347229003906,12.949999809265137,12.989999771118164,12.819999694824219,12.930000305175781,65700
2023-08-22,8.413870811462402,12.850000381469727,13.069999694824219,12.789999961853027,13.050000190734863,69400
2023-08-23,8.610302925109863,13.149999618530273,13.220000267028809,12.949999809265137,13.029999732971191,141100
2023-08-24,8.498991012573242,12.979999542236328,13.149999618530273,12.90999984741211,13.109999656677246,68700
2023-08-25,8.400774955749512,12.829999923706055,13.149999618530273,12.755000114440918,13.029999732971191,57500
2023-08-28,8.577563285827637,13.100000381469727,13.1899995803833,12.850000381469727,12.850000381469727,67900
2023-08-29,8.505538940429688,12.989999771118164,13.130000114440918,12.770000457763672,13.130000114440918,174300
2023-08-30,8.518633842468262,13.010000228881836,13.329999923706055,13.0,13.029999732971191,68100
2023-08-31,8.538277626037598,13.039999961853027,13.21500015258789,13.029999732971191,13.09000015258789,150800
2023-09-01,8.734710693359375,13.34000015258789,13.600000381469727,13.100000381469727,13.100000381469727,115900
2023-09-05,8.636494636535645,13.1899995803833,13.579999923706055,13.15999984741211,13.34000015258789,60800
2023-09-06,8.623398780822754,13.170000076293945,13.25,13.145000457763672,13.1899995803833,33300
2023-09-07,8.610302925109863,13.149999618530273,13.234999656677246,12.989999771118164,13.170000076293945,37600
2023-09-08,8.662684440612793,13.229999542236328,13.350000381469727,13.130000114440918,13.130000114440918,40600
2023-09-11,8.734710693359375,13.34000015258789,13.414999961853027,13.199999809265137,13.220000267028809,54800
2023-09-12,8.675780296325684,13.25,13.520000457763672,13.220000267028809,13.329999923706055,123500
2023-09-13,8.649590492248535,13.210000038146973,13.449999809265137,13.210000038146973,13.390000343322754,62500
2023-09-14,8.682329177856445,13.260000228881836,13.420000076293945,13.229999542236328,13.350000381469727,31000
2023-09-15,8.6299467086792,13.180000305175781,13.3100004196167,12.989999771118164,13.3100004196167,87100
2023-09-18,8.715067863464355,13.3100004196167,13.40999984741211,13.170000076293945,13.229999542236328,84400
2023-09-19,8.728161811828613,13.329999923706055,13.399999618530273,13.21500015258789,13.399999618530273,50800
2023-09-20,8.597208023071289,13.130000114440918,13.40999984741211,13.109999656677246,13.40999984741211,70800
2023-09-21,8.433513641357422,12.880000114440918,13.140000343322754,12.859999656677246,13.140000343322754,69300
2023-09-22,8.42696475982666,12.869999885559082,12.970000267028809,12.789999961853027,12.920000076293945,72500
2023-09-25,8.446608543395996,12.899999618530273,13.008000373840332,12.850000381469727,12.899999618530273,52000
2023-09-26,8.341845512390137,12.739999771118164,12.940999984741211,12.619999885559082,12.880000114440918,82800
2023-09-27,8.341845512390137,12.739999771118164,12.845000267028809,12.699999809265137,12.819999694824219,63300
2023-09-28,8.433513641357422,12.880000114440918,12.970000267028809,12.625,12.779999732971191,119300
2023-09-29,8.394227027893066,12.819999694824219,13.0,12.779999732971191,12.989999771118164,88400
2023-10-02,8.276368141174316,12.640000343322754,12.880000114440918,12.550000190734863,12.869999885559082,96700
2023-10-03,8.001360893249512,12.220000267028809,12.710000038146973,12.210000038146973,12.600000381469727,133800
2023-10-04,8.007908821105957,12.229999542236328,12.289999961853027,12.119999885559082,12.25,152100
2023-10-05,8.014456748962402,12.239999771118164,12.359999656677246,12.180000305175781,12.279999732971191,71200
2023-10-06,8.053743362426758,12.300000190734863,12.392000198364258,12.140000343322754,12.239999771118164,185400
2023-10-09,8.106124877929688,12.380000114440918,12.420000076293945,12.1899995803833,12.3100004196167,114300
2023-10-10,7.975171089172363,12.180000305175781,12.454999923706055,12.170000076293945,12.390000343322754,124600
2023-10-11,7.968623161315918,12.170000076293945,12.210000038146973,12.098999977111816,12.199999809265137,116400
2023-10-12,7.975171089172363,12.180000305175781,12.210000038146973,12.0600004196167,12.149999618530273,78200
2023-10-13,7.955528259277344,12.149999618530273,12.210000038146973,12.0600004196167,12.210000038146973,84600
2023-10-16,8.047195434570312,12.289999961853027,12.359999656677246,12.149999618530273,12.220000267028809,106800
2023-10-17,7.955528259277344,12.149999618530273,12.359999656677246,12.09000015258789,12.359999656677246,123200
2023-10-18,7.8965983390808105,12.0600004196167,12.140000343322754,12.029999732971191,12.140000343322754,144100
2023-10-19,7.863858222961426,12.010000228881836,12.145000457763672,11.960000038146973,12.130000114440918,135800
2023-10-20,7.804927825927734,11.920000076293945,12.0,11.800000190734863,12.0,126800
2023-10-23,7.791832447052002,11.899999618530273,11.989999771118164,11.800000190734863,11.920000076293945,147700
2023-10-24,7.870405197143555,12.020000457763672,12.119999885559082,11.90999984741211,11.920000076293945,127200
2023-10-25,7.844213962554932,11.979999542236328,12.210000038146973,11.949999809265137,12.020000457763672,115800
2023-10-26,7.863858222961426,12.010000228881836,12.100000381469727,11.920000076293945,11.970000267028809,87600
2023-10-27,7.818023681640625,11.9399995803833,12.15999984741211,11.899999618530273,12.15999984741211,104000
2023-10-30,7.922788619995117,12.100000381469727,12.15999984741211,11.920000076293945,11.989999771118164,95700
2023-10-31,7.975171089172363,12.180000305175781,12.3149995803833,12.0,12.09000015258789,107200
2023-11-01,7.994814395904541,12.210000038146973,12.270000457763672,11.760000228881836,12.149999618530273,254500
2023-11-02,8.237080574035645,12.579999923706055,12.579999923706055,12.300000190734863,12.359999656677246,106300
2023-11-03,8.394227027893066,12.819999694824219,12.869999885559082,12.6899995803833,12.779999732971191,115800
2023-11-06,8.446608543395996,12.899999618530273,13.03499984741211,12.819999694824219,12.869999885559082,163900
2023-11-07,8.492443084716797,12.970000267028809,13.079999923706055,12.826000213623047,12.930000305175781,124900
2023-11-08,8.662684440612793,13.229999542236328,13.5,12.899999618530273,13.100000381469727,385500
2023-11-09,8.669231414794922,13.239999771118164,13.5600004196167,13.180000305175781,13.350000381469727,237500
2023-11-10,8.832035064697266,13.020000457763672,13.149999618530273,12.75,12.779999732971191,143100
2023-11-13,8.967703819274902,13.220000267028809,13.229999542236328,12.869999885559082,13.0600004196167,155000
2023-11-14,8.363977432250977,12.329999923706055,12.404999732971191,12.199999809265137,12.244999885559082,1776600
2023-11-15,8.404678344726562,12.390000343322754,12.5,12.279999732971191,12.399999618530273,455200
2023-11-16,8.3436279296875,12.300000190734863,12.414999961853027,12.15999984741211,12.390000343322754,389200
2023-11-17,8.336844444274902,12.289999961853027,12.449999809265137,12.220000267028809,12.34000015258789,310000
2023-11-20,8.445377349853516,12.449999809265137,12.470000267028809,12.25,12.289999961853027,326900
2023-11-21,8.519996643066406,12.5600004196167,12.5600004196167,12.390000343322754,12.420000076293945,383200
2023-11-22,8.594614028930664,12.670000076293945,12.699999809265137,12.543000221252441,12.5600004196167,352000
2023-11-24,8.682798385620117,12.800000190734863,12.899999618530273,12.670000076293945,12.760000228881836,299200
2023-11-27,8.648881912231445,12.75,13.038999557495117,12.720000267028809,12.869999885559082,439400
2023-11-28,8.61496639251709,12.699999809265137,12.819999694824219,12.59000015258789,12.760000228881836,544500
2023-11-29,8.56748104095459,12.630000114440918,12.904999732971191,12.609999656677246,12.869999885559082,367500
2023-11-30,8.526779174804688,12.569999694824219,12.739999771118164,12.550000190734863,12.739999771118164,285500
2023-12-01,8.574265480041504,12.640000343322754,12.670000076293945,12.479999542236328,12.670000076293945,462200
2023-12-04,8.608181953430176,12.6899995803833,12.720000267028809,12.569999694824219,12.569999694824219,310200
2023-12-05,8.519996643066406,12.5600004196167,12.708000183105469,12.489999771118164,12.699999809265137,367900
2023-12-06,8.553914070129395,12.609999656677246,13.0,12.5649995803833,12.600000381469727,215300
2023-12-07,8.635315895080566,12.729999542236328,12.760000228881836,12.569999694824219,12.65999984741211,275400
2023-12-08,8.682798385620117,12.800000190734863,12.850000381469727,12.699999809265137,12.760000228881836,254700
2023-12-11,8.655667304992676,12.760000228881836,12.869999885559082,12.729999542236328,12.800000190734863,315600
2023-12-12,8.716717720031738,12.850000381469727,12.899999618530273,12.779999732971191,12.819999694824219,250400
2023-12-13,8.743850708007812,12.890000343322754,12.932000160217285,12.8100004196167,12.899999618530273,241000
2023-12-14,8.764201164245605,12.920000076293945,13.0,12.895000457763672,12.899999618530273,347200
2023-12-15,8.601399421691895,12.680000305175781,12.930000305175781,12.680000305175781,12.920000076293945,1451900
2023-12-18,8.669232368469238,12.779999732971191,12.869999885559082,12.720000267028809,12.800000190734863,489200
2023-12-19,8.560698509216309,12.619999885559082,12.789999961853027,12.600000381469727,12.779999732971191,435700
2023-12-20,8.540348052978516,12.59000015258789,12.795000076293945,12.569999694824219,12.65999984741211,258100
2023-12-21,8.526779174804688,12.569999694824219,12.6899995803833,12.505000114440918,12.6899995803833,202000
2023-12-22,8.519996643066406,12.5600004196167,12.65999984741211,12.550000190734863,12.600000381469727,281900
2023-12-26,8.581048965454102,12.649999618530273,12.680000305175781,12.5,12.569999694824219,447100
2023-12-27,8.621748924255371,12.710000038146973,12.743000030517578,12.579999923706055,12.699999809265137,373000
2023-12-28,8.594614028930664,12.670000076293945,12.75,12.65999984741211,12.710000038146973,198200
2023-12-29,8.560698509216309,12.619999885559082,12.75,12.59000015258789,12.710000038146973,267900
2024-01-02,8.61496639251709,12.699999809265137,12.845999717712402,12.630000114440918,12.739999771118164,366900
2024-01-03,8.581048965454102,12.649999618530273,12.725000381469727,12.595000267028809,12.699999809265137,209800
2024-01-04,8.716717720031738,12.850000381469727,12.920000076293945,12.680000305175781,12.720000267028809,452300
2024-01-05,8.737067222595215,12.880000114440918,12.928000450134277,12.75,12.880000114440918,391600
2024-01-08,8.872735023498535,13.079999923706055,13.100000381469727,12.835000038146973,12.970000267028809,703100
2024-01-09,8.750633239746094,12.899999618530273,13.104999542236328,12.880000114440918,13.020000457763672,443600
2024-01-10,8.709935188293457,12.84000015258789,12.932000160217285,12.819999694824219,12.899999618530273,153300
2024-01-11,8.703149795532227,12.829999923706055,12.875,12.619999885559082,12.800000190734863,278500
2024-01-12,8.77098560333252,12.930000305175781,13.039999961853027,12.819999694824219,12.819999694824219,202600
2024-01-16,8.764201164245605,12.920000076293945,12.989999771118164,12.819999694824219,12.949999809265137,217700
2024-01-17,8.743850708007812,12.890000343322754,12.949999809265137,12.789999961853027,12.920000076293945,204100
2024-01-18,8.737067222595215,12.880000114440918,12.9399995803833,12.729000091552734,12.930000305175781,185100
2024-01-19,8.750633239746094,12.899999618530273,12.949999809265137,12.802000045776367,12.90999984741211,237200
2024-01-22,8.920219421386719,13.149999618530273,13.220000267028809,12.850000381469727,12.899999618530273,303700
2024-01-23,8.927002906799316,13.15999984741211,13.279999732971191,13.130000114440918,13.229999542236328,200700
2024-01-24,8.940570831298828,13.180000305175781,13.298999786376953,13.079999923706055,13.119999885559082,256300
2024-01-25,8.93378734588623,13.170000076293945,13.255000114440918,13.104999542236328,13.25,163600
2024-01-26,9.049105644226074,13.34000015258789,13.369000434875488,13.1899995803833,13.1899995803833,185100
2024-01-29,8.99483871459961,13.260000228881836,13.380000114440918,13.21500015258789,13.350000381469727,219800
2024-01-30,9.076239585876465,13.380000114440918,13.430000305175781,13.229999542236328,13.300000190734863,308600
2024-01-31,8.960921287536621,13.210000038146973,13.479999542236328,13.1899995803833,13.359999656677246,267100
2024-02-01,9.055889129638672,13.350000381469727,13.4399995803833,13.109999656677246,13.25,384200
2024-02-02,9.171207427978516,13.520000457763672,13.670000076293945,13.329999923706055,13.430000305175781,389900
2024-02-05,9.110156059265137,13.430000305175781,13.550000190734863,13.270000457763672,13.550000190734863,279100
2024-02-06,9.150856018066406,13.489999771118164,13.710000038146973,13.399999618530273,13.460000038146973,377900
2024-02-07,9.144073486328125,13.479999542236328,13.520000457763672,13.329999923706055,13.5,371700
2024-02-08,9.137290000915527,13.470000267028809,13.579999923706055,13.444999694824219,13.569999694824219,387900
2024-02-09,9.137290000915527,13.0,13.265000343322754,12.920000076293945,13.100000381469727,401500
2024-02-12,9.404378890991211,13.380000114440918,13.420000076293945,12.949999809265137,13.020000457763672,429700
2024-02-13,9.313007354736328,13.25,13.545000076293945,13.029999732971191,13.100000381469727,702600
2024-02-14,9.397353172302246,13.369999885559082,13.479999542236328,13.229000091552734,13.279999732971191,303200
2024-02-15,9.60118293762207,13.65999984741211,13.710000038146973,13.380000114440918,13.399999618530273,348000
2024-02-16,9.425466537475586,13.40999984741211,13.640000343322754,13.40999984741211,13.640000343322754,231800
2024-02-20,9.446552276611328,13.4399995803833,13.5,13.3100004196167,13.319999694824219,245500
2024-02-21,9.355179786682129,13.3100004196167,13.479999542236328,13.210000038146973,13.430000305175781,141500
2024-02-22,9.608213424682617,13.670000076293945,13.670000076293945,13.34000015258789,13.34000015258789,229400
2024-02-23,9.509810447692871,13.529999732971191,13.739999771118164,13.5,13.729999542236328,169600
2024-02-26,9.559009552001953,13.600000381469727,13.729999542236328,13.430000305175781,13.470000267028809,408100
2024-02-27,9.481695175170898,13.489999771118164,13.59000015258789,13.449999809265137,13.579999923706055,256000
2024-02-28,9.432494163513184,13.420000076293945,13.605999946594238,13.39900016784668,13.520000457763672,220000
2024-02-29,9.432494163513184,13.420000076293945,13.600000381469727,13.380000114440918,13.444999694824219,223700
2024-03-01,9.348151206970215,13.300000190734863,13.430000305175781,13.220000267028809,13.239999771118164,223800
2024-03-04,9.362207412719727,13.319999694824219,13.494999885559082,13.300000190734863,13.470000267028809,192100
2024-03-05,9.383294105529785,13.350000381469727,13.440999984741211,13.300000190734863,13.300000190734863,164200
2024-03-06,9.383294105529785,13.350000381469727,13.449999809265137,13.279999732971191,13.319999694824219,170800
2024-03-07,9.488724708557129,13.5,13.520000457763672,13.319999694824219,13.319999694824219,201400
2024-03-08,8.12515926361084,11.5600004196167,12.300000190734863,11.489999771118164,12.1899995803833,2659900
2024-03-11,8.321962356567383,11.84000015258789,11.890000343322754,11.479999542236328,11.609999656677246,692000
2024-03-12,8.314933776855469,11.829999923706055,11.9399995803833,11.774999618530273,11.90999984741211,394200
2024-03-13,8.202474594116211,11.670000076293945,11.819999694824219,11.649999618530273,11.8100004196167,500200
2024-03-14,8.153273582458496,11.600000381469727,11.84000015258789,11.569999694824219,11.670000076293945,433800
2024-03-15,8.307905197143555,11.819999694824219,11.84000015258789,11.520000457763672,11.520000457763672,572700
2024-03-18,8.258705139160156,11.75,11.864999771118164,11.741000175476074,11.819999694824219,426600
2024-03-19,8.336019515991211,11.859999656677246,11.970000267028809,11.819999694824219,11.880000114440918,550000
2024-03-20,8.39927864074707,11.949999809265137,12.03499984741211,11.869999885559082,11.869999885559082,404400
2024-03-21,8.469564437866211,12.050000190734863,12.15999984741211,11.949999809265137,11.949999809265137,384800
2024-03-22,8.336019515991211,11.859999656677246,12.09000015258789,11.845000267028809,12.09000015258789,215400
2024-03-25,8.39927864074707,11.949999809265137,12.015000343322754,11.925000190734863,12.0,323100
2024-03-26,8.504708290100098,12.100000381469727,12.180999755859375,12.0600004196167,12.109999656677246,245400
2024-03-27,8.51876449584961,12.119999885559082,12.210000038146973,12.050000190734863,12.140000343322754,453800
2024-03-28,8.51876449584961,12.119999885559082,12.270000457763672,12.109999656677246,12.119999885559082,420600
2024-04-01,8.560937881469727,12.180000305175781,12.25,12.149999618530273,12.25,240500
2024-04-02,8.546881675720215,12.15999984741211,12.229999542236328,12.109999656677246,12.170000076293945,216400
2024-04-03,8.5890531539917,12.220000267028809,12.274999618530273,12.15999984741211,12.15999984741211,206900
2024-04-04,8.631223678588867,12.279999732971191,12.369999885559082,12.229999542236328,12.25,259900
2024-04-05,8.65933895111084,12.319999694824219,12.369999885559082,12.260000228881836,12.369999885559082,172600
2024-04-08,8.764769554138184,12.470000267028809,12.470000267028809,12.319999694824219,12.369999885559082,223100
2024-04-09,8.785856246948242,12.5,12.545000076293945,12.414999961853027,12.489999771118164,189600
2024-04-10,8.65933895111084,12.319999694824219,12.505000114440918,12.300000190734863,12.460000038146973,210800
2024-04-11,8.799914360046387,12.520000457763672,12.520000457763672,12.329999923706055,12.329999923706055,254200
2024-04-12,8.820999145507812,12.550000190734863,12.65999984741211,12.460000038146973,12.550000190734863,179200
2024-04-15,8.75774097442627,12.460000038146973,12.699999809265137,12.380000114440918,12.539999961853027,202400
2024-04-16,8.715569496154785,12.399999618530273,12.524999618530273,12.364999771118164,12.449999809265137,652900
2024-04-17,8.842086791992188,12.579999923706055,12.630000114440918,12.479999542236328,12.479999542236328,159600
2024-04-18,8.870201110839844,12.619999885559082,12.680000305175781,12.569999694824219,12.59000015258789,242100
2024-04-19,8.828027725219727,12.5600004196167,12.6850004196167,12.510000228881836,12.529999732971191,231800
2024-04-22,8.835057258605957,12.569999694824219,12.600000381469727,12.489999771118164,12.569999694824219,231300
2024-04-23,8.891284942626953,12.649999618530273,12.71500015258789,12.569999694824219,12.569999694824219,247900
2024-04-24,8.849113464355469,12.59000015258789,12.720000267028809,12.5649995803833,12.720000267028809,114500
2024-04-25,8.828027725219727,12.5600004196167,12.739999771118164,12.460000038146973,12.5600004196167,315600
2024-04-26,8.982657432556152,12.779999732971191,12.789999961853027,12.5600004196167,12.5600004196167,301000
2024-04-29,8.989688873291016,12.789999961853027,12.90999984741211,12.760000228881836,12.770000457763672,194000
2024-04-30,8.891284942626953,12.649999618530273,12.800000190734863,12.640000343322754,12.789999961853027,113400
2024-05-01,9.052945137023926,12.880000114440918,12.989999771118164,12.6899995803833,12.6899995803833,296600
2024-05-02,9.081060409545898,12.920000076293945,13.045000076293945,12.850000381469727,12.970000267028809,292000
2024-05-03,9.158376693725586,13.029999732971191,13.100000381469727,12.9399995803833,13.010000228881836,185500
2024-05-06,9.277863502502441,13.199999809265137,13.255000114440918,13.039999961853027,13.050000190734863,259200
2024-05-07,9.313007354736328,13.25,13.5,13.220000267028809,13.300000190734863,558000
2024-05-08,8.65933895111084,12.319999694824219,12.569999694824219,12.100000381469727,12.460000038146973,993500
2024-05-09,8.842025756835938,12.100000381469727,12.210000038146973,11.850000381469727,11.850000381469727,578500
2024-05-10,8.454730033874512,11.569999694824219,11.680000305175781,11.350000381469727,11.399999618530273,2671900
2024-05-13,8.527804374694824,11.670000076293945,11.6899995803833,11.529999732971191,11.619999885559082,773100
2024-05-14,8.622802734375,11.800000190734863,11.8100004196167,11.604999542236328,11.649999618530273,506400
2024-05-15,8.55703353881836,11.710000038146973,11.779999732971191,11.600000381469727,11.699999809265137,587600
2024-05-16,8.571649551391602,11.729999542236328,11.795000076293945,11.680000305175781,11.729999542236328,492100
2024-05-17,8.564342498779297,11.720000267028809,11.765000343322754,11.699999809265137,11.720000267028809,357600
2024-05-20,8.520499229431152,11.65999984741211,11.760000228881836,11.569999694824219,11.710000038146973,547300
2024-05-21,8.513191223144531,11.649999618530273,11.6899995803833,11.539999961853027,11.630000114440918,518600
2024-05-22,8.710492134094238,11.920000076293945,11.9399995803833,11.649999618530273,11.670000076293945,540100
2024-05-23,8.673954963684082,11.869999885559082,12.020000457763672,11.859999656677246,11.949999809265137,494900
2024-05-24,8.681262016296387,11.880000114440918,11.975000381469727,11.8100004196167,11.850000381469727,366400
2024-05-28,8.549727439880371,11.699999809265137,12.010000228881836,11.654999732971191,11.920000076293945,384500
2024-05-29,8.542420387268066,11.6899995803833,11.75,11.640000343322754,11.699999809265137,374400
2024-05-30,8.630109786987305,11.8100004196167,11.845000267028809,11.694999694824219,11.720000267028809,251300
2024-05-31,8.7543363571167,11.979999542236328,11.979999542236328,11.840999603271484,11.880000114440918,280100
2024-06-03,8.77625846862793,12.010000228881836,12.050000190734863,11.9399995803833,12.029999732971191,265400
2024-06-04,8.725106239318848,11.9399995803833,12.020000457763672,11.9399995803833,12.0,303700
2024-06-05,8.761643409729004,11.989999771118164,12.0,11.829999923706055,11.949999809265137,304400
2024-06-06,8.856639862060547,12.119999885559082,12.140000343322754,11.970000267028809,12.0,493300
2024-06-07,8.871255874633789,12.140000343322754,12.170000076293945,12.04800033569336,12.149999618530273,293100
2024-06-10,8.820103645324707,12.069999694824219,12.149999618530273,12.010000228881836,12.100000381469727,266900
2024-06-11,8.673954963684082,11.869999885559082,12.0600004196167,11.850000381469727,12.0600004196167,267000
2024-06-12,8.659340858459473,11.850000381469727,11.960000038146973,11.829999923706055,11.899999618530273,190000
2024-06-13,8.571649551391602,11.729999542236328,11.861000061035156,11.699999809265137,11.850000381469727,303000
2024-06-14,8.527804374694824,11.670000076293945,11.75,11.600000381469727,11.739999771118164,223900
2024-06-17,8.578958511352539,11.739999771118164,11.918999671936035,11.619999885559082,11.699999809265137,172700
2024-06-18,8.55703353881836,11.710000038146973,11.8149995803833,11.640000343322754,11.770000457763672,253500
2024-06-20,8.564342498779297,11.720000267028809,11.84000015258789,11.6850004196167,11.729999542236328,149500
2024-06-21,8.513191223144531,11.649999618530273,11.729999542236328,11.579999923706055,11.729999542236328,532100
2024-06-24,8.513191223144531,11.649999618530273,11.760000228881836,11.600000381469727,11.600000381469727,225800
2024-06-25,8.46203899383545,11.579999923706055,11.680000305175781,11.579999923706055,11.619999885559082,254600
2024-06-26,8.630109786987305,11.8100004196167,11.920000076293945,11.729999542236328,11.920000076293945,749900
2024-06-27,8.608186721801758,11.779999732971191,11.850000381469727,11.71500015258789,11.850000381469727,338000
2024-06-28,8.593572616577148,11.760000228881836,11.829999923706055,11.71500015258789,11.829999923706055,283600
2024-07-01,8.564342498779297,11.720000267028809,11.84000015258789,11.649999618530273,11.829999923706055,236000
2024-07-02,8.549727439880371,11.699999809265137,11.75,11.65999984741211,11.75,183500
2024-07-03,8.549727439880371,11.699999809265137,11.789999961853027,11.65999984741211,11.699999809265137,153900
2024-07-05,8.55703353881836,11.710000038146973,11.779999732971191,11.670000076293945,11.779999732971191,249400
2024-07-08,8.564342498779297,11.720000267028809,11.739999771118164,11.6899995803833,11.6899995803833,184200
2024-07-09,8.432808876037598,11.539999961853027,11.71500015258789,11.479999542236328,11.6899995803833,250100
2024-07-10,8.476652145385742,11.600000381469727,11.609999656677246,11.53499984741211,11.5600004196167,207700
2024-07-11,8.586265563964844,11.75,11.760000228881836,11.595000267028809,11.699999809265137,248400
2024-07-12,8.600879669189453,11.770000457763672,11.869999885559082,11.770000457763672,11.800000190734863,233000
2024-07-15,8.688570022583008,11.890000343322754,11.920000076293945,11.789999961853027,11.819999694824219,206700
2024-07-16,8.659340858459473,11.850000381469727,11.949999809265137,11.845000267028809,11.930000305175781,155200
2024-07-17,8.666646957397461,11.859999656677246,11.90999984741211,11.789999961853027,11.850000381469727,323800
2024-07-18,8.622802734375,11.800000190734863,11.994999885559082,11.770000457763672,11.890000343322754,215100
2024-07-19,8.615494728088379,11.789999961853027,11.824999809265137,11.755000114440918,11.800000190734863,153700
2024-07-22,8.747029304504395,11.970000267028809,11.994999885559082,11.800000190734863,11.8100004196167,246700
2024-07-23,8.783567428588867,12.020000457763672,12.03499984741211,11.9350004196167,11.970000267028809,177200
2024-07-24,8.666646957397461,11.859999656677246,12.020000457763672,11.850000381469727,11.970000267028809,141900
2024-07-25,8.71780014038086,11.930000305175781,12.050000190734863,11.920000076293945,11.970000267028809,186700
2024-07-26,8.77625846862793,12.010000228881836,12.010000228881836,11.904999732971191,11.970000267028809,119500
2024-07-29,8.652031898498535,11.84000015258789,12.09000015258789,11.8100004196167,12.010000228881836,174800
2024-07-30,8.630109786987305,11.8100004196167,11.850000381469727,11.699999809265137,11.8100004196167,199100
2024-07-31,8.652031898498535,11.84000015258789,11.970000267028809,11.800000190734863,11.869999885559082,167800
2024-08-01,8.622802734375,11.800000190734863,11.920000076293945,11.739999771118164,11.850000381469727,261600
2024-08-02,8.410886764526367,11.510000228881836,11.75,11.5,11.739999771118164,265500
2024-08-05,8.125895500183105,11.119999885559082,11.210000038146973,10.770000457763672,11.109999656677246,480000
2024-08-06,8.235507011413574,11.270000457763672,11.34000015258789,11.170000076293945,11.3100004196167,232300
2024-08-07,8.19897174835205,11.220000267028809,11.40999984741211,11.1850004196167,11.390000343322754,183000
2024-08-08,8.213583946228027,11.239999771118164,11.359999656677246,11.135000228881836,11.329999923706055,312000
2024-08-09,7.665524482727051,10.489999771118164,11.539999961853027,10.479999542236328,11.539999961853027,1013400
2024-08-12,7.757143497467041,10.15999984741211,10.1899995803833,9.869999885559082,9.949999809265137,653800
2024-08-13,7.848764896392822,10.279999732971191,10.279999732971191,10.0,10.149999618530273,412000
2024-08-14,7.711335182189941,10.100000381469727,10.279999732971191,10.045000076293945,10.25,458000
2024-08-15,8.077813148498535,10.579999923706055,10.579999923706055,10.149999618530273,10.149999618530273,458000
2024-08-16,8.062544822692871,10.5600004196167,10.71500015258789,10.5600004196167,10.600000381469727,322700
2024-08-19,8.192338943481445,10.729999542236328,10.739999771118164,10.640000343322754,10.65999984741211,306300
2024-08-20,8.070178031921387,10.569999694824219,10.75,10.5600004196167,10.75,148300
2024-08-21,8.093083381652832,10.600000381469727,10.649999618530273,10.529999732971191,10.609999656677246,200900
2024-08-22,8.08544921875,10.59000015258789,10.720000267028809,10.5600004196167,10.619999885559082,166300
2024-08-23,8.177068710327148,10.710000038146973,10.829999923706055,10.579999923706055,10.579999923706055,255800
2024-08-26,8.169434547424316,10.699999809265137,10.899999618530273,10.6899995803833,10.770000457763672,293300
2024-08-27,8.19997501373291,10.739999771118164,10.8100004196167,10.694999694824219,10.729999542236328,149700
2024-08-28,8.04727554321289,10.539999961853027,10.739999771118164,10.529999732971191,10.710000038146973,170800
2024-08-29,8.054909706115723,10.550000190734863,10.630000114440918,10.539999961853027,10.600000381469727,143200
2024-08-30,8.08544921875,10.59000015258789,10.630000114440918,10.520000457763672,10.550000190734863,172100
2024-09-03,8.04727554321289,10.539999961853027,10.619999885559082,10.5,10.59000015258789,226000
2024-09-04,8.062544822692871,10.5600004196167,10.585000038146973,10.520000457763672,10.520000457763672,150200
2024-09-05,8.04727554321289,10.539999961853027,10.630000114440918,10.520000457763672,10.5600004196167,112000
2024-09-06,7.955654144287109,10.420000076293945,10.59000015258789,10.385000228881836,10.539999961853027,155600
2024-09-09,7.917479038238525,10.369999885559082,10.479999542236328,10.359999656677246,10.449999809265137,183900
2024-09-10,7.818225383758545,10.239999771118164,10.395000457763672,10.180000305175781,10.369999885559082,323900
2024-09-11,7.741875171661377,10.140000343322754,10.204999923706055,10.053000450134277,10.149999618530273,257100
2024-09-12,7.841128826141357,10.270000457763672,10.3100004196167,10.130000114440918,10.140000343322754,227100
2024-09-13,8.04727554321289,10.539999961853027,10.539999961853027,10.265000343322754,10.270000457763672,218600
2024-09-16,7.948019027709961,10.40999984741211,10.555000305175781,10.350000381469727,10.550000190734863,284300
2024-09-17,7.856400012969971,10.289999961853027,10.454999923706055,10.279999732971191,10.430000305175781,419700
2024-09-18,7.886940956115723,10.329999923706055,10.395000457763672,10.260000228881836,10.260000228881836,285300
2024-09-19,7.917479038238525,10.369999885559082,10.456999778747559,10.350000381469727,10.430000305175781,217800
2024-09-20,7.72660493850708,10.119999885559082,10.354999542236328,10.079999923706055,10.34000015258789,664800
2024-09-23,7.787685394287109,10.199999809265137,10.270000457763672,10.130000114440918,10.140000343322754,245100
2024-09-24,7.749508380889893,10.149999618530273,10.289999961853027,10.145000457763672,10.25,231600
2024-09-25,7.711335182189941,10.100000381469727,10.1899995803833,10.09000015258789,10.180000305175781,429100
2024-09-26,7.741875171661377,10.140000343322754,10.199000358581543,10.100000381469727,10.130000114440918,222100
2024-09-27,7.848764896392822,10.279999732971191,10.324999809265137,10.170000076293945,10.199999809265137,160400
2024-09-30,7.856400012969971,10.289999961853027,10.355999946594238,10.25,10.289999961853027,272000
2024-10-01,7.741875171661377,10.140000343322754,10.350000381469727,10.130000114440918,10.3100004196167,292300
2024-10-02,7.734241008758545,10.130000114440918,10.210000038146973,10.079999923706055,10.149999618530273,149200
2024-10-03,7.818225383758545,10.239999771118164,10.265000343322754,10.100000381469727,10.130000114440918,160800
2024-10-04,7.932750225067139,10.390000343322754,10.395000457763672,10.255999565124512,10.279999732971191,133800
2024-10-07,7.864034652709961,10.300000190734863,10.404999732971191,10.25,10.369999885559082,143700
2024-10-08,7.848764896392822,10.279999732971191,10.319999694824219,10.229999542236328,10.3100004196167,87300
2024-10-09,7.841128826141357,10.270000457763672,10.369999885559082,10.25,10.369999885559082,150500
2024-10-10,7.886940956115723,10.329999923706055,10.354000091552734,10.229999542236328,10.260000228881836,137100
2024-10-11,7.932750225067139,10.390000343322754,10.4350004196167,10.329999923706055,10.329999923706055,133200
2024-10-14,8.028188705444336,10.515000343322754,10.520000457763672,10.390000343322754,10.399999618530273,167900
2024-10-15,8.08544921875,10.59000015258789,10.625,10.539999961853027,10.550000190734863,207400
2024-10-16,8.169434547424316,10.699999809265137,10.729999542236328,10.59000015258789,10.59000015258789,137300
2024-10-17,8.177068710327148,10.710000038146973,10.739999771118164,10.6899995803833,10.739999771118164,142600
2024-10-18,8.19997501373291,10.739999771118164,10.779999732971191,10.680000305175781,10.720000267028809,168000
2024-10-21,8.207610130310059,10.75,10.795999526977539,10.6850004196167,10.75,233500
2024-10-22,8.093083381652832,10.600000381469727,10.755000114440918,10.59000015258789,10.729999542236328,119300
2024-10-23,8.032005310058594,10.520000457763672,10.65999984741211,10.4399995803833,10.609999656677246,178600
2024-10-24,7.940384387969971,10.399999618530273,10.539999961853027,10.079999923706055,10.489999771118164,625300
2024-10-25,7.978558540344238,10.449999809265137,10.510000228881836,10.399999618530273,10.489999771118164,155300
2024-10-28,7.948019027709961,10.40999984741211,10.600000381469727,10.180000305175781,10.5,401900
2024-10-29,7.848764896392822,10.279999732971191,10.369999885559082,10.210000038146973,10.329999923706055,255300
2024-10-30,7.703701019287109,10.09000015258789,10.312000274658203,10.09000015258789,10.270000457763672,313900
2024-10-31,7.734241008758545,10.130000114440918,10.15999984741211,10.024999618530273,10.050000190734863,448800
2024-11-01,7.627349853515625,9.989999771118164,10.170000076293945,9.984999656677246,10.170000076293945,459300
2024-11-04,7.612080097198486,9.970000267028809,10.079999923706055,9.904999732971191,10.0,534400
2024-11-05,7.627349853515625,9.989999771118164,10.039999961853027,9.930000305175781,10.0,357900
2024-11-06,7.940384387969971,10.399999618530273,10.399999618530273,10.055000305175781,10.279999732971191,384500
2024-11-07,7.948019027709961,10.40999984741211,10.550000190734863,10.329999923706055,10.390000343322754,224400
2024-11-08,8.054909706115723,10.550000190734863,10.550000190734863,10.385000228881836,10.5,256500
2024-11-11,8.024371147155762,10.510000228881836,10.5600004196167,10.470000267028809,10.550000190734863,221500
2024-11-12,8.04727554321289,10.539999961853027,10.600000381469727,10.460000038146973,10.470000267028809,371200
2024-11-13,8.001463890075684,10.479999542236328,10.600000381469727,10.079999923706055,10.600000381469727,432900
2024-11-14,7.940384387969971,10.399999618530273,10.5600004196167,10.350000381469727,10.479999542236328,278600
2024-11-15,7.948019027709961,10.40999984741211,10.470000267028809,10.279999732971191,10.399999618530273,394800
2024-11-18,8.027420043945312,10.109999656677246,10.255000114440918,10.010000228881836,10.010000228881836,424800
2024-11-19,8.13064193725586,10.239999771118164,10.25,9.920000076293945,10.069999694824219,458100
2024-11-20,8.098881721496582,10.199999809265137,10.355999946594238,10.125,10.350000381469727,250100
2024-11-21,8.186222076416016,10.3100004196167,10.369999885559082,10.229999542236328,10.300000190734863,282300
2024-11-22,8.27356243133545,10.420000076293945,10.4399995803833,10.1899995803833,10.199999809265137,233500
2024-11-25,8.186222076416016,10.3100004196167,10.510000228881836,10.295000076293945,10.5,299200
2024-11-26,8.14652156829834,10.260000228881836,10.305000305175781,10.180000305175781,10.300000190734863,249400
2024-11-27,8.217982292175293,10.350000381469727,10.369999885559082,10.279999732971191,10.319999694824219,218700
2024-11-29,8.26562213897705,10.40999984741211,10.5,10.359999656677246,10.390000343322754,254300
2024-12-02,8.376784324645996,10.550000190734863,10.6899995803833,10.5,10.550000190734863,499400
2024-12-03,8.233861923217773,10.369999885559082,10.550000190734863,10.260000228881836,10.5,311300
2024-12-04,8.28944206237793,10.4399995803833,10.449999809265137,10.329999923706055,10.380000114440918,213800
2024-12-05,8.13064193725586,10.239999771118164,10.489999771118164,10.21500015258789,10.4399995803833,289600
2024-12-06,8.384724617004395,10.5600004196167,10.5649995803833,10.279999732971191,10.279999732971191,322300
2024-12-09,8.48000431060791,10.680000305175781,10.760000228881836,10.640000343322754,10.640000343322754,270200
2024-12-10,8.575285911560059,10.800000190734863,10.819999694824219,10.5600004196167,10.729999542236328,238300
2024-12-11,8.551466941833496,10.770000457763672,10.829999923706055,10.640000343322754,10.829999923706055,208300
2024-12-12,8.7023286819458,10.960000038146973,10.989999771118164,10.770000457763672,10.800000190734863,349200
2024-12-13,8.662626266479492,10.90999984741211,10.979999542236328,10.770000457763672,10.979999542236328,257500
2024-12-16,8.352964401245117,10.520000457763672,10.880000114440918,10.454999923706055,10.880000114440918,657700
2024-12-17,8.28944206237793,10.4399995803833,10.569999694824219,10.375,10.5,951500
2024-12-18,8.13064193725586,10.239999771118164,10.479999542236328,10.210000038146973,10.4399995803833,751100
2024-12-19,8.138582229614258,10.25,10.345000267028809,10.140000343322754,10.34000015258789,775500
2024-12-20,8.376784324645996,10.550000190734863,10.550000190734863,10.199999809265137,10.220000267028809,2656200
2024-12-23,8.352964401245117,10.520000457763672,10.560999870300293,10.260000228881836,10.520000457763672,507000
2024-12-24,8.559405326843262,10.779999732971191,10.800000190734863,10.479999542236328,10.5,212900
2024-12-26,8.56734561920166,10.789999961853027,10.795000076293945,10.6899995803833,10.710000038146973,362300
2024-12-27,8.670567512512207,10.920000076293945,10.960000038146973,10.61400032043457,10.6899995803833,442800
2024-12-30,8.670567512512207,10.920000076293945,11.055000305175781,10.829999923706055,10.869999885559082,456200
2024-12-31,8.7023286819458,10.960000038146973,10.984999656677246,10.819999694824219,10.930000305175781,246000
2025-01-02,8.813488006591797,11.100000381469727,11.114999771118164,10.956000328063965,10.960000038146973,294500
2025-01-03,8.813488006591797,11.100000381469727,11.180000305175781,11.020000457763672,11.180000305175781,241600
2025-01-06,8.742027282714844,11.010000228881836,11.15999984741211,10.960000038146973,11.149999618530273,194100
2025-01-07,8.742027282714844,11.010000228881836,11.107999801635742,10.920000076293945,11.100000381469727,206000
2025-01-08,8.63880729675293,10.880000114440918,10.979999542236328,10.829999923706055,10.970000267028809,204200
2025-01-10,8.63880729675293,10.880000114440918,10.890000343322754,10.779999732971191,10.850000381469727,192000
2025-01-13,8.75790786743164,11.029999732971191,11.0600004196167,10.789999961853027,10.850000381469727,254000
2025-01-14,8.916708946228027,11.229999542236328,11.244999885559082,11.039999961853027,11.050000190734863,217200
2025-01-15,9.019929885864258,11.359999656677246,11.390000343322754,11.25,11.300000190734863,318000
2025-01-16,9.04375171661377,11.390000343322754,11.4399995803833,11.390000343322754,11.40999984741211,250100
2025-01-17,9.083451271057129,11.4399995803833,11.489999771118164,11.399999618530273,11.40999984741211,300300
2025-01-21,9.091391563415527,11.449999809265137,11.569999694824219,11.40999984741211,11.449999809265137,384300
2025-01-22,8.980230331420898,11.3100004196167,11.449999809265137,11.279999732971191,11.420000076293945,194700
2025-01-23,9.051690101623535,11.399999618530273,11.420000076293945,11.289999961853027,11.289999961853027,171300
2025-01-24,9.04375171661377,11.390000343322754,11.460000038146973,11.359999656677246,11.420000076293945,144700
2025-01-27,9.07551097869873,11.430000305175781,11.460000038146973,11.354999542236328,11.399999618530273,194100
2025-01-28,9.162851333618164,11.539999961853027,11.579999923706055,11.425000190734863,11.430000305175781,188600
2025-01-29,9.035811424255371,11.380000114440918,11.59000015258789,11.369999885559082,11.5600004196167,152000
2025-01-30,9.146971702575684,11.520000457763672,11.53499984741211,11.40999984741211,11.460000038146973,158700
2025-01-31,9.218432426452637,11.609999656677246,11.619999885559082,11.505000114440918,11.520000457763672,177900
2025-02-03,9.09933090209961,11.460000038146973,11.649999618530273,11.460000038146973,11.5,237600
2025-02-04,9.04375171661377,11.390000343322754,11.581999778747559,11.345000267028809,11.5,249300
2025-02-05,9.139031410217285,11.510000228881836,11.520000457763672,11.324999809265137,11.4399995803833,360000
2025-02-06,9.146971702575684,11.520000457763672,11.67300033569336,11.510000228881836,11.510000228881836,288700
2025-02-07,9.154911994934082,11.529999732971191,11.640000343322754,11.484999656677246,11.5,149600
2025-02-10,9.107270240783691,11.470000267028809,11.54699993133545,11.40999984741211,11.539999961853027,172600
2025-02-11,9.07551097869873,11.430000305175781,11.5,11.300000190734863,11.34000015258789,307800
2025-02-12,9.067571640014648,11.420000076293945,11.4399995803833,11.329999923706055,11.399999618530273,308300
2025-02-13,9.059630393981934,11.40999984741211,11.449999809265137,11.390000343322754,11.420000076293945,130300
2025-02-14,9.107270240783691,11.470000267028809,11.520000457763672,11.420000076293945,11.430000305175781,204900
2025-02-18,9.186671257019043,11.569999694824219,11.574999809265137,11.484999656677246,11.5,260000
2025-02-19,9.186671257019043,11.569999694824219,11.574999809265137,11.5,11.550000190734863,195900
2025-02-20,9.226372718811035,11.619999885559082,11.635000228881836,11.5,11.539999961853027,231200
2025-02-21,9.23431396484375,11.630000114440918,11.729999542236328,11.619999885559082,11.680000305175781,210200
2025-02-24,9.123151779174805,11.489999771118164,11.65999984741211,11.4350004196167,11.65999984741211,227200
2025-02-25,9.07551097869873,11.430000305175781,11.569999694824219,11.335000038146973,11.489999771118164,187500
2025-02-26,9.123151779174805,11.489999771118164,11.529999732971191,11.414999961853027,11.460000038146973,189200
2025-02-27,9.004050254821777,11.34000015258789,11.53499984741211,11.265000343322754,11.5,194200
2025-02-28,9.135062217712402,11.505000114440918,11.510000228881836,11.329999923706055,11.329999923706055,212300
2025-03-03,9.035811424255371,11.380000114440918,11.569999694824219,11.3149995803833,11.510000228881836,274200
2025-03-04,8.845248222351074,11.140000343322754,11.359999656677246,11.020000457763672,11.270000457763672,335700
2025-03-05,8.797608375549316,11.079999923706055,11.140000343322754,10.9399995803833,11.130000114440918,289800
2025-03-06,8.742027282714844,11.010000228881836,11.100000381469727,10.890000343322754,11.079999923706055,357700
2025-03-07,8.996110916137695,11.329999923706055,11.345000267028809,11.0,11.020000457763672,199900
2025-03-10,8.837307929992676,11.130000114440918,11.319999694824219,11.039999961853027,11.210000038146973,273300
2025-03-11,8.7023286819458,10.960000038146973,11.199999809265137,10.8149995803833,11.130000114440918,357900
2025-03-12,8.789668083190918,11.069999694824219,11.09000015258789,10.895000457763672,11.010000228881836,267200
2025-03-13,8.591165542602539,10.819999694824219,11.109999656677246,10.805000305175781,11.109999656677246,250900
2025-03-14,8.710268020629883,10.970000267028809,11.0,10.873000144958496,10.90999984741211,177300
2025-03-17,8.646746635437012,10.890000343322754,11.140000343322754,10.869999885559082,11.0,412400
2025-03-18,8.65468692779541,10.899999618530273,10.899999618530273,10.760000228881836,10.84000015258789,222200
2025-03-19,8.5355863571167,10.75,10.960000038146973,10.630000114440918,10.899999618530273,321300
2025-03-20,8.495885848999023,10.699999809265137,10.84000015258789,10.654999732971191,10.739999771118164,309500
2025-03-21,8.408544540405273,10.59000015258789,10.670000076293945,10.239999771118164,10.529999732971191,771700
2025-03-24,8.337084770202637,10.5,10.710000038146973,10.380000114440918,10.6899995803833,721100
2025-03-25,8.352964401245117,10.520000457763672,10.579999923706055,10.4350004196167,10.539999961853027,533100
2025-03-26,8.472064018249512,10.670000076293945,10.670000076293945,10.470000267028809,10.5600004196167,536600
2025-03-27,8.611017227172852,10.845000267028809,10.850000381469727,10.630000114440918,10.670000076293945,464000
2025-03-28,8.5355863571167,10.75,10.84000015258789,10.555000305175781,10.819999694824219,880500
2025-03-31,8.502725601196289,10.350000381469727,10.414999961853027,10.09000015258789,10.390000343322754,639400
2025-04-01,8.675244331359863,10.5600004196167,10.604999542236328,10.343000411987305,10.420000076293945,442700
2025-04-02,8.59309196472168,10.460000038146973,10.5649995803833,10.425000190734863,10.5,385700
2025-04-03,8.5355863571167,10.390000343322754,10.475000381469727,10.180000305175781,10.210000038146973,429200
2025-04-04,7.894800186157227,9.609999656677246,10.175000190734863,9.557999610900879,10.149999618530273,918900
2025-04-07,7.25401496887207,8.829999923706055,9.479999542236328,8.78499984741211,9.34000015258789,912300
2025-04-08,7.097927093505859,8.640000343322754,9.279999732971191,8.5649995803833,9.050000190734863,701200
2025-04-09,7.459395885467529,9.079999923706055,9.119999885559082,8.350000381469727,8.529999732971191,785000
2025-04-10,7.139002323150635,8.6899995803833,9.4399995803833,8.569999694824219,8.920000076293945,625200
2025-04-11,7.147218704223633,8.699999809265137,8.75100040435791,8.505000114440918,8.699999809265137,443600
2025-04-14,7.303306579589844,8.890000343322754,8.970000267028809,8.670000076293945,8.800000190734863,586500
2025-04-15,7.4840407371521,9.109999656677246,9.21500015258789,8.920000076293945,8.920000076293945,349000
2025-04-16,7.33616828918457,8.930000305175781,9.15999984741211,8.920000076293945,9.109999656677246,329700
2025-04-17,7.549762725830078,9.1899995803833,9.234999656677246,8.850000381469727,8.850000381469727,281800
2025-04-21,7.418318748474121,9.029999732971191,9.140000343322754,8.829999923706055,9.109999656677246,375100
2025-04-22,7.533332347869873,9.170000076293945,9.289999961853027,9.079999923706055,9.079999923706055,224200
2025-04-23,7.689421653747559,9.359999656677246,9.510000228881836,9.319999694824219,9.319999694824219,253700
2025-04-24,7.627806663513184,9.28499984741211,9.380000114440918,9.204999923706055,9.3100004196167,229800
2025-04-25,7.599054336547852,9.25,9.34000015258789,9.170000076293945,9.34000015258789,196000
2025-04-28,7.7058515548706055,9.380000114440918,9.390000343322754,9.25,9.25,141800
2025-04-29,7.607269287109375,9.260000228881836,9.380000114440918,9.170000076293945,9.359999656677246,169500
2025-04-30,7.500472545623779,9.130000114440918,9.220000267028809,8.9399995803833,9.220000267028809,424300
2025-05-01,7.459395885467529,9.079999923706055,9.25,9.038999557495117,9.140000343322754,217100
2025-05-02,7.566192626953125,9.210000038146973,9.300000190734863,9.050000190734863,9.069999694824219,325000
2025-05-05,7.442964553833008,9.0600004196167,9.265999794006348,9.0600004196167,9.180000305175781,293000
2025-05-06,7.51690149307251,9.149999618530273,9.170000076293945,8.949999809265137,9.0,312000
2025-05-07,7.3772430419921875,8.979999542236328,9.199999809265137,8.979999542236328,9.199999809265137,259600
2025-05-08,7.475825786590576,9.100000381469727,9.25,9.050000190734863,9.109999656677246,245200
2025-05-09,7.4922566413879395,9.119999885559082,9.220000267028809,9.114999771118164,9.149999618530273,263500
2025-05-12,7.746927738189697,9.430000305175781,9.539999961853027,9.3100004196167,9.34000015258789,427600
2025-05-13,8.248053550720215,10.039999961853027,10.260000228881836,9.678000450134277,10.0,865700
2025-05-14,8.264485359191895,10.0600004196167,10.130000114440918,9.920000076293945,10.079999923706055,426400
2025-05-15,8.190547943115234,9.970000267028809,10.095000267028809,9.890000343322754,10.050000190734863,344800
2025-05-16,8.313775062561035,10.119999885559082,10.135000228881836,9.979999542236328,10.029999732971191,503100
2025-05-19,8.3563232421875,9.819999694824219,9.845000267028809,9.619999885559082,9.720000267028809,294500
2025-05-20,8.33930492401123,9.800000190734863,9.956999778747559,9.739999771118164,9.760000228881836,212100
2025-05-21,8.18613338470459,9.619999885559082,9.869999885559082,9.59000015258789,9.779999732971191,293500
2025-05-22,8.16911506652832,9.600000381469727,9.6899995803833,9.5,9.609999656677246,228000
2025-05-23,8.245699882507324,9.6899995803833,9.734999656677246,9.494999885559082,9.550000190734863,242800
2025-05-27,8.364832878112793,9.829999923706055,9.869999885559082,9.710000038146973,9.779999732971191,370700
2025-05-28,8.373342514038086,9.84000015258789,9.949999809265137,9.649999618530273,9.649999618530273,328700
2025-05-29,8.347813606262207,9.8100004196167,9.904999732971191,9.800000190734863,9.84000015258789,336900
2025-05-30,8.449928283691406,9.930000305175781,9.9399995803833,9.819999694824219,9.824999809265137,314700
2025-06-02,8.407380104064941,9.880000114440918,9.96500015258789,9.800000190734863,9.930000305175781,481100
2025-06-03,8.254209518432617,9.699999809265137,9.885000228881836,9.670000076293945,9.84000015258789,521000
2025-06-04,8.237191200256348,9.680000305175781,9.880000114440918,9.609999656677246,9.710000038146973,213500
2025-06-05,8.279738426208496,9.729999542236328,9.829999923706055,9.649999618530273,9.6899995803833,345800
2025-06-06,8.4584379196167,9.9399995803833,9.984999656677246,9.800000190734863,9.800000190734863,330900
2025-06-09,8.60309886932373,10.109999656677246,10.130000114440918,9.949999809265137,9.949999809265137,236400
2025-06-10,8.60309886932373,10.109999656677246,10.140000343322754,10.029999732971191,10.109999656677246,168200
2025-06-11,8.645647048950195,10.15999984741211,10.1899995803833,10.109999656677246,10.140000343322754,239500
2025-06-12,8.688193321228027,10.210000038146973,10.220000267028809,10.085000038146973,10.130000114440918,280400
2025-06-13,8.526514053344727,10.020000457763672,10.210000038146973,10.010000228881836,10.15999984741211,185600
2025-06-16,8.543532371520996,10.039999961853027,10.1850004196167,10.039999961853027,10.069999694824219,168500
2025-06-17,8.645647048950195,10.15999984741211,10.1850004196167,9.949999809265137,10.020000457763672,145500
2025-06-18,8.79030704498291,10.329999923706055,10.364999771118164,10.1850004196167,10.1899995803833,381500
2025-06-20,8.77328872680664,10.3100004196167,10.420000076293945,10.25,10.399999618530273,232700
2025-06-23,8.671175003051758,10.1899995803833,10.329999923706055,10.140000343322754,10.3100004196167,223400
2025-06-24,8.739251136779785,10.270000457763672,10.375,10.21500015258789,10.300000190734863,256100
2025-06-25,8.8839111328125,10.4399995803833,10.470000267028809,10.270000457763672,10.319999694824219,258200
2025-06-26,9.096648216247559,10.6899995803833,10.72700023651123,10.470000267028809,10.470000267028809,260200
2025-06-27,9.011554718017578,10.59000015258789,10.729999542236328,10.53499984741211,10.6899995803833,290600
2025-06-30,9.130685806274414,10.729999542236328,10.779999732971191,10.529999732971191,10.600000381469727,439700
2025-07-01,9.071120262145996,10.65999984741211,10.800000190734863,10.619999885559082,10.800000190734863,455100
2025-07-02,9.181744575500488,10.789999961853027,10.824999809265137,10.541999816894531,10.541999816894531,277000
2025-07-03,9.190253257751465,10.800000190734863,10.890000343322754,10.739999771118164,10.779999732971191,346000
2025-07-07,9.20727252960205,10.819999694824219,10.890000343322754,10.739999771118164,10.789999961853027,385900
2025-07-08,9.377463340759277,11.020000457763672,11.020000457763672,10.850000381469727,10.850000381469727,429200
2025-07-09,9.181744575500488,10.789999961853027,11.050000190734863,10.739999771118164,11.0,415500
2025-07-10,9.31789493560791,10.949999809265137,11.024999618530273,10.789999961853027,10.789999961853027,286900
2025-07-11,9.368953704833984,11.010000228881836,11.020000457763672,10.899999618530273,10.9399995803833,542400
2025-07-14,9.351933479309082,10.989999771118164,11.03499984741211,10.925000190734863,11.020000457763672,364700
2025-07-15,9.428520202636719,11.079999923706055,11.199999809265137,11.0,11.0,391400
2025-07-16,9.445538520812988,11.100000381469727,11.239999771118164,11.050000190734863,11.130000114440918,319700
2025-07-17,9.624238014221191,11.3100004196167,11.385000228881836,11.149999618530273,11.199999809265137,441700
2025-07-18,9.505104064941406,11.170000076293945,11.404999732971191,11.15999984741211,11.3100004196167,265700
2025-07-21,9.334915161132812,10.970000267028809,11.303000450134277,10.960000038146973,11.199999809265137,301000
2025-07-22,9.47106647491455,11.130000114440918,11.130000114440918,10.979999542236328,10.989999771118164,258900
2025-07-23,9.505104064941406,11.170000076293945,11.270000457763672,11.130000114440918,11.180000305175781,200100
2025-07-24,9.40299129486084,11.050000190734863,11.229999542236328,11.034000396728516,11.199999809265137,407700
2025-07-25,9.40299129486084,11.050000190734863,11.079999923706055,10.970000267028809,11.0600004196167,185700
2025-07-28,9.224291801452637,10.84000015258789,11.119999885559082,10.819999694824219,11.079999923706055,203500
2025-07-29,9.2498197555542,10.869999885559082,10.880000114440918,10.670000076293945,10.850000381469727,272700
2025-07-30,9.105157852172852,10.699999809265137,10.907999992370605,10.699999809265137,10.84000015258789,252000
2025-07-31,9.147706031799316,10.75,10.869999885559082,10.670000076293945,10.710000038146973,206200
2025-08-01,9.020064353942871,10.600000381469727,10.670000076293945,10.470000267028809,10.670000076293945,170800
2025-08-04,9.03708267211914,10.619999885559082,10.732000350952148,10.588000297546387,10.635000228881836,211400
2025-08-05,9.139196395874023,10.739999771118164,10.760000228881836,10.619999885559082,10.670000076293945,195300
2025-08-06,9.241310119628906,10.859999656677246,10.930000305175781,10.739999771118164,10.739999771118164,320000
2025-08-07,9.2498197555542,10.869999885559082,11.010000228881836,10.725000381469727,10.930000305175781,402600
2025-08-08,9.343422889709473,10.979999542236328,11.199999809265137,10.895000457763672,11.039999961853027,416200
2025-08-11,9.32640552520752,10.960000038146973,11.140000343322754,10.789999961853027,11.079999923706055,395700
2025-08-12,9.445538520812988,11.100000381469727,11.140000343322754,10.9399995803833,10.970000267028809,341300
2025-08-13,9.411500930786133,11.0600004196167,11.119999885559082,10.930000305175781,11.109999656677246,232700
2025-08-14,9.309386253356934,10.9399995803833,11.020000457763672,10.930000305175781,11.020000457763672,211500
2025-08-15,9.258329391479492,10.880000114440918,10.986000061035156,10.864999771118164,10.930000305175781,186100
2025-08-18,9.372737884521484,10.649999618530273,10.65999984741211,10.484999656677246,10.520000457763672,283800
2025-08-19,9.443143844604492,10.729999542236328,10.770000457763672,10.550000190734863,10.649999618530273,207000
2025-08-20,9.346336364746094,10.619999885559082,10.760000228881836,10.5600004196167,10.75,332300
2025-08-21,9.293532371520996,10.5600004196167,10.625,10.520000457763672,10.600000381469727,184000
2025-08-22,9.390339851379395,10.670000076293945,10.75,10.579999923706055,10.579999923706055,216000
2025-08-25,9.372737884521484,10.649999618530273,10.699999809265137,10.619999885559082,10.649999618530273,178200
2025-08-26,9.372737884521484,10.649999618530273,10.6899995803833,10.595000267028809,10.640000343322754,168600
2025-08-27,9.495948791503906,10.789999961853027,10.8100004196167,10.630000114440918,10.630000114440918,217500
2025-08-28,9.460744857788086,10.75,10.829999923706055,10.75,10.789999961853027,265100
2025-08-29,9.583954811096191,10.890000343322754,10.899999618530273,10.779999732971191,10.789999961853027,292200
2025-09-02,9.504749298095703,10.800000190734863,10.920000076293945,10.75,10.850000381469727,329800
2025-09-03,9.487146377563477,10.779999732971191,10.876999855041504,10.732000350952148,10.800000190734863,264700
2025-09-04,9.434343338012695,10.720000267028809,10.800000190734863,10.675000190734863,10.789999961853027,188100
2025-09-05,9.416742324829102,10.699999809265137,10.74899959564209,10.630000114440918,10.680000305175781,138400
2025-09-08,9.363937377929688,10.640000343322754,10.699999809265137,10.550000190734863,10.6899995803833,196500
2025-09-09,9.31113338470459,10.579999923706055,10.680000305175781,10.531999588012695,10.630000114440918,222100
2025-09-10,9.231926918029785,10.489999771118164,10.630000114440918,10.475000381469727,10.579999923706055,177200
2025-09-11,9.319934844970703,10.59000015258789,10.600000381469727,10.4399995803833,10.470000267028809,202600
2025-09-12,9.179122924804688,10.430000305175781,10.579999923706055,10.414999961853027,10.5600004196167,141900
2025-09-15,8.994309425354004,10.220000267028809,10.484999656677246,10.1899995803833,10.479999542236328,266400
2025-09-16,9.003108978271484,10.229999542236328,10.300000190734863,10.170000076293945,10.220000267028809,224600
2025-09-17,9.073514938354492,10.3100004196167,10.449999809265137,10.229999542236328,10.229999542236328,136100
2025-09-18,9.214326858520508,10.470000267028809,10.489999771118164,10.270999908447266,10.329999923706055,447200
2025-09-19,9.302332878112793,10.569999694824219,10.694999694824219,10.5,10.529999732971191,365400
2025-09-22,9.047112464904785,10.279999732971191,10.600000381469727,10.270000457763672,10.539999961853027,206800
2025-09-23,9.029511451721191,10.260000228881836,10.444999694824219,10.234999656677246,10.319999694824219,148200
2025-09-24,9.020710945129395,10.25,10.5,10.13700008392334,10.5,262900
2025-09-25,9.082314491271973,10.319999694824219,10.350000381469727,10.175000190734863,10.229999542236328,218700
2025-09-26,9.029511451721191,10.260000228881836,10.354999542236328,10.229999542236328,10.319999694824219,152600
2025-09-29,8.959105491638184,10.180000305175781,10.289999961853027,10.130000114440918,10.289999961853027,185800
2025-09-30,8.94150447845459,10.15999984741211,10.319999694824219,10.074999809265137,10.1899995803833,181300
2025-10-01,8.8182954788208,10.020000457763672,10.114999771118164,9.979999542236328,10.109999656677246,252900
2025-10-02,9.003108978271484,10.229999542236328,10.25,10.0,10.020000457763672,159700
2025-10-03,8.959105491638184,10.180000305175781,10.310999870300293,10.170000076293945,10.239999771118164,181100
2025-10-06,8.835895538330078,10.039999961853027,10.25,10.020000457763672,10.180000305175781,201800
2025-10-07,8.756689071655273,9.949999809265137,10.100000381469727,9.829999923706055,10.039999961853027,193300
2025-10-08,8.756689071655273,9.949999809265137,10.039999961853027,9.90999984741211,9.949999809265137,121400
2025-10-09,8.642280578613281,9.819999694824219,9.949999809265137,9.744999885559082,9.949999809265137,187800
2025-10-10,8.4486665725708,9.600000381469727,9.970000267028809,9.579999923706055,9.880000114440918,416500
2025-10-13,8.527871131896973,9.6899995803833,9.850000381469727,9.552000045776367,9.600000381469727,323900
2025-10-14,8.466266632080078,9.619999885559082,9.734999656677246,9.555000305175781,9.640000343322754,254500
2025-10-15,8.598278045654297,9.770000457763672,9.920000076293945,9.640000343322754,9.640000343322754,462100
2025-10-16,8.545473098754883,9.710000038146973,9.890000343322754,9.680000305175781,9.770000457763672,389900
2025-10-17,8.712686538696289,9.899999618530273,9.9399995803833,9.654999732971191,9.710000038146973,653300
2025-10-20,8.695085525512695,9.880000114440918,9.9399995803833,9.75,9.920000076293945,397000
2025-10-21,8.756689071655273,9.949999809265137,9.989999771118164,9.800000190734863,9.869999885559082,215800
2025-10-22,8.730287551879883,9.920000076293945,9.975000381469727,9.850000381469727,9.949999809265137,205100
2025-10-23,8.791893005371094,9.989999771118164,10.050000190734863,9.920000076293945,9.920000076293945,275100
2025-10-24,8.78309154510498,9.979999542236328,10.069999694824219,9.949999809265137,10.0,183400
2025-10-27,8.879899024963379,10.09000015258789,10.140000343322754,10.010000228881836,10.029999732971191,247900
2025-10-28,8.923903465270996,10.140000343322754,10.199999809265137,10.029999732971191,10.109999656677246,391900
2025-10-29,8.703886032104492,9.890000343322754,10.119999885559082,9.824999809265137,10.119999885559082,285200
2025-10-30,8.5894775390625,9.760000228881836,9.90999984741211,9.699999809265137,9.90999984741211,252000
2025-10-31,8.703886032104492,9.890000343322754,9.949999809265137,9.720000267028809,9.770000457763672,188200
2025-11-03,8.721487045288086,9.90999984741211,9.9399995803833,9.670000076293945,9.899999618530273,324600
2025-11-04,8.668683052062988,9.850000381469727,9.899999618530273,9.729999542236328,9.880000114440918,252700
2025-11-05,8.607077598571777,9.779999732971191,9.850000381469727,9.65999984741211,9.850000381469727,241300
2025-11-06,8.545473098754883,9.710000038146973,9.864999771118164,9.699999809265137,9.779999732971191,164700
2025-11-07,8.703886032104492,9.890000343322754,9.925000190734863,9.420000076293945,9.520000457763672,342100
2025-11-10,8.642280578613281,9.819999694824219,9.960000038146973,9.739999771118164,9.949999809265137,236100
2025-11-11,8.642280578613281,9.819999694824219,9.899999618530273,9.795000076293945,9.819999694824219,290800
2025-11-12,8.78309154510498,9.979999542236328,10.0600004196167,9.829999923706055,9.829999923706055,267700
2025-11-13,8.651081085205078,9.829999923706055,10.050000190734863,9.800000190734863,10.0,227600
2025-11-14,8.668683052062988,9.850000381469727,9.890000343322754,9.75,9.829999923706055,224200
2025-11-17,8.477462768554688,9.3100004196167,9.621000289916992,9.050000190734863,9.569999694824219,1777900
2025-11-18,8.277134895324707,9.09000015258789,9.305000305175781,9.010000228881836,9.220000267028809,685400
2025-11-19,8.167865753173828,8.970000267028809,9.270000457763672,8.949999809265137,9.100000381469727,407500
2025-11-20,8.058597564697266,8.850000381469727,9.130000114440918,8.78499984741211,9.020000457763672,600600
2025-11-21,8.085914611816406,8.880000114440918,9.0,8.6899995803833,8.8100004196167,775200
2025-11-24,7.867376327514648,8.640000343322754,8.890000343322754,8.600000381469727,8.890000343322754,688500
2025-11-25,8.186077117919922,8.989999771118164,9.015000343322754,8.585000038146973,8.585000038146973,659300
2025-11-26,8.331768989562988,9.149999618530273,9.194999694824219,8.940999984741211,8.989999771118164,350900
2025-11-28,8.368192672729492,9.1899995803833,9.265000343322754,9.154999732971191,9.199999809265137,225800
2025-12-01,8.322664260864258,9.140000343322754,9.279999732971191,9.130000114440918,9.199999809265137,338400
2025-12-02,8.331768989562988,9.149999618530273,9.25,9.119999885559082,9.15999984741211,280200
2025-12-03,8.386404037475586,9.210000038146973,9.270000457763672,9.109999656677246,9.149999618530273,472100
2025-12-04,8.340875625610352,9.15999984741211,9.319999694824219,9.15999984741211,9.210000038146973,385600
2025-12-05,8.340875625610352,9.15999984741211,9.279999732971191,9.109999656677246,9.279999732971191,517400
2025-12-08,8.359086990356445,9.180000305175781,9.25,9.100000381469727,9.149999618530273,379700
2025-12-09,8.349980354309082,9.170000076293945,9.25,9.130000114440918,9.1899995803833,307600
2025-12-10,8.43193244934082,9.260000228881836,9.329999923706055,9.130000114440918,9.140000343322754,540800
2025-12-11,8.42282772064209,9.25,9.300000190734863,9.180000305175781,9.260000228881836,442900
2025-12-12,8.486566543579102,9.319999694824219,9.460000038146973,9.270000457763672,9.279999732971191,229700
2025-12-15,8.249817848205566,9.0600004196167,9.442999839782715,8.949999809265137,9.319999694824219,649600
2025-12-16,8.176971435546875,8.979999542236328,9.140000343322754,8.9399995803833,9.109999656677246,390400
2025-12-17,8.26802921295166,9.079999923706055,9.09000015258789,8.954999923706055,8.970000267028809,286900
2025-12-18,8.24071216583252,9.050000190734863,9.125,9.0,9.069999694824219,287700
2025-12-19,8.104125022888184,8.899999618530273,9.03499984741211,8.859999656677246,9.010000228881836,648600
2025-12-22,7.994856357574463,8.779999732971191,8.90999984741211,8.779999732971191,8.890000343322754,368500
2025-12-23,7.985751152038574,8.770000457763672,8.869999885559082,8.720000267028809,8.789999961853027,339400
2025-12-24,8.104125022888184,8.899999618530273,8.9399995803833,8.770000457763672,8.789999961853027,198200
2025-12-26,8.13144302368164,8.930000305175781,8.949999809265137,8.850000381469727,8.899999618530273,279200
2025-12-29,8.11323070526123,8.90999984741211,8.99899959564209,8.890000343322754,8.949999809265137,424300
2025-12-30,8.231606483459473,9.039999961853027,9.079999923706055,8.899999618530273,8.899999618530273,414300
2025-12-31,8.13144302368164,8.930000305175781,9.09000015258789,8.925000190734863,9.039999961853027,291300
2026-01-02,8.231606483459473,9.039999961853027,9.125,8.899999618530273,8.949999809265137,204100
2026-01-05,8.39551067352295,9.220000267028809,9.239999771118164,9.039999961853027,9.100000381469727,316900
2026-01-06,8.45014476776123,9.279999732971191,9.300000190734863,9.100000381469727,9.229999542236328,383600
2026-01-07,8.304451942443848,9.119999885559082,9.324999809265137,9.039999961853027,9.25,416800
2026-01-08,8.39551067352295,9.220000267028809,9.3149995803833,9.079999923706055,9.079999923706055,287600
2026-01-09,8.468356132507324,9.300000190734863,9.324999809265137,9.199999809265137,9.220000267028809,277300
2026-01-12,8.43193244934082,9.260000228881836,9.34000015258789,9.229999542236328,9.279999732971191,161100
2026-01-13,8.43193244934082,9.260000228881836,9.345000267028809,9.180000305175781,9.300000190734863,257600
2026-01-14,8.577625274658203,9.420000076293945,9.430000305175781,9.170000076293945,9.25,228300
2026-01-15,8.732422828674316,9.59000015258789,9.59000015258789,9.329999923706055,9.390000343322754,287300
2026-01-16,8.550308227539062,9.390000343322754,9.5600004196167,9.369999885559082,9.5600004196167,298400
2026-01-20,8.39551067352295,9.220000267028809,9.331999778747559,9.130000114440918,9.152000427246094,279500
2026-01-21,8.522990226745605,9.359999656677246,9.364999771118164,9.220000267028809,9.279999732971191,200000
2026-01-22,8.56851863861084,9.40999984741211,9.444999694824219,9.359999656677246,9.369999885559082,158800
2026-01-23,8.504779815673828,9.34000015258789,9.4399995803833,9.329999923706055,9.40999984741211,150100
2026-01-26,8.386404037475586,9.210000038146973,9.364999771118164,9.095000267028809,9.34000015258789,311200
2026-01-27,8.2953462600708,9.109999656677246,9.309000015258789,9.039999961853027,9.15999984741211,345800
2026-01-28,8.331768989562988,9.149999618530273,9.265000343322754,9.130000114440918,9.130000114440918,484500
2026-01-29,8.441039085388184,9.270000457763672,9.272000312805176,9.109999656677246,9.130000114440918,333000
2026-01-30,8.340875625610352,9.15999984741211,9.307999610900879,9.09000015258789,9.199999809265137,447300
2026-02-02,8.277134895324707,9.09000015258789,9.149999618530273,8.928000450134277,9.149999618530273,316100
2026-02-03,8.158760070800781,8.960000038146973,9.109999656677246,8.930000305175781,9.100000381469727,341400
2026-02-04,8.149654388427734,8.949999809265137,9.020000457763672,8.819999694824219,9.0,526000
2026-02-05,8.085914611816406,8.880000114440918,8.90999984741211,8.609999656677246,8.880000114440918,837200
2026-02-06,8.058597564697266,8.850000381469727,8.949999809265137,8.725000381469727,8.949999809265137,451300
2026-02-09,7.976645469665527,8.760000228881836,8.859999656677246,8.710000038146973,8.859999656677246,306600
2026-02-10,8.095020294189453,8.890000343322754,8.925000190734863,8.65999984741211,8.760000228881836,422500
2026-02-11,8.031279563903809,8.819999694824219,8.930000305175781,8.75,8.890000343322754,246000
2026-02-12,7.958433151245117,8.739999771118164,8.979999542236328,8.664999961853027,8.850000381469727,369000
2026-02-13,7.821847438812256,8.59000015258789,8.739999771118164,8.569999694824219,8.739999771118164,433600
2026-02-17,7.703472137451172,8.460000038146973,8.664999961853027,8.442000389099121,8.600000381469727,359200
2026-02-18,7.694365978240967,8.449999809265137,8.527000427246094,8.40999984741211,8.449999809265137,376400
2026-02-19,7.6579437255859375,8.40999984741211,8.4350004196167,8.199999809265137,8.420000076293945,575800
2026-02-20,7.512251377105713,8.25,8.479999542236328,8.229999542236328,8.380000114440918,374900
2026-02-23,7.321030139923096,8.039999961853027,8.300000190734863,8.029999732971191,8.229999542236328,353700
2026-02-24,7.375665187835693,8.100000381469727,8.267999649047852,8.029999732971191,8.0600004196167,407000
2026-02-25,7.393876552581787,8.119999885559082,8.1850004196167,7.989999771118164,8.100000381469727,463200
2026-02-26,7.46672248840332,8.199999809265137,8.21500015258789,8.020000457763672,8.109999656677246,492900
2026-02-27,7.0569634437561035,7.75,8.204999923706055,7.739999771118164,8.199999809265137,676100
2026-03-02,7.193549633026123,7.900000095367432,7.96999979019165,7.610000133514404,7.71999979019165,590200
2026-03-03,7.257289886474609,7.96999979019165,8.055999755859375,7.800000190734863,7.860000133514404,474600
2026-03-04,7.357453346252441,8.079999923706055,8.149999618530273,7.889999866485596,8.020000457763672,457200
2026-03-05,7.257289886474609,7.96999979019165,8.180000305175781,7.96999979019165,8.079999923706055,431600
2026-03-06,7.175338268280029,7.880000114440918,7.989999771118164,7.804999828338623,7.949999809265137,373900
2026-03-09,7.175338268280029,7.880000114440918,7.90500020980835,7.690000057220459,7.800000190734863,521800
2026-03-10,7.023277759552002,7.389999866485596,7.554999828338623,7.355000019073486,7.53000020980835,677600
2026-03-11,6.966255187988281,7.329999923706055,7.420000076293945,7.239999771118164,7.369999885559082,528000
2026-03-12,6.804691314697266,7.159999847412109,7.309999942779541,7.159999847412109,7.269999980926514,470500
2026-03-13,6.300992488861084,6.630000114440918,7.059999942779541,6.630000114440918,7.019999980926514,1061300
2026-03-16,6.405533313751221,6.739999771118164,6.855000019073486,6.610000133514404,6.690000057220459,876000
2026-03-17,6.681142807006836,7.03000020980835,7.114999771118164,6.75,6.75,407600
2026-03-18,6.690646171569824,7.039999961853027,7.09499979019165,6.980000019073486,7.0,472500
2026-03-19,6.681142807006836,7.03000020980835,7.105000019073486,6.994999885559082,7.019999980926514,445800
2026-03-20,6.500571250915527,6.840000152587891,7.079999923706055,6.840000152587891,7.019999980926514,445600
2026-03-23,6.776180267333984,7.130000114440918,7.179999828338623,6.909999847412109,6.949999809265137,517700
2026-03-24,6.709653854370117,7.059999942779541,7.139999866485596,6.989999771118164,7.059999942779541,583800
2026-03-25,6.6716389656066895,7.019999980926514,7.239999771118164,6.968999862670898,7.130000114440918,693100
2026-03-26,6.472059726715088,6.809999942779541,7.059999942779541,6.795000076293945,7.0,509200
2026-03-27,6.2724809646606445,6.599999904632568,6.860000133514404,6.579999923706055,6.809999942779541,552200
2026-03-30,6.481564044952393,6.820000171661377,6.909999847412109,6.639999866485596,6.639999866485596,755900
2026-03-31,6.529082298278809,6.869999885559082,6.980000019073486,6.715000152587891,6.889999866485596,524200
2026-04-01,6.4625563621521,6.800000190734863,6.929999828338623,6.739999771118164,6.909999847412109,416400
2026-04-02,6.548089981079102,6.889999866485596,6.940000057220459,6.675000190734863,6.710000038146973,382300
2026-04-06,6.567097187042236,6.909999847412109,7.070000171661377,6.869999885559082,6.869999885559082,606400
2026-04-07,6.386526107788086,6.71999979019165,6.96999979019165,6.699999809265137,6.889999866485596,468000
2026-04-08,6.2724809646606445,6.599999904632568,6.980000019073486,6.545000076293945,6.940000057220459,831800
2026-04-09,6.262977600097656,6.590000152587891,6.679999828338623,6.545000076293945,6.619999885559082,937300
2026-04-10,6.262977600097656,6.590000152587891,6.71999979019165,6.5269999504089355,6.599999904632568,621300
2026-04-13,6.22496223449707,6.550000190734863,6.574999809265137,6.425000190734863,6.559999942779541,786100
2026-04-14,6.16793966293335,6.489999771118164,6.690000057220459,6.369999885559082,6.550000190734863,2951500
2026-04-15,6.4625563621521,6.800000190734863,6.849999904632568,6.510000228881836,6.539999961853027,1119200
2026-04-16,6.358015060424805,6.690000057220459,6.860000133514404,6.684999942779541,6.809999942779541,647900
2026-04-17,6.43404483795166,6.769999980926514,6.869999885559082,6.71999979019165,6.71999979019165,573600
2026-04-20,6.396029949188232,6.730000019073486,6.840000152587891,6.704999923706055,6.710000038146973,544000
2026-04-21,6.262977600097656,6.590000152587891,6.809999942779541,6.590000152587891,6.739999771118164,791800
2026-04-22,6.339007377624512,6.670000076293945,6.789999961853027,6.599999904632568,6.599999904632568,523000
2026-04-23,6.101413249969482,6.420000076293945,6.747000217437744,6.36299991607666,6.699999809265137,667400
2026-04-24,6.101413249969482,6.420000076293945,6.510000228881836,6.400000095367432,6.429999828338623,526600
2026-04-27,6.072902202606201,6.389999866485596,6.510000228881836,6.389999866485596,6.420000076293945,619500
2026-04-28,6.2724809646606445,6.599999904632568,6.619999885559082,6.385000228881836,6.420000076293945,610700
2026-04-29,6.177443504333496,6.5,6.599999904632568,6.425000190734863,6.510000228881836,405100
2026-04-30,6.396029949188232,6.730000019073486,6.739999771118164,6.5,6.5,409300
2026-05-01,6.510075092315674,6.849999904632568,6.925000190734863,6.690000057220459,6.710000038146973,433500
2026-05-04,6.548089981079102,6.889999866485596,6.960000038146973,6.820000171661377,6.820000171661377,346200
2026-05-05,6.472059726715088,6.809999942779541,6.900000095367432,6.71999979019165,6.849999904632568,404000
2026-05-06,6.472059726715088,6.809999942779541,6.864999771118164,6.699999809265137,6.840000152587891,525000
2026-05-07,6.491067409515381,6.829999923706055,6.880000114440918,6.699999809265137,6.820000171661377,561900
2026-05-08,6.215458393096924,6.539999961853027,6.75,6.380000114440918,6.659999847412109,1622700
2026-05-11,6.16793966293335,6.489999771118164,6.625,6.389999866485596,6.539999961853027,1056300
2026-05-12,6.329503536224365,6.659999847412109,6.679999828338623,6.440000057220459,6.519999980926514,961400
2026-05-13,6.196450710296631,6.519999980926514,6.659999847412109,6.5,6.659999847412109,535400
2026-05-14,6.339007377624512,6.670000076293945,6.690000057220459,6.380000114440918,6.460000038146973,1146200
2026-05-15,6.319999694824219,6.650000095367432,6.710000038146973,6.539999961853027,6.650000095367432,1208800
2026-05-18,6.320000171661377,6.320000171661377,6.46999979019165,6.275000095367432,6.414999961853027,1641400
2026-05-19,6.289999961853027,6.289999961853027,6.389999866485596,6.21999979019165,6.320000171661377,741400
2026-05-20,6.360000133514404,6.360000133514404,6.409999847412109,6.230000019073486,6.300000190734863,643500
2026-05-21,6.320000171661377,6.320000171661377,6.420000076293945,6.295000076293945,6.349999904632568,455700
2026-05-22,6.320000171661377,6.320000171661377,6.389999866485596,6.269999980926514,6.340000152587891,450900
2026-05-26,6.429999828338623,6.429999828338623,6.5,6.349999904632568,6.349999904632568,378000
2026-05-27,6.400000095367432,6.400000095367432,6.539999961853027,6.360000133514404,6.360000133514404,420700
2026-05-28,6.53000020980835,6.53000020980835,6.559999942779541,6.394999980926514,6.400000095367432,446700
2026-05-29,6.46999979019165,6.46999979019165,6.558000087738037,6.449999809265137,6.550000190734863,536500
2026-06-01,6.539999961853027,6.539999961853027,6.605000019073486,6.434999942779541,6.46999979019165,407400
2026-06-02,6.519999980926514,6.519999980926514,6.565000057220459,6.474999904632568,6.519999980926514,467800
2026-06-03,6.28000020980835,6.28000020980835,6.5,6.244999885559082,6.46999979019165,739800
2026-06-04,6.369999885559082,6.369999885559082,6.409999847412109,6.309999942779541,6.320000171661377,405600
2026-06-05,6.159999847412109,6.159999847412109,6.400000095367432,6.15500020980835,6.349999904632568,615400
2026-06-08,6.010000228881836,6.010000228881836,6.199999809265137,6.0,6.199999809265137,547200
2026-06-09,5.960000038146973,5.960000038146973,6.085000038146973,5.889999866485596,6.010000228881836,782200
2026-06-10,6.050000190734863,6.050000190734863,6.170000076293945,5.960000038146973,5.960000038146973,460400
2026-06-11,6.090000152587891,6.090000152587891,6.105000019073486,6.0,6.099999904632568,459100
2026-06-12,6.03000020980835,6.03000020980835,6.150000095367432,5.989999771118164,6.090000152587891,340800
2026-06-15,5.599999904632568,5.599999904632568,5.949999809265137,5.599999904632568,5.900000095367432,1304800
2026-06-16,5.699999809265137,5.699999809265137,5.75,5.627999782562256,5.650000095367432,606700
2026-06-17,5.489999771118164,5.489999771118164,5.739999771118164,5.454999923706055,5.71999979019165,650700
2026-06-18,5.570000171661377,5.570000171661377,5.59499979019165,5.460000038146973,5.539999961853027,570800
2026-06-22,5.360000133514404,5.360000133514404,5.664999961853027,5.335000038146973,5.559999942779541,496600
2026-06-23,5.389999866485596,5.389999866485596,5.5,5.320000171661377,5.320000171661377,646600
2026-06-24,5.28000020980835,5.28000020980835,5.420000076293945,5.269999980926514,5.380000114440918,395700
2026-06-25,5.260000228881836,5.260000228881836,5.335000038146973,5.210000038146973,5.239999771118164,552200
2026-06-26,5.300000190734863,5.300000190734863,5.349999904632568,5.215000152587891,5.25,549300
2026-06-29,5.480000019073486,5.480000019073486,5.53000020980835,5.300000190734863,5.300000190734863,475300
2026-06-30,5.610000133514404,5.610000133514404,5.679999828338623,5.5,5.5,471700
2026-07-01,5.599999904632568,5.599999904632568,5.730000019073486,5.570000171661377,5.630000114440918,814300
2026-07-02,5.489999771118164,5.489999771118164,5.659999847412109,5.429999828338623,5.610000133514404,858500
2026-07-06,5.590000152587891,5.590000152587891,5.679999828338623,5.489999771118164,5.489999771118164,689200
2026-07-07,5.340000152587891,5.340000152587891,5.650000095367432,5.304999828338623,5.599999904632568,1206800
2026-07-08,5.309999942779541,5.309999942779541,5.429999828338623,5.210000038146973,5.340000152587891,1063400
2026-07-09,5.269999980926514,5.269999980926514,5.389999866485596,5.190000057220459,5.320000171661377,505400
2026-07-10,5.329999923706055,5.329999923706055,5.420000076293945,5.284999847412109,5.289999961853027,561900
2026-07-13,5.289999961853027,5.289999961853027,5.400000095367432,5.269999980926514,5.329999923706055,994500
2026-07-14,5.760000228881836,5.760000228881836,5.789999961853027,5.389999866485596,5.389999866485596,1239600
2026-07-15,5.619999885559082,5.619999885559082,5.849999904632568,5.590000152587891,5.769999980926514,777100
2026-07-16,5.769999980926514,5.769999980926514,5.804999828338623,5.635000228881836,5.650000095367432,574100
2026-07-17,5.630000114440918,5.630000114440918,5.78000020980835,5.614999771118164,5.730000019073486,336700
2026-07-20,5.639999866485596,5.639999866485596,5.670000076293945,5.559999942779541,5.650000095367432,450600
2026-07-21,5.599999904632568,5.599999904632568,5.695000171661377,5.570000171661377,5.639999866485596,310200
2026-07-22,5.5,5.5,5.670000076293945,5.5,5.610000133514404,488100
2026-07-23,5.454999923706055,5.454999923706055,5.53000020980835,5.409999847412109,5.5,227069
