Date,Adjusted_Close,Close,High,Low,Open,Volume
2021-07-23,7.32537841796875,8.789999961853027,8.859999656677246,8.59000015258789,8.859999656677246,97900
2021-07-26,7.408717632293701,8.890000343322754,9.119999885559082,8.65999984741211,8.65999984741211,243700
2021-07-27,7.592056751251221,9.109999656677246,9.1899995803833,8.5600004196167,8.829999923706055,233900
2021-07-28,7.625391483306885,9.149999618530273,9.470000267028809,8.930000305175781,9.130000114440918,267100
2021-07-29,7.233706951141357,8.680000305175781,9.210000038146973,8.479999542236328,9.180000305175781,241200
2021-07-30,7.2503743171691895,8.699999809265137,8.739999771118164,8.5,8.6899995803833,185500
2021-08-02,6.883688449859619,8.260000228881836,8.949999809265137,8.119999885559082,8.630000114440918,261100
2021-08-03,7.000360488891602,8.399999618530273,8.600000381469727,8.199999809265137,8.300000190734863,476600
2021-08-04,6.575339317321777,7.889999866485596,8.600000381469727,7.849999904632568,8.5,347000
2021-08-05,6.675343990325928,8.010000228881836,8.260000228881836,7.860000133514404,7.869999885559082,234500
2021-08-06,6.775348663330078,8.130000114440918,8.232999801635742,7.949999809265137,8.199999809265137,192300
2021-08-09,6.558670520782471,7.869999885559082,8.0600004196167,7.730000019073486,7.949999809265137,179500
2021-08-10,6.858686447143555,8.229999542236328,8.25,7.849999904632568,7.849999904632568,198400
2021-08-11,6.858686447143555,8.229999542236328,8.260000228881836,7.980000019073486,8.140000343322754,386400
2021-08-12,6.675343990325928,8.010000228881836,8.295000076293945,7.994999885559082,8.199999809265137,174000
2021-08-13,6.441998481750488,7.730000019073486,8.039999961853027,7.71999979019165,7.980000019073486,207900
2021-08-16,6.275323390960693,7.53000020980835,7.670000076293945,7.420000076293945,7.639999866485596,213300
2021-08-17,6.091980934143066,7.309999942779541,7.539999961853027,7.215000152587891,7.46999979019165,195800
2021-08-18,6.02531099319458,7.230000019073486,7.497000217437744,7.210000038146973,7.25,208700
2021-08-19,5.800298690795898,6.960000038146973,7.21999979019165,6.880000114440918,7.150000095367432,200600
2021-08-20,5.841967582702637,7.010000228881836,7.098999977111816,6.869999885559082,6.880000114440918,158600
2021-08-23,6.075313568115234,7.289999961853027,7.369999885559082,7.039999961853027,7.190000057220459,229800
2021-08-24,6.191986083984375,7.429999828338623,7.449999809265137,7.21999979019165,7.320000171661377,396100
2021-08-25,6.100315093994141,7.320000171661377,7.46999979019165,7.320000171661377,7.429999828338623,148100
2021-08-26,6.03364372253418,7.239999771118164,7.375,7.159999847412109,7.25,142000
2021-08-27,6.275323390960693,7.53000020980835,7.619999885559082,7.199999809265137,7.269999980926514,257200
2021-08-30,6.150318145751953,7.380000114440918,7.7220001220703125,7.340000152587891,7.579999923706055,131800
2021-08-31,6.191986083984375,7.429999828338623,7.519999980926514,7.309999942779541,7.349999904632568,111400
2021-09-01,6.283657073974609,7.539999961853027,7.579999923706055,7.300000190734863,7.389999866485596,117100
2021-09-02,6.35866117477417,7.630000114440918,7.695000171661377,7.510000228881836,7.590000152587891,116400
2021-09-03,6.283657073974609,7.539999961853027,7.629000186920166,7.440000057220459,7.619999885559082,96000
2021-09-07,6.233653545379639,7.480000019073486,7.71999979019165,7.429999828338623,7.579999923706055,95500
2021-09-08,6.058645248413086,7.269999980926514,7.519999980926514,7.239999771118164,7.489999771118164,207100
2021-09-09,6.008643627166748,7.210000038146973,7.380000114440918,7.150000095367432,7.239999771118164,107100
2021-09-10,6.083647727966309,7.300000190734863,7.349999904632568,7.130000114440918,7.329999923706055,205200
2021-09-13,6.392268180847168,7.559999942779541,7.659999847412109,7.25,7.25,194800
2021-09-14,6.316169261932373,7.46999979019165,7.690000057220459,7.409999847412109,7.639999866485596,259200
2021-09-15,6.400724411010742,7.570000171661377,7.940000057220459,7.369999885559082,7.429999828338623,313900
2021-09-16,6.324625492095947,7.480000019073486,7.579999923706055,7.309999942779541,7.579999923706055,198100
2021-09-17,6.248526573181152,7.389999866485596,7.480000019073486,7.170000076293945,7.429999828338623,595300
2021-09-20,5.94413423538208,7.03000020980835,7.21999979019165,6.914999961853027,7.159999847412109,202200
2021-09-21,5.9525885581970215,7.039999961853027,7.130000114440918,6.920000076293945,7.130000114440918,117100
2021-09-22,6.087873458862305,7.199999809265137,7.289999961853027,7.130000114440918,7.159999847412109,151200
2021-09-23,6.290803909301758,7.440000057220459,7.480000019073486,7.235000133514404,7.239999771118164,143200
2021-09-24,6.248526573181152,7.389999866485596,7.579999923706055,7.389999866485596,7.400000095367432,94400
2021-09-27,6.789671421051025,8.029999732971191,8.130000114440918,7.489999771118164,7.599999904632568,248900
2021-09-28,6.806582927703857,8.050000190734863,8.449999809265137,8.010000228881836,8.199999809265137,200600
2021-09-29,6.992600917816162,8.270000457763672,8.34000015258789,7.929999828338623,8.09000015258789,182000
2021-09-30,7.051788806915283,8.34000015258789,8.449999809265137,8.1899995803833,8.279999732971191,162700
2021-10-01,7.034876823425293,8.319999694824219,8.460000038146973,8.12600040435791,8.369999885559082,209300
2021-10-04,7.119431972503662,8.420000076293945,8.6899995803833,8.329999923706055,8.430000305175781,222800
2021-10-05,7.043333053588867,8.329999923706055,8.600000381469727,8.170000076293945,8.520000457763672,146200
2021-10-06,6.7558488845825195,7.989999771118164,8.220000267028809,7.78000020980835,8.199999809265137,182900
2021-10-07,7.001056671142578,8.279999732971191,8.380000114440918,7.920000076293945,7.920000076293945,98100
2021-10-08,7.1363420486450195,8.4399995803833,8.550000190734863,8.260000228881836,8.329999923706055,81700
2021-10-11,7.043333053588867,8.329999923706055,8.649999618530273,8.289999961853027,8.569999694824219,83900
2021-10-12,6.950323581695557,8.220000267028809,8.479999542236328,8.149999618530273,8.34000015258789,61200
2021-10-13,6.831948280334473,8.079999923706055,8.145000457763672,7.960000038146973,8.109999656677246,92300
2021-10-14,6.916501522064209,8.180000305175781,8.34000015258789,8.138999938964844,8.149999618530273,122400
2021-10-15,6.941868782043457,8.210000038146973,8.420000076293945,8.199999809265137,8.399999618530273,114300
2021-10-18,6.629019260406494,7.840000152587891,8.329999923706055,7.630000114440918,8.25,290400
2021-10-19,6.933412075042725,8.199999809265137,8.210000038146973,7.730000019073486,7.949999809265137,182600
2021-10-20,7.0095109939575195,8.289999961853027,8.300000190734863,8.050000190734863,8.170000076293945,64600
2021-10-21,7.068697929382324,8.359999656677246,8.449999809265137,8.289999961853027,8.369999885559082,169700
2021-10-22,6.950323581695557,8.220000267028809,8.430000305175781,8.130000114440918,8.380000114440918,115700
2021-10-25,7.017967224121094,8.300000190734863,8.609999656677246,8.270000457763672,8.270000457763672,84500
2021-10-26,6.950323581695557,8.220000267028809,8.539999961853027,8.147000312805176,8.289999961853027,126200
2021-10-27,6.696662425994873,7.920000076293945,8.239999771118164,7.900000095367432,8.100000381469727,126800
2021-10-28,6.637474060058594,7.849999904632568,8.020000457763672,7.840000152587891,7.909999847412109,130000
2021-10-29,6.417634010314941,7.590000152587891,7.909999847412109,7.53000020980835,7.840000152587891,197700
2021-11-01,6.705117702484131,7.929999828338623,8.210000038146973,7.610000133514404,7.610000133514404,304500
2021-11-02,6.806582927703857,8.050000190734863,8.390000343322754,7.849999904632568,8.119999885559082,390100
2021-11-03,7.20398473739624,8.520000457763672,8.649999618530273,7.809999942779541,7.809999942779541,244800
2021-11-04,7.102519989013672,8.399999618530273,8.859999656677246,8.359999656677246,8.630000114440918,143500
2021-11-05,7.077154159545898,8.369999885559082,8.630000114440918,8.229999542236328,8.479999542236328,197400
2021-11-08,7.1363420486450195,8.4399995803833,8.640000343322754,8.359000205993652,8.489999771118164,131400
2021-11-09,7.068697929382324,8.359999656677246,8.380000114440918,8.069999694824219,8.359999656677246,83600
2021-11-10,6.722028732299805,7.949999809265137,8.359999656677246,7.920000076293945,8.279999732971191,133000
2021-11-11,6.64592981338501,7.860000133514404,8.020000457763672,7.809999942779541,7.960000038146973,92800
2021-11-12,6.451456546783447,7.630000114440918,7.900000095367432,7.539999961853027,7.900000095367432,136400
2021-11-15,6.400724411010742,7.570000171661377,7.710000038146973,7.329999923706055,7.639999866485596,187600
2021-11-16,6.3669023513793945,7.53000020980835,7.65500020980835,7.5,7.510000228881836,143900
2021-11-17,6.05405330657959,7.159999847412109,7.500999927520752,7.150000095367432,7.460000038146973,175400
2021-11-18,5.8257575035095215,6.889999866485596,7.21999979019165,6.78000020980835,7.159999847412109,219500
2021-11-19,5.597463130950928,6.619999885559082,6.820000171661377,6.510000228881836,6.75,170800
2021-11-22,5.758114814758301,6.809999942779541,6.889999866485596,6.614999771118164,6.670000076293945,176100
2021-11-23,5.851124286651611,6.920000076293945,7.170000076293945,6.869999885559082,6.900000095367432,100000
2021-11-24,6.020232200622559,7.119999885559082,7.260000228881836,6.940000057220459,6.96999979019165,123700
2021-11-26,5.715838432312012,6.760000228881836,6.875,6.449999809265137,6.739999771118164,178100
2021-11-29,5.775025844573975,6.829999923706055,7.050000190734863,6.78000020980835,6.949999809265137,191300
2021-11-30,5.783481121063232,6.840000152587891,6.900000095367432,6.550000190734863,6.639999866485596,220500
2021-12-01,5.479086875915527,6.480000019073486,7.070000171661377,6.460000038146973,7.070000171661377,263200
2021-12-02,5.690471649169922,6.730000019073486,6.78000020980835,6.388999938964844,6.480000019073486,144700
2021-12-03,5.43681001663208,6.429999828338623,6.829999923706055,6.369999885559082,6.820000171661377,396700
2021-12-06,5.544257164001465,6.449999809265137,6.570000171661377,6.210000038146973,6.329999923706055,304200
2021-12-07,5.673193454742432,6.599999904632568,6.78000020980835,6.519999980926514,6.519999980926514,262900
2021-12-08,5.716172218322754,6.650000095367432,6.710000038146973,6.559999942779541,6.690000057220459,200900
2021-12-09,5.802128791809082,6.75,6.769999980926514,6.510000228881836,6.730000019073486,195000
2021-12-10,5.91387414932251,6.880000114440918,6.909999847412109,6.610000133514404,6.800000190734863,316000
2021-12-13,5.664597511291504,6.590000152587891,6.900000095367432,6.559999942779541,6.760000228881836,197000
2021-12-14,5.475491046905518,6.369999885559082,6.71999979019165,6.349999904632568,6.53000020980835,259000
2021-12-15,5.466895580291748,6.360000133514404,6.429999828338623,6.110000133514404,6.340000152587891,212900
2021-12-16,5.6130242347717285,6.53000020980835,6.71999979019165,6.380000114440918,6.380000114440918,220700
2021-12-17,5.552853107452393,6.460000038146973,6.590000152587891,6.300000190734863,6.510000228881836,244800
2021-12-20,5.552853107452393,6.460000038146973,6.5,6.139999866485596,6.360000133514404,149700
2021-12-21,5.784937858581543,6.730000019073486,6.800000190734863,6.53000020980835,6.53000020980835,226300
2021-12-22,5.7677459716796875,6.710000038146973,6.840000152587891,6.570000171661377,6.690000057220459,126700
2021-12-23,5.690385341644287,6.619999885559082,6.800000190734863,6.579999923706055,6.760000228881836,92100
2021-12-27,5.595832347869873,6.510000228881836,6.639999866485596,6.380000114440918,6.639999866485596,191000
2021-12-28,5.6130242347717285,6.53000020980835,6.630000114440918,6.480000019073486,6.510000228881836,185000
2021-12-29,5.509873867034912,6.409999847412109,6.53000020980835,6.329999923706055,6.53000020980835,183000
2021-12-30,5.509873867034912,6.409999847412109,6.460000038146973,6.300000190734863,6.380000114440918,290600
2021-12-31,5.630213737487793,6.550000190734863,6.570000171661377,6.400000095367432,6.400000095367432,104900
2022-01-03,6.025618553161621,7.010000228881836,7.034999847412109,6.599999904632568,6.599999904632568,167400
2022-01-04,6.40383243560791,7.449999809265137,7.519999980926514,7.059999942779541,7.059999942779541,220500
2022-01-05,6.360853672027588,7.400000095367432,7.860000133514404,7.340000152587891,7.519999980926514,285200
2022-01-06,6.524171829223633,7.590000152587891,7.699999809265137,7.320000171661377,7.5,107300
2022-01-07,6.60153341293335,7.679999828338623,7.78000020980835,7.53000020980835,7.599999904632568,125200
2022-01-10,6.549960613250732,7.619999885559082,7.739999771118164,7.5,7.730000019073486,104300
2022-01-11,6.678894996643066,7.769999980926514,7.840000152587891,7.539999961853027,7.659999847412109,127300
2022-01-12,6.610130310058594,7.690000057220459,7.869999885559082,7.660999774932861,7.849999904632568,145100
2022-01-13,6.842214107513428,7.960000038146973,7.980000019073486,7.650000095367432,7.650000095367432,162900
2022-01-14,6.842214107513428,7.960000038146973,8.050000190734863,7.71999979019165,7.900000095367432,158400
2022-01-18,6.704683780670166,7.800000190734863,8.149999618530273,7.730000019073486,8.09000015258789,130900
2022-01-19,6.610130310058594,7.690000057220459,7.829999923706055,7.559999942779541,7.820000171661377,85300
2022-01-20,6.4640021324157715,7.519999980926514,7.840000152587891,7.510000228881836,7.590000152587891,138600
2022-01-21,6.343662261962891,7.380000114440918,7.610000133514404,7.300000190734863,7.46999979019165,178300
2022-01-24,6.575746536254883,7.650000095367432,7.679999828338623,7.039999961853027,7.21999979019165,156300
2022-01-25,6.7906413078308105,7.900000095367432,8.010000228881836,7.369999885559082,7.579999923706055,97400
2022-01-26,6.6359171867370605,7.71999979019165,8.09000015258789,7.599999904632568,7.949999809265137,108900
2022-01-27,6.4640021324157715,7.519999980926514,7.908999919891357,7.389999866485596,7.71999979019165,95900
2022-01-28,6.558555603027344,7.630000114440918,7.710000038146973,7.360000133514404,7.480000019073486,120800
2022-01-31,6.627320766448975,7.710000038146973,7.804999828338623,7.460000038146973,7.550000190734863,105800
2022-02-01,6.885193824768066,8.010000228881836,8.079999923706055,7.699999809265137,7.730000019073486,107700
2022-02-02,6.730470180511475,7.829999923706055,7.989999771118164,7.78000020980835,7.960000038146973,235900
2022-02-03,6.575746536254883,7.650000095367432,7.869999885559082,7.579999923706055,7.869999885559082,129500
2022-02-04,6.773449420928955,7.880000114440918,7.949999809265137,7.630000114440918,7.699999809265137,693400
2022-02-07,6.910980701446533,8.039999961853027,8.050000190734863,7.690000057220459,7.789999961853027,181700
2022-02-08,6.558555603027344,7.630000114440918,7.985000133514404,7.616000175476074,7.96999979019165,249400
2022-02-09,6.481193542480469,7.539999961853027,7.789999961853027,7.5,7.699999809265137,143900
2022-02-10,6.704683780670166,7.800000190734863,7.894999980926514,7.519999980926514,7.519999980926514,421100
2022-02-11,6.962555885314941,8.100000381469727,8.140000343322754,7.800000190734863,7.849999904632568,681600
2022-02-14,6.868001461029053,7.989999771118164,8.23900032043457,7.860000133514404,8.140000343322754,191300
2022-02-15,6.885193824768066,8.010000228881836,8.09000015258789,7.829999923706055,7.840000152587891,357200
2022-02-16,7.246216297149658,8.430000305175781,8.550000190734863,8.109999656677246,8.109999656677246,162800
2022-02-17,7.400938034057617,8.609999656677246,8.65999984741211,8.359999656677246,8.390000343322754,571500
2022-02-18,7.2376203536987305,8.420000076293945,8.649999618530273,8.380000114440918,8.460000038146973,217800
2022-02-22,7.082895278930664,8.239999771118164,8.569999694824219,8.0,8.319999694824219,458000
2022-02-23,7.254810810089111,8.4399995803833,8.555000305175781,8.170000076293945,8.369999885559082,574000
2022-02-24,7.289193153381348,8.479999542236328,8.550000190734863,8.029999732971191,8.550000190734863,367400
2022-02-25,7.916684627532959,9.210000038146973,9.23799991607666,8.529999732971191,8.529999732971191,653400
2022-02-28,8.939577102661133,10.399999618530273,10.460000038146973,9.25,9.25,884300
2022-03-01,8.346471786499023,9.710000038146973,10.640000343322754,9.550000190734863,10.539999961853027,412600
2022-03-02,8.578554153442383,9.979999542236328,10.050000190734863,9.649999618530273,9.829999923706055,204400
2022-03-03,8.638726234436035,10.050000190734863,10.100000381469727,9.729999542236328,9.800000190734863,294500
2022-03-04,8.981843948364258,10.34000015258789,10.34000015258789,9.84000015258789,9.84000015258789,695900
2022-03-07,9.207691192626953,10.600000381469727,11.039999961853027,10.399999618530273,10.5,594100
2022-03-08,9.720194816589355,11.1899995803833,11.289999961853027,10.460000038146973,10.819999694824219,677400
2022-03-09,9.433541297912598,10.859999656677246,10.989999771118164,10.420000076293945,10.84000015258789,472000
2022-03-10,9.64201831817627,11.100000381469727,11.3100004196167,10.84000015258789,10.949999809265137,251200
2022-03-11,9.303244590759277,10.710000038146973,11.069999694824219,10.520000457763672,10.890000343322754,176100
2022-03-14,9.17294692993164,10.5600004196167,10.625,9.930000305175781,10.479999542236328,358000
2022-03-15,9.14688491821289,10.529999732971191,10.600000381469727,10.029999732971191,10.130000114440918,282800
2022-03-16,9.711509704589844,11.180000305175781,11.199999809265137,10.489999771118164,10.520000457763672,579300
2022-03-17,9.83311939239502,11.319999694824219,11.505000114440918,11.050000190734863,11.260000228881836,346500
2022-03-18,9.702821731567383,11.170000076293945,11.390000343322754,10.920000076293945,11.390000343322754,395500
2022-03-21,10.102400779724121,11.630000114440918,11.779999732971191,11.300000190734863,11.300000190734863,237600
2022-03-22,9.9721040725708,11.479999542236328,11.859999656677246,11.279999732971191,11.710000038146973,199000
2022-03-23,10.354310989379883,11.920000076293945,12.029999732971191,11.699999809265137,11.729999542236328,252200
2022-03-24,10.206639289855957,11.75,11.996999740600586,11.720000267028809,11.920000076293945,176200
2022-03-25,10.406427383422852,11.979999542236328,12.100000381469727,11.569999694824219,11.609999656677246,331000
2022-03-28,9.520405769348145,10.960000038146973,11.75,10.880000114440918,11.75,278500
2022-03-29,9.55515193939209,11.0,11.104999542236328,10.420000076293945,10.770000457763672,307400
2022-03-30,9.494344711303711,10.930000305175781,11.329999923706055,10.880000114440918,11.050000190734863,204700
2022-03-31,9.807061195373535,11.289999961853027,11.369999885559082,10.789999961853027,10.789999961853027,291500
2022-04-01,9.911300659179688,11.40999984741211,11.59000015258789,11.210000038146973,11.220000267028809,155900
2022-04-04,9.876550674438477,11.369999885559082,11.5600004196167,11.050000190734863,11.479999542236328,189600
2022-04-05,9.537778854370117,10.979999542236328,11.625,10.949999809265137,11.369999885559082,187100
2022-04-06,9.364048957824707,10.779999732971191,11.15999984741211,10.680000305175781,11.069999694824219,181000
2022-04-07,9.2945556640625,10.699999809265137,10.930000305175781,10.5,10.829999923706055,137500
2022-04-08,9.58121109008789,11.029999732971191,11.1899995803833,10.680000305175781,10.739999771118164,205200
2022-04-11,9.329302787780762,10.739999771118164,10.979999542236328,10.649999618530273,10.960000038146973,130400
2022-04-12,9.624643325805664,11.079999923706055,11.260000228881836,10.890000343322754,10.890000343322754,135100
2022-04-13,9.867864608764648,11.359999656677246,11.5,11.140000343322754,11.260000228881836,201600
2022-04-14,9.893925666809082,11.390000343322754,11.510000228881836,11.1899995803833,11.369999885559082,137300
2022-04-18,9.876550674438477,11.369999885559082,11.760000228881836,11.199999809265137,11.449999809265137,494600
2022-04-19,9.989477157592773,11.5,11.699999809265137,11.130000114440918,11.319999694824219,198200
2022-04-20,10.180581092834473,11.720000267028809,11.800000190734863,11.210000038146973,11.569999694824219,269400
2022-04-21,9.737567901611328,11.210000038146973,11.800000190734863,11.050000190734863,11.770000457763672,218400
2022-04-22,9.44222640991211,10.869999885559082,11.444999694824219,10.770000457763672,11.069999694824219,234800
2022-04-25,8.860231399536133,10.199999809265137,10.460000038146973,9.699999809265137,10.399999618530273,255600
2022-04-26,8.929722785949707,10.279999732971191,10.649999618530273,10.15999984741211,10.15999984741211,194300
2022-04-27,9.10345458984375,10.479999542236328,10.630000114440918,9.979999542236328,10.279999732971191,136200
2022-04-28,9.268497467041016,10.670000076293945,10.880000114440918,10.220000267028809,10.529999732971191,146900
2022-04-29,9.77231502532959,11.25,11.699999809265137,11.050000190734863,11.399999618530273,347500
2022-05-02,10.163207054138184,11.699999809265137,11.789999961853027,11.050999641418457,11.279999732971191,952800
2022-05-03,10.580160140991211,12.180000305175781,12.399999618530273,11.75,11.800000190734863,541700
2022-05-04,10.91893196105957,12.569999694824219,12.600000381469727,11.949999809265137,12.399999618530273,552000
2022-05-05,10.675711631774902,12.289999961853027,12.630000114440918,11.75,12.630000114440918,275300
2022-05-06,10.649652481079102,12.260000228881836,12.517000198364258,12.119999885559082,12.479999542236328,201800
2022-05-09,9.416169166564941,10.84000015258789,12.020000457763672,10.779999732971191,12.020000457763672,324900
2022-05-10,10.232699394226074,11.779999732971191,12.135000228881836,11.210000038146973,11.359999656677246,311300
2022-05-11,10.058968544006348,11.579999923706055,12.380000114440918,11.569999694824219,11.960000038146973,222400
2022-05-12,10.093717575073242,11.619999885559082,11.789999961853027,11.210000038146973,11.5,199000
2022-05-13,10.528039932250977,12.119999885559082,12.279999732971191,11.779999732971191,11.800000190734863,242900
2022-05-16,11.014486312866211,12.680000305175781,12.789999961853027,12.229999542236328,12.229999542236328,362600
2022-05-17,11.014486312866211,12.680000305175781,13.0,12.65999984741211,12.869999885559082,293500
2022-05-18,10.85812759399414,12.5,13.064000129699707,12.289999961853027,12.770000457763672,252800
2022-05-19,10.944992065429688,12.600000381469727,13.0600004196167,12.149999618530273,12.149999618530273,374200
2022-05-20,10.988426208496094,12.649999618530273,12.869999885559082,12.449999809265137,12.739999771118164,210300
2022-05-23,11.144782066345215,12.829999923706055,12.880000114440918,12.430000305175781,12.6899995803833,366800
2022-05-24,11.1708402633667,12.859999656677246,13.029999732971191,12.460000038146973,12.680000305175781,429300
2022-05-25,11.457494735717773,13.1899995803833,13.25,12.6899995803833,12.890000343322754,269400
2022-05-26,12.013432502746582,13.829999923706055,13.949999809265137,13.25,13.25,1072700
2022-05-27,12.230594635009766,14.079999923706055,14.25,13.649999618530273,13.710000038146973,230300
2022-05-31,11.709403991699219,13.479999542236328,14.609999656677246,13.279999732971191,14.220000267028809,246100
2022-06-01,12.213223457336426,14.0600004196167,14.15999984741211,13.619999885559082,13.649999618530273,225700
2022-06-02,12.100296974182129,13.930000305175781,14.130000114440918,13.5600004196167,14.020000457763672,219800
2022-06-03,12.152417182922363,13.989999771118164,14.1899995803833,13.800000190734863,13.899999618530273,285200
2022-06-06,12.323083877563477,14.079999923706055,14.229999542236328,13.739999771118164,14.0,299400
2022-06-07,12.47187328338623,14.25,14.430000305175781,13.880000114440918,14.119999885559082,228400
2022-06-08,12.410605430603027,14.180000305175781,14.496000289916992,13.899999618530273,14.420000076293945,241600
2022-06-09,11.657918930053711,13.319999694824219,14.039999961853027,13.1899995803833,14.039999961853027,316500
2022-06-10,12.078022003173828,13.800000190734863,13.850000381469727,12.880000114440918,13.15999984741211,464800
2022-06-13,11.054015159606934,12.630000114440918,13.319999694824219,12.470000267028809,13.319999694824219,269500
2022-06-14,11.377847671508789,13.0,13.0600004196167,12.569999694824219,12.819999694824219,658600
2022-06-15,11.45661735534668,13.09000015258789,13.760000228881836,13.020000457763672,13.1899995803833,1042900
2022-06-16,11.089025497436523,12.670000076293945,12.899999618530273,12.180000305175781,12.739999771118164,496700
2022-06-17,9.574894905090332,10.9399995803833,12.670000076293945,10.920000076293945,12.670000076293945,514200
2022-06-21,10.485121726989746,11.979999542236328,12.210000038146973,11.02400016784668,11.180000305175781,425400
2022-06-22,9.592400550842285,10.960000038146973,11.420000076293945,10.920000076293945,11.34000015258789,341200
2022-06-23,9.242313385009766,10.5600004196167,11.085000038146973,10.289999961853027,11.020000457763672,381600
2022-06-24,9.662418365478516,11.039999961853027,11.25,10.680000305175781,10.720000267028809,1168200
2022-06-27,10.021257400512695,11.449999809265137,11.585000038146973,11.100000381469727,11.279999732971191,234600
2022-06-28,10.082523345947266,11.520000457763672,11.75,11.270000457763672,11.75,537000
2022-06-29,9.889975547790527,11.300000190734863,11.75,11.020000457763672,11.720000267028809,194000
2022-06-30,9.522383689880371,10.880000114440918,11.220000267028809,10.6850004196167,10.920000076293945,378900
2022-07-01,9.653664588928223,11.029999732971191,11.199999809265137,10.510000228881836,10.970000267028809,138300
2022-07-05,8.717181205749512,9.960000038146973,10.6899995803833,9.770000457763672,10.6899995803833,226000
2022-07-06,8.515880584716797,9.729999542236328,10.0600004196167,9.289999961853027,9.699999809265137,281800
2022-07-07,8.577146530151367,9.800000190734863,10.239999771118164,9.760000228881836,9.869999885559082,435900
2022-07-08,8.778447151184082,10.029999732971191,10.140000343322754,9.649999618530273,9.9399995803833,217000
2022-07-11,8.55088996887207,9.770000457763672,9.899999618530273,9.460000038146973,9.779999732971191,213800
2022-07-12,8.419605255126953,9.619999885559082,9.65999984741211,9.1899995803833,9.489999771118164,194500
2022-07-13,8.717181205749512,9.960000038146973,10.069999694824219,9.479999542236328,9.5,329700
2022-07-14,8.157041549682617,9.319999694824219,9.630999565124512,9.119999885559082,9.5,169400
2022-07-15,8.323332786560059,9.510000228881836,9.609999656677246,9.335000038146973,9.609999656677246,245800
2022-07-18,8.498377799987793,9.710000038146973,10.109999656677246,9.670000076293945,9.819999694824219,134200
2022-07-19,8.787198066711426,10.039999961853027,10.0649995803833,9.680000305175781,9.819999694824219,281100
2022-07-20,8.927233695983887,10.199999809265137,10.239999771118164,9.739999771118164,9.869999885559082,485900
2022-07-21,8.297077178955078,9.479999542236328,9.859999656677246,9.260000228881836,9.859999656677246,340400
2022-07-22,8.227059364318848,9.399999618530273,9.704999923706055,9.289999961853027,9.529999732971191,218300
2022-07-25,8.795950889587402,10.050000190734863,10.119999885559082,9.369999885559082,9.569999694824219,148300
2022-07-26,8.655915260314941,9.890000343322754,10.329999923706055,9.869999885559082,10.199999809265137,83000
2022-07-27,9.163544654846191,10.470000267028809,10.5,9.843999862670898,9.899999618530273,144700
2022-07-28,9.181046485900879,10.489999771118164,10.699999809265137,10.300000190734863,10.699999809265137,217100
2022-07-29,9.706178665161133,11.09000015258789,11.09000015258789,10.510000228881836,10.640000343322754,290700
2022-08-01,9.356088638305664,10.6899995803833,10.779999732971191,10.34000015258789,10.720000267028809,271200
2022-08-02,9.933734893798828,11.350000381469727,11.5,10.15999984741211,10.260000228881836,413100
2022-08-03,9.802452087402344,11.199999809265137,11.859999656677246,10.90999984741211,11.59000015258789,324500
2022-08-04,9.39109992980957,10.729999542236328,11.210000038146973,10.6899995803833,11.210000038146973,190900
2022-08-05,9.566143035888672,10.930000305175781,11.25,10.579999923706055,10.579999923706055,124300
2022-08-08,9.25981616973877,10.579999923706055,11.085000038146973,10.494999885559082,10.970000267028809,201500
2022-08-09,9.329833030700684,10.65999984741211,10.970000267028809,10.539999961853027,10.789999961853027,81700
2022-08-10,9.154789924621582,10.460000038146973,10.680000305175781,10.319999694824219,10.680000305175781,113300
2022-08-11,9.67992115020752,11.0600004196167,11.109999656677246,10.710000038146973,10.710000038146973,223500
2022-08-12,9.67992115020752,11.0600004196167,11.09000015258789,10.640000343322754,11.0600004196167,140900
2022-08-15,9.408604621887207,10.75,10.789999961853027,10.399999618530273,10.75,169900
2022-08-16,9.04101276397705,10.329999923706055,10.970000267028809,10.210000038146973,10.84000015258789,228500
2022-08-17,9.216055870056152,10.529999732971191,10.710000038146973,10.140000343322754,10.210000038146973,135600
2022-08-18,9.426109313964844,10.770000457763672,10.850000381469727,10.59000015258789,10.739999771118164,158600
2022-08-19,9.356088638305664,10.6899995803833,10.777000427246094,10.479999542236328,10.6899995803833,141500
2022-08-22,9.356088638305664,10.6899995803833,10.845000267028809,10.359999656677246,10.550000190734863,332400
2022-08-23,9.627409934997559,11.0,11.25,10.899999618530273,10.899999618530273,231700
2022-08-24,9.86371898651123,11.270000457763672,11.319999694824219,10.930000305175781,11.09000015258789,461300
2022-08-25,10.012505531311035,11.4399995803833,11.515000343322754,11.25,11.350000381469727,122600
2022-08-26,9.636161804199219,11.010000228881836,11.4399995803833,10.899999618530273,11.4399995803833,105900
2022-08-29,9.776196479797363,11.170000076293945,11.390000343322754,10.975000381469727,11.0,144800
2022-08-30,9.233560562133789,10.550000190734863,11.170000076293945,10.430000305175781,11.050000190734863,160000
2022-08-31,9.364843368530273,10.699999809265137,10.949999809265137,10.350000381469727,10.350000381469727,285200
2022-09-01,8.96224308013916,10.239999771118164,10.59000015258789,9.989999771118164,10.510000228881836,169700
2022-09-02,9.170049667358398,10.369999885559082,10.524999618530273,10.229999542236328,10.359999656677246,107800
2022-09-06,9.002037048339844,10.180000305175781,10.569999694824219,10.069999694824219,10.460000038146973,165300
2022-09-07,9.1788911819458,10.380000114440918,10.420000076293945,9.75,10.0,175500
2022-09-08,9.019721031188965,10.199999809265137,10.477999687194824,10.1899995803833,10.369999885559082,98300
2022-09-09,9.26732349395752,10.479999542236328,10.59000015258789,10.40999984741211,10.4399995803833,78000
2022-09-12,9.355749130249023,10.579999923706055,10.8100004196167,10.470000267028809,10.630000114440918,95100
2022-09-13,8.948979377746582,10.119999885559082,10.625,10.0600004196167,10.319999694824219,91300
2022-09-14,9.453020095825195,10.6899995803833,10.79699993133545,10.25,10.25,125600
2022-09-15,9.11699390411377,10.3100004196167,10.520000457763672,10.180000305175781,10.420000076293945,95500
2022-09-16,8.816336631774902,9.970000267028809,10.300000190734863,9.949999809265137,10.220000267028809,229700
2022-09-19,9.48839282989502,10.729999542236328,10.800000190734863,9.84000015258789,9.84000015258789,227100
2022-09-20,8.860549926757812,10.020000457763672,10.5,10.010000228881836,10.5,140900
2022-09-21,8.87823486328125,10.039999961853027,10.40999984741211,10.020000457763672,10.149999618530273,114900
2022-09-22,8.736747741699219,9.880000114440918,10.3100004196167,9.779999732971191,10.079999923706055,132400
2022-09-23,8.064690589904785,9.119999885559082,9.5,9.020000457763672,9.489999771118164,192100
2022-09-26,7.764032363891602,8.779999732971191,9.289999961853027,8.710000038146973,8.84000015258789,136100
2022-09-27,7.967421531677246,9.010000228881836,9.319999694824219,8.819999694824219,8.989999771118164,167800
2022-09-28,8.497992515563965,9.609999656677246,9.6899995803833,9.039999961853027,9.100000381469727,179300
2022-09-29,8.250393867492676,9.329999923706055,9.470000267028809,9.079999923706055,9.40999984741211,170300
2022-09-30,8.2769193649292,9.359999656677246,9.600000381469727,9.149999618530273,9.239999771118164,401900
2022-10-03,8.727907180786133,9.869999885559082,9.90999984741211,9.640000343322754,9.739999771118164,330800
2022-10-04,9.072776794433594,10.260000228881836,10.34000015258789,9.949999809265137,10.079999923706055,166600
2022-10-05,9.382278442382812,10.609999656677246,10.6899995803833,10.260000228881836,10.260000228881836,131900
2022-10-06,9.373435974121094,10.600000381469727,10.71500015258789,10.5,10.510000228881836,96700
2022-10-07,9.329221725463867,10.550000190734863,10.800000190734863,10.460000038146973,10.720000267028809,146900
2022-10-10,9.002037048339844,10.180000305175781,10.65999984741211,10.170000076293945,10.420000076293945,82100
2022-10-11,8.922450065612793,10.09000015258789,10.289999961853027,9.8100004196167,9.989999771118164,105700
2022-10-12,8.993191719055176,10.170000076293945,10.220000267028809,9.729999542236328,10.020000457763672,74700
2022-10-13,9.48839282989502,10.729999542236328,10.760000228881836,10.015000343322754,10.0600004196167,130400
2022-10-14,9.65640926361084,10.920000076293945,10.979999542236328,10.475000381469727,10.699999809265137,253200
2022-10-17,9.992436408996582,11.300000190734863,11.394000053405762,11.029999732971191,11.029999732971191,131500
2022-10-18,10.160449981689453,11.489999771118164,11.680000305175781,11.001999855041504,11.449999809265137,160100
2022-10-19,10.549537658691406,11.930000305175781,12.229999542236328,11.630000114440918,11.630000114440918,178600
2022-10-20,10.620278358459473,12.010000228881836,12.170000076293945,11.869999885559082,12.039999961853027,161100
2022-10-21,10.708710670471191,12.109999656677246,12.404999732971191,12.079999923706055,12.119999885559082,150900
2022-10-24,10.965152740478516,12.399999618530273,12.454999923706055,11.979999542236328,12.09000015258789,151300
2022-10-25,11.02705192565918,12.470000267028809,12.555000305175781,12.140000343322754,12.270000457763672,217300
2022-10-26,11.469194412231445,12.970000267028809,13.390000343322754,12.600000381469727,12.600000381469727,282900
2022-10-27,11.230438232421875,12.699999809265137,13.289999961853027,12.609999656677246,13.210000038146973,159300
2022-10-28,11.389607429504395,12.880000114440918,13.130000114440918,12.399999618530273,12.8100004196167,254300
2022-10-31,12.04397964477539,13.619999885559082,13.739999771118164,12.739999771118164,12.800000190734863,196200
2022-11-01,9.65640926361084,10.920000076293945,13.75,10.585000038146973,13.739999771118164,1275000
2022-11-02,10.620278358459473,12.010000228881836,12.59000015258789,10.899999618530273,10.899999618530273,564300
2022-11-03,10.390366554260254,11.75,12.479999542236328,11.699999809265137,11.869999885559082,215900
2022-11-04,10.761764526367188,12.170000076293945,12.399999618530273,11.979999542236328,12.039999961853027,210700
2022-11-07,11.00936508178711,12.449999809265137,12.5,12.199999809265137,12.210000038146973,207700
2022-11-08,10.894408226013184,12.319999694824219,12.710000038146973,12.1899995803833,12.579999923706055,348400
2022-11-09,10.337305068969727,11.6899995803833,12.170000076293945,11.593000411987305,12.149999618530273,189800
2022-11-10,10.452265739440918,11.819999694824219,12.050000190734863,11.630000114440918,12.029999732971191,162700
2022-11-11,10.717551231384277,12.119999885559082,12.579999923706055,12.020000457763672,12.1899995803833,262200
2022-11-14,10.222350120544434,11.5600004196167,12.375,11.529999732971191,11.970000267028809,210900
2022-11-15,10.531850814819336,11.90999984741211,12.039999961853027,11.579999923706055,11.670000076293945,160300
2022-11-16,10.036649703979492,11.350000381469727,11.850000381469727,11.34000015258789,11.850000381469727,284800
2022-11-17,10.204666137695312,11.539999961853027,11.569999694824219,11.010000228881836,11.119999885559082,111300
2022-11-18,10.1427640914917,11.470000267028809,11.670000076293945,11.109999656677246,11.479999542236328,142700
2022-11-21,9.735994338989258,11.010000228881836,11.270000457763672,10.510000228881836,11.270000457763672,142900
2022-11-22,10.02780818939209,11.34000015258789,11.550000190734863,11.175000190734863,11.210000038146973,119500
2022-11-23,9.753678321838379,11.029999732971191,11.25,10.819999694824219,11.210000038146973,104200
2022-11-25,9.665250778198242,10.930000305175781,11.119999885559082,10.899999618530273,11.0600004196167,31600
2022-11-28,9.497235298156738,10.739999771118164,10.949999809265137,10.569999694824219,10.699999809265137,142600
2022-11-29,9.576822280883789,10.829999923706055,11.09000015258789,10.748000144958496,10.960000038146973,171600
2022-11-30,9.70062255859375,10.970000267028809,11.050000190734863,10.630000114440918,11.029999732971191,177300
2022-12-01,9.647563934326172,10.90999984741211,11.130000114440918,10.890000343322754,11.100000381469727,95600
2022-12-02,9.780205726623535,11.0600004196167,11.199999809265137,10.829999923706055,10.880000114440918,85200
2022-12-05,8.990113258361816,10.069999694824219,11.0600004196167,9.930000305175781,11.0,174300
2022-12-06,8.963330268859863,10.039999961853027,10.28600025177002,9.880000114440918,10.069999694824219,185700
2022-12-07,8.650862693786621,9.6899995803833,10.039999961853027,9.529999732971191,10.0,151200
2022-12-08,8.534805297851562,9.5600004196167,10.09000015258789,9.510000228881836,9.9399995803833,156600
2022-12-09,8.275904655456543,9.270000457763672,9.579999923706055,9.218999862670898,9.529999732971191,218300
2022-12-12,8.633008003234863,9.670000076293945,9.84000015258789,9.277000427246094,9.279999732971191,179500
2022-12-13,8.838343620300293,9.899999618530273,10.149999618530273,9.729999542236328,9.920000076293945,253200
2022-12-14,8.704428672790527,9.75,10.069999694824219,9.720000267028809,9.899999618530273,272300
2022-12-15,8.802632331848145,9.859999656677246,9.920000076293945,9.5,9.5,179100
2022-12-16,8.49909496307373,9.520000457763672,9.656999588012695,9.359999656677246,9.539999961853027,230500
2022-12-19,8.597297668457031,9.630000114440918,9.84000015258789,9.5,9.609999656677246,143900
2022-12-20,8.802632331848145,9.859999656677246,9.9399995803833,9.550000190734863,9.550000190734863,208300
2022-12-21,9.11509895324707,10.210000038146973,10.279999732971191,9.979999542236328,10.09000015258789,286400
2022-12-22,8.60622501373291,9.640000343322754,10.180000305175781,9.479999542236328,10.170000076293945,151800
2022-12-23,8.918691635131836,9.989999771118164,10.005000114440918,9.704999923706055,9.770000457763672,75900
2022-12-27,8.972258567810059,10.050000190734863,10.270000457763672,10.020000457763672,10.210000038146973,176000
2022-12-28,8.561588287353516,9.59000015258789,10.1899995803833,9.5600004196167,10.020000457763672,238800
2022-12-29,8.865127563476562,9.930000305175781,10.0600004196167,9.579999923706055,9.579999923706055,231600
2022-12-30,8.865127563476562,9.930000305175781,10.050000190734863,9.819999694824219,9.90999984741211,353700
2023-01-03,8.275904655456543,9.270000457763672,10.020000457763672,9.210000038146973,9.930000305175781,189800
2023-01-04,8.52587604522705,9.550000190734863,9.600000381469727,9.11400032043457,9.15999984741211,227800
2023-01-05,8.597297668457031,9.630000114440918,9.760000228881836,9.420000076293945,9.550000190734863,132400
2023-01-06,8.641935348510742,9.680000305175781,10.079999923706055,9.65999984741211,9.789999961853027,138700
2023-01-09,8.90976333618164,9.979999542236328,10.170000076293945,9.854999542236328,9.890000343322754,120900
2023-01-10,9.11509895324707,10.210000038146973,10.210000038146973,9.6899995803833,9.949999809265137,129800
2023-01-11,9.213303565979004,10.319999694824219,10.460000038146973,10.100000381469727,10.289999961853027,144000
2023-01-12,9.66861343383789,10.829999923706055,11.0,10.369999885559082,10.430000305175781,267000
2023-01-13,9.57040786743164,10.720000267028809,10.829999923706055,10.470000267028809,10.789999961853027,101000
2023-01-17,9.561479568481445,10.710000038146973,10.859999656677246,10.550000190734863,10.789999961853027,117500
2023-01-18,9.079390525817871,10.170000076293945,10.949999809265137,10.140000343322754,10.800000190734863,162200
2023-01-19,9.16866683959961,10.270000457763672,10.359999656677246,10.050000190734863,10.0600004196167,136800
2023-01-20,9.052606582641602,10.140000343322754,10.359999656677246,10.050000190734863,10.350000381469727,169100
2023-01-23,9.124027252197266,10.220000267028809,10.3100004196167,10.020000457763672,10.260000228881836,130700
2023-01-24,9.06153392791748,10.149999618530273,10.220000267028809,10.050000190734863,10.079999923706055,107800
2023-01-25,9.311506271362305,10.430000305175781,10.4399995803833,9.899999618530273,10.119999885559082,121100
2023-01-26,9.257940292358398,10.369999885559082,10.510000228881836,10.100000381469727,10.510000228881836,102500
2023-01-27,9.043678283691406,10.130000114440918,10.395000457763672,10.029999732971191,10.380000114440918,108600
2023-01-30,9.043678283691406,10.130000114440918,10.220000267028809,9.920000076293945,9.979999542236328,130700
2023-01-31,9.45434856414795,10.59000015258789,10.614999771118164,10.109999656677246,10.15999984741211,553700
2023-02-01,9.320433616638184,10.4399995803833,10.59000015258789,10.140000343322754,10.59000015258789,217500
2023-02-02,9.079390525817871,10.170000076293945,10.300000190734863,9.789999961853027,10.300000190734863,206700
2023-02-03,9.070462226867676,10.15999984741211,10.510000228881836,10.119999885559082,10.170000076293945,122400
2023-02-06,9.11509895324707,10.210000038146973,10.260000228881836,9.739999771118164,10.170000076293945,331000
2023-02-07,9.472203254699707,10.609999656677246,10.619999885559082,10.220000267028809,10.350000381469727,237300
2023-02-08,9.45434856414795,10.59000015258789,10.729999542236328,10.40999984741211,10.579999923706055,177200
2023-02-09,9.052606582641602,10.140000343322754,10.819999694824219,10.130000114440918,10.649999618530273,177100
2023-02-10,9.463278770446777,10.600000381469727,10.600000381469727,10.229999542236328,10.319999694824219,267200
2023-02-13,9.623973846435547,10.779999732971191,10.869999885559082,10.420000076293945,10.569999694824219,225100
2023-02-14,9.26686954498291,10.380000114440918,10.850000381469727,10.300000190734863,10.729999542236328,202500
2023-02-15,9.365074157714844,10.489999771118164,10.550000190734863,10.130000114440918,10.199999809265137,269000
2023-02-16,9.320433616638184,10.4399995803833,10.704999923706055,10.399999618530273,10.520000457763672,145900
2023-02-17,8.90976333618164,9.979999542236328,10.399999618530273,9.800000190734863,10.399999618530273,187200
2023-02-21,8.50802230834961,9.529999732971191,10.119999885559082,9.520000457763672,9.930000305175781,298400
2023-02-22,8.481239318847656,9.5,9.720000267028809,9.3100004196167,9.640000343322754,417400
2023-02-23,7.847377777099609,8.789999961853027,9.289999961853027,8.289999961853027,9.210000038146973,592300
2023-02-24,8.213410377502441,9.199999809265137,9.279999732971191,8.789999961853027,8.789999961853027,177900
2023-02-27,7.981290340423584,8.9399995803833,9.199999809265137,8.913000106811523,9.15999984741211,217400
2023-02-28,7.97236442565918,8.930000305175781,9.1899995803833,8.90999984741211,9.0,164800
2023-03-01,8.177699089050293,9.15999984741211,9.175000190734863,8.880000114440918,8.960000038146973,152700
2023-03-02,8.463382720947266,9.479999542236328,9.5600004196167,9.079999923706055,9.119999885559082,206300
2023-03-03,9.034751892089844,10.119999885559082,10.359999656677246,9.8100004196167,9.90999984741211,646700
2023-03-06,8.90976333618164,9.979999542236328,10.140000343322754,9.925000190734863,10.039999961853027,302400
2023-03-07,8.90976333618164,9.979999542236328,10.079999923706055,9.890000343322754,9.9399995803833,231400
2023-03-08,8.936546325683594,10.010000228881836,10.15999984741211,9.9399995803833,9.979999542236328,307800
2023-03-09,8.597297668457031,9.630000114440918,10.1899995803833,9.609999656677246,10.109999656677246,295400
2023-03-10,8.418745040893555,9.430000305175781,9.880000114440918,9.399999618530273,9.5600004196167,384900
2023-03-13,8.066458702087402,8.930000305175781,9.479999542236328,8.829999923706055,9.0,373800
2023-03-14,8.29228401184082,9.180000305175781,9.46500015258789,9.0600004196167,9.149999618530273,342700
2023-03-15,7.876766204833984,8.720000267028809,8.850000381469727,8.529999732971191,8.729999542236328,554400
2023-03-16,7.714172840118408,8.539999961853027,8.720000267028809,8.079999923706055,8.399999618530273,423000
2023-03-17,7.054765224456787,7.809999942779541,8.460000038146973,7.800000190734863,8.460000038146973,863900
2023-03-20,7.334786891937256,8.119999885559082,8.449999809265137,7.800000190734863,7.829999923706055,471600
2023-03-21,7.497381687164307,8.300000190734863,8.8100004196167,8.289999961853027,8.34000015258789,513000
2023-03-22,7.271557331085205,8.050000190734863,8.520000457763672,8.039999961853027,8.270000457763672,618800
2023-03-23,7.3980183601379395,8.1899995803833,8.4399995803833,8.069999694824219,8.149999618530273,453500
2023-03-24,7.3709187507629395,8.15999984741211,8.270000457763672,8.0,8.050000190734863,342300
2023-03-27,7.623840808868408,8.4399995803833,8.505000114440918,8.199999809265137,8.279999732971191,552500
2023-03-28,7.696106433868408,8.520000457763672,8.625,8.40999984741211,8.40999984741211,293700
2023-03-29,7.659973621368408,8.479999542236328,8.600000381469727,8.369999885559082,8.600000381469727,391000
2023-03-30,7.596743106842041,8.40999984741211,8.847000122070312,8.399999618530273,8.720000267028809,364500
2023-03-31,7.714172840118408,8.539999961853027,8.550000190734863,8.239999771118164,8.479999542236328,406800
2023-04-03,8.012259483337402,8.869999885559082,9.300000190734863,8.770000457763672,9.25,420800
2023-04-04,7.813535213470459,8.649999618530273,8.90999984741211,8.489999771118164,8.90999984741211,204500
2023-04-05,7.678040504455566,8.5,8.670000076293945,8.420000076293945,8.600000381469727,156600
2023-04-06,7.605777263641357,8.420000076293945,8.670000076293945,8.40999984741211,8.489999771118164,120800
2023-04-10,7.641908168792725,8.460000038146973,8.600000381469727,8.390000343322754,8.390000343322754,164500
2023-04-11,7.614810466766357,8.430000305175781,8.65999984741211,8.399999618530273,8.5,225000
2023-04-12,7.506414890289307,8.3100004196167,8.479999542236328,8.279999732971191,8.479999542236328,133000
2023-04-13,7.524479866027832,8.329999923706055,8.380000114440918,8.25,8.300000190734863,141700
2023-04-14,7.443183422088623,8.239999771118164,8.404999732971191,8.194999694824219,8.399999618530273,142600
2023-04-17,7.3980183601379395,8.1899995803833,8.289999961853027,8.130000114440918,8.239999771118164,209400
2023-04-18,7.2534894943237305,8.029999732971191,8.1899995803833,7.914999961853027,8.149999618530273,204600
2023-04-19,7.235424041748047,8.010000228881836,8.149999618530273,7.869999885559082,7.96999979019165,243000
2023-04-20,6.991533279418945,7.739999771118164,8.039999961853027,7.670000076293945,7.880000114440918,315300
2023-04-21,6.991533279418945,7.739999771118164,7.980000019073486,7.699999809265137,7.800000190734863,188100
2023-04-24,7.3709187507629395,8.15999984741211,8.220000267028809,7.710000038146973,7.710000038146973,185700
2023-04-25,6.9644341468811035,7.710000038146973,8.029999732971191,7.650000095367432,8.029999732971191,191400
2023-04-26,6.7386088371276855,7.460000038146973,7.71999979019165,7.409999847412109,7.659999847412109,177000
2023-04-27,6.72957706451416,7.449999809265137,7.574999809265137,7.329999923706055,7.489999771118164,172600
2023-04-28,6.93733549118042,7.679999828338623,7.71999979019165,7.340000152587891,7.360000133514404,211900
2023-05-01,7.199291229248047,7.96999979019165,8.0649995803833,7.53000020980835,7.579999923706055,454700
2023-05-02,6.530851364135742,7.230000019073486,7.800000190734863,7.150000095367432,7.789999961853027,628500
2023-05-03,6.576015949249268,7.28000020980835,7.369999885559082,7.159999847412109,7.210000038146973,337700
2023-05-04,6.72957706451416,7.449999809265137,7.519999980926514,7.199999809265137,7.21999979019165,554500
2023-05-05,6.919270038604736,7.659999847412109,7.800000190734863,7.610000133514404,7.610000133514404,321600
2023-05-08,6.901203155517578,7.639999866485596,7.840000152587891,7.610000133514404,7.760000228881836,320200
2023-05-09,6.910236358642578,7.650000095367432,7.824999809265137,7.565000057220459,7.579999923706055,278300
2023-05-10,7.0728302001953125,7.829999923706055,7.900000095367432,7.679999828338623,7.760000228881836,349300
2023-05-11,6.856038570404053,7.590000152587891,7.800000190734863,7.585000038146973,7.71999979019165,263500
2023-05-12,6.901203155517578,7.639999866485596,7.829999923706055,7.599999904632568,7.599999904632568,250100
2023-05-15,6.9554009437561035,7.699999809265137,7.860000133514404,7.659999847412109,7.659999847412109,323000
2023-05-16,6.8650712966918945,7.599999904632568,7.818999767303467,7.559999942779541,7.690000057220459,214900
2023-05-17,7.127028465270996,7.889999866485596,7.909999847412109,7.599999904632568,7.659999847412109,293300
2023-05-18,7.136061668395996,7.900000095367432,7.929999828338623,7.639999866485596,7.760000228881836,351800
2023-05-19,7.17219352722168,7.940000057220459,8.140000343322754,7.909999847412109,8.020000457763672,237200
2023-05-22,7.298654079437256,8.079999923706055,8.1899995803833,7.909999847412109,7.909999847412109,340400
2023-05-23,7.497381687164307,8.300000190734863,8.390000343322754,8.09000015258789,8.140000343322754,243700
2023-05-24,7.452215194702148,8.25,8.430000305175781,8.234999656677246,8.319999694824219,200500
2023-05-25,7.226390361785889,8.0,8.220000267028809,7.909999847412109,8.100000381469727,185300
2023-05-26,7.1631598472595215,7.929999828338623,8.0600004196167,7.849999904632568,8.0600004196167,184400
2023-05-30,6.9283013343811035,7.670000076293945,7.909999847412109,7.599999904632568,7.840000152587891,166900
2023-05-31,6.621181011199951,7.329999923706055,7.619999885559082,7.300000190734863,7.519999980926514,199200
2023-06-01,6.756675720214844,7.480000019073486,7.559999942779541,7.28000020980835,7.349999904632568,533000
2023-06-02,7.361885070800781,8.149999618530273,8.204999923706055,7.610000133514404,7.690000057220459,338800
2023-06-05,7.316102504730225,7.989999771118164,8.140000343322754,7.829999923706055,8.09000015258789,214300
2023-06-06,7.462608337402344,8.149999618530273,8.220000267028809,7.840000152587891,7.840000152587891,210300
2023-06-07,7.8563408851623535,8.579999923706055,8.670000076293945,8.229999542236328,8.229999542236328,232200
2023-06-08,7.847183704376221,8.569999694824219,8.59000015258789,8.369999885559082,8.5,193600
2023-06-09,7.654895782470703,8.359999656677246,8.579999923706055,8.34000015258789,8.479999542236328,135400
2023-06-12,7.526703834533691,8.220000267028809,8.380000114440918,8.119999885559082,8.199999809265137,179700
2023-06-13,7.764774322509766,8.479999542236328,8.663000106811523,8.260000228881836,8.260000228881836,231500
2023-06-14,7.609115123748779,8.3100004196167,8.65999984741211,8.279999732971191,8.550000190734863,238300
2023-06-15,7.783088684082031,8.5,8.539999961853027,8.3100004196167,8.3100004196167,247900
2023-06-16,7.581643581390381,8.279999732971191,8.59000015258789,8.1899995803833,8.569999694824219,288900
2023-06-20,7.490078449249268,8.180000305175781,8.3100004196167,7.96999979019165,8.15999984741211,129800
2023-06-21,7.380199909210205,8.0600004196167,8.270000457763672,8.0600004196167,8.130000114440918,170400
2023-06-22,7.462608337402344,8.149999618530273,8.234999656677246,7.820000171661377,7.949999809265137,286100
2023-06-23,7.215380668640137,7.880000114440918,8.024999618530273,7.849999904632568,7.980000019073486,1262500
2023-06-26,7.371043682098389,8.050000190734863,8.170000076293945,7.849999904632568,7.849999904632568,167100
2023-06-27,7.453452110290527,8.140000343322754,8.164999961853027,8.0,8.010000228881836,188200
2023-06-28,7.3618855476379395,8.039999961853027,8.140000343322754,7.965000152587891,8.140000343322754,125300
2023-06-29,7.636581897735596,8.34000015258789,8.350000381469727,8.105999946594238,8.140000343322754,116700
2023-06-30,7.6274261474609375,8.329999923706055,8.449999809265137,8.279999732971191,8.40999984741211,127700
2023-07-03,7.728147506713867,8.4399995803833,8.489999771118164,8.340999603271484,8.380000114440918,51300
2023-07-05,7.572488307952881,8.270000457763672,8.460000038146973,8.25,8.460000038146973,144500
2023-07-06,7.480921745300293,8.170000076293945,8.270000457763672,7.929999828338623,8.199999809265137,158600
2023-07-07,8.057785034179688,8.800000190734863,8.84000015258789,8.1899995803833,8.1899995803833,273300
2023-07-10,8.076098442077637,8.819999694824219,8.930000305175781,8.75,8.84000015258789,151100
2023-07-11,8.176820755004883,8.930000305175781,8.994999885559082,8.800000190734863,8.899999618530273,87200
2023-07-12,8.286699295043945,9.050000190734863,9.130000114440918,8.949999809265137,9.130000114440918,128000
2023-07-13,8.396577835083008,9.170000076293945,9.229999542236328,9.0,9.09000015258789,123200
2023-07-14,8.369108200073242,9.140000343322754,9.270000457763672,9.029999732971191,9.220000267028809,102900
2023-07-17,8.442363739013672,9.220000267028809,9.319999694824219,9.100000381469727,9.100000381469727,118400
2023-07-18,8.5888671875,9.380000114440918,9.5,9.210000038146973,9.300000190734863,123000
2023-07-19,8.717060089111328,9.520000457763672,9.631999969482422,9.430000305175781,9.449999809265137,108500
2023-07-20,8.717060089111328,9.520000457763672,9.651000022888184,9.470000267028809,9.640000343322754,134400
2023-07-21,8.698745727539062,9.5,9.664999961853027,9.449999809265137,9.569999694824219,140200
2023-07-24,8.808625221252441,9.619999885559082,9.75,9.53499984741211,9.550000190734863,147000
2023-07-25,8.790310859680176,9.600000381469727,9.652000427246094,9.5,9.640000343322754,122900
2023-07-26,8.68958854675293,9.489999771118164,9.760000228881836,9.479999542236328,9.5600004196167,244800
2023-07-27,8.414892196655273,9.1899995803833,9.670000076293945,9.180000305175781,9.470000267028809,286700
2023-07-28,9.449585914611816,10.319999694824219,11.180000305175781,9.300000190734863,9.300000190734863,858000
2023-07-31,10.008136749267578,10.930000305175781,11.0,10.470000267028809,10.619999885559082,422300
2023-08-01,9.760908126831055,10.65999984741211,10.835000038146973,10.350000381469727,10.760000228881836,275000
2023-08-02,9.751750946044922,10.649999618530273,10.680000305175781,10.390000343322754,10.5600004196167,161300
2023-08-03,9.980666160583496,10.899999618530273,11.020000457763672,10.5600004196167,10.680000305175781,269700
2023-08-04,10.063075065612793,10.989999771118164,11.170000076293945,10.875,10.949999809265137,241200
2023-08-07,10.008136749267578,10.930000305175781,11.130000114440918,10.829999923706055,11.050000190734863,134700
2023-08-08,9.861631393432617,10.770000457763672,10.789999961853027,10.5,10.699999809265137,607300
2023-08-09,10.072232246398926,11.0,11.109999656677246,10.670000076293945,10.869999885559082,1265500
2023-08-10,10.163799285888672,11.100000381469727,11.260000228881836,10.994999885559082,11.010000228881836,334500
2023-08-11,10.017291069030762,10.9399995803833,11.279999732971191,10.880000114440918,11.149999618530273,205300
2023-08-14,10.310303688049316,11.260000228881836,11.324999809265137,10.810999870300293,10.869999885559082,266700
2023-08-15,9.971508979797363,10.890000343322754,11.25,10.859999656677246,11.239999771118164,150800
2023-08-16,9.898256301879883,10.8100004196167,11.300000190734863,10.800000190734863,11.109999656677246,141100
2023-08-17,9.953195571899414,10.869999885559082,11.050000190734863,10.720000267028809,11.010000228881836,195800
2023-08-18,10.08138656616211,11.010000228881836,11.069999694824219,10.710000038146973,10.760000228881836,255000
2023-08-21,9.898256301879883,10.8100004196167,11.149999618530273,10.800000190734863,11.079999923706055,133000
2023-08-22,9.70596981048584,10.600000381469727,10.875,10.585000038146973,10.819999694824219,137100
2023-08-23,9.62356185913086,10.510000228881836,10.609999656677246,10.289999961853027,10.449999809265137,124500
2023-08-24,9.54115104675293,10.420000076293945,10.59000015258789,10.390000343322754,10.449999809265137,103800
2023-08-25,9.394645690917969,10.260000228881836,10.479999542236328,10.210000038146973,10.479999542236328,100800
2023-08-28,9.54115104675293,10.420000076293945,10.579999923706055,10.319999694824219,10.329999923706055,153100
2023-08-29,9.4404296875,10.3100004196167,10.470000267028809,10.300000190734863,10.470000267028809,95000
2023-08-30,9.522836685180664,10.399999618530273,10.5,10.350000381469727,10.399999618530273,298000
2023-08-31,9.632716178894043,10.520000457763672,10.529999732971191,10.350000381469727,10.420000076293945,232500
2023-09-01,9.845544815063477,10.640000343322754,10.779999732971191,10.399999618530273,10.520000457763672,161400
2023-09-05,9.864048957824707,10.65999984741211,10.850000381469727,10.569999694824219,10.739999771118164,129800
2023-09-06,9.604955673217773,10.380000114440918,10.77299976348877,10.350000381469727,10.569999694824219,127700
2023-09-07,9.530930519104004,10.300000190734863,10.5,10.25,10.399999618530273,210800
2023-09-08,9.688238143920898,10.470000267028809,10.630000114440918,10.34000015258789,10.380000114440918,176100
2023-09-11,9.753009796142578,10.539999961853027,10.760000228881836,10.489999771118164,10.489999771118164,120000
2023-09-12,10.086130142211914,10.899999618530273,10.90999984741211,10.5,10.619999885559082,211600
2023-09-13,9.91031551361084,10.710000038146973,10.890000343322754,10.65999984741211,10.890000343322754,127600
2023-09-14,10.13239574432373,10.949999809265137,10.970000267028809,10.75,10.84000015258789,90200
2023-09-15,10.002849578857422,10.8100004196167,10.930000305175781,10.65999984741211,10.90999984741211,387700
2023-09-18,9.799276351928711,10.59000015258789,11.0,10.552000045776367,11.0,137600
2023-09-19,9.614208221435547,10.390000343322754,10.704999923706055,10.369999885559082,10.6899995803833,124500
2023-09-20,9.604955673217773,10.380000114440918,10.604999542236328,10.329999923706055,10.329999923706055,121600
2023-09-21,9.299596786499023,10.050000190734863,10.460000038146973,10.029999732971191,10.460000038146973,241900
2023-09-22,9.281088829040527,10.029999732971191,10.300000190734863,10.029999732971191,10.149999618530273,140300
2023-09-25,9.595702171325684,10.369999885559082,10.399999618530273,10.050000190734863,10.050000190734863,108900
2023-09-26,9.641969680786133,10.420000076293945,10.579999923706055,10.130000114440918,10.270000457763672,323400
2023-09-27,10.14164924621582,10.960000038146973,11.039999961853027,10.5,10.5,171600
2023-09-28,9.9473295211792,10.75,11.128999710083008,10.6899995803833,10.960000038146973,179100
2023-09-29,9.864048957824707,10.65999984741211,10.920000076293945,10.579999923706055,10.850000381469727,185500
2023-10-02,9.540184020996094,10.3100004196167,10.6899995803833,10.239999771118164,10.630000114440918,156400
2023-10-03,9.447649002075195,10.210000038146973,10.279999732971191,10.100000381469727,10.260000228881836,152600
2023-10-04,9.040504455566406,9.770000457763672,10.114999771118164,9.6899995803833,10.0600004196167,170800
2023-10-05,9.160796165466309,9.899999618530273,9.920000076293945,9.680000305175781,9.680000305175781,161100
2023-10-06,9.197809219360352,9.9399995803833,9.994999885559082,9.670000076293945,9.869999885559082,143200
2023-10-09,9.651222229003906,10.430000305175781,10.489999771118164,10.1899995803833,10.1899995803833,108200
2023-10-10,9.623461723327637,10.399999618530273,10.520000457763672,10.359999656677246,10.470000267028809,107300
2023-10-11,9.641969680786133,10.420000076293945,10.460000038146973,10.244999885559082,10.289999961853027,76500
2023-10-12,9.429143905639648,10.1899995803833,10.538000106811523,10.140000343322754,10.5,216200
2023-10-13,9.484663963317871,10.25,10.420000076293945,10.25,10.380000114440918,194000
2023-10-16,9.438396453857422,10.199999809265137,10.430000305175781,10.161999702453613,10.319999694824219,138900
2023-10-17,9.558690071105957,10.329999923706055,10.460000038146973,10.180000305175781,10.180000305175781,236100
2023-10-18,9.623461723327637,10.399999618530273,10.479999542236328,10.282999992370605,10.350000381469727,125900
2023-10-19,9.567943572998047,10.34000015258789,10.489999771118164,10.210000038146973,10.289999961853027,107300
2023-10-20,9.373621940612793,10.130000114440918,10.359999656677246,10.029999732971191,10.359999656677246,131800
2023-10-23,9.225570678710938,9.970000267028809,10.010000228881836,9.869999885559082,10.0,111800
2023-10-24,9.170049667358398,9.90999984741211,10.029999732971191,9.854999542236328,10.020000457763672,112200
2023-10-25,9.068262100219727,9.800000190734863,9.890000343322754,9.619999885559082,9.859999656677246,127400
2023-10-26,8.883195877075195,9.600000381469727,9.720000267028809,9.420000076293945,9.720000267028809,106500
2023-10-27,8.281730651855469,8.949999809265137,9.390000343322754,8.59000015258789,8.930000305175781,308000
2023-10-30,8.374263763427734,9.050000190734863,9.09000015258789,8.805000305175781,8.9399995803833,203000
2023-10-31,8.550076484680176,9.239999771118164,9.25,8.994999885559082,9.020000457763672,204400
2023-11-01,8.374263763427734,9.050000190734863,9.350000381469727,9.020000457763672,9.319999694824219,113700
2023-11-02,8.614850997924805,9.3100004196167,9.3100004196167,9.010000228881836,9.140000343322754,124800
2023-11-03,8.614850997924805,9.3100004196167,9.529999732971191,9.279999732971191,9.369999885559082,131600
2023-11-06,8.42978286743164,9.109999656677246,9.399999618530273,9.020000457763672,9.399999618530273,182600
2023-11-07,8.161437034606934,8.819999694824219,9.0,8.670000076293945,8.989999771118164,164100
2023-11-08,8.142930030822754,8.800000190734863,8.850000381469727,8.729999542236328,8.729999542236328,117100
2023-11-09,8.031892776489258,8.680000305175781,8.880000114440918,8.670000076293945,8.819999694824219,133100
2023-11-10,8.142930030822754,8.800000190734863,8.850000381469727,8.670000076293945,8.75,211700
2023-11-13,8.235464096069336,8.899999618530273,8.947999954223633,8.729999542236328,8.8100004196167,128500
2023-11-14,8.605596542358398,9.300000190734863,9.300000190734863,9.020000457763672,9.100000381469727,164000
2023-11-15,8.327995300292969,9.0,9.380000114440918,8.949999809265137,9.279999732971191,165100
2023-11-16,7.920851230621338,8.5600004196167,8.9399995803833,8.470000267028809,8.9399995803833,186700
2023-11-17,8.059651374816895,8.710000038146973,8.815999984741211,8.65999984741211,8.699999809265137,142400
2023-11-20,8.115169525146484,8.770000457763672,8.859999656677246,8.720000267028809,8.819999694824219,104000
2023-11-21,8.031892776489258,8.680000305175781,8.739999771118164,8.579999923706055,8.670000076293945,118900
2023-11-22,8.078156471252441,8.729999542236328,8.760000228881836,8.4399995803833,8.569999694824219,102700
2023-11-24,8.207701683044434,8.869999885559082,8.9350004196167,8.710000038146973,8.729999542236328,47600
2023-11-27,7.9578633308410645,8.600000381469727,8.779999732971191,8.59000015258789,8.779999732971191,84000
2023-11-28,7.893089294433594,8.529999732971191,8.65999984741211,8.430000305175781,8.65999984741211,119400
2023-11-29,8.004130363464355,8.649999618530273,8.710000038146973,8.5600004196167,8.619999885559082,230600
2023-11-30,8.032280921936035,8.5600004196167,8.779999732971191,8.520000457763672,8.630000114440918,246700
2023-12-01,8.088582038879395,8.619999885559082,8.729999542236328,8.529999732971191,8.550000190734863,202900
2023-12-04,8.154267311096191,8.6899995803833,8.71500015258789,8.5,8.630000114440918,112800
2023-12-05,7.82584285736084,8.34000015258789,8.680000305175781,8.329999923706055,8.680000305175781,78300
2023-12-06,7.703857898712158,8.210000038146973,8.430000305175781,8.140000343322754,8.34000015258789,220700
2023-12-07,7.685091495513916,8.1899995803833,8.270000457763672,8.09000015258789,8.270000457763672,129900
2023-12-08,7.675707817077637,8.180000305175781,8.25,8.104999542236328,8.25,181200
2023-12-11,7.600640296936035,8.100000381469727,8.239999771118164,7.989999771118164,8.199999809265137,176600
2023-12-12,7.478653907775879,7.96999979019165,8.050000190734863,7.75,7.980000019073486,300700
2023-12-13,7.600640296936035,8.100000381469727,8.154999732971191,7.900000095367432,7.929999828338623,514600
2023-12-14,7.788311004638672,8.300000190734863,8.529999732971191,8.140000343322754,8.260000228881836,424000
2023-12-15,7.666324615478516,8.170000076293945,8.359999656677246,8.109999656677246,8.34000015258789,452200
2023-12-18,7.675707817077637,8.180000305175781,8.529999732971191,8.154999732971191,8.289999961853027,192800
2023-12-19,7.882144451141357,8.399999618530273,8.510000228881836,8.180000305175781,8.229999542236328,329000
2023-12-20,7.666324615478516,8.170000076293945,8.520000457763672,8.15999984741211,8.489999771118164,210000
2023-12-21,7.666324615478516,8.170000076293945,8.289999961853027,8.140000343322754,8.239999771118164,162400
2023-12-22,7.7132415771484375,8.220000267028809,8.350000381469727,8.199999809265137,8.239999771118164,178100
2023-12-26,7.722624778747559,8.229999542236328,8.376999855041504,8.15999984741211,8.300000190734863,1081700
2023-12-27,7.412970542907715,7.900000095367432,8.449999809265137,7.820000171661377,8.279999732971191,1105000
2023-12-28,7.506804466247559,8.0,8.09000015258789,7.550000190734863,7.880000114440918,2432300
2023-12-29,7.469270706176758,7.960000038146973,8.152000427246094,7.934999942779541,8.029999732971191,549600
2024-01-02,7.478653907775879,7.96999979019165,8.109999656677246,7.889999866485596,8.0,441800
2024-01-03,7.356668472290039,7.840000152587891,8.015000343322754,7.739999771118164,7.929999828338623,549700
2024-01-04,7.225299835205078,7.699999809265137,7.889999866485596,7.664999961853027,7.889999866485596,396600
2024-01-05,7.337902069091797,7.820000171661377,7.864999771118164,7.684999942779541,7.710000038146973,427700
2024-01-08,7.215915203094482,7.690000057220459,7.744999885559082,7.349999904632568,7.639999866485596,672100
2024-01-09,6.943794250488281,7.400000095367432,7.699999809265137,7.335000038146973,7.699999809265137,310400
2024-01-10,6.746740818023682,7.190000057220459,7.360000133514404,7.139999866485596,7.360000133514404,354200
2024-01-11,6.587221145629883,7.019999980926514,7.21999979019165,7.010000228881836,7.21999979019165,366300
2024-01-12,6.587221145629883,7.019999980926514,7.239999771118164,6.980000019073486,7.179999828338623,245200
2024-01-16,6.333866119384766,6.75,7.03000020980835,6.695000171661377,7.0,672700
2024-01-17,6.315099239349365,6.730000019073486,6.78000020980835,6.590000152587891,6.659999847412109,596700
2024-01-18,6.324482440948486,6.739999771118164,6.789999961853027,6.610000133514404,6.760000228881836,284500
2024-01-19,6.521535396575928,6.949999809265137,6.96999979019165,6.679999828338623,6.760000228881836,499100
2024-01-22,6.765507221221924,7.210000038146973,7.260000228881836,6.909999847412109,6.949999809265137,684300
2024-01-23,6.962562084197998,7.420000076293945,7.434999942779541,7.21999979019165,7.25,642400
2024-01-24,7.1220808029174805,7.590000152587891,7.684999942779541,7.449999809265137,7.489999771118164,410400
2024-01-25,7.337902069091797,7.820000171661377,7.820000171661377,7.550000190734863,7.710000038146973,333200
2024-01-26,7.375435829162598,7.860000133514404,7.920000076293945,7.800000190734863,7.880000114440918,410300
2024-01-29,7.347285270690918,7.829999923706055,7.829999923706055,7.625,7.769999980926514,350000
2024-01-30,7.2816009521484375,7.760000228881836,7.809999942779541,7.489999771118164,7.699999809265137,204000
2024-01-31,7.0376296043396,7.5,7.760000228881836,7.480000019073486,7.760000228881836,297000
2024-02-01,6.971945285797119,7.429999828338623,7.625,7.414999961853027,7.570000171661377,509500
2024-02-02,6.831191539764404,7.28000020980835,7.400000095367432,7.150000095367432,7.25,761900
2024-02-05,6.88749361038208,7.340000152587891,7.369999885559082,7.150000095367432,7.210000038146973,476700
2024-02-06,7.0657806396484375,7.53000020980835,7.590000152587891,7.340000152587891,7.340000152587891,241800
2024-02-07,6.878109931945801,7.329999923706055,7.519999980926514,7.269999980926514,7.519999980926514,505700
2024-02-08,7.047013282775879,7.510000228881836,7.545000076293945,7.300000190734863,7.320000171661377,349400
2024-02-09,7.056396007537842,7.519999980926514,7.554999828338623,7.449999809265137,7.53000020980835,389800
2024-02-12,7.112698078155518,7.579999923706055,7.735000133514404,7.53000020980835,7.550000190734863,300700
2024-02-13,6.8218092918396,7.269999980926514,7.480000019073486,7.195000171661377,7.460000038146973,539700
2024-02-14,6.86872673034668,7.320000171661377,7.40500020980835,7.21999979019165,7.329999923706055,281300
2024-02-15,7.36605167388916,7.849999904632568,7.849999904632568,7.360000133514404,7.360000133514404,525400
2024-02-16,7.197148323059082,7.670000076293945,7.789999961853027,7.630000114440918,7.78000020980835,281400
2024-02-20,7.309750080108643,7.789999961853027,7.875,7.539999961853027,7.659999847412109,346200
2024-02-21,7.300367832183838,7.78000020980835,7.928999900817871,7.704999923706055,7.800000190734863,310300
2024-02-22,7.244065761566162,7.71999979019165,7.840000152587891,7.679999828338623,7.769999980926514,322800
2024-02-23,7.290984153747559,7.769999980926514,7.769999980926514,7.519999980926514,7.650000095367432,347200
2024-02-26,7.234682559967041,7.710000038146973,7.829999923706055,7.659999847412109,7.769999980926514,224300
2024-02-27,7.853993892669678,8.369999885559082,8.399999618530273,7.489999771118164,7.489999771118164,544000
2024-02-28,7.694474220275879,8.199999809265137,8.439000129699707,8.114999771118164,8.1899995803833,296000
2024-02-29,7.947829723358154,8.470000267028809,8.524999618530273,8.222999572753906,8.260000228881836,906000
2024-03-01,7.985363960266113,8.510000228881836,8.699999809265137,8.380000114440918,8.5600004196167,294800
2024-03-04,7.647557258605957,8.149999618530273,8.5600004196167,8.140000343322754,8.510000228881836,501900
2024-03-05,7.619406223297119,8.119999885559082,8.255000114440918,8.010000228881836,8.109999656677246,554800
2024-03-06,7.600640296936035,8.100000381469727,8.399999618530273,8.024999618530273,8.239999771118164,597900
2024-03-07,7.563107013702393,8.0600004196167,8.28499984741211,8.050000190734863,8.109999656677246,401300
2024-03-08,7.925067901611328,8.319999694824219,8.354999542236328,7.9670000076293945,8.029999732971191,618700
2024-03-11,7.944117546081543,8.34000015258789,8.395000457763672,8.210000038146973,8.210000038146973,358200
2024-03-12,8.14415168762207,8.550000190734863,8.619999885559082,8.210000038146973,8.319999694824219,713500
2024-03-13,8.001270294189453,8.399999618530273,8.710000038146973,8.324999809265137,8.579999923706055,267600
2024-03-14,7.9060187339782715,8.300000190734863,8.510000228881836,8.25,8.479999542236328,783800
2024-03-15,8.134624481201172,8.539999961853027,8.579999923706055,8.289999961853027,8.289999961853027,418100
2024-03-18,8.086997985839844,8.489999771118164,8.574999809265137,8.390000343322754,8.529999732971191,286900
2024-03-19,8.391809463500977,8.8100004196167,8.835000038146973,8.470000267028809,8.470000267028809,540300
2024-03-20,8.420384407043457,8.84000015258789,8.859999656677246,8.609999656677246,8.739999771118164,947900
2024-03-21,8.487064361572266,8.90999984741211,8.9399995803833,8.779999732971191,8.869999885559082,296300
2024-03-22,8.182252883911133,8.59000015258789,8.949999809265137,8.59000015258789,8.920000076293945,173000
2024-03-25,8.3251314163208,8.739999771118164,8.739999771118164,8.574999809265137,8.630000114440918,508400
2024-03-26,8.077472686767578,8.479999542236328,8.779999732971191,8.460000038146973,8.779999732971191,266000
2024-03-27,8.201301574707031,8.609999656677246,8.630000114440918,8.5,8.5,149800
2024-03-28,8.258454322814941,8.670000076293945,8.71500015258789,8.569999694824219,8.640000343322754,675900
2024-04-01,8.296555519104004,8.710000038146973,8.770000457763672,8.59000015258789,8.729999542236328,166000
2024-04-02,8.248929023742676,8.65999984741211,8.75,8.430000305175781,8.699999809265137,577900
2024-04-03,8.382283210754395,8.800000190734863,8.880000114440918,8.680000305175781,8.680000305175781,252300
2024-04-04,8.3251314163208,8.739999771118164,8.869999885559082,8.635000228881836,8.829999923706055,404600
2024-04-05,8.515637397766113,8.9399995803833,9.0,8.729999542236328,8.819999694824219,202600
2024-04-08,8.534688949584961,8.960000038146973,9.095000267028809,8.925000190734863,8.970000267028809,192700
2024-04-09,8.525162696838379,8.949999809265137,9.074999809265137,8.914999961853027,9.0,168400
2024-04-10,8.534688949584961,8.960000038146973,9.0600004196167,8.770000457763672,8.84000015258789,192500
2024-04-11,8.391809463500977,8.8100004196167,8.970000267028809,8.760000228881836,8.960000038146973,129300
2024-04-12,8.125099182128906,8.529999732971191,8.90999984741211,8.510000228881836,8.819999694824219,137100
2024-04-15,8.106049537658691,8.510000228881836,8.744999885559082,8.479999542236328,8.630000114440918,267200
2024-04-16,7.944117546081543,8.34000015258789,8.420000076293945,8.270000457763672,8.420000076293945,245900
2024-04-17,7.772663116455078,8.15999984741211,8.449999809265137,8.149999618530273,8.359999656677246,875300
2024-04-18,7.915544033050537,8.3100004196167,8.489999771118164,8.199999809265137,8.199999809265137,397800
2024-04-19,8.191777229309082,8.600000381469727,8.600000381469727,8.25,8.25,216600
2024-04-22,8.0203218460083,8.420000076293945,8.539999961853027,8.3100004196167,8.539999961853027,167700
2024-04-23,8.191777229309082,8.600000381469727,8.630000114440918,8.34000015258789,8.430000305175781,204200
2024-04-24,8.09652328491211,8.5,8.59000015258789,8.420000076293945,8.479999542236328,151800
2024-04-25,8.058422088623047,8.460000038146973,8.510000228881836,8.390000343322754,8.430000305175781,256600
2024-04-26,9.18241024017334,9.640000343322754,9.65999984741211,8.470000267028809,8.470000267028809,1062800
2024-04-29,8.801397323608398,9.239999771118164,9.609999656677246,9.15999984741211,9.609999656677246,612500
2024-04-30,8.391809463500977,8.8100004196167,9.140000343322754,8.765000343322754,9.140000343322754,349700
2024-05-01,8.448959350585938,8.869999885559082,9.005000114440918,8.770000457763672,8.770000457763672,373300
2024-05-02,8.553738594055176,8.979999542236328,9.045000076293945,8.774999618530273,8.930000305175781,332400
2024-05-03,8.582316398620605,9.010000228881836,9.119999885559082,8.970000267028809,9.079999923706055,218100
2024-05-06,8.582316398620605,9.010000228881836,9.1850004196167,9.010000228881836,9.079999923706055,142400
2024-05-07,8.610891342163086,9.039999961853027,9.260000228881836,9.0,9.0,209400
2024-05-08,8.629941940307617,9.0600004196167,9.109999656677246,8.880000114440918,8.960000038146973,214300
2024-05-09,8.925226211547852,9.369999885559082,9.399999618530273,9.050000190734863,9.079999923706055,259700
2024-05-10,8.629941940307617,9.0600004196167,9.479999542236328,9.039999961853027,9.380000114440918,126900
2024-05-13,8.534688949584961,8.960000038146973,9.180000305175781,8.9399995803833,9.149999618530273,344400
2024-05-14,8.7823486328125,9.220000267028809,9.239999771118164,9.039999961853027,9.039999961853027,199600
2024-05-15,8.648992538452148,9.079999923706055,9.319999694824219,8.970000267028809,9.260000228881836,126200
2024-05-16,8.76329517364502,9.199999809265137,9.244999885559082,9.0,9.029999732971191,146100
2024-05-17,8.715668678283691,9.149999618530273,9.239999771118164,9.109999656677246,9.239999771118164,125900
2024-05-20,8.820448875427246,9.260000228881836,9.380000114440918,9.109999656677246,9.199999809265137,237600
2024-05-21,8.801397323608398,9.239999771118164,9.369999885559082,9.140000343322754,9.220000267028809,140600
2024-05-22,8.515637397766113,8.9399995803833,9.220000267028809,8.885000228881836,9.220000267028809,158800
2024-05-23,8.496587753295898,8.920000076293945,9.050000190734863,8.805000305175781,8.960000038146973,179700
2024-05-24,8.496587753295898,8.920000076293945,8.979999542236328,8.84000015258789,8.970000267028809,137700
2024-05-28,8.54421329498291,8.970000267028809,9.085000038146973,8.895000457763672,9.010000228881836,256600
2024-05-29,8.410859107971191,8.829999923706055,8.975000381469727,8.760000228881836,8.90999984741211,385500
2024-05-30,8.487064361572266,8.90999984741211,8.98799991607666,8.8100004196167,8.8100004196167,116700
2024-05-31,8.725193977355957,9.15999984741211,9.170000076293945,8.869999885559082,8.9399995803833,141800
2024-06-03,8.315605163574219,8.729999542236328,9.258000373840332,8.670000076293945,9.1899995803833,285500
2024-06-04,8.191777229309082,8.600000381469727,8.704999923706055,8.479999542236328,8.630000114440918,263500
2024-06-05,8.15367603302002,8.5600004196167,8.640000343322754,8.475000381469727,8.619999885559082,182200
2024-06-06,8.134624481201172,8.539999961853027,8.5600004196167,8.470000267028809,8.5600004196167,170400
2024-06-07,8.05733585357666,8.34000015258789,8.449999809265137,8.300000190734863,8.359999656677246,260200
2024-06-10,8.211913108825684,8.5,8.5649995803833,8.321000099182129,8.359999656677246,156600
2024-06-11,8.211913108825684,8.5,8.53499984741211,8.270000457763672,8.420000076293945,138800
2024-06-12,8.202251434326172,8.489999771118164,8.680000305175781,8.489999771118164,8.680000305175781,312200
2024-06-13,8.038013458251953,8.319999694824219,8.470000267028809,8.28499984741211,8.449999809265137,200300
2024-06-14,7.873775482177734,8.149999618530273,8.274999618530273,8.119999885559082,8.220000267028809,160500
2024-06-17,7.999369144439697,8.279999732971191,8.359999656677246,8.090999603271484,8.109999656677246,231300
2024-06-18,7.95106315612793,8.229999542236328,8.420000076293945,8.229999542236328,8.359999656677246,182600
2024-06-20,7.8930983543396,8.170000076293945,8.239999771118164,8.149999618530273,8.220000267028809,196400
2024-06-21,7.902759075164795,8.180000305175781,8.210000038146973,8.100000381469727,8.170000076293945,233900
2024-06-24,8.105642318725586,8.390000343322754,8.460000038146973,8.180000305175781,8.229999542236328,163400
2024-06-25,8.240896224975586,8.529999732971191,8.539999961853027,8.3149995803833,8.390000343322754,146400
2024-06-26,8.144287109375,8.430000305175781,8.510000228881836,8.395000457763672,8.510000228881836,194900
2024-06-27,8.182929039001465,8.470000267028809,8.654999732971191,8.395000457763672,8.529999732971191,184100
2024-06-28,8.289200782775879,8.579999923706055,8.619999885559082,8.479999542236328,8.539999961853027,902900
2024-07-01,8.240896224975586,8.529999732971191,8.604999542236328,8.395000457763672,8.569999694824219,228800
2024-07-02,8.240896224975586,8.529999732971191,8.664999961853027,8.505000114440918,8.5600004196167,208100
2024-07-03,8.38581371307373,8.680000305175781,8.729999542236328,8.529999732971191,8.529999732971191,123800
2024-07-05,8.028352737426758,8.3100004196167,8.710000038146973,8.270000457763672,8.649999618530273,224000
2024-07-08,8.144287109375,8.430000305175781,8.479999542236328,8.300000190734863,8.300000190734863,137900
2024-07-09,7.989709377288818,8.270000457763672,8.395000457763672,8.239999771118164,8.319999694824219,377100
2024-07-10,10.974980354309082,11.359999656677246,11.395000457763672,8.649999618530273,8.75,2789800
2024-07-11,11.400069236755371,11.800000190734863,12.229999542236328,11.199999809265137,11.3100004196167,1322100
2024-07-12,11.622273445129395,12.029999732971191,12.390000343322754,11.819999694824219,12.010000228881836,930300
2024-07-15,11.709223747253418,12.119999885559082,12.390000343322754,11.960000038146973,12.229999542236328,808300
2024-07-16,11.757528305053711,12.170000076293945,12.569999694824219,12.09000015258789,12.170000076293945,552200
2024-07-17,11.999056816101074,12.420000076293945,12.739999771118164,12.119999885559082,12.170000076293945,613000
2024-07-18,12.462785720825195,12.899999618530273,13.0,12.229999542236328,12.300000190734863,679100
2024-07-19,12.482108116149902,12.920000076293945,13.279999732971191,12.529999732971191,12.84000015258789,560700
2024-07-22,11.80583381652832,12.220000267028809,12.90999984741211,12.069999694824219,12.90999984741211,723600
2024-07-23,12.395158767700195,12.829999923706055,13.140000343322754,11.930000305175781,12.109999656677246,675300
2024-07-24,11.96041202545166,12.380000114440918,13.029999732971191,12.350000381469727,13.029999732971191,380400
2024-07-25,12.81058406829834,13.260000228881836,13.420000076293945,12.270000457763672,12.390000343322754,787600
2024-07-26,12.675329208374023,13.119999885559082,13.385000228881836,12.869999885559082,13.300000190734863,390000
2024-07-29,12.50143051147461,12.9399995803833,13.380000114440918,12.720000267028809,13.199999809265137,226900
2024-07-30,12.762280464172363,13.210000038146973,13.5600004196167,12.949999809265137,12.949999809265137,629100
2024-07-31,12.704313278198242,13.149999618530273,13.34000015258789,13.050000190734863,13.289999961853027,475000
2024-08-01,12.211599349975586,12.640000343322754,13.199999809265137,12.350000381469727,13.180000305175781,462700
2024-08-02,11.496679306030273,11.899999618530273,12.425000190734863,11.880000114440918,12.300000190734863,535500
2024-08-05,11.081253051757812,11.470000267028809,11.609999656677246,11.100000381469727,11.539999961853027,520000
2024-08-06,11.206847190856934,11.600000381469727,11.699999809265137,11.210000038146973,11.40999984741211,346800
2024-08-07,11.032946586608887,11.420000076293945,11.970000267028809,11.369999885559082,11.75,297600
2024-08-08,11.284133911132812,11.680000305175781,11.710000038146973,11.430000305175781,11.460000038146973,515300
2024-08-09,11.293794631958008,11.6899995803833,12.149999618530273,11.5,11.949999809265137,856000
2024-08-12,11.284133911132812,11.680000305175781,11.800000190734863,11.420000076293945,11.699999809265137,341200
2024-08-13,11.293794631958008,11.6899995803833,11.829999923706055,11.600000381469727,11.680000305175781,271400
2024-08-14,11.042609214782715,11.430000305175781,11.779999732971191,11.3100004196167,11.779999732971191,464800
2024-08-15,11.264813423156738,11.65999984741211,11.789999961853027,11.40999984741211,11.75,620200
2024-08-16,11.496679306030273,11.899999618530273,12.0,11.513999938964844,11.600000381469727,339300
2024-08-19,11.612611770629883,12.020000457763672,12.079999923706055,11.829999923706055,11.899999618530273,268200
2024-08-20,11.419390678405762,11.819999694824219,12.079999923706055,11.710000038146973,12.029999732971191,334800
2024-08-21,11.544984817504883,11.949999809265137,12.050000190734863,11.800000190734863,11.970000267028809,271600
2024-08-22,11.42905044555664,11.829999923706055,12.0600004196167,11.770000457763672,11.960000038146973,207900
2024-08-23,11.936574935913086,12.229999542236328,12.355999946594238,11.890000343322754,11.90999984741211,310600
2024-08-26,12.30745792388916,12.609999656677246,12.65999984741211,12.289999961853027,12.350000381469727,248400
2024-08-27,12.11225700378418,12.40999984741211,12.520000457763672,12.270000457763672,12.520000457763672,115900
2024-08-28,11.87801456451416,12.170000076293945,12.300000190734863,12.130000114440918,12.270000457763672,201700
2024-08-29,12.37578010559082,12.680000305175781,12.729999542236328,12.100000381469727,12.350000381469727,376800
2024-08-30,12.37578010559082,12.680000305175781,12.739999771118164,12.489999771118164,12.630000114440918,317800
2024-09-03,11.712092399597168,12.0,12.510000228881836,11.720000267028809,12.470000267028809,381000
2024-09-04,11.4876127243042,11.770000457763672,12.069999694824219,11.760000228881836,11.989999771118164,248400
2024-09-05,11.272890090942383,11.550000190734863,11.90999984741211,11.404999732971191,11.90999984741211,373500
2024-09-06,11.155769348144531,11.430000305175781,11.770000457763672,11.329999923706055,11.5600004196167,254300
2024-09-09,11.009368896484375,11.279999732971191,11.569999694824219,11.270000457763672,11.40999984741211,296600
2024-09-10,11.14600944519043,11.420000076293945,11.489999771118164,11.149999618530273,11.350000381469727,269400
2024-09-11,11.048407554626465,11.319999694824219,11.470000267028809,11.0600004196167,11.460000038146973,415200
2024-09-12,11.243610382080078,11.520000457763672,11.789999961853027,10.960000038146973,10.960000038146973,223700
2024-09-13,11.438811302185059,11.720000267028809,11.760000228881836,11.420000076293945,11.65999984741211,424800
2024-09-16,11.702333450317383,11.989999771118164,12.050000190734863,11.640000343322754,11.859999656677246,269900
2024-09-17,12.41481876373291,12.720000267028809,12.819999694824219,12.09000015258789,12.09000015258789,453600
2024-09-18,12.336738586425781,12.640000343322754,13.0,12.59000015258789,12.65999984741211,269100
2024-09-19,12.86378288269043,13.180000305175781,13.210000038146973,12.699999809265137,13.09000015258789,320800
2024-09-20,13.137064933776855,13.460000038146973,13.800000190734863,12.84000015258789,13.079999923706055,939400
2024-09-23,13.507949829101562,13.84000015258789,14.289999961853027,13.670000076293945,13.699999809265137,337100
2024-09-24,13.586029052734375,13.920000076293945,14.100000381469727,13.760000228881836,14.039999961853027,201400
2024-09-25,13.215145111083984,13.539999961853027,13.84000015258789,13.335000038146973,13.800000190734863,263400
2024-09-26,12.268417358398438,12.569999694824219,13.4350004196167,12.539999961853027,13.350000381469727,284900
2024-09-27,12.395298957824707,12.699999809265137,12.850000381469727,12.579999923706055,12.760000228881836,269400
2024-09-30,12.453859329223633,12.760000228881836,13.029999732971191,12.479999542236328,12.739999771118164,320900
2024-10-01,12.668580055236816,12.979999542236328,13.09000015258789,12.59000015258789,12.670000076293945,268200
2024-10-02,12.912582397460938,13.229999542236328,13.40999984741211,13.039999961853027,13.15999984741211,222400
2024-10-03,13.12730598449707,13.449999809265137,13.5600004196167,13.100000381469727,13.220000267028809,154900
2024-10-04,13.273707389831543,13.600000381469727,13.6899995803833,13.350000381469727,13.350000381469727,151400
2024-10-07,13.459148406982422,13.789999961853027,13.979999542236328,13.600000381469727,13.600000381469727,229100
2024-10-08,13.107786178588867,13.430000305175781,13.569999694824219,13.0600004196167,13.399999618530273,273800
2024-10-09,13.16634464263916,13.489999771118164,13.789999961853027,13.27400016784668,13.359999656677246,324900
2024-10-10,13.185864448547363,13.510000228881836,13.640000343322754,13.210000038146973,13.380000114440918,342400
2024-10-11,13.625069618225098,13.960000038146973,14.100000381469727,13.545000076293945,13.789999961853027,185600
2024-10-14,13.527467727661133,13.859999656677246,13.920000076293945,13.569999694824219,13.899999618530273,183400
2024-10-15,13.390827178955078,13.720000267028809,13.907999992370605,13.5600004196167,13.75,398700
2024-10-16,13.781229972839355,14.119999885559082,14.399999618530273,13.932000160217285,14.0,246500
2024-10-17,13.351786613464355,13.680000305175781,14.0600004196167,13.579999923706055,14.0,274100
2024-10-18,12.9906644821167,13.3100004196167,13.65999984741211,13.229999542236328,13.640000343322754,215000
2024-10-21,12.89306354522705,13.210000038146973,13.4399995803833,13.010000228881836,13.4399995803833,190600
2024-10-22,12.9906644821167,13.3100004196167,13.46500015258789,13.210000038146973,13.300000190734863,199200
2024-10-23,12.824743270874023,13.140000343322754,13.390000343322754,13.050000190734863,13.210000038146973,158400
2024-10-24,12.941864013671875,13.260000228881836,13.300000190734863,12.850000381469727,13.170000076293945,177600
2024-10-25,13.09802532196045,13.420000076293945,13.576000213623047,13.354999542236328,13.460000038146973,151600
2024-10-28,13.010183334350586,13.329999923706055,13.399999618530273,13.067999839782715,13.15999984741211,164600
2024-10-29,12.902824401855469,13.220000267028809,13.324999809265137,13.050000190734863,13.270000457763672,128100
2024-10-30,12.912582397460938,13.229999542236328,13.529999732971191,13.170000076293945,13.270000457763672,225400
2024-10-31,12.824743270874023,13.140000343322754,13.399999618530273,13.079999923706055,13.34000015258789,221100
2024-11-01,12.610020637512207,12.920000076293945,13.239999771118164,12.779999732971191,13.239999771118164,227000
2024-11-04,13.302986145019531,13.630000114440918,13.75,12.859999656677246,12.920000076293945,388300
2024-11-05,13.683629989624023,14.020000457763672,15.180000305175781,13.020000457763672,13.180000305175781,1319600
2024-11-06,16.12364959716797,16.520000457763672,16.854999542236328,15.180000305175781,15.5,810400
2024-11-07,16.104127883911133,16.5,16.902999877929688,16.3700008392334,16.59000015258789,527500
2024-11-08,16.73853302001953,17.149999618530273,17.190000534057617,16.489999771118164,16.489999771118164,318800
2024-11-11,17.51934242248535,17.950000762939453,17.969999313354492,17.200000762939453,17.200000762939453,1326800
2024-11-12,17.939023971557617,18.3799991607666,18.7549991607666,17.790000915527344,18.0,847500
2024-11-13,17.392457962036133,17.81999969482422,18.549999237060547,17.799999237060547,18.479999542236328,667700
2024-11-14,17.773101806640625,18.209999084472656,18.239999771118164,17.65999984741211,18.010000228881836,357200
2024-11-15,18.29038429260254,18.739999771118164,18.770000457763672,18.231000900268555,18.299999237060547,421700
2024-11-18,19.28591537475586,19.760000228881836,19.8799991607666,18.649999618530273,18.959999084472656,492300
2024-11-19,19.74463653564453,20.229999542236328,20.450000762939453,19.350000381469727,19.350000381469727,739000
2024-11-20,20.017919540405273,20.510000228881836,20.56999969482422,19.770000457763672,20.09000015258789,571200
2024-11-21,21.228166580200195,21.75,22.110000610351562,20.31999969482422,20.469999313354492,760200
2024-11-22,22.75074005126953,23.309999465942383,23.579999923706055,21.670000076293945,21.940000534057617,929100
2024-11-25,22.184656143188477,22.729999542236328,23.520000457763672,22.43000030517578,23.309999465942383,646000
2024-11-26,22.653141021728516,23.209999084472656,23.56999969482422,22.594999313354492,22.6299991607666,725300
2024-11-27,23.882911682128906,24.469999313354492,24.639999389648438,22.8700008392334,23.170000076293945,747700
2024-11-29,24.058591842651367,24.649999618530273,24.79199981689453,24.239999771118164,24.719999313354492,380800
2024-12-02,24.146432876586914,24.739999771118164,24.950000762939453,24.200000762939453,24.649999618530273,507800
2024-12-03,23.541311264038086,24.1200008392334,25.09000015258789,23.540000915527344,24.950000762939453,798100
2024-12-04,23.590106964111328,24.170000076293945,24.440000534057617,23.84000015258789,24.110000610351562,776700
2024-12-05,27.75766372680664,28.440000534057617,29.190000534057617,25.81999969482422,26.049999237060547,1422300
2024-12-06,25.95419692993164,26.479999542236328,28.43000030517578,26.149999618530273,28.110000610351562,869900
2024-12-09,25.23869514465332,25.75,27.454999923706055,25.690000534057617,26.81999969482422,423000
2024-12-10,28.473167419433594,29.049999237060547,30.219999313354492,26.145000457763672,26.360000610351562,2301800
2024-12-11,31.256772994995117,31.889999389648438,32.61000061035156,28.389999389648438,29.100000381469727,2070000
2024-12-12,28.237932205200195,28.809999465942383,31.6200008392334,28.600000381469727,31.3799991607666,1043600
2024-12-13,27.473419189453125,28.030000686645508,29.170000076293945,27.825000762939453,28.65999984741211,873600
2024-12-16,28.541776657104492,29.1200008392334,29.649999618530273,27.579999923706055,28.030000686645508,752000
2024-12-17,28.00269889831543,28.56999969482422,29.149999618530273,27.84000015258789,28.829999923706055,670800
2024-12-18,26.68930435180664,27.229999542236328,29.68000030517578,27.079999923706055,28.799999237060547,608700
2024-12-19,26.042409896850586,26.56999969482422,28.729999542236328,26.440000534057617,28.399999618530273,490000
2024-12-20,26.33645248413086,26.8700008392334,27.829999923706055,25.799999237060547,26.049999237060547,758600
2024-12-23,27.40481185913086,27.959999084472656,28.219999313354492,26.618000030517578,26.84000015258789,467000
2024-12-24,28.149721145629883,28.719999313354492,29.000999450683594,27.81999969482422,28.540000915527344,376500
2024-12-26,28.365352630615234,28.940000534057617,29.0,27.829999923706055,28.329999923706055,415600
2024-12-27,27.63024139404297,28.190000534057617,29.729999542236328,27.920000076293945,29.079999923706055,785200
2024-12-30,27.924287796020508,28.489999771118164,28.979999542236328,27.93000030517578,28.030000686645508,415200
2024-12-31,28.208526611328125,28.780000686645508,29.639999389648438,28.3799991607666,28.760000228881836,1017500
2025-01-02,28.865222930908203,29.450000762939453,29.579999923706055,27.639999389648438,28.889999389648438,624900
2025-01-03,29.031850814819336,29.6200008392334,30.3700008392334,28.829999923706055,29.799999237060547,525000
2025-01-06,30.658885955810547,31.280000686645508,32.09000015258789,29.270000457763672,29.760000228881836,1059900
2025-01-07,28.708402633666992,29.290000915527344,31.34000015258789,28.639999389648438,31.34000015258789,636300
2025-01-08,28.512371063232422,29.09000015258789,29.420000076293945,28.0,28.90999984741211,474700
2025-01-10,28.07131004333496,28.639999389648438,30.280000686645508,28.530000686645508,29.6299991607666,557500
2025-01-13,28.296743392944336,28.8700008392334,29.34000015258789,28.1200008392334,28.600000381469727,508800
2025-01-14,28.708402633666992,29.290000915527344,30.200000762939453,28.70199966430664,29.219999313354492,462500
2025-01-15,31.227371215820312,31.860000610351562,31.979999542236328,29.299999237060547,29.940000534057617,978200
2025-01-16,30.531469345092773,31.149999618530273,31.90999984741211,30.459999084472656,31.899999618530273,664300
2025-01-17,30.698091506958008,31.31999969482422,32.970001220703125,31.010000228881836,31.3700008392334,690700
2025-01-21,30.864715576171875,31.489999771118164,31.674999237060547,29.530000686645508,31.610000610351562,624900
2025-01-22,33.873756408691406,34.560001373291016,35.61000061035156,31.8799991607666,31.8799991607666,1665700
2025-01-23,32.95241928100586,33.619998931884766,34.869998931884766,32.790000915527344,34.36000061035156,943500
2025-01-24,34.285423278808594,34.97999954223633,36.52000045776367,33.9900016784668,33.9900016784668,1966000
2025-01-27,23.866493225097656,24.350000381469727,29.899999618530273,24.139999389648438,29.048999786376953,3494500
2025-01-28,23.523441314697266,24.0,25.209999084472656,23.030000686645508,24.950000762939453,1792900
2025-01-29,25.532737731933594,26.049999237060547,26.25,24.149999618530273,24.399999618530273,1479700
2025-01-30,27.914485931396484,28.479999542236328,29.270000457763672,26.59000015258789,26.6200008392334,1322700
2025-01-31,26.74811553955078,27.290000915527344,29.190000534057617,26.854000091552734,28.899999618530273,1059100
2025-02-03,26.53248405456543,27.06999969482422,27.700000762939453,26.0939998626709,26.56999969482422,576200
2025-02-04,26.17963218688965,26.709999084472656,27.56999969482422,26.389999389648438,26.510000228881836,730000
2025-02-05,27.414609909057617,27.969999313354492,27.969999313354492,26.575000762939453,27.1299991607666,496000
2025-02-06,26.022809982299805,26.549999237060547,28.219999313354492,25.760000228881836,28.190000534057617,859600
2025-02-07,25.434722900390625,25.950000762939453,27.6299991607666,25.670000076293945,27.100000381469727,755800
2025-02-10,26.914737701416016,27.459999084472656,28.270000457763672,25.969999313354492,26.670000076293945,826900
2025-02-11,26.993148803710938,27.540000915527344,27.889999389648438,27.0049991607666,27.18000030517578,461200
2025-02-12,26.610891342163086,27.149999618530273,27.90999984741211,26.610000610351562,26.959999084472656,596400
2025-02-13,26.728513717651367,27.270000457763672,28.09000015258789,26.905000686645508,26.989999771118164,433700
2025-02-14,27.60083770751953,28.15999984741211,28.399999618530273,27.176000595092773,27.399999618530273,496900
2025-02-18,29.678743362426758,30.280000686645508,30.649999618530273,28.450000762939453,28.5,1000300
2025-02-19,29.423906326293945,30.020000457763672,30.780000686645508,29.68000030517578,30.260000228881836,606400
2025-02-20,28.757408142089844,29.34000015258789,30.030000686645508,28.799999237060547,30.0,924200
2025-02-21,35.24595642089844,35.959999084472656,39.025001525878906,34.04999923706055,35.0,3602900
2025-02-24,33.138648986816406,33.810001373291016,37.36000061035156,30.600000381469727,36.880001068115234,2488700
2025-02-25,31.805654525756836,32.45000076293945,34.560001373291016,30.40999984741211,34.0,1879800
2025-02-26,32.276123046875,32.93000030517578,34.52000045776367,32.165000915527344,32.75,940600
2025-02-27,31.854665756225586,32.5,34.400001525878906,32.29499816894531,33.81999969482422,810000
2025-02-28,33.471900939941406,34.150001525878906,34.369998931884766,31.290000915527344,32.09000015258789,1449700
2025-03-03,30.94312858581543,31.56999969482422,36.13999938964844,31.1200008392334,34.79999923706055,1254900
2025-03-04,27.992897033691406,28.559999465942383,30.93000030517578,27.649999618530273,30.809999465942383,1678000
2025-03-05,28.100709915161133,28.670000076293945,28.832000732421875,27.170000076293945,28.3799991607666,1083200
2025-03-06,23.974306106567383,24.459999084472656,27.809999465942383,23.645000457763672,27.799999237060547,2458100
2025-03-07,23.552846908569336,24.030000686645508,25.1299991607666,22.433000564575195,24.5,2913800
2025-03-10,20.955467224121094,21.3799991607666,23.635000228881836,21.170000076293945,23.350000381469727,1822700
2025-03-11,21.911571502685547,22.229999542236328,22.899999618530273,21.049999237060547,21.469999313354492,2493600
2025-03-12,24.878456115722656,25.239999771118164,25.639999389648438,23.020000457763672,23.6200008392334,2960300
2025-03-13,22.680397033691406,23.010000228881836,25.215999603271484,21.969999313354492,25.09000015258789,2173100
2025-03-14,24.25748062133789,24.610000610351562,25.280000686645508,23.350000381469727,23.5,1576100
2025-03-17,20.16692543029785,20.459999084472656,24.795000076293945,19.899999618530273,24.59000015258789,6025800
2025-03-18,22.64097023010254,22.969999313354492,23.040000915527344,19.309999465942383,20.510000228881836,3562700
2025-03-19,23.951919555664062,24.299999237060547,24.84000015258789,22.389999389648438,22.959999084472656,2001800
2025-03-20,22.217132568359375,22.540000915527344,24.299999237060547,22.3799991607666,24.040000915527344,1187200
2025-03-21,22.14813232421875,22.469999313354492,23.219999313354492,22.030000686645508,22.170000076293945,1947800
2025-03-24,23.547794342041016,23.889999389648438,24.15999984741211,23.139999389648438,23.5,1047200
2025-03-25,23.409799575805664,23.75,24.110000610351562,23.350000381469727,23.450000762939453,813600
2025-03-26,23.03524398803711,23.3700008392334,24.572999954223633,22.979999542236328,23.93000030517578,1046900
2025-03-27,22.916959762573242,23.25,23.625999450683594,22.700000762939453,23.209999084472656,1085100
2025-03-28,22.532546997070312,22.860000610351562,23.290000915527344,22.176000595092773,23.209999084472656,1346200
2025-03-31,21.448307037353516,21.760000228881836,22.940000534057617,21.350000381469727,22.010000228881836,1988400
2025-04-01,20.87661361694336,21.18000030517578,21.639999389648438,19.850000381469727,21.489999771118164,1551500
2025-04-02,22.562116622924805,22.889999389648438,22.985000610351562,20.440000534057617,20.709999084472656,919500
2025-04-03,18.126577377319336,18.389999389648438,21.190000534057617,18.329999923706055,20.600000381469727,1539700
2025-04-04,15.731385231018066,15.960000038146973,17.209999084472656,14.720000267028809,16.68000030517578,2915900
2025-04-07,16.697345733642578,16.940000534057617,18.530000686645508,14.270000457763672,14.569999694824219,2008500
2025-04-08,16.411500930786133,16.649999618530273,18.219999313354492,16.204999923706055,17.8799991607666,1752300
2025-04-09,19.181251525878906,19.459999084472656,20.59000015258789,15.843999862670898,16.100000381469727,2431000
2025-04-10,16.884624481201172,17.1299991607666,18.604999542236328,16.3799991607666,18.56999969482422,1880200
2025-04-11,17.209896087646484,17.459999084472656,17.530000686645508,16.049999237060547,16.959999084472656,1347700
2025-04-14,17.200042724609375,17.450000762939453,19.15999984741211,17.09000015258789,18.1200008392334,1315600
2025-04-15,17.37746238708496,17.6299991607666,18.399999618530273,17.18000030517578,17.940000534057617,1002000
2025-04-16,17.939298629760742,18.200000762939453,18.65999984741211,17.399999618530273,17.399999618530273,853600
2025-04-17,18.777122497558594,19.049999237060547,19.34000015258789,18.280000686645508,18.43000030517578,761000
2025-04-21,17.46617317199707,17.719999313354492,18.670000076293945,17.020000457763672,18.670000076293945,1439100
2025-04-22,18.382850646972656,18.649999618530273,19.459999084472656,18.139999389648438,18.559999465942383,1059400
2025-04-23,19.062969207763672,19.34000015258789,20.670000076293945,18.950000762939453,19.479999542236328,1411000
2025-04-24,19.831796646118164,20.1200008392334,20.420000076293945,18.84000015258789,18.84000015258789,1007100
2025-04-25,20.433059692382812,20.729999542236328,20.729999542236328,19.049999237060547,20.100000381469727,794100
2025-04-28,20.275352478027344,20.56999969482422,21.600000381469727,20.3799991607666,20.760000228881836,1824800
2025-04-29,20.87661361694336,21.18000030517578,24.149999618530273,21.0,24.149999618530273,2883300
2025-04-30,20.837186813354492,21.139999389648438,21.209999084472656,19.770000457763672,20.520000457763672,1544000
2025-05-01,22.621261596679688,22.950000762939453,23.68000030517578,21.309999465942383,21.530000686645508,4978000
2025-05-02,23.04509735107422,23.3799991607666,23.389999389648438,22.1299991607666,23.190000534057617,1429100
2025-05-05,22.09885025024414,22.420000076293945,23.5,22.114999771118164,23.020000457763672,930500
2025-05-06,21.941143035888672,22.260000228881836,22.600000381469727,21.5,21.950000762939453,2165800
2025-05-07,21.48773193359375,21.799999237060547,22.43000030517578,21.549999237060547,22.170000076293945,1400600
2025-05-08,22.256559371948242,22.579999923706055,22.860000610351562,21.639999389648438,22.100000381469727,1089500
2025-05-09,21.517301559448242,21.829999923706055,23.0,21.280000686645508,22.8799991607666,1545600
2025-05-12,22.197418212890625,22.520000457763672,23.542999267578125,22.219999313354492,23.0,965400
2025-05-13,22.335411071777344,22.65999984741211,23.110000610351562,22.43000030517578,22.899999618530273,792800
2025-05-14,22.956388473510742,23.290000915527344,23.459999084472656,22.049999237060547,23.15999984741211,1285500
2025-05-15,22.266416549682617,22.59000015258789,23.315000534057617,22.44499969482422,22.860000610351562,1258400
2025-05-16,21.783435821533203,22.100000381469727,23.024999618530273,21.760000228881836,22.68000030517578,1218100
2025-05-19,21.517301559448242,21.829999923706055,21.950000762939453,21.219999313354492,21.690000534057617,898500
2025-05-20,22.177705764770508,22.5,22.760000228881836,21.6299991607666,21.93000030517578,820100
2025-05-21,21.418733596801758,21.729999542236328,22.809999465942383,21.389999389648438,22.3700008392334,1487500
2025-05-22,25.06573486328125,25.43000030517578,25.829999923706055,21.68000030517578,22.350000381469727,2592900
2025-05-23,26.662527084350586,27.049999237060547,27.18000030517578,24.5,24.81999969482422,2068200
2025-05-27,27.874910354614258,28.280000686645508,28.420000076293945,26.770000457763672,27.59000015258789,1516600
2025-05-28,27.904481887817383,28.309999465942383,28.59000015258789,27.700000762939453,28.489999771118164,1658400
2025-05-29,27.48063850402832,27.8799991607666,29.15999984741211,27.40999984741211,29.0,1265400
2025-05-30,27.037086486816406,27.43000030517578,28.347999572753906,26.889999389648438,27.40999984741211,1327800
2025-06-02,27.27364730834961,27.670000076293945,28.139999389648438,26.670000076293945,28.0,1118300
2025-06-03,27.71913719177246,28.0,28.3700008392334,27.059999465942383,27.530000686645508,1248000
2025-06-04,27.52113914489746,27.799999237060547,28.065000534057617,27.079999923706055,27.850000381469727,1284800
2025-06-05,26.857860565185547,27.1299991607666,28.540000915527344,27.09000015258789,27.969999313354492,1303500
2025-06-06,29.699073791503906,30.0,30.333999633789062,27.969999313354492,28.649999618530273,2349000
2025-06-09,28.8080997467041,29.100000381469727,30.299999237060547,29.040000915527344,30.270000457763672,1507400
2025-06-10,24.95711898803711,25.209999084472656,29.75,25.030000686645508,29.309999465942383,3414200
2025-06-11,26.214378356933594,26.479999542236328,26.850000381469727,25.2549991607666,25.579999923706055,1970200
2025-06-12,27.620136260986328,27.899999618530273,27.989999771118164,25.736000061035156,25.899999618530273,1056200
2025-06-13,26.867759704589844,27.139999389648438,28.889999389648438,27.020000457763672,28.635000228881836,1253300
2025-06-16,27.996326446533203,28.280000686645508,28.8700008392334,27.575000762939453,27.940000534057617,989900
2025-06-17,28.956594467163086,29.25,29.540000915527344,28.06999969482422,28.670000076293945,900200
2025-06-18,28.699201583862305,28.989999771118164,30.219999313354492,28.690000534057617,29.239999771118164,2334800
2025-06-20,28.511110305786133,28.799999237060547,29.31999969482422,28.420000076293945,29.239999771118164,1034000
2025-06-23,27.432043075561523,27.709999084472656,29.124000549316406,27.360000610351562,28.610000610351562,936400
2025-06-24,28.055723190307617,28.34000015258789,28.489999771118164,27.399999618530273,27.899999618530273,885500
2025-06-25,27.135051727294922,27.40999984741211,28.325000762939453,26.531999588012695,28.270000457763672,799100
2025-06-26,28.471511840820312,28.760000228881836,28.950000762939453,27.25,27.34000015258789,710700
2025-06-27,28.689306259155273,28.979999542236328,29.67799949645996,28.40999984741211,29.149999618530273,2702300
2025-06-30,28.006227493286133,28.290000915527344,29.559999465942383,28.270000457763672,29.25,1567000
2025-07-01,28.788299560546875,29.079999923706055,31.5,27.649999618530273,31.459999084472656,3043000
2025-07-02,31.35232162475586,31.670000076293945,31.700000762939453,27.649999618530273,29.0,2021500
2025-07-03,32.33238983154297,32.65999984741211,32.810001373291016,31.40999984741211,32.0,879200
2025-07-07,31.362218856811523,31.68000030517578,32.279998779296875,30.850000381469727,32.09000015258789,1037500
2025-07-08,32.1442985534668,32.470001220703125,33.15999984741211,31.489999771118164,32.119998931884766,989900
2025-07-09,30.758338928222656,31.06999969482422,32.869998931884766,30.68000030517578,32.869998931884766,1404300
2025-07-10,30.39204978942871,30.700000762939453,31.1200008392334,30.09000015258789,30.790000915527344,1232900
2025-07-11,30.88703727722168,31.200000762939453,31.75,30.524999618530273,30.860000610351562,552400
2025-07-14,31.48101806640625,31.799999237060547,32.130001068115234,30.15999984741211,31.209999084472656,1487200
2025-07-15,30.085161209106445,30.389999389648438,32.45000076293945,30.31999969482422,31.90999984741211,1038300
2025-07-16,29.58027458190918,29.8799991607666,30.424999237060547,28.6299991607666,30.229999542236328,1498100
2025-07-17,28.719003677368164,29.010000228881836,29.600000381469727,28.1299991607666,29.469999313354492,1190700
2025-07-18,28.897197723388672,29.190000534057617,29.950000762939453,28.860000610351562,29.690000534057617,1030400
2025-07-21,28.26361846923828,28.549999237060547,29.59000015258789,28.170000076293945,29.299999237060547,1261300
2025-07-22,27.986425399780273,28.270000457763672,28.709999084472656,27.65999984741211,28.219999313354492,1247000
2025-07-23,29.114992141723633,29.40999984741211,30.850000381469727,28.0,28.75,2546200
2025-07-24,33.500553131103516,33.84000015258789,36.400001525878906,32.36000061035156,33.95000076293945,4581500
2025-07-25,32.17399597167969,32.5,34.65999984741211,32.43199920654297,34.599998474121094,2066000
2025-07-28,32.282894134521484,32.61000061035156,34.400001525878906,32.2599983215332,33.130001068115234,1338700
2025-07-29,33.46095657348633,33.79999923706055,33.86000061035156,30.513999938964844,31.049999237060547,3408100
2025-07-30,32.926368713378906,33.2599983215332,34.88999938964844,32.25,34.0,2450900
2025-07-31,32.34228515625,32.66999816894531,33.48500061035156,31.989999771118164,32.59000015258789,1371600
2025-08-01,29.708972930908203,30.010000228881836,31.65999984741211,28.940000534057617,31.65999984741211,2676000
2025-08-04,30.550445556640625,30.860000610351562,30.989999771118164,29.920000076293945,30.389999389648438,1286900
2025-08-05,30.411849975585938,30.719999313354492,31.440000534057617,29.549999237060547,31.110000610351562,1269700
2025-08-06,31.332521438598633,31.649999618530273,31.834999084472656,30.385000228881836,30.639999389648438,1478000
2025-08-07,30.302953720092773,30.610000610351562,32.0,29.690000534057617,31.75,3484100
2025-08-08,29.689172744750977,29.989999771118164,30.8799991607666,29.15999984741211,30.799999237060547,2198300
2025-08-11,30.055461883544922,30.360000610351562,30.690000534057617,29.344999313354492,29.940000534057617,1241400
2025-08-12,30.35245132446289,30.65999984741211,31.31999969482422,30.280000686645508,30.600000381469727,1482100
2025-08-13,27.679534912109375,27.959999084472656,30.920000076293945,27.229999542236328,30.5,3079200
2025-08-14,27.0954532623291,27.3700008392334,27.93000030517578,26.709999084472656,27.600000381469727,2223200
2025-08-15,27.422143936157227,27.700000762939453,27.979999542236328,26.59000015258789,27.170000076293945,1494300
2025-08-18,27.135051727294922,27.40999984741211,28.104999542236328,27.09000015258789,27.399999618530273,1244700
2025-08-19,26.54107093811035,26.809999465942383,27.540000915527344,26.40999984741211,27.5,1211400
2025-08-20,26.887561798095703,27.15999984741211,27.344999313354492,25.90999984741211,26.420000076293945,1534400
2025-08-21,27.79833221435547,28.079999923706055,28.280000686645508,26.8700008392334,27.170000076293945,1324600
2025-08-22,28.372514724731445,28.65999984741211,29.389999389648438,27.719999313354492,27.989999771118164,1324800
2025-08-25,28.332916259765625,28.6200008392334,29.270000457763672,28.209999084472656,28.329999923706055,1149800
2025-08-26,29.560476303100586,29.860000610351562,30.040000915527344,28.600000381469727,28.600000381469727,1423200
2025-08-27,29.33278465270996,29.6299991607666,29.885000228881836,29.229999542236328,29.59000015258789,1341700
2025-08-28,31.401819229125977,31.719999313354492,31.790000915527344,29.415000915527344,29.6299991607666,1939400
2025-08-29,31.273122787475586,31.59000015258789,32.02000045776367,30.739999771118164,31.8799991607666,1657700
2025-09-02,29.57037925720215,29.8700008392334,30.780000686645508,28.799999237060547,30.309999465942383,1522300
2025-09-03,26.709365844726562,26.979999542236328,30.040000915527344,26.809999465942383,29.860000610351562,2921200
2025-09-04,26.224281311035156,26.489999771118164,27.23200035095215,26.079999923706055,26.989999771118164,2168500
2025-09-05,26.184682846069336,26.450000762939453,26.6299991607666,25.6299991607666,26.549999237060547,1802500
2025-09-08,25.689699172973633,25.950000762939453,27.020000457763672,25.770000457763672,27.0,1764200
2025-09-09,24.670028686523438,24.920000076293945,26.65999984741211,24.56999969482422,26.06999969482422,2256200
2025-09-10,29.075393676757812,29.3700008392334,30.899999618530273,26.190000534057617,26.190000534057617,3180000
2025-09-11,29.996063232421875,30.299999237060547,31.8700008392334,28.43000030517578,29.06999969482422,3747000
2025-09-12,30.758338928222656,31.06999969482422,31.295000076293945,30.0,30.610000610351562,2260000
2025-09-15,31.87700843811035,32.20000076293945,33.8390007019043,31.389999389648438,32.0,3361200
2025-09-16,31.966434478759766,32.16999816894531,32.45000076293945,29.889999389648438,32.1150016784668,2988900
2025-09-17,33.049537658691406,33.2599983215332,34.19499969482422,31.90999984741211,32.77000045776367,3762400
2025-09-18,36.00074768066406,36.22999954223633,36.599998474121094,34.08000183105469,34.119998931884766,3618100
2025-09-19,37.39188766479492,37.630001068115234,38.060001373291016,36.220001220703125,36.849998474121094,5761300
2025-09-22,39.6872673034668,39.939998626708984,40.625,37.54999923706055,38.220001220703125,5317800
2025-09-23,38.75321578979492,39.0,43.459999084472656,38.5,40.599998474121094,6697800
2025-09-24,37.16334533691406,37.400001525878906,39.369998931884766,36.97999954223633,39.099998474121094,3445400
2025-09-25,37.958282470703125,38.20000076293945,39.34000015258789,35.39500045776367,36.130001068115234,3838000
2025-09-26,39.45872116088867,39.709999084472656,39.790000915527344,38.29999923706055,38.369998931884766,1955000
2025-09-29,41.108219146728516,41.369998931884766,41.88999938964844,39.665000915527344,39.9900016784668,2975200
2025-09-30,39.717079162597656,39.970001220703125,41.334999084472656,38.88999938964844,40.86000061035156,2718900
2025-10-01,42.05221176147461,42.31999969482422,43.150001525878906,39.095001220703125,39.5,3296500
2025-10-02,45.12265396118164,45.40999984741211,47.2599983215332,43.33000183105469,43.33000183105469,4695200
2025-10-03,44.35752868652344,44.63999938964844,46.23899841308594,43.94499969482422,45.54999923706055,2509100
2025-10-06,46.45417785644531,46.75,47.88999938964844,44.599998474121094,46.18000030517578,1732800
2025-10-07,43.771263122558594,44.04999923706055,45.75,41.349998474121094,44.25,12906400
2025-10-08,47.904937744140625,48.209999084472656,48.40999984741211,44.29999923706055,44.5,5665800
2025-10-09,47.38822555541992,47.689998626708984,49.02000045776367,46.88999938964844,48.349998474121094,2918600
2025-10-10,44.69537353515625,44.97999954223633,50.779998779296875,44.65999984741211,47.7400016784668,4373400
2025-10-13,51.59145736694336,51.91999816894531,52.2599983215332,47.709999084472656,48.70000076293945,4842700
2025-10-14,52.41621017456055,52.75,53.83000183105469,49.36000061035156,50.220001220703125,3352600
2025-10-15,54.552608489990234,54.900001525878906,55.69499969482422,53.13999938964844,55.14500045776367,4252500
2025-10-16,53.817291259765625,54.15999984741211,56.13999938964844,52.54999923706055,55.36000061035156,3714300
2025-10-17,51.04494094848633,51.369998931884766,53.63999938964844,49.380001068115234,53.5,4193800
2025-10-20,50.83626937866211,51.15999984741211,53.93000030517578,50.65999984741211,52.25,2807900
2025-10-21,48.69987487792969,49.0099983215332,51.150001525878906,47.81999969482422,50.95000076293945,2740100
2025-10-22,46.09645462036133,46.38999938964844,49.525001525878906,43.90999984741211,48.9900016784668,3346200
2025-10-23,47.39816665649414,47.70000076293945,48.58000183105469,45.744998931884766,47.15999984741211,2166400
2025-10-24,50.59778594970703,50.91999816894531,51.470001220703125,48.474998474121094,48.630001068115234,3188300
2025-10-27,47.84532165527344,48.150001525878906,52.61000061035156,47.84000015258789,51.939998626708984,2823500
2025-10-28,49.25633239746094,49.56999969482422,50.459999084472656,47.51599884033203,48.099998474121094,1721600
2025-10-29,51.670955657958984,52.0,53.77000045776367,50.59000015258789,51.0,4039000
2025-10-30,52.77393341064453,53.11000061035156,54.68000030517578,50.119998931884766,50.70000076293945,2458300
2025-10-31,52.89316940307617,53.22999954223633,54.70000076293945,51.84000015258789,53.779998779296875,3136600
2025-11-03,53.62849044799805,53.970001220703125,57.165000915527344,53.790000915527344,55.04999923706055,4496000
2025-11-04,53.37013626098633,53.709999084472656,55.470001220703125,47.119998931884766,49.02000045776367,5342500
2025-11-05,53.1217155456543,53.459999084472656,54.63999938964844,49.91999816894531,52.0,5204700
2025-11-06,53.14159393310547,53.47999954223633,56.0,51.88999938964844,52.91999816894531,2682700
2025-11-07,50.38911819458008,50.709999084472656,52.290000915527344,46.36000061035156,52.25,9455400
2025-11-10,50.04133605957031,50.36000061035156,51.900001525878906,48.5,51.5,6658000
2025-11-11,49.832664489746094,50.150001525878906,50.18000030517578,46.130001068115234,49.38999938964844,3869700
2025-11-12,46.99075698852539,47.290000915527344,51.13999938964844,46.880001068115234,50.45000076293945,3478400
2025-11-13,44.6556282043457,44.939998626708984,47.40999984741211,42.4900016784668,47.349998474121094,5684200
2025-11-14,44.923919677734375,45.209999084472656,46.875,41.13999938964844,42.970001220703125,4412200
2025-11-17,45.44063186645508,45.72999954223633,47.04999923706055,44.33000183105469,45.099998474121094,3032800
2025-11-18,42.99619674682617,43.27000045776367,45.095001220703125,41.93000030517578,44.68000030517578,4881400
2025-11-19,44.218414306640625,44.5,45.869998931884766,42.70500183105469,44.290000915527344,3038000
2025-11-20,40.9691047668457,41.22999954223633,48.83000183105469,41.02000045776367,46.79999923706055,4917600
2025-11-21,42.55898666381836,42.83000183105469,42.88999938964844,38.499000549316406,40.459999084472656,3890200
2025-11-24,45.589683532714844,45.880001068115234,46.54999923706055,42.44499969482422,42.709999084472656,2947500
2025-11-25,46.40449523925781,46.70000076293945,46.880001068115234,43.72999954223633,45.13999938964844,2027300
2025-11-26,46.33494186401367,46.630001068115234,47.83000183105469,46.11000061035156,46.869998931884766,1798100
2025-11-28,47.58696365356445,47.88999938964844,48.599998474121094,45.95000076293945,46.15999984741211,1124300
2025-12-01,48.50114059448242,48.810001373291016,50.25,46.15599822998047,46.68000030517578,2247600
2025-12-02,50.14069747924805,50.459999084472656,53.4900016784668,49.099998474121094,52.0,4188200
2025-12-03,52.913047790527344,53.25,53.369998931884766,49.79999923706055,50.77000045776367,2319000
2025-12-04,54.79108428955078,55.13999938964844,56.5099983215332,52.650001525878906,52.709999084472656,3638000
2025-12-05,55.00969696044922,55.36000061035156,55.83000183105469,54.099998474121094,55.45000076293945,1992800
2025-12-08,53.27695083618164,53.5,56.06999969482422,53.13999938964844,56.06999969482422,1815800
2025-12-09,53.466156005859375,53.689998626708984,55.21500015258789,52.790000915527344,53.27000045776367,3425200
2025-12-10,54.41219711303711,54.63999938964844,54.880001068115234,50.13999938964844,53.5,2942800
2025-12-11,53.85453414916992,54.08000183105469,54.369998931884766,50.74800109863281,53.95000076293945,2449800
2025-12-12,45.877925872802734,46.06999969482422,54.15999984741211,44.04999923706055,53.790000915527344,6125800
2025-12-15,43.37839126586914,43.560001373291016,46.06999969482422,43.54999923706055,46.06999969482422,4758200
2025-12-16,43.42818069458008,43.61000061035156,44.209999084472656,41.130001068115234,42.810001373291016,3484900
2025-12-17,40.47056198120117,40.63999938964844,45.790000915527344,40.380001068115234,44.25,3494400
2025-12-18,42.88047790527344,43.060001373291016,44.939998626708984,42.0099983215332,42.0099983215332,3043000
2025-12-19,44.772552490234375,44.959999084472656,46.25,44.53499984741211,44.599998474121094,4066400
2025-12-22,45.25054931640625,45.439998626708984,47.06999969482422,44.849998474121094,46.08000183105469,1769400
2025-12-23,44.70284652709961,44.88999938964844,45.95000076293945,44.439998626708984,44.849998474121094,1153600
2025-12-24,44.88209533691406,45.06999969482422,45.29999923706055,44.15999984741211,44.65999984741211,731700
2025-12-26,44.46384811401367,44.650001525878906,45.81999969482422,44.150001525878906,44.95000076293945,958500
2025-12-29,44.39413833618164,44.58000183105469,45.560001373291016,44.26499938964844,44.560001373291016,1254600
2025-12-30,45.907798767089844,46.099998474121094,48.27000045776367,44.720001220703125,45.06999969482422,2567900
2025-12-31,45.77834701538086,45.970001220703125,47.04999923706055,45.61000061035156,46.0099983215332,1953400
2026-01-02,50.050453186035156,50.2599983215332,50.43000030517578,46.11000061035156,46.79999923706055,2497400
2026-01-05,52.6794548034668,52.900001525878906,53.81999969482422,50.2400016784668,51.810001373291016,3095400
2026-01-06,52.62965774536133,52.849998474121094,53.900001525878906,50.400001525878906,53.70000076293945,2296500
2026-01-07,50.87699508666992,51.09000015258789,54.25,50.959999084472656,53.0,1797800
2026-01-08,50.33924865722656,50.54999923706055,52.34000015258789,49.720001220703125,52.11000061035156,1963900
2026-01-09,52.93836975097656,53.15999984741211,55.83000183105469,51.744998931884766,52.0,2603800
2026-01-12,51.115997314453125,51.33000183105469,53.50600051879883,51.0890007019043,52.5,1666500
2026-01-13,52.55995178222656,52.779998779296875,55.130001068115234,52.25,52.63999938964844,2305200
2026-01-14,51.803123474121094,52.02000045776367,53.18000030517578,50.43000030517578,52.689998626708984,1676800
2026-01-15,55.169029235839844,55.400001525878906,57.310001373291016,51.66999816894531,53.0,4063600
2026-01-16,56.63290023803711,56.869998931884766,57.97999954223633,54.0,57.13999938964844,3740200
2026-01-20,54.73086166381836,54.959999084472656,56.57500076293945,53.209999084472656,53.939998626708984,2900500
2026-01-21,56.76235580444336,57.0,59.79999923706055,54.071998596191406,56.2400016784668,3080300
2026-01-22,56.71256637573242,56.95000076293945,59.75,55.290000915527344,57.88999938964844,1971600
2026-01-23,53.47611618041992,53.70000076293945,57.869998931884766,53.34000015258789,57.0,2426100
2026-01-26,51.783203125,52.0,55.25,51.779998779296875,53.65999984741211,2462800
2026-01-27,53.67528533935547,53.900001525878906,55.619998931884766,51.9900016784668,51.9900016784668,1780500
2026-01-28,53.54582214355469,53.77000045776367,54.869998931884766,51.16999816894531,54.40999984741211,2081900
2026-01-29,55.95573425292969,56.189998626708984,56.79999923706055,52.68000030517578,54.0,3667500
2026-01-30,54.959903717041016,55.189998626708984,58.667999267578125,53.332000732421875,55.189998626708984,2762600
2026-02-02,56.59306716918945,56.83000183105469,57.15999984741211,52.560001373291016,53.65999984741211,2841300
2026-02-03,56.354068756103516,56.59000015258789,59.755001068115234,53.2599983215332,58.400001525878906,3008400
2026-02-04,48.078712463378906,48.279998779296875,56.75,46.15999984741211,56.75,4836900
2026-02-05,45.917762756347656,46.11000061035156,47.86000061035156,44.61000061035156,46.0,3880700
2026-02-06,51.36495590209961,51.58000183105469,53.310001373291016,47.85499954223633,48.68000030517578,4020500
2026-02-09,52.739200592041016,52.959999084472656,54.5099983215332,48.8650016784668,49.02000045776367,2054200
2026-02-10,52.71928405761719,52.939998626708984,53.564998626708984,51.36000061035156,53.189998626708984,1724200
2026-02-11,53.5059928894043,53.72999954223633,55.650001525878906,51.720001220703125,53.40999984741211,3360100
2026-02-12,51.25541305541992,51.470001220703125,55.43199920654297,51.150001525878906,54.650001525878906,1940900
2026-02-13,56.39390182495117,56.630001068115234,61.36000061035156,54.869998931884766,59.56999969482422,6298000
2026-02-17,52.320953369140625,52.540000915527344,55.5,51.209999084472656,55.0,3587300
2026-02-18,50.58820724487305,50.79999923706055,54.83000183105469,49.220001220703125,53.439998626708984,3367600
2026-02-19,49.77162551879883,49.97999954223633,51.369998931884766,48.85499954223633,50.560001373291016,2378200
2026-02-20,49.03470993041992,49.2400016784668,50.47999954223633,47.25,48.880001068115234,2213300
2026-02-23,50.45874786376953,50.66999816894531,51.189998626708984,46.900001525878906,48.58000183105469,2957400
2026-02-24,53.23711395263672,53.459999084472656,53.88999938964844,48.540000915527344,49.9900016784668,3199800
2026-02-25,54.98978042602539,55.220001220703125,56.83000183105469,48.900001525878906,50.45000076293945,5810500
2026-02-26,50.74753952026367,50.959999084472656,54.540000915527344,49.029998779296875,54.41999816894531,4279300
2026-02-27,49.4230842590332,49.630001068115234,51.5,49.04999923706055,50.369998931884766,2715500
2026-03-02,49.10441970825195,49.310001373291016,50.54999923706055,47.560001373291016,48.7400016784668,1711700
2026-03-03,47.401546478271484,47.599998474121094,48.321998596191406,46.0,47.439998626708984,2082700
2026-03-04,49.821414947509766,50.029998779296875,51.040000915527344,47.529998779296875,49.290000915527344,3114200
2026-03-05,50.23966598510742,50.45000076293945,51.099998474121094,47.31999969482422,49.560001373291016,1792000
2026-03-06,48.75587844848633,48.959999084472656,51.939998626708984,48.0,48.5,1880300
2026-03-09,49.24383544921875,49.45000076293945,49.64500045776367,46.689998626708984,47.869998931884766,2744400
2026-03-10,53.93562316894531,54.029998779296875,54.81999969482422,48.52000045776367,49.119998931884766,4324700
2026-03-11,55.253318786621094,55.349998474121094,57.290000915527344,53.060001373291016,53.619998931884766,2278600
2026-03-12,53.23685073852539,53.33000183105469,54.58000183105469,51.459999084472656,54.45000076293945,2092100
2026-03-13,51.90917205810547,52.0,55.16999816894531,51.59000015258789,53.439998626708984,1631400
2026-03-16,56.89045715332031,56.9900016784668,57.30500030517578,52.599998474121094,53.720001220703125,2031800
2026-03-17,63.07962417602539,63.189998626708984,66.66000366210938,59.54999923706055,59.54999923706055,6675100
2026-03-18,68.44024658203125,68.55999755859375,70.16999816894531,64.13999938964844,64.13999938964844,6241600
2026-03-19,65.76492309570312,65.87999725341797,67.70999908447266,65.16000366210938,66.43000030517578,2345300
2026-03-20,61.7020378112793,61.810001373291016,65.4000015258789,60.61600112915039,65.25,3527900
2026-03-23,60.77366256713867,60.880001068115234,64.3499984741211,60.33000183105469,60.880001068115234,2722500
2026-03-24,60.89345169067383,61.0,64.61000061035156,60.209999084472656,60.2599983215332,2386000
2026-03-25,61.222877502441406,61.33000183105469,63.525001525878906,60.36000061035156,62.0,1550000
2026-03-26,60.34441375732422,60.45000076293945,62.27000045776367,59.0,60.7400016784668,1690000
2026-03-27,57.72898864746094,57.83000183105469,60.185001373291016,56.70000076293945,59.70000076293945,2102700
2026-03-30,52.747703552246094,52.84000015258789,61.90299987792969,51.65999984741211,59.0,3094100
2026-03-31,56.411293029785156,56.5099983215332,57.45500183105469,53.209999084472656,53.630001068115234,2866000
2026-04-01,55.373111724853516,55.470001220703125,59.79999923706055,54.529998779296875,58.0,2326800
2026-04-02,55.70253372192383,55.79999923706055,57.880001068115234,52.93000030517578,53.38999938964844,1978700
2026-04-06,55.06365203857422,55.15999984741211,56.79899978637695,53.130001068115234,55.79999923706055,1353100
2026-04-07,55.62267303466797,55.720001220703125,55.79499816894531,52.31999969482422,54.720001220703125,1841100
2026-04-08,60.933380126953125,61.040000915527344,63.0,58.9900016784668,59.0,4010800
2026-04-09,60.9034309387207,61.0099983215332,64.0,60.599998474121094,60.86000061035156,2837400
2026-04-10,62.28102111816406,62.38999938964844,63.95000076293945,59.40999984741211,60.63999938964844,1949200
2026-04-13,61.74196243286133,61.849998474121094,63.790000915527344,61.09000015258789,62.150001525878906,1436500
2026-04-14,64.91641235351562,65.02999877929688,65.77999877929688,63.45000076293945,63.45000076293945,3906000
2026-04-15,65.93463134765625,66.05000305175781,67.08999633789062,64.5,65.1500015258789,1589300
2026-04-16,67.0227279663086,67.13999938964844,67.87000274658203,65.27999877929688,66.37999725341797,1449700
2026-04-17,65.50538635253906,65.62000274658203,68.49700164794922,63.27000045776367,66.52999877929688,1658900
2026-04-20,64.87648010253906,64.98999786376953,66.0199966430664,62.90999984741211,64.51000213623047,1376700
2026-04-21,65.35564422607422,65.47000122070312,67.19000244140625,64.2750015258789,65.95999908447266,1199700
2026-04-22,66.0544204711914,66.16999816894531,68.9800033569336,65.4000015258789,67.47000122070312,1615400
2026-04-23,69.358642578125,69.4800033569336,71.68000030517578,67.1500015258789,67.16000366210938,2520700
2026-04-24,72.28352355957031,72.41000366210938,73.7300033569336,68.86000061035156,71.86000061035156,2292700
2026-04-27,70.50662994384766,70.62999725341797,74.05000305175781,68.72000122070312,72.9000015258789,3212900
2026-04-28,74.30997467041016,74.44000244140625,81.23999786376953,70.91500091552734,77.12000274658203,4881800
2026-04-29,71.07563018798828,71.19999694824219,80.7699966430664,71.05000305175781,79.7300033569336,3248400
2026-04-30,73.71102142333984,73.83999633789062,77.0,70.56800079345703,70.70500183105469,2861400
2026-05-01,72.20365905761719,72.33000183105469,74.7300033569336,72.19000244140625,73.2300033569336,2893600
2026-05-04,74.34990692138672,74.4800033569336,75.5999984741211,71.12999725341797,73.0,2163000
2026-05-05,75.54780578613281,75.68000030517578,77.52999877929688,74.5,75.16999816894531,2060400
2026-05-06,77.31471252441406,77.44999694824219,79.20999908447266,71.4000015258789,74.91999816894531,2543900
2026-05-07,72.94236755371094,73.06999969482422,76.5,71.0,76.5,2766500
2026-05-08,72.83255767822266,72.95999908447266,74.0199966430664,71.41500091552734,73.83000183105469,1659700
2026-05-11,74.52959442138672,74.66000366210938,75.5,72.94000244140625,73.55000305175781,1866600
2026-05-12,76.09684753417969,76.2300033569336,76.9000015258789,70.58000183105469,74.19999694824219,2298700
2026-05-13,77.05517578125,77.19000244140625,78.83999633789062,73.66799926757812,77.22000122070312,2506300
2026-05-14,78.1332778930664,78.2699966430664,79.05999755859375,75.95500183105469,77.22000122070312,1815400
2026-05-15,78.44274139404297,78.58000183105469,79.16999816894531,74.44000244140625,75.4000015258789,2660200
2026-05-18,72.0040054321289,72.12999725341797,78.85800170898438,70.66000366210938,78.75,3961000
2026-05-19,72.31346893310547,72.44000244140625,73.54000091552734,67.98999786376953,70.29000091552734,4072500
2026-05-20,71.3251953125,71.44999694824219,75.83999633789062,71.22000122070312,74.12999725341797,2205100
2026-05-21,73.30174255371094,73.43000030517578,74.45999908447266,71.29000091552734,71.54000091552734,1740300
2026-05-22,74.14026641845703,74.2699966430664,76.16000366210938,72.88999938964844,74.5,1815400
2026-05-26,75.23834991455078,75.37000274658203,76.6500015258789,73.11000061035156,76.18000030517578,2019200
2026-05-27,71.36512756347656,71.48999786376953,75.68000030517578,71.30000305175781,74.54000091552734,2428600
2026-05-28,68.5600357055664,68.68000030517578,71.16999816894531,67.77999877929688,71.16999816894531,2794900
2026-05-29,69.41853332519531,69.54000091552734,69.75,65.55999755859375,68.11000061035156,3009900
2026-06-01,68.57999420166016,68.69999694824219,70.0,66.33000183105469,69.77999877929688,2000600
2026-06-02,71.91999816894531,71.91999816894531,73.12000274658203,69.04000091552734,69.47000122070312,2416700
2026-06-03,74.19999694824219,74.19999694824219,75.44000244140625,70.25,72.55000305175781,1535700
2026-06-04,76.30999755859375,76.30999755859375,77.4800033569336,71.19999694824219,72.68000030517578,2607300
2026-06-05,69.38999938964844,69.38999938964844,74.63999938964844,68.20999908447266,73.8499984741211,2694100
2026-06-08,72.20999908447266,72.20999908447266,74.94999694824219,70.66000366210938,72.2300033569336,1715100
2026-06-09,68.61000061035156,68.61000061035156,73.37000274658203,65.19999694824219,72.98999786376953,2590100
2026-06-10,68.23999786376953,68.23999786376953,70.0,66.11000061035156,67.12999725341797,1900800
2026-06-11,76.04000091552734,76.04000091552734,76.05999755859375,69.78500366210938,69.8499984741211,2050400
2026-06-12,74.01000213623047,74.01000213623047,78.56999969482422,73.76000213623047,77.51000213623047,1562000
2026-06-15,78.06999969482422,78.06999969482422,79.91999816894531,75.80999755859375,76.0,1958700
2026-06-16,76.1500015258789,76.1500015258789,79.58000183105469,75.93000030517578,78.83999633789062,1614500
2026-06-17,81.27999877929688,81.27999877929688,84.08499908447266,77.62000274658203,77.97000122070312,3043500
2026-06-18,82.87999725341797,82.87999725341797,86.19000244140625,80.5,85.05999755859375,3217200
2026-06-22,82.16999816894531,82.16999816894531,83.95999908447266,79.62200164794922,82.68000030517578,2222800
2026-06-23,77.94999694824219,77.94999694824219,79.16000366210938,75.33000183105469,76.94000244140625,1930100
2026-06-24,75.9800033569336,75.9800033569336,78.08000183105469,73.53199768066406,76.4800033569336,1781300
2026-06-25,79.43000030517578,79.43000030517578,80.5,74.55000305175781,78.06999969482422,1690600
2026-06-26,76.80000305175781,76.80000305175781,78.21399688720703,74.3010025024414,77.18000030517578,4155900
2026-06-29,79.2699966430664,79.2699966430664,80.69000244140625,75.69999694824219,76.5999984741211,1344800
2026-06-30,80.45999908447266,80.45999908447266,81.16400146484375,77.83999633789062,80.19999694824219,1433600
2026-07-01,73.41999816894531,73.41999816894531,80.04000091552734,72.77999877929688,78.81500244140625,2109200
2026-07-02,67.19000244140625,67.19000244140625,73.1500015258789,65.20500183105469,72.66000366210938,3937500
2026-07-06,67.47000122070312,67.47000122070312,74.54000091552734,65.7750015258789,71.36000061035156,2884100
2026-07-07,65.3499984741211,65.3499984741211,67.19999694824219,63.400001525878906,67.19999694824219,2501600
2026-07-08,66.2699966430664,66.2699966430664,67.88999938964844,63.20000076293945,65.62000274658203,2304200
2026-07-09,68.26000213623047,68.26000213623047,69.55000305175781,67.3499984741211,68.4000015258789,1740200
2026-07-10,71.56999969482422,71.56999969482422,72.87999725341797,70.11000061035156,72.0,3781500
2026-07-13,67.1500015258789,67.1500015258789,71.83000183105469,66.73999786376953,70.08999633789062,3374300
2026-07-14,69.5,69.5,69.9000015258789,67.4749984741211,68.88999938964844,10444400
2026-07-15,67.0999984741211,67.0999984741211,69.66999816894531,63.77000045776367,68.9800033569336,3193400
2026-07-16,61.38999938964844,61.38999938964844,65.66000366210938,60.0,64.01000213623047,4549000
2026-07-17,60.279998779296875,60.279998779296875,62.45000076293945,56.959999084472656,59.0099983215332,3211600
2026-07-20,60.540000915527344,60.540000915527344,62.0,59.540000915527344,60.38999938964844,1958100
2026-07-21,65.16999816894531,65.16999816894531,66.66000366210938,60.98500061035156,63.20000076293945,2657800
2026-07-22,63.040000915527344,63.040000915527344,64.95999908447266,62.650001525878906,63.0099983215332,1559700
2026-07-23,60.720001220703125,60.720001220703125,64.30000305175781,60.189998626708984,61.97999954223633,1197097
