Date,Adjusted_Close,Close,High,Low,Open,Volume
2022-07-06,1.4459130764007568,2.9000000953674316,4.849999904632568,0.800000011920929,0.800000011920929,248000
2022-07-07,3.530021905899048,7.079999923706055,8.890000343322754,6.159999847412109,7.599999904632568,41159900
2022-07-08,3.7394301891326904,7.5,8.949999809265137,6.650000095367432,8.890000343322754,14477100
2022-07-11,3.530021905899048,7.079999923706055,7.25,6.46999979019165,6.929999828338623,2184300
2022-07-12,2.1788413524627686,4.369999885559082,7.150000095367432,4.050000190734863,6.440000057220459,1685100
2022-07-13,1.6104477643966675,3.2300000190734863,4.25,2.9679999351501465,4.25,1157400
2022-07-14,1.096899390220642,2.200000047683716,3.049999952316284,2.130000114440918,3.0199999809265137,1168200
2022-07-15,3.026445150375366,6.070000171661377,7.389999866485596,4.300000190734863,4.300000190734863,104364900
2022-07-18,1.251462459564209,2.509999990463257,2.8299999237060547,2.5,2.6649999618530273,17319600
2022-07-19,1.3013216257095337,2.609999895095825,2.9800000190734863,2.5399999618530273,2.9700000286102295,13444800
2022-07-20,1.3561667203903198,2.7200000286102295,2.8499999046325684,2.5199999809265137,2.5899999141693115,7220300
2022-07-21,1.2963355779647827,2.5999999046325684,2.6600000858306885,2.430000066757202,2.619999885559082,4508100
2022-07-22,1.1617162227630615,2.3299999237060547,2.490000009536743,2.200000047683716,2.4800000190734863,3395300
2022-07-25,0.9772375822067261,1.9600000381469727,2.2799999713897705,1.940000057220459,2.240000009536743,3122800
2022-07-26,1.0270967483520508,2.059999942779541,2.7100000381469727,1.9600000381469727,2.1500000953674316,20205900
2022-07-27,0.9423362612724304,1.8899999856948853,2.049999952316284,1.850000023841858,2.0299999713897705,2853300
2022-07-28,0.9872094988822937,1.9800000190734863,2.130000114440918,1.9199999570846558,2.0299999713897705,4548000
2022-07-29,0.9523081183433533,1.909999966621399,1.9900000095367432,1.8799999952316284,1.9900000095367432,1782400
2022-08-01,0.9423362612724304,1.8899999856948853,1.9199999570846558,1.7999999523162842,1.899999976158142,1485300
2022-08-02,1.096899390220642,2.200000047683716,2.369999885559082,1.909999966621399,1.909999966621399,8021000
2022-08-03,0.9872094988822937,1.9800000190734863,2.180000066757202,1.9500000476837158,2.0999999046325684,2309200
2022-08-04,0.9473221898078918,1.899999976158142,2.009999990463257,1.8600000143051147,1.9700000286102295,1504900
2022-08-05,0.9523081183433533,1.909999966621399,1.9500000476837158,1.8300000429153442,1.899999976158142,1281200
2022-08-08,1.017124891281128,2.0399999618530273,2.1700000762939453,1.909999966621399,2.009999990463257,3471400
2022-08-09,0.9622797966003418,1.9299999475479126,2.0299999713897705,1.8700000047683716,2.0,1269900
2022-08-10,0.9473221898078918,1.899999976158142,1.9900000095367432,1.8799999952316284,1.9299999475479126,881600
2022-08-11,0.9672658443450928,1.940000057220459,2.009000062942505,1.9199999570846558,1.9800000190734863,1023500
2022-08-12,0.9722517132759094,1.9500000476837158,1.9800000190734863,1.909999966621399,1.9199999570846558,654000
2022-08-15,0.9622797966003418,1.9299999475479126,1.9299999475479126,1.8899999856948853,1.899999976158142,563000
2022-08-16,0.9273786544799805,1.8600000143051147,1.9199999570846558,1.840000033378601,1.899999976158142,698100
2022-08-17,0.882505476474762,1.7699999809265137,1.8799999952316284,1.75,1.8600000143051147,789500
2022-08-18,0.8226744532585144,1.649999976158142,1.7799999713897705,1.600000023841858,1.7799999713897705,735300
2022-08-19,0.7578579187393188,1.5199999809265137,1.6200000047683716,1.4600000381469727,1.6100000143051147,925800
2022-08-22,0.7628437280654907,1.5299999713897705,1.6799999475479126,1.4900000095367432,1.5299999713897705,666600
2022-08-23,0.7827872633934021,1.5700000524520874,1.5700000524520874,1.5099999904632568,1.559999942779541,431000
2022-08-24,0.772815465927124,1.5499999523162842,1.6200000047683716,1.5199999809265137,1.5800000429153442,348900
2022-08-25,0.6980268955230713,1.399999976158142,1.5499999523162842,1.350000023841858,1.5299999713897705,752700
2022-08-26,0.6581397652626038,1.3200000524520874,1.4500000476837158,1.2999999523162842,1.440000057220459,459100
2022-08-29,0.6730974316596985,1.350000023841858,1.350000023841858,1.25,1.3200000524520874,317000
2022-08-30,0.6332102417945862,1.2699999809265137,1.3600000143051147,1.2139999866485596,1.3300000429153442,498300
2022-08-31,0.6082807183265686,1.2200000286102295,1.2799999713897705,1.190000057220459,1.2400000095367432,320800
2022-09-01,0.6032947301864624,1.2100000381469727,1.2400000095367432,1.090000033378601,1.1699999570846558,970200
2022-09-02,0.7079986929893494,1.4199999570846558,1.600000023841858,1.3700000047683716,1.5,19305200
2022-09-06,0.7429001331329346,1.4900000095367432,1.5199999809265137,1.253999948501587,1.4299999475479126,1511900
2022-09-07,0.8226744532585144,1.649999976158142,1.649999976158142,1.350000023841858,1.4500000476837158,1169900
2022-09-08,0.8974631428718567,1.7999999523162842,1.8200000524520874,1.600000023841858,1.6399999856948853,1151200
2022-09-09,0.8525900840759277,1.7100000381469727,1.8200000524520874,1.649999976158142,1.8200000524520874,581800
2022-09-12,0.8376323580741882,1.6799999475479126,1.75,1.6100000143051147,1.75,427700
2022-09-13,0.8575760722160339,1.7200000286102295,1.7999999523162842,1.590000033378601,1.6200000047683716,702800
2022-09-14,0.8725337982177734,1.75,1.75,1.6699999570846558,1.6799999475479126,316700
2022-09-15,0.9024491310119629,1.809999942779541,1.840000033378601,1.7000000476837158,1.75,494900
2022-09-16,0.8326463103294373,1.6699999570846558,1.7359999418258667,1.659999966621399,1.7000000476837158,232200
2022-09-19,0.772815465927124,1.5499999523162842,1.659000039100647,1.5499999523162842,1.649999976158142,174700
2022-09-20,0.7628437280654907,1.5299999713897705,1.5700000524520874,1.5099999904632568,1.5700000524520874,104200
2022-09-21,0.7578579187393188,1.5199999809265137,1.5499999523162842,1.4700000286102295,1.5499999523162842,214800
2022-09-22,0.8725337982177734,1.75,1.940000057220459,1.5499999523162842,1.5499999523162842,3998800
2022-09-23,0.9872094988822937,1.9800000190734863,2.0420000553131104,1.6690000295639038,1.75,1851600
2022-09-26,0.8924772143363953,1.7899999618530273,2.0,1.7000000476837158,2.0,418900
2022-09-27,0.8625618815422058,1.7300000190734863,1.819000005722046,1.7100000381469727,1.7699999809265137,268700
2022-09-28,0.8476042151451111,1.7000000476837158,1.7699999809265137,1.659999966621399,1.7200000286102295,386800
2022-09-29,0.8426182866096497,1.690000057220459,1.809999942779541,1.6100000143051147,1.7200000286102295,398400
2022-09-30,0.8625618815422058,1.7300000190734863,1.7400000095367432,1.649999976158142,1.7300000190734863,162900
2022-10-03,0.882505476474762,1.7699999809265137,1.850000023841858,1.7000000476837158,1.7200000286102295,346200
2022-10-04,0.8675477504730225,1.7400000095367432,1.7899999618530273,1.649999976158142,1.7899999618530273,1019100
2022-10-05,0.9622797966003418,1.9299999475479126,1.968000054359436,1.6699999570846558,1.7300000190734863,2014100
2022-10-06,0.882505476474762,1.7699999809265137,1.9199999570846558,1.7100000381469727,1.8700000047683716,634500
2022-10-07,0.8775194883346558,1.7599999904632568,1.8300000429153442,1.7200000286102295,1.7699999809265137,348600
2022-10-10,0.8924772143363953,1.7899999618530273,1.7999999523162842,1.7389999628067017,1.7799999713897705,156100
2022-10-11,0.8675477504730225,1.7400000095367432,1.7899999618530273,1.690000057220459,1.7599999904632568,106800
2022-10-12,0.9024491310119629,1.809999942779541,1.8200000524520874,1.7200000286102295,1.7200000286102295,186000
2022-10-13,1.0919137001037598,2.190000057220459,2.3499999046325684,1.809999942779541,1.8899999856948853,5889500
2022-10-14,1.136786699295044,2.2799999713897705,2.3399999141693115,2.0920000076293945,2.190000057220459,1317800
2022-10-17,1.1517443656921387,2.309999942779541,2.430000066757202,2.2799999713897705,2.319999933242798,1110200
2022-10-18,1.2365049123764038,2.4800000190734863,2.4800000190734863,2.109999895095825,2.309999942779541,907900
2022-10-19,1.226533055305481,2.4600000381469727,2.640000104904175,2.4100000858306885,2.4600000381469727,785700
2022-10-20,1.2315189838409424,2.4700000286102295,2.571000099182129,2.4200000762939453,2.490000009536743,276200
2022-10-21,1.2365049123764038,2.4800000190734863,2.640000104904175,2.299999952316284,2.380000114440918,709600
2022-10-24,1.2863638401031494,2.5799999237060547,2.6500000953674316,2.4200000762939453,2.4800000190734863,473500
2022-10-25,1.2414909601211548,2.490000009536743,2.680000066757202,2.4700000286102295,2.5999999046325684,729000
2022-10-26,1.3611525297164917,2.7300000190734863,2.7899999618530273,2.609999895095825,2.700000047683716,857500
2022-10-27,1.3162795305252075,2.640000104904175,2.700000047683716,2.5899999141693115,2.700000047683716,294700
2022-10-28,1.2963355779647827,2.5999999046325684,2.690000057220459,2.4800000190734863,2.6500000953674316,370500
2022-10-31,1.3013216257095337,2.609999895095825,2.6429998874664307,2.549999952316284,2.609999895095825,141100
2022-11-01,1.2614343166351318,2.5299999713897705,2.5999999046325684,2.5199999809265137,2.5999999046325684,135000
2022-11-02,1.2165614366531372,2.440000057220459,2.5,2.319999933242798,2.490000009536743,217900
2022-11-03,1.2863638401031494,2.5799999237060547,2.5829999446868896,2.4000000953674316,2.430000066757202,148200
2022-11-04,1.248969316482544,2.505000114440918,2.630000114440918,2.5,2.5999999046325684,143200
2022-11-07,1.3412089347839355,2.690000057220459,2.7100000381469727,2.4820001125335693,2.509999990463257,254300
2022-11-08,1.251462459564209,2.509999990463257,2.690000057220459,2.509999990463257,2.690000057220459,166700
2022-11-09,1.1916314363479614,2.390000104904175,2.5199999809265137,2.380000114440918,2.5,223000
2022-11-10,1.2963355779647827,2.5999999046325684,2.619999885559082,2.5,2.5,205100
2022-11-11,1.4060255289077759,2.819999933242798,2.819999933242798,2.6500000953674316,2.700000047683716,351900
2022-11-14,1.4758282899856567,2.9600000381469727,3.049999952316284,2.809999942779541,2.8299999237060547,422900
2022-11-15,1.4907861948013306,2.990000009536743,3.0399999618530273,2.950000047683716,3.0,210800
2022-11-16,1.5057438611984253,3.0199999809265137,3.200000047683716,3.0,3.049999952316284,397000
2022-11-17,1.4409266710281372,2.890000104904175,3.0,2.75,3.0,160100
2022-11-18,1.4558846950531006,2.9200000762939453,2.940000057220459,2.819999933242798,2.8499999046325684,45500
2022-11-21,1.4459130764007568,2.9000000953674316,2.940000057220459,2.8299999237060547,2.940000057220459,148800
2022-11-22,1.4858002662658691,2.9800000190734863,3.059999942779541,2.799999952316284,2.880000114440918,137400
2022-11-23,1.495772123336792,3.0,3.0,2.890000104904175,2.9200000762939453,52500
2022-11-25,1.5381524562835693,3.0850000381469727,3.1500000953674316,2.9700000286102295,3.0199999809265137,120400
2022-11-28,1.5057438611984253,3.0199999809265137,3.0999999046325684,2.9000000953674316,3.0999999046325684,109200
2022-11-29,1.7849544286727905,3.5799999237060547,3.7200000286102295,3.25,3.2899999618530273,8130900
2022-11-30,1.8098841905593872,3.630000114440918,3.630000114440918,3.440000057220459,3.5299999713897705,641700
2022-12-01,1.765010952949524,3.5399999618530273,3.700000047683716,3.5,3.5999999046325684,391100
2022-12-02,1.849771499633789,3.7100000381469727,3.7899999618530273,3.509999990463257,3.509999990463257,434200
2022-12-05,1.969433069229126,3.950000047683716,4.059999942779541,3.819999933242798,3.8399999141693115,812200
2022-12-06,1.8796868324279785,3.7699999809265137,4.0,3.559999942779541,4.0,439700
2022-12-07,1.9245595932006836,3.859999895095825,3.950000047683716,3.609999895095825,3.759999990463257,454600
2022-12-08,1.9943625926971436,4.0,4.070000171661377,3.759999990463257,3.799999952316284,460800
2022-12-09,2.0691516399383545,4.150000095367432,4.599999904632568,3.890000104904175,4.0,955500
2022-12-12,1.9494895935058594,3.9100000858306885,4.340000152587891,3.611999988555908,4.340000152587891,671500
2022-12-13,2.039235830307007,4.090000152587891,4.099999904632568,3.7200000286102295,3.9000000953674316,277200
2022-12-14,2.1190102100372314,4.25,4.300000190734863,4.039999961853027,4.090000152587891,144900
2022-12-15,2.099066734313965,4.210000038146973,4.28000020980835,4.110000133514404,4.119999885559082,85600
2022-12-16,2.0143063068389893,4.039999961853027,4.190000057220459,3.950000047683716,4.179999828338623,170400
2022-12-19,1.9794049263000488,3.9700000286102295,4.059000015258789,3.9000000953674316,4.010000228881836,113000
2022-12-20,2.1688694953918457,4.349999904632568,4.3979997634887695,4.010000228881836,4.139999866485596,499500
2022-12-21,2.223714590072632,4.460000038146973,4.46999979019165,4.199999809265137,4.400000095367432,265300
2022-12-22,2.158897638320923,4.329999923706055,4.440000057220459,4.260000228881836,4.349999904632568,83900
2022-12-23,2.3034887313842773,4.619999885559082,4.630000114440918,4.329999923706055,4.329999923706055,174300
2022-12-27,2.273573398590088,4.559999942779541,4.690000057220459,4.349999904632568,4.659999847412109,141600
2022-12-28,2.158897638320923,4.329999923706055,4.590000152587891,4.260000228881836,4.539999961853027,170600
2022-12-29,2.253629446029663,4.519999980926514,4.590000152587891,4.320000171661377,4.420000076293945,232500
2022-12-30,2.193798780441284,4.400000095367432,4.525000095367432,4.320000171661377,4.5,279500
2023-01-03,2.019292116165161,4.050000190734863,4.510000228881836,3.9800000190734863,4.489999771118164,361200
2023-01-04,1.8796868324279785,3.7699999809265137,4.110000133514404,3.7100000381469727,4.039999961853027,340500
2023-01-05,1.7699966430664062,3.549999952316284,3.819999933242798,3.4600000381469727,3.819999933242798,326000
2023-01-06,1.8248419761657715,3.6600000858306885,3.7300000190734863,3.5,3.5199999809265137,241100
2023-01-09,1.8896584510803223,3.7899999618530273,3.884999990463257,3.690000057220459,3.75,235300
2023-01-10,1.9046162366867065,3.819999933242798,3.819999933242798,3.690000057220459,3.740000009536743,315900
2023-01-11,2.141005277633667,3.1700000762939453,3.200000047683716,2.7070000171661377,2.75,670700
2023-01-12,2.161266803741455,3.200000047683716,3.259999990463257,3.069999933242798,3.1600000858306885,203400
2023-01-13,2.066711664199829,3.059999942779541,3.240000009536743,2.9800000190734863,3.240000009536743,198100
2023-01-17,2.0261878967285156,3.0,3.0899999141693115,2.9200000762939453,3.059999942779541,135100
2023-01-18,2.0126798152923584,2.9800000190734863,3.127000093460083,2.9800000190734863,2.9800000190734863,101800
2023-01-19,2.0261878967285156,3.0,3.0350000858306885,2.880000114440918,3.0,97400
2023-01-20,2.066711664199829,3.059999942779541,3.130000114440918,2.9200000762939453,2.990000009536743,162400
2023-01-23,1.9721561670303345,2.9200000762939453,3.049999952316284,2.9000000953674316,3.049999952316284,122500
2023-01-24,1.9924181699752808,2.950000047683716,2.9800000190734863,2.880000114440918,2.880000114440918,65700
2023-01-25,1.9586482048034668,2.9000000953674316,2.9700000286102295,2.8340001106262207,2.9700000286102295,88100
2023-01-26,2.039695978164673,3.0199999809265137,3.0799999237060547,2.8989999294281006,2.9800000190734863,348200
2023-01-27,1.978909969329834,2.930000066757202,3.0799999237060547,2.880000114440918,3.069999933242798,131000
2023-01-30,2.053203582763672,3.0399999618530273,3.0399999618530273,2.9600000381469727,3.0299999713897705,161700
2023-01-31,2.080219268798828,3.0799999237060547,3.1500000953674316,2.990000009536743,3.0299999713897705,208900
2023-02-01,2.1274969577789307,3.1500000953674316,3.2100000381469727,3.0399999618530273,3.069999933242798,154300
2023-02-02,2.1680212020874023,3.2100000381469727,3.240000009536743,3.1500000953674316,3.240000009536743,202100
2023-02-03,2.141005277633667,3.1700000762939453,3.3299999237060547,3.1700000762939453,3.2300000190734863,117400
2023-02-06,2.1072347164154053,3.119999885559082,3.1600000858306885,3.049999952316284,3.109999895095825,42800
2023-02-07,2.141005277633667,3.1700000762939453,3.2070000171661377,3.109999895095825,3.119999885559082,100500
2023-02-08,2.080219268798828,3.0799999237060547,3.180000066757202,3.069999933242798,3.1700000762939453,62200
2023-02-09,2.1072347164154053,3.119999885559082,3.2079999446868896,3.0999999046325684,3.0999999046325684,102600
2023-02-10,2.073464870452881,3.069999933242798,3.140000104904175,3.049999952316284,3.109999895095825,53700
2023-02-13,2.0059258937835693,2.9700000286102295,3.115000009536743,2.9200000762939453,3.069999933242798,184900
2023-02-14,2.0261878967285156,3.0,3.1110000610351562,3.0,3.0,66300
2023-02-15,2.039695978164673,3.0199999809265137,3.0399999618530273,3.0,3.0,62100
2023-02-16,2.0261878967285156,3.0,3.0799999237060547,2.990000009536743,3.0,71900
2023-02-17,2.0059258937835693,2.9700000286102295,3.068000078201294,2.9600000381469727,3.068000078201294,105700
2023-02-21,2.0059258937835693,2.9700000286102295,3.0899999141693115,2.8299999237060547,2.890000104904175,117300
2023-02-22,2.1274969577789307,3.1500000953674316,3.1700000762939453,3.006999969482422,3.1600000858306885,306600
2023-02-23,2.174774646759033,3.2200000286102295,3.259999990463257,3.119999885559082,3.180000066757202,123400
2023-02-24,2.2828383445739746,3.380000114440918,3.380000114440918,3.180000066757202,3.200000047683716,158600
2023-02-27,2.249068260192871,3.3299999237060547,3.549999952316284,3.309999942779541,3.440000057220459,425800
2023-02-28,2.2017903327941895,3.259999990463257,3.4000000953674316,3.200000047683716,3.4000000953674316,176700
2023-03-01,2.2760841846466064,3.369999885559082,3.4000000953674316,3.2300000190734863,3.2300000190734863,82600
2023-03-02,2.2152981758117676,3.2799999713897705,3.5299999713897705,3.2300000190734863,3.440000057220459,192500
2023-03-03,2.2152981758117676,3.2799999713897705,3.3299999237060547,3.240000009536743,3.2799999713897705,43700
2023-03-06,2.134251594543457,3.1600000858306885,3.319999933242798,3.121000051498413,3.299999952316284,241500
2023-03-07,2.0937271118164062,3.0999999046325684,3.200000047683716,3.0299999713897705,3.130000114440918,139600
2023-03-08,2.073464870452881,3.069999933242798,3.200000047683716,2.7899999618530273,3.0999999046325684,345500
2023-03-09,2.0261878967285156,3.0,3.140000104904175,3.0,3.059999942779541,68700
2023-03-10,2.0261878967285156,3.0,3.049999952316284,2.930000066757202,3.009999990463257,97400
2023-03-13,2.059957504272461,3.049999952316284,3.069999933242798,2.8499999046325684,2.890000104904175,132300
2023-03-14,2.066711664199829,3.059999942779541,3.140000104904175,2.950000047683716,3.009999990463257,112900
2023-03-15,1.9654017686843872,2.9100000858306885,3.049999952316284,2.819999933242798,3.0399999618530273,112500
2023-03-16,1.9721561670303345,2.9200000762939453,2.9700000286102295,2.7699999809265137,2.930000066757202,122400
2023-03-17,1.9586482048034668,2.9000000953674316,2.9600000381469727,2.869999885559082,2.940000057220459,30000
2023-03-20,1.978909969329834,2.930000066757202,2.9800000190734863,2.88100004196167,2.9100000858306885,39200
2023-03-21,1.9962384700775146,2.880000114440918,2.940000057220459,2.8399999141693115,2.930000066757202,30600
2023-03-22,2.051689386367798,2.9600000381469727,2.990000009536743,2.859999895095825,2.890000104904175,39800
2023-03-23,2.0170328617095947,2.9100000858306885,2.990000009536743,2.859999895095825,2.990000009536743,20300
2023-03-24,2.0239639282226562,2.9200000762939453,2.9200000762939453,2.868000030517578,2.9100000858306885,24800
2023-03-27,2.0031702518463135,2.890000104904175,2.950000047683716,2.890000104904175,2.950000047683716,12300
2023-03-28,1.9754440784454346,2.8499999046325684,2.9200000762939453,2.819999933242798,2.9200000762939453,34100
2023-03-29,1.9962384700775146,2.880000114440918,2.940000057220459,2.859999895095825,2.9100000858306885,15100
2023-03-30,2.010101556777954,2.9000000953674316,2.930000066757202,2.869999885559082,2.9000000953674316,37600
2023-03-31,1.989306926727295,2.869999885559082,2.9000000953674316,2.869999885559082,2.9000000953674316,27200
2023-04-03,2.0031702518463135,2.890000104904175,2.8980000019073486,2.8380000591278076,2.880000114440918,58500
2023-04-04,1.9338560104370117,2.7899999618530273,2.8299999237060547,2.75,2.819999933242798,50300
2023-04-05,1.871473789215088,2.700000047683716,2.809999942779541,2.6600000858306885,2.809999942779541,67800
2023-04-06,1.940787434577942,2.799999952316284,2.8350000381469727,2.680000066757202,2.7699999809265137,62400
2023-04-10,1.9338560104370117,2.7899999618530273,2.8499999046325684,2.7799999713897705,2.799999952316284,40500
2023-04-11,1.885335922241211,2.7200000286102295,2.809999942779541,2.690000057220459,2.809999942779541,59500
2023-04-12,1.885335922241211,2.7200000286102295,2.759999990463257,2.7100000381469727,2.759999990463257,11300
2023-04-13,1.885335922241211,2.7200000286102295,2.7899999618530273,2.7100000381469727,2.7200000286102295,41900
2023-04-14,1.8922675848007202,2.7300000190734863,2.75,2.7100000381469727,2.75,35900
2023-04-17,1.8784048557281494,2.7100000381469727,2.740000009536743,2.7100000381469727,2.7100000381469727,30600
2023-04-18,1.8576107025146484,2.680000066757202,2.7300000190734863,2.6700000762939453,2.7200000286102295,34900
2023-04-19,1.8021596670150757,2.5999999046325684,2.7200000286102295,2.5999999046325684,2.700000047683716,56400
2023-04-20,1.774434208869934,2.559999942779541,2.680000066757202,2.5,2.5799999237060547,49800
2023-04-21,1.7605713605880737,2.5399999618530273,2.5999999046325684,2.5399999618530273,2.5999999046325684,20700
2023-04-24,1.8021596670150757,2.5999999046325684,2.5999999046325684,2.5299999713897705,2.549999952316284,24800
2023-04-25,1.8922675848007202,2.7300000190734863,2.7300000190734863,2.549999952316284,2.549999952316284,50600
2023-04-26,1.871473789215088,2.700000047683716,2.7699999809265137,2.630000114440918,2.7699999809265137,36900
2023-04-27,1.9130618572235107,2.759999990463257,2.7899999618530273,2.7200000286102295,2.7200000286102295,66900
2023-04-28,1.947718858718872,2.809999942779541,2.822999954223633,2.7100000381469727,2.7100000381469727,48200
2023-05-01,1.9823756217956543,2.859999895095825,2.859999895095825,2.7699999809265137,2.799999952316284,40900
2023-05-02,1.8784048557281494,2.7100000381469727,2.878000020980835,2.7100000381469727,2.7799999713897705,34300
2023-05-03,1.8506793975830078,2.6700000762939453,2.809999942779541,2.6600000858306885,2.809999942779541,21000
2023-05-04,1.9685128927230835,2.8399999141693115,2.8399999141693115,2.6700000762939453,2.700000047683716,67400
2023-05-05,1.9130618572235107,2.759999990463257,2.7799999713897705,2.7300000190734863,2.739000082015991,30500
2023-05-08,1.9269245862960815,2.7799999713897705,2.7799999713897705,2.7100000381469727,2.759999990463257,15000
2023-05-09,1.9546502828598022,2.819999933242798,2.819999933242798,2.743000030517578,2.75,13600
2023-05-10,1.9338560104370117,2.7899999618530273,2.799999952316284,2.759999990463257,2.799999952316284,13500
2023-05-11,1.9546502828598022,2.819999933242798,2.819999933242798,2.7100000381469727,2.799999952316284,44300
2023-05-12,1.9061305522918701,2.75,2.819999933242798,2.75,2.819999933242798,7600
2023-05-15,1.9061305522918701,2.75,2.7660000324249268,2.6679999828338623,2.75,16600
2023-05-16,1.8576107025146484,2.680000066757202,2.7699999809265137,2.680000066757202,2.7699999809265137,21500
2023-05-17,1.8784048557281494,2.7100000381469727,2.7799999713897705,2.6500000953674316,2.7300000190734863,69000
2023-05-18,1.8437482118606567,2.6600000858306885,2.7100000381469727,2.549999952316284,2.630000114440918,167200
2023-05-19,1.8645418882369995,2.690000057220459,2.75,2.630000114440918,2.75,16200
2023-05-22,2.0794150829315186,3.0,3.0299999713897705,2.700000047683716,2.700000047683716,184800
2023-05-23,2.086346387863159,3.009999990463257,3.0899999141693115,2.9600000381469727,2.9700000286102295,79300
2023-05-24,1.9962384700775146,2.880000114440918,3.0199999809265137,2.8299999237060547,3.0199999809265137,30100
2023-05-25,1.940787434577942,2.799999952316284,2.9000000953674316,2.799999952316284,2.880000114440918,65200
2023-05-26,1.9962384700775146,2.880000114440918,2.890000104904175,2.809999942779541,2.890000104904175,20800
2023-05-30,1.947718858718872,2.809999942779541,2.9000000953674316,2.809999942779541,2.880000114440918,32100
2023-05-31,1.8784048557281494,2.7100000381469727,2.8299999237060547,2.7100000381469727,2.809999942779541,43300
2023-06-01,1.8922675848007202,2.7300000190734863,2.7860000133514404,2.7300000190734863,2.75,16500
2023-06-02,1.885335922241211,2.7200000286102295,2.859999895095825,2.6600000858306885,2.700000047683716,34400
2023-06-05,1.9442530870437622,2.805000066757202,2.8499999046325684,2.7799999713897705,2.8299999237060547,31000
2023-06-06,1.9962384700775146,2.880000114440918,2.880000114440918,2.75,2.799999952316284,13900
2023-06-07,1.9754440784454346,2.8499999046325684,2.8949999809265137,2.809999942779541,2.869999885559082,33500
2023-06-08,1.8922675848007202,2.7300000190734863,2.880000114440918,2.7200000286102295,2.819999933242798,17300
2023-06-09,1.89919912815094,2.740000009536743,2.815000057220459,2.7300000190734863,2.809999942779541,18300
2023-06-12,1.871473789215088,2.700000047683716,2.7300000190734863,2.6589999198913574,2.7300000190734863,26600
2023-06-13,1.8645418882369995,2.690000057220459,2.7850000858306885,2.680000066757202,2.7100000381469727,27000
2023-06-14,1.8784048557281494,2.7100000381469727,2.765000104904175,2.6700000762939453,2.7300000190734863,13600
2023-06-15,1.9199934005737305,2.7699999809265137,2.7699999809265137,2.680000066757202,2.7100000381469727,26600
2023-06-16,1.9061305522918701,2.75,2.7799999713897705,2.7300000190734863,2.7699999809265137,31200
2023-06-20,1.9130618572235107,2.759999990463257,2.8499999046325684,2.7200000286102295,2.75,108900
2023-06-21,1.9166243076324463,2.690000057220459,2.7149999141693115,2.6500000953674316,2.690000057220459,27400
2023-06-22,1.9166243076324463,2.690000057220459,2.7279999256134033,2.690000057220459,2.690000057220459,4300
2023-06-23,1.9094992876052856,2.680000066757202,2.7139999866485596,2.680000066757202,2.700000047683716,5200
2023-06-26,1.8738744258880615,2.630000114440918,2.7100000381469727,2.619999885559082,2.6600000858306885,10900
2023-06-27,1.8168741464614868,2.549999952316284,2.6500000953674316,2.549999952316284,2.6500000953674316,26300
2023-06-28,1.8738744258880615,2.630000114440918,2.6670000553131104,2.5199999809265137,2.5199999809265137,42600
2023-06-29,1.9308744668960571,2.7100000381469727,2.759999990463257,2.609999895095825,2.740000009536743,92000
2023-06-30,1.9379992485046387,2.7200000286102295,2.759999990463257,2.680000066757202,2.680000066757202,71300
2023-07-03,1.9522494077682495,2.740000009536743,2.75,2.6600000858306885,2.680000066757202,23600
2023-07-05,1.9308744668960571,2.7100000381469727,2.740000009536743,2.6500000953674316,2.740000009536743,17100
2023-07-06,1.9094992876052856,2.680000066757202,2.7300000190734863,2.680000066757202,2.7300000190734863,4600
2023-07-07,1.9094992876052856,2.680000066757202,2.7200000286102295,2.6500000953674316,2.700000047683716,18000
2023-07-10,1.8809995651245117,2.640000104904175,2.740000009536743,2.5999999046325684,2.740000009536743,40500
2023-07-11,1.9094992876052856,2.680000066757202,2.7200000286102295,2.6480000019073486,2.690000057220459,18600
2023-07-12,1.9664993286132812,2.759999990463257,2.759999990463257,2.690000057220459,2.7100000381469727,16200
2023-07-13,1.9379992485046387,2.7200000286102295,2.759999990463257,2.690000057220459,2.7100000381469727,24500
2023-07-14,1.9094992876052856,2.680000066757202,2.7100000381469727,2.6700000762939453,2.7100000381469727,13600
2023-07-17,1.8667491674423218,2.619999885559082,2.7269999980926514,2.609999895095825,2.609999895095825,27000
2023-07-18,1.8881243467330933,2.6500000953674316,2.6700000762939453,2.609999895095825,2.619999885559082,19100
2023-07-19,1.8809995651245117,2.640000104904175,2.6500000953674316,2.609999895095825,2.619999885559082,17200
2023-07-20,1.8881243467330933,2.6500000953674316,2.6500000953674316,2.619999885559082,2.6500000953674316,20300
2023-07-21,1.8809995651245117,2.640000104904175,2.6700000762939453,2.630000114440918,2.630000114440918,23200
2023-07-24,1.8874117136001587,2.6489999294281006,2.674999952316284,2.619999885559082,2.640000104904175,18200
2023-07-25,1.8667491674423218,2.619999885559082,2.6600000858306885,2.6059999465942383,2.630000114440918,12200
2023-07-26,1.8667491674423218,2.619999885559082,2.6500000953674316,2.619999885559082,2.6500000953674316,6600
2023-07-27,1.8524994850158691,2.5999999046325684,2.6600000858306885,2.5999999046325684,2.6500000953674316,12600
2023-07-28,1.9237494468688965,2.700000047683716,2.700000047683716,2.5999999046325684,2.5999999046325684,20800
2023-07-31,1.8809995651245117,2.640000104904175,2.7300000190734863,2.5799999237060547,2.700000047683716,50900
2023-08-01,1.8667491674423218,2.619999885559082,2.640000104904175,2.549999952316284,2.619999885559082,58100
2023-08-02,1.8524994850158691,2.5999999046325684,2.5999999046325684,2.559999942779541,2.5899999141693115,19900
2023-08-03,1.831123948097229,2.569999933242798,2.690000057220459,2.5199999809265137,2.690000057220459,35900
2023-08-04,1.7954994440078735,2.5199999809265137,2.5999999046325684,2.490000009536743,2.5799999237060547,60400
2023-08-07,1.8168741464614868,2.549999952316284,2.5799999237060547,2.5199999809265137,2.5199999809265137,10500
2023-08-08,1.831123948097229,2.569999933242798,2.569999933242798,2.5299999713897705,2.5299999713897705,3100
2023-08-09,1.8168741464614868,2.549999952316284,2.5799999237060547,2.549999952316284,2.569999933242798,8800
2023-08-10,1.9237494468688965,2.700000047683716,2.700000047683716,2.549999952316284,2.549999952316284,31300
2023-08-11,1.8524994850158691,2.5999999046325684,2.697999954223633,2.4200000762939453,2.6500000953674316,74200
2023-08-14,1.8168741464614868,2.549999952316284,2.559999942779541,2.4600000381469727,2.549999952316284,33400
2023-08-15,1.709999680519104,2.4000000953674316,2.549999952316284,2.2799999713897705,2.549999952316284,153400
2023-08-16,1.6743743419647217,2.3499999046325684,2.430000066757202,2.3399999141693115,2.3399999141693115,82200
2023-08-17,1.6957496404647827,2.380000114440918,2.4000000953674316,2.3499999046325684,2.3499999046325684,40700
2023-08-18,1.6822116374969482,2.3610000610351562,2.384999990463257,2.2899999618530273,2.380000114440918,41000
2023-08-21,1.631624460220337,2.2899999618530273,2.3499999046325684,2.200000047683716,2.3499999046325684,51600
2023-08-22,1.6244994401931763,2.2799999713897705,2.369999885559082,2.240000009536743,2.3299999237060547,59800
2023-08-23,1.645874261856079,2.309999942779541,2.3499999046325684,2.299999952316284,2.299999952316284,26500
2023-08-24,1.6529992818832397,2.319999933242798,2.3480000495910645,2.2799999713897705,2.299999952316284,17700
2023-08-25,1.631624460220337,2.2899999618530273,2.3380000591278076,2.259999990463257,2.3380000591278076,25800
2023-08-28,1.685062050819397,2.365000009536743,2.369999885559082,2.2799999713897705,2.2799999713897705,14400
2023-08-29,1.631624460220337,2.2899999618530273,2.3299999237060547,2.2799999713897705,2.315000057220459,42200
2023-08-30,1.6957496404647827,2.380000114440918,2.4030001163482666,2.2899999618530273,2.2899999618530273,36200
2023-08-31,1.6886245012283325,2.369999885559082,2.4100000858306885,2.361999988555908,2.4100000858306885,16400
2023-09-01,1.7192621231079102,2.4130001068115234,2.430000066757202,2.359999895095825,2.3989999294281006,11600
2023-09-05,1.6672494411468506,2.3399999141693115,2.430000066757202,2.299999952316284,2.430000066757202,19900
2023-09-06,1.645874261856079,2.309999942779541,2.4000000953674316,2.2899999618530273,2.390000104904175,30100
2023-09-07,1.6529992818832397,2.319999933242798,2.3580000400543213,2.299999952316284,2.299999952316284,8600
2023-09-08,1.7171248197555542,2.4100000858306885,2.4100000858306885,2.319999933242798,2.359999895095825,19600
2023-09-11,1.7242493629455566,2.4200000762939453,2.4690001010894775,2.4100000858306885,2.4100000858306885,24900
2023-09-12,1.6886245012283325,2.369999885559082,2.4800000190734863,2.369999885559082,2.4200000762939453,34400
2023-09-13,1.7242493629455566,2.4200000762939453,2.444000005722046,2.380000114440918,2.380000114440918,10400
2023-09-14,1.788374662399292,2.509999990463257,2.5299999713897705,2.434999942779541,2.4600000381469727,45900
2023-09-15,1.8097493648529053,2.5399999618530273,2.5999999046325684,2.494999885559082,2.509999990463257,51900
2023-09-18,1.8596243858337402,2.609999895095825,2.614000082015991,2.5199999809265137,2.549999952316284,70200
2023-09-19,1.9237494468688965,2.700000047683716,2.700000047683716,2.619999885559082,2.619999885559082,38400
2023-09-20,1.9379992485046387,2.7200000286102295,2.75,2.6700000762939453,2.700000047683716,96500
2023-09-21,1.897700309753418,2.5899999141693115,2.640000104904175,2.549999952316284,2.549999952316284,37400
2023-09-22,1.8903735876083374,2.5799999237060547,2.609999895095825,2.5799999237060547,2.5899999141693115,14000
2023-09-25,1.8390841484069824,2.509999990463257,2.559999942779541,2.4700000286102295,2.549999952316284,64600
2023-09-26,1.8097763061523438,2.4700000286102295,2.5739998817443848,2.4600000381469727,2.4600000381469727,23400
2023-09-27,1.8244304656982422,2.490000009536743,2.5399999618530273,2.4700000286102295,2.490999937057495,21100
2023-09-28,1.8024494647979736,2.4600000381469727,2.5199999809265137,2.450000047683716,2.4600000381469727,10100
2023-09-29,1.7584874629974365,2.4000000953674316,2.615000009536743,2.384999990463257,2.4600000381469727,31100
2023-10-02,1.7951221466064453,2.450000047683716,2.5399999618530273,2.390000104904175,2.390000104904175,45500
2023-10-03,1.8310248851776123,2.499000072479248,2.5,2.450000047683716,2.486999988555908,9700
2023-10-04,1.8903735876083374,2.5799999237060547,2.5999999046325684,2.4600000381469727,2.4700000286102295,13700
2023-10-05,1.8610657453536987,2.5399999618530273,2.5999999046325684,2.5399999618530273,2.569999933242798,11900
2023-10-06,1.8610657453536987,2.5399999618530273,2.609999895095825,2.5299999713897705,2.5299999713897705,19000
2023-10-09,1.8464118242263794,2.5199999809265137,2.5999999046325684,2.5199999809265137,2.5999999046325684,27800
2023-10-10,1.8390841484069824,2.509999990463257,2.5399999618530273,2.509999990463257,2.5399999618530273,32200
2023-10-11,1.7804681062698364,2.430000066757202,2.549999952316284,2.430000066757202,2.5399999618530273,65900
2023-10-12,1.765814185142517,2.4100000858306885,2.4700000286102295,2.4100000858306885,2.4700000286102295,29300
2023-10-13,1.7438334226608276,2.380000114440918,2.421999931335449,2.260999917984009,2.4100000858306885,88200
2023-10-16,1.7145248651504517,2.3399999141693115,2.4790000915527344,2.3299999237060547,2.4000000953674316,29800
2023-10-17,1.7731411457061768,2.4200000762939453,2.4200000762939453,2.3399999141693115,2.3399999141693115,94900
2023-10-18,1.7438334226608276,2.380000114440918,2.450000047683716,2.3399999141693115,2.450000047683716,47600
2023-10-19,1.7071975469589233,2.3299999237060547,2.369999885559082,2.299999952316284,2.359999895095825,35600
2023-10-20,1.6778897047042847,2.2899999618530273,2.3289999961853027,2.2799999713897705,2.319999933242798,61200
2023-10-23,1.670562744140625,2.2799999713897705,2.305000066757202,2.2699999809265137,2.305000066757202,18000
2023-10-24,1.6559088230133057,2.259999990463257,2.319999933242798,2.2300000190734863,2.299999952316284,44400
2023-10-25,1.648581624031067,2.25,2.309999942779541,2.2200000286102295,2.2300000190734863,15500
2023-10-26,1.5972925424575806,2.180000066757202,2.25,2.1700000762939453,2.2200000286102295,39500
2023-10-27,1.5496668815612793,2.115000009536743,2.200000047683716,2.059999942779541,2.200000047683716,64500
2023-10-30,1.5386762619018555,2.0999999046325684,2.1700000762939453,2.0899999141693115,2.119999885559082,28300
2023-10-31,1.5460031032562256,2.109999895095825,2.140000104904175,2.069999933242798,2.069999933242798,11500
2023-11-01,1.5533303022384644,2.119999885559082,2.1649999618530273,2.109999895095825,2.1640000343322754,13600
2023-11-02,1.5533303022384644,2.119999885559082,2.200000047683716,2.109999895095825,2.109999895095825,8600
2023-11-03,1.560657262802124,2.130000114440918,2.200000047683716,2.130000114440918,2.190000057220459,35000
2023-11-06,1.5460031032562256,2.109999895095825,2.1600000858306885,2.0999999046325684,2.1600000858306885,21400
2023-11-07,1.5240223407745361,2.0799999237060547,2.0999999046325684,2.0799999237060547,2.0799999237060547,27300
2023-11-08,1.5020411014556885,2.049999952316284,2.115999937057495,2.049999952316284,2.0799999237060547,22600
2023-11-09,1.4873870611190796,2.0299999713897705,2.0899999141693115,2.0199999809265137,2.0850000381469727,51700
2023-11-10,1.5240223407745361,2.0799999237060547,2.0799999237060547,2.0199999809265137,2.0350000858306885,10900
2023-11-13,1.4873870611190796,2.0299999713897705,2.0799999237060547,2.0299999713897705,2.049999952316284,20000
2023-11-14,1.5020411014556885,2.049999952316284,2.0989999771118164,2.009999990463257,2.0989999771118164,46900
2023-11-15,1.6009560823440552,2.184999942779541,2.190000057220459,2.0199999809265137,2.1500000953674316,85800
2023-11-16,1.6229369640350342,2.2149999141693115,2.2799999713897705,2.200000047683716,2.25,45600
2023-11-17,1.6559088230133057,2.259999990463257,2.319999933242798,2.2109999656677246,2.2300000190734863,40800
2023-11-20,1.7218519449234009,2.3499999046325684,2.3499999046325684,2.2200000286102295,2.2300000190734863,33200
2023-11-21,1.703534483909607,2.325000047683716,2.3399999141693115,2.2899999618530273,2.3389999866485596,60600
2023-11-22,1.6852169036865234,2.299999952316284,2.3499999046325684,2.299999952316284,2.299999952316284,7400
2023-11-24,1.817103624343872,2.4800000190734863,2.5,2.299999952316284,2.299999952316284,100500
2023-11-27,1.8097763061523438,2.4700000286102295,2.507999897003174,2.390000104904175,2.450000047683716,55900
2023-11-28,1.7584874629974365,2.4000000953674316,2.509999990463257,2.319999933242798,2.509999990463257,46500
2023-11-29,1.8317574262619019,2.5,2.507999897003174,2.430000066757202,2.490000009536743,69100
2023-11-30,1.8537386655807495,2.5299999713897705,2.5899999141693115,2.5,2.5,74500
2023-12-01,1.9270087480545044,2.630000114440918,2.630000114440918,2.555000066757202,2.569999933242798,63200
2023-12-04,1.897700309753418,2.5899999141693115,2.640000104904175,2.569999933242798,2.630000114440918,78100
2023-12-05,1.817103624343872,2.4800000190734863,2.549999952316284,2.444999933242798,2.509999990463257,45900
2023-12-06,1.817103624343872,2.4800000190734863,2.509999990463257,2.4600000381469727,2.490000009536743,16700
2023-12-07,1.8178361654281616,2.4809999465942383,2.549999952316284,2.4800000190734863,2.5199999809265137,18300
2023-12-08,1.8537386655807495,2.5299999713897705,2.549999952316284,2.5,2.5,21800
2023-12-11,1.8757195472717285,2.559999942779541,2.569000005722046,2.5,2.5299999713897705,60200
2023-12-12,1.8903735876083374,2.5799999237060547,2.5899999141693115,2.559999942779541,2.559999942779541,21900
2023-12-13,1.8097763061523438,2.4700000286102295,2.6419999599456787,2.0999999046325684,2.640000104904175,346000
2023-12-14,1.8390841484069824,2.509999990463257,2.555000066757202,2.4600000381469727,2.490000009536743,45200
2023-12-15,1.897700309753418,2.5899999141693115,2.5999999046325684,2.4600000381469727,2.5799999237060547,51800
2023-12-18,1.9196817874908447,2.619999885559082,2.6600000858306885,2.5999999046325684,2.5999999046325684,87200
2023-12-19,1.970970630645752,2.690000057220459,2.700000047683716,2.6110000610351562,2.630000114440918,87200
2023-12-20,2.007606267929077,2.740000009536743,2.809999942779541,2.690000057220459,2.700000047683716,179600
2023-12-21,1.981239914894104,2.630000114440918,2.700000047683716,2.5899999141693115,2.6500000953674316,72700
2023-12-22,1.977473258972168,2.625,2.640000104904175,2.5199999809265137,2.640000104904175,98700
2023-12-26,1.9435733556747437,2.5799999237060547,2.621999979019165,2.5299999713897705,2.619999885559082,84300
2023-12-27,1.8983745574951172,2.5199999809265137,2.5899999141693115,2.5,2.569999933242798,36400
2023-12-28,1.8456414937973022,2.450000047683716,2.562999963760376,2.4000000953674316,2.5,81700
2023-12-29,1.8607081174850464,2.4700000286102295,2.4700000286102295,2.4200000762939453,2.4700000286102295,42900
2024-01-02,1.920973539352417,2.549999952316284,2.549999952316284,2.4800000190734863,2.4800000190734863,59900
2024-01-03,1.9059077501296997,2.5299999713897705,2.569999933242798,2.5,2.5399999618530273,36300
2024-01-04,1.9360406398773193,2.569999933242798,2.5769999027252197,2.509999990463257,2.569999933242798,43700
2024-01-05,1.9330270290374756,2.565999984741211,2.5799999237060547,2.5,2.5799999237060547,40500
2024-01-08,1.8908406496047974,2.509999990463257,2.569999933242798,2.4000000953674316,2.569999933242798,40500
2024-01-09,1.8456414937973022,2.450000047683716,2.509999990463257,2.4100000858306885,2.490000009536743,19400
2024-01-10,1.8531749248504639,2.4600000381469727,2.490000009536743,2.4119999408721924,2.4600000381469727,25400
2024-01-11,1.875774621963501,2.490000009536743,2.565999984741211,2.450000047683716,2.5,31100
2024-01-12,1.8531749248504639,2.4600000381469727,2.569999933242798,2.450000047683716,2.569999933242798,32200
2024-01-16,1.8908406496047974,2.509999990463257,2.569999933242798,2.509999990463257,2.569999933242798,29900
2024-01-17,1.8456414937973022,2.450000047683716,2.549999952316284,2.4200000762939453,2.500999927520752,29100
2024-01-18,1.8983745574951172,2.5199999809265137,2.569999933242798,2.4800000190734863,2.569999933242798,18400
2024-01-19,1.883307695388794,2.5,2.559999942779541,2.450000047683716,2.559999942779541,33600
2024-01-22,1.8531749248504639,2.4600000381469727,2.549999952316284,2.4600000381469727,2.4700000286102295,22300
2024-01-23,1.838108777999878,2.440000057220459,2.503999948501587,2.440000057220459,2.4860000610351562,22400
2024-01-24,1.8230419158935547,2.4200000762939453,2.5,2.4000000953674316,2.4519999027252197,75000
2024-01-25,1.868241548538208,2.4800000190734863,2.490000009536743,2.421999931335449,2.421999931335449,7300
2024-01-26,1.8908406496047974,2.509999990463257,2.5399999618530273,2.4600000381469727,2.490000009536743,53900
2024-01-29,1.981239914894104,2.630000114440918,2.700000047683716,2.5429999828338623,2.549999952316284,365700
2024-01-30,2.0490386486053467,2.7200000286102295,2.7899999618530273,2.630000114440918,2.630000114440918,226700
2024-01-31,2.1319046020507812,2.8299999237060547,2.8499999046325684,2.7300000190734863,2.7300000190734863,137200
2024-02-01,2.086704969406128,2.7699999809265137,2.8399999141693115,2.5199999809265137,2.799999952316284,130800
2024-02-02,2.06410551071167,2.740000009536743,2.809999942779541,2.680000066757202,2.809999942779541,27600
2024-02-05,2.0339725017547607,2.700000047683716,2.75,2.680000066757202,2.740000009536743,32300
2024-02-06,2.071638584136963,2.75,2.7799999713897705,2.700000047683716,2.7200000286102295,40900
2024-02-07,2.0264389514923096,2.690000057220459,2.75,2.680000066757202,2.75,11800
2024-02-08,2.0415055751800537,2.7100000381469727,2.7100000381469727,2.6549999713897705,2.690000057220459,29000
2024-02-09,2.0339725017547607,2.700000047683716,2.7300000190734863,2.700000047683716,2.7300000190734863,9800
2024-02-12,2.0415055751800537,2.7100000381469727,2.7300000190734863,2.6700000762939453,2.6700000762939453,21100
2024-02-13,2.0339725017547607,2.700000047683716,2.75,2.694999933242798,2.700000047683716,39500
2024-02-14,2.0189056396484375,2.680000066757202,2.7300000190734863,2.619999885559082,2.7300000190734863,23700
2024-02-15,2.09423828125,2.7799999713897705,2.7899999618530273,2.6589999198913574,2.700000047683716,55300
2024-02-16,2.146970748901367,2.8499999046325684,2.8499999046325684,2.759999990463257,2.759999990463257,79000
2024-02-20,1.9586400985717773,2.5999999046325684,2.8499999046325684,2.430000066757202,2.8499999046325684,164000
2024-02-21,1.9435733556747437,2.5799999237060547,2.609999895095825,2.549999952316284,2.609999895095825,11500
2024-02-22,1.920973539352417,2.549999952316284,2.6640000343322754,2.5199999809265137,2.5899999141693115,73100
2024-02-23,2.0415055751800537,2.7100000381469727,2.75,2.5209999084472656,2.5799999237060547,67000
2024-02-26,1.9887728691101074,2.640000104904175,2.7100000381469727,2.619999885559082,2.700000047683716,50500
2024-02-27,1.9963064193725586,2.6500000953674316,2.680000066757202,2.630000114440918,2.6500000953674316,12300
2024-02-28,2.0113728046417236,2.6700000762939453,2.819999933242798,2.6500000953674316,2.6700000762939453,77400
2024-02-29,2.0189056396484375,2.680000066757202,2.700000047683716,2.5989999771118164,2.700000047683716,36600
2024-03-01,2.09423828125,2.7799999713897705,2.7799999713897705,2.630000114440918,2.6700000762939453,52400
2024-03-04,2.0339725017547607,2.700000047683716,2.759999990463257,2.700000047683716,2.75,32000
2024-03-05,2.0113728046417236,2.6700000762939453,2.700000047683716,2.6619999408721924,2.690000057220459,12600
2024-03-06,2.0189056396484375,2.680000066757202,2.680000066757202,2.6500000953674316,2.680000066757202,53000
2024-03-07,2.06410551071167,2.740000009536743,2.7699999809265137,2.6600000858306885,2.6700000762939453,73500
2024-03-08,2.146970748901367,2.8499999046325684,2.880000114440918,2.7699999809265137,2.7799999713897705,129200
2024-03-11,2.1545042991638184,2.859999895095825,2.880000114440918,2.7699999809265137,2.809999942779541,48700
2024-03-12,2.2147700786590576,2.940000057220459,2.950000047683716,2.8499999046325684,2.9000000953674316,120000
2024-03-13,2.2524359226226807,2.990000009536743,3.0,2.9200000762939453,2.9700000286102295,70500
2024-03-14,2.139437675476074,2.8399999141693115,2.950000047683716,2.819999933242798,2.9100000858306885,19700
2024-03-15,2.1997036933898926,2.9200000762939453,2.9800000190734863,2.8329999446868896,2.880000114440918,42700
2024-03-18,2.2223031520843506,2.950000047683716,2.990000009536743,2.9200000762939453,2.990000009536743,52800
2024-03-19,2.1997036933898926,2.9200000762939453,2.9800000190734863,2.9200000762939453,2.9800000190734863,37400
2024-03-20,2.139437675476074,2.8399999141693115,2.950000047683716,2.799999952316284,2.950000047683716,82300
2024-03-21,2.1819941997528076,2.819999933242798,2.859999895095825,2.734999895095825,2.740000009536743,73900
2024-03-22,2.127831220626831,2.75,2.799999952316284,2.740000009536743,2.799999952316284,28400
2024-03-25,2.0814058780670166,2.690000057220459,2.75,2.690000057220459,2.75,26600
2024-03-26,2.0427181720733643,2.640000104904175,2.7300000190734863,2.630000114440918,2.7300000190734863,49700
2024-03-27,2.038849353790283,2.634999990463257,2.671999931335449,2.634999990463257,2.640000104904175,5600
2024-03-28,2.019505500793457,2.609999895095825,2.6700000762939453,2.609999895095825,2.630000114440918,35300
2024-04-01,2.0040299892425537,2.5899999141693115,2.6500000953674316,2.5450000762939453,2.6500000953674316,67100
2024-04-02,1.976948618888855,2.555000066757202,2.609999895095825,2.5399999618530273,2.5899999141693115,54000
2024-04-03,1.9359395503997803,2.502000093460083,2.5980000495910645,2.502000093460083,2.5899999141693115,27300
2024-04-04,1.9421296119689941,2.509999990463257,2.5899999141693115,2.5,2.5399999618530273,30800
2024-04-05,1.880229115486145,2.430000066757202,2.5450000762939453,2.3299999237060547,2.5299999713897705,150100
2024-04-08,1.8724915981292725,2.4200000762939453,2.450000047683716,2.4100000858306885,2.450000047683716,51200
2024-04-09,1.8724915981292725,2.4200000762939453,2.4800000190734863,2.4000000953674316,2.4200000762939453,40800
2024-04-10,1.9111794233322144,2.4700000286102295,2.5,2.4200000762939453,2.4200000762939453,41600
2024-04-11,1.9382609128952026,2.505000114440918,2.5299999713897705,2.484999895095825,2.490000009536743,40000
2024-04-12,1.9498674869537354,2.5199999809265137,2.5299999713897705,2.490000009536743,2.5,26700
2024-04-15,1.926654577255249,2.490000009536743,2.5399999618530273,2.4700000286102295,2.5399999618530273,23300
2024-04-16,1.926654577255249,2.490000009536743,2.50600004196167,2.4600000381469727,2.490000009536743,17600
2024-04-17,1.9576047658920288,2.5299999713897705,2.5999999046325684,2.509999990463257,2.509999990463257,40600
2024-04-18,1.918917179107666,2.4800000190734863,2.569999933242798,2.4749999046325684,2.5,37500
2024-04-19,1.9073103666305542,2.4649999141693115,2.549999952316284,2.430000066757202,2.549999952316284,30300
2024-04-22,1.9421296119689941,2.509999990463257,2.509999990463257,2.4700000286102295,2.4700000286102295,22800
2024-04-23,1.9421296119689941,2.509999990463257,2.5299999713897705,2.5,2.5,17300
2024-04-24,1.9073103666305542,2.4649999141693115,2.5160000324249268,2.4549999237060547,2.5,24000
2024-04-25,1.8957041501998901,2.450000047683716,2.4800000190734863,2.440000057220459,2.4600000381469727,55500
2024-04-26,1.9150481224060059,2.4749999046325684,2.4800000190734863,2.440000057220459,2.440000057220459,21600
2024-04-29,1.8879668712615967,2.440000057220459,2.4800000190734863,2.440000057220459,2.4800000190734863,33300
2024-04-30,1.9034417867660522,2.4600000381469727,2.4600000381469727,2.440000057220459,2.450000047683716,9500
2024-05-01,1.8957041501998901,2.450000047683716,2.4700000286102295,2.450000047683716,2.4700000286102295,8600
2024-05-02,1.926654577255249,2.490000009536743,2.5,2.450000047683716,2.4800000190734863,31400
2024-05-03,1.9150481224060059,2.4749999046325684,2.509999990463257,2.4600000381469727,2.509999990463257,19600
2024-05-06,1.909631609916687,2.4679999351501465,2.5,2.440000057220459,2.5,21100
2024-05-07,1.9576047658920288,2.5299999713897705,2.549999952316284,2.4700000286102295,2.4700000286102295,36700
2024-05-08,1.9808177947998047,2.559999942779541,2.559999942779541,2.5299999713897705,2.5399999618530273,20700
2024-05-09,2.0040299892425537,2.5899999141693115,2.619999885559082,2.559999942779541,2.569999933242798,41300
2024-05-10,2.0427181720733643,2.640000104904175,2.6500000953674316,2.5999999046325684,2.609999895095825,40100
2024-05-13,2.0427181720733643,2.640000104904175,2.6600000858306885,2.619999885559082,2.619999885559082,9000
2024-05-14,2.02724289894104,2.619999885559082,2.640000104904175,2.609999895095825,2.609999895095825,10200
2024-05-15,1.9962924718856812,2.5799999237060547,2.6389999389648438,2.575000047683716,2.609999895095825,18400
2024-05-16,2.02337384223938,2.615000009536743,2.6500000953674316,2.569999933242798,2.5959999561309814,24000
2024-05-17,2.0659306049346924,2.6700000762939453,2.6700000762939453,2.5850000381469727,2.5850000381469727,95400
2024-05-20,2.0814058780670166,2.690000057220459,2.7079999446868896,2.6500000953674316,2.680000066757202,19100
2024-05-21,2.127831220626831,2.75,2.7699999809265137,2.680000066757202,2.680000066757202,47600
2024-05-22,2.149496555328369,2.7780001163482666,2.7799999713897705,2.6500000953674316,2.700000047683716,43000
2024-05-23,2.120093822479248,2.740000009536743,2.7899999618530273,2.740000009536743,2.75,12100
2024-05-24,2.1897318363189697,2.8299999237060547,2.9000000953674316,2.7699999809265137,2.7799999713897705,156300
2024-05-28,2.1665186882019043,2.799999952316284,2.8499999046325684,2.7899999618530273,2.8499999046325684,48900
2024-05-29,2.0775368213653564,2.684999942779541,2.799999952316284,2.6700000762939453,2.7899999618530273,40500
2024-05-30,2.0736684799194336,2.680000066757202,2.700000047683716,2.640000104904175,2.690000057220459,23200
2024-05-31,2.120093822479248,2.740000009536743,2.7699999809265137,2.6700000762939453,2.740000009536743,34700
2024-06-03,2.112356185913086,2.7300000190734863,2.7699999809265137,2.7119998931884766,2.7699999809265137,11900
2024-06-04,2.1007497310638428,2.7149999141693115,2.740000009536743,2.7149999141693115,2.740000009536743,16900
2024-06-05,2.1649718284606934,2.7980000972747803,2.809999942779541,2.7100000381469727,2.759999990463257,87500
2024-06-06,2.0852744579315186,2.694999933242798,2.8399999141693115,2.6549999713897705,2.8399999141693115,107100
2024-06-07,2.0736684799194336,2.680000066757202,2.7200000286102295,2.6600000858306885,2.690000057220459,61900
2024-06-10,2.0504558086395264,2.6500000953674316,2.6710000038146973,2.609999895095825,2.6600000858306885,113000
2024-06-11,2.015636444091797,2.6050000190734863,2.6449999809265137,2.559999942779541,2.640000104904175,61200
2024-06-12,2.0001614093780518,2.5850000381469727,2.619999885559082,2.569999933242798,2.5899999141693115,61000
2024-06-13,1.9924236536026,2.575000047683716,2.609999895095825,2.569999933242798,2.5999999046325684,37300
2024-06-14,1.9885550737380981,2.569999933242798,2.5999999046325684,2.565000057220459,2.5799999237060547,39600
2024-06-17,1.9962924718856812,2.5799999237060547,2.5999999046325684,2.549999952316284,2.5999999046325684,30100
2024-06-18,1.9924236536026,2.575000047683716,2.5999999046325684,2.569999933242798,2.5799999237060547,11900
2024-06-20,2.019505500793457,2.609999895095825,2.6500000953674316,2.5799999237060547,2.5799999237060547,34000
2024-06-21,2.0349807739257812,2.630000114440918,2.640000104904175,2.5899999141693115,2.5899999141693115,24100
2024-06-24,2.104618549346924,2.7200000286102295,2.7200000286102295,2.630000114440918,2.630000114440918,133700
2024-06-25,2.084725856781006,2.619999885559082,2.640000104904175,2.5799999237060547,2.619999885559082,84600
2024-06-26,2.0767691135406494,2.609999895095825,2.619999885559082,2.569999933242798,2.5799999237060547,28100
2024-06-27,2.064833879470825,2.5950000286102295,2.609999895095825,2.5799999237060547,2.5999999046325684,18900
2024-06-28,2.0688118934631348,2.5999999046325684,2.609999895095825,2.5859999656677246,2.609999895095825,7200
2024-07-01,2.0727906227111816,2.6050000190734863,2.609999895095825,2.575000047683716,2.609999895095825,22800
2024-07-02,2.0528981685638428,2.5799999237060547,2.609999895095825,2.559999942779541,2.609999895095825,23100
2024-07-03,2.0727906227111816,2.6050000190734863,2.609999895095825,2.5799999237060547,2.5799999237060547,7800
2024-07-05,2.0688118934631348,2.5999999046325684,2.638000011444092,2.549999952316284,2.609999895095825,15600
2024-07-08,2.0608553886413574,2.5899999141693115,2.609999895095825,2.5799999237060547,2.609999895095825,10900
2024-07-09,2.0369842052459717,2.559999942779541,2.5899999141693115,2.559999942779541,2.5799999237060547,16500
2024-07-10,2.0449414253234863,2.569999933242798,2.5999999046325684,2.559999942779541,2.5999999046325684,13200
2024-07-11,2.0767691135406494,2.609999895095825,2.630000114440918,2.5799999237060547,2.5899999141693115,26000
2024-07-12,2.0688118934631348,2.5999999046325684,2.615000009536743,2.5899999141693115,2.615000009536743,14300
2024-07-15,2.0608553886413574,2.5899999141693115,2.619999885559082,2.5799999237060547,2.619999885559082,27800
2024-07-16,2.0688118934631348,2.5999999046325684,2.619999885559082,2.5799999237060547,2.619999885559082,11500
2024-07-17,2.0568766593933105,2.5850000381469727,2.5899999141693115,2.5799999237060547,2.5899999141693115,18000
2024-07-18,2.0385756492614746,2.562000036239624,2.5799999237060547,2.5199999809265137,2.5799999237060547,40200
2024-07-19,2.0449414253234863,2.569999933242798,2.5789999961853027,2.5420000553131104,2.569999933242798,13400
2024-07-22,2.0688118934631348,2.5999999046325684,2.5999999046325684,2.5450000762939453,2.5899999141693115,27600
2024-07-23,2.0449414253234863,2.569999933242798,2.619999885559082,2.569999933242798,2.5999999046325684,10300
2024-07-24,2.0568766593933105,2.5850000381469727,2.5899999141693115,2.561000108718872,2.569999933242798,7300
2024-07-25,2.048919439315796,2.575000047683716,2.575000047683716,2.5399999618530273,2.568000078201294,16100
2024-07-26,2.048919439315796,2.575000047683716,2.5899999141693115,2.559999942779541,2.5899999141693115,15300
2024-07-29,2.0385756492614746,2.562000036239624,2.5799999237060547,2.559999942779541,2.569999933242798,13300
2024-07-30,2.0409626960754395,2.565000057220459,2.569999933242798,2.5399999618530273,2.569999933242798,58600
2024-07-31,2.0449414253234863,2.569999933242798,2.5799999237060547,2.5399999618530273,2.569999933242798,14300
2024-08-01,2.0250489711761475,2.5450000762939453,2.5899999141693115,2.5450000762939453,2.5899999141693115,8900
2024-08-02,1.9255867004394531,2.4200000762939453,2.549999952316284,2.4200000762939453,2.549999952316284,52000
2024-08-05,1.9096729755401611,2.4000000953674316,2.440000057220459,2.302000045776367,2.4000000953674316,63700
2024-08-06,1.9216080904006958,2.4149999618530273,2.490000009536743,2.390000104904175,2.490000009536743,37600
2024-08-07,1.9216080904006958,2.4149999618530273,2.4200000762939453,2.4100000858306885,2.4200000762939453,58600
2024-08-08,1.9494575262069702,2.450000047683716,2.509999990463257,2.4000000953674316,2.4100000858306885,64200
2024-08-09,1.9255867004394531,2.4200000762939453,2.4800000190734863,2.4200000762939453,2.450000047683716,65900
2024-08-12,1.9693500995635986,2.4749999046325684,2.5,2.4000000953674316,2.440000057220459,99300
2024-08-13,1.961393117904663,2.4649999141693115,2.4800000190734863,2.4600000381469727,2.4709999561309814,11400
2024-08-14,1.9653716087341309,2.4700000286102295,2.4790000915527344,2.4649999141693115,2.4700000286102295,7800
2024-08-15,1.9494575262069702,2.450000047683716,2.509999990463257,2.440000057220459,2.4800000190734863,71500
2024-08-16,1.9733284711837769,2.4800000190734863,2.5399999618530273,2.450000047683716,2.450000047683716,35600
2024-08-19,1.997199535369873,2.509999990463257,2.5350000858306885,2.4800000190734863,2.4800000190734863,49100
2024-08-20,2.0051567554473877,2.5199999809265137,2.5399999618530273,2.5,2.5299999713897705,25000
2024-08-21,2.013113260269165,2.5299999713897705,2.5399999618530273,2.500999927520752,2.5399999618530273,54900
2024-08-22,2.017091989517212,2.5350000858306885,2.549999952316284,2.509999990463257,2.549999952316284,42800
2024-08-23,2.013113260269165,2.5299999713897705,2.5399999618530273,2.5199999809265137,2.5399999618530273,28200
2024-08-26,2.0210704803466797,2.5399999618530273,2.549999952316284,2.515000104904175,2.5299999713897705,26500
2024-08-27,2.029027223587036,2.549999952316284,2.559999942779541,2.5350000858306885,2.5399999618530273,34600
2024-08-28,2.0091350078582764,2.5250000953674316,2.561000108718872,2.5199999809265137,2.5399999618530273,38500
2024-08-29,2.029027223587036,2.549999952316284,2.549999952316284,2.5199999809265137,2.5199999809265137,10000
2024-08-30,2.013113260269165,2.5299999713897705,2.559999942779541,2.447999954223633,2.559999942779541,76700
2024-09-03,2.017091989517212,2.5350000858306885,2.549999952316284,2.494999885559082,2.549999952316284,28200
2024-09-04,2.0210704803466797,2.5399999618530273,2.5999999046325684,2.509999990463257,2.509999990463257,32300
2024-09-05,2.017091989517212,2.5350000858306885,2.5999999046325684,2.5299999713897705,2.569999933242798,35600
2024-09-06,2.013113260269165,2.5299999713897705,2.561000108718872,2.5,2.549999952316284,16300
2024-09-09,2.017091989517212,2.5350000858306885,2.549999952316284,2.5199999809265137,2.5299999713897705,8700
2024-09-10,2.0210704803466797,2.5399999618530273,2.549999952316284,2.5199999809265137,2.5450000762939453,16600
2024-09-11,2.0051567554473877,2.5199999809265137,2.549999952316284,2.505000114440918,2.549999952316284,25700
2024-09-12,2.0210704803466797,2.5399999618530273,2.5799999237060547,2.5199999809265137,2.5399999618530273,28700
2024-09-13,2.0409626960754395,2.565000057220459,2.5899999141693115,2.5299999713897705,2.5399999618530273,33300
2024-09-16,2.0608553886413574,2.5899999141693115,2.609999895095825,2.559999942779541,2.609999895095825,12200
2024-09-17,2.1085972785949707,2.6500000953674316,2.690000057220459,2.609999895095825,2.619999885559082,43700
2024-09-18,2.1324679851531982,2.680000066757202,2.690000057220459,2.630000114440918,2.6500000953674316,39900
2024-09-19,2.1125752925872803,2.6549999713897705,2.680000066757202,2.6500000953674316,2.680000066757202,26600
2024-09-20,2.124511241912842,2.6700000762939453,2.680000066757202,2.6549999713897705,2.6600000858306885,16300
2024-09-23,2.116554021835327,2.6600000858306885,2.700000047683716,2.640000104904175,2.6700000762939453,73000
2024-09-24,2.1284892559051514,2.674999952316284,2.688999891281128,2.6600000858306885,2.680000066757202,39700
2024-09-25,2.1085972785949707,2.6500000953674316,2.700000047683716,2.6500000953674316,2.680000066757202,35100
2024-09-26,2.1642956733703613,2.7200000286102295,2.7750000953674316,2.6710000038146973,2.700000047683716,266200
2024-09-27,2.0947437286376953,2.559999942779541,2.690000057220459,2.4700000286102295,2.630000114440918,274900
2024-09-30,2.123382806777954,2.5950000286102295,2.619999885559082,2.559999942779541,2.559999942779541,38700
2024-10-01,2.0947437286376953,2.559999942779541,2.619999885559082,2.5399999618530273,2.619999885559082,44600
2024-10-02,2.0906524658203125,2.555000066757202,2.619999885559082,2.5299999713897705,2.5799999237060547,21600
2024-10-03,2.0701959133148193,2.5299999713897705,2.5899999141693115,2.5199999809265137,2.5199999809265137,29700
2024-10-04,2.057922124862671,2.515000104904175,2.569000005722046,2.509999990463257,2.549999952316284,35900
2024-10-07,2.0661051273345947,2.5250000953674316,2.569999933242798,2.5199999809265137,2.5199999809265137,42200
2024-10-08,2.0170092582702637,2.4649999141693115,2.549999952316284,2.4600000381469727,2.549999952316284,102200
2024-10-09,1.9924612045288086,2.434999942779541,2.4800000190734863,2.430000066757202,2.4800000190734863,42900
2024-10-10,2.0251917839050293,2.4749999046325684,2.4800000190734863,2.430000066757202,2.430000066757202,11800
2024-10-11,2.0456485748291016,2.5,2.5250000953674316,2.490000009536743,2.5,48400
2024-10-14,2.029283046722412,2.4800000190734863,2.5199999809265137,2.4700000286102295,2.5,34800
2024-10-15,1.9801876544952393,2.4200000762939453,2.4800000190734863,2.4000000953674316,2.4800000190734863,54100
2024-10-16,1.9883699417114258,2.430000066757202,2.440000057220459,2.390000104904175,2.4000000953674316,33200
2024-10-17,2.0006439685821533,2.444999933242798,2.450000047683716,2.430000066757202,2.440000057220459,18100
2024-10-18,2.004735231399536,2.450000047683716,2.4600000381469727,2.440000057220459,2.440000057220459,13600
2024-10-21,2.004735231399536,2.450000047683716,2.4749999046325684,2.440000057220459,2.450000047683716,24500
2024-10-22,1.9556398391723633,2.390000104904175,2.4000000953674316,2.390000104904175,2.4000000953674316,55700
2024-10-23,1.8819962739944458,2.299999952316284,2.440000057220459,2.2899999618530273,2.430000066757202,63900
2024-10-24,1.8819962739944458,2.299999952316284,2.3499999046325684,2.25,2.309999942779541,50900
2024-10-25,1.9474573135375977,2.380000114440918,2.380000114440918,2.2899999618530273,2.2899999618530273,47100
2024-10-28,1.9310920238494873,2.359999895095825,2.390000104904175,2.3299999237060547,2.390000104904175,25800
2024-10-29,1.9188178777694702,2.3450000286102295,2.4000000953674316,2.3310000896453857,2.4000000953674316,21000
2024-10-30,1.939274549484253,2.369999885559082,2.390000104904175,2.3299999237060547,2.390000104904175,38900
2024-10-31,1.9065440893173218,2.3299999237060547,2.369999885559082,2.3299999237060547,2.369999885559082,21900
2024-11-01,1.828809380531311,2.234999895095825,2.380000114440918,2.2200000286102295,2.359999895095825,31600
2024-11-04,1.8983614444732666,2.319999933242798,2.359999895095825,2.2699999809265137,2.2699999809265137,28600
2024-11-05,1.857448697090149,2.2699999809265137,2.3499999046325684,2.2300000190734863,2.299999952316284,36100
2024-11-06,1.8983614444732666,2.319999933242798,2.3499999046325684,2.2780001163482666,2.3499999046325684,18900
2024-11-07,1.8697223663330078,2.2850000858306885,2.3499999046325684,2.2799999713897705,2.3499999046325684,31600
2024-11-08,1.845174789428711,2.255000114440918,2.319999933242798,2.240000009536743,2.319999933242798,65500
2024-11-11,1.726527214050293,2.109999895095825,2.3299999237060547,2.0899999141693115,2.3299999237060547,83600
2024-11-12,1.7183446884155273,2.0999999046325684,2.174999952316284,2.049999952316284,2.130000114440918,50100
2024-11-13,1.7183446884155273,2.0999999046325684,2.119999885559082,2.049999952316284,2.119999885559082,51000
2024-11-14,1.7510747909545898,2.140000104904175,2.180000066757202,2.0799999237060547,2.0799999237060547,25900
2024-11-15,1.7183446884155273,2.0999999046325684,2.1600000858306885,2.0799999237060547,2.1600000858306885,34200
2024-11-18,1.759257435798645,2.1500000953674316,2.1500000953674316,2.0999999046325684,2.109999895095825,14400
2024-11-19,1.7756224870681763,2.1700000762939453,2.1700000762939453,2.0999999046325684,2.1500000953674316,18500
2024-11-20,1.7347097396850586,2.119999885559082,2.180000066757202,2.0999999046325684,2.180000066757202,29200
2024-11-21,1.726527214050293,2.109999895095825,2.1700000762939453,2.0999999046325684,2.1700000762939453,32600
2024-11-22,1.677431583404541,2.049999952316284,2.2219998836517334,2.049999952316284,2.119999885559082,141900
2024-11-25,1.7101619243621826,2.0899999141693115,2.119999885559082,2.059999942779541,2.119999885559082,56200
2024-11-26,1.6283358335494995,1.9900000095367432,2.0999999046325684,1.9600000381469727,2.0899999141693115,122000
2024-11-27,1.6201531887054443,1.9800000190734863,2.0299999713897705,1.9700000286102295,1.9800000190734863,91800
2024-11-29,1.6610662937164307,2.0299999713897705,2.0299999713897705,1.9700000286102295,2.009999990463257,87800
2024-12-02,1.6201531887054443,1.9800000190734863,2.0510001182556152,1.899999976158142,2.049999952316284,174300
2024-12-03,1.6119706630706787,1.9700000286102295,2.0199999809265137,1.9600000381469727,2.009999990463257,72300
2024-12-04,1.571057915687561,1.9199999570846558,1.9700000286102295,1.9199999570846558,1.9700000286102295,74500
2024-12-05,1.603788137435913,1.9600000381469727,1.9600000381469727,1.9249999523162842,1.9299999475479126,40900
2024-12-06,1.571057915687561,1.9199999570846558,2.0,1.8899999856948853,2.0,82700
2024-12-09,1.5383274555206299,1.8799999952316284,1.9800000190734863,1.8799999952316284,1.9500000476837158,57600
2024-12-10,1.546510100364685,1.8899999856948853,1.9500000476837158,1.8799999952316284,1.9500000476837158,61000
2024-12-11,1.571057915687561,1.9199999570846558,1.9500000476837158,1.8899999856948853,1.8899999856948853,33400
2024-12-12,1.571057915687561,1.9199999570846558,1.9900000095367432,1.8799999952316284,1.9299999475479126,63400
2024-12-13,1.5383274555206299,1.8799999952316284,1.940000057220459,1.850000023841858,1.909999966621399,52500
2024-12-16,1.4810491800308228,1.809999942779541,1.940000057220459,1.7200000286102295,1.899999976158142,121500
2024-12-17,1.5055969953536987,1.840000033378601,1.8600000143051147,1.8049999475479126,1.8200000524520874,67000
2024-12-18,1.5055969953536987,1.840000033378601,1.8600000143051147,1.7999999523162842,1.8600000143051147,82200
2024-12-19,1.4810491800308228,1.809999942779541,1.909999966621399,1.7599999904632568,1.909999966621399,53900
2024-12-20,1.4974143505096436,1.8300000429153442,1.8300000429153442,1.7999999523162842,1.809999942779541,21800
2024-12-23,1.513779640197754,1.850000023841858,1.909999966621399,1.8209999799728394,1.8700000047683716,73900
2024-12-24,1.5178710222244263,1.8550000190734863,1.940000057220459,1.850000023841858,1.899999976158142,71000
2024-12-26,1.521962285041809,1.8600000143051147,1.940000057220459,1.850000023841858,1.899999976158142,262500
2024-12-27,1.3898030519485474,1.6299999952316284,1.8739999532699585,1.6299999952316284,1.7799999713897705,242700
2024-12-30,1.4759198427200317,1.7309999465942383,1.7599999904632568,1.649999976158142,1.649999976158142,115100
2024-12-31,1.475067138671875,1.7300000190734863,1.7300000190734863,1.6799999475479126,1.7300000190734863,93700
2025-01-02,1.5006463527679443,1.7599999904632568,1.7899999618530273,1.7300000190734863,1.7899999618530273,20700
2025-01-03,1.466540813446045,1.7200000286102295,1.7799999713897705,1.6799999475479126,1.7799999713897705,73000
2025-01-06,1.466540813446045,1.7200000286102295,1.75,1.7100000381469727,1.7300000190734863,58500
2025-01-07,1.4580143690109253,1.7100000381469727,1.7599999904632568,1.6799999475479126,1.7599999904632568,46800
2025-01-08,1.4239087104797363,1.6699999570846558,1.7200000286102295,1.659999966621399,1.7200000286102295,36500
2025-01-10,1.466540813446045,1.7200000286102295,1.7200000286102295,1.659999966621399,1.659999966621399,57900
2025-01-13,1.517699122428894,1.7799999713897705,1.7799999713897705,1.7000000476837158,1.7200000286102295,62700
2025-01-14,1.5014989376068115,1.7610000371932983,1.8200000524520874,1.75,1.809999942779541,26500
2025-01-15,1.5091729164123535,1.7699999809265137,1.7999999523162842,1.7300000190734863,1.7999999523162842,25000
2025-01-16,1.551804780960083,1.8200000524520874,1.8380000591278076,1.7799999713897705,1.7899999618530273,25300
2025-01-17,1.5901734828948975,1.8650000095367432,1.8899999856948853,1.8200000524520874,1.840000033378601,35300
2025-01-21,1.5816471576690674,1.8550000190734863,1.909999966621399,1.805999994277954,1.909999966621399,39800
2025-01-22,1.5603309869766235,1.8300000429153442,1.850000023841858,1.8200000524520874,1.850000023841858,18600
2025-01-23,1.5773838758468628,1.850000023841858,1.850000023841858,1.8200000524520874,1.8300000429153442,12800
2025-01-24,1.5603309869766235,1.8300000429153442,1.909999966621399,1.8200000524520874,1.909999966621399,22900
2025-01-27,1.5603309869766235,1.8300000429153442,1.8550000190734863,1.8200000524520874,1.840000033378601,33000
2025-01-28,1.5262255668640137,1.7899999618530273,1.8899999856948853,1.7699999809265137,1.8899999856948853,42700
2025-01-29,1.5645943880081177,1.8350000381469727,1.840000033378601,1.7899999618530273,1.809999942779541,12400
2025-01-30,1.5475414991378784,1.815000057220459,1.850000023841858,1.7999999523162842,1.8200000524520874,31900
2025-01-31,1.5603309869766235,1.8300000429153442,1.850000023841858,1.809999942779541,1.8300000429153442,15900
2025-02-03,1.5603309869766235,1.8300000429153442,1.840000033378601,1.7799999713897705,1.7999999523162842,33300
2025-02-04,1.5731207132339478,1.8450000286102295,1.850000023841858,1.8200000524520874,1.8200000524520874,19200
2025-02-05,1.576531171798706,1.8489999771118164,1.8700000047683716,1.840000033378601,1.8700000047683716,7400
2025-02-06,1.5859103202819824,1.8600000143051147,1.8700000047683716,1.850000023841858,1.850000023841858,20400
2025-02-07,1.5859103202819824,1.8600000143051147,1.8600000143051147,1.847000002861023,1.8600000143051147,16200
2025-02-10,1.5867630243301392,1.8609999418258667,1.8899999856948853,1.8600000143051147,1.8799999952316284,21600
2025-02-11,1.5859103202819824,1.8600000143051147,1.8899999856948853,1.850000023841858,1.8899999856948853,21500
2025-02-12,1.5850576162338257,1.8589999675750732,1.8600000143051147,1.850000023841858,1.8600000143051147,38100
2025-02-13,1.5773838758468628,1.850000023841858,1.8600000143051147,1.850000023841858,1.8600000143051147,13600
2025-02-14,1.5688574314117432,1.840000033378601,1.8600000143051147,1.840000033378601,1.8600000143051147,19200
2025-02-18,1.594436764717102,1.8700000047683716,1.8899999856948853,1.840000033378601,1.8600000143051147,31500
2025-02-19,1.5859103202819824,1.8600000143051147,1.9199999570846558,1.8600000143051147,1.9199999570846558,18900
2025-02-20,1.6200159788131714,1.899999976158142,1.909999966621399,1.840000033378601,1.840000033378601,23700
2025-02-21,1.5773838758468628,1.850000023841858,1.9199999570846558,1.7999999523162842,1.899999976158142,32200
2025-02-24,1.5603309869766235,1.8300000429153442,1.850000023841858,1.8200000524520874,1.850000023841858,17900
2025-02-25,1.5347517728805542,1.7999999523162842,1.840000033378601,1.7999999523162842,1.840000033378601,24600
2025-02-26,1.5347517728805542,1.7999999523162842,1.8300000429153442,1.7999999523162842,1.809999942779541,30800
2025-02-27,1.5432782173156738,1.809999942779541,1.8300000429153442,1.7910000085830688,1.7999999523162842,31600
2025-02-28,1.551804780960083,1.8200000524520874,1.8300000429153442,1.7899999618530273,1.7999999523162842,38000
2025-03-03,1.5006463527679443,1.7599999904632568,1.8300000429153442,1.5,1.8200000524520874,219100
2025-03-04,1.3642239570617676,1.600000023841858,1.7599999904632568,1.4900000095367432,1.7599999904632568,376500
2025-03-05,1.475067138671875,1.7300000190734863,1.7690000534057617,1.555999994277954,1.600000023841858,86800
2025-03-06,1.4580143690109253,1.7100000381469727,1.7400000095367432,1.6799999475479126,1.7400000095367432,27600
2025-03-07,1.4835935831069946,1.7400000095367432,1.7799999713897705,1.7259999513626099,1.7599999904632568,18300
2025-03-10,1.5347517728805542,1.7999999523162842,1.7999999523162842,1.6699999570846558,1.7899999618530273,34200
2025-03-11,1.5347517728805542,1.7999999523162842,1.8619999885559082,1.7300000190734863,1.850000023841858,30300
2025-03-12,1.5628889799118042,1.8329999446868896,1.8700000047683716,1.7999999523162842,1.7999999523162842,16900
2025-03-13,1.6029630899429321,1.8799999952316284,1.8799999952316284,1.815000057220459,1.8300000429153442,33600
2025-03-14,1.5859103202819824,1.8600000143051147,1.8899999856948853,1.840000033378601,1.8700000047683716,15600
2025-03-17,1.6029630899429321,1.8799999952316284,1.968999981880188,1.8049999475479126,1.9299999475479126,64700
2025-03-18,1.398329496383667,1.6399999856948853,1.840000033378601,1.6299999952316284,1.840000033378601,140100
2025-03-19,1.398329496383667,1.6399999856948853,1.7300000190734863,1.6299999952316284,1.6799999475479126,32500
2025-03-20,1.3556976318359375,1.590000033378601,1.649999976158142,1.5800000429153442,1.6200000047683716,52800
2025-03-21,1.27895987033844,1.5,1.6200000047683716,1.5,1.5700000524520874,61400
2025-03-24,1.3045390844345093,1.5299999713897705,1.559999942779541,1.4900000095367432,1.559999942779541,79400
2025-03-25,1.27895987033844,1.5,1.559999942779541,1.4950000047683716,1.5199999809265137,21800
2025-03-26,1.2704335451126099,1.4900000095367432,1.5499999523162842,1.4700000286102295,1.5,48100
2025-03-27,1.2275135517120361,1.4299999475479126,1.5399999618530273,1.399999976158142,1.4700000286102295,61900
2025-03-28,1.2275135517120361,1.4299999475479126,1.475000023841858,1.4179999828338623,1.4299999475479126,40200
2025-03-31,1.167425513267517,1.3600000143051147,1.4299999475479126,1.3350000381469727,1.4199999570846558,44700
2025-04-01,1.167425513267517,1.3600000143051147,1.3899999856948853,1.315000057220459,1.3899999856948853,22500
2025-04-02,1.1416734457015991,1.3300000429153442,1.3799999952316284,1.315000057220459,1.350000023841858,20200
2025-04-03,1.1330894231796265,1.3200000524520874,1.340000033378601,1.2699999809265137,1.340000033378601,52800
2025-04-04,1.1030453443527222,1.284999966621399,1.3200000524520874,1.25,1.25,134300
2025-04-07,1.0300812721252441,1.2000000476837158,1.2799999713897705,1.1699999570846558,1.2200000286102295,45700
2025-04-08,1.0043292045593262,1.1699999570846558,1.2699999809265137,1.1299999952316284,1.2699999809265137,24300
2025-04-09,0.9699931740760803,1.1299999952316284,1.159999966621399,1.0,1.1100000143051147,78600
2025-04-10,1.0172051191329956,1.184999942779541,1.2000000476837158,1.1699999570846558,1.1699999570846558,16700
2025-04-11,1.0386654138565063,1.2100000381469727,1.2699999809265137,1.184999942779541,1.2000000476837158,28600
2025-04-14,0.9957453012466431,1.159999966621399,1.2999999523162842,1.1390000581741333,1.25,28800
2025-04-15,0.9871612191200256,1.149999976158142,1.1959999799728394,1.149999976158142,1.159999966621399,14000
2025-04-16,0.9614092111587524,1.1200000047683716,1.159999966621399,1.1200000047683716,1.159999966621399,27500
2025-04-17,1.021497368812561,1.190000057220459,1.25,1.1200000047683716,1.1299999952316284,33300
2025-04-21,0.9871612191200256,1.149999976158142,1.2000000476837158,1.128000020980835,1.2000000476837158,17200
2025-04-22,0.9957453012466431,1.159999966621399,1.2000000476837158,1.1299999952316284,1.159999966621399,9700
2025-04-23,1.0300812721252441,1.2000000476837158,1.2000000476837158,1.1699999570846558,1.1799999475479126,31400
2025-04-24,1.0472493171691895,1.2200000286102295,1.2400000095367432,1.1299999952316284,1.1299999952316284,27800
2025-04-25,1.0386654138565063,1.2100000381469727,1.2400000095367432,1.190999984741211,1.2000000476837158,11200
2025-04-28,1.021497368812561,1.190000057220459,1.2200000286102295,1.1799999475479126,1.1799999475479126,10600
2025-04-29,1.021497368812561,1.190000057220459,1.2000000476837158,1.1799999475479126,1.190000057220459,14500
2025-04-30,1.0043292045593262,1.1699999570846558,1.190000057220459,1.1699999570846558,1.190000057220459,9200
2025-05-01,1.0129132270812988,1.1799999475479126,1.2000000476837158,1.1699999570846558,1.1799999475479126,6500
2025-05-02,1.0120548009872437,1.1790000200271606,1.1799999475479126,1.1699999570846558,1.1710000038146973,14800
2025-05-05,1.021497368812561,1.190000057220459,1.2200000286102295,1.1799999475479126,1.190000057220459,25500
2025-05-06,1.0043292045593262,1.1699999570846558,1.2000000476837158,1.1699999570846558,1.190000057220459,7300
2025-05-07,1.006046175956726,1.1720000505447388,1.190000057220459,1.1699999570846558,1.1699999570846558,13900
2025-05-08,1.0300812721252441,1.2000000476837158,1.2000000476837158,1.1699999570846558,1.1699999570846558,8900
2025-05-09,1.0343732833862305,1.2050000429153442,1.2230000495910645,1.1799999475479126,1.2000000476837158,17000
2025-05-12,1.1416734457015991,1.3300000429153442,1.3990000486373901,1.2100000381469727,1.2100000381469727,66700
2025-05-13,1.1459654569625854,1.3350000381469727,1.3899999856948853,1.3070000410079956,1.3300000429153442,18600
2025-05-14,1.1245054006576538,1.309999942779541,1.350000023841858,1.2999999523162842,1.3300000429153442,18800
2025-05-15,1.0987534523010254,1.2799999713897705,1.350000023841858,1.2599999904632568,1.350000023841858,13300
2025-05-16,1.1416734457015991,1.3300000429153442,1.350000023841858,1.2020000219345093,1.2899999618530273,20900
2025-05-19,1.1588413715362549,1.350000023841858,1.3930000066757202,1.274999976158142,1.350000023841858,44700
2025-05-20,1.1502574682235718,1.340000033378601,1.350000023841858,1.3300000429153442,1.350000023841858,21800
2025-05-21,1.1287974119186401,1.315000057220459,1.350000023841858,1.2899999618530273,1.3489999771118164,20800
2025-05-22,1.0970364809036255,1.277999997138977,1.3040000200271606,1.215999960899353,1.2999999523162842,35600
2025-05-23,1.0901693105697632,1.2699999809265137,1.312999963760376,1.25,1.25,17600
2025-05-27,1.1159213781356812,1.2999999523162842,1.2999999523162842,1.2400000095367432,1.2699999809265137,23900
2025-05-28,1.1090542078018188,1.2920000553131104,1.3200000524520874,1.2899999618530273,1.309999942779541,7800
2025-05-29,1.1159213781356812,1.2999999523162842,1.3200000524520874,1.2999999523162842,1.3200000524520874,18700
2025-05-30,1.0472493171691895,1.2200000286102295,1.3070000410079956,1.2200000286102295,1.2899999618530273,29000
2025-06-02,1.0987534523010254,1.2799999713897705,1.2999999523162842,1.2300000190734863,1.2300000190734863,38100
2025-06-03,1.1159213781356812,1.2999999523162842,1.2999999523162842,1.2699999809265137,1.2699999809265137,9300
2025-06-04,1.1159213781356812,1.2999999523162842,1.2999999523162842,1.2799999713897705,1.281999945640564,55400
2025-06-05,1.1030453443527222,1.284999966621399,1.340000033378601,1.2799999713897705,1.2999999523162842,31100
2025-06-06,1.1073373556137085,1.2899999618530273,1.309999942779541,1.284000039100647,1.2899999618530273,9900
2025-06-09,1.125363826751709,1.3109999895095825,1.3200000524520874,1.2799999713897705,1.3200000524520874,19400
2025-06-10,1.1416734457015991,1.3300000429153442,1.340000033378601,1.309999942779541,1.309999942779541,14100
2025-06-11,1.1425316333770752,1.3309999704360962,1.340000033378601,1.3200000524520874,1.3300000429153442,14000
2025-06-12,1.1502574682235718,1.340000033378601,1.340000033378601,1.3140000104904175,1.340000033378601,7700
2025-06-13,1.4850338697433472,1.7300000190734863,2.0,1.350000023841858,1.350000023841858,2990700
2025-06-16,1.3562737703323364,1.5800000429153442,1.6799999475479126,1.5,1.6200000047683716,335700
2025-06-17,1.2876015901565552,1.5,1.600000023841858,1.5,1.5299999713897705,88800
2025-06-18,1.330521583557129,1.5499999523162842,1.600000023841858,1.5099999904632568,1.5399999618530273,47400
2025-06-20,1.253265619277954,1.4600000381469727,1.5379999876022339,1.3799999952316284,1.5299999713897705,72500
2025-06-23,1.3476896286010742,1.5700000524520874,1.5800000429153442,1.5299999713897705,1.5299999713897705,86600
2025-06-24,1.2764424085617065,1.4869999885559082,1.590000033378601,1.434000015258789,1.590000033378601,78600
2025-06-25,1.253265619277954,1.4600000381469727,1.4900000095367432,1.399999976158142,1.4900000095367432,47900
2025-06-26,1.2876015901565552,1.5,1.5700000524520874,1.444000005722046,1.4780000448226929,39800
2025-06-27,1.279017448425293,1.4900000095367432,1.559999942779541,1.440000057220459,1.5,29000
2025-06-30,1.2703756093978882,1.4700000286102295,1.4800000190734863,1.4299999475479126,1.4700000286102295,15000
2025-07-01,1.279017448425293,1.4800000190734863,1.4800000190734863,1.440000057220459,1.4600000381469727,21600
2025-07-02,1.3308697938919067,1.5399999618530273,1.590000033378601,1.4500000476837158,1.4600000381469727,73500
2025-07-03,1.3472895622253418,1.559000015258789,1.5859999656677246,1.5399999618530273,1.5399999618530273,8200
2025-07-07,1.3092646598815918,1.5149999856948853,1.559999942779541,1.5049999952316284,1.5499999523162842,19200
2025-07-08,1.3179066181182861,1.524999976158142,1.5399999618530273,1.4900000095367432,1.4900000095367432,9900
2025-07-09,1.3308697938919067,1.5399999618530273,1.5399999618530273,1.5099999904632568,1.5099999904632568,8400
2025-07-10,1.3343265056610107,1.5440000295639038,1.559999942779541,1.5149999856948853,1.5149999856948853,3400
2025-07-11,1.395684838294983,1.6150000095367432,1.6510000228881836,1.5449999570846558,1.559999942779541,58600
2025-07-14,1.3395116329193115,1.5499999523162842,1.600000023841858,1.5299999713897705,1.600000023841858,14200
2025-07-15,1.3222274780273438,1.5299999713897705,1.600000023841858,1.4500000476837158,1.5399999618530273,94300
2025-07-16,1.3567956686019897,1.5700000524520874,1.6299999952316284,1.5099999904632568,1.5099999904632568,31600
2025-07-17,1.3740798234939575,1.590000033378601,1.6200000047683716,1.5299999713897705,1.5299999713897705,11400
2025-07-18,1.3697586059570312,1.5850000381469727,1.6050000190734863,1.5640000104904175,1.600000023841858,14000
2025-07-21,1.3300055265426636,1.5390000343322754,1.5880000591278076,1.465999960899353,1.5700000524520874,13400
2025-07-22,1.3481535911560059,1.559999942779541,1.6150000095367432,1.4299999475479126,1.5199999809265137,67800
2025-07-23,1.3827217817306519,1.600000023841858,1.6100000143051147,1.559999942779541,1.600000023841858,39200
2025-07-24,1.3827217817306519,1.600000023841858,1.6100000143051147,1.559999942779541,1.569000005722046,19100
2025-07-25,1.3827217817306519,1.600000023841858,1.6100000143051147,1.565000057220459,1.5800000429153442,12500
2025-07-28,1.3567956686019897,1.5700000524520874,1.600000023841858,1.5700000524520874,1.5700000524520874,14600
2025-07-29,1.3481535911560059,1.559999942779541,1.597000002861023,1.559999942779541,1.5700000524520874,5300
2025-07-30,1.3611167669296265,1.5750000476837158,1.5889999866485596,1.5700000524520874,1.5700000524520874,8700
2025-07-31,1.355067253112793,1.5679999589920044,1.6100000143051147,1.5499999523162842,1.5800000429153442,10700
2025-08-01,1.3524748086929321,1.565000057220459,1.590000033378601,1.5,1.590000033378601,16700
2025-08-04,1.3567956686019897,1.5700000524520874,1.5839999914169312,1.559999942779541,1.559999942779541,10500
2025-08-05,1.3567956686019897,1.5700000524520874,1.600000023841858,1.5299999713897705,1.5399999618530273,11400
2025-08-06,1.3671660423278809,1.5820000171661377,1.6100000143051147,1.569000005722046,1.590000033378601,67200
2025-08-07,1.3351905345916748,1.5449999570846558,1.5700000524520874,1.5199999809265137,1.5199999809265137,17600
2025-08-08,1.3533388376235962,1.565999984741211,1.5950000286102295,1.5299999713897705,1.5299999713897705,12500
2025-08-11,1.3395116329193115,1.5499999523162842,1.5700000524520874,1.531000018119812,1.5700000524520874,9000
2025-08-12,1.4345736503601074,1.659999966621399,1.7000000476837158,1.5399999618530273,1.5399999618530273,49800
2025-08-13,1.4432157278060913,1.6699999570846558,1.7200000286102295,1.6089999675750732,1.6399999856948853,54900
2025-08-14,1.3827217817306519,1.600000023841858,1.687000036239624,1.590000033378601,1.6460000276565552,21800
2025-08-15,1.4008698463439941,1.621000051498413,1.6699999570846558,1.600000023841858,1.6699999570846558,12500
2025-08-18,1.3691720962524414,1.5549999475479126,1.649999976158142,1.5199999809265137,1.6100000143051147,65700
2025-08-19,1.3453986644744873,1.527999997138977,1.5579999685287476,1.5,1.5199999809265137,7800
2025-08-20,1.3383545875549316,1.5199999809265137,1.565000057220459,1.5099999904632568,1.5199999809265137,13300
2025-08-21,1.3383545875549316,1.5199999809265137,1.5460000038146973,1.5,1.5199999809265137,8000
2025-08-22,1.386782169342041,1.5750000476837158,1.5750000476837158,1.5199999809265137,1.5199999809265137,10500
2025-08-25,1.3823796510696411,1.5700000524520874,1.590000033378601,1.559999942779541,1.5700000524520874,33200
2025-08-26,1.4748315811157227,1.6749999523162842,1.7000000476837158,1.5670000314712524,1.5700000524520874,74500
2025-08-27,1.4968441724777222,1.7000000476837158,1.7000000476837158,1.6799999475479126,1.690000057220459,41500
2025-08-28,1.479234218597412,1.6799999475479126,1.7000000476837158,1.6799999475479126,1.6820000410079956,7900
2025-08-29,1.473070740699768,1.6729999780654907,1.690999984741211,1.6519999504089355,1.6799999475479126,6700
2025-09-02,1.461624264717102,1.659999966621399,1.6799999475479126,1.659999966621399,1.6799999475479126,1900
2025-09-03,1.4528192281723022,1.649999976158142,1.659999966621399,1.6200000047683716,1.649999976158142,5200
2025-09-04,1.4264044761657715,1.6200000047683716,1.684000015258789,1.6200000047683716,1.6200000047683716,19200
2025-09-05,1.461624264717102,1.659999966621399,1.6729999780654907,1.6100000143051147,1.6100000143051147,3000
2025-09-08,1.4572217464447021,1.6549999713897705,1.6699999570846558,1.625,1.6699999570846558,9300
2025-09-09,1.4704291820526123,1.6699999570846558,1.6799999475479126,1.659999966621399,1.6699999570846558,5400
2025-09-10,1.4880391359329224,1.690000057220459,1.7799999713897705,1.656000018119812,1.6699999570846558,68900
2025-09-11,1.4880391359329224,1.690000057220459,1.7000000476837158,1.6699999570846558,1.6699999570846558,24500
2025-09-12,1.4968441724777222,1.7000000476837158,1.7000000476837158,1.6799999475479126,1.690000057220459,29500
2025-09-15,1.5100516080856323,1.715000033378601,1.7200000286102295,1.6699999570846558,1.7000000476837158,30600
2025-09-16,1.5364664793014526,1.7450000047683716,1.75,1.7100000381469727,1.7200000286102295,22800
2025-09-17,1.5408689975738525,1.75,1.7699999809265137,1.7289999723434448,1.75,32100
2025-09-18,1.5496737957000732,1.7599999904632568,1.7999999523162842,1.7100000381469727,1.7999999523162842,28400
2025-09-19,1.5144540071487427,1.7200000286102295,1.7599999904632568,1.715000033378601,1.7200000286102295,23300
2025-09-22,1.4880391359329224,1.690000057220459,1.7200000286102295,1.659999966621399,1.7200000286102295,9700
2025-09-23,1.5056490898132324,1.7100000381469727,1.7280000448226929,1.6699999570846558,1.7100000381469727,11500
2025-09-24,1.5408689975738525,1.75,1.7649999856948853,1.6619999408721924,1.7100000381469727,32200
2025-09-25,1.4968441724777222,1.7000000476837158,1.7239999771118164,1.690000057220459,1.7000000476837158,13300
2025-09-26,1.5118125677108765,1.7170000076293945,1.725000023841858,1.6749999523162842,1.6799999475479126,13400
2025-09-29,1.4977244138717651,1.7009999752044678,1.75,1.6799999475479126,1.7200000286102295,10600
2025-09-30,1.444014310836792,1.6399999856948853,1.75,1.6299999952316284,1.7400000095367432,58900
2025-10-01,1.461624264717102,1.659999966621399,1.6979999542236328,1.6490000486373901,1.6699999570846558,6000
2025-10-02,1.4880391359329224,1.690000057220459,1.6979999542236328,1.6399999856948853,1.6399999856948853,8700
2025-10-03,1.4801145792007446,1.680999994277954,1.6950000524520874,1.6699999570846558,1.690000057220459,23700
2025-10-06,1.4968441724777222,1.7000000476837158,1.7000000476837158,1.6399999856948853,1.6399999856948853,15900
2025-10-07,1.5408689975738525,1.75,1.75,1.6699999570846558,1.7000000476837158,12500
2025-10-08,1.5232590436935425,1.7300000190734863,1.75,1.7200000286102295,1.75,10400
2025-10-09,1.5144540071487427,1.7200000286102295,1.7450000047683716,1.690000057220459,1.690000057220459,17000
2025-10-10,1.4175994396209717,1.6100000143051147,1.7170000076293945,1.6100000143051147,1.6100000143051147,44600
2025-10-13,1.4528192281723022,1.649999976158142,1.690000057220459,1.6299999952316284,1.649999976158142,16700
2025-10-14,1.461624264717102,1.659999966621399,1.690000057220459,1.6399999856948853,1.659999966621399,70600
2025-10-15,1.4704291820526123,1.6699999570846558,1.6799999475479126,1.6399999856948853,1.659999966621399,41500
2025-10-16,1.4264044761657715,1.6200000047683716,1.6799999475479126,1.6200000047683716,1.6699999570846558,35400
2025-10-17,1.4660266637802124,1.6649999618530273,1.6699999570846558,1.6399999856948853,1.649999976158142,19600
2025-10-20,1.479234218597412,1.6799999475479126,1.6799999475479126,1.6699999570846558,1.6699999570846558,5900
2025-10-21,1.4352092742919922,1.6299999952316284,1.6799999475479126,1.6299999952316284,1.6799999475479126,23800
2025-10-22,1.4352092742919922,1.6299999952316284,1.6799999475479126,1.6100000143051147,1.649999976158142,19800
2025-10-23,1.4308068752288818,1.625,1.6299999952316284,1.6100000143051147,1.6299999952316284,11900
2025-10-24,1.4528192281723022,1.649999976158142,1.6670000553131104,1.6399999856948853,1.6399999856948853,8200
2025-10-27,1.4660266637802124,1.6649999618530273,1.6779999732971191,1.649999976158142,1.659999966621399,23400
2025-10-28,1.4598631858825684,1.6579999923706055,1.6699999570846558,1.649999976158142,1.649999976158142,8100
2025-10-29,1.4704291820526123,1.6699999570846558,1.690000057220459,1.649999976158142,1.690000057220459,16500
2025-10-30,1.4704291820526123,1.6699999570846558,1.6799999475479126,1.649999976158142,1.6649999618530273,12400
2025-10-31,1.4352092742919922,1.6299999952316284,1.6799999475479126,1.6299999952316284,1.6799999475479126,7300
2025-11-03,1.3955870866775513,1.5850000381469727,1.6299999952316284,1.5049999952316284,1.6299999952316284,49600
2025-11-04,1.3295496702194214,1.5099999904632568,1.6339999437332153,1.4980000257492065,1.6150000095367432,62000
2025-11-05,1.3471596240997314,1.5299999713897705,1.5399999618530273,1.5,1.5,20600
2025-11-06,1.3031349182128906,1.4800000190734863,1.5099999904632568,1.4800000190734863,1.5,11800
2025-11-07,1.3119397163391113,1.4900000095367432,1.4950000047683716,1.4500000476837158,1.4900000095367432,15400
2025-11-10,1.3691720962524414,1.5549999475479126,1.5820000171661377,1.5069999694824219,1.524999976158142,9300
2025-11-11,1.4087945222854614,1.600000023841858,1.7300000190734863,1.590000033378601,1.6299999952316284,140800
2025-11-12,1.461624264717102,1.659999966621399,1.690000057220459,1.559999942779541,1.6100000143051147,205300
2025-11-13,1.4704291820526123,1.6699999570846558,1.7200000286102295,1.6299999952316284,1.6699999570846558,45400
2025-11-14,1.3911845684051514,1.5800000429153442,1.7200000286102295,1.4170000553131104,1.7000000476837158,84500
2025-11-17,1.3999896049499512,1.590000033378601,1.7400000095367432,1.559999942779541,1.600000023841858,50800
2025-11-18,1.4087945222854614,1.600000023841858,1.6399999856948853,1.5759999752044678,1.5800000429153442,26400
2025-11-19,1.3735744953155518,1.559999942779541,1.6319999694824219,1.559999942779541,1.600000023841858,59200
2025-11-20,1.3735744953155518,1.559999942779541,1.6200000047683716,1.5499999523162842,1.600000023841858,74300
2025-11-21,1.3911845684051514,1.5800000429153442,1.590000033378601,1.559999942779541,1.559999942779541,28700
2025-11-24,1.3911845684051514,1.5800000429153442,1.6200000047683716,1.5449999570846558,1.559999942779541,124000
2025-11-25,1.3999896049499512,1.590000033378601,1.659999966621399,1.5700000524520874,1.590000033378601,46700
2025-11-26,1.479234218597412,1.6799999475479126,1.7100000381469727,1.600000023841858,1.6299999952316284,45700
2025-11-28,1.5320639610290527,1.7400000095367432,1.7799999713897705,1.690000057220459,1.690000057220459,51800
2025-12-01,1.4528192281723022,1.649999976158142,1.7799999713897705,1.590000033378601,1.7699999809265137,139900
2025-12-02,1.4589827060699463,1.656999945640564,1.690000057220459,1.649999976158142,1.6799999475479126,29600
2025-12-03,1.5320639610290527,1.7400000095367432,1.7599999904632568,1.6699999570846558,1.690000057220459,56000
2025-12-04,1.5056490898132324,1.7100000381469727,1.75,1.7100000381469727,1.75,22000
2025-12-05,1.6201136112213135,1.840000033378601,1.8650000095367432,1.6699999570846558,1.75,270500
2025-12-08,1.672943353652954,1.899999976158142,1.899999976158142,1.8600000143051147,1.899999976158142,98800
2025-12-09,1.6113085746765137,1.8300000429153442,1.899999976158142,1.8109999895095825,1.840000033378601,66100
2025-12-10,1.6201136112213135,1.840000033378601,1.8799999952316284,1.840000033378601,1.840000033378601,15900
2025-12-11,1.6465284824371338,1.8700000047683716,1.899999976158142,1.850000023841858,1.8799999952316284,26300
2025-12-12,1.6553335189819336,1.8799999952316284,1.899999976158142,1.850000023841858,1.850000023841858,47000
2025-12-15,1.6201136112213135,1.840000033378601,1.899999976158142,1.840000033378601,1.8899999856948853,22900
2025-12-16,1.672943353652954,1.899999976158142,1.899999976158142,1.850000023841858,1.8700000047683716,51600
2025-12-17,1.6201136112213135,1.840000033378601,1.899999976158142,1.8300000429153442,1.899999976158142,44800
2025-12-18,1.6377235651016235,1.8600000143051147,1.8969999551773071,1.809999942779541,1.840000033378601,25900
2025-12-19,1.6641384363174438,1.8899999856948853,1.899999976158142,1.8300000429153442,1.899999976158142,33800
2025-12-22,1.6641384363174438,1.8899999856948853,1.899999976158142,1.8300000429153442,1.8899999856948853,54300
2025-12-23,1.769797921180725,2.009999990463257,2.119999885559082,1.8769999742507935,1.8899999856948853,292000
2025-12-24,1.8490426540374756,2.0999999046325684,2.119999885559082,2.0460000038146973,2.049999952316284,53300
2025-12-26,1.9106775522232056,2.1700000762939453,2.2239999771118164,2.119999885559082,2.140000104904175,217500
2025-12-29,1.653470754623413,1.7999999523162842,2.130000114440918,1.7999999523162842,2.0399999618530273,180600
2025-12-30,1.5340534448623657,1.6699999570846558,1.8300000429153442,1.6360000371932983,1.8300000429153442,123500
2025-12-31,1.561611294746399,1.7000000476837158,1.7400000095367432,1.659999966621399,1.6699999570846558,34100
2026-01-02,1.6259130239486694,1.7699999809265137,1.7799999713897705,1.7000000476837158,1.7000000476837158,17200
2026-01-05,1.570797324180603,1.7100000381469727,1.8250000476837158,1.7000000476837158,1.75,43300
2026-01-06,1.6075410842895508,1.75,1.8049999475479126,1.7100000381469727,1.7100000381469727,16300
2026-01-07,1.6259130239486694,1.7699999809265137,1.781999945640564,1.6799999475479126,1.7200000286102295,99500
2026-01-08,1.5983551740646362,1.7400000095367432,1.8200000524520874,1.7100000381469727,1.7799999713897705,12800
2026-01-09,1.570797324180603,1.7100000381469727,1.7899999618530273,1.6699999570846558,1.7300000190734863,23100
2026-01-12,1.5891691446304321,1.7300000190734863,1.8300000429153442,1.7100000381469727,1.7899999618530273,77700
2026-01-13,1.561611294746399,1.7000000476837158,1.7999999523162842,1.690000057220459,1.7300000190734863,63100
2026-01-14,1.6442848443984985,1.7899999618530273,1.809999942779541,1.7300000190734863,1.7300000190734863,30800
2026-01-15,1.6259130239486694,1.7699999809265137,1.850000023841858,1.7300000190734863,1.8200000524520874,26700
2026-01-16,1.6810287237167358,1.8300000429153442,1.850000023841858,1.7699999809265137,1.7699999809265137,57900
2026-01-20,1.6810287237167358,1.8300000429153442,1.8300000429153442,1.7699999809265137,1.809999942779541,16400
2026-01-21,1.653470754623413,1.7999999523162842,1.840000033378601,1.7999999523162842,1.8200000524520874,10700
2026-01-22,1.699400544166565,1.850000023841858,1.878999948501587,1.809999942779541,1.8300000429153442,34200
2026-01-23,1.69021475315094,1.840000033378601,1.8700000047683716,1.8250000476837158,1.8700000047683716,15300
2026-01-26,1.699400544166565,1.850000023841858,1.909999966621399,1.8240000009536743,1.850000023841858,48900
2026-01-27,1.699400544166565,1.850000023841858,1.9900000095367432,1.809999942779541,1.850000023841858,18000
2026-01-28,1.6259130239486694,1.7699999809265137,1.899999976158142,1.7699999809265137,1.8600000143051147,22000
2026-01-29,1.6259130239486694,1.7699999809265137,1.8660000562667847,1.7599999904632568,1.7999999523162842,15300
2026-01-30,1.635098934173584,1.7799999713897705,1.850000023841858,1.7549999952316284,1.7549999952316284,44000
2026-02-02,1.653470754623413,1.7999999523162842,1.8300000429153442,1.75,1.7599999904632568,63500
2026-02-03,1.6167269945144653,1.7599999904632568,1.8200000524520874,1.75,1.8200000524520874,31200
2026-02-04,1.5340534448623657,1.6699999570846558,1.7699999809265137,1.6549999713897705,1.75,70300
2026-02-05,1.5156816244125366,1.649999976158142,1.7599999904632568,1.621000051498413,1.6699999570846558,40100
2026-02-06,1.561611294746399,1.7000000476837158,1.7799999713897705,1.6660000085830688,1.6799999475479126,77000
2026-02-09,1.6718426942825317,1.8200000524520874,1.850000023841858,1.75,1.75,119900
2026-02-10,1.6718426942825317,1.8200000524520874,1.840000033378601,1.7899999618530273,1.7999999523162842,48800
2026-02-11,1.7177724838256836,1.8700000047683716,1.8949999809265137,1.8020000457763672,1.8300000429153442,38400
2026-02-12,1.6442848443984985,1.7899999618530273,1.8899999856948853,1.6770000457763672,1.8899999856948853,118400
2026-02-13,1.6718426942825317,1.8200000524520874,1.8450000286102295,1.7699999809265137,1.7899999618530273,24700
2026-02-17,1.7453303337097168,1.899999976158142,1.9299999475479126,1.8200000524520874,1.8200000524520874,182200
2026-02-18,1.7269583940505981,1.8799999952316284,1.899999976158142,1.840000033378601,1.899999976158142,45000
2026-02-19,1.7912601232528687,1.9500000476837158,1.9600000381469727,1.8600000143051147,1.8600000143051147,209700
2026-02-20,1.7453303337097168,1.899999976158142,1.9500000476837158,1.8569999933242798,1.9199999570846558,142700
2026-02-23,1.7361444234848022,1.8899999856948853,1.9249999523162842,1.8600000143051147,1.899999976158142,60400
2026-02-24,1.7912601232528687,1.9500000476837158,1.9500000476837158,1.850000023841858,1.899999976158142,161700
2026-02-25,1.8555617332458496,2.0199999809265137,2.0199999809265137,1.9550000429153442,1.9600000381469727,95600
2026-02-26,1.965793251991272,2.140000104904175,2.140000104904175,2.0,2.0199999809265137,90000
2026-02-27,1.910677433013916,2.0799999237060547,2.128999948501587,2.0399999618530273,2.119999885559082,69400
2026-03-02,2.011723041534424,2.190000057220459,2.2179999351501465,2.0,2.119999885559082,304400
2026-03-03,1.9290491342544556,2.0999999046325684,2.2799999713897705,2.0999999046325684,2.2100000381469727,190500
2026-03-04,1.974979043006897,2.1500000953674316,2.2149999141693115,2.049999952316284,2.109999895095825,137300
2026-03-05,1.910677433013916,2.0799999237060547,2.1700000762939453,2.069999933242798,2.1600000858306885,302300
2026-03-06,1.837189793586731,2.0,2.069999933242798,1.9199999570846558,2.0269999504089355,122900
2026-03-09,1.901491403579712,2.069999933242798,2.0999999046325684,1.9700000286102295,2.0,95700
2026-03-10,1.9474210739135742,2.119999885559082,2.200000047683716,2.059999942779541,2.059999942779541,63000
2026-03-11,1.910677433013916,2.0799999237060547,2.1730000972747803,2.0160000324249268,2.119999885559082,82000
2026-03-12,1.846375823020935,2.009999990463257,2.1600000858306885,1.9889999628067017,2.0999999046325684,155400
2026-03-13,1.9152703285217285,2.0850000381469727,2.128000020980835,2.009999990463257,2.009999990463257,167200
2026-03-16,1.8280038833618164,1.9900000095367432,2.13700008392334,1.899999976158142,2.069999933242798,229600
2026-03-17,1.8739335536956787,2.0399999618530273,2.132999897003174,1.9900000095367432,1.9900000095367432,71700
2026-03-18,1.8739335536956787,2.0399999618530273,2.0999999046325684,2.0199999809265137,2.0399999618530273,32700
2026-03-19,1.8647476434707642,2.0299999713897705,2.180000066757202,1.9700000286102295,2.049999952316284,127000
2026-03-20,1.8096319437026978,1.9700000286102295,2.0299999713897705,1.940000057220459,2.0299999713897705,84500
2026-03-23,1.8280038833618164,1.9900000095367432,2.109999895095825,1.9700000286102295,1.9700000286102295,97900
2026-03-24,1.837189793586731,2.0,2.065000057220459,1.9900000095367432,1.9900000095367432,132600
2026-03-25,1.9474210739135742,2.119999885559082,2.1600000858306885,2.0,2.049999952316284,143100
2026-03-26,2.011723041534424,2.190000057220459,2.2300000190734863,2.140000104904175,2.180000066757202,131800
2026-03-27,1.973220944404602,2.049999952316284,2.130000114440918,1.940000057220459,2.119999885559082,94100
2026-03-30,1.9154682159423828,1.9900000095367432,2.0199999809265137,1.9579999446868896,1.9600000381469727,74200
2026-03-31,1.9443445205688477,2.0199999809265137,2.0199999809265137,1.9850000143051147,2.0199999809265137,21100
2026-04-01,1.973220944404602,2.049999952316284,2.049999952316284,1.9900000095367432,2.009999990463257,17600
2026-04-02,2.050224781036377,2.130000114440918,2.130000114440918,2.00600004196167,2.0199999809265137,34300
2026-04-06,2.0309736728668213,2.109999895095825,2.125,2.049999952316284,2.119999885559082,22500
2026-04-07,1.973220944404602,2.049999952316284,2.0799999237060547,2.009999990463257,2.069999933242798,16800
2026-04-08,1.9443445205688477,2.0199999809265137,2.061000108718872,2.009999990463257,2.059999942779541,32200
2026-04-09,1.973220944404602,2.049999952316284,2.0999999046325684,2.0199999809265137,2.069999933242798,13200
2026-04-10,1.9443445205688477,2.0199999809265137,2.0799999237060547,2.0,2.0799999237060547,48000
2026-04-13,2.0117228031158447,2.0899999141693115,2.1500000953674316,2.0799999237060547,2.0799999237060547,28000
2026-04-14,2.079101324081421,2.1600000858306885,2.200000047683716,2.0999999046325684,2.0999999046325684,101100
2026-04-15,2.0405991077423096,2.119999885559082,2.1600000858306885,2.0999999046325684,2.1600000858306885,54400
2026-04-16,2.021348237991333,2.0999999046325684,2.140000104904175,2.0999999046325684,2.119999885559082,21300
2026-04-17,2.0309736728668213,2.109999895095825,2.1600000858306885,2.059999942779541,2.140000104904175,79100
2026-04-20,2.0415618419647217,2.121000051498413,2.140000104904175,2.109999895095825,2.119999885559082,21600
2026-04-21,2.0405991077423096,2.119999885559082,2.130000114440918,2.0999999046325684,2.0999999046325684,16400
2026-04-22,2.021348237991333,2.0999999046325684,2.130000114440918,2.0899999141693115,2.109999895095825,9500
2026-04-23,1.9539700746536255,2.0299999713897705,2.109999895095825,2.0299999713897705,2.109999895095825,36500
2026-04-24,1.973220944404602,2.049999952316284,2.049999952316284,2.009999990463257,2.049999952316284,19100
2026-04-27,1.9443445205688477,2.0199999809265137,2.0299999713897705,2.0199999809265137,2.0299999713897705,12400
2026-04-28,1.973220944404602,2.049999952316284,2.0899999141693115,2.0199999809265137,2.0199999809265137,24300
2026-04-29,1.973220944404602,2.049999952316284,2.069999933242798,2.009999990463257,2.0299999713897705,26100
2026-04-30,2.0598502159118652,2.140000104904175,2.1600000858306885,2.0799999237060547,2.124000072479248,30400
2026-05-01,2.050224781036377,2.130000114440918,2.1600000858306885,2.119999885559082,2.1500000953674316,48500
2026-05-04,2.079101324081421,2.1600000858306885,2.187999963760376,2.1110000610351562,2.187999963760376,56100
2026-05-05,2.1946067810058594,2.2799999713897705,2.309999942779541,2.1449999809265137,2.1600000858306885,139100
2026-05-06,2.2331085205078125,2.319999933242798,2.359999895095825,2.2300000190734863,2.259999990463257,75500
2026-05-07,2.1946067810058594,2.2799999713897705,2.359999895095825,2.25,2.3499999046325684,55100
2026-05-08,2.252359390258789,2.3399999141693115,2.390000104904175,2.319999933242798,2.380000114440918,40800
2026-05-11,2.184981346130371,2.2699999809265137,2.3399999141693115,2.2699999809265137,2.3399999141693115,52000
2026-05-12,2.213857650756836,2.299999952316284,2.309999942779541,2.25,2.2799999713897705,27800
2026-05-13,2.1946067810058594,2.2799999713897705,2.3369998931884766,2.2699999809265137,2.299999952316284,31800
2026-05-14,2.213857650756836,2.299999952316284,2.3580000400543213,2.25,2.3399999141693115,19800
2026-05-15,2.2042322158813477,2.2899999618530273,2.368000030517578,2.25,2.309999942779541,13000
2026-05-18,2.184981346130371,2.2699999809265137,2.364000082015991,2.259999990463257,2.3299999237060547,50000
2026-05-19,2.213857650756836,2.299999952316284,2.299999952316284,2.259999990463257,2.259999990463257,31300
2026-05-20,2.2908616065979004,2.380000114440918,2.380000114440918,2.259999990463257,2.2899999618530273,74600
2026-05-21,2.2716104984283447,2.359999895095825,2.380000114440918,2.2950000762939453,2.380000114440918,104500
2026-05-22,2.2716104984283447,2.359999895095825,2.4100000858306885,2.325000047683716,2.4000000953674316,45500
2026-05-26,2.377490758895874,2.4700000286102295,2.4800000190734863,2.4000000953674316,2.4200000762939453,125200
2026-05-27,2.4929962158203125,2.5899999141693115,2.5999999046325684,2.5199999809265137,2.549999952316284,199600
2026-05-28,2.502621650695801,2.5999999046325684,2.630000114440918,2.5299999713897705,2.609999895095825,95300
2026-05-29,2.4929962158203125,2.5899999141693115,2.6080000400543213,2.549999952316284,2.569999933242798,44600
2026-06-01,2.3967416286468506,2.490000009536743,2.575000047683716,2.490000009536743,2.569999933242798,141700
2026-06-02,2.4929962158203125,2.5899999141693115,2.5899999141693115,2.440000057220459,2.5,50700
2026-06-03,2.502621650695801,2.5999999046325684,2.609999895095825,2.5,2.569999933242798,52100
2026-06-04,2.4544944763183594,2.549999952316284,2.5850000381469727,2.549999952316284,2.559999942779541,19200
2026-06-05,2.377490758895874,2.4700000286102295,2.559000015258789,2.4700000286102295,2.5399999618530273,13700
2026-06-08,2.3967416286468506,2.490000009536743,2.5399999618530273,2.440000057220459,2.5199999809265137,43500
2026-06-09,2.4929962158203125,2.5899999141693115,2.6050000190734863,2.509999990463257,2.5199999809265137,43300
2026-06-10,2.4929962158203125,2.5899999141693115,2.609999895095825,2.5399999618530273,2.559999942779541,24700
2026-06-11,2.512247085571289,2.609999895095825,2.609999895095825,2.549999952316284,2.5999999046325684,53200
2026-06-12,2.5314981937408447,2.630000114440918,2.680000066757202,2.5999999046325684,2.609999895095825,44400
2026-06-15,2.598876476287842,2.700000047683716,2.75,2.634000062942505,2.690000057220459,186200
2026-06-16,2.5796256065368652,2.680000066757202,2.7300000190734863,2.6500000953674316,2.7300000190734863,71600
2026-06-17,2.5507490634918213,2.6500000953674316,2.680000066757202,2.630000114440918,2.680000066757202,33300
2026-06-18,2.5603747367858887,2.6600000858306885,2.7300000190734863,2.619999885559082,2.630000114440918,99900
2026-06-22,2.570000171661377,2.6700000762939453,2.7300000190734863,2.5999999046325684,2.7300000190734863,118100
2026-06-23,2.5603747367858887,2.6600000858306885,2.687999963760376,2.619999885559082,2.6700000762939453,56900
2026-06-24,2.5603747367858887,2.6600000858306885,2.680000066757202,2.634999990463257,2.680000066757202,71100
2026-06-25,2.5507490634918213,2.6500000953674316,2.6700000762939453,2.619999885559082,2.6700000762939453,67900
2026-06-26,2.570000171661377,2.6700000762939453,2.7300000190734863,2.619999885559082,2.680000066757202,186400
2026-06-29,2.630000114440918,2.630000114440918,2.6700000762939453,2.5,2.6600000858306885,119100
2026-06-30,2.630000114440918,2.630000114440918,2.7200000286102295,2.5199999809265137,2.6600000858306885,89400
2026-07-01,2.630000114440918,2.630000114440918,2.680000066757202,2.549999952316284,2.569999933242798,39200
2026-07-02,2.6600000858306885,2.6600000858306885,2.680000066757202,2.569999933242798,2.5999999046325684,43000
2026-07-06,2.680000066757202,2.680000066757202,2.819999933242798,2.630000114440918,2.680000066757202,135600
2026-07-07,2.6500000953674316,2.6500000953674316,2.734999895095825,2.5799999237060547,2.690000057220459,43400
2026-07-08,2.630000114440918,2.630000114440918,2.6549999713897705,2.5950000286102295,2.609999895095825,17200
2026-07-09,2.6600000858306885,2.6600000858306885,2.6700000762939453,2.5799999237060547,2.6500000953674316,20400
2026-07-10,2.6700000762939453,2.6700000762939453,2.690000057220459,2.6449999809265137,2.690000057220459,6700
2026-07-13,2.640000104904175,2.640000104904175,2.690000057220459,2.5799999237060547,2.6600000858306885,59000
2026-07-14,2.6600000858306885,2.6600000858306885,2.7100000381469727,2.634999990463257,2.7100000381469727,27900
2026-07-15,2.569999933242798,2.569999933242798,2.680000066757202,2.569999933242798,2.6700000762939453,36600
2026-07-16,2.5199999809265137,2.5199999809265137,2.6589999198913574,2.450000047683716,2.569999933242798,108000
2026-07-17,2.5199999809265137,2.5199999809265137,2.5999999046325684,2.4800000190734863,2.4800000190734863,6200
2026-07-20,2.450000047683716,2.450000047683716,2.5199999809265137,2.450000047683716,2.490000009536743,30600
2026-07-21,2.640000104904175,2.640000104904175,2.640000104904175,2.5,2.5199999809265137,35500
2026-07-22,2.619999885559082,2.619999885559082,2.640000104904175,2.569999933242798,2.640000104904175,11500
2026-07-23,2.569999933242798,2.569999933242798,2.630000114440918,2.565700054168701,2.5999999046325684,6930
