Date,Adjusted_Close,Close,High,Low,Open,Volume
2021-07-23,171.1719970703125,178.13999938964844,178.44000244140625,175.97999572753906,176.9499969482422,408700
2021-07-26,169.10609436035156,175.99000549316406,178.77999877929688,175.91000366210938,178.41000366210938,842600
2021-07-27,169.74986267089844,176.66000366210938,176.97999572753906,172.52999877929688,174.3300018310547,498400
2021-07-28,175.82266235351562,182.97999572753906,183.8800048828125,174.9600067138672,177.07000732421875,1149500
2021-07-29,175.4671173095703,182.61000061035156,185.8300018310547,180.55999755859375,184.0,860400
2021-07-30,172.94964599609375,179.99000549316406,183.85000610351562,179.2899932861328,182.05999755859375,803200
2021-08-02,172.55569458007812,179.5800018310547,183.3800048828125,179.42999267578125,181.10000610351562,517000
2021-08-03,173.77598571777344,180.85000610351562,181.13999938964844,177.3800048828125,179.75,556600
2021-08-04,172.63255310058594,179.66000366210938,181.72999572753906,170.3300018310547,171.13999938964844,924100
2021-08-05,170.8452606201172,177.8000030517578,181.35000610351562,174.94000244140625,180.5800018310547,922800
2021-08-06,174.07383728027344,181.16000366210938,181.74000549316406,178.35000610351562,179.50999450683594,671300
2021-08-09,176.06289672851562,183.22999572753906,185.58999633789062,180.1699981689453,181.58999633789062,907200
2021-08-10,180.01210021972656,187.33999633789062,189.64999389648438,183.3699951171875,183.41000366210938,1122200
2021-08-11,185.8446502685547,193.41000366210938,193.86000061035156,189.47999572753906,189.60000610351562,1185200
2021-08-12,184.83580017089844,192.36000061035156,193.9600067138672,190.49000549316406,193.41000366210938,524700
2021-08-13,182.36630249023438,189.7899932861328,192.24000549316406,189.49000549316406,191.8800048828125,384900
2021-08-16,180.44447326660156,187.7899932861328,190.1300048828125,187.02999877929688,188.77000427246094,435900
2021-08-17,178.30711364746094,185.1999969482422,188.3000030517578,184.05999755859375,186.75,929000
2021-08-18,177.4117431640625,184.27000427246094,186.92999267578125,183.0,184.6199951171875,423000
2021-08-19,176.4874725341797,183.30999755859375,184.91000366210938,181.52999877929688,182.22999572753906,358900
2021-08-20,176.5645294189453,183.38999938964844,184.72999572753906,182.47999572753906,183.27000427246094,445900
2021-08-23,178.05679321289062,184.94000244140625,185.6999969482422,182.92999267578125,184.39999389648438,383700
2021-08-24,179.43360900878906,186.3699951171875,186.94000244140625,184.0,185.5500030517578,408100
2021-08-25,182.5241241455078,189.5800018310547,191.86000061035156,186.13999938964844,186.5500030517578,571300
2021-08-26,180.55044555664062,187.52999877929688,189.42999267578125,186.75999450683594,189.42999267578125,348200
2021-08-27,180.95477294921875,187.9499969482422,189.67999267578125,187.42999267578125,189.08999633789062,507100
2021-08-30,179.1158905029297,186.0399932861328,189.27000427246094,185.94000244140625,188.6999969482422,718400
2021-08-31,179.010009765625,185.92999267578125,187.72000122070312,184.88999938964844,187.27000427246094,768600
2021-09-01,178.9329376220703,185.85000610351562,187.0500030517578,183.97999572753906,186.35000610351562,486300
2021-09-02,176.1890106201172,183.0,186.4600067138672,181.9199981689453,185.85000610351562,1456200
2021-09-03,173.59915161132812,180.30999755859375,182.75,178.77000427246094,182.75,1062700
2021-09-07,170.46051025390625,177.0500030517578,179.8000030517578,176.07000732421875,179.02000427246094,803500
2021-09-08,169.44955444335938,176.0,177.10000610351562,174.9499969482422,176.36000061035156,549900
2021-09-09,169.44955444335938,176.0,178.27999877929688,175.08999633789062,175.39999389648438,535500
2021-09-10,171.07662963867188,177.69000244140625,180.8699951171875,177.10000610351562,177.13999938964844,667700
2021-09-13,171.30770874023438,177.92999267578125,180.35000610351562,176.6999969482422,178.91000366210938,863200
2021-09-14,169.18959045410156,175.72999572753906,177.88999938964844,175.07000732421875,177.88999938964844,794300
2021-09-15,168.467529296875,174.97999572753906,176.2100067138672,174.4499969482422,175.72999572753906,1155100
2021-09-16,166.1086883544922,172.52999877929688,175.1300048828125,172.42999267578125,174.72999572753906,921000
2021-09-17,163.55731201171875,169.8800048828125,172.80999755859375,169.58999633789062,171.58999633789062,1262500
2021-09-20,163.11447143554688,169.4199981689453,170.4600067138672,166.30999755859375,167.07000732421875,1092000
2021-09-21,165.1748046875,171.55999755859375,172.94000244140625,168.1199951171875,170.5,1468000
2021-09-22,167.76466369628906,174.25,174.8300018310547,173.16000366210938,173.33999633789062,1185400
2021-09-23,172.05873107910156,178.7100067138672,180.80999755859375,174.3000030517578,175.24000549316406,1000900
2021-09-24,169.50729370117188,176.05999755859375,179.3000030517578,175.64999389648438,178.02000427246094,620300
2021-09-27,171.59658813476562,178.22999572753906,180.2100067138672,176.38999938964844,176.38999938964844,658700
2021-09-28,170.412353515625,177.0,179.72999572753906,176.30999755859375,178.32000732421875,1059400
2021-09-29,167.29290771484375,173.75999450683594,176.7100067138672,173.3699951171875,176.7100067138672,1008200
2021-09-30,162.86412048339844,169.16000366210938,174.24000549316406,168.77000427246094,174.24000549316406,1550200
2021-10-01,166.50344848632812,172.94000244140625,173.75,167.24000549316406,169.0,1236700
2021-10-04,165.10743713378906,171.49000549316406,173.80999755859375,170.6699981689453,172.16000366210938,1432800
2021-10-05,162.9796600341797,169.27999877929688,171.52000427246094,168.13999938964844,171.4199981689453,1475100
2021-10-06,168.2075958251953,174.7100067138672,174.77999877929688,170.94000244140625,170.97000122070312,1060200
2021-10-07,170.0657501220703,176.63999938964844,179.3000030517578,175.5800018310547,176.0399932861328,924900
2021-10-08,168.91041564941406,175.44000244140625,178.27000427246094,175.27999877929688,176.9600067138672,658400
2021-10-11,165.48291015625,171.8800048828125,176.10000610351562,171.77999877929688,175.0,531800
2021-10-12,164.47195434570312,170.8300018310547,172.3800048828125,170.44000244140625,170.77999877929688,524100
2021-10-13,164.13499450683594,170.47999572753906,172.36000061035156,168.86000061035156,171.25,542200
2021-10-14,169.71914672851562,176.27999877929688,176.47999572753906,171.5,171.6999969482422,670700
2021-10-15,170.34494018554688,176.92999267578125,178.25,176.3300018310547,177.94000244140625,363300
2021-10-18,173.82058715820312,180.5399932861328,181.3300018310547,177.02999877929688,177.89999389648438,828300
2021-10-19,173.17547607421875,179.8699951171875,181.17999267578125,179.08999633789062,180.8699951171875,501900
2021-10-20,178.79812622070312,185.7100067138672,185.99000549316406,179.72999572753906,179.8699951171875,827900
2021-10-21,177.5850372314453,184.4499969482422,185.61000061035156,182.92999267578125,185.61000061035156,535800
2021-10-22,178.26864624023438,185.16000366210938,186.5,184.44000244140625,184.9499969482422,423300
2021-10-25,183.76611328125,190.8699951171875,191.47000122070312,184.5,186.07000732421875,793100
2021-10-26,182.09091186523438,189.1300048828125,191.52000427246094,188.14999389648438,191.52000427246094,513800
2021-10-27,178.14346313476562,185.02999877929688,190.38999938964844,184.77000427246094,189.10000610351562,588400
2021-10-28,181.84054565429688,188.8699951171875,190.92999267578125,186.77999877929688,187.0399932861328,694900
2021-10-29,183.0440216064453,190.1199951171875,190.3800048828125,187.36000061035156,187.42999267578125,1014400
2021-11-01,181.156982421875,188.16000366210938,191.85000610351562,186.7100067138672,191.0,879000
2021-11-02,187.7520294189453,195.00999450683594,197.0,187.02999877929688,188.3000030517578,1318400
2021-11-03,187.74237060546875,195.0,196.9600067138672,194.0,195.00999450683594,942900
2021-11-04,186.76034545898438,193.97999572753906,196.4199981689453,190.0800018310547,192.85000610351562,1923100
2021-11-05,188.7629852294922,196.05999755859375,200.4600067138672,195.3000030517578,196.60000610351562,1169700
2021-11-08,198.10194396972656,205.75999450683594,207.5,200.22000122070312,206.5,1604900
2021-11-09,198.12118530273438,205.77999877929688,210.16000366210938,202.9199981689453,210.16000366210938,901300
2021-11-10,192.82586669921875,200.27999877929688,205.77999877929688,199.1199951171875,204.64999389648438,864000
2021-11-11,191.84388732910156,199.25999450683594,201.5500030517578,198.25999450683594,199.6300048828125,556600
2021-11-12,194.75144958496094,202.27999877929688,202.55999755859375,199.1199951171875,200.0,497000
2021-11-15,194.78038024902344,201.94000244140625,203.25999450683594,201.33999633789062,203.0,388100
2021-11-16,195.75460815429688,202.9499969482422,204.0,201.9499969482422,202.66000366210938,452300
2021-11-17,194.86720275878906,202.02999877929688,202.6300048828125,201.2899932861328,202.4499969482422,446200
2021-11-18,191.54913330078125,198.58999633789062,202.9600067138672,198.33999633789062,201.75,748500
2021-11-19,189.1956787109375,196.14999389648438,199.35000610351562,195.77000427246094,198.27000427246094,997800
2021-11-22,191.13441467285156,198.16000366210938,201.0800018310547,196.77000427246094,196.77000427246094,804600
2021-11-23,192.8995361328125,199.99000549316406,200.3800048828125,197.25,199.3000030517578,679600
2021-11-24,194.7321319580078,201.88999938964844,202.16000366210938,198.61000061035156,199.47000122070312,531200
2021-11-26,190.44956970214844,197.4499969482422,198.86000061035156,194.2100067138672,197.44000244140625,441900
2021-11-29,192.2822265625,199.35000610351562,200.91000366210938,198.35000610351562,198.69000244140625,629300
2021-11-30,184.8455352783203,191.63999938964844,198.38999938964844,190.97000122070312,197.4499969482422,951700
2021-12-01,182.27987670898438,188.97999572753906,196.11000061035156,188.89999389648438,194.88999938964844,743300
2021-12-02,188.86769104003906,195.80999755859375,196.91000366210938,189.0399932861328,189.66000366210938,691600
2021-12-03,184.58514404296875,191.3699951171875,197.97999572753906,189.2100067138672,195.39999389648438,999900
2021-12-06,190.574951171875,197.5800018310547,200.4499969482422,192.27999877929688,194.10000610351562,831400
2021-12-07,192.67770385742188,199.75999450683594,201.99000549316406,199.5,199.86000061035156,580600
2021-12-08,193.41073608398438,200.52000427246094,201.0500030517578,198.86000061035156,199.74000549316406,948900
2021-12-09,194.18238830566406,201.32000732421875,202.74000549316406,199.8000030517578,200.17999267578125,614800
2021-12-10,198.1756134033203,205.4600067138672,205.91000366210938,202.25999450683594,203.0,782300
2021-12-13,196.64195251464844,203.8699951171875,205.72000122070312,201.5,205.0,673000
2021-12-14,196.90240478515625,204.13999938964844,205.3300018310547,202.13999938964844,203.2100067138672,792700
2021-12-15,198.94720458984375,206.25999450683594,206.3000030517578,202.3000030517578,204.0500030517578,688900
2021-12-16,198.0695037841797,205.35000610351562,207.4499969482422,204.74000549316406,206.6300048828125,617300
2021-12-17,197.48110961914062,204.74000549316406,206.19000244140625,203.22000122070312,205.17999267578125,1358700
2021-12-20,191.73243713378906,198.77999877929688,201.99000549316406,195.83999633789062,201.0,779600
2021-12-21,195.17588806152344,202.35000610351562,203.88999938964844,199.27000427246094,200.0,545500
2021-12-22,198.3974151611328,205.69000244140625,205.80999755859375,202.38999938964844,203.0399932861328,608000
2021-12-23,199.04368591308594,206.36000061035156,207.99000549316406,204.4600067138672,205.57000732421875,365400
2021-12-27,200.1336212158203,207.49000549316406,207.7899932861328,205.8000030517578,207.02999877929688,394500
2021-12-28,201.43572998046875,208.83999633789062,209.13999938964844,206.74000549316406,206.74000549316406,287100
2021-12-29,201.56118774414062,208.97000122070312,210.0,207.75999450683594,207.75999450683594,588400
2021-12-30,199.49703979492188,206.8300018310547,210.25,206.52000427246094,209.13999938964844,388100
2021-12-31,200.220458984375,207.5800018310547,208.35000610351562,204.8800048828125,206.4199981689453,523600
2022-01-03,200.52906799316406,207.89999389648438,209.91000366210938,206.86000061035156,208.39999389648438,614700
2022-01-04,203.06585693359375,210.52999877929688,213.64999389648438,209.2100067138672,210.0,710300
2022-01-05,201.08853149414062,208.47999572753906,213.27000427246094,208.36000061035156,210.6199951171875,637400
2022-01-06,202.50640869140625,209.9499969482422,211.88999938964844,207.57000732421875,209.8000030517578,563400
2022-01-07,200.54840087890625,207.9199981689453,211.6300048828125,206.22999572753906,210.0,692700
2022-01-10,192.986328125,200.0800018310547,207.38999938964844,198.75,207.38999938964844,868100
2022-01-11,193.33360290527344,200.44000244140625,200.60000610351562,195.8699951171875,200.0500030517578,1017600
2022-01-12,195.68707275390625,202.8800048828125,203.75,199.7100067138672,201.74000549316406,912800
2022-01-13,192.0121307373047,199.07000732421875,204.1300048828125,198.85000610351562,202.77999877929688,951400
2022-01-14,185.41468811035156,192.22999572753906,198.6199951171875,190.22999572753906,197.0399932861328,2301700
2022-01-18,183.832763671875,190.58999633789062,190.8000030517578,186.8800048828125,189.52999877929688,1180100
2022-01-19,181.54684448242188,188.22000122070312,192.30999755859375,187.72000122070312,191.42999267578125,986200
2022-01-20,181.54684448242188,188.22000122070312,192.38999938964844,187.8800048828125,189.5800018310547,1199100
2022-01-21,179.42481994628906,186.02000427246094,190.64999389648438,185.52000427246094,187.42999267578125,1105500
2022-01-24,182.0966033935547,188.7899932861328,189.66000366210938,179.72000122070312,183.08999633789062,1431600
2022-01-25,177.00381469726562,183.50999450683594,185.5500030517578,179.9199981689453,184.00999450683594,999400
2022-01-26,177.1484832763672,183.66000366210938,188.1999969482422,181.19000244140625,185.4499969482422,1050900
2022-01-27,176.71446228027344,183.2100067138672,187.8000030517578,181.30999755859375,186.1199951171875,751300
2022-01-28,181.73973083496094,188.4199981689453,188.4499969482422,181.74000549316406,183.61000061035156,716300
2022-01-31,183.562744140625,190.30999755859375,190.3800048828125,186.19000244140625,186.49000549316406,764000
2022-02-01,184.6140899658203,191.39999389648438,193.1699981689453,186.69000244140625,190.8699951171875,637300
2022-02-02,183.24441528320312,189.97999572753906,192.02000427246094,189.52000427246094,190.92999267578125,521600
2022-02-03,178.7882080078125,185.36000061035156,189.66000366210938,184.57000732421875,187.4600067138672,664400
2022-02-04,177.5150146484375,184.0399932861328,185.74000549316406,181.89999389648438,184.74000549316406,913100
2022-02-07,175.9524383544922,182.4199981689453,184.9199981689453,180.85000610351562,184.9199981689453,944900
2022-02-08,179.0293426513672,185.61000061035156,186.08999633789062,182.5,182.58999633789062,693200
2022-02-09,182.13519287109375,188.8300018310547,189.77000427246094,187.2899932861328,187.57000732421875,768800
2022-02-10,182.24127197265625,188.94000244140625,193.30999755859375,182.69000244140625,186.27000427246094,1170400
2022-02-11,180.3700714111328,187.0,190.6199951171875,185.97000122070312,187.6999969482422,1037200
2022-02-14,177.37033081054688,183.88999938964844,190.0500030517578,182.42999267578125,187.0,838700
2022-02-15,182.4052734375,189.11000061035156,190.58999633789062,184.86000061035156,185.0399932861328,865800
2022-02-16,184.9227294921875,191.72000122070312,191.97000122070312,183.72000122070312,188.41000366210938,1201100
2022-02-17,180.95843505859375,187.61000061035156,192.5399932861328,187.41000366210938,191.05999755859375,999700
2022-02-18,178.739990234375,185.30999755859375,188.60000610351562,183.52000427246094,187.7100067138672,844800
2022-02-22,176.5697479248047,183.05999755859375,187.0399932861328,181.8000030517578,184.72999572753906,994800
2022-02-23,169.08486938476562,175.3000030517578,184.9600067138672,174.8300018310547,183.2100067138672,895600
2022-02-24,170.86927795410156,177.14999389648438,177.82000732421875,169.7100067138672,170.77999877929688,1006300
2022-02-25,176.97488403320312,183.47999572753906,183.86000061035156,176.2100067138672,177.30999755859375,1045300
2022-02-28,175.39923095703125,181.4499969482422,182.74000549316406,178.60000610351562,179.83999633789062,1064500
2022-03-01,168.6230010986328,174.44000244140625,181.0,172.89999389648438,180.38999938964844,810800
2022-03-02,172.30593872070312,178.25,179.32000732421875,174.52999877929688,176.75999450683594,946300
2022-03-03,171.40695190429688,177.32000732421875,180.99000549316406,176.2100067138672,180.5399932861328,656000
2022-03-04,171.1942596435547,177.10000610351562,177.2899932861328,172.50999450683594,174.1199951171875,1129400
2022-03-07,164.50506591796875,170.17999267578125,177.58999633789062,169.52999877929688,177.2899932861328,1347700
2022-03-08,165.24935913085938,170.9499969482422,177.17999267578125,169.99000549316406,170.77999877929688,775600
2022-03-09,170.87530517578125,176.77000427246094,178.22000122070312,173.75999450683594,176.0500030517578,620200
2022-03-10,169.5316619873047,175.3800048828125,176.61000061035156,173.47000122070312,173.47000122070312,682800
2022-03-11,169.47366333007812,175.32000732421875,178.22000122070312,174.86000061035156,176.74000549316406,610900
2022-03-14,171.98692321777344,177.9199981689453,180.24000549316406,175.97999572753906,177.8000030517578,691500
2022-03-15,175.94058227539062,182.00999450683594,182.88999938964844,176.57000732421875,179.8699951171875,1167900
2022-03-16,175.2349395751953,181.27999877929688,186.86000061035156,177.10000610351562,183.1699981689453,946900
2022-03-17,176.9652099609375,183.07000732421875,183.82000732421875,178.49000549316406,179.50999450683594,523100
2022-03-18,177.35186767578125,183.47000122070312,184.4199981689453,180.0,182.97000122070312,1012500
2022-03-21,176.24989318847656,182.3300018310547,184.50999450683594,181.2899932861328,182.3800048828125,525900
2022-03-22,175.9792022705078,182.0500030517578,184.5,180.99000549316406,183.3699951171875,499300
2022-03-23,171.42630004882812,177.33999633789062,181.4499969482422,177.17999267578125,181.1699981689453,551800
2022-03-24,174.8095703125,180.83999633789062,180.85000610351562,177.6300048828125,178.57000732421875,723000
2022-03-25,178.55056762695312,184.7100067138672,184.80999755859375,179.11000061035156,181.1300048828125,822500
2022-03-28,181.0444793701172,187.2899932861328,187.36000061035156,182.8800048828125,184.0,973800
2022-03-29,184.9497833251953,191.3300018310547,192.0,188.07000732421875,189.99000549316406,811600
2022-03-30,180.88014221191406,187.1199951171875,191.7100067138672,186.19000244140625,191.3699951171875,795500
2022-03-31,177.5741729736328,183.6999969482422,187.4600067138672,183.69000244140625,185.60000610351562,953200
2022-04-01,178.03817749023438,184.17999267578125,186.47999572753906,183.5800018310547,185.35000610351562,800200
2022-04-04,177.32286071777344,183.44000244140625,184.7100067138672,182.33999633789062,184.36000061035156,619700
2022-04-05,176.26922607421875,182.35000610351562,184.94000244140625,181.9199981689453,181.9199981689453,653400
2022-04-06,173.0309295654297,179.0,181.1300048828125,177.52999877929688,180.64999389648438,995100
2022-04-07,170.19863891601562,176.07000732421875,179.72999572753906,175.64999389648438,178.99000549316406,1085500
2022-04-08,171.0106201171875,176.91000366210938,179.5800018310547,174.33999633789062,177.07000732421875,433800
2022-04-11,170.29531860351562,176.1699981689453,179.7100067138672,175.77999877929688,176.35000610351562,483700
2022-04-12,169.6476287841797,175.5,179.9499969482422,174.80999755859375,177.25999450683594,378300
2022-04-13,170.58531188964844,176.47000122070312,177.25999450683594,175.39999389648438,175.6300048828125,517500
2022-04-14,168.94198608398438,174.77000427246094,177.82000732421875,174.72000122070312,176.39999389648438,536500
2022-04-18,168.18801879882812,173.99000549316406,176.22000122070312,172.44000244140625,174.3000030517578,441400
2022-04-19,171.30062866210938,177.2100067138672,177.7100067138672,173.9199981689453,174.5,633900
2022-04-20,176.53985595703125,182.6300048828125,183.6199951171875,178.67999267578125,179.24000549316406,662300
2022-04-21,175.32192993164062,181.3699951171875,185.2100067138672,179.5800018310547,184.16000366210938,698800
2022-04-22,165.37506103515625,171.0800018310547,180.91000366210938,170.94000244140625,180.8000030517578,1127600
2022-04-25,170.14065551757812,176.00999450683594,176.75999450683594,169.52999877929688,171.1699981689453,1074200
2022-04-26,164.81439208984375,170.5,175.57000732421875,170.5,174.94000244140625,626400
2022-04-27,166.35137939453125,172.08999633789062,174.00999450683594,170.08999633789062,170.91000366210938,537300
2022-04-28,171.9482879638672,177.8800048828125,178.97000122070312,171.02999877929688,172.6699981689453,765700
2022-04-29,166.54466247558594,172.2899932861328,177.94000244140625,171.83999633789062,176.52000427246094,640000
2022-05-02,166.28370666503906,172.02000427246094,174.25,168.47000122070312,172.91000366210938,1090900
2022-05-03,171.0299530029297,176.92999267578125,178.38999938964844,171.5,171.6699981689453,1076000
2022-05-04,179.24652099609375,185.42999267578125,185.57000732421875,175.25,175.39999389648438,1314400
2022-05-05,171.17495727539062,177.0800018310547,183.50999450683594,174.58999633789062,183.00999450683594,747300
2022-05-06,164.21505737304688,169.8800048828125,174.82000732421875,164.6300048828125,174.6999969482422,1157100
2022-05-09,157.5161590576172,162.9499969482422,169.27999877929688,161.85000610351562,167.58999633789062,964500
2022-05-10,156.15313720703125,161.5399932861328,166.2899932861328,158.14999389648438,165.72999572753906,802200
2022-05-11,152.82791137695312,158.10000610351562,165.38999938964844,157.8000030517578,161.82000732421875,822500
2022-05-12,159.60415649414062,165.11000061035156,165.2899932861328,156.52999877929688,157.88999938964844,1426900
2022-05-13,162.41705322265625,168.02000427246094,170.88999938964844,165.67999267578125,166.5800018310547,1020700
2022-05-16,154.79019165039062,160.1300048828125,165.33999633789062,157.1300048828125,164.5,1338400
2022-05-17,159.38177490234375,164.8800048828125,165.13999938964844,161.52000427246094,163.74000549316406,917700
2022-05-18,155.17684936523438,160.52999877929688,163.8300018310547,159.89999389648438,163.0500030517578,594800
2022-05-19,154.9641876220703,160.30999755859375,163.41000366210938,159.30999755859375,159.30999755859375,546500
2022-05-20,154.6935272216797,160.02999877929688,163.1999969482422,156.8800048828125,162.52000427246094,826700
2022-05-23,158.4441375732422,163.91000366210938,163.97000122070312,160.02999877929688,162.02999877929688,727400
2022-05-24,155.8632049560547,161.24000549316406,163.66000366210938,157.3300018310547,163.3300018310547,745200
2022-05-25,155.29283142089844,160.64999389648438,161.6300048828125,158.8300018310547,160.47999572753906,545300
2022-05-26,159.1981964111328,164.27999877929688,165.4499969482422,161.7100067138672,162.27999877929688,334900
2022-05-27,164.460205078125,169.7100067138672,169.74000549316406,165.77000427246094,165.77000427246094,461800
2022-05-31,159.76991271972656,164.8699951171875,167.3300018310547,163.50999450683594,167.3300018310547,968200
2022-06-01,159.4501495361328,164.5399932861328,166.25,161.2899932861328,165.89999389648438,648100
2022-06-02,163.26824951171875,168.47999572753906,168.67999267578125,163.97000122070312,165.9600067138672,550300
2022-06-03,160.8068389892578,165.94000244140625,167.8699951171875,164.77999877929688,167.30999755859375,614900
2022-06-06,161.5723876953125,166.72999572753906,167.8000030517578,165.89999389648438,167.1699981689453,485400
2022-06-07,164.0338134765625,169.27000427246094,169.7899932861328,164.4199981689453,164.99000549316406,443600
2022-06-08,157.96749877929688,163.00999450683594,168.02000427246094,162.72999572753906,167.3699951171875,408500
2022-06-09,156.09715270996094,161.0800018310547,164.5,161.0399932861328,162.07000732421875,522300
2022-06-10,151.51351928710938,156.35000610351562,158.1999969482422,154.8800048828125,157.0,663600
2022-06-13,148.23802185058594,152.97000122070312,155.11000061035156,151.41000366210938,151.99000549316406,1012500
2022-06-14,146.3677520751953,151.0399932861328,153.19000244140625,150.33999633789062,152.91000366210938,1004600
2022-06-15,146.7650909423828,151.4499969482422,154.1699981689453,148.99000549316406,152.82000732421875,758100
2022-06-16,140.4467315673828,144.92999267578125,148.83999633789062,144.08999633789062,147.97999572753906,792500
2022-06-17,140.17538452148438,144.64999389648438,148.1699981689453,143.24000549316406,145.5,1162400
2022-06-21,140.19479370117188,144.6699981689453,146.50999450683594,143.32000732421875,145.75,898900
2022-06-22,139.3807830810547,143.8300018310547,144.88999938964844,141.32000732421875,142.44000244140625,753100
2022-06-23,137.0743865966797,141.4499969482422,144.52999877929688,141.17999267578125,143.4600067138672,904200
2022-06-24,141.3092498779297,145.82000732421875,146.2899932861328,142.17999267578125,142.72000122070312,2470300
2022-06-27,141.44491577148438,145.9600067138672,146.6699981689453,143.3699951171875,146.6699981689453,722500
2022-06-28,138.9350128173828,143.3699951171875,147.9600067138672,143.22999572753906,146.55999755859375,502100
2022-06-29,138.84779357910156,143.27999877929688,143.94000244140625,139.5,143.94000244140625,841800
2022-06-30,137.70428466796875,142.10000610351562,143.60000610351562,139.08999633789062,141.72000122070312,861400
2022-07-01,138.06283569335938,142.47000122070312,144.1699981689453,140.27000427246094,141.72000122070312,952500
2022-07-05,140.15602111816406,144.6300048828125,144.6999969482422,137.5399932861328,139.00999450683594,954000
2022-07-06,141.14450073242188,145.64999389648438,146.1699981689453,143.08999633789062,144.4499969482422,1086100
2022-07-07,142.7240447998047,147.27999877929688,148.33999633789062,146.19000244140625,147.07000732421875,697200
2022-07-08,141.8809356689453,146.41000366210938,147.77999877929688,145.0800018310547,147.77999877929688,568500
2022-07-11,143.499267578125,148.0800018310547,148.27999877929688,144.42999267578125,144.8000030517578,578500
2022-07-12,143.89663696289062,148.49000549316406,150.5,147.5500030517578,147.5500030517578,677600
2022-07-13,141.76466369628906,146.2899932861328,147.6999969482422,143.99000549316406,145.3800048828125,528700
2022-07-14,142.71438598632812,147.27000427246094,147.85000610351562,142.52999877929688,144.25,581600
2022-07-15,144.1195068359375,148.72000122070312,149.6199951171875,147.2899932861328,149.6199951171875,429800
2022-07-18,143.8094024658203,148.39999389648438,150.52000427246094,147.80999755859375,149.47999572753906,406000
2022-07-19,147.85044860839844,152.57000732421875,152.85000610351562,149.57000732421875,150.61000061035156,414200
2022-07-20,149.79824829101562,154.5800018310547,154.77999877929688,151.52000427246094,151.52000427246094,632500
2022-07-21,151.62005615234375,156.4600067138672,156.64999389648438,153.14999389648438,153.86000061035156,592300
2022-07-22,150.8351593017578,155.64999389648438,157.82000732421875,154.1300048828125,157.16000366210938,480400
2022-07-25,151.5619354248047,156.39999389648438,156.8000030517578,154.86000061035156,156.32000732421875,591000
2022-07-26,151.3778076171875,156.2100067138672,157.0,154.69000244140625,155.50999450683594,399300
2022-07-27,155.6320343017578,160.60000610351562,161.0399932861328,155.75999450683594,157.1999969482422,730300
2022-07-28,157.8705596923828,162.91000366210938,163.39999389648438,159.1300048828125,161.3699951171875,578400
2022-07-29,160.2156982421875,165.3300018310547,165.97999572753906,163.32000732421875,163.6699981689453,693900
2022-08-01,159.76023864746094,164.86000061035156,166.3699951171875,163.33999633789062,164.00999450683594,676500
2022-08-02,158.9074249267578,163.97999572753906,166.0500030517578,162.75,163.63999938964844,524400
2022-08-03,161.1072235107422,166.25,166.94000244140625,164.27999877929688,165.27000427246094,843100
2022-08-04,165.14825439453125,170.4199981689453,174.2100067138672,163.52000427246094,164.41000366210938,1427500
2022-08-05,166.69876098632812,172.02000427246094,172.8699951171875,167.22000122070312,168.4199981689453,1120000
2022-08-08,166.84410095214844,172.1699981689453,174.7899932861328,170.05999755859375,173.11000061035156,803500
2022-08-09,165.22576904296875,170.5,172.3300018310547,169.69000244140625,171.74000549316406,705300
2022-08-10,169.12139892578125,174.52000427246094,175.85000610351562,173.5800018310547,174.1999969482422,538800
2022-08-11,170.17770385742188,175.61000061035156,177.69000244140625,175.42999267578125,176.42999267578125,619500
2022-08-12,172.7166748046875,178.22999572753906,178.2899932861328,175.66000366210938,176.52000427246094,572600
2022-08-15,172.4065704345703,177.91000366210938,179.39999389648438,176.2100067138672,177.16000366210938,497400
2022-08-16,173.26124572753906,178.38999938964844,179.75,176.4499969482422,176.4499969482422,504300
2022-08-17,173.08644104003906,178.2100067138672,178.7899932861328,175.83999633789062,176.25999450683594,672100
2022-08-18,172.678466796875,177.7899932861328,179.0500030517578,176.4499969482422,178.10000610351562,413100
2022-08-19,170.60977172851562,175.66000366210938,177.83999633789062,175.0800018310547,177.83999633789062,534800
2022-08-22,167.22003173828125,172.1699981689453,174.33999633789062,172.02000427246094,172.66000366210938,682400
2022-08-23,166.22938537597656,171.14999389648438,173.5,170.75,172.0,453500
2022-08-24,166.21969604492188,171.13999938964844,172.39999389648438,169.9199981689453,171.10000610351562,722200
2022-08-25,169.85218811035156,174.8800048828125,174.97000122070312,171.97999572753906,172.38999938964844,469700
2022-08-26,164.24807739257812,169.11000061035156,174.82000732421875,168.50999450683594,174.82000732421875,579000
2022-08-29,164.37432861328125,169.24000549316406,171.5800018310547,167.38999938964844,167.38999938964844,498700
2022-08-30,161.97535705566406,166.77000427246094,170.47999572753906,164.6999969482422,169.8699951171875,578800
2022-08-31,161.7034149169922,166.49000549316406,167.91000366210938,164.89999389648438,167.91000366210938,736500
2022-09-01,161.4411163330078,166.22000122070312,167.14999389648438,163.77000427246094,167.14999389648438,781600
2022-09-02,160.20762634277344,164.9499969482422,169.72999572753906,163.9499969482422,168.49000549316406,537100
2022-09-06,159.6831817626953,164.41000366210938,166.39999389648438,163.3000030517578,165.69000244140625,570600
2022-09-07,165.14161682128906,170.02999877929688,170.13999938964844,163.77000427246094,163.77000427246094,478200
2022-09-08,165.9185791015625,170.8300018310547,171.6699981689453,166.8300018310547,168.4499969482422,718600
2022-09-09,166.8704071044922,171.80999755859375,172.72000122070312,171.0500030517578,172.0,723800
2022-09-12,166.3750762939453,171.3000030517578,173.74000549316406,170.2899932861328,173.22000122070312,776200
2022-09-13,158.9547576904297,163.66000366210938,168.08999633789062,163.10000610351562,167.50999450683594,688100
2022-09-14,155.6136474609375,160.22000122070312,163.6699981689453,158.3000030517578,163.4499969482422,1064800
2022-09-15,157.55616760253906,162.22000122070312,164.0800018310547,159.83999633789062,160.22000122070312,752600
2022-09-16,154.81719970703125,159.39999389648438,161.47999572753906,157.38999938964844,161.47999572753906,1050200
2022-09-19,158.2845916748047,162.97000122070312,163.27999877929688,158.4600067138672,158.52000427246094,763100
2022-09-20,157.52699279785156,162.19000244140625,162.8300018310547,159.3000030517578,160.89999389648438,814800
2022-09-21,155.8564453125,160.47000122070312,167.05999755859375,160.3699951171875,164.0500030517578,802400
2022-09-22,154.38986206054688,158.9600067138672,161.66000366210938,158.61000061035156,160.1699981689453,647000
2022-09-23,151.1555938720703,155.6300048828125,156.8800048828125,153.22999572753906,156.02000427246094,763600
2022-09-26,149.52389526367188,153.9499969482422,157.3300018310547,152.5500030517578,155.91000366210938,779400
2022-09-27,147.96022033691406,152.33999633789062,156.3699951171875,150.5399932861328,155.82000732421875,860600
2022-09-28,151.66065979003906,156.14999389648438,156.80999755859375,152.42999267578125,153.39999389648438,662200
2022-09-29,153.24378967285156,157.77999877929688,158.1199951171875,151.72999572753906,154.13999938964844,1629300
2022-09-30,153.17579650878906,157.7100067138672,161.7899932861328,156.75,158.22000122070312,950800
2022-10-03,155.78846740722656,160.39999389648438,162.10000610351562,158.0399932861328,158.8699951171875,912500
2022-10-04,159.24612426757812,163.9600067138672,165.52000427246094,163.3000030517578,163.49000549316406,653700
2022-10-05,159.39181518554688,164.11000061035156,165.8800048828125,161.24000549316406,161.75999450683594,654900
2022-10-06,157.53671264648438,162.1999969482422,164.94000244140625,162.00999450683594,163.41000366210938,538300
2022-10-07,152.96212768554688,157.49000549316406,160.60000610351562,156.5,160.27000427246094,509000
2022-10-10,153.63230895996094,158.17999267578125,159.3000030517578,156.25999450683594,158.89999389648438,374700
2022-10-11,151.77720642089844,156.27000427246094,159.22000122070312,156.11000061035156,158.1699981689453,536400
2022-10-12,149.6404266357422,154.07000732421875,156.02999877929688,152.82000732421875,156.02999877929688,664900
2022-10-13,150.80592346191406,155.27000427246094,156.47000122070312,147.63999938964844,150.3699951171875,832400
2022-10-14,144.17233276367188,148.44000244140625,157.47999572753906,148.00999450683594,156.99000549316406,603300
2022-10-17,149.60159301757812,154.02999877929688,154.4499969482422,150.10000610351562,150.64999389648438,529100
2022-10-18,154.2150421142578,158.77999877929688,159.2899932861328,156.80999755859375,157.3800048828125,598500
2022-10-19,150.32032775878906,154.77000427246094,158.0,153.13999938964844,157.52999877929688,594000
2022-10-20,144.8716278076172,149.16000366210938,156.25,149.05999755859375,154.47000122070312,928000
2022-10-21,150.96136474609375,155.42999267578125,155.8800048828125,148.50999450683594,149.24000549316406,832000
2022-10-24,151.437255859375,155.9199981689453,157.2899932861328,154.6300048828125,156.7100067138672,885700
2022-10-25,157.61441040039062,162.27999877929688,163.00999450683594,155.07000732421875,155.07000732421875,735600
2022-10-26,156.7694091796875,161.41000366210938,163.19000244140625,160.1300048828125,162.7899932861328,646300
2022-10-27,157.40074157714844,162.05999755859375,164.08999633789062,161.52999877929688,161.6699981689453,556200
2022-10-28,160.92637634277344,165.69000244140625,166.52000427246094,161.50999450683594,162.60000610351562,729400
2022-10-31,158.9935760498047,163.6999969482422,165.49000549316406,162.2100067138672,164.8699951171875,845000
2022-11-01,160.05224609375,164.7899932861328,166.22999572753906,162.02999877929688,165.25999450683594,1469200
2022-11-02,158.226318359375,162.91000366210938,169.92999267578125,162.8800048828125,166.94000244140625,1377600
2022-11-03,164.18003845214844,169.0399932861328,171.5399932861328,160.66000366210938,160.94000244140625,1485100
2022-11-04,165.25816345214844,170.14999389648438,172.99000549316406,167.86000061035156,171.72999572753906,944200
2022-11-07,167.21038818359375,172.16000366210938,173.00999450683594,168.8699951171875,171.41000366210938,838700
2022-11-08,167.5405731201172,172.5,174.08999633789062,170.9199981689453,173.22000122070312,552200
2022-11-09,164.0829315185547,168.94000244140625,171.97999572753906,168.5500030517578,171.75,544200
2022-11-10,174.89297485351562,180.07000732421875,181.8800048828125,176.1199951171875,176.1199951171875,1095800
2022-11-11,173.81488037109375,178.9600067138672,183.57000732421875,178.02000427246094,181.47999572753906,920700
2022-11-14,170.5052032470703,175.16000366210938,179.75999450683594,174.9600067138672,177.86000061035156,590000
2022-11-15,171.2255401611328,175.89999389648438,179.72999572753906,173.77999877929688,177.99000549316406,743100
2022-11-16,172.09190368652344,176.7899932861328,177.5500030517578,174.39999389648438,175.5,1256900
2022-11-17,171.06979370117188,175.74000549316406,175.92999267578125,173.47999572753906,174.89999389648438,569700
2022-11-18,174.1361083984375,178.88999938964844,179.7100067138672,176.8000030517578,177.8699951171875,652900
2022-11-21,173.8148651123047,178.55999755859375,180.27000427246094,177.3000030517578,178.49000549316406,366600
2022-11-22,177.43600463867188,182.27999877929688,182.47999572753906,178.80999755859375,179.49000549316406,567000
2022-11-23,177.43600463867188,182.27999877929688,184.85000610351562,181.61000061035156,182.47999572753906,333600
2022-11-25,178.4678192138672,183.33999633789062,183.33999633789062,181.42999267578125,182.02999877929688,170400
2022-11-28,174.9050750732422,179.67999267578125,183.3300018310547,178.99000549316406,182.25,658200
2022-11-29,173.70777893066406,178.4499969482422,180.3699951171875,177.8300018310547,179.1199951171875,501800
2022-11-30,178.45806884765625,183.3300018310547,183.77000427246094,177.4499969482422,177.89999389648438,860800
2022-12-01,178.94480895996094,183.8300018310547,184.8300018310547,182.0,184.25,638400
2022-12-02,179.5872802734375,184.49000549316406,185.4600067138672,180.8800048828125,181.75999450683594,528700
2022-12-05,174.2431640625,179.0,182.30999755859375,178.24000549316406,182.30999755859375,591700
2022-12-06,173.2210693359375,177.9499969482422,180.0,176.44000244140625,179.66000366210938,484300
2022-12-07,174.3404998779297,179.10000610351562,181.19000244140625,178.00999450683594,178.17999267578125,603500
2022-12-08,177.95193481445312,182.80999755859375,183.66000366210938,181.11000061035156,183.47000122070312,559500
2022-12-09,177.6014862060547,182.4499969482422,184.99000549316406,181.9600067138672,182.5800018310547,911800
2022-12-12,179.24659729003906,184.13999938964844,184.16000366210938,180.83999633789062,182.77999877929688,679300
2022-12-13,180.98902893066406,185.92999267578125,190.14999389648438,184.0,188.61000061035156,922200
2022-12-14,179.69435119628906,184.60000610351562,185.99000549316406,182.41000366210938,185.02000427246094,837200
2022-12-15,174.51571655273438,179.27999877929688,182.11000061035156,178.60000610351562,181.67999267578125,611000
2022-12-16,172.4617919921875,177.1699981689453,178.4199981689453,175.11000061035156,176.97000122070312,963300
2022-12-19,170.75833129882812,175.4199981689453,178.72000122070312,174.25,177.4600067138672,655000
2022-12-20,171.88746643066406,176.5800018310547,177.6199951171875,174.9600067138672,175.5,683000
2022-12-21,171.28395080566406,175.9600067138672,178.7100067138672,175.22000122070312,178.05999755859375,637200
2022-12-22,169.40524291992188,174.02999877929688,174.9499969482422,171.27999877929688,174.19000244140625,660100
2022-12-23,170.54417419433594,175.1999969482422,175.22999572753906,172.5,173.77999877929688,413100
2022-12-27,171.01138305664062,175.67999267578125,176.7100067138672,174.52999877929688,175.8000030517578,330400
2022-12-28,169.463623046875,174.08999633789062,176.77999877929688,174.0399932861328,176.1699981689453,270800
2022-12-29,171.35211181640625,176.02999877929688,177.02999877929688,174.10000610351562,175.5500030517578,326300
2022-12-30,170.45652770996094,175.11000061035156,175.66000366210938,172.69000244140625,174.83999633789062,449100
2023-01-03,171.42025756835938,176.10000610351562,178.08999633789062,174.75999450683594,177.39999389648438,591900
2023-01-04,174.79803466796875,179.57000732421875,179.85000610351562,176.83999633789062,178.17999267578125,606400
2023-01-05,170.79725646972656,175.4600067138672,178.92999267578125,175.07000732421875,177.77999877929688,432400
2023-01-06,176.54043579101562,181.36000061035156,181.52999877929688,175.94000244140625,177.61000061035156,700300
2023-01-09,173.28921508789062,178.02000427246094,182.3000030517578,177.67999267578125,181.9199981689453,806100
2023-01-10,172.05299377441406,176.75,177.55999755859375,174.82000732421875,177.0800018310547,671900
2023-01-11,177.56256103515625,182.41000366210938,182.47000122070312,177.38999938964844,177.9600067138672,679700
2023-01-12,176.00506591796875,180.80999755859375,183.47000122070312,179.1300048828125,182.8000030517578,633700
2023-01-13,178.32183837890625,183.19000244140625,184.0800018310547,180.0,181.55999755859375,479500
2023-01-17,177.70852661132812,182.55999755859375,183.00999450683594,181.0500030517578,182.30999755859375,442300
2023-01-18,175.56704711914062,180.36000061035156,184.1999969482422,180.10000610351562,182.61000061035156,458200
2023-01-19,171.97508239746094,176.6699981689453,180.5800018310547,176.42999267578125,179.74000549316406,498900
2023-01-20,174.1361083984375,178.88999938964844,179.25999450683594,175.82000732421875,177.27999877929688,819600
2023-01-23,174.68121337890625,179.4499969482422,180.24000549316406,176.97000122070312,178.75,719900
2023-01-24,173.561767578125,178.3000030517578,179.02000427246094,176.17999267578125,177.44000244140625,571000
2023-01-25,173.9219207763672,178.6699981689453,179.1999969482422,175.02000427246094,176.91000366210938,625500
2023-01-26,174.7493438720703,179.52000427246094,179.61000061035156,175.1699981689453,179.61000061035156,743100
2023-01-27,173.75643920898438,178.5,180.10000610351562,177.74000549316406,178.7899932861328,869000
2023-01-30,173.6396484375,178.3800048828125,180.0399932861328,177.3300018310547,177.61000061035156,710900
2023-01-31,178.45806884765625,183.3300018310547,183.3300018310547,179.05999755859375,179.5800018310547,687600
2023-02-01,179.00323486328125,183.88999938964844,185.3800048828125,180.14999389648438,182.91000366210938,560900
2023-02-02,182.53677368164062,187.52000427246094,189.07000732421875,184.38999938964844,185.75999450683594,1056800
2023-02-03,178.64306640625,183.52000427246094,186.60000610351562,182.89999389648438,185.22000122070312,526800
2023-02-06,176.7643585205078,181.58999633789062,183.36000061035156,180.6999969482422,181.89999389648438,682800
2023-02-07,179.2660675048828,184.16000366210938,185.1999969482422,180.41000366210938,180.52000427246094,785600
2023-02-08,180.229736328125,185.14999389648438,185.44000244140625,182.5800018310547,182.5800018310547,712700
2023-02-09,180.17132568359375,185.08999633789062,188.33999633789062,184.30999755859375,186.74000549316406,829200
2023-02-10,179.23684692382812,184.1300048828125,185.6300048828125,182.72000122070312,183.89999389648438,793900
2023-02-13,181.1155548095703,186.05999755859375,186.1699981689453,184.00999450683594,185.2100067138672,609200
2023-02-14,180.64833068847656,185.5800018310547,187.6999969482422,183.91000366210938,185.35000610351562,890300
2023-02-15,190.25604248046875,195.4499969482422,197.75999450683594,186.3800048828125,187.5,2026100
2023-02-16,180.44387817382812,185.3699951171875,190.47000122070312,181.66000366210938,181.9499969482422,2402700
2023-02-17,180.71644592285156,185.64999389648438,188.2899932861328,183.5,183.6199951171875,1122400
2023-02-21,175.7227783203125,180.52000427246094,184.75999450683594,180.2899932861328,184.13999938964844,910400
2023-02-22,176.0829315185547,180.88999938964844,182.6300048828125,180.1199951171875,182.6300048828125,608300
2023-02-23,177.7183074951172,182.57000732421875,182.58999633789062,180.1199951171875,181.1300048828125,567200
2023-02-24,178.7598876953125,183.63999938964844,183.85000610351562,179.6300048828125,180.8300018310547,630300
2023-02-27,176.7643585205078,181.58999633789062,186.0,180.77000427246094,185.44000244140625,768500
2023-02-28,176.10243225097656,180.91000366210938,183.11000061035156,180.7899932861328,181.5,612800
2023-03-01,175.1873779296875,179.97000122070312,182.83999633789062,179.52999877929688,179.6999969482422,708400
2023-03-02,176.82273864746094,181.64999389648438,182.72999572753906,176.77000427246094,179.0,910600
2023-03-03,178.04241943359375,182.47000122070312,182.9600067138672,180.0,182.00999450683594,730900
2023-03-06,175.42742919921875,179.7899932861328,182.55999755859375,178.77000427246094,182.08999633789062,692300
2023-03-07,172.9295654296875,177.22999572753906,180.97999572753906,176.7100067138672,179.77999877929688,597000
2023-03-08,174.5785675048828,178.9199981689453,181.33999633789062,176.66000366210938,177.22000122070312,607600
2023-03-09,169.84622192382812,174.07000732421875,180.4600067138672,173.38999938964844,179.36000061035156,726300
2023-03-10,165.18222045898438,169.2899932861328,174.89999389648438,168.49000549316406,174.47000122070312,1003600
2023-03-13,161.95254516601562,165.97999572753906,169.0,165.00999450683594,166.25,910700
2023-03-14,163.4453887939453,167.50999450683594,171.0399932861328,165.74000549316406,169.6300048828125,953000
2023-03-15,158.85946655273438,162.80999755859375,164.92999267578125,159.75999450683594,163.80999755859375,1081500
2023-03-16,162.17697143554688,166.2100067138672,166.33999633789062,160.41000366210938,161.77999877929688,1026800
2023-03-17,157.1129150390625,161.02000427246094,165.4600067138672,160.80999755859375,165.39999389648438,1296700
2023-03-20,159.3083038330078,163.27000427246094,163.52999877929688,161.4499969482422,162.22000122070312,1126400
2023-03-21,162.108642578125,166.13999938964844,166.7100067138672,164.88999938964844,165.8000030517578,1067800
2023-03-22,159.73760986328125,163.7100067138672,168.05999755859375,163.6199951171875,165.4600067138672,726200
2023-03-23,160.50848388671875,164.5,167.00999450683594,163.3000030517578,163.3000030517578,740000
2023-03-24,162.16720581054688,166.1999969482422,166.25999450683594,161.69000244140625,162.91000366210938,717100
2023-03-27,161.7769012451172,165.8000030517578,168.00999450683594,165.6300048828125,167.9600067138672,739800
2023-03-28,163.96253967285156,168.0399932861328,168.25,164.75999450683594,165.61000061035156,597800
2023-03-29,165.865234375,169.99000549316406,170.0,168.6199951171875,169.52999877929688,456700
2023-03-30,166.01158142089844,170.13999938964844,171.9499969482422,169.44000244140625,171.55999755859375,394800
2023-03-31,167.39712524414062,171.55999755859375,172.3699951171875,170.13999938964844,171.27000427246094,1537700
2023-04-03,168.73388671875,172.92999267578125,174.6699981689453,171.3800048828125,174.4499969482422,849200
2023-04-04,164.76263427734375,168.86000061035156,173.3000030517578,168.32000732421875,172.8800048828125,929600
2023-04-05,160.07911682128906,164.05999755859375,167.9499969482422,163.27000427246094,166.85000610351562,1304100
2023-04-06,160.9280242919922,164.92999267578125,165.35000610351562,162.0,163.33999633789062,877200
2023-04-10,161.9818115234375,166.00999450683594,166.6999969482422,163.9600067138672,164.0399932861328,523100
2023-04-11,162.52822875976562,166.57000732421875,167.85000610351562,166.25,166.3300018310547,786900
2023-04-12,163.2600555419922,167.32000732421875,169.02999877929688,166.63999938964844,167.83999633789062,700500
2023-04-13,165.34812927246094,169.4600067138672,169.9499969482422,166.5,167.22999572753906,605900
2023-04-14,164.97732543945312,169.0800018310547,171.13999938964844,168.25999450683594,168.75,615500
2023-04-17,167.7093963623047,171.8800048828125,172.02999877929688,168.27999877929688,169.0,575800
2023-04-18,168.177734375,172.36000061035156,173.4499969482422,170.50999450683594,172.0,670300
2023-04-19,169.32907104492188,173.5399932861328,174.2899932861328,171.27999877929688,172.30999755859375,456100
2023-04-20,168.2558135986328,172.44000244140625,173.58999633789062,171.27999877929688,172.5,562600
2023-04-21,166.98736572265625,171.13999938964844,172.85000610351562,169.74000549316406,172.64999389648438,826100
2023-04-24,167.25079345703125,171.41000366210938,172.75999450683594,170.5500030517578,171.97999572753906,524100
2023-04-25,165.552978515625,169.6699981689453,171.07000732421875,169.3800048828125,170.4600067138672,466800
2023-04-26,162.60626220703125,166.64999389648438,169.22999572753906,166.44000244140625,168.2100067138672,651100
2023-04-27,168.78268432617188,172.97999572753906,173.0399932861328,166.5500030517578,166.66000366210938,707600
2023-04-28,170.87075805664062,175.1199951171875,175.27999877929688,172.27000427246094,172.27000427246094,576500
2023-05-01,173.2027587890625,177.50999450683594,177.7899932861328,174.1699981689453,174.1699981689453,815900
2023-05-02,174.92007446289062,179.27000427246094,179.5500030517578,174.77999877929688,176.75,1105400
2023-05-03,174.2858123779297,178.6199951171875,182.63999938964844,178.5399932861328,180.0,1213800
2023-05-04,185.61410522460938,190.22999572753906,199.10000610351562,187.1999969482422,194.89999389648438,2325700
2023-05-05,188.87307739257812,193.57000732421875,195.0500030517578,191.00999450683594,192.97999572753906,1068100
2023-05-08,188.15106201171875,192.8300018310547,194.7100067138672,192.63999938964844,193.6999969482422,515800
2023-05-09,188.4242401123047,193.11000061035156,194.1300048828125,191.60000610351562,192.55999755859375,560400
2023-05-10,191.33193969726562,196.08999633789062,196.33999633789062,192.36000061035156,194.99000549316406,738500
2023-05-11,190.10252380371094,194.8300018310547,196.4600067138672,194.05999755859375,195.13999938964844,481300
2023-05-12,190.63912963867188,195.3800048828125,196.32000732421875,193.32000732421875,194.80999755859375,469400
2023-05-15,191.41001892089844,196.1699981689453,196.1999969482422,194.50999450683594,195.4199981689453,571500
2023-05-16,190.27813720703125,195.00999450683594,196.2100067138672,194.22999572753906,195.60000610351562,580600
2023-05-17,191.7417449951172,196.50999450683594,197.42999267578125,194.77999877929688,196.1699981689453,572700
2023-05-18,191.6441650390625,196.41000366210938,197.1199951171875,194.50999450683594,196.36000061035156,745300
2023-05-19,192.4345245361328,197.22000122070312,197.72000122070312,194.4499969482422,197.2899932861328,663100
2023-05-22,192.4735565185547,197.25999450683594,198.0,195.60000610351562,197.44000244140625,714000
2023-05-23,190.46351623535156,195.1999969482422,197.24000549316406,193.57000732421875,195.41000366210938,1089400
2023-05-24,189.3902130126953,194.10000610351562,194.19000244140625,192.17999267578125,194.19000244140625,845900
2023-05-25,190.78860473632812,195.10000610351562,195.86000061035156,193.52000427246094,194.25,648200
2023-05-26,191.66873168945312,196.0,196.39999389648438,193.57000732421875,195.5,731800
2023-05-30,191.71763610839844,196.0500030517578,196.64999389648438,193.6199951171875,195.49000549316406,724900
2023-05-31,191.17977905273438,195.5,196.3300018310547,193.61000061035156,195.4499969482422,1104900
2023-06-01,194.40687561035156,198.8000030517578,198.8000030517578,194.47999572753906,195.35000610351562,916000
2023-06-02,198.25,202.72999572753906,202.80999755859375,199.02999877929688,199.99000549316406,1029200
2023-06-05,197.77084350585938,202.24000549316406,204.3000030517578,201.02000427246094,202.17999267578125,755300
2023-06-06,198.63133239746094,203.1199951171875,206.6699981689453,202.27999877929688,202.55999755859375,736400
2023-06-07,200.46006774902344,204.99000549316406,206.42999267578125,201.25999450683594,201.58999633789062,918500
2023-06-08,201.623779296875,206.17999267578125,206.77000427246094,204.08999633789062,204.41000366210938,763100
2023-06-09,202.07359313964844,206.63999938964844,207.3800048828125,204.6999969482422,205.5800018310547,632800
2023-06-12,201.3401641845703,205.88999938964844,207.1300048828125,205.64999389648438,206.50999450683594,765000
2023-06-13,203.11019897460938,207.6999969482422,209.22000122070312,206.13999938964844,206.3800048828125,691900
2023-06-14,202.8070068359375,207.38999938964844,208.52999877929688,206.14999389648438,208.1300048828125,726200
2023-06-15,204.32276916503906,208.94000244140625,209.41000366210938,206.2899932861328,206.94000244140625,568100
2023-06-16,202.72879028320312,207.30999755859375,210.08999633789062,207.1300048828125,209.42999267578125,1259300
2023-06-20,204.0685272216797,208.67999267578125,208.99000549316406,206.02999877929688,206.36000061035156,528100
2023-06-21,205.91677856445312,210.57000732421875,212.22000122070312,208.1199951171875,208.61000061035156,1034200
2023-06-22,208.7331085205078,213.4499969482422,213.94000244140625,209.77999877929688,210.74000549316406,850700
2023-06-23,209.69143676757812,214.42999267578125,214.94000244140625,211.91000366210938,212.14999389648438,1687900
2023-06-26,210.02392578125,214.77000427246094,215.88999938964844,213.86000061035156,213.94000244140625,923200
2023-06-27,215.54905700683594,220.4199981689453,220.89999389648438,215.05999755859375,215.3699951171875,698300
2023-06-28,215.97938537597656,220.86000061035156,221.6300048828125,219.47000122070312,220.5,827800
2023-06-29,219.87142944335938,224.83999633789062,224.88999938964844,220.30999755859375,220.30999755859375,882500
2023-06-30,220.45816040039062,225.44000244140625,225.92999267578125,223.61000061035156,225.2899932861328,811700
2023-07-03,218.40455627441406,223.33999633789062,224.52999877929688,222.25,224.52999877929688,457100
2023-07-05,215.7544403076172,220.6300048828125,222.69000244140625,218.41000366210938,220.5399932861328,1253700
2023-07-06,213.17279052734375,217.99000549316406,219.1999969482422,215.77000427246094,216.4499969482422,822400
2023-07-07,212.57626342773438,217.3800048828125,219.02000427246094,215.6999969482422,217.85000610351562,792000
2023-07-10,214.54183959960938,219.38999938964844,219.9499969482422,216.24000549316406,217.39999389648438,609800
2023-07-11,218.66859436035156,223.61000061035156,224.32000732421875,219.17999267578125,220.42999267578125,1199900
2023-07-12,215.4121856689453,220.27999877929688,225.25999450683594,219.9499969482422,225.02999877929688,1000900
2023-07-13,218.4241180419922,223.36000061035156,223.66000366210938,219.3800048828125,221.5399932861328,665000
2023-07-14,219.7834014892578,224.75,225.0399932861328,221.60000610351562,224.19000244140625,668200
2023-07-17,218.76638793945312,223.7100067138672,226.19000244140625,223.64999389648438,224.83999633789062,860500
2023-07-18,218.95216369628906,223.89999389648438,224.17999267578125,221.8300018310547,222.67999267578125,726000
2023-07-19,216.44874572753906,221.33999633789062,223.32000732421875,220.47000122070312,222.91000366210938,789400
2023-07-20,216.7323455810547,221.6300048828125,222.75,220.24000549316406,222.75,902800
2023-07-21,217.38754272460938,222.3000030517578,224.02999877929688,220.22000122070312,221.17999267578125,784300
2023-07-24,217.68093872070312,222.60000610351562,223.32000732421875,220.77000427246094,222.25,587800
2023-07-25,217.3386688232422,222.25,223.8300018310547,221.5500030517578,222.25,755200
2023-07-26,218.52191162109375,223.4600067138672,224.32000732421875,221.30999755859375,221.8699951171875,717900
2023-07-27,213.46612548828125,218.2899932861328,225.47000122070312,216.5399932861328,224.88999938964844,1461800
2023-07-28,215.3241729736328,220.19000244140625,221.47999572753906,218.92999267578125,220.61000061035156,753000
2023-07-31,215.62730407714844,220.5,221.47999572753906,219.52000427246094,220.8000030517578,688900
2023-08-01,219.02061462402344,223.97000122070312,224.75999450683594,220.10000610351562,220.5399932861328,1127700
2023-08-02,218.1503143310547,223.0800018310547,227.44000244140625,222.3000030517578,223.19000244140625,1389200
2023-08-03,221.1915740966797,226.19000244140625,226.55999755859375,212.6999969482422,219.57000732421875,1385100
2023-08-04,221.00576782226562,226.0,229.24000549316406,224.14999389648438,227.63999938964844,888200
2023-08-07,223.66567993164062,228.72000122070312,229.75,225.80999755859375,227.83999633789062,773200
2023-08-08,221.82720947265625,226.83999633789062,228.4199981689453,224.75,226.7899932861328,724000
2023-08-09,218.4436798095703,223.3800048828125,226.9199981689453,222.7100067138672,226.9199981689453,591400
2023-08-10,219.3531036376953,224.30999755859375,225.25,222.5399932861328,223.14999389648438,542100
2023-08-11,218.97174072265625,223.9199981689453,226.3800048828125,223.6199951171875,223.82000732421875,570700
2023-08-14,220.15499877929688,225.1300048828125,225.24000549316406,222.38999938964844,223.47000122070312,365600
2023-08-15,219.18687438964844,224.13999938964844,225.3800048828125,223.10000610351562,224.5800018310547,369000
2023-08-16,218.0013427734375,222.5,225.13999938964844,222.3699951171875,223.41000366210938,400200
2023-08-17,209.01673889160156,213.3300018310547,223.92999267578125,213.02000427246094,223.13999938964844,826500
2023-08-18,207.51768493652344,211.8000030517578,213.00999450683594,208.27000427246094,211.63999938964844,1209000
2023-08-21,208.27207946777344,212.57000732421875,213.07000732421875,208.72999572753906,212.5399932861328,856400
2023-08-22,210.24148559570312,214.5800018310547,215.19000244140625,212.88999938964844,212.92999267578125,1001700
2023-08-23,212.6713104248047,217.05999755859375,217.77000427246094,214.27000427246094,214.27000427246094,778800
2023-08-24,210.6333770751953,214.97999572753906,218.22999572753906,214.97000122070312,216.52000427246094,578600
2023-08-25,210.4864501953125,214.8300018310547,215.94000244140625,211.9199981689453,215.14999389648438,571500
2023-08-28,210.76077270507812,215.11000061035156,217.72999572753906,214.6999969482422,215.5399932861328,434600
2023-08-29,214.17037963867188,218.58999633789062,218.6300048828125,213.63999938964844,214.6999969482422,624900
2023-08-30,213.82748413085938,218.24000549316406,220.14999389648438,217.39999389648438,218.72999572753906,414100
2023-08-31,213.83726501464844,218.25,218.6699981689453,216.69000244140625,217.8000030517578,530300
2023-09-01,218.41282653808594,222.9199981689453,223.97000122070312,219.0500030517578,219.4199981689453,677100
2023-09-05,211.867919921875,216.24000549316406,222.19000244140625,214.47999572753906,221.88999938964844,827400
2023-09-06,210.8489227294922,215.1999969482422,217.05999755859375,211.99000549316406,216.22999572753906,657500
2023-09-07,211.20167541503906,215.55999755859375,215.99000549316406,212.1300048828125,213.6300048828125,762500
2023-09-08,211.8777313232422,216.25,218.10000610351562,214.52000427246094,215.0500030517578,648900
2023-09-11,212.21083068847656,216.58999633789062,217.92999267578125,214.52999877929688,217.61000061035156,363300
2023-09-12,210.42762756347656,214.77000427246094,215.9499969482422,213.52999877929688,215.27000427246094,540300
2023-09-13,209.41845703125,213.74000549316406,215.3300018310547,211.8300018310547,214.11000061035156,612500
2023-09-14,210.6235809326172,214.97000122070312,216.05999755859375,211.44000244140625,215.47999572753906,649200
2023-09-15,206.33212280273438,210.58999633789062,214.82000732421875,209.27000427246094,214.82000732421875,1457900
2023-09-18,207.40989685058594,211.69000244140625,212.6300048828125,209.10000610351562,211.0399932861328,496500
2023-09-19,205.63648986816406,209.8800048828125,211.77999877929688,207.85000610351562,211.0,656500
2023-09-20,205.3131561279297,209.5500030517578,211.91000366210938,207.91000366210938,211.0,974700
2023-09-21,198.25875854492188,202.35000610351562,208.88999938964844,201.27000427246094,208.69000244140625,1581800
2023-09-22,196.56369018554688,200.6199951171875,202.8800048828125,199.8000030517578,201.74000549316406,1021600
2023-09-25,197.9550018310547,202.0399932861328,202.66000366210938,199.6199951171875,200.0,624700
2023-09-26,197.27896118164062,201.35000610351562,203.1999969482422,200.17999267578125,201.3000030517578,938500
2023-09-27,199.48348999023438,203.60000610351562,204.42999267578125,200.72999572753906,202.63999938964844,1050000
2023-09-28,200.88458251953125,205.02999877929688,208.25,203.5800018310547,203.5800018310547,1123300
2023-09-29,197.93544006347656,202.02000427246094,207.85000610351562,201.22000122070312,206.30999755859375,717600
2023-10-02,196.86746215820312,200.92999267578125,203.69000244140625,199.3300018310547,201.35000610351562,853700
2023-10-03,195.9464569091797,199.99000549316406,202.99000549316406,198.9600067138672,199.91000366210938,895400
2023-10-04,200.88458251953125,205.02999877929688,206.6999969482422,200.61000061035156,201.19000244140625,1336700
2023-10-05,202.76573181152344,206.9499969482422,207.6300048828125,203.92999267578125,204.30999755859375,949800
2023-10-06,208.10552978515625,212.39999389648438,214.75999450683594,206.58999633789062,206.89999389648438,1228000
2023-10-09,205.9990234375,210.25,211.9600067138672,208.33999633789062,210.49000549316406,774400
2023-10-10,206.73385620117188,211.0,213.52999877929688,209.42999267578125,210.25999450683594,541500
2023-10-11,210.4178466796875,214.75999450683594,214.88999938964844,211.02000427246094,211.05999755859375,455800
2023-10-12,206.37136840820312,210.6300048828125,215.27999877929688,208.66000366210938,215.27999877929688,538400
2023-10-13,205.05838012695312,209.2899932861328,212.75,208.64999389648438,211.5800018310547,491900
2023-10-16,208.7326202392578,213.0399932861328,213.9600067138672,210.8699951171875,211.72999572753906,581400
2023-10-17,210.4471893310547,214.7899932861328,215.5,211.3000030517578,211.94000244140625,569000
2023-10-18,199.6206512451172,203.74000549316406,211.97999572753906,203.44000244140625,211.5500030517578,779400
2023-10-19,198.5918731689453,202.69000244140625,207.94000244140625,202.4199981689453,204.30999755859375,837100
2023-10-20,197.47491455078125,201.5500030517578,203.07000732421875,200.33999633789062,202.61000061035156,750000
2023-10-23,198.4057159423828,202.5,204.47999572753906,200.44000244140625,200.8300018310547,705400
2023-10-24,201.0021209716797,205.14999389648438,206.8000030517578,203.9499969482422,205.0800018310547,844700
2023-10-25,199.25811767578125,203.3699951171875,206.4199981689453,203.08999633789062,203.9199981689453,772700
2023-10-26,190.0481719970703,193.97000122070312,202.22999572753906,190.80999755859375,199.19000244140625,2527900
2023-10-27,189.7738494873047,193.69000244140625,196.08999633789062,190.50999450683594,192.8699951171875,1569300
2023-10-30,192.02735900878906,195.99000549316406,197.83999633789062,194.39999389648438,195.0,1091600
2023-10-31,192.51724243164062,196.49000549316406,199.17999267578125,195.80999755859375,195.9199981689453,1224000
2023-11-01,199.67942810058594,203.8000030517578,204.72000122070312,195.6999969482422,197.10000610351562,1717700
2023-11-02,202.63836669921875,206.82000732421875,210.42999267578125,206.02000427246094,206.02000427246094,1207900
2023-11-03,203.57894897460938,207.77999877929688,210.27999877929688,206.91000366210938,209.32000732421875,961300
2023-11-06,202.951904296875,207.13999938964844,208.27999877929688,206.38999938964844,208.27999877929688,1138500
2023-11-07,203.02047729492188,207.2100067138672,208.83999633789062,206.11000061035156,207.30999755859375,670400
2023-11-08,204.21583557128906,208.42999267578125,209.3800048828125,206.7899932861328,208.27999877929688,555800
2023-11-09,204.9996337890625,209.22999572753906,211.4499969482422,208.08999633789062,209.2899932861328,826800
2023-11-10,207.80760192871094,211.66000366210938,212.0800018310547,208.55999755859375,210.24000549316406,839600
2023-11-13,206.65887451171875,210.49000549316406,211.7100067138672,209.66000366210938,211.0399932861328,605700
2023-11-14,212.5987548828125,216.5399932861328,219.3000030517578,213.3800048828125,213.3800048828125,1068600
2023-11-15,207.03195190429688,210.8699951171875,217.99000549316406,210.75,217.33999633789062,918500
2023-11-16,208.40650939941406,212.27000427246094,213.4499969482422,210.0399932861328,211.6699981689453,803300
2023-11-17,208.4850311279297,212.35000610351562,214.10000610351562,211.9600067138672,212.50999450683594,713100
2023-11-20,206.5509033203125,210.3800048828125,212.72999572753906,209.38999938964844,211.8300018310547,552800
2023-11-21,206.02072143554688,209.83999633789062,212.77999877929688,209.6699981689453,211.49000549316406,746700
2023-11-22,208.04319763183594,211.89999389648438,213.47000122070312,210.77000427246094,211.52000427246094,511800
2023-11-24,207.8271942138672,211.67999267578125,212.47999572753906,210.72000122070312,211.9600067138672,172500
2023-11-27,208.97593688964844,212.85000610351562,213.85000610351562,210.6199951171875,211.27999877929688,657400
2023-11-28,207.31671142578125,211.16000366210938,214.0,210.24000549316406,212.85000610351562,802200
2023-11-29,208.80902099609375,212.67999267578125,213.88999938964844,212.17999267578125,212.3000030517578,609400
2023-11-30,209.67300415039062,213.55999755859375,213.80999755859375,209.60000610351562,212.49000549316406,808500
2023-12-01,211.70533752441406,215.6300048828125,217.3699951171875,214.25,214.25,653400
2023-12-04,210.8904266357422,214.8000030517578,216.2899932861328,213.47999572753906,214.6699981689453,830900
2023-12-05,208.16104125976562,212.02000427246094,214.8300018310547,210.91000366210938,213.9600067138672,836300
2023-12-06,208.0726776123047,211.92999267578125,216.0800018310547,211.66000366210938,213.6300048828125,717900
2023-12-07,210.2718963623047,214.1699981689453,214.25,210.86000061035156,212.35000610351562,485200
2023-12-08,212.09805297851562,216.02999877929688,216.8300018310547,212.6699981689453,213.72999572753906,563600
2023-12-11,214.87652587890625,218.86000061035156,219.27999877929688,216.38999938964844,216.6300048828125,880600
2023-12-12,216.87942504882812,220.89999389648438,222.0800018310547,218.41000366210938,220.58999633789062,619800
2023-12-13,219.59901428222656,223.6699981689453,224.72999572753906,219.60000610351562,221.08999633789062,512000
2023-12-14,220.66912841796875,224.75999450683594,225.3000030517578,221.32000732421875,224.8800048828125,917600
2023-12-15,220.26663208007812,224.35000610351562,226.83999633789062,223.24000549316406,224.0,1092500
2023-12-18,218.6466522216797,222.6999969482422,224.5800018310547,221.66000366210938,224.5800018310547,832700
2023-12-19,220.60043334960938,224.69000244140625,225.22999572753906,223.85000610351562,224.4199981689453,503100
2023-12-20,217.15431213378906,221.17999267578125,224.36000061035156,220.8699951171875,223.6699981689453,540900
2023-12-21,219.21609497070312,223.27999877929688,223.63999938964844,221.5,223.19000244140625,614600
2023-12-22,220.8360595703125,224.92999267578125,224.9499969482422,223.1300048828125,224.0500030517578,470000
2023-12-26,221.54295349121094,225.64999389648438,225.94000244140625,224.89999389648438,225.36000061035156,302800
2023-12-27,221.7098846435547,225.82000732421875,226.07000732421875,224.4600067138672,225.0,461700
2023-12-28,221.3367919921875,225.44000244140625,226.11000061035156,225.0800018310547,225.88999938964844,427200
2023-12-29,222.87820434570312,227.00999450683594,227.3300018310547,225.1300048828125,225.5500030517578,559200
2024-01-02,219.53025817871094,223.60000610351562,226.22000122070312,222.57000732421875,225.2899932861328,720200
2024-01-03,215.3380126953125,219.3300018310547,222.0800018310547,218.3699951171875,222.0800018310547,744500
2024-01-04,216.6634063720703,220.67999267578125,221.86000061035156,218.3800048828125,219.6199951171875,862800
2024-01-05,217.5863037109375,221.6199951171875,223.77000427246094,219.5800018310547,220.1300048828125,618700
2024-01-08,219.92300415039062,224.0,224.11000061035156,220.22999572753906,220.91000366210938,662200
2024-01-09,219.35354614257812,223.4199981689453,223.5,220.3800048828125,221.97000122070312,406200
2024-01-10,221.9945831298828,226.11000061035156,226.22000122070312,222.74000549316406,223.30999755859375,519600
2024-01-11,220.27642822265625,224.36000061035156,226.52000427246094,223.57000732421875,226.1999969482422,640100
2024-01-12,219.8837127685547,223.9600067138672,224.00999450683594,221.8800048828125,222.60000610351562,711000
2024-01-16,218.3324737548828,222.3800048828125,223.5399932861328,220.89999389648438,223.2899932861328,637700
2024-01-17,217.23284912109375,221.25999450683594,222.27999877929688,220.5,220.88999938964844,553000
2024-01-18,221.02256774902344,225.1199951171875,225.22000122070312,221.3300018310547,221.67999267578125,469900
2024-01-19,221.9651641845703,226.0800018310547,226.24000549316406,222.9199981689453,226.22999572753906,495800
2024-01-22,223.14329528808594,227.27999877929688,229.8000030517578,226.5800018310547,226.82000732421875,722200
2024-01-23,218.74484252929688,222.8000030517578,228.25,222.7899932861328,226.8300018310547,856200
2024-01-24,215.79946899414062,219.8000030517578,224.27000427246094,219.72999572753906,224.0500030517578,823000
2024-01-25,219.34375,223.41000366210938,223.5500030517578,221.00999450683594,222.4600067138672,655600
2024-01-26,218.31285095214844,222.36000061035156,224.3000030517578,222.0,223.41000366210938,691600
2024-01-29,225.1952362060547,229.3699951171875,229.47999572753906,222.08999633789062,222.08999633789062,696900
2024-01-30,226.8446807861328,231.0500030517578,232.00999450683594,228.69000244140625,228.8000030517578,753300
2024-01-31,221.89642333984375,226.00999450683594,231.8300018310547,225.66000366210938,230.5399932861328,706500
2024-02-01,226.16725158691406,230.36000061035156,230.66000366210938,223.89999389648438,227.27000427246094,702700
2024-02-02,230.1729736328125,234.44000244140625,235.42999267578125,228.75,228.97999572753906,1036900
2024-02-05,225.4701385498047,229.64999389648438,234.30999755859375,227.66000366210938,232.39999389648438,1064900
2024-02-06,227.3650360107422,231.5800018310547,232.55999755859375,229.1999969482422,229.8699951171875,818000
2024-02-07,232.21511840820312,236.52000427246094,237.52999877929688,233.50999450683594,234.0,822400
2024-02-08,234.1001434326172,238.44000244140625,239.25,235.0,236.97000122070312,882000
2024-02-09,235.6317596435547,240.0,240.11000061035156,237.39999389648438,237.74000549316406,1050200
2024-02-12,235.75941467285156,240.1300048828125,243.44000244140625,240.1300048828125,241.13999938964844,910400
2024-02-13,232.80419921875,237.1199951171875,238.0399932861328,234.52999877929688,236.0,859600
2024-02-14,236.71177673339844,241.10000610351562,242.5500030517578,237.85000610351562,238.7899932861328,1024800
2024-02-15,238.0469970703125,242.4600067138672,244.60000610351562,239.63999938964844,243.47000122070312,1187500
2024-02-16,250.50599670410156,255.14999389648438,260.80999755859375,253.3699951171875,256.760009765625,2202400
2024-02-20,246.80465698242188,251.3800048828125,254.8300018310547,249.49000549316406,253.22000122070312,1115300
2024-02-21,248.81732177734375,253.42999267578125,253.86000061035156,250.67999267578125,251.6300048828125,650100
2024-02-22,252.26341247558594,256.94000244140625,257.2200012207031,254.58999633789062,255.50999450683594,717000
2024-02-23,252.54818725585938,257.2300109863281,257.9200134277344,255.67999267578125,257.9200134277344,786800
2024-02-26,256.328125,261.0799865722656,261.45001220703125,257.5299987792969,257.8299865722656,855800
2024-02-27,258.7629699707031,263.55999755859375,263.67999267578125,261.2900085449219,261.82000732421875,727400
2024-02-28,257.52587890625,262.29998779296875,265.1000061035156,261.1700134277344,263.3599853515625,1066800
2024-02-29,261.0112609863281,265.8500061035156,266.7799987792969,261.32000732421875,263.9100036621094,1113600
2024-03-01,263.0176696777344,267.42999267578125,268.4100036621094,265.739990234375,267.07000732421875,712300
2024-03-04,263.43072509765625,267.8500061035156,269.67999267578125,266.9800109863281,268.3999938964844,885900
2024-03-05,260.6080627441406,264.9800109863281,268.8399963378906,263.05999755859375,266.17999267578125,1026000
2024-03-06,262.92913818359375,267.3399963378906,268.2900085449219,264.2300109863281,265.489990234375,743300
2024-03-07,266.6959228515625,271.1700134277344,271.7300109863281,268.9800109863281,268.9800109863281,643400
2024-03-08,262.2996826171875,266.70001220703125,271.4200134277344,264.8599853515625,270.25,926200
2024-03-11,260.5785827636719,264.95001220703125,266.3599853515625,262.8699951171875,266.3599853515625,975200
2024-03-12,265.13214111328125,269.5799865722656,269.9700012207031,264.8900146484375,265.260009765625,577700
2024-03-13,264.8764343261719,269.32000732421875,270.6499938964844,268.3800048828125,269.42999267578125,618100
2024-03-14,266.26318359375,270.7300109863281,272.7300109863281,268.6000061035156,268.6000061035156,1003000
2024-03-15,262.45703125,266.8599853515625,271.6000061035156,266.54998779296875,268.8399963378906,1861300
2024-03-18,264.974853515625,269.4200134277344,270.25,267.54998779296875,267.8500061035156,934600
2024-03-19,264.57159423828125,269.010009765625,271.80999755859375,266.8299865722656,266.8299865722656,1239500
2024-03-20,267.25653076171875,271.739990234375,272.260009765625,268.9599914550781,269.79998779296875,933100
2024-03-21,271.0429992675781,275.5899963378906,275.8699951171875,270.3800048828125,272.45001220703125,1035600
2024-03-22,269.8332214355469,274.3599853515625,275.1499938964844,272.260009765625,274.79998779296875,581600
2024-03-25,268.1219787597656,272.6199951171875,274.8299865722656,272.04998779296875,274.489990234375,427800
2024-03-26,269.35137939453125,273.8699951171875,275.3500061035156,272.6600036621094,272.6600036621094,537800
2024-03-27,268.2892150878906,272.7900085449219,276.5799865722656,271.67999267578125,275.5199890136719,703200
2024-03-28,268.4171142578125,272.9200134277344,274.7900085449219,271.42999267578125,273.4800109863281,683000
2024-04-01,265.2403564453125,269.69000244140625,273.1099853515625,269.55999755859375,273.1099853515625,599100
2024-04-02,261.8570556640625,266.25,270.4599914550781,264.1600036621094,269.7300109863281,888500
2024-04-03,264.3355407714844,268.7699890136719,269.79998779296875,265.760009765625,266.1600036621094,629700
2024-04-04,261.5030212402344,265.8900146484375,272.7699890136719,265.5,270.95001220703125,576800
2024-04-05,265.6927490234375,270.1499938964844,270.8699951171875,267.19000244140625,267.19000244140625,454100
2024-04-08,265.2698059082031,269.7200012207031,271.6199951171875,269.3800048828125,270.5199890136719,580200
2024-04-09,261.23748779296875,265.6199951171875,270.2300109863281,263.0799865722656,269.54998779296875,637500
2024-04-10,260.1949768066406,264.55999755859375,265.8999938964844,259.0799865722656,260.0199890136719,800600
2024-04-11,261.11944580078125,265.5,267.0299987792969,263.8399963378906,264.2300109863281,545900
2024-04-12,258.4443359375,262.7799987792969,264.6700134277344,261.2900085449219,263.25,507900
2024-04-15,256.1724853515625,260.4700012207031,268.4100036621094,260.25,268.4100036621094,514100
2024-04-16,254.2743377685547,258.5400085449219,261.2099914550781,257.0199890136719,260.8299865722656,782800
2024-04-17,253.99893188476562,258.260009765625,260.0899963378906,256.07000732421875,260.0799865722656,708200
2024-04-18,250.86155700683594,255.07000732421875,260.260009765625,254.33999633789062,260.260009765625,538100
2024-04-19,247.90122985839844,252.05999755859375,257.45001220703125,251.32000732421875,256.2799987792969,613800
2024-04-22,250.28126525878906,254.47999572753906,256.1300048828125,251.5800018310547,253.02999877929688,591400
2024-04-23,255.06106567382812,259.3399963378906,260.010009765625,254.14999389648438,254.14999389648438,764900
2024-04-24,252.1696014404297,256.3999938964844,259.9599914550781,253.75999450683594,258.2099914550781,568000
2024-04-25,254.2743377685547,258.5400085449219,258.989990234375,250.77000427246094,253.99000549316406,655900
2024-04-26,256.92974853515625,261.239990234375,261.8299865722656,258.7900085449219,258.989990234375,689100
2024-04-29,257.1363220214844,261.45001220703125,262.6400146484375,259.8399963378906,261.2900085449219,632700
2024-04-30,253.37933349609375,257.6300048828125,264.1000061035156,257.32000732421875,260.6199951171875,817100
2024-05-01,255.4446563720703,259.7300109863281,263.760009765625,256.1600036621094,257.5299987792969,1036600
2024-05-02,260.04742431640625,264.4100036621094,273.17999267578125,259.9200134277344,268.5899963378906,1524200
2024-05-03,260.0769348144531,264.44000244140625,268.1400146484375,262.3699951171875,265.54998779296875,809400
2024-05-06,262.2111511230469,266.6099853515625,267.75,265.010009765625,267.0799865722656,576400
2024-05-07,263.92242431640625,268.3500061035156,269.0,265.6199951171875,268.04998779296875,682700
2024-05-08,263.5093994140625,267.92999267578125,268.7900085449219,266.3500061035156,268.0,510400
2024-05-09,266.2238464355469,270.69000244140625,270.80999755859375,267.6700134277344,268.3800048828125,653900
2024-05-10,267.5810852050781,272.07000732421875,274.1300048828125,270.95001220703125,272.0,517100
2024-05-13,265.63372802734375,270.0899963378906,272.94000244140625,269.1000061035156,272.3900146484375,377100
2024-05-14,263.33233642578125,267.75,270.1499938964844,266.8699951171875,269.8699951171875,524900
2024-05-15,266.0369873046875,270.5,271.69000244140625,268.5899963378906,269.0799865722656,740500
2024-05-16,255.71023559570312,260.0,270.2300109863281,258.7699890136719,270.2300109863281,1181500
2024-05-17,254.82505798339844,259.1000061035156,262.8699951171875,258.6499938964844,261.9700012207031,498300
2024-05-20,255.916748046875,260.2099914550781,261.010009765625,257.5400085449219,258.3399963378906,567000
2024-05-21,257.854248046875,262.17999267578125,262.7799987792969,255.27999877929688,257.45001220703125,1526600
2024-05-22,256.56585693359375,260.8699951171875,261.7300109863281,256.5,261.7300109863281,1042100
2024-05-23,253.41310119628906,257.2099914550781,262.19000244140625,256.3900146484375,261.8699951171875,679400
2024-05-24,255.42300415039062,259.25,259.4700012207031,256.3999938964844,257.6600036621094,329600
2024-05-28,250.2307891845703,253.97999572753906,258.5299987792969,253.49000549316406,257.9599914550781,519700
2024-05-29,248.1913604736328,251.91000366210938,254.22000122070312,251.38999938964844,252.47000122070312,486800
2024-05-30,250.3292999267578,254.0800018310547,255.35000610351562,251.9199981689453,252.52000427246094,647800
2024-05-31,251.994384765625,255.77000427246094,256.3599853515625,245.41000366210938,253.47999572753906,1649500
2024-06-03,248.46722412109375,252.19000244140625,257.3800048828125,248.9199981689453,256.7300109863281,685000
2024-06-04,246.7627716064453,250.4600067138672,252.7100067138672,247.9499969482422,251.91000366210938,559700
2024-06-05,247.47213745117188,251.17999267578125,251.97999572753906,249.07000732421875,251.5,427600
2024-06-06,244.91050720214844,248.5800018310547,251.38999938964844,247.41000366210938,250.97000122070312,654400
2024-06-07,243.93511962890625,247.58999633789062,250.80999755859375,246.9199981689453,248.58999633789062,608200
2024-06-10,244.15187072753906,247.80999755859375,249.52000427246094,245.0800018310547,246.32000732421875,558200
2024-06-11,241.02867126464844,244.63999938964844,247.1699981689453,243.50999450683594,247.0,571300
2024-06-12,245.4425048828125,249.1199951171875,253.02999877929688,246.0500030517578,248.89999389648438,804100
2024-06-13,250.20123291015625,253.9499969482422,254.5399932861328,247.52000427246094,247.77999877929688,692700
2024-06-14,248.9105682373047,252.63999938964844,253.63999938964844,249.00999450683594,252.0,617300
2024-06-17,252.5657958984375,256.3500061035156,257.239990234375,251.35000610351562,252.1699981689453,552500
2024-06-18,251.83673095703125,255.61000061035156,257.1199951171875,252.82000732421875,255.97999572753906,1143300
2024-06-20,242.82180786132812,246.4600067138672,255.22999572753906,243.75999450683594,255.02000427246094,1142600
2024-06-21,244.15187072753906,247.80999755859375,248.55999755859375,243.30999755859375,245.72000122070312,1251600
2024-06-24,243.92526245117188,247.5800018310547,249.19000244140625,245.05999755859375,247.72999572753906,822600
2024-06-25,242.51637268066406,246.14999389648438,246.63999938964844,243.85000610351562,245.3800048828125,903600
2024-06-26,242.2503662109375,245.8800048828125,247.22999572753906,243.89999389648438,244.5500030517578,790800
2024-06-27,244.10260009765625,247.75999450683594,249.16000366210938,245.3800048828125,246.2100067138672,577000
2024-06-28,245.009033203125,248.67999267578125,251.80999755859375,247.02000427246094,248.7100067138672,988700
2024-07-01,240.1222381591797,243.72000122070312,249.99000549316406,242.17999267578125,249.69000244140625,652200
2024-07-02,241.4523162841797,245.07000732421875,245.0800018310547,240.99000549316406,241.5399932861328,773400
2024-07-03,240.3192901611328,243.9199981689453,245.5399932861328,242.22000122070312,244.4600067138672,439200
2024-07-05,240.6050262451172,244.2100067138672,245.0,241.02000427246094,243.36000061035156,415600
2024-07-08,238.39808654785156,241.97000122070312,246.5500030517578,241.44000244140625,244.97999572753906,735000
2024-07-09,238.67396545410156,242.25,242.9199981689453,239.47999572753906,242.32000732421875,796400
2024-07-10,244.06320190429688,247.72000122070312,248.60000610351562,241.0500030517578,242.6699981689453,634700
2024-07-11,250.9302978515625,254.69000244140625,255.2899932861328,248.35000610351562,248.35000610351562,902300
2024-07-12,248.78250122070312,252.50999450683594,258.8399963378906,252.00999450683594,255.58999633789062,833700
2024-07-15,250.15194702148438,253.89999389648438,256.6600036621094,252.61000061035156,255.5500030517578,838300
2024-07-16,258.9304504394531,262.80999755859375,263.3299865722656,254.61000061035156,255.07000732421875,866700
2024-07-17,252.02392578125,255.8000030517578,260.8900146484375,255.5,260.80999755859375,628600
2024-07-18,252.3096160888672,256.0899963378906,259.4599914550781,254.52999877929688,254.52999877929688,531700
2024-07-19,252.35890197753906,256.1400146484375,258.19000244140625,254.6999969482422,257.79998779296875,599700
2024-07-22,256.7629089355469,260.6099853515625,261.489990234375,255.25,257.5799865722656,743900
2024-07-23,256.3096923828125,260.1499938964844,262.0899963378906,259.3800048828125,260.0400085449219,408500
2024-07-24,246.81199645996094,250.50999450683594,259.8299865722656,250.05999755859375,258.4200134277344,1116300
2024-07-25,250.02391052246094,253.77000427246094,259.6400146484375,251.1199951171875,251.4499969482422,825200
2024-07-26,257.8466796875,261.7099914550781,262.8500061035156,256.0,257.2300109863281,673500
2024-07-29,260.62506103515625,264.5299987792969,265.25,260.94000244140625,262.2099914550781,586800
2024-07-30,266.01434326171875,270.0,273.3299865722656,267.6400146484375,268.8299865722656,1205100
2024-07-31,270.4577331542969,274.510009765625,278.7900085449219,268.5199890136719,271.79998779296875,1458900
2024-08-01,267.12762451171875,271.1300048828125,274.9800109863281,269.9599914550781,273.94000244140625,1316700
2024-08-02,262.4083251953125,266.3399963378906,268.3599853515625,260.1199951171875,268.3599853515625,986600
2024-08-05,253.6298370361328,257.42999267578125,262.4100036621094,252.92999267578125,260.0,1355100
2024-08-06,242.50650024414062,246.13999938964844,251.7100067138672,238.88999938964844,245.61000061035156,2295000
2024-08-07,237.6591339111328,241.22000122070312,251.72000122070312,241.22000122070312,248.49000549316406,1376800
2024-08-08,242.6937255859375,246.3300018310547,250.77000427246094,242.32000732421875,242.6699981689453,1196300
2024-08-09,240.73309326171875,244.33999633789062,249.1300048828125,243.36000061035156,246.17999267578125,888000
2024-08-12,238.32911682128906,241.89999389648438,244.7899932861328,239.91000366210938,244.22999572753906,869300
2024-08-13,240.24046325683594,243.83999633789062,245.9199981689453,241.7899932861328,244.05999755859375,706000
2024-08-14,238.92027282714844,242.5,246.3000030517578,242.07000732421875,245.08999633789062,876700
2024-08-15,243.39186096191406,246.57000732421875,247.08999633789062,242.33999633789062,245.8699951171875,1028900
2024-08-16,241.27943420410156,244.42999267578125,247.05999755859375,243.60000610351562,247.05999755859375,490900
2024-08-19,241.14125061035156,244.2899932861328,245.6199951171875,242.17999267578125,244.61000061035156,660400
2024-08-20,242.43438720703125,245.60000610351562,246.7899932861328,244.22999572753906,244.22999572753906,534000
2024-08-21,244.64549255371094,247.83999633789062,249.8800048828125,246.7899932861328,247.22999572753906,920700
2024-08-22,244.78367614746094,247.97999572753906,250.24000549316406,246.6699981689453,248.75,680600
2024-08-23,251.60464477539062,254.88999938964844,257.4200134277344,249.66000366210938,250.25999450683594,1252300
2024-08-26,247.44886779785156,250.67999267578125,257.5400085449219,250.22999572753906,256.3299865722656,447600
2024-08-27,237.31126403808594,240.41000366210938,250.0,237.1699981689453,249.02000427246094,1007300
2024-08-28,232.73104858398438,235.77000427246094,242.38999938964844,235.08999633789062,241.80999755859375,1835000
2024-08-29,238.17007446289062,241.27999877929688,243.41000366210938,236.85000610351562,237.52000427246094,866600
2024-08-30,242.0493927001953,245.2100067138672,245.8699951171875,241.3699951171875,242.2899932861328,844600
2024-09-03,235.93917846679688,239.02000427246094,244.0,237.67999267578125,241.64999389648438,933400
2024-09-04,231.80320739746094,234.8300018310547,240.00999450683594,232.69000244140625,239.08999633789062,1009400
2024-09-05,229.16761779785156,232.16000366210938,235.0399932861328,230.72000122070312,234.11000061035156,727600
2024-09-06,228.9800567626953,231.97000122070312,236.02999877929688,231.55999755859375,234.02999877929688,1161500
2024-09-09,228.84185791015625,231.8300018310547,234.66000366210938,230.9499969482422,232.89999389648438,1757100
2024-09-10,229.9474334716797,232.9499969482422,233.82000732421875,231.02999877929688,233.72999572753906,1076900
2024-09-11,229.9474334716797,232.9499969482422,233.3699951171875,225.36000061035156,231.5,1553000
2024-09-12,233.22463989257812,236.27000427246094,237.3300018310547,233.52000427246094,233.52000427246094,680100
2024-09-13,234.40916442871094,237.47000122070312,239.63999938964844,235.4600067138672,236.0,726300
2024-09-16,239.7395477294922,242.8699951171875,243.3300018310547,237.0,238.0500030517578,894700
2024-09-17,241.96055603027344,245.1199951171875,247.0,242.0399932861328,243.36000061035156,757600
2024-09-18,241.2498321533203,244.39999389648438,249.5800018310547,244.27000427246094,245.7100067138672,679400
2024-09-19,250.4003448486328,253.6699981689453,254.00999450683594,246.44000244140625,250.0,1015200
2024-09-20,248.80123901367188,252.0500030517578,258.17999267578125,250.74000549316406,258.17999267578125,1697600
2024-09-23,249.07765197753906,252.3300018310547,253.8000030517578,250.3300018310547,252.60000610351562,728500
2024-09-24,246.64935302734375,249.8699951171875,253.8300018310547,247.38999938964844,253.08999633789062,1079700
2024-09-25,246.4124298095703,249.6300048828125,251.94000244140625,249.33999633789062,251.94000244140625,922100
2024-09-26,247.35018920898438,250.5800018310547,257.010009765625,249.6300048828125,254.0800018310547,887800
2024-09-27,247.01455688476562,250.24000549316406,252.3699951171875,248.1999969482422,251.1699981689453,777700
2024-09-30,247.20208740234375,250.42999267578125,250.91000366210938,246.02000427246094,249.25,795200
2024-10-01,244.30001831054688,247.49000549316406,251.72999572753906,244.4199981689453,249.77999877929688,667500
2024-10-02,237.3606414794922,240.4600067138672,245.99000549316406,239.97000122070312,244.44000244140625,930700
2024-10-03,237.9923858642578,241.10000610351562,242.94000244140625,238.60000610351562,240.22999572753906,524800
2024-10-04,238.318115234375,241.42999267578125,243.1999969482422,239.41000366210938,243.17999267578125,532500
2024-10-07,234.96194458007812,238.02999877929688,240.3000030517578,237.3300018310547,238.61000061035156,971100
2024-10-08,235.119873046875,238.19000244140625,239.58999633789062,236.6300048828125,238.1999969482422,853200
2024-10-09,238.52540588378906,241.63999938964844,243.35000610351562,236.5500030517578,238.19000244140625,869800
2024-10-10,240.75625610351562,243.89999389648438,245.5399932861328,238.6999969482422,239.36000061035156,909600
2024-10-11,244.31973266601562,247.50999450683594,248.52999877929688,243.94000244140625,243.94000244140625,607500
2024-10-14,245.49441528320312,248.6999969482422,249.44000244140625,244.6300048828125,247.91000366210938,1387300
2024-10-15,249.53170776367188,252.7899932861328,257.79998779296875,249.69000244140625,250.0,972900
2024-10-16,253.1741485595703,256.4800109863281,256.7900085449219,251.82000732421875,253.00999450683594,462200
2024-10-17,255.3063201904297,258.6400146484375,259.7699890136719,256.3900146484375,257.94000244140625,746700
2024-10-18,258.3465881347656,261.7200012207031,262.79998779296875,255.5,258.6300048828125,829100
2024-10-21,256.5895080566406,259.94000244140625,261.5799865722656,257.2200012207031,261.5799865722656,902600
2024-10-22,250.44970703125,253.72000122070312,259.1000061035156,253.6699981689453,258.95001220703125,653500
2024-10-23,250.30165100097656,253.57000732421875,254.99000549316406,250.75999450683594,253.49000549316406,545500
2024-10-24,252.83851623535156,256.1400146484375,256.5400085449219,252.3800048828125,253.72999572753906,1281200
2024-10-25,253.23336791992188,256.5400085449219,259.30999755859375,255.6300048828125,258.3399963378906,742300
2024-10-28,255.16810607910156,258.5,260.1600036621094,257.19000244140625,258.44000244140625,1437500
2024-10-29,256.2045593261719,259.54998779296875,260.8699951171875,254.47000122070312,256.8999938964844,1183000
2024-10-30,272.6695556640625,276.2300109863281,279.4700012207031,267.8800048828125,270.0,1952100
2024-10-31,270.3992004394531,273.92999267578125,278.4599914550781,273.1099853515625,273.8500061035156,1429200
2024-11-01,266.9048767089844,270.3900146484375,275.3999938964844,270.260009765625,275.29998779296875,986500
2024-11-04,265.8468322753906,268.8599853515625,272.7099914550781,268.20001220703125,270.1300048828125,1124200
2024-11-05,269.6141357421875,272.6700134277344,272.8900146484375,267.69000244140625,267.9100036621094,689300
2024-11-06,287.1949157714844,290.45001220703125,298.30999755859375,287.6000061035156,288.0299987792969,2679100
2024-11-07,287.3332824707031,290.5899963378906,293.2799987792969,288.55999755859375,292.1099853515625,1163400
2024-11-08,289.0340270996094,292.30999755859375,293.7300109863281,290.0199890136719,290.5799865722656,740700
2024-11-11,288.76702880859375,292.0400085449219,295.1000061035156,290.67999267578125,293.7900085449219,526900
2024-11-12,285.1481018066406,288.3800048828125,292.3800048828125,286.44000244140625,290.92999267578125,783000
2024-11-13,284.4855651855469,287.7099914550781,290.9200134277344,286.7099914550781,288.8399963378906,580000
2024-11-14,279.51190185546875,282.67999267578125,288.6099853515625,281.6099853515625,287.32000732421875,927700
2024-11-15,276.1500244140625,279.2799987792969,283.2200012207031,277.6000061035156,281.67999267578125,669400
2024-11-18,275.6160583496094,278.739990234375,280.70001220703125,277.6000061035156,280.70001220703125,491600
2024-11-19,274.894287109375,278.010009765625,278.2099914550781,273.6600036621094,275.0899963378906,724000
2024-11-20,274.696533203125,277.80999755859375,278.5299987792969,276.2900085449219,278.5299987792969,714200
2024-11-21,278.02874755859375,281.17999267578125,282.4100036621094,277.1600036621094,279.489990234375,792600
2024-11-22,281.4202880859375,284.6099853515625,284.9200134277344,280.0899963378906,281.3500061035156,503300
2024-11-25,287.1157531738281,290.3699951171875,291.8999938964844,285.6600036621094,285.95001220703125,1066400
2024-11-26,285.1678161621094,288.3999938964844,290.5400085449219,285.9200134277344,289.8999938964844,577600
2024-11-27,283.18035888671875,286.3900146484375,291.69000244140625,285.6300048828125,290.07000732421875,386200
2024-11-29,284.90087890625,288.1300048828125,289.1300048828125,287.0899963378906,287.9200134277344,355200
2024-12-02,283.8329772949219,287.04998779296875,288.32000732421875,285.0799865722656,288.32000732421875,579600
2024-12-03,283.28912353515625,286.5,289.1199951171875,284.5899963378906,287.260009765625,543100
2024-12-04,282.44866943359375,285.6499938964844,286.8900146484375,283.67999267578125,285.1300048828125,616900
2024-12-05,284.4064636230469,287.6300048828125,289.2200012207031,282.1600036621094,285.0,765700
2024-12-06,283.64508056640625,286.8599853515625,289.2900085449219,285.70001220703125,288.2300109863281,1355200
2024-12-09,278.0782165527344,281.2300109863281,288.8500061035156,278.8299865722656,286.5899963378906,672000
2024-12-10,273.21331787109375,276.30999755859375,281.010009765625,273.4200134277344,279.45001220703125,775400
2024-12-11,276.4269104003906,279.55999755859375,279.8999938964844,276.8299865722656,279.3900146484375,919200
2024-12-12,274.9931640625,278.1099853515625,279.8999938964844,277.3800048828125,279.8999938964844,689700
2024-12-13,272.6794128417969,275.7699890136719,278.67999267578125,274.0799865722656,277.9599914550781,492600
2024-12-16,273.89556884765625,277.0,278.42999267578125,274.3299865722656,276.19000244140625,595400
2024-12-17,269.5943603515625,272.6499938964844,276.2099914550781,272.1499938964844,275.3900146484375,774500
2024-12-18,261.9213562011719,264.8900146484375,277.6700134277344,264.7300109863281,272.55999755859375,976100
2024-12-19,257.995849609375,260.9200134277344,267.6199951171875,259.989990234375,265.8500061035156,1061500
2024-12-20,260.18109130859375,263.1300048828125,265.82000732421875,258.3800048828125,259.19000244140625,2007300
2024-12-23,259.9239501953125,262.8699951171875,264.45001220703125,260.8900146484375,261.9800109863281,656800
2024-12-24,261.34783935546875,264.30999755859375,264.6700134277344,262.1400146484375,263.0,246300
2024-12-26,261.5851135253906,264.54998779296875,265.0,263.0400085449219,263.0400085449219,483000
2024-12-27,259.419677734375,262.3599853515625,265.2300109863281,261.20001220703125,262.0,409300
2024-12-30,255.2667236328125,258.1600036621094,260.5299987792969,257.5199890136719,259.1199951171875,713500
2024-12-31,254.34718322753906,257.2300109863281,260.2799987792969,256.7099914550781,259.3299865722656,389200
2025-01-02,252.70578002929688,255.57000732421875,260.67999267578125,254.1199951171875,260.67999267578125,641800
2025-01-03,254.248291015625,257.1300048828125,258.5799865722656,254.92999267578125,257.4700012207031,562500
2025-01-06,254.4954833984375,257.3800048828125,261.3500061035156,256.80999755859375,257.989990234375,640100
2025-01-07,249.15599060058594,251.97999572753906,257.8999938964844,250.39999389648438,255.75,779500
2025-01-08,252.4190216064453,255.27999877929688,256.0199890136719,250.52000427246094,251.89999389648438,605000
2025-01-10,248.86924743652344,251.69000244140625,253.0,249.72000122070312,253.0,506700
2025-01-13,253.16061401367188,256.0299987792969,256.25,249.36000061035156,249.6999969482422,732800
2025-01-14,257.15533447265625,260.07000732421875,260.6400146484375,257.0799865722656,258.17999267578125,531200
2025-01-15,265.184326171875,268.19000244140625,268.9200134277344,266.3699951171875,266.5299987792969,948800
2025-01-16,266.1533508300781,269.1700134277344,269.739990234375,267.0899963378906,268.0,590400
2025-01-17,267.0729675292969,270.1000061035156,272.5299987792969,269.32000732421875,270.79998779296875,668200
2025-01-21,272.44207763671875,275.5299987792969,279.2200012207031,273.82000732421875,275.3900146484375,897700
2025-01-22,271.3049621582031,274.3800048828125,275.8500061035156,270.05999755859375,273.25,597800
2025-01-23,271.74993896484375,274.8299865722656,275.79998779296875,273.25,275.29998779296875,536700
2025-01-24,274.4295959472656,277.5400085449219,277.8699951171875,274.6700134277344,275.6000061035156,749800
2025-01-27,271.9080810546875,274.989990234375,275.5899963378906,273.2799987792969,274.30999755859375,667200
2025-01-28,272.0168762207031,275.1000061035156,279.05999755859375,273.45001220703125,276.20001220703125,543600
2025-01-29,269.1494140625,272.20001220703125,276.0,272.04998779296875,275.5799865722656,623600
2025-01-30,273.2627868652344,276.3599853515625,277.1400146484375,272.8800048828125,273.57000732421875,575600
2025-01-31,271.0775451660156,274.1499938964844,277.3999938964844,273.8299865722656,276.69000244140625,719600
2025-02-03,268.12103271484375,271.1600036621094,272.5,267.2699890136719,270.32000732421875,961800
2025-02-04,269.0209045410156,272.07000732421875,273.9599914550781,271.1400146484375,273.3599853515625,629600
2025-02-05,271.2555236816406,274.3299865722656,274.67999267578125,271.42999267578125,274.2900085449219,758200
2025-02-06,274.103271484375,277.2099914550781,277.989990234375,274.2099914550781,276.54998779296875,710600
2025-02-07,269.861328125,272.9200134277344,277.7300109863281,272.4200134277344,276.760009765625,486300
2025-02-10,265.5501403808594,268.55999755859375,274.4599914550781,268.20001220703125,274.3500061035156,616600
2025-02-11,264.7690124511719,267.7699890136719,269.19000244140625,265.5199890136719,266.8299865722656,893200
2025-02-12,260.85345458984375,263.80999755859375,266.6400146484375,253.5399932861328,255.3300018310547,1091000
2025-02-13,266.3115539550781,269.3299865722656,269.8599853515625,264.260009765625,265.8399963378906,934700
2025-02-14,267.42889404296875,270.4599914550781,272.2699890136719,267.7699890136719,270.239990234375,927800
2025-02-18,269.703125,272.760009765625,280.3299865722656,271.1400146484375,280.1499938964844,1433300
2025-02-19,262.00042724609375,264.9700012207031,270.1199951171875,263.30999755859375,266.54998779296875,1071800
2025-02-20,255.6919403076172,258.5899963378906,263.7200012207031,256.510009765625,263.5,708800
2025-02-21,250.02615356445312,252.86000061035156,260.67999267578125,251.30999755859375,260.67999267578125,782600
2025-02-24,248.74072265625,251.55999755859375,254.58999633789062,250.97999572753906,253.3699951171875,866000
2025-02-25,246.9905548095703,249.7899932861328,252.9600067138672,246.1699981689453,251.61000061035156,1313500
2025-02-26,247.72225952148438,250.52999877929688,253.6300048828125,249.52999877929688,250.05999755859375,692900
2025-02-27,242.37289428710938,245.1199951171875,252.24000549316406,245.08999633789062,249.24000549316406,720500
2025-02-28,244.538330078125,247.30999755859375,248.4600067138672,243.25,247.6999969482422,1009700
2025-03-03,237.08285522460938,239.77000427246094,250.44000244140625,238.85000610351562,249.72000122070312,1224600
2025-03-04,232.22787475585938,234.86000061035156,239.58999633789062,228.1699981689453,237.33999633789062,1547600
2025-03-05,237.65635681152344,240.35000610351562,241.82000732421875,234.41000366210938,237.07000732421875,1330000
2025-03-06,232.53440856933594,235.1699981689453,238.60000610351562,233.02999877929688,238.0,1429800
2025-03-07,218.42433166503906,220.89999389648438,233.69000244140625,218.7100067138672,233.19000244140625,3778900
2025-03-10,219.345947265625,221.33999633789062,222.60000610351562,215.0800018310547,217.3800048828125,3326400
2025-03-11,222.6855926513672,224.7100067138672,225.88999938964844,218.8300018310547,219.94000244140625,1883900
2025-03-12,225.12342834472656,227.1699981689453,228.83999633789062,224.75999450683594,227.30999755859375,1581600
2025-03-13,223.0126190185547,225.0399932861328,227.97000122070312,224.0,226.0500030517578,1604400
2025-03-14,229.23605346679688,231.32000732421875,232.25999450683594,225.4499969482422,227.9499969482422,1241200
2025-03-17,232.96214294433594,235.0800018310547,236.44000244140625,231.61000061035156,231.61000061035156,1142500
2025-03-18,234.36935424804688,236.5,237.47000122070312,233.86000061035156,235.0399932861328,1148100
2025-03-19,238.93783569335938,241.11000061035156,242.91000366210938,237.1699981689453,238.8699951171875,1147300
2025-03-20,236.56935119628906,238.72000122070312,245.49000549316406,238.60000610351562,238.7899932861328,1203600
2025-03-21,231.97119140625,234.0800018310547,237.6999969482422,232.32000732421875,236.82000732421875,2063000
2025-03-24,238.6405487060547,240.80999755859375,241.57000732421875,236.1999969482422,237.55999755859375,834600
2025-03-25,238.8090057373047,240.97999572753906,241.19000244140625,237.92999267578125,240.07000732421875,689900
2025-03-26,234.92433166503906,237.05999755859375,243.3000030517578,236.69000244140625,241.4600067138672,774200
2025-03-27,235.3999786376953,237.5399932861328,239.77000427246094,233.25999450683594,236.0,950000
2025-03-28,230.84146118164062,232.94000244140625,236.82000732421875,230.19000244140625,236.82000732421875,1009800
2025-03-31,231.19821166992188,233.3000030517578,234.3699951171875,225.0,231.27999877929688,1488600
2025-04-01,235.1324462890625,237.27000427246094,237.55999755859375,229.39999389648438,231.52999877929688,903600
2025-04-02,237.9369354248047,240.10000610351562,242.3800048828125,234.05999755859375,234.05999755859375,708100
2025-04-03,235.04324340820312,237.17999267578125,238.19000244140625,228.5,228.5,2269600
2025-04-04,228.66128540039062,230.74000549316406,235.82000732421875,225.1300048828125,231.3000030517578,2850900
2025-04-07,226.47117614746094,228.52999877929688,238.44000244140625,219.16000366210938,225.67999267578125,2754100
2025-04-08,224.44955444335938,226.49000549316406,236.66000366210938,222.44000244140625,233.6999969482422,2328200
2025-04-09,237.3720703125,239.52999877929688,244.0800018310547,218.8699951171875,224.24000549316406,2644900
2025-04-10,233.45767211914062,235.5800018310547,240.14999389648438,229.3000030517578,236.14999389648438,1527300
2025-04-11,240.11712646484375,242.3000030517578,243.42999267578125,232.86000061035156,235.22000122070312,1636300
2025-04-14,241.2864990234375,243.47999572753906,245.7100067138672,240.64999389648438,244.4199981689453,1121200
2025-04-15,242.3270263671875,244.52999877929688,247.8800048828125,243.39999389648438,244.5,788200
2025-04-16,238.38287353515625,240.5500030517578,244.3000030517578,237.88999938964844,242.05999755859375,528200
2025-04-17,239.7504425048828,241.92999267578125,243.75999450683594,239.0800018310547,240.16000366210938,643500
2025-04-21,232.0603485107422,234.1699981689453,240.38999938964844,231.75999450683594,240.19000244140625,622600
2025-04-22,238.40272521972656,240.57000732421875,241.44000244140625,236.8800048828125,238.52999877929688,885700
2025-04-23,242.33692932128906,244.5399932861328,249.9499969482422,243.52999877929688,246.2100067138672,765200
2025-04-24,247.2621612548828,249.50999450683594,250.24000549316406,242.72000122070312,243.72999572753906,748400
2025-04-25,244.81439208984375,247.0399932861328,249.24000549316406,245.44000244140625,249.24000549316406,695200
2025-04-28,243.17926025390625,245.38999938964844,247.36000061035156,243.02999877929688,246.97999572753906,818800
2025-04-29,243.1396484375,245.35000610351562,246.89999389648438,241.91000366210938,245.19000244140625,1199700
2025-04-30,259.9666748046875,262.3299865722656,263.9700012207031,247.60000610351562,253.0,2343600
2025-05-01,261.2549743652344,263.6300048828125,266.3699951171875,262.7099914550781,264.010009765625,1496600
2025-05-02,264.64410400390625,267.04998779296875,268.9200134277344,264.8299865722656,265.0,1010700
2025-05-05,267.6072082519531,270.0400085449219,272.0899963378906,263.6700134277344,266.1499938964844,880900
2025-05-06,264.8324279785156,267.239990234375,269.9200134277344,265.0,265.0899963378906,658300
2025-05-07,263.4450378417969,265.8399963378906,268.739990234375,264.8699951171875,268.4200134277344,638000
2025-05-08,266.0018005371094,268.4200134277344,271.0799865722656,266.7699890136719,267.7300109863281,637700
2025-05-09,267.200927734375,269.6300048828125,270.0,266.8299865722656,268.7200012207031,508300
2025-05-12,269.90631103515625,272.3599853515625,278.1400146484375,270.6700134277344,278.1199951171875,1377600
2025-05-13,266.1702880859375,268.5899963378906,273.7200012207031,268.0199890136719,272.7699890136719,1224300
2025-05-14,263.92071533203125,266.32000732421875,268.6300048828125,265.3999938964844,268.05999755859375,1065600
2025-05-15,268.6279296875,271.07000732421875,271.7699890136719,265.07000732421875,266.54998779296875,811400
2025-05-16,273.0279541015625,275.510009765625,276.29998779296875,272.1600036621094,273.45001220703125,812200
2025-05-19,273.5234069824219,276.010009765625,276.739990234375,271.82000732421875,272.3500061035156,750100
2025-05-20,270.8675537109375,273.3299865722656,274.3999938964844,271.5,271.92999267578125,651200
2025-05-21,268.1026916503906,270.5400085449219,274.54998779296875,270.1099853515625,270.3599853515625,695600
2025-05-22,269.2324523925781,271.67999267578125,272.8999938964844,268.1099853515625,270.3399963378906,934800
2025-05-23,266.25408935546875,268.19000244140625,270.1300048828125,266.6300048828125,268.3599853515625,816400
2025-05-27,268.2098693847656,270.1600036621094,272.0199890136719,267.8299865722656,271.2300109863281,2494500
2025-05-28,260.63494873046875,262.5299987792969,270.1400146484375,261.2699890136719,270.1400146484375,2022400
2025-05-29,263.3948669433594,265.30999755859375,265.739990234375,262.1099853515625,263.0,2118500
2025-05-30,263.1566467285156,265.07000732421875,265.8999938964844,261.489990234375,263.6600036621094,1480900
2025-06-02,261.47882080078125,263.3800048828125,263.6000061035156,259.94000244140625,262.3299865722656,818100
2025-06-03,263.0275573730469,264.94000244140625,265.3299865722656,261.5299987792969,263.3900146484375,1095000
2025-06-04,264.1592712402344,266.0799865722656,266.5899963378906,264.3299865722656,264.75,973600
2025-06-05,263.7522888183594,265.6700134277344,266.7300109863281,262.7300109863281,266.7300109863281,724400
2025-06-06,262.89849853515625,264.80999755859375,267.80999755859375,264.1099853515625,267.5799865722656,729700
2025-06-09,264.07989501953125,266.0,267.3999938964844,262.94000244140625,266.3500061035156,655900
2025-06-10,263.1864013671875,265.1000061035156,266.989990234375,264.0199890136719,265.79998779296875,694100
2025-06-11,259.235107421875,261.1199951171875,267.4200134277344,260.2799987792969,266.5299987792969,718000
2025-06-12,263.61328125,265.5299987792969,266.2799987792969,259.69000244140625,260.3999938964844,844700
2025-06-13,258.88763427734375,260.7699890136719,263.989990234375,259.239990234375,261.7799987792969,621700
2025-06-16,259.2946472167969,261.17999267578125,263.25,260.1400146484375,261.82000732421875,664600
2025-06-17,257.1701354980469,259.0400085449219,261.19000244140625,258.3599853515625,260.17999267578125,662500
2025-06-18,256.2766418457031,258.1400146484375,261.760009765625,257.54998779296875,258.0899963378906,952700
2025-06-20,254.09251403808594,255.94000244140625,259.80999755859375,253.91000366210938,259.80999755859375,1953600
2025-06-23,259.15570068359375,261.0400085449219,261.2900085449219,254.94000244140625,256.1099853515625,930400
2025-06-24,262.57086181640625,264.4800109863281,265.70001220703125,261.2300109863281,262.4100036621094,907300
2025-06-25,252.80191040039062,254.63999938964844,265.57000732421875,254.2100067138672,264.6199951171875,1434500
2025-06-26,255.10511779785156,256.9599914550781,258.55999755859375,253.39999389648438,255.5,901400
2025-06-27,260.2874755859375,262.17999267578125,263.1099853515625,257.760009765625,258.260009765625,2119900
2025-06-30,258.93731689453125,260.82000732421875,265.0,260.3699951171875,260.95001220703125,1097900
2025-07-01,262.759521484375,264.6700134277344,267.760009765625,257.6600036621094,259.79998779296875,885000
2025-07-02,263.7919616699219,265.7099914550781,266.8299865722656,263.8999938964844,264.2799987792969,673700
2025-07-03,264.318115234375,266.239990234375,267.6199951171875,264.260009765625,266.0,421700
2025-07-07,265.0726623535156,267.0,268.45001220703125,265.7699890136719,266.0899963378906,1003600
2025-07-08,264.5266418457031,266.45001220703125,267.8699951171875,265.07000732421875,266.5799865722656,628200
2025-07-09,268.00140380859375,269.95001220703125,270.0,265.1099853515625,266.45001220703125,750800
2025-07-10,268.7757873535156,270.7300109863281,272.0899963378906,268.82000732421875,269.3299865722656,974800
2025-07-11,267.0582580566406,269.0,269.1700134277344,264.7900085449219,267.7699890136719,1101600
2025-07-14,267.98150634765625,269.92999267578125,270.5400085449219,267.6600036621094,269.1600036621094,768600
2025-07-15,259.6719665527344,261.55999755859375,271.0199890136719,260.7900085449219,269.760009765625,1373500
2025-07-16,258.73870849609375,260.6199951171875,262.1700134277344,255.3300018310547,261.989990234375,1188400
2025-07-17,261.1114807128906,263.010009765625,263.54998779296875,258.989990234375,260.6700134277344,737400
2025-07-18,264.6755676269531,266.6000061035156,266.8800048828125,262.2099914550781,263.6700134277344,800200
2025-07-21,263.0970458984375,265.010009765625,269.3500061035156,264.739990234375,267.7200012207031,864500
2025-07-22,265.8470458984375,267.7799987792969,268.4599914550781,264.739990234375,265.8999938964844,1233700
2025-07-23,267.16741943359375,269.1099853515625,270.0,267.5799865722656,269.3999938964844,649100
2025-07-24,269.4607849121094,271.4200134277344,272.1400146484375,268.4200134277344,268.8900146484375,706000
2025-07-25,272.84613037109375,274.8299865722656,275.1700134277344,271.010009765625,271.6600036621094,579700
2025-07-28,268.16021728515625,270.1099853515625,276.3999938964844,268.6700134277344,274.0,1021600
2025-07-29,271.9427185058594,273.9200134277344,274.3299865722656,270.4599914550781,272.2699890136719,985600
2025-07-30,270.801025390625,272.7699890136719,275.94000244140625,271.3299865722656,274.7900085449219,1416000
2025-07-31,272.6873474121094,274.6700134277344,276.0899963378906,263.1700134277344,266.0,2372300
2025-08-01,272.9553527832031,274.94000244140625,275.2799987792969,270.6400146484375,273.8399963378906,1442200
2025-08-04,279.81549072265625,281.8500061035156,284.94000244140625,277.2699890136719,278.07000732421875,1351500
2025-08-05,281.1259765625,283.1700134277344,283.5899963378906,279.3599853515625,281.29998779296875,788700
2025-08-06,279.557373046875,281.5899963378906,283.42999267578125,280.4800109863281,283.1499938964844,785500
2025-08-07,280.06365966796875,282.1000061035156,286.55999755859375,278.3900146484375,284.5,1039900
2025-08-08,284.4517517089844,286.5199890136719,287.739990234375,281.7699890136719,283.0,638400
2025-08-11,283.18096923828125,285.239990234375,286.6099853515625,283.5899963378906,286.57000732421875,976100
2025-08-12,289.78302001953125,291.8900146484375,292.8699951171875,284.44000244140625,285.9700012207031,1070300
2025-08-13,293.5059814453125,295.6400146484375,296.1199951171875,289.9200134277344,293.3299865722656,1125700
2025-08-14,291.4673767089844,293.1000061035156,294.5799865722656,292.0799865722656,293.04998779296875,969200
2025-08-15,289.9955749511719,291.6199951171875,294.9800109863281,290.95001220703125,294.7699890136719,789100
2025-08-18,288.2652893066406,289.8800048828125,292.6099853515625,289.80999755859375,291.6400146484375,809300
2025-08-19,291.20880126953125,292.8399963378906,293.3900146484375,289.32000732421875,290.5199890136719,1023800
2025-08-20,284.6853332519531,286.2799987792969,291.75,283.6099853515625,291.3399963378906,1098100
2025-08-21,286.6741943359375,288.2799987792969,289.04998779296875,284.6099853515625,284.6099853515625,627300
2025-08-22,290.7712707519531,292.3999938964844,294.9599914550781,289.3599853515625,289.7099914550781,529900
2025-08-25,288.6829528808594,290.29998779296875,292.2799987792969,289.3599853515625,291.9800109863281,441800
2025-08-26,289.57794189453125,291.20001220703125,292.739990234375,289.8599853515625,290.9800109863281,839500
2025-08-27,289.5282287597656,291.1499938964844,291.3900146484375,289.95001220703125,290.0199890136719,578600
2025-08-28,289.5381774902344,291.1600036621094,291.6499938964844,288.82000732421875,291.1400146484375,323100
2025-08-29,289.5381774902344,291.1600036621094,292.3999938964844,289.4800109863281,291.19000244140625,609900
2025-09-02,290.8607482910156,292.489990234375,292.79998779296875,287.30999755859375,288.4800109863281,1143700
2025-09-03,286.44549560546875,288.04998779296875,292.5299987792969,286.79998779296875,292.5299987792969,875100
2025-09-04,290.7016296386719,292.3299865722656,292.8999938964844,287.4700012207031,289.239990234375,1131500
2025-09-05,293.1678466796875,294.80999755859375,295.260009765625,291.6099853515625,293.6600036621094,585200
2025-09-08,297.2449951171875,298.9100036621094,299.2900085449219,293.5199890136719,295.19000244140625,776200
2025-09-09,290.81103515625,292.44000244140625,298.7300109863281,290.8999938964844,297.260009765625,713600
2025-09-10,292.7899169921875,294.42999267578125,295.6499938964844,291.8999938964844,292.80999755859375,473000
2025-09-11,299.9697570800781,301.6499938964844,302.2099914550781,295.8900146484375,296.20001220703125,808100
2025-09-12,293.297119140625,294.94000244140625,300.79998779296875,294.4800109863281,299.8999938964844,619800
2025-09-15,292.3921813964844,294.0299987792969,296.260009765625,293.3599853515625,294.6600036621094,592200
2025-09-16,290.33367919921875,291.9599914550781,295.7799987792969,291.2300109863281,294.4800109863281,732900
2025-09-17,290.6220703125,292.25,297.1000061035156,290.0,292.20001220703125,679700
2025-09-18,296.91680908203125,298.5799865722656,300.3399963378906,291.6000061035156,291.79998779296875,622400
2025-09-19,296.1312561035156,297.7900085449219,300.6499938964844,295.6499938964844,300.1199951171875,1291300
2025-09-22,297.2251281738281,298.8900146484375,301.3500061035156,295.760009765625,297.1499938964844,730300
2025-09-23,295.9323425292969,297.5899963378906,301.3599853515625,296.42999267578125,299.6099853515625,580600
2025-09-24,292.17340087890625,293.80999755859375,297.7699890136719,291.4599914550781,296.760009765625,759000
2025-09-25,293.1181335449219,294.760009765625,295.44000244140625,290.0299987792969,291.7699890136719,463500
2025-09-26,297.62286376953125,299.2900085449219,301.79998779296875,295.5299987792969,296.9700012207031,669800
2025-09-29,301.33209228515625,303.0199890136719,303.7900085449219,299.4800109863281,300.9800109863281,788600
2025-09-30,305.906494140625,307.6199951171875,308.17999267578125,303.1099853515625,304.0,765200
2025-10-01,299.9598083496094,301.6400146484375,309.1700134277344,298.8299865722656,307.3999938964844,1064500
2025-10-02,301.6801452636719,303.3699951171875,305.2099914550781,301.0,301.4800109863281,900000
2025-10-03,303.0027770996094,304.70001220703125,305.7900085449219,296.989990234375,303.45001220703125,620400
2025-10-06,302.9729309082031,304.6700134277344,306.9100036621094,301.010009765625,304.0899963378906,523100
2025-10-07,299.223876953125,300.8999938964844,307.3900146484375,299.7699890136719,305.7799987792969,636100
2025-10-08,302.7342529296875,304.42999267578125,305.4800109863281,300.7300109863281,301.8999938964844,534200
2025-10-09,301.2127685546875,302.8999938964844,305.260009765625,301.260009765625,304.8599853515625,363300
2025-10-10,299.7509765625,301.42999267578125,304.3500061035156,301.0299987792969,304.20001220703125,570900
2025-10-13,301.0635986328125,302.75,305.20001220703125,301.57000732421875,302.739990234375,588700
2025-10-14,307.3484191894531,309.07000732421875,310.69000244140625,301.55999755859375,301.6700134277344,858000
2025-10-15,301.41168212890625,303.1000061035156,311.739990234375,301.3599853515625,309.55999755859375,880800
2025-10-16,294.5799560546875,296.2300109863281,304.3500061035156,295.760009765625,304.0400085449219,791600
2025-10-17,293.704833984375,295.3500061035156,297.0899963378906,293.5299987792969,295.45001220703125,675200
2025-10-20,293.82415771484375,295.4700012207031,298.0899963378906,292.92999267578125,297.5,671300
2025-10-21,295.9124755859375,297.57000732421875,299.30999755859375,293.6300048828125,295.5799865722656,689300
2025-10-22,292.0341796875,293.6700134277344,299.1600036621094,292.2699890136719,297.57000732421875,733700
2025-10-23,290.43316650390625,292.05999755859375,295.2799987792969,291.94000244140625,292.42999267578125,664700
2025-10-24,291.109375,292.739990234375,296.2900085449219,292.3500061035156,294.17999267578125,707800
2025-10-27,290.3834228515625,292.010009765625,296.0,291.0400085449219,293.75,700100
2025-10-28,290.9601745605469,292.5899963378906,293.8900146484375,290.510009765625,290.95001220703125,723100
2025-10-29,293.3269348144531,294.9700012207031,299.1099853515625,292.2200012207031,292.3500061035156,1285800
2025-10-30,288.3846130371094,290.0,290.45001220703125,278.92999267578125,285.5,2616900
2025-10-31,287.8874206542969,289.5,291.5,285.1400146484375,287.80999755859375,1463000
2025-11-03,286.94268798828125,288.54998779296875,293.3999938964844,285.6700134277344,287.32000732421875,1976500
2025-11-04,290.6320495605469,292.260009765625,294.19000244140625,285.30999755859375,289.2200012207031,1830000
2025-11-05,283.5119323730469,285.1000061035156,296.0,283.70001220703125,290.6199951171875,1709600
2025-11-06,284.7052307128906,286.29998779296875,289.9599914550781,284.17999267578125,284.17999267578125,1450700
2025-11-07,285.69964599609375,287.29998779296875,289.989990234375,283.2300109863281,283.8800048828125,1688400
2025-11-10,291.7063293457031,292.8399963378906,295.3399963378906,286.44000244140625,287.2300109863281,1140700
2025-11-11,293.95758056640625,295.1000061035156,296.8500061035156,292.5299987792969,293.0,993900
2025-11-12,293.9476013183594,295.0899963378906,297.739990234375,294.010009765625,295.0,989300
2025-11-13,282.9902038574219,284.0899963378906,297.3299865722656,283.4200134277344,295.3699951171875,1328200
2025-11-14,279.4937438964844,280.5799865722656,284.6700134277344,279.8500061035156,283.3699951171875,993200
2025-11-17,278.9956970214844,280.0799865722656,282.2300109863281,278.1199951171875,280.0400085449219,1383500
2025-11-18,280.77880859375,281.8699951171875,283.5199890136719,277.94000244140625,278.8599853515625,921700
2025-11-19,283.1296691894531,284.2300109863281,285.32000732421875,280.1000061035156,283.5400085449219,953500
2025-11-20,284.8629150390625,285.9700012207031,291.3599853515625,285.8399963378906,287.1199951171875,1957200
2025-11-21,286.7156982421875,287.8299865722656,291.75,285.989990234375,288.3500061035156,1002100
2025-11-24,286.07818603515625,287.19000244140625,288.3999938964844,285.17999267578125,287.3900146484375,1215800
2025-11-25,291.5867919921875,292.7200012207031,293.0899963378906,287.0799865722656,289.0,846200
2025-11-26,293.9376220703125,295.0799865722656,296.6099853515625,292.05999755859375,292.17999267578125,718600
2025-11-28,296.0892639160156,297.239990234375,297.6000061035156,294.9800109863281,295.8699951171875,297900
2025-12-01,290.72015380859375,291.8500061035156,296.3500061035156,291.5799865722656,295.20001220703125,676700
2025-12-02,288.71795654296875,289.8399963378906,293.2200012207031,287.8699951171875,292.6600036621094,978300
2025-12-03,291.457275390625,292.5899963378906,295.1300048828125,289.760009765625,291.0,857800
2025-12-04,292.51318359375,293.6499938964844,294.0,290.3399963378906,292.0,746200
2025-12-05,293.72845458984375,294.8699951171875,296.55999755859375,291.55999755859375,294.0299987792969,846400
2025-12-08,294.63494873046875,295.7799987792969,300.8699951171875,293.5400085449219,295.5799865722656,1093800
2025-12-09,289.9132995605469,291.0400085449219,297.0,290.6000061035156,295.0400085449219,676400
2025-12-10,295.62109375,296.7699890136719,297.489990234375,289.57000732421875,290.489990234375,727800
2025-12-11,298.1114196777344,299.2699890136719,303.75,296.82000732421875,297.9200134277344,900200
2025-12-12,294.7943420410156,295.94000244140625,300.1700134277344,292.489990234375,299.3999938964844,983500
2025-12-15,295.5314636230469,296.67999267578125,298.1000061035156,295.0899963378906,297.2200012207031,996800
2025-12-16,290.8795471191406,292.010009765625,298.2799987792969,290.82000732421875,297.6600036621094,1071200
2025-12-17,284.3050842285156,285.4100036621094,290.3800048828125,280.6000061035156,290.3800048828125,1942500
2025-12-18,287.2237548828125,288.3399963378906,292.5,286.0199890136719,289.0899963378906,1225300
2025-12-19,290.7400817871094,291.8699951171875,293.1099853515625,287.32000732421875,289.1199951171875,2016100
2025-12-22,290.7500305175781,291.8800048828125,294.07000732421875,289.7900085449219,294.07000732421875,856600
2025-12-23,291.7063293457031,292.8399963378906,293.7799987792969,291.2300109863281,292.94000244140625,586500
2025-12-24,292.50323486328125,293.6400146484375,294.9700012207031,292.6199951171875,292.92999267578125,213200
2025-12-26,293.06109619140625,294.20001220703125,294.55999755859375,292.2699890136719,293.3299865722656,540600
2025-12-29,290.8894958496094,292.0199890136719,295.0799865722656,290.4200134277344,294.25,565600
2025-12-30,287.76165771484375,288.8800048828125,292.82000732421875,288.7300109863281,291.5199890136719,597300
2025-12-31,284.1158142089844,285.2200012207031,289.0899963378906,285.1400146484375,288.010009765625,621900
2026-01-02,291.5170593261719,292.6499938964844,294.7300109863281,284.2300109863281,285.0799865722656,1035200
2026-01-05,295.521484375,296.6700134277344,297.2799987792969,289.8800048828125,291.44000244140625,988300
2026-01-06,298.6891784667969,299.8500061035156,302.55999755859375,294.989990234375,295.45001220703125,1015500
2026-01-07,290.9891052246094,292.1199951171875,302.7699890136719,291.7699890136719,301.69000244140625,1146200
2026-01-08,297.97198486328125,299.1300048828125,299.75,290.010009765625,291.510009765625,939200
2026-01-09,310.4136047363281,311.6199951171875,311.9200134277344,299.1499938964844,301.4100036621094,898600
2026-01-12,308.4213562011719,309.6199951171875,313.3699951171875,308.1099853515625,310.94000244140625,846100
2026-01-13,309.83587646484375,311.0400085449219,311.3599853515625,302.8800048828125,309.010009765625,1080200
2026-01-14,297.3244934082031,298.4800109863281,309.95001220703125,297.739990234375,305.5,1592500
2026-01-15,300.5419616699219,301.7099914550781,304.7099914550781,299.8999938964844,301.6300048828125,818800
2026-01-16,304.7854919433594,305.9700012207031,306.8599853515625,300.8599853515625,300.8599853515625,757900
2026-01-20,295.0035095214844,296.1499938964844,304.8399963378906,296.05999755859375,304.8399963378906,1054300
2026-01-21,297.8524169921875,299.010009765625,301.0,294.989990234375,298.82000732421875,972700
2026-01-22,302.095947265625,303.2699890136719,306.5899963378906,298.0899963378906,301.4800109863281,938600
2026-01-23,298.9083557128906,300.07000732421875,304.6499938964844,297.95001220703125,302.1099853515625,659300
2026-01-26,299.2370300292969,300.3999938964844,302.45001220703125,298.92999267578125,301.42999267578125,500300
2026-01-27,297.5137939453125,298.6700134277344,301.3599853515625,297.7099914550781,300.989990234375,520900
2026-01-28,298.5696716308594,299.7300109863281,300.3900146484375,295.5899963378906,297.8299865722656,697500
2026-01-29,298.3106689453125,299.4700012207031,303.80999755859375,296.260009765625,302.1199951171875,698800
2026-01-30,299.37652587890625,300.5400085449219,301.0,295.8399963378906,297.010009765625,977000
2026-02-02,304.7356872558594,305.9200134277344,307.4599914550781,301.8299865722656,301.8299865722656,991400
2026-02-03,309.8059997558594,311.010009765625,318.6700134277344,307.6300048828125,307.7200012207031,1427400
2026-02-04,310.28411865234375,311.489990234375,314.04998779296875,306.6000061035156,313.29998779296875,1581700
2026-02-05,309.55694580078125,310.760009765625,314.8399963378906,307.8800048828125,312.6400146484375,1428100
2026-02-06,322.4667663574219,323.7200012207031,324.55999755859375,312.20001220703125,315.0,992700
2026-02-09,326.0528259277344,327.32000732421875,327.8900146484375,321.5199890136719,322.07000732421875,1093600
2026-02-10,329.09100341796875,330.3699951171875,331.0899963378906,325.3999938964844,328.1199951171875,948200
2026-02-11,318.54205322265625,319.7799987792969,329.010009765625,319.2799987792969,327.3599853515625,1576800
2026-02-12,320.67376708984375,321.9200134277344,325.54998779296875,317.8900146484375,322.6499938964844,1202300
2026-02-13,326.3815612792969,327.6499938964844,328.7900085449219,320.3599853515625,322.2200012207031,1394500
2026-02-17,301.0500183105469,302.2200012207031,311.3399963378906,294.7200012207031,295.95001220703125,2068200
2026-02-18,298.2010803222656,299.3599853515625,304.3299865722656,297.8299865722656,302.2200012207031,1584800
2026-02-19,301.6775817871094,302.8500061035156,304.0,297.0799865722656,298.2900085449219,1436900
2026-02-20,304.1081237792969,305.2900085449219,306.95001220703125,298.6600036621094,303.3699951171875,1631400
2026-02-23,309.58685302734375,310.7900085449219,311.1400146484375,300.489990234375,303.0199890136719,1284000
2026-02-24,316.65936279296875,317.8900146484375,318.1000061035156,309.5199890136719,311.80999755859375,1347600
2026-02-25,304.34716796875,305.5299987792969,319.1499938964844,305.2799987792969,318.6000061035156,1345900
2026-02-26,307.7937927246094,308.989990234375,309.739990234375,305.45001220703125,307.0,945700
2026-02-27,308.7998962402344,310.0,311.7699890136719,304.67999267578125,305.7099914550781,1792000
2026-03-02,305.0146179199219,306.20001220703125,308.510009765625,301.6600036621094,306.8500061035156,1162100
2026-03-03,298.8385925292969,300.0,302.3999938964844,294.7300109863281,301.9700012207031,1095000
2026-03-04,294.83416748046875,295.9800109863281,297.8900146484375,292.54998779296875,297.3299865722656,1308400
2026-03-05,286.1180419921875,287.2300109863281,293.4800109863281,281.3500061035156,291.3399963378906,1693900
2026-03-06,273.9254150390625,274.989990234375,282.70001220703125,273.8699951171875,281.5400085449219,1535800
2026-03-09,273.7856750488281,274.3299865722656,274.3299865722656,266.80999755859375,271.80999755859375,1866600
2026-03-10,271.4603271484375,272.0,275.1300048828125,269.989990234375,273.5,1217000
2026-03-11,266.071044921875,266.6000061035156,271.17999267578125,265.95001220703125,270.44000244140625,1348200
2026-03-12,263.28656005859375,263.80999755859375,267.80999755859375,255.0,263.1199951171875,2890100
2026-03-13,264.8934020996094,265.4200134277344,269.32000732421875,263.3599853515625,265.32000732421875,2018900
2026-03-16,265.4223327636719,265.95001220703125,271.0899963378906,265.489990234375,269.3999938964844,1160600
2026-03-17,264.93328857421875,265.4599914550781,269.739990234375,264.2300109863281,268.54998779296875,747800
2026-03-18,257.3483581542969,257.8599853515625,263.739990234375,257.4100036621094,263.739990234375,1354900
2026-03-19,256.5100402832031,257.0199890136719,257.4200134277344,252.35000610351562,254.14999389648438,1060500
2026-03-20,257.8872985839844,258.3999938964844,259.489990234375,254.85000610351562,257.8500061035156,2709000
2026-03-23,263.2266845703125,263.75,267.0799865722656,261.6499938964844,264.7799987792969,1312000
2026-03-24,266.17083740234375,266.70001220703125,270.94000244140625,258.6600036621094,260.42999267578125,1699300
2026-03-25,268.9952087402344,269.5299987792969,271.6600036621094,263.5899963378906,270.9700012207031,1121300
2026-03-26,266.01116943359375,266.5400085449219,271.8599853515625,265.80999755859375,267.30999755859375,1186400
2026-03-27,260.94122314453125,261.4599914550781,266.7799987792969,260.9200134277344,266.5400085449219,1039600
2026-03-30,266.4103698730469,266.94000244140625,268.0299987792969,261.95001220703125,265.5299987792969,2452800
2026-03-31,271.75970458984375,272.29998779296875,273.7099914550781,264.54998779296875,267.8800048828125,1987900
2026-04-01,279.5741882324219,280.1300048828125,282.3299865722656,273.5400085449219,273.6000061035156,1964100
2026-04-02,279.3246765136719,279.8800048828125,284.5299987792969,275.4200134277344,276.2900085449219,1418200
2026-04-06,281.07122802734375,281.6300048828125,281.8399963378906,276.1099853515625,279.0,1056900
2026-04-07,277.2987060546875,277.8500061035156,280.5400085449219,275.6700134277344,279.3599853515625,1401700
2026-04-08,291.9994812011719,292.5799865722656,294.4100036621094,288.6300048828125,288.6700134277344,1103600
2026-04-09,292.4385986328125,293.0199890136719,294.80999755859375,288.7799987792969,290.7300109863281,702700
2026-04-10,294.89373779296875,295.4800109863281,295.79998779296875,292.0400085449219,293.9800109863281,780400
2026-04-13,296.5604248046875,297.1499938964844,297.57000732421875,289.6199951171875,293.7099914550781,724400
2026-04-14,296.2709655761719,296.8599853515625,299.489990234375,296.4800109863281,297.5799865722656,591300
2026-04-15,290.672119140625,291.25,296.2900085449219,290.5899963378906,296.0,793000
2026-04-16,285.2129821777344,285.7799987792969,293.05999755859375,284.5,291.5899963378906,736500
2026-04-17,291.1311950683594,291.7099914550781,297.510009765625,288.32000732421875,289.2200012207031,960100
2026-04-20,294.18511962890625,294.7699890136719,295.8500061035156,289.80999755859375,290.5799865722656,556900
2026-04-21,290.1431884765625,290.7200012207031,296.7099914550781,290.1000061035156,295.1199951171875,592900
2026-04-22,289.53436279296875,290.1099853515625,295.489990234375,289.1499938964844,293.6499938964844,656400
2026-04-23,292.12921142578125,292.7099914550781,294.1499938964844,288.0,291.8299865722656,605400
2026-04-24,291.4905090332031,292.07000732421875,294.3599853515625,289.3999938964844,291.0799865722656,699400
2026-04-27,290.74200439453125,291.32000732421875,295.510009765625,289.6700134277344,291.1300048828125,1164400
2026-04-28,290.8817138671875,291.4599914550781,292.57000732421875,287.05999755859375,291.7900085449219,1296000
2026-04-29,295.4925231933594,296.0799865722656,306.29998779296875,294.9800109863281,303.1199951171875,2056300
2026-04-30,301.14129638671875,301.739990234375,303.9800109863281,293.9700012207031,295.8299865722656,1611300
2026-05-01,296.7301025390625,297.32000732421875,303.17999267578125,295.010009765625,303.1600036621094,970100
2026-05-04,287.1491394042969,287.7200012207031,295.17999267578125,286.79998779296875,293.1300048828125,1427700
2026-05-05,290.9316101074219,291.510009765625,294.79998779296875,288.6099853515625,288.92999267578125,676600
2026-05-06,295.1332702636719,295.7200012207031,298.3500061035156,293.6300048828125,296.8399963378906,875800
2026-05-07,288.3567199707031,288.92999267578125,298.75,288.8900146484375,297.489990234375,792800
2026-05-08,283.1570739746094,283.7200012207031,291.0400085449219,282.79998779296875,290.5400085449219,1022400
2026-05-11,282.13909912109375,282.70001220703125,284.5400085449219,279.80999755859375,283.489990234375,928200
2026-05-12,278.7757568359375,279.3299865722656,282.6300048828125,277.8399963378906,282.2200012207031,900200
2026-05-13,273.99530029296875,274.5400085449219,280.05999755859375,272.8399963378906,277.8900146484375,1229100
2026-05-14,274.544189453125,275.0899963378906,278.2300109863281,274.69000244140625,276.6000061035156,850700
2026-05-15,267.298583984375,267.8299865722656,274.3999938964844,266.75,271.5,954700
2026-05-18,265.8015441894531,266.3299865722656,270.6700134277344,265.7699890136719,268.30999755859375,984400
2026-05-19,258.9451904296875,259.4599914550781,265.55999755859375,252.4199981689453,265.4800109863281,1497600
2026-05-20,262.7376708984375,263.260009765625,264.3999938964844,258.0199890136719,259.2900085449219,1202800
2026-05-21,261.55999755859375,262.0799865722656,263.5899963378906,258.2799987792969,260.2300109863281,701500
2026-05-22,260.6499938964844,260.6499938964844,264.0799865722656,257.8900146484375,263.0,803700
2026-05-26,268.94000244140625,268.94000244140625,270.80999755859375,261.2300109863281,262.4200134277344,1160800
2026-05-27,275.6499938964844,275.6499938964844,276.5799865722656,270.0199890136719,271.8900146484375,1223600
2026-05-28,276.75,276.75,278.489990234375,273.739990234375,274.5,1617100
2026-05-29,282.9200134277344,282.9200134277344,287.4200134277344,276.9599914550781,276.9599914550781,2057200
2026-06-01,281.55999755859375,281.55999755859375,284.20001220703125,275.489990234375,278.69000244140625,1415500
2026-06-02,281.8399963378906,281.8399963378906,285.8800048828125,278.5199890136719,278.5199890136719,1342400
2026-06-03,285.29998779296875,285.29998779296875,286.0799865722656,280.5,280.7699890136719,969400
2026-06-04,283.05999755859375,283.05999755859375,288.9800109863281,281.8900146484375,286.92999267578125,1091900
2026-06-05,281.3800048828125,281.3800048828125,285.55999755859375,280.3900146484375,283.7300109863281,1416000
2026-06-08,269.9800109863281,269.9800109863281,280.70001220703125,269.5299987792969,279.2300109863281,1249700
2026-06-09,279.0,279.0,279.4200134277344,271.6300048828125,272.55999755859375,1322800
2026-06-10,272.6700134277344,272.6700134277344,281.80999755859375,271.70001220703125,280.510009765625,1372400
2026-06-11,280.19000244140625,280.19000244140625,280.9599914550781,271.8599853515625,273.7300109863281,1559200
2026-06-12,286.4700012207031,286.4700012207031,288.6300048828125,280.94000244140625,284.7799987792969,915100
2026-06-15,292.989990234375,292.989990234375,299.3699951171875,287.8699951171875,292.2900085449219,1178400
2026-06-16,300.8299865722656,300.8299865722656,302.8699951171875,295.0199890136719,295.0199890136719,1383800
2026-06-17,294.82000732421875,294.82000732421875,305.2799987792969,293.0,299.05999755859375,1058100
2026-06-18,302.8399963378906,302.8399963378906,306.8599853515625,296.67999267578125,298.3299865722656,2011600
2026-06-22,304.3900146484375,304.3900146484375,307.0299987792969,298.57000732421875,300.6600036621094,968900
2026-06-23,299.0899963378906,299.0899963378906,305.1400146484375,299.0299987792969,301.75,878700
2026-06-24,307.2900085449219,307.2900085449219,309.9200134277344,301.739990234375,302.010009765625,1730900
2026-06-25,312.9700012207031,312.9700012207031,321.1600036621094,309.05999755859375,310.6499938964844,1111600
2026-06-26,311.3500061035156,311.3500061035156,314.7699890136719,307.0799865722656,313.70001220703125,1602800
2026-06-29,303.82000732421875,303.82000732421875,311.0,300.0,302.80999755859375,1448300
2026-06-30,295.010009765625,295.010009765625,306.989990234375,291.4200134277344,305.6499938964844,1936800
2026-07-01,295.0299987792969,295.0299987792969,295.489990234375,286.8299865722656,292.05999755859375,1216900
2026-07-02,303.19000244140625,303.19000244140625,303.739990234375,295.510009765625,298.20001220703125,1340400
2026-07-06,304.8399963378906,304.8399963378906,305.8299865722656,299.8999938964844,304.6499938964844,785200
2026-07-07,299.8999938964844,299.8999938964844,305.0400085449219,294.9200134277344,305.0400085449219,1013600
2026-07-08,286.5899963378906,286.5899963378906,295.489990234375,284.6300048828125,294.2300109863281,1037200
2026-07-09,288.7300109863281,288.7300109863281,290.1400146484375,284.5,285.75,939100
2026-07-10,295.25,295.25,297.04998779296875,288.42999267578125,288.7699890136719,1493000
2026-07-13,292.7799987792969,292.7799987792969,298.3500061035156,290.9700012207031,294.6199951171875,802700
2026-07-14,291.8900146484375,291.8900146484375,299.739990234375,291.7099914550781,295.8500061035156,736200
2026-07-15,289.1099853515625,289.1099853515625,292.82000732421875,287.510009765625,290.05999755859375,701000
2026-07-16,293.4700012207031,293.4700012207031,295.3699951171875,287.30999755859375,287.30999755859375,621000
2026-07-17,288.3299865722656,288.3299865722656,298.8500061035156,287.05999755859375,291.0299987792969,689800
2026-07-20,280.6199951171875,280.6199951171875,293.42999267578125,278.8699951171875,290.9100036621094,1219600
2026-07-21,276.75,276.75,282.5199890136719,274.8299865722656,281.54998779296875,1027600
2026-07-22,277.8299865722656,277.8299865722656,281.0799865722656,276.75,277.17999267578125,725900
2026-07-23,274.7300109863281,274.7300109863281,277.80999755859375,272.489990234375,275.4599914550781,400857
