Date,Adjusted_Close,Close,High,Low,Open,Volume
2021-07-23,18.025440216064453,22.81999969482422,23.139999389648438,22.719999313354492,23.059999465942383,2334200
2021-07-26,18.151824951171875,22.979999542236328,23.030000686645508,22.709999084472656,22.81999969482422,2087200
2021-07-27,18.49938201904297,23.420000076293945,23.610000610351562,22.959999084472656,23.139999389648438,4395300
2021-07-28,18.294004440307617,23.15999984741211,23.469999313354492,23.030000686645508,23.270000457763672,3001700
2021-07-29,18.30980682373047,23.18000030517578,23.5,23.049999237060547,23.25,1383600
2021-07-30,18.333499908447266,23.209999084472656,23.389999389648438,23.079999923706055,23.110000610351562,1605100
2021-08-02,18.42038917541504,23.31999969482422,23.40999984741211,23.1299991607666,23.200000762939453,2327900
2021-08-03,17.970149993896484,22.75,23.34000015258789,22.59000015258789,23.34000015258789,2155000
2021-08-04,17.654190063476562,22.350000381469727,22.729999542236328,22.329999923706055,22.639999389648438,2493400
2021-08-05,17.590999603271484,22.270000457763672,22.329999923706055,21.889999389648438,22.270000457763672,2157400
2021-08-06,17.559402465820312,22.229999542236328,22.459999084472656,22.049999237060547,22.260000228881836,1446000
2021-08-09,17.480411529541016,22.1299991607666,22.329999923706055,22.06999969482422,22.31999969482422,1407100
2021-08-10,17.40142250061035,22.030000686645508,22.260000228881836,21.770000457763672,22.100000381469727,4001500
2021-08-11,18.04913902282715,22.850000381469727,22.989999771118164,22.350000381469727,22.809999465942383,7899000
2021-08-12,18.562570571899414,23.5,23.899999618530273,23.170000076293945,23.229999542236328,5213100
2021-08-13,18.720552444458008,23.700000762939453,23.75,23.190000534057617,23.530000686645508,2575900
2021-08-16,18.696849822998047,23.670000076293945,23.8700008392334,23.56999969482422,23.739999771118164,2796200
2021-08-17,18.681055068969727,23.649999618530273,23.65999984741211,23.290000915527344,23.43000030517578,1686200
2021-08-18,18.989116668701172,24.040000915527344,24.399999618530273,23.8700008392334,24.190000534057617,3684100
2021-08-19,18.775842666625977,23.770000457763672,24.260000228881836,23.760000228881836,23.889999389648438,3027800
2021-08-20,18.73634910583496,23.719999313354492,23.829999923706055,23.549999237060547,23.780000686645508,3302500
2021-08-23,18.775842666625977,23.770000457763672,23.920000076293945,23.600000381469727,23.860000610351562,1607000
2021-08-24,18.37299346923828,23.260000228881836,23.799999237060547,23.209999084472656,23.75,3528600
2021-08-25,18.459888458251953,23.3700008392334,23.540000915527344,22.950000762939453,23.239999771118164,2253900
2021-08-26,18.30980682373047,23.18000030517578,23.3700008392334,23.030000686645508,23.219999313354492,1310100
2021-08-27,18.436189651489258,23.34000015258789,23.459999084472656,23.030000686645508,23.030000686645508,1998900
2021-08-30,18.017541885375977,22.809999465942383,23.34000015258789,22.770000457763672,23.290000915527344,3199100
2021-08-31,18.279586791992188,23.020000457763672,23.09000015258789,22.59000015258789,22.690000534057617,2053600
2021-09-01,18.374876022338867,23.139999389648438,23.229999542236328,22.920000076293945,23.040000915527344,1511700
2021-09-02,18.279586791992188,23.020000457763672,23.360000610351562,23.0,23.139999389648438,1635000
2021-09-03,18.184295654296875,22.899999618530273,22.969999313354492,22.68000030517578,22.969999313354492,1646000
2021-09-07,18.033424377441406,22.709999084472656,22.950000762939453,22.670000076293945,22.940000534057617,3705300
2021-09-08,18.20018196105957,22.920000076293945,22.989999771118164,22.739999771118164,22.780000686645508,1655200
2021-09-09,18.12076759338379,22.81999969482422,23.100000381469727,22.719999313354492,22.90999984741211,1541900
2021-09-10,17.787260055541992,22.399999618530273,22.809999465942383,22.360000610351562,22.780000686645508,2063200
2021-09-13,17.834903717041016,22.459999084472656,22.600000381469727,22.290000915527344,22.59000015258789,1609000
2021-09-14,17.834903717041016,22.459999084472656,22.510000228881836,22.25,22.510000228881836,1638800
2021-09-15,17.819026947021484,22.440000534057617,22.459999084472656,22.229999542236328,22.40999984741211,1454500
2021-09-16,17.882551193237305,22.520000457763672,22.549999237060547,22.309999465942383,22.5,1360800
2021-09-17,17.77931785583496,22.389999389648438,22.600000381469727,22.31999969482422,22.540000915527344,2103600
2021-09-20,17.38228416442871,21.889999389648438,22.299999237060547,21.639999389648438,22.100000381469727,2190800
2021-09-21,17.302875518798828,21.790000915527344,22.010000228881836,21.6299991607666,21.829999923706055,1973400
2021-09-22,17.342580795288086,21.84000015258789,22.139999389648438,21.799999237060547,21.850000381469727,1437700
2021-09-23,17.803144454956055,22.420000076293945,22.469999313354492,21.889999389648438,21.889999389648438,2677600
2021-09-24,18.128713607788086,22.829999923706055,23.09000015258789,22.3799991607666,22.459999084472656,2888700
2021-09-27,18.033424377441406,22.709999084472656,23.15999984741211,22.6299991607666,22.780000686645508,1877700
2021-09-28,17.38228416442871,21.889999389648438,22.729999542236328,21.8799991607666,22.56999969482422,1957100
2021-09-29,17.366403579711914,21.8700008392334,22.149999618530273,21.770000457763672,21.950000762939453,2060300
2021-09-30,17.21552848815918,21.68000030517578,22.06999969482422,21.649999618530273,21.93000030517578,2808000
2021-10-01,17.707853317260742,22.299999237060547,22.360000610351562,21.719999313354492,21.81999969482422,2415700
2021-10-04,17.62050437927246,22.190000534057617,22.610000610351562,21.989999771118164,22.3700008392334,2363900
2021-10-05,17.501392364501953,22.040000915527344,22.350000381469727,21.829999923706055,22.040000915527344,2713000
2021-10-06,17.612564086914062,22.18000030517578,22.280000686645508,21.8700008392334,22.06999969482422,1875000
2021-10-07,17.68403434753418,22.270000457763672,22.420000076293945,22.100000381469727,22.100000381469727,1610000
2021-10-08,17.5887393951416,22.149999618530273,22.510000228881836,22.149999618530273,22.459999084472656,1102200
2021-10-11,17.429927825927734,21.950000762939453,22.389999389648438,21.950000762939453,22.190000534057617,1244100
2021-10-12,17.255231857299805,21.729999542236328,22.1299991607666,21.68000030517578,22.059999465942383,1316900
2021-10-13,17.477567672729492,22.010000228881836,22.030000686645508,21.440000534057617,21.690000534057617,3183500
2021-10-14,17.723735809326172,22.31999969482422,22.43000030517578,21.920000076293945,21.969999313354492,2084100
2021-10-15,17.58080291748047,22.139999389648438,22.459999084472656,22.100000381469727,22.3799991607666,1746000
2021-10-18,17.58080291748047,22.139999389648438,22.15999984741211,21.920000076293945,22.079999923706055,1696500
2021-10-19,17.54109764099121,22.09000015258789,22.139999389648438,21.950000762939453,22.1200008392334,1410900
2021-10-20,17.771379470825195,22.3799991607666,22.81999969482422,21.93000030517578,21.950000762939453,4146600
2021-10-21,17.803144454956055,22.420000076293945,22.530000686645508,22.170000076293945,22.329999923706055,1636500
2021-10-22,17.938135147094727,22.59000015258789,22.649999618530273,22.3700008392334,22.459999084472656,1699300
2021-10-25,17.7396183013916,22.34000015258789,22.790000915527344,22.31999969482422,22.68000030517578,2121600
2021-10-26,17.572858810424805,22.1299991607666,22.520000457763672,21.809999465942383,22.459999084472656,1928400
2021-10-27,17.477567672729492,22.010000228881836,22.389999389648438,22.010000228881836,22.280000686645508,1478300
2021-10-28,17.68403434753418,22.270000457763672,22.299999237060547,21.940000534057617,22.040000915527344,1120100
2021-10-29,17.707853317260742,22.299999237060547,22.31999969482422,22.040000915527344,22.1299991607666,1758700
2021-11-01,18.104890823364258,22.799999237060547,22.93000030517578,22.209999084472656,22.270000457763672,1744100
2021-11-02,17.85079002380371,22.479999542236328,22.8799991607666,22.219999313354492,22.8799991607666,1452100
2021-11-03,17.858732223510742,22.489999771118164,22.579999923706055,22.309999465942383,22.360000610351562,2185800
2021-11-04,17.938135147094727,22.59000015258789,22.84000015258789,22.440000534057617,22.510000228881836,1684800
2021-11-05,18.049304962158203,22.729999542236328,23.040000915527344,22.649999618530273,22.93000030517578,2069400
2021-11-08,18.20812225341797,22.93000030517578,23.18000030517578,22.6200008392334,22.739999771118164,3221500
2021-11-09,18.295467376708984,23.040000915527344,23.15999984741211,22.850000381469727,23.09000015258789,4766900
2021-11-10,16.993186950683594,21.399999618530273,21.989999771118164,20.530000686645508,21.90999984741211,9987700
2021-11-11,17.183765411376953,21.639999389648438,22.0,21.110000610351562,21.389999389648438,3186700
2021-11-12,17.26317024230957,21.739999771118164,21.90999984741211,21.450000762939453,21.59000015258789,2599600
2021-11-15,17.421985626220703,21.940000534057617,22.270000457763672,21.68000030517578,21.739999771118164,2948900
2021-11-16,17.279054641723633,21.760000228881836,22.0,21.700000762939453,21.729999542236328,3285300
2021-11-17,17.572858810424805,22.1299991607666,22.350000381469727,21.709999084472656,21.739999771118164,2823300
2021-11-18,17.294933319091797,21.780000686645508,22.25,21.510000228881836,22.110000610351562,3637400
2021-11-19,17.421985626220703,21.940000534057617,22.1299991607666,21.579999923706055,21.780000686645508,3367500
2021-11-22,17.374340057373047,21.8799991607666,22.290000915527344,21.799999237060547,22.020000457763672,2103000
2021-11-23,17.374340057373047,21.8799991607666,21.950000762939453,21.510000228881836,21.81999969482422,1855200
2021-11-24,17.390222549438477,21.899999618530273,22.020000457763672,21.670000076293945,21.729999542236328,1530400
2021-11-26,16.929658889770508,21.31999969482422,21.6299991607666,21.219999313354492,21.5,1409300
2021-11-29,16.866134643554688,21.239999771118164,21.56999969482422,21.149999618530273,21.450000762939453,1911500
2021-11-30,16.434898376464844,20.579999923706055,21.1200008392334,20.530000686645508,21.079999923706055,2955200
2021-12-01,16.27518081665039,20.3799991607666,21.34000015258789,20.3700008392334,20.829999923706055,2498700
2021-12-02,16.818220138549805,21.059999465942383,21.200000762939453,20.450000762939453,20.450000762939453,2074900
2021-12-03,16.898082733154297,21.15999984741211,21.299999237060547,21.0,21.079999923706055,2576100
2021-12-06,17.489030838012695,21.899999618530273,22.170000076293945,21.329999923706055,21.3799991607666,3090600
2021-12-07,17.680694580078125,22.139999389648438,22.329999923706055,22.030000686645508,22.030000686645508,2481200
2021-12-08,17.76055145263672,22.239999771118164,22.450000762939453,22.149999618530273,22.18000030517578,1340500
2021-12-09,17.768535614013672,22.25,22.440000534057617,22.190000534057617,22.200000762939453,1363700
2021-12-10,17.824438095092773,22.31999969482422,22.469999313354492,22.1299991607666,22.40999984741211,1514100
2021-12-13,17.648752212524414,22.100000381469727,22.3799991607666,21.950000762939453,22.3799991607666,1341800
2021-12-14,17.62479019165039,22.06999969482422,22.200000762939453,21.81999969482422,21.889999389648438,2415800
2021-12-15,17.816452026367188,22.309999465942383,22.399999618530273,21.969999313354492,22.139999389648438,1915500
2021-12-16,17.72062110900879,22.190000534057617,22.489999771118164,22.170000076293945,22.389999389648438,1733400
2021-12-17,17.936241149902344,22.459999084472656,22.68000030517578,22.049999237060547,22.100000381469727,3611300
2021-12-20,18.11192512512207,22.68000030517578,22.729999542236328,22.110000610351562,22.309999465942383,1896100
2021-12-21,18.287616729736328,22.899999618530273,23.079999923706055,22.770000457763672,22.799999237060547,2029500
2021-12-22,18.35150146484375,22.979999542236328,23.110000610351562,22.81999969482422,22.81999969482422,1765500
2021-12-23,18.63100814819336,23.329999923706055,23.360000610351562,22.979999542236328,23.059999465942383,1191900
2021-12-27,18.846628189086914,23.600000381469727,23.639999389648438,23.209999084472656,23.329999923706055,1165500
2021-12-28,18.90253257751465,23.670000076293945,23.8700008392334,23.350000381469727,23.5,1492100
2021-12-29,19.03829002380371,23.84000015258789,24.15999984741211,23.559999465942383,23.6299991607666,1901400
2021-12-30,19.062246322631836,23.8700008392334,24.190000534057617,23.860000610351562,23.920000076293945,1588300
2021-12-31,19.04627799987793,23.850000381469727,24.200000762939453,23.829999923706055,23.920000076293945,1300700
2022-01-03,19.078218460083008,23.889999389648438,24.06999969482422,23.549999237060547,23.950000762939453,2117000
2022-01-04,19.062246322631836,23.8700008392334,24.139999389648438,23.790000915527344,24.030000686645508,3093100
2022-01-05,19.04627799987793,23.850000381469727,24.219999313354492,23.780000686645508,24.049999237060547,3287200
2022-01-06,19.213977813720703,24.059999465942383,24.309999465942383,23.829999923706055,23.829999923706055,2157500
2022-01-07,19.221961975097656,24.06999969482422,24.479999542236328,24.059999465942383,24.110000610351562,2306200
2022-01-10,19.142105102539062,23.969999313354492,24.059999465942383,23.709999084472656,23.950000762939453,2054400
2022-01-11,19.078218460083008,23.889999389648438,24.0,23.68000030517578,23.84000015258789,1873000
2022-01-12,18.806697845458984,23.549999237060547,23.989999771118164,23.399999618530273,23.81999969482422,2238100
2022-01-13,18.846628189086914,23.600000381469727,23.850000381469727,23.540000915527344,23.649999618530273,1686300
2022-01-14,18.62302589416504,23.31999969482422,23.639999389648438,23.06999969482422,23.6299991607666,1853000
2022-01-18,18.29560661315918,22.90999984741211,23.290000915527344,22.809999465942383,23.170000076293945,1945600
2022-01-19,18.519210815429688,23.190000534057617,23.239999771118164,22.90999984741211,23.0,2447900
2022-01-20,17.712636947631836,22.18000030517578,23.34000015258789,22.170000076293945,23.239999771118164,2149900
2022-01-21,17.552919387817383,21.979999542236328,22.280000686645508,21.959999084472656,22.09000015258789,2424000
2022-01-24,17.896312713623047,22.40999984741211,22.440000534057617,21.520000457763672,21.81999969482422,3868500
2022-01-25,17.768535614013672,22.25,22.510000228881836,21.770000457763672,22.149999618530273,2030900
2022-01-26,17.736591339111328,22.209999084472656,22.729999542236328,22.030000686645508,22.350000381469727,1963200
2022-01-27,17.704647064208984,22.170000076293945,22.610000610351562,22.09000015258789,22.290000915527344,1632800
2022-01-28,18.0560302734375,22.610000610351562,22.6299991607666,21.850000381469727,22.100000381469727,1766100
2022-01-31,18.391435623168945,23.030000686645508,23.030000686645508,22.350000381469727,22.459999084472656,1829500
2022-02-01,18.48726463317871,23.149999618530273,23.190000534057617,22.850000381469727,23.010000228881836,1679300
2022-02-02,18.25567626953125,22.860000610351562,23.450000762939453,22.770000457763672,23.170000076293945,3009100
2022-02-03,18.04804229736328,22.600000381469727,23.1200008392334,22.56999969482422,22.790000915527344,2281800
2022-02-04,18.119915008544922,22.690000534057617,22.860000610351562,22.31999969482422,22.549999237060547,1310600
2022-02-07,17.992137908935547,22.530000686645508,22.920000076293945,22.43000030517578,22.780000686645508,2617000
2022-02-08,18.223731994628906,22.81999969482422,23.040000915527344,22.610000610351562,22.6299991607666,1640200
2022-02-09,18.734827041625977,23.459999084472656,23.489999771118164,23.040000915527344,23.040000915527344,2622700
2022-02-10,18.343521118164062,22.969999313354492,23.579999923706055,22.84000015258789,23.1299991607666,3171900
2022-02-11,18.319562911987305,22.940000534057617,23.459999084472656,22.93000030517578,23.06999969482422,2051800
2022-02-14,18.2636661529541,22.8700008392334,23.270000457763672,22.770000457763672,23.110000610351562,2405200
2022-02-15,18.55913734436035,23.239999771118164,23.329999923706055,23.059999465942383,23.059999465942383,1583700
2022-02-16,18.479280471801758,23.139999389648438,23.260000228881836,22.84000015258789,23.229999542236328,2136000
2022-02-17,18.135887145996094,22.709999084472656,23.079999923706055,22.670000076293945,23.079999923706055,1678200
2022-02-18,18.135887145996094,22.709999084472656,23.059999465942383,22.600000381469727,22.6299991607666,2065400
2022-02-22,17.86436653137207,22.3700008392334,22.809999465942383,22.270000457763672,22.75,2675700
2022-02-23,17.568891525268555,22.0,22.59000015258789,21.950000762939453,22.530000686645508,2016500
2022-02-24,17.91228485107422,22.43000030517578,22.450000762939453,21.43000030517578,21.579999923706055,2014800
2022-02-25,18.14387321472168,22.719999313354492,22.739999771118164,22.18000030517578,22.420000076293945,1722500
2022-02-28,18.15984344482422,22.739999771118164,22.780000686645508,22.360000610351562,22.40999984741211,3061100
2022-03-01,18.135887145996094,22.709999084472656,23.079999923706055,22.229999542236328,22.780000686645508,3246600
2022-03-02,18.11192512512207,22.68000030517578,23.079999923706055,22.579999923706055,22.90999984741211,3324100
2022-03-03,17.568891525268555,22.0,23.040000915527344,21.920000076293945,23.040000915527344,2541300
2022-03-04,17.29180335998535,21.530000686645508,21.899999618530273,21.3799991607666,21.899999618530273,2246800
2022-03-07,16.817941665649414,20.940000534057617,21.549999237060547,20.93000030517578,21.510000228881836,3049800
2022-03-08,16.914325714111328,21.059999465942383,21.600000381469727,20.6200008392334,20.8799991607666,2531200
2022-03-09,17.163301467895508,21.3700008392334,21.75,21.270000457763672,21.520000457763672,2250200
2022-03-10,16.92235565185547,21.06999969482422,21.31999969482422,20.969999313354492,21.1200008392334,2014600
2022-03-11,17.074953079223633,21.260000228881836,21.719999313354492,21.18000030517578,21.200000762939453,3141700
2022-03-14,16.94645118713379,21.100000381469727,21.5,20.979999542236328,21.350000381469727,2366500
2022-03-15,17.259679794311523,21.489999771118164,21.719999313354492,21.219999313354492,21.329999923706055,1884500
2022-03-16,17.4685001373291,21.75,21.940000534057617,21.40999984741211,21.670000076293945,2797900
2022-03-17,17.605031967163086,21.920000076293945,21.93000030517578,21.6299991607666,21.690000534057617,2330000
2022-03-18,17.878103256225586,22.260000228881836,22.329999923706055,21.510000228881836,21.65999984741211,4680200
2022-03-21,17.58896827697754,21.899999618530273,22.299999237060547,21.799999237060547,22.209999084472656,2751200
2022-03-22,17.605031967163086,21.920000076293945,22.100000381469727,21.84000015258789,21.93000030517578,1693000
2022-03-23,17.2677059173584,21.5,21.959999084472656,21.459999084472656,21.829999923706055,1901900
2022-03-24,17.645185470581055,21.969999313354492,21.979999542236328,21.229999542236328,21.520000457763672,2540600
2022-03-25,17.605031967163086,21.920000076293945,22.149999618530273,21.84000015258789,21.850000381469727,1940000
2022-03-28,17.637155532836914,21.959999084472656,22.100000381469727,21.75,22.0,1400000
2022-03-29,17.974483489990234,22.3799991607666,22.43000030517578,22.149999618530273,22.209999084472656,2161800
2022-03-30,18.086923599243164,22.520000457763672,22.56999969482422,22.25,22.329999923706055,1797600
2022-03-31,17.645185470581055,21.969999313354492,22.65999984741211,21.950000762939453,22.479999542236328,1900800
2022-04-01,17.4283390045166,21.700000762939453,22.190000534057617,21.6200008392334,22.0,2051900
2022-04-04,17.65321922302246,21.979999542236328,22.030000686645508,21.329999923706055,21.600000381469727,3131400
2022-04-05,17.10708236694336,21.299999237060547,22.030000686645508,21.290000915527344,21.8700008392334,3126400
2022-04-06,17.0347957611084,21.209999084472656,21.3799991607666,20.719999313354492,21.170000076293945,2293800
2022-04-07,16.93038558959961,21.079999923706055,21.170000076293945,20.8799991607666,21.1200008392334,1563300
2022-04-08,16.89826202392578,21.040000915527344,21.280000686645508,20.93000030517578,20.950000762939453,1684200
2022-04-11,16.866134643554688,21.0,21.200000762939453,20.899999618530273,20.90999984741211,1750400
2022-04-12,16.46455955505371,20.5,21.170000076293945,20.360000610351562,20.940000534057617,3153400
2022-04-13,16.777793884277344,20.889999389648438,21.030000686645508,20.549999237060547,20.56999969482422,2257800
2022-04-14,16.777793884277344,20.889999389648438,21.15999984741211,20.850000381469727,20.899999618530273,1929400
2022-04-18,16.424402236938477,20.450000762939453,20.75,20.209999084472656,20.479999542236328,2803700
2022-04-19,16.51274871826172,20.559999465942383,20.760000228881836,20.399999618530273,20.510000228881836,1890500
2022-04-20,16.70550537109375,20.799999237060547,20.969999313354492,20.639999389648438,20.700000762939453,1944900
2022-04-21,16.689441680908203,20.780000686645508,21.190000534057617,20.709999084472656,21.010000228881836,2204900
2022-04-22,16.087081909179688,20.030000686645508,20.649999618530273,19.799999237060547,20.649999618530273,2597900
2022-04-25,16.39227867126465,20.40999984741211,20.420000076293945,19.75,20.299999237060547,2347300
2022-04-26,15.966607093811035,19.8799991607666,20.399999618530273,19.850000381469727,20.309999465942383,3983900
2022-04-27,15.94251537322998,19.850000381469727,20.020000457763672,19.6200008392334,19.84000015258789,2069900
2022-04-28,16.199520111083984,20.170000076293945,20.260000228881836,19.739999771118164,19.93000030517578,2607100
2022-04-29,15.870231628417969,19.760000228881836,20.200000762939453,19.729999542236328,20.0,2059900
2022-05-02,15.685504913330078,19.530000686645508,19.920000076293945,19.149999618530273,19.829999923706055,2898400
2022-05-03,15.436532020568848,19.219999313354492,19.559999465942383,19.040000915527344,19.520000457763672,2391500
2022-05-04,15.548971176147461,19.360000610351562,19.450000762939453,18.950000762939453,19.25,2704000
2022-05-05,15.131332397460938,18.84000015258789,19.31999969482422,18.700000762939453,19.31999969482422,2353400
2022-05-06,14.802042007446289,18.43000030517578,18.81999969482422,18.270000457763672,18.790000915527344,2951500
2022-05-09,14.336215019226074,17.850000381469727,18.34000015258789,17.84000015258789,18.149999618530273,3243600
2022-05-10,14.537002563476562,18.100000381469727,18.270000457763672,17.670000076293945,18.020000457763672,5243300
2022-05-11,12.906609535217285,16.06999969482422,17.1200008392334,15.770000457763672,17.030000686645508,9223500
2022-05-12,13.814168930053711,17.200000762939453,17.329999923706055,15.869999885559082,15.989999771118164,5732300
2022-05-13,13.91857624053955,17.329999923706055,17.770000457763672,17.270000457763672,17.31999969482422,4448300
2022-05-16,13.966765403747559,17.389999389648438,17.520000457763672,17.15999984741211,17.280000686645508,3282800
2022-05-17,14.151490211486816,17.6200008392334,17.65999984741211,17.190000534057617,17.600000381469727,2771700
2022-05-18,13.47684383392334,16.780000686645508,17.530000686645508,16.690000534057617,17.489999771118164,2993200
2022-05-19,13.187710762023926,16.420000076293945,16.770000457763672,16.3799991607666,16.6200008392334,3150600
2022-05-20,13.348342895507812,16.6200008392334,16.6200008392334,16.059999465942383,16.579999923706055,2796600
2022-05-23,13.380470275878906,16.65999984741211,16.799999237060547,16.149999618530273,16.719999313354492,4436200
2022-05-24,13.067239761352539,16.270000457763672,16.6200008392334,16.110000610351562,16.549999237060547,3255300
2022-05-25,14.34424877166748,17.860000610351562,18.399999618530273,17.3799991607666,17.3799991607666,15151800
2022-05-26,14.930546760559082,18.59000015258789,18.940000534057617,17.780000686645508,17.799999237060547,5956800
2022-05-27,15.147396087646484,18.860000610351562,19.170000076293945,18.610000610351562,18.639999389648438,3518700
2022-05-31,15.070587158203125,18.639999389648438,18.739999771118164,18.329999923706055,18.59000015258789,3029000
2022-06-01,14.98973560333252,18.540000915527344,18.780000686645508,18.309999465942383,18.649999618530273,2605300
2022-06-02,15.151440620422363,18.739999771118164,18.770000457763672,18.440000534057617,18.520000457763672,2001600
2022-06-03,15.27271556854248,18.889999389648438,18.989999771118164,18.639999389648438,18.709999084472656,2027500
2022-06-06,15.191864013671875,18.790000915527344,18.93000030517578,18.610000610351562,18.90999984741211,2422300
2022-06-07,15.183780670166016,18.780000686645508,18.799999237060547,18.520000457763672,18.610000610351562,1685500
2022-06-08,15.232287406921387,18.84000015258789,18.90999984741211,18.6200008392334,18.639999389648438,2183000
2022-06-09,15.086755752563477,18.65999984741211,18.899999618530273,18.59000015258789,18.709999084472656,1645900
2022-06-10,14.682503700256348,18.15999984741211,18.399999618530273,17.989999771118164,18.3799991607666,2770300
2022-06-13,14.553139686584473,18.0,18.110000610351562,17.549999237060547,17.760000228881836,2304900
2022-06-14,14.286334991455078,17.670000076293945,18.200000762939453,17.520000457763672,18.040000915527344,2986300
2022-06-15,14.561226844787598,18.010000228881836,18.290000915527344,17.84000015258789,17.889999389648438,2453000
2022-06-16,13.873994827270508,17.15999984741211,17.719999313354492,17.030000686645508,17.68000030517578,2487700
2022-06-17,14.359100341796875,17.760000228881836,17.84000015258789,17.219999313354492,17.299999237060547,3584100
2022-06-21,14.504632949829102,17.940000534057617,18.15999984741211,17.8799991607666,18.040000915527344,2941500
2022-06-22,14.448037147521973,17.8700008392334,17.93000030517578,17.56999969482422,17.700000762939453,2597600
2022-06-23,14.763355255126953,18.260000228881836,18.360000610351562,17.84000015258789,17.8700008392334,3417700
2022-06-24,15.466756820678711,19.1299991607666,19.200000762939453,18.34000015258789,18.3799991607666,4889000
2022-06-27,15.385904312133789,19.030000686645508,19.209999084472656,18.81999969482422,19.100000381469727,2564600
2022-06-28,15.13526725769043,18.719999313354492,19.270000457763672,18.68000030517578,19.06999969482422,2141400
2022-06-29,15.29697036743164,18.920000076293945,18.979999542236328,18.540000915527344,18.739999771118164,1549500
2022-06-30,15.264627456665039,18.8799991607666,19.030000686645508,18.600000381469727,18.760000228881836,1774500
2022-07-01,15.652717590332031,19.360000610351562,19.450000762939453,18.719999313354492,18.770000457763672,2041700
2022-07-05,16.170154571533203,20.0,20.030000686645508,19.100000381469727,19.209999084472656,2400300
2022-07-06,15.919520378112793,19.690000534057617,20.18000030517578,19.600000381469727,20.010000228881836,1744900
2022-07-07,15.927607536315918,19.700000762939453,19.8700008392334,19.610000610351562,19.760000228881836,2490300
2022-07-08,15.790157318115234,19.530000686645508,19.760000228881836,19.5,19.549999237060547,1854400
2022-07-11,15.7739896774292,19.510000228881836,19.68000030517578,19.399999618530273,19.510000228881836,1716200
2022-07-12,15.81441879272461,19.559999465942383,19.8799991607666,19.5,19.5,1551800
2022-07-13,15.91143798828125,19.68000030517578,19.790000915527344,19.219999313354492,19.260000228881836,1436700
2022-07-14,15.83867073059082,19.59000015258789,19.739999771118164,19.479999542236328,19.520000457763672,1499400
2022-07-15,16.251007080078125,20.100000381469727,20.200000762939453,19.799999237060547,19.809999465942383,2560800
2022-07-18,16.145906448364258,19.969999313354492,20.399999618530273,19.920000076293945,20.219999313354492,2183300
2022-07-19,16.533985137939453,20.450000762939453,20.59000015258789,20.200000762939453,20.200000762939453,1868100
2022-07-20,16.64717674255371,20.59000015258789,20.770000457763672,20.440000534057617,20.540000915527344,1803200
2022-07-21,16.566328048706055,20.489999771118164,20.579999923706055,20.229999542236328,20.3799991607666,949400
2022-07-22,16.671432495117188,20.6200008392334,20.68000030517578,20.3700008392334,20.56999969482422,1269500
2022-07-25,16.47739028930664,20.3799991607666,20.719999313354492,20.219999313354492,20.65999984741211,1421800
2022-07-26,16.582500457763672,20.510000228881836,20.549999237060547,20.1299991607666,20.31999969482422,1721600
2022-07-27,16.68760108947754,20.639999389648438,20.770000457763672,20.360000610351562,20.700000762939453,1423500
2022-07-28,17.09994125366211,21.149999618530273,21.219999313354492,20.610000610351562,20.690000534057617,1617300
2022-07-29,17.00292205810547,21.030000686645508,21.219999313354492,20.899999618530273,21.219999313354492,1439800
2022-08-01,17.156538009643555,21.219999313354492,21.3700008392334,20.920000076293945,20.920000076293945,1329900
2022-08-02,17.019092559814453,21.049999237060547,21.229999542236328,21.0,21.110000610351562,1712400
2022-08-03,17.334409713745117,21.440000534057617,21.489999771118164,21.06999969482422,21.18000030517578,2202100
2022-08-04,17.205049514770508,21.280000686645508,21.479999542236328,21.219999313354492,21.3799991607666,2172100
2022-08-05,16.88973045349121,20.889999389648438,21.25,20.809999465942383,21.170000076293945,3091800
2022-08-08,17.148448944091797,21.209999084472656,21.600000381469727,20.93000030517578,20.950000762939453,4467800
2022-08-09,17.067604064941406,21.110000610351562,21.350000381469727,20.959999084472656,21.290000915527344,2893400
2022-08-10,16.76845359802246,20.739999771118164,21.170000076293945,20.020000457763672,21.1299991607666,3144300
2022-08-11,17.213130950927734,21.290000915527344,21.489999771118164,20.899999618530273,20.959999084472656,3039900
2022-08-12,17.302064895629883,21.399999618530273,21.469999313354492,21.18000030517578,21.260000228881836,2246600
2022-08-15,17.1080265045166,21.15999984741211,21.459999084472656,21.1200008392334,21.440000534057617,1760100
2022-08-16,17.213130950927734,21.290000915527344,21.399999618530273,21.049999237060547,21.049999237060547,1648200
2022-08-17,17.36675262451172,21.479999542236328,21.6299991607666,21.190000534057617,21.25,2545500
2022-08-18,17.24547004699707,21.329999923706055,21.479999542236328,21.190000534057617,21.479999542236328,1381400
2022-08-19,17.09994125366211,21.149999618530273,21.25,21.040000915527344,21.1299991607666,1623900
2022-08-22,16.11355972290039,19.93000030517578,20.799999237060547,19.829999923706055,20.719999313354492,5841700
2022-08-23,16.251007080078125,20.100000381469727,20.260000228881836,19.940000534057617,20.020000457763672,2189400
2022-08-24,16.356117248535156,20.229999542236328,20.299999237060547,19.93000030517578,20.030000686645508,2655800
2022-08-25,16.331859588623047,20.200000762939453,20.420000076293945,20.06999969482422,20.260000228881836,1613500
2022-08-26,15.676966667175293,19.389999389648438,20.229999542236328,19.360000610351562,20.100000381469727,3087000
2022-08-29,15.741650581359863,19.469999313354492,19.510000228881836,19.110000610351562,19.25,1845700
2022-08-30,15.685054779052734,19.399999618530273,19.600000381469727,19.25,19.559999465942383,1587700
2022-08-31,15.607748985290527,19.18000030517578,19.540000915527344,19.170000076293945,19.389999389648438,1890600
2022-09-01,15.786773681640625,19.399999618530273,19.399999618530273,18.950000762939453,19.049999237060547,1870600
2022-09-02,15.721672058105469,19.31999969482422,19.600000381469727,19.229999542236328,19.540000915527344,1401600
2022-09-06,15.469409942626953,19.010000228881836,19.530000686645508,18.84000015258789,19.40999984741211,2122200
2022-09-07,15.762359619140625,19.3700008392334,19.399999618530273,19.079999923706055,19.079999923706055,5534300
2022-09-08,16.05531120300293,19.729999542236328,19.780000686645508,19.25,19.34000015258789,1648700
2022-09-09,16.706314086914062,20.530000686645508,20.950000762939453,19.65999984741211,19.739999771118164,11971500
2022-09-12,16.83651351928711,20.690000534057617,21.229999542236328,20.360000610351562,20.520000457763672,5818800
2022-09-13,16.275022506713867,20.0,20.420000076293945,19.90999984741211,20.34000015258789,2332100
2022-09-14,16.34825897216797,20.09000015258789,20.219999313354492,19.829999923706055,20.030000686645508,2153600
2022-09-15,16.11227035522461,19.799999237060547,20.200000762939453,19.700000762939453,20.049999237060547,1578300
2022-09-16,16.161100387573242,19.860000610351562,19.8799991607666,19.510000228881836,19.68000030517578,2478600
2022-09-19,16.291301727294922,20.020000457763672,20.079999923706055,19.65999984741211,19.670000076293945,1530600
2022-09-20,16.218059539794922,19.93000030517578,20.139999389648438,19.729999542236328,19.8700008392334,1524700
2022-09-21,15.884427070617676,19.520000457763672,20.15999984741211,19.5,19.959999084472656,1377000
2022-09-22,15.575193405151367,19.139999389648438,19.489999771118164,18.950000762939453,19.450000762939453,1924500
2022-09-23,15.518233299255371,19.06999969482422,19.1200008392334,18.799999237060547,18.940000534057617,2304600
2022-09-26,15.412447929382324,18.940000534057617,19.200000762939453,18.84000015258789,19.06999969482422,1791800
2022-09-27,15.290384292602539,18.790000915527344,19.360000610351562,18.649999618530273,19.18000030517578,1729700
2022-09-28,15.705397605895996,19.299999237060547,19.5,18.850000381469727,18.950000762939453,1819200
2022-09-29,15.265975952148438,18.760000228881836,19.1299991607666,18.5,19.09000015258789,1888900
2022-09-30,15.20901107788086,18.690000534057617,19.059999465942383,18.65999984741211,18.739999771118164,2207600
2022-10-03,15.420585632324219,18.950000762939453,19.059999465942383,18.549999237060547,18.84000015258789,1587800
2022-10-04,15.84373664855957,19.469999313354492,19.610000610351562,19.229999542236328,19.229999542236328,1836800
2022-10-05,15.91697883605957,19.559999465942383,19.649999618530273,19.15999984741211,19.280000686645508,1354500
2022-10-06,15.90069580078125,19.540000915527344,19.799999237060547,19.459999084472656,19.559999465942383,1614900
2022-10-07,15.542648315429688,19.100000381469727,19.450000762939453,18.920000076293945,19.40999984741211,1885000
2022-10-10,15.737946510314941,19.34000015258789,19.459999084472656,19.079999923706055,19.15999984741211,1665600
2022-10-11,15.754226684570312,19.360000610351562,19.459999084472656,18.989999771118164,19.299999237060547,1567500
2022-10-12,15.656571388244629,19.239999771118164,19.479999542236328,19.190000534057617,19.399999618530273,1542400
2022-10-13,16.063451766967773,19.739999771118164,19.799999237060547,18.790000915527344,18.950000762939453,1865000
2022-10-14,15.83559513092041,19.459999084472656,20.040000915527344,19.3700008392334,19.81999969482422,1316800
2022-10-17,16.242473602294922,19.959999084472656,20.049999237060547,19.68000030517578,19.68000030517578,1358200
2022-10-18,16.478464126586914,20.25,20.3700008392334,20.09000015258789,20.299999237060547,1482200
2022-10-19,16.356395721435547,20.100000381469727,20.31999969482422,19.8799991607666,20.110000610351562,1317100
2022-10-20,16.161100387573242,19.860000610351562,20.25,19.809999465942383,20.040000915527344,1562600
2022-10-21,16.437772750854492,20.200000762939453,20.290000915527344,19.709999084472656,19.81999969482422,1433300
2022-10-24,16.331985473632812,20.06999969482422,20.3700008392334,19.93000030517578,20.200000762939453,1909000
2022-10-25,16.592388153076172,20.389999389648438,20.559999465942383,20.06999969482422,20.06999969482422,1609800
2022-10-26,16.559837341308594,20.350000381469727,20.700000762939453,20.329999923706055,20.489999771118164,1455100
2022-10-27,16.746997833251953,20.579999923706055,20.90999984741211,20.469999313354492,20.530000686645508,1823300
2022-10-28,17.064359664916992,20.969999313354492,21.0,20.559999465942383,20.600000381469727,1536300
2022-10-31,16.909751892089844,20.780000686645508,21.020000457763672,20.709999084472656,20.940000534057617,2018700
2022-11-01,16.94230079650879,20.81999969482422,20.93000030517578,20.540000915527344,20.889999389648438,1941000
2022-11-02,16.68189811706543,20.5,21.1299991607666,20.5,20.81999969482422,1919800
2022-11-03,16.559837341308594,20.350000381469727,20.489999771118164,20.18000030517578,20.3799991607666,2039700
2022-11-04,16.624937057495117,20.43000030517578,20.760000228881836,20.18000030517578,20.530000686645508,2377400
2022-11-07,16.763273239135742,20.600000381469727,20.68000030517578,20.260000228881836,20.5,2408700
2022-11-08,16.608661651611328,20.40999984741211,20.8799991607666,20.309999465942383,20.549999237060547,4355200
2022-11-09,17.113187789916992,21.030000686645508,21.5,20.360000610351562,20.360000610351562,4039300
2022-11-10,17.397994995117188,21.3799991607666,21.459999084472656,20.690000534057617,21.31999969482422,3647100
2022-11-11,17.13759994506836,21.059999465942383,21.489999771118164,20.75,21.399999618530273,2362800
2022-11-14,16.68189811706543,20.5,21.139999389648438,20.5,21.06999969482422,2599300
2022-11-15,16.926023483276367,20.799999237060547,20.969999313354492,20.600000381469727,20.729999542236328,2004600
2022-11-16,16.860925674438477,20.719999313354492,21.030000686645508,20.639999389648438,20.790000915527344,1741200
2022-11-17,16.82837677001953,20.68000030517578,20.709999084472656,20.3799991607666,20.459999084472656,1824600
2022-11-18,17.023672103881836,20.920000076293945,21.020000457763672,20.65999984741211,20.93000030517578,1566000
2022-11-21,17.397994995117188,21.3799991607666,21.459999084472656,20.889999389648438,20.899999618530273,2479300
2022-11-22,17.5526123046875,21.56999969482422,21.579999923706055,21.299999237060547,21.3700008392334,1929100
2022-11-23,17.837425231933594,21.920000076293945,21.969999313354492,21.520000457763672,21.520000457763672,1994600
2022-11-25,18.244298934936523,22.420000076293945,22.5,21.940000534057617,21.979999542236328,1390600
2022-11-28,18.04899787902832,22.18000030517578,22.530000686645508,22.149999618530273,22.350000381469727,5048000
2022-11-29,18.146652221679688,22.299999237060547,22.399999618530273,22.100000381469727,22.1200008392334,2407400
2022-11-30,18.461711883544922,22.559999465942383,22.6200008392334,22.15999984741211,22.229999542236328,2566900
2022-12-01,18.568098068237305,22.690000534057617,22.790000915527344,22.440000534057617,22.600000381469727,1864900
2022-12-02,18.829967498779297,23.010000228881836,23.020000457763672,22.440000534057617,22.450000762939453,2236000
2022-12-05,18.91179656982422,23.110000610351562,23.149999618530273,22.809999465942383,22.93000030517578,1725500
2022-12-06,18.960899353027344,23.170000076293945,23.209999084472656,22.889999389648438,23.06999969482422,2184300
2022-12-07,18.764495849609375,22.93000030517578,23.280000686645508,22.81999969482422,23.110000610351562,1781600
2022-12-08,19.050914764404297,23.280000686645508,23.309999465942383,22.989999771118164,23.020000457763672,1392400
2022-12-09,18.91179656982422,23.110000610351562,23.3700008392334,23.079999923706055,23.290000915527344,1398700
2022-12-12,19.10001564025879,23.34000015258789,23.34000015258789,22.979999542236328,23.079999923706055,1516200
2022-12-13,19.149110794067383,23.399999618530273,23.780000686645508,23.110000610351562,23.639999389648438,2461900
2022-12-14,19.21457862854004,23.479999542236328,23.670000076293945,23.229999542236328,23.360000610351562,1690800
2022-12-15,19.0181827545166,23.239999771118164,23.479999542236328,22.84000015258789,23.34000015258789,3004100
2022-12-16,18.903615951538086,23.100000381469727,23.190000534057617,22.799999237060547,23.010000228881836,3406700
2022-12-19,18.658111572265625,22.799999237060547,23.100000381469727,22.709999084472656,23.09000015258789,1180300
2022-12-20,18.780866622924805,22.950000762939453,23.010000228881836,22.6200008392334,22.729999542236328,1431400
2022-12-21,18.72357749938965,22.8799991607666,23.229999542236328,22.81999969482422,23.049999237060547,1421400
2022-12-22,18.805416107177734,22.979999542236328,23.0,22.709999084472656,22.860000610351562,3090100
2022-12-23,18.928165435791016,23.1299991607666,23.18000030517578,22.8799991607666,22.950000762939453,955100
2022-12-27,18.70721435546875,22.860000610351562,23.170000076293945,22.81999969482422,23.110000610351562,1165500
2022-12-28,18.559913635253906,22.68000030517578,23.059999465942383,22.670000076293945,22.8700008392334,1016400
2022-12-29,18.641748428344727,22.780000686645508,22.8799991607666,22.670000076293945,22.75,1384600
2022-12-30,18.51899528503418,22.6299991607666,22.760000228881836,22.450000762939453,22.729999542236328,1231200
2023-01-03,18.003442764282227,22.0,22.84000015258789,21.889999389648438,22.790000915527344,3044000
2023-01-04,18.674480438232422,22.81999969482422,22.889999389648438,22.15999984741211,22.15999984741211,2485200
2023-01-05,18.568098068237305,22.690000534057617,22.829999923706055,22.360000610351562,22.399999618530273,1888600
2023-01-06,18.633563995361328,22.770000457763672,22.93000030517578,22.579999923706055,22.850000381469727,1489000
2023-01-09,18.26531219482422,22.31999969482422,22.90999984741211,22.219999313354492,22.739999771118164,3377600
2023-01-10,18.404430389404297,22.489999771118164,22.700000762939453,22.239999771118164,22.389999389648438,1991000
2023-01-11,18.06890869140625,22.079999923706055,22.579999923706055,22.030000686645508,22.489999771118164,2059900
2023-01-12,17.82341194152832,21.780000686645508,22.200000762939453,21.739999771118164,22.100000381469727,2233600
2023-01-13,18.887245178222656,23.079999923706055,23.219999313354492,21.40999984741211,21.40999984741211,5681000
2023-01-17,18.674480438232422,22.81999969482422,23.489999771118164,22.709999084472656,22.959999084472656,3478700
2023-01-18,18.3798770904541,22.459999084472656,23.010000228881836,22.350000381469727,22.899999618530273,3650700
2023-01-19,18.14255714416504,22.170000076293945,22.639999389648438,22.149999618530273,22.600000381469727,2928000
2023-01-20,18.3962459564209,22.479999542236328,22.68000030517578,22.030000686645508,22.260000228881836,2809200
2023-01-23,18.28986167907715,22.350000381469727,22.559999465942383,22.200000762939453,22.5,1994500
2023-01-24,18.07709503173828,22.09000015258789,22.3799991607666,21.920000076293945,22.219999313354492,2355500
2023-01-25,18.05254364013672,22.059999465942383,22.15999984741211,21.850000381469727,22.0,1796800
2023-01-26,17.86432456970215,21.829999923706055,22.139999389648438,21.709999084472656,22.030000686645508,2346700
2023-01-27,17.586088180541992,21.489999771118164,21.81999969482422,21.469999313354492,21.809999465942383,2053500
2023-01-30,17.85614013671875,21.81999969482422,21.950000762939453,21.530000686645508,21.530000686645508,2389100
2023-01-31,18.24894142150879,22.299999237060547,22.329999923706055,21.790000915527344,21.850000381469727,2536700
2023-02-01,18.257125854492188,22.309999465942383,22.420000076293945,22.09000015258789,22.200000762939453,1788300
2023-02-02,18.306230545043945,22.3700008392334,22.649999618530273,22.31999969482422,22.360000610351562,2751100
2023-02-03,18.232576370239258,22.280000686645508,22.3700008392334,22.049999237060547,22.299999237060547,1755700
2023-02-06,18.404430389404297,22.489999771118164,22.5,22.18000030517578,22.280000686645508,1617100
2023-02-07,18.600826263427734,22.729999542236328,22.75,22.260000228881836,22.489999771118164,1877600
2023-02-08,18.428977966308594,22.520000457763672,22.729999542236328,22.34000015258789,22.690000534057617,1767000
2023-02-09,18.3798770904541,22.459999084472656,22.670000076293945,22.34000015258789,22.6299991607666,1933800
2023-02-10,18.257125854492188,22.309999465942383,22.469999313354492,22.1200008392334,22.43000030517578,1947000
2023-02-13,18.54354476928711,22.65999984741211,22.690000534057617,22.239999771118164,22.329999923706055,1740000
2023-02-14,18.510812759399414,22.6200008392334,22.850000381469727,22.56999969482422,22.68000030517578,1689200
2023-02-15,18.789047241210938,22.959999084472656,22.969999313354492,22.549999237060547,22.549999237060547,1366900
2023-02-16,18.73176383972168,22.889999389648438,23.059999465942383,22.729999542236328,22.799999237060547,1418000
2023-02-17,18.739946365356445,22.899999618530273,22.969999313354492,22.780000686645508,22.860000610351562,3539900
2023-02-21,18.453527450561523,22.549999237060547,22.809999465942383,22.530000686645508,22.68000030517578,1966800
2023-02-22,18.486263275146484,22.59000015258789,22.65999984741211,22.459999084472656,22.59000015258789,1766400
2023-02-23,18.478078842163086,22.579999923706055,22.65999984741211,22.280000686645508,22.549999237060547,1618400
2023-02-24,18.412609100341797,22.5,22.559999465942383,22.280000686645508,22.459999084472656,2063400
2023-02-27,18.216211318969727,22.260000228881836,22.700000762939453,22.200000762939453,22.56999969482422,3480800
2023-02-28,18.174827575683594,21.959999084472656,22.329999923706055,21.899999618530273,22.09000015258789,5052800
2023-03-01,18.373462677001953,22.200000762939453,22.549999237060547,21.389999389648438,22.270000457763672,4974100
2023-03-02,18.56381607055664,22.43000030517578,22.520000457763672,21.719999313354492,22.200000762939453,3356400
2023-03-03,18.149999618530273,21.93000030517578,22.5,21.8700008392334,22.389999389648438,3484300
2023-03-06,18.001028060913086,21.75,21.940000534057617,21.549999237060547,21.75,3661200
2023-03-07,17.785839080810547,21.489999771118164,21.8700008392334,21.43000030517578,21.770000457763672,2435400
2023-03-08,17.794116973876953,21.5,21.549999237060547,21.3799991607666,21.489999771118164,1940400
2023-03-09,17.446510314941406,21.079999923706055,21.610000610351562,21.049999237060547,21.56999969482422,5130100
2023-03-10,17.280986785888672,20.8799991607666,21.270000457763672,20.760000228881836,21.059999465942383,2767300
2023-03-13,16.90854835510254,20.43000030517578,21.020000457763672,20.3799991607666,20.780000686645508,6018600
2023-03-14,17.115459442138672,20.68000030517578,21.010000228881836,20.530000686645508,20.729999542236328,3607200
2023-03-15,17.123735427856445,20.690000534057617,20.799999237060547,20.299999237060547,20.5,4413800
2023-03-16,17.297536849975586,20.899999618530273,21.1299991607666,20.520000457763672,20.559999465942383,3364100
2023-03-17,17.040973663330078,20.59000015258789,20.93000030517578,20.43000030517578,20.920000076293945,14361000
2023-03-20,17.421680450439453,21.049999237060547,21.1200008392334,20.579999923706055,20.670000076293945,3068600
2023-03-21,17.703075408935547,21.389999389648438,21.579999923706055,21.06999969482422,21.350000381469727,3712900
2023-03-22,17.206499099731445,20.790000915527344,21.520000457763672,20.770000457763672,21.40999984741211,4166400
2023-03-23,17.189945220947266,20.770000457763672,21.06999969482422,20.56999969482422,20.8700008392334,2534200
2023-03-24,17.3968563079834,21.020000457763672,21.09000015258789,20.540000915527344,20.700000762939453,3725700
2023-03-27,17.51272201538086,21.15999984741211,21.239999771118164,21.059999465942383,21.1299991607666,2643000
2023-03-28,17.454788208007812,21.09000015258789,21.31999969482422,20.979999542236328,21.149999618530273,1704700
2023-03-29,17.49616813659668,21.139999389648438,21.3700008392334,21.030000686645508,21.25,2215500
2023-03-30,17.570653915405273,21.229999542236328,21.43000030517578,21.190000534057617,21.260000228881836,1771000
2023-03-31,18.02585792541504,21.780000686645508,21.799999237060547,21.329999923706055,21.389999389648438,2826800
2023-04-03,18.43967056274414,22.280000686645508,22.34000015258789,21.780000686645508,21.850000381469727,3214800
2023-04-04,17.967918395996094,21.709999084472656,22.290000915527344,21.59000015258789,22.229999542236328,2625500
2023-04-05,17.951366424560547,21.690000534057617,22.09000015258789,21.6299991607666,21.6299991607666,3598100
2023-04-06,17.967918395996094,21.709999084472656,21.93000030517578,21.600000381469727,21.84000015258789,1665600
2023-04-10,17.959640502929688,21.700000762939453,21.760000228881836,21.530000686645508,21.670000076293945,2717700
2023-04-11,18.158275604248047,21.940000534057617,22.010000228881836,21.700000762939453,21.75,1913700
2023-04-12,17.843772888183594,21.559999465942383,22.0,21.540000915527344,22.0,1466200
2023-04-13,17.885154724121094,21.610000610351562,21.670000076293945,21.399999618530273,21.559999465942383,1955300
2023-04-14,17.80239486694336,21.510000228881836,21.8700008392334,21.450000762939453,21.579999923706055,2763000
2023-04-17,18.232763290405273,22.030000686645508,22.059999465942383,21.600000381469727,21.68000030517578,2859800
2023-04-18,18.19137954711914,21.979999542236328,22.149999618530273,21.8700008392334,22.1200008392334,1707200
2023-04-19,18.28242301940918,22.09000015258789,22.110000610351562,21.780000686645508,21.940000534057617,1971900
2023-04-20,18.572092056274414,22.440000534057617,22.450000762939453,22.06999969482422,22.079999923706055,2092000
2023-04-21,18.75417137145996,22.65999984741211,22.709999084472656,22.3799991607666,22.5,1999500
2023-04-24,18.67140769958496,22.559999465942383,22.700000762939453,22.34000015258789,22.6299991607666,2724800
2023-04-25,18.373462677001953,22.200000762939453,22.540000915527344,22.15999984741211,22.469999313354492,2978800
2023-04-26,18.100339889526367,21.8700008392334,22.299999237060547,21.8700008392334,22.18000030517578,2562400
2023-04-27,18.241039276123047,22.040000915527344,22.1299991607666,21.8799991607666,21.899999618530273,2012400
2023-04-28,18.290695190429688,22.100000381469727,22.100000381469727,21.8700008392334,21.950000762939453,2321500
2023-05-01,18.35690689086914,22.18000030517578,22.290000915527344,22.110000610351562,22.139999389648438,2204500
2023-05-02,18.224485397338867,22.020000457763672,22.200000762939453,21.559999465942383,22.200000762939453,1950900
2023-05-03,18.116893768310547,21.889999389648438,22.209999084472656,21.84000015258789,22.09000015258789,1829300
2023-05-04,18.241039276123047,22.040000915527344,22.31999969482422,21.899999618530273,21.899999618530273,3699900
2023-05-05,18.729341506958008,22.6299991607666,22.690000534057617,22.06999969482422,22.1200008392334,2418400
2023-05-08,18.91969871520996,22.860000610351562,22.899999618530273,22.5,22.68000030517578,3083900
2023-05-09,19.010738372802734,22.969999313354492,23.170000076293945,22.770000457763672,22.8799991607666,5039200
2023-05-10,19.209367752075195,23.209999084472656,23.899999618530273,22.43000030517578,23.190000534057617,6417100
2023-05-11,19.2176456451416,23.219999313354492,23.229999542236328,22.5,23.200000762939453,4212600
2023-05-12,19.39972686767578,23.440000534057617,23.489999771118164,23.149999618530273,23.280000686645508,3211600
2023-05-15,19.722501754760742,23.829999923706055,23.84000015258789,23.420000076293945,23.450000762939453,3129500
2023-05-16,19.43282699584961,23.479999542236328,23.799999237060547,23.469999313354492,23.770000457763672,2676300
2023-05-17,19.3831729888916,23.420000076293945,23.700000762939453,23.360000610351562,23.510000228881836,3493500
2023-05-18,19.449382781982422,23.5,23.610000610351562,23.260000228881836,23.31999969482422,1864700
2023-05-19,19.366615295410156,23.399999618530273,23.889999389648438,23.329999923706055,23.860000610351562,2657600
2023-05-22,18.77072525024414,22.68000030517578,23.43000030517578,22.649999618530273,23.420000076293945,2667500
2023-05-23,18.50588035583496,22.360000610351562,22.690000534057617,22.260000228881836,22.600000381469727,3565900
2023-05-24,18.572092056274414,22.440000534057617,22.5,22.1299991607666,22.329999923706055,2696400
2023-05-25,18.390010833740234,22.219999313354492,22.440000534057617,22.0,22.280000686645508,2394800
2023-05-26,18.373462677001953,22.200000762939453,22.40999984741211,22.079999923706055,22.270000457763672,1636600
2023-05-30,18.398290634155273,22.229999542236328,22.360000610351562,22.139999389648438,22.139999389648438,2905600
2023-05-31,18.42340087890625,22.010000228881836,22.100000381469727,21.799999237060547,21.969999313354492,3186000
2023-06-01,18.94236946105957,22.6299991607666,22.75,22.010000228881836,22.030000686645508,3168100
2023-06-02,19.042818069458008,22.75,22.90999984741211,22.559999465942383,22.700000762939453,3040500
2023-06-05,18.73310661315918,22.3799991607666,22.729999542236328,22.360000610351562,22.559999465942383,2286100
2023-06-06,18.69962501525879,22.34000015258789,22.459999084472656,22.010000228881836,22.3799991607666,1669300
2023-06-07,18.582441329956055,22.200000762939453,22.56999969482422,22.030000686645508,22.40999984741211,2086000
2023-06-08,18.590808868408203,22.209999084472656,22.3799991607666,22.059999465942383,22.1200008392334,1990300
2023-06-09,18.599180221557617,22.219999313354492,22.549999237060547,22.1299991607666,22.209999084472656,2530000
2023-06-12,18.498735427856445,22.100000381469727,22.239999771118164,21.899999618530273,22.219999313354492,2892300
2023-06-13,18.42340087890625,22.010000228881836,22.200000762939453,21.969999313354492,22.059999465942383,2621800
2023-06-14,18.38991928100586,21.969999313354492,22.389999389648438,21.860000610351562,22.139999389648438,2897400
2023-06-15,18.48199462890625,22.079999923706055,22.079999923706055,21.84000015258789,21.989999771118164,2017200
2023-06-16,18.808443069458008,22.469999313354492,22.530000686645508,22.149999618530273,22.18000030517578,4098600
2023-06-20,18.816816329956055,22.479999542236328,22.59000015258789,22.309999465942383,22.40999984741211,3154700
2023-06-21,18.716367721557617,22.360000610351562,22.479999542236328,22.25,22.469999313354492,3036500
2023-06-22,18.523845672607422,22.1299991607666,22.40999984741211,21.989999771118164,22.3700008392334,2349600
2023-06-23,17.921173095703125,21.40999984741211,22.030000686645508,21.350000381469727,22.010000228881836,4241900
2023-06-26,17.82072639465332,21.290000915527344,21.5,21.229999542236328,21.389999389648438,1919000
2023-06-27,17.937911987304688,21.43000030517578,21.549999237060547,21.25,21.360000610351562,1822500
2023-06-28,17.971393585205078,21.469999313354492,21.520000457763672,21.329999923706055,21.450000762939453,1714000
2023-06-29,18.272733688354492,21.829999923706055,21.889999389648438,21.360000610351562,21.479999542236328,3147800
2023-06-30,18.20577049255371,21.75,21.93000030517578,21.65999984741211,21.899999618530273,1879400
2023-07-03,18.247621536254883,21.799999237060547,22.0,21.709999084472656,21.780000686645508,1062100
2023-07-05,18.029991149902344,21.540000915527344,21.760000228881836,21.299999237060547,21.709999084472656,2803700
2023-07-06,17.81235694885254,21.280000686645508,21.479999542236328,21.15999984741211,21.450000762939453,1990600
2023-07-07,17.845840454101562,21.31999969482422,21.459999084472656,21.229999542236328,21.229999542236328,1392500
2023-07-10,17.85420799255371,21.329999923706055,21.540000915527344,21.25,21.280000686645508,2339000
2023-07-11,17.896059036254883,21.3799991607666,21.489999771118164,21.31999969482422,21.399999618530273,2825500
2023-07-12,18.004878997802734,21.510000228881836,21.65999984741211,21.40999984741211,21.479999542236328,2104800
2023-07-13,17.862581253051758,21.34000015258789,21.59000015258789,21.260000228881836,21.520000457763672,1945600
2023-07-14,17.87932014465332,21.360000610351562,21.3700008392334,21.1200008392334,21.309999465942383,2899400
2023-07-17,17.862581253051758,21.34000015258789,21.520000457763672,21.270000457763672,21.360000610351562,2755200
2023-07-18,17.728652954101562,21.18000030517578,21.5,21.06999969482422,21.360000610351562,3055400
2023-07-19,18.13043785095215,21.65999984741211,21.670000076293945,21.290000915527344,21.290000915527344,3126500
2023-07-20,18.197397232055664,21.739999771118164,21.770000457763672,21.450000762939453,21.690000534057617,2284000
2023-07-21,18.096956253051758,21.6200008392334,21.889999389648438,21.579999923706055,21.8700008392334,2039000
2023-07-24,17.92954444885254,21.420000076293945,21.709999084472656,21.360000610351562,21.709999084472656,2062900
2023-07-25,17.83746910095215,21.309999465942383,21.530000686645508,21.280000686645508,21.3799991607666,1791800
2023-07-26,18.0634708404541,21.579999923706055,21.6200008392334,21.06999969482422,21.06999969482422,2404900
2023-07-27,18.080211639404297,21.600000381469727,21.739999771118164,21.459999084472656,21.56999969482422,2607100
2023-07-28,17.95465850830078,21.450000762939453,21.739999771118164,21.360000610351562,21.68000030517578,1796700
2023-07-31,17.98813819885254,21.489999771118164,21.559999465942383,21.31999969482422,21.469999313354492,2065600
2023-08-01,17.904430389404297,21.389999389648438,21.559999465942383,21.329999923706055,21.5,1904000
2023-08-02,17.97977066040039,21.479999542236328,21.68000030517578,21.280000686645508,21.290000915527344,2090900
2023-08-03,17.98813819885254,21.489999771118164,21.56999969482422,21.280000686645508,21.3799991607666,2199900
2023-08-04,18.071842193603516,21.59000015258789,21.799999237060547,21.489999771118164,21.6200008392334,2779900
2023-08-07,18.272733688354492,21.829999923706055,21.989999771118164,21.600000381469727,21.600000381469727,2910500
2023-08-08,18.189027786254883,21.729999542236328,21.8700008392334,21.530000686645508,21.739999771118164,4266600
2023-08-09,17.82072639465332,21.290000915527344,22.420000076293945,21.239999771118164,22.100000381469727,4599800
2023-08-10,18.046730041503906,21.559999465942383,21.760000228881836,21.360000610351562,21.389999389648438,2503700
2023-08-11,18.02161979675293,21.530000686645508,21.68000030517578,21.350000381469727,21.56999969482422,2912400
2023-08-14,18.080211639404297,21.600000381469727,21.610000610351562,21.31999969482422,21.520000457763672,2059700
2023-08-15,17.92954444885254,21.420000076293945,21.6200008392334,21.40999984741211,21.530000686645508,1505600
2023-08-16,17.77887535095215,21.239999771118164,21.520000457763672,21.219999313354492,21.309999465942383,2170300
2023-08-17,17.393835067749023,20.780000686645508,21.3700008392334,20.75,21.229999542236328,2274800
2023-08-18,17.27664566040039,20.639999389648438,20.8799991607666,20.549999237060547,20.8799991607666,1945800
2023-08-21,17.285015106201172,20.649999618530273,20.719999313354492,20.510000228881836,20.649999618530273,1629600
2023-08-22,17.059011459350586,20.3799991607666,20.709999084472656,20.200000762939453,20.65999984741211,3215800
2023-08-23,16.849756240844727,20.1299991607666,20.40999984741211,20.110000610351562,20.350000381469727,2576900
2023-08-24,17.008790969848633,20.31999969482422,20.440000534057617,19.90999984741211,20.049999237060547,2333900
2023-08-25,16.891605377197266,20.18000030517578,20.530000686645508,20.1200008392334,20.43000030517578,2147200
2023-08-28,16.99205207824707,20.299999237060547,20.520000457763672,20.18000030517578,20.239999771118164,2338200
2023-08-29,16.99205207824707,20.299999237060547,20.309999465942383,20.06999969482422,20.280000686645508,3170800
2023-08-30,16.966941833496094,20.270000457763672,20.450000762939453,20.239999771118164,20.3700008392334,3017500
2023-08-31,16.772018432617188,19.790000915527344,20.270000457763672,19.770000457763672,20.079999923706055,3417000
2023-09-01,16.899141311645508,19.940000534057617,20.040000915527344,19.90999984741211,19.93000030517578,2308200
2023-09-05,16.9838924407959,20.040000915527344,20.299999237060547,19.81999969482422,19.979999542236328,3311700
2023-09-06,17.068641662597656,20.139999389648438,20.260000228881836,19.8700008392334,19.969999313354492,3679100
2023-09-07,16.848289489746094,19.8799991607666,20.170000076293945,19.860000610351562,20.170000076293945,2547300
2023-09-08,16.687265396118164,19.690000534057617,20.030000686645508,19.670000076293945,19.979999542236328,1972100
2023-09-11,16.797441482543945,19.81999969482422,19.889999389648438,19.690000534057617,19.739999771118164,2317500
2023-09-12,16.873716354370117,19.90999984741211,20.010000228881836,19.68000030517578,19.850000381469727,2237600
2023-09-13,16.899141311645508,19.940000534057617,19.959999084472656,19.770000457763672,19.959999084472656,1689300
2023-09-14,17.136442184448242,20.219999313354492,20.25,19.959999084472656,19.979999542236328,1601900
2023-09-15,17.043216705322266,20.110000610351562,20.170000076293945,20.020000457763672,20.149999618530273,2986400
2023-09-18,17.33136558532715,20.450000762939453,20.489999771118164,20.1200008392334,20.1299991607666,2499900
2023-09-19,17.297462463378906,20.40999984741211,20.59000015258789,20.280000686645508,20.420000076293945,3362400
2023-09-20,17.611038208007812,20.780000686645508,20.829999923706055,20.450000762939453,20.479999542236328,2624100
2023-09-21,17.272037506103516,20.3799991607666,20.780000686645508,20.360000610351562,20.610000610351562,2243000
2023-09-22,17.348312377929688,20.469999313354492,20.68000030517578,20.350000381469727,20.3700008392334,1926900
2023-09-25,17.47544288635254,20.6200008392334,20.729999542236328,20.299999237060547,20.299999237060547,2083200
2023-09-26,17.450014114379883,20.59000015258789,20.84000015258789,20.559999465942383,20.600000381469727,2928100
2023-09-27,17.24661636352539,20.350000381469727,20.639999389648438,20.079999923706055,20.6200008392334,2787000
2023-09-28,17.305940628051758,20.420000076293945,20.530000686645508,20.309999465942383,20.3799991607666,2265400
2023-09-29,17.297462463378906,20.40999984741211,20.639999389648438,20.360000610351562,20.489999771118164,1785000
2023-10-02,16.9838924407959,20.040000915527344,20.459999084472656,19.989999771118164,20.40999984741211,3037300
2023-10-03,16.44148826599121,19.399999618530273,20.059999465942383,19.290000915527344,20.020000457763672,2993400
2023-10-04,16.373687744140625,19.31999969482422,19.610000610351562,19.280000686645508,19.469999313354492,4908100
2023-10-05,16.594039916992188,19.579999923706055,19.610000610351562,19.309999465942383,19.350000381469727,2392900
2023-10-06,16.110963821411133,19.010000228881836,19.459999084472656,18.84000015258789,19.459999084472656,2640200
2023-10-09,16.31436538696289,19.25,19.399999618530273,18.90999984741211,18.90999984741211,2670600
2023-10-10,16.500816345214844,19.469999313354492,19.5,19.190000534057617,19.239999771118164,2137700
2023-10-11,16.195714950561523,19.110000610351562,19.420000076293945,18.979999542236328,19.420000076293945,2351200
2023-10-12,15.534667015075684,18.329999923706055,19.139999389648438,18.219999313354492,19.139999389648438,3336200
2023-10-13,15.755017280578613,18.59000015258789,18.700000762939453,18.190000534057617,18.329999923706055,3006300
2023-10-16,15.941465377807617,18.809999465942383,18.8799991607666,18.459999084472656,18.709999084472656,1706600
2023-10-17,15.949939727783203,18.81999969482422,19.0,18.770000457763672,18.790000915527344,2551700
2023-10-18,16.195714950561523,19.110000610351562,19.209999084472656,18.799999237060547,18.84000015258789,1992500
2023-10-19,16.322839736938477,19.260000228881836,19.43000030517578,18.959999084472656,18.959999084472656,2594700
2023-10-20,16.229612350463867,19.149999618530273,19.360000610351562,19.110000610351562,19.229999542236328,1764000
2023-10-23,16.068593978881836,18.959999084472656,19.34000015258789,18.8700008392334,19.040000915527344,2495100
2023-10-24,16.339792251586914,19.280000686645508,19.43000030517578,19.010000228881836,19.049999237060547,1619500
2023-10-25,16.187240600585938,19.100000381469727,19.299999237060547,18.950000762939453,19.280000686645508,1820800
2023-10-26,16.204187393188477,19.1200008392334,19.239999771118164,19.030000686645508,19.030000686645508,1938000
2023-10-27,16.127914428710938,19.030000686645508,19.450000762939453,18.989999771118164,19.170000076293945,2182700
2023-10-30,16.30588722229004,19.239999771118164,19.3799991607666,19.170000076293945,19.170000076293945,1958900
2023-10-31,16.11944007873535,19.020000457763672,19.329999923706055,18.93000030517578,19.290000915527344,4230400
2023-11-01,16.094018936157227,18.989999771118164,19.06999969482422,18.760000228881836,19.020000457763672,6147100
2023-11-02,15.84824275970459,18.700000762939453,19.530000686645508,18.579999923706055,19.25,5275500
2023-11-03,16.31436538696289,19.25,19.309999465942383,18.799999237060547,18.850000381469727,3357100
2023-11-06,16.161815643310547,19.06999969482422,19.280000686645508,18.920000076293945,19.219999313354492,2612800
2023-11-07,15.941465377807617,18.809999465942383,19.049999237060547,18.68000030517578,19.020000457763672,2380500
2023-11-08,15.882142066955566,18.739999771118164,18.950000762939453,18.649999618530273,18.84000015258789,1614400
2023-11-09,15.77196979522705,18.610000610351562,18.809999465942383,18.579999923706055,18.790000915527344,1355300
2023-11-10,16.026214599609375,18.90999984741211,18.950000762939453,18.520000457763672,18.600000381469727,1667600
2023-11-13,15.805865287780762,18.649999618530273,19.030000686645508,18.610000610351562,18.93000030517578,1726200
2023-11-14,16.00926399230957,18.889999389648438,19.030000686645508,18.75,18.809999465942383,6935000
2023-11-15,16.110963821411133,19.010000228881836,19.440000534057617,18.90999984741211,18.90999984741211,3624600
2023-11-16,15.983840942382812,18.860000610351562,19.139999389648438,18.81999969482422,19.020000457763672,3335200
2023-11-17,16.356739044189453,19.299999237060547,19.43000030517578,18.940000534057617,18.969999313354492,3426000
2023-11-20,16.110963821411133,19.010000228881836,19.34000015258789,18.989999771118164,19.270000457763672,2074100
2023-11-21,15.949939727783203,18.81999969482422,19.079999923706055,18.700000762939453,18.989999771118164,2033700
2023-11-22,16.365217208862305,19.309999465942383,19.31999969482422,18.860000610351562,18.90999984741211,2524100
2023-11-24,16.44148826599121,19.399999618530273,19.469999313354492,19.18000030517578,19.260000228881836,1215100
2023-11-27,16.339792251586914,19.280000686645508,19.450000762939453,19.200000762939453,19.329999923706055,3111200
2023-11-28,16.034690856933594,18.920000076293945,19.260000228881836,18.850000381469727,19.219999313354492,3327800
2023-11-29,15.924516677856445,18.790000915527344,19.079999923706055,18.729999542236328,18.950000762939453,2731100
2023-11-30,16.104888916015625,18.75,18.84000015258789,18.479999542236328,18.639999389648438,3254100
2023-12-01,16.7834415435791,19.540000915527344,19.59000015258789,18.649999618530273,18.719999313354492,6011500
2023-12-04,17.041122436523438,19.84000015258789,19.90999984741211,19.479999542236328,19.489999771118164,3112900
2023-12-05,16.603065490722656,19.329999923706055,19.799999237060547,19.290000915527344,19.790000915527344,2127000
2023-12-06,16.560123443603516,19.280000686645508,19.5,19.25,19.420000076293945,1633100
2023-12-07,16.439870834350586,19.139999389648438,19.360000610351562,19.1200008392334,19.280000686645508,2092300
2023-12-08,16.43128204345703,19.1299991607666,19.290000915527344,19.06999969482422,19.200000762939453,1602600
2023-12-11,16.723318099975586,19.469999313354492,19.479999542236328,19.110000610351562,19.18000030517578,1749200
2023-12-12,16.611656188964844,19.34000015258789,19.549999237060547,19.299999237060547,19.5,1516100
2023-12-13,17.135602951049805,19.950000762939453,20.020000457763672,19.309999465942383,19.350000381469727,4382500
2023-12-14,17.547889709472656,20.43000030517578,20.479999542236328,20.059999465942383,20.079999923706055,3983700
2023-12-15,17.118425369262695,19.93000030517578,20.489999771118164,19.829999923706055,20.420000076293945,4397100
2023-12-18,17.24726676940918,20.079999923706055,20.219999313354492,19.84000015258789,20.010000228881836,1883800
2023-12-19,17.298797607421875,20.139999389648438,20.40999984741211,20.1299991607666,20.149999618530273,1332900
2023-12-20,17.049713134765625,19.850000381469727,20.18000030517578,19.850000381469727,20.1299991607666,1678700
2023-12-21,16.946640014648438,19.729999542236328,19.860000610351562,19.549999237060547,19.790000915527344,2389600
2023-12-22,16.99817657470703,19.790000915527344,19.950000762939453,19.600000381469727,19.81999969482422,1664100
2023-12-26,17.066890716552734,19.8700008392334,19.950000762939453,19.729999542236328,19.850000381469727,1562800
2023-12-27,16.809213638305664,19.56999969482422,19.899999618530273,19.520000457763672,19.8700008392334,2209800
2023-12-28,16.774852752685547,19.530000686645508,19.559999465942383,19.420000076293945,19.489999771118164,1883100
2023-12-29,16.731908798217773,19.479999542236328,19.6299991607666,19.389999389648438,19.440000534057617,2179000
2024-01-02,16.62024688720703,19.350000381469727,19.739999771118164,19.290000915527344,19.40999984741211,2999300
2024-01-03,16.396928787231445,19.09000015258789,19.239999771118164,18.979999542236328,19.06999969482422,3192000
2024-01-04,16.233726501464844,18.899999618530273,19.25,18.790000915527344,19.09000015258789,3158100
2024-01-05,16.31103515625,18.989999771118164,19.110000610351562,18.770000457763672,18.829999923706055,3214600
2024-01-08,16.774852752685547,19.530000686645508,19.559999465942383,18.989999771118164,19.0,2311300
2024-01-09,16.895103454589844,19.670000076293945,19.700000762939453,19.270000457763672,19.3799991607666,3098400
2024-01-10,16.76626205444336,19.520000457763672,19.770000457763672,19.3700008392334,19.68000030517578,3593300
2024-01-11,16.697547912597656,19.440000534057617,19.579999923706055,19.25,19.559999465942383,1693900
2024-01-12,16.723318099975586,19.469999313354492,19.600000381469727,19.34000015258789,19.559999465942383,2123500
2024-01-16,16.34539222717285,19.030000686645508,19.3799991607666,18.899999618530273,19.270000457763672,2882900
2024-01-17,16.396928787231445,19.09000015258789,19.139999389648438,18.850000381469727,18.950000762939453,2233700
2024-01-18,16.542943954467773,19.260000228881836,19.350000381469727,19.059999465942383,19.100000381469727,2372600
2024-01-19,16.482820510864258,19.190000534057617,19.670000076293945,19.010000228881836,19.420000076293945,4110500
2024-01-22,16.293851852416992,18.969999313354492,19.3700008392334,18.799999237060547,19.309999465942383,4132800
2024-01-23,16.388336181640625,19.079999923706055,19.219999313354492,18.90999984741211,19.049999237060547,4023400
2024-01-24,16.302440643310547,18.979999542236328,19.170000076293945,18.899999618530273,19.139999389648438,2349100
2024-01-25,16.405517578125,19.100000381469727,19.1200008392334,18.75,19.100000381469727,3277600
2024-01-26,16.474227905273438,19.18000030517578,19.350000381469727,19.1299991607666,19.18000030517578,2085500
2024-01-29,16.663192749023438,19.399999618530273,19.40999984741211,19.020000457763672,19.15999984741211,1947900
2024-01-30,16.508590698242188,19.219999313354492,19.450000762939453,19.149999618530273,19.389999389648438,1694700
2024-01-31,16.388336181640625,19.079999923706055,19.40999984741211,18.989999771118164,19.260000228881836,2479300
2024-02-01,16.56871223449707,19.290000915527344,19.31999969482422,18.950000762939453,19.06999969482422,2795800
2024-02-02,16.37974739074707,19.06999969482422,19.200000762939453,18.829999923706055,19.200000762939453,2064600
2024-02-05,16.156423568725586,18.809999465942383,19.049999237060547,18.579999923706055,18.979999542236328,2739500
2024-02-06,16.302440643310547,18.979999542236328,19.079999923706055,18.81999969482422,18.850000381469727,1691200
2024-02-07,16.250911712646484,18.920000076293945,19.110000610351562,18.8700008392334,19.0,2156900
2024-02-08,16.388336181640625,19.079999923706055,19.1299991607666,18.920000076293945,18.940000534057617,1871400
2024-02-09,16.5944766998291,19.31999969482422,19.360000610351562,19.0,19.079999923706055,2276500
2024-02-12,16.76626205444336,19.520000457763672,19.65999984741211,19.299999237060547,19.309999465942383,3159400
2024-02-13,16.422693252563477,19.1200008392334,19.3799991607666,19.0,19.25,2442700
2024-02-14,16.560123443603516,19.280000686645508,19.329999923706055,19.049999237060547,19.290000915527344,3217100
2024-02-15,16.31103515625,18.989999771118164,19.110000610351562,18.31999969482422,18.549999237060547,5265900
2024-02-16,15.830031394958496,18.43000030517578,19.040000915527344,18.399999618530273,18.93000030517578,3956800
2024-02-20,15.434924125671387,17.969999313354492,18.6200008392334,17.93000030517578,18.350000381469727,4961000
2024-02-21,15.349035263061523,17.8700008392334,18.18000030517578,17.639999389648438,17.719999313354492,5305900
2024-02-22,15.434924125671387,17.969999313354492,18.15999984741211,17.709999084472656,17.729999542236328,3478200
2024-02-23,15.709784507751465,18.290000915527344,18.34000015258789,17.899999618530273,18.010000228881836,2602900
2024-02-26,15.632479667663574,18.200000762939453,18.450000762939453,18.18000030517578,18.260000228881836,2085300
2024-02-27,15.555176734924316,18.110000610351562,18.31999969482422,17.940000534057617,18.270000457763672,2528100
2024-02-28,15.847213745117188,18.450000762939453,18.549999237060547,18.020000457763672,18.049999237060547,3521000
2024-02-29,15.768847465515137,18.110000610351562,18.5,18.0,18.290000915527344,6303000
2024-03-01,15.690482139587402,18.020000457763672,18.18000030517578,17.90999984741211,18.1299991607666,3318400
2024-03-04,15.925579071044922,18.290000915527344,18.34000015258789,18.030000686645508,18.110000610351562,4556700
2024-03-05,16.056188583374023,18.440000534057617,18.56999969482422,18.139999389648438,18.260000228881836,3119200
2024-03-06,16.230335235595703,18.639999389648438,18.770000457763672,18.40999984741211,18.459999084472656,2840800
2024-03-07,15.986529350280762,18.360000610351562,18.690000534057617,18.350000381469727,18.68000030517578,1961400
2024-03-08,16.03877067565918,18.420000076293945,18.469999313354492,18.170000076293945,18.389999389648438,3598200
2024-03-11,16.064895629882812,18.450000762939453,18.549999237060547,18.329999923706055,18.389999389648438,1811200
2024-03-12,16.012649536132812,18.389999389648438,18.600000381469727,18.360000610351562,18.399999618530273,1778100
2024-03-13,16.12584686279297,18.520000457763672,18.75,18.40999984741211,18.469999313354492,2864000
2024-03-14,15.8907470703125,18.25,18.530000686645508,18.079999923706055,18.489999771118164,2992200
2024-03-15,15.960408210754395,18.329999923706055,18.459999084472656,18.190000534057617,18.209999084472656,5593600
2024-03-18,15.855921745300293,18.209999084472656,18.479999542236328,18.18000030517578,18.34000015258789,2276300
2024-03-19,16.012649536132812,18.389999389648438,18.389999389648438,18.149999618530273,18.149999618530273,2073200
2024-03-20,16.160675048828125,18.559999465942383,18.559999465942383,18.280000686645508,18.3799991607666,2009600
2024-03-21,16.596036911010742,19.059999465942383,19.139999389648438,18.530000686645508,18.530000686645508,3532500
2024-03-22,16.16937828063965,18.56999969482422,19.110000610351562,18.549999237060547,19.100000381469727,2729900
2024-03-25,15.899457931518555,18.260000228881836,18.719999313354492,18.200000762939453,18.639999389648438,3192700
2024-03-26,15.847211837768555,18.200000762939453,18.350000381469727,18.09000015258789,18.350000381469727,4316300
2024-03-27,16.45671844482422,18.899999618530273,18.90999984741211,18.219999313354492,18.219999313354492,3147500
2024-03-28,16.404476165771484,18.84000015258789,18.940000534057617,18.700000762939453,18.920000076293945,2265200
2024-04-01,16.18679428100586,18.59000015258789,18.899999618530273,18.559999465942383,18.8799991607666,2630800
2024-04-02,16.117137908935547,18.510000228881836,18.56999969482422,18.329999923706055,18.489999771118164,1992800
2024-04-03,15.960408210754395,18.329999923706055,18.540000915527344,18.280000686645508,18.479999542236328,1965500
2024-04-04,15.812384605407715,18.15999984741211,18.479999542236328,18.1200008392334,18.43000030517578,2571400
2024-04-05,16.056188583374023,18.440000534057617,18.510000228881836,18.079999923706055,18.149999618530273,3616000
2024-04-08,16.16937828063965,18.56999969482422,18.84000015258789,18.479999542236328,18.520000457763672,3448700
2024-04-09,16.195505142211914,18.600000381469727,18.68000030517578,18.389999389648438,18.6200008392334,2273000
2024-04-10,16.413183212280273,18.850000381469727,18.8799991607666,18.350000381469727,18.450000762939453,3014900
2024-04-11,16.282573699951172,18.700000762939453,19.1200008392334,18.6299991607666,18.959999084472656,2792200
2024-04-12,16.195505142211914,18.600000381469727,18.700000762939453,18.219999313354492,18.6200008392334,3233600
2024-04-15,16.334819793701172,18.760000228881836,18.899999618530273,18.56999969482422,18.709999084472656,3504800
2024-04-16,16.38706398010254,18.81999969482422,18.920000076293945,18.56999969482422,18.700000762939453,1692600
2024-04-17,16.561208724975586,19.020000457763672,19.200000762939453,18.90999984741211,18.950000762939453,3544200
2024-04-18,16.543794631958008,19.0,19.200000762939453,18.899999618530273,19.049999237060547,2561500
2024-04-19,16.761474609375,19.25,19.290000915527344,18.969999313354492,19.0,2410000
2024-04-22,17.162006378173828,19.709999084472656,19.81999969482422,19.229999542236328,19.260000228881836,3416500
2024-04-23,17.379690170288086,19.959999084472656,20.09000015258789,19.770000457763672,19.920000076293945,2923700
2024-04-24,17.257787704467773,19.81999969482422,19.989999771118164,19.770000457763672,19.8700008392334,1949400
2024-04-25,17.257787704467773,19.81999969482422,19.969999313354492,19.639999389648438,19.81999969482422,2293000
2024-04-26,17.536418914794922,20.139999389648438,20.56999969482422,19.780000686645508,19.850000381469727,6176400
2024-04-29,17.4754695892334,20.06999969482422,20.5,19.93000030517578,20.18000030517578,2999700
2024-04-30,17.405813217163086,19.989999771118164,20.200000762939453,19.56999969482422,19.780000686645508,2981600
2024-05-01,17.083642959594727,19.6200008392334,19.989999771118164,19.420000076293945,19.920000076293945,9920800
2024-05-02,17.34486198425293,19.920000076293945,20.649999618530273,19.889999389648438,20.299999237060547,6631800
2024-05-03,17.362276077270508,19.940000534057617,20.079999923706055,19.600000381469727,20.059999465942383,3617900
2024-05-06,16.691816329956055,19.170000076293945,20.1299991607666,19.149999618530273,20.06999969482422,4562900
2024-05-07,16.953035354614258,19.469999313354492,19.600000381469727,19.15999984741211,19.209999084472656,3432200
2024-05-08,16.874670028686523,19.3799991607666,19.459999084472656,18.829999923706055,19.420000076293945,5235900
2024-05-09,16.91820526123047,19.43000030517578,19.799999237060547,19.299999237060547,19.399999618530273,4521100
2024-05-10,16.543794631958008,19.0,19.479999542236328,18.600000381469727,19.479999542236328,6808700
2024-05-13,15.986529350280762,18.360000610351562,19.06999969482422,18.350000381469727,19.06999969482422,5526800
2024-05-14,16.22162437438965,18.6299991607666,18.81999969482422,18.440000534057617,18.479999542236328,4115900
2024-05-15,16.03877067565918,18.420000076293945,18.709999084472656,18.3799991607666,18.649999618530273,2743300
2024-05-16,16.195505142211914,18.600000381469727,18.6200008392334,18.34000015258789,18.420000076293945,3321200
2024-05-17,16.012649536132812,18.389999389648438,18.600000381469727,18.34000015258789,18.559999465942383,2158300
2024-05-20,15.751432418823242,18.09000015258789,18.440000534057617,17.889999389648438,18.399999618530273,4488700
2024-05-21,15.533750534057617,17.84000015258789,18.280000686645508,17.81999969482422,18.100000381469727,2835500
2024-05-22,15.559874534606934,17.8700008392334,18.030000686645508,17.790000915527344,17.829999923706055,2714100
2024-05-23,15.4815092086792,17.780000686645508,18.100000381469727,17.68000030517578,18.100000381469727,4386900
2024-05-24,15.472798347473145,17.770000457763672,17.90999984741211,17.729999542236328,17.780000686645508,2812800
2024-05-28,15.020023345947266,17.25,17.75,17.229999542236328,17.729999542236328,5577200
2024-05-29,14.793633460998535,16.989999771118164,17.239999771118164,16.979999542236328,17.209999084472656,5126300
2024-05-30,14.941657066345215,17.15999984741211,17.299999237060547,16.93000030517578,17.010000228881836,8283600
2024-05-31,15.194168090820312,17.450000762939453,17.479999542236328,16.81999969482422,17.190000534057617,4862200
2024-06-03,15.309006690979004,17.329999923706055,17.520000457763672,17.18000030517578,17.25,4224900
2024-06-04,15.264839172363281,17.280000686645508,17.34000015258789,17.149999618530273,17.290000915527344,2376200
2024-06-05,14.893819808959961,16.860000610351562,17.350000381469727,16.84000015258789,17.350000381469727,3574800
2024-06-06,15.052824974060059,17.040000915527344,17.079999923706055,16.649999618530273,16.75,3064800
2024-06-07,14.725974082946777,16.670000076293945,17.010000228881836,16.639999389648438,16.93000030517578,4310900
2024-06-10,14.487462997436523,16.399999618530273,16.639999389648438,16.260000228881836,16.6299991607666,5381900
2024-06-11,14.566967010498047,16.489999771118164,16.540000915527344,16.219999313354492,16.31999969482422,3845400
2024-06-12,14.717141151428223,16.65999984741211,16.899999618530273,16.530000686645508,16.56999969482422,4334000
2024-06-13,14.893819808959961,16.860000610351562,16.969999313354492,16.309999465942383,16.479999542236328,5348500
2024-06-14,14.734809875488281,16.68000030517578,16.8700008392334,16.579999923706055,16.81999969482422,2719200
2024-06-17,14.672972679138184,16.610000610351562,16.739999771118164,16.459999084472656,16.559999465942383,3687800
2024-06-18,14.602301597595215,16.530000686645508,16.68000030517578,16.450000762939453,16.6200008392334,2509100
2024-06-20,14.505128860473633,16.420000076293945,16.579999923706055,16.270000457763672,16.579999923706055,2656000
2024-06-21,14.725974082946777,16.670000076293945,16.700000762939453,16.420000076293945,16.479999542236328,3790300
2024-06-24,14.77897834777832,16.729999542236328,16.770000457763672,16.56999969482422,16.65999984741211,2430700
2024-06-25,14.893819808959961,16.860000610351562,16.989999771118164,16.510000228881836,16.65999984741211,4865700
2024-06-26,14.840815544128418,16.799999237060547,16.899999618530273,16.600000381469727,16.719999313354492,3764000
2024-06-27,14.964489936828613,16.940000534057617,17.0,16.729999542236328,16.850000381469727,2557500
2024-06-28,14.982154846191406,16.959999084472656,17.06999969482422,16.780000686645508,16.969999313354492,5874300
2024-07-01,14.513964653015137,16.43000030517578,17.020000457763672,16.329999923706055,16.979999542236328,3260900
2024-07-02,14.399123191833496,16.299999237060547,16.43000030517578,16.1299991607666,16.43000030517578,5405000
2024-07-03,14.381457328796387,16.280000686645508,16.489999771118164,16.260000228881836,16.31999969482422,1709500
2024-07-05,14.363790512084961,16.260000228881836,16.280000686645508,16.020000457763672,16.260000228881836,4066200
2024-07-08,13.98393440246582,15.829999923706055,16.329999923706055,15.800000190734863,16.309999465942383,3966900
2024-07-09,13.992768287658691,15.84000015258789,16.079999923706055,15.619999885559082,15.720000267028809,6127300
2024-07-10,14.010436058044434,15.859999656677246,15.970000267028809,15.789999961853027,15.880000114440918,3131800
2024-07-11,14.814314842224121,16.770000457763672,16.799999237060547,15.960000038146973,16.010000228881836,5270600
2024-07-12,14.752477645874023,16.700000762939453,16.969999313354492,16.639999389648438,16.81999969482422,2822000
2024-07-15,15.185334205627441,17.190000534057617,17.260000228881836,16.799999237060547,16.81999969482422,3760400
2024-07-16,15.874369621276855,17.969999313354492,17.979999542236328,17.290000915527344,17.299999237060547,5820900
2024-07-17,16.112884521484375,18.239999771118164,18.350000381469727,17.799999237060547,17.799999237060547,5091500
2024-07-18,15.962711334228516,18.06999969482422,18.440000534057617,17.889999389648438,17.93000030517578,2844900
2024-07-19,15.591687202453613,17.649999618530273,18.06999969482422,17.579999923706055,18.040000915527344,3246800
2024-07-22,15.211833000183105,17.219999313354492,17.6200008392334,17.020000457763672,17.600000381469727,5033800
2024-07-23,14.796645164489746,16.75,17.360000610351562,16.700000762939453,17.280000686645508,3778700
2024-07-24,14.655304908752441,16.59000015258789,16.709999084472656,16.399999618530273,16.639999389648438,4320400
2024-07-25,14.999823570251465,16.979999542236328,17.15999984741211,16.600000381469727,16.65999984741211,3523200
2024-07-26,14.83198356628418,16.790000915527344,17.06999969482422,16.75,17.010000228881836,4186600
2024-07-29,15.096996307373047,17.09000015258789,17.219999313354492,16.700000762939453,16.809999465942383,3230200
2024-07-30,15.397347450256348,17.43000030517578,17.440000534057617,17.030000686645508,17.110000610351562,3050800
2024-07-31,14.955655097961426,16.93000030517578,17.450000762939453,16.90999984741211,17.440000534057617,10006300
2024-08-01,14.982154846191406,16.959999084472656,17.350000381469727,16.5,17.299999237060547,5238500
2024-08-02,14.911486625671387,16.8799991607666,17.18000030517578,16.420000076293945,16.84000015258789,5202200
2024-08-05,14.752477645874023,16.700000762939453,16.899999618530273,16.40999984741211,16.420000076293945,4790700
2024-08-06,14.805479049682617,16.760000228881836,17.0,16.700000762939453,16.739999771118164,3054200
2024-08-07,14.990988731384277,16.969999313354492,17.290000915527344,16.760000228881836,16.84000015258789,2927200
2024-08-08,15.1676664352417,17.170000076293945,17.43000030517578,16.950000762939453,16.979999542236328,4550100
2024-08-09,15.123499870300293,17.1200008392334,17.280000686645508,16.920000076293945,17.25,3674300
2024-08-12,14.77897834777832,16.729999542236328,17.079999923706055,16.59000015258789,17.059999465942383,2941800
2024-08-13,15.096996307373047,17.09000015258789,17.479999542236328,16.899999618530273,16.90999984741211,4655400
2024-08-14,15.132328987121582,17.1299991607666,17.239999771118164,16.860000610351562,17.15999984741211,2185200
2024-08-15,15.185334205627441,17.190000534057617,17.530000686645508,17.06999969482422,17.309999465942383,2312300
2024-08-16,14.955655097961426,16.93000030517578,17.200000762939453,16.829999923706055,17.110000610351562,2950100
2024-08-19,14.82314682006836,16.780000686645508,17.030000686645508,16.639999389648438,16.989999771118164,4167100
2024-08-20,14.999823570251465,16.979999542236328,17.139999389648438,16.639999389648438,16.739999771118164,3390800
2024-08-21,14.999823570251465,16.979999542236328,17.09000015258789,16.81999969482422,17.010000228881836,2246400
2024-08-22,14.787812232971191,16.739999771118164,17.030000686645508,16.690000534057617,16.950000762939453,2209300
2024-08-23,14.92915153503418,16.899999618530273,16.920000076293945,16.700000762939453,16.75,3066700
2024-08-26,14.973322868347168,16.950000762939453,17.100000381469727,16.75,16.899999618530273,2556200
2024-08-27,14.964489936828613,16.940000534057617,17.020000457763672,16.780000686645508,16.860000610351562,1635100
2024-08-28,14.814314842224121,16.770000457763672,16.950000762939453,16.670000076293945,16.90999984741211,2289400
2024-08-29,14.708307266235352,16.649999618530273,16.829999923706055,16.530000686645508,16.799999237060547,1973000
2024-08-30,14.946821212768555,16.920000076293945,16.969999313354492,16.690000534057617,16.719999313354492,2596800
2024-09-03,14.776459693908691,16.479999542236328,16.950000762939453,16.459999084472656,16.700000762939453,3824500
2024-09-04,15.027517318725586,16.760000228881836,17.010000228881836,16.530000686645508,16.540000915527344,3252500
2024-09-05,15.009584426879883,16.739999771118164,17.110000610351562,16.690000534057617,16.8700008392334,2583300
2024-09-06,15.23374080657959,16.989999771118164,17.100000381469727,16.68000030517578,16.75,3561800
2024-09-09,15.377202033996582,17.149999618530273,17.170000076293945,16.65999984741211,16.799999237060547,3479700
2024-09-10,14.910955429077148,16.6299991607666,17.200000762939453,16.610000610351562,17.200000762939453,3129100
2024-09-11,15.09028148651123,16.829999923706055,16.90999984741211,16.440000534057617,16.6299991607666,2617200
2024-09-12,15.153044700622559,16.899999618530273,16.959999084472656,16.610000610351562,16.940000534057617,2025100
2024-09-13,15.75378704071045,17.56999969482422,17.690000534057617,16.940000534057617,16.959999084472656,4029900
2024-09-16,15.897249221801758,17.729999542236328,17.979999542236328,17.56999969482422,17.59000015258789,2731200
2024-09-17,15.933114051818848,17.770000457763672,17.950000762939453,17.709999084472656,17.829999923706055,2453000
2024-09-18,15.807586669921875,17.6299991607666,17.8799991607666,17.59000015258789,17.790000915527344,2353200
2024-09-19,16.022777557373047,17.8700008392334,18.049999237060547,17.739999771118164,17.899999618530273,3274900
2024-09-20,15.637226104736328,17.440000534057617,17.829999923706055,17.389999389648438,17.809999465942383,4642300
2024-09-23,15.861384391784668,17.690000534057617,17.75,17.479999542236328,17.479999542236328,2905200
2024-09-24,15.7627534866333,17.579999923706055,17.889999389648438,17.56999969482422,17.700000762939453,2238300
2024-09-25,15.547562599182129,17.34000015258789,17.709999084472656,17.31999969482422,17.56999969482422,2566100
2024-09-26,15.861384391784668,17.690000534057617,17.719999313354492,17.3700008392334,17.399999618530273,2743700
2024-09-27,15.951045036315918,17.790000915527344,17.969999313354492,17.739999771118164,17.81999969482422,2009900
2024-09-30,15.708954811096191,17.520000457763672,17.93000030517578,17.489999771118164,17.760000228881836,2192700
2024-10-01,15.834484100341797,17.65999984741211,17.799999237060547,17.469999313354492,17.639999389648438,2279600
2024-10-02,15.583427429199219,17.3799991607666,17.649999618530273,17.3700008392334,17.5,3397200
2024-10-03,15.502732276916504,17.290000915527344,17.43000030517578,17.260000228881836,17.309999465942383,1829400
2024-10-04,15.807586669921875,17.6299991607666,17.75,17.360000610351562,17.399999618530273,2498100
2024-10-07,15.92414665222168,17.760000228881836,17.889999389648438,17.510000228881836,17.670000076293945,2374100
2024-10-08,15.843450546264648,17.670000076293945,17.799999237060547,17.530000686645508,17.760000228881836,2702700
2024-10-09,15.771721839904785,17.59000015258789,17.84000015258789,17.549999237060547,17.719999313354492,2790000
2024-10-10,16.16623878479004,18.030000686645508,18.360000610351562,17.530000686645508,17.530000686645508,5798300
2024-10-11,16.695247650146484,18.6200008392334,18.760000228881836,18.059999465942383,18.06999969482422,4862700
2024-10-14,17.39461898803711,19.399999618530273,19.530000686645508,18.549999237060547,18.59000015258789,8628000
2024-10-15,17.502216339111328,19.520000457763672,19.729999542236328,19.260000228881836,19.43000030517578,4823300
2024-10-16,17.92363166809082,19.989999771118164,20.0,19.479999542236328,19.6200008392334,5529100
2024-10-17,17.64567756652832,19.68000030517578,20.079999923706055,19.489999771118164,19.989999771118164,5284100
2024-10-18,17.663610458374023,19.700000762939453,19.829999923706055,19.59000015258789,19.65999984741211,3275100
2024-10-21,17.269092559814453,19.260000228881836,19.709999084472656,19.15999984741211,19.690000534057617,4562800
2024-10-22,17.01803207397461,18.979999542236328,19.200000762939453,18.969999313354492,19.200000762939453,2844900
2024-10-23,17.197362899780273,19.18000030517578,19.329999923706055,18.81999969482422,19.329999923706055,4251900
2024-10-24,17.45738410949707,19.469999313354492,19.469999313354492,19.110000610351562,19.110000610351562,2402300
2024-10-25,17.5201473236084,19.540000915527344,19.860000610351562,19.360000610351562,19.860000610351562,3062300
2024-10-28,18.29125213623047,20.399999618530273,20.440000534057617,19.760000228881836,19.760000228881836,5292300
2024-10-29,18.183656692504883,20.280000686645508,20.579999923706055,20.25,20.3799991607666,3124300
2024-10-30,18.210556030273438,20.309999465942383,20.389999389648438,20.020000457763672,20.1299991607666,6434500
2024-10-31,17.134597778320312,19.110000610351562,20.190000534057617,18.8799991607666,20.18000030517578,8895200
2024-11-01,17.627744674682617,19.65999984741211,19.90999984741211,19.299999237060547,19.3799991607666,4384900
2024-11-04,17.681541442871094,19.719999313354492,19.829999923706055,19.43000030517578,19.6200008392334,3781100
2024-11-05,17.72637176513672,19.770000457763672,19.889999389648438,19.459999084472656,19.6299991607666,2753700
2024-11-06,18.282283782958984,20.389999389648438,20.600000381469727,20.170000076293945,20.420000076293945,4258000
2024-11-07,17.833967208862305,19.889999389648438,20.520000457763672,19.860000610351562,20.280000686645508,2751500
2024-11-08,17.5201473236084,19.540000915527344,19.969999313354492,19.510000228881836,19.760000228881836,3334900
2024-11-11,16.84767723083496,18.790000915527344,19.610000610351562,18.719999313354492,19.600000381469727,6077300
2024-11-12,16.480058670043945,18.3799991607666,18.780000686645508,18.270000457763672,18.649999618530273,4227100
2024-11-13,16.51592254638672,18.420000076293945,18.459999084472656,18.149999618530273,18.350000381469727,3361700
2024-11-14,16.56972312927246,18.479999542236328,18.729999542236328,18.31999969482422,18.389999389648438,2905500
2024-11-15,16.24693489074707,18.1200008392334,18.600000381469727,17.93000030517578,18.469999313354492,3537400
2024-11-18,16.184167861938477,18.049999237060547,18.229999542236328,17.850000381469727,17.940000534057617,3262900
2024-11-19,16.157270431518555,18.020000457763672,18.399999618530273,17.649999618530273,18.0,3482300
2024-11-20,16.067607879638672,17.920000076293945,18.059999465942383,17.549999237060547,18.0,3330600
2024-11-21,16.23796844482422,18.110000610351562,18.1299991607666,17.700000762939453,17.920000076293945,3475600
2024-11-22,16.12140655517578,17.979999542236328,18.15999984741211,17.790000915527344,18.079999923706055,4869000
2024-11-25,16.65938377380371,18.579999923706055,18.600000381469727,18.1299991607666,18.149999618530273,3730900
2024-11-26,16.489025115966797,18.389999389648438,18.65999984741211,18.200000762939453,18.530000686645508,2685000
2024-11-27,16.614551544189453,18.530000686645508,18.709999084472656,18.329999923706055,18.489999771118164,2519100
2024-11-29,16.462125778198242,18.360000610351562,18.649999618530273,18.1299991607666,18.610000610351562,2537900
2024-12-02,16.41667366027832,18.059999465942383,18.270000457763672,17.979999542236328,18.100000381469727,3318300
2024-12-03,16.22578239440918,17.850000381469727,18.110000610351562,17.760000228881836,17.989999771118164,3227000
2024-12-04,16.334861755371094,17.969999313354492,18.06999969482422,17.75,17.790000915527344,2846800
2024-12-05,16.08034324645996,17.690000534057617,17.93000030517578,17.540000915527344,17.899999618530273,3782200
2024-12-06,15.889450073242188,17.479999542236328,17.860000610351562,17.479999542236328,17.780000686645508,3326600
2024-12-09,15.971261024475098,17.56999969482422,17.790000915527344,17.520000457763672,17.579999923706055,3860700
2024-12-10,15.889450073242188,17.479999542236328,17.639999389648438,17.200000762939453,17.610000610351562,3618000
2024-12-11,15.816729545593262,17.399999618530273,17.56999969482422,17.260000228881836,17.5,6799600
2024-12-12,15.716740608215332,17.290000915527344,17.5,17.270000457763672,17.3700008392334,2625900
2024-12-13,15.553119659423828,17.110000610351562,17.299999237060547,17.010000228881836,17.260000228881836,3309100
2024-12-16,15.35313606262207,16.889999389648438,17.239999771118164,16.860000610351562,17.049999237060547,3047300
2024-12-17,15.507665634155273,17.059999465942383,17.18000030517578,16.790000915527344,16.84000015258789,3176900
2024-12-18,15.16224479675293,16.68000030517578,17.200000762939453,16.670000076293945,17.190000534057617,3017400
2024-12-19,15.062253952026367,16.56999969482422,16.850000381469727,16.510000228881836,16.780000686645508,4099800
2024-12-20,15.134973526000977,16.649999618530273,16.959999084472656,16.459999084472656,16.549999237060547,7181000
2024-12-23,14.98044204711914,16.479999542236328,16.649999618530273,16.200000762939453,16.649999618530273,2925700
2024-12-24,15.11679458618164,16.6299991607666,16.649999618530273,16.3700008392334,16.459999084472656,1373100
2024-12-26,15.071341514587402,16.579999923706055,16.649999618530273,16.40999984741211,16.5,2776200
2024-12-27,14.99862289428711,16.5,16.65999984741211,16.3799991607666,16.450000762939453,2087600
2024-12-30,14.780462265014648,16.260000228881836,16.450000762939453,16.170000076293945,16.450000762939453,3142600
2024-12-31,14.816821098327637,16.299999237060547,16.389999389648438,16.219999313354492,16.280000686645508,2616200
2025-01-02,14.65320110321045,16.1200008392334,16.479999542236328,16.020000457763672,16.299999237060547,3417100
2025-01-03,14.698650360107422,16.170000076293945,16.270000457763672,16.059999465942383,16.139999389648438,3807800
2025-01-06,14.371407508850098,15.8100004196167,16.299999237060547,15.800000190734863,16.170000076293945,3911800
2025-01-07,13.989624977111816,15.390000343322754,15.8100004196167,15.119999885559082,15.800000190734863,7357400
2025-01-08,13.798733711242676,15.180000305175781,15.289999961853027,15.029999732971191,15.279999732971191,4493900
2025-01-10,13.580571174621582,14.9399995803833,15.3100004196167,14.890000343322754,15.050000190734863,5814100
2025-01-13,13.644203186035156,15.010000228881836,15.029999732971191,14.729999542236328,14.9399995803833,4203600
2025-01-14,13.753284454345703,15.130000114440918,15.15999984741211,14.90999984741211,15.079999923706055,3733600
2025-01-15,13.753284454345703,15.130000114440918,15.399999618530273,14.960000038146973,15.359999656677246,3139100
2025-01-16,13.498760223388672,14.850000381469727,15.069999694824219,14.729999542236328,15.039999961853027,4487000
2025-01-17,13.27150821685791,14.600000381469727,15.0,14.569999694824219,14.960000038146973,4069400
2025-01-21,12.880635261535645,14.170000076293945,14.529999732971191,14.130000114440918,14.380000114440918,7023600
2025-01-22,12.880635261535645,14.170000076293945,14.34000015258789,13.979999542236328,14.130000114440918,5214000
2025-01-23,12.92608642578125,14.220000267028809,14.279999732971191,13.979999542236328,14.140000343322754,4050200
2025-01-24,12.99880599975586,14.300000190734863,14.430000305175781,14.220000267028809,14.220000267028809,4776000
2025-01-27,13.207877159118652,14.529999732971191,14.649999618530273,14.3100004196167,14.369999885559082,4741400
2025-01-28,13.280598640441895,14.609999656677246,14.770000457763672,14.329999923706055,14.479999542236328,5522300
2025-01-29,13.471490859985352,14.819999694824219,14.9399995803833,14.600000381469727,14.649999618530273,4687400
2025-01-30,13.535120964050293,14.890000343322754,14.960000038146973,14.739999771118164,14.890000343322754,3501700
2025-01-31,13.480581283569336,14.829999923706055,15.039999961853027,14.75,14.899999618530273,3187600
2025-02-03,13.662382125854492,15.029999732971191,15.180000305175781,14.529999732971191,14.630000114440918,4336800
2025-02-04,13.707831382751465,15.079999923706055,15.170000076293945,14.989999771118164,15.010000228881836,2731900
2025-02-05,13.58966064453125,14.949999809265137,15.109999656677246,14.930000305175781,15.069999694824219,3256100
2025-02-06,13.571480751037598,14.930000305175781,15.140000343322754,14.899999618530273,14.989999771118164,2813100
2025-02-07,13.11697769165039,14.430000305175781,14.979999542236328,14.40999984741211,14.90999984741211,5643500
2025-02-10,13.03516674041748,14.34000015258789,14.550000190734863,14.25,14.470000267028809,6012200
2025-02-11,13.016986846923828,14.319999694824219,14.600000381469727,14.229999542236328,14.279999732971191,5291900
2025-02-12,12.92608642578125,14.220000267028809,14.369999885559082,14.210000038146973,14.279999732971191,5605500
2025-02-13,13.416949272155762,14.760000228881836,14.819999694824219,13.720000267028809,14.0,9413000
2025-02-14,12.99880599975586,14.300000190734863,15.09000015258789,14.279999732971191,15.09000015258789,8628500
2025-02-18,13.626022338867188,14.989999771118164,15.0600004196167,14.390000343322754,14.479999542236328,9043600
2025-02-19,14.098705291748047,15.510000228881836,15.5600004196167,14.890000343322754,14.890000343322754,12662700
2025-02-20,13.853273391723633,15.239999771118164,15.479999542236328,15.220000267028809,15.460000038146973,5925900
2025-02-21,13.826004028320312,15.210000038146973,15.550000190734863,15.170000076293945,15.350000381469727,6266600
2025-02-24,14.489578247070312,15.9399995803833,16.049999237060547,15.300000190734863,15.300000190734863,9300300
2025-02-25,14.462308883666992,15.90999984741211,16.200000762939453,15.789999961853027,15.9399995803833,5753800
2025-02-26,14.089615821838379,15.5,15.970000267028809,15.420000076293945,15.90999984741211,6018100
2025-02-27,14.180517196655273,15.600000381469727,15.699999809265137,15.399999618530273,15.529999732971191,4420100
2025-02-28,14.089615821838379,15.5,15.829999923706055,15.449999809265137,15.569999694824219,7435000
2025-03-03,13.793964385986328,14.930000305175781,15.350000381469727,14.819999694824219,15.350000381469727,5044200
2025-03-04,13.784725189208984,14.920000076293945,15.25,14.850000381469727,14.859999656677246,6558800
2025-03-05,13.8124418258667,14.949999809265137,15.260000228881836,14.850000381469727,14.899999618530273,5653200
2025-03-06,14.006464004516602,15.15999984741211,15.220000267028809,14.699999809265137,14.989999771118164,5879500
2025-03-07,14.348309516906738,15.529999732971191,15.630000114440918,15.09000015258789,15.220000267028809,8103700
2025-03-10,14.39450454711914,15.579999923706055,15.789999961853027,15.40999984741211,15.5,5535500
2025-03-11,14.292875289916992,15.470000267028809,15.640000343322754,15.15999984741211,15.640000343322754,6126900
2025-03-12,14.089615821838379,15.25,15.5,14.880000114440918,15.430000305175781,6543000
2025-03-13,14.089615821838379,15.25,15.569999694824219,15.170000076293945,15.300000190734863,4003200
2025-03-14,14.182007789611816,15.350000381469727,15.5600004196167,15.109999656677246,15.359999656677246,4213800
2025-03-17,14.145050048828125,15.3100004196167,15.390000343322754,15.149999618530273,15.300000190734863,4004200
2025-03-18,14.292875289916992,15.470000267028809,15.510000228881836,15.15999984741211,15.270000457763672,4239100
2025-03-19,14.117332458496094,15.279999732971191,15.479999542236328,15.170000076293945,15.449999809265137,3478200
2025-03-20,14.255918502807617,15.430000305175781,15.5,15.1899995803833,15.1899995803833,3283100
2025-03-21,14.098855018615723,15.260000228881836,15.420000076293945,15.15999984741211,15.359999656677246,5919000
2025-03-24,13.923311233520508,15.069999694824219,15.399999618530273,14.859999656677246,15.289999961853027,10462000
2025-03-25,13.442879676818848,14.550000190734863,15.109999656677246,14.510000228881836,15.09000015258789,4775600
2025-03-26,13.61842155456543,14.739999771118164,14.819999694824219,14.59000015258789,14.609999656677246,3386400
2025-03-27,13.867877006530762,15.010000228881836,15.069999694824219,14.739999771118164,14.770000457763672,3279600
2025-03-28,13.516791343688965,14.630000114440918,15.069999694824219,14.59000015258789,15.069999694824219,3163300
2025-03-31,13.516791343688965,14.630000114440918,14.739999771118164,14.449999809265137,14.550000190734863,3639700
2025-04-01,13.599943161010742,14.720000267028809,14.8100004196167,14.510000228881836,14.710000038146973,3048700
2025-04-02,13.535268783569336,14.649999618530273,14.869999885559082,14.600000381469727,14.609999656677246,4701100
2025-04-03,12.999401092529297,14.069999694824219,14.550000190734863,14.039999961853027,14.3100004196167,5335700
2025-04-04,12.287993431091309,13.300000190734863,13.970000267028809,13.220000267028809,13.949999809265137,6417900
2025-04-07,12.177123069763184,13.180000305175781,13.40999984741211,12.609999656677246,12.979999542236328,7988800
2025-04-08,11.474952697753906,12.420000076293945,13.550000190734863,12.350000381469727,13.520000457763672,7453900
2025-04-09,12.121688842773438,13.119999885559082,13.5,12.050000190734863,12.1899995803833,7196700
2025-04-10,11.90919017791748,12.890000343322754,13.170000076293945,12.479999542236328,12.930000305175781,5493400
2025-04-11,11.81679916381836,12.789999961853027,12.880000114440918,12.369999885559082,12.880000114440918,4762600
2025-04-14,12.214080810546875,13.220000267028809,13.3100004196167,12.970000267028809,13.020000457763672,6907200
2025-04-15,12.167885780334473,13.170000076293945,13.4399995803833,13.039999961853027,13.210000038146973,6256100
2025-04-16,11.585822105407715,12.539999961853027,13.239999771118164,12.399999618530273,13.130000114440918,8267500
2025-04-17,11.715168952941895,12.680000305175781,12.760000228881836,12.520000457763672,12.5600004196167,3622200
2025-04-21,11.632017135620117,12.59000015258789,12.619999885559082,12.390000343322754,12.5600004196167,3130100
2025-04-22,11.613537788391113,12.569999694824219,12.760000228881836,12.319999694824219,12.760000228881836,5437600
2025-04-23,11.761364936828613,12.729999542236328,12.979999542236328,12.65999984741211,12.779999732971191,4085900
2025-04-24,11.853754997253418,12.829999923706055,12.84000015258789,12.619999885559082,12.699999809265137,2437000
2025-04-25,11.807559967041016,12.779999732971191,12.850000381469727,12.630000114440918,12.819999694824219,2635400
2025-04-28,11.826037406921387,12.800000190734863,12.920000076293945,12.630000114440918,12.84000015258789,3005000
2025-04-29,11.632017135620117,12.59000015258789,12.760000228881836,12.569999694824219,12.729999542236328,3997000
2025-04-30,11.548864364624023,12.5,12.5600004196167,12.300000190734863,12.520000457763672,4818800
2025-05-01,11.539626121520996,12.489999771118164,12.640000343322754,12.430000305175781,12.59000015258789,5264700
2025-05-02,11.595061302185059,12.550000190734863,13.0600004196167,12.239999771118164,12.8100004196167,7362000
2025-05-05,11.567343711853027,12.520000457763672,12.970000267028809,12.470000267028809,12.829999923706055,8843100
2025-05-06,10.966801643371582,11.869999885559082,12.449999809265137,11.75,12.449999809265137,9050700
2025-05-07,10.86517333984375,11.760000228881836,11.960000038146973,11.699999809265137,11.930000305175781,5444300
2025-05-08,11.197779655456543,12.119999885559082,12.220000267028809,11.770000457763672,11.8100004196167,4179600
2025-05-09,11.08691120147705,12.0,12.260000228881836,11.930000305175781,12.069999694824219,3705300
2025-05-12,11.364083290100098,12.300000190734863,12.520000457763672,12.210000038146973,12.350000381469727,5123800
2025-05-13,11.022236824035645,11.930000305175781,12.319999694824219,11.920000076293945,12.319999694824219,5013500
2025-05-14,10.976040840148926,11.880000114440918,11.9399995803833,11.710000038146973,11.84000015258789,4057700
2025-05-15,11.04995346069336,11.960000038146973,11.979999542236328,11.789999961853027,11.800000190734863,3522900
2025-05-16,11.327127456665039,12.260000228881836,12.270000457763672,11.930000305175781,12.0,4245800
2025-05-19,11.401040077209473,12.34000015258789,12.369999885559082,12.09000015258789,12.170000076293945,3740600
2025-05-20,11.317888259887695,12.25,12.40999984741211,12.170000076293945,12.350000381469727,3092100
2025-05-21,10.735824584960938,11.619999885559082,12.149999618530273,11.579999923706055,12.140000343322754,5438500
2025-05-22,10.624955177307129,11.5,11.59000015258789,11.390000343322754,11.550000190734863,4316300
2025-05-23,10.569520950317383,11.4399995803833,11.5,11.239999771118164,11.350000381469727,2847200
2025-05-27,10.357023239135742,11.210000038146973,11.59000015258789,11.15999984741211,11.59000015258789,7146900
2025-05-28,10.329304695129395,11.180000305175781,11.390000343322754,11.170000076293945,11.210000038146973,4895100
2025-05-29,10.264631271362305,11.109999656677246,11.279999732971191,11.010000228881836,11.199999809265137,4730300
2025-05-30,10.532563209533691,11.399999618530273,11.449999809265137,10.979999542236328,11.079999923706055,5702600
2025-06-02,10.831892013549805,11.579999923706055,11.59000015258789,11.130000114440918,11.220000267028809,6487700
2025-06-03,10.831892013549805,11.579999923706055,11.779999732971191,11.329999923706055,11.529999732971191,6226700
2025-06-04,11.149927139282227,11.920000076293945,12.0,11.550000190734863,11.640000343322754,6609600
2025-06-05,10.925432205200195,11.680000305175781,11.869999885559082,11.579999923706055,11.869999885559082,5167000
2025-06-06,10.934784889221191,11.6899995803833,11.859999656677246,11.640000343322754,11.720000267028809,3608200
2025-06-09,10.719644546508789,11.460000038146973,11.710000038146973,11.40999984741211,11.699999809265137,4917200
2025-06-10,10.654166221618652,11.390000343322754,11.630000114440918,11.369999885559082,11.489999771118164,4077300
2025-06-11,10.738351821899414,11.479999542236328,11.670000076293945,11.239999771118164,11.449999809265137,8870100
2025-06-12,10.691582679748535,11.430000305175781,11.4399995803833,11.199999809265137,11.420000076293945,5242100
2025-06-13,10.457733154296875,11.180000305175781,11.5,11.130000114440918,11.350000381469727,6409900
2025-06-16,10.495148658752441,11.220000267028809,11.239999771118164,10.90999984741211,11.180000305175781,10937300
2025-06-17,10.5138578414917,11.239999771118164,11.579999923706055,11.130000114440918,11.210000038146973,6681700
2025-06-18,10.598043441772461,11.329999923706055,11.380000114440918,11.15999984741211,11.260000228881836,5945700
2025-06-20,11.234112739562988,12.010000228881836,12.039999961853027,11.420000076293945,11.460000038146973,14057500
2025-06-23,11.514731407165527,12.3100004196167,12.479999542236328,11.850000381469727,11.869999885559082,11827100
2025-06-24,11.580209732055664,12.380000114440918,12.510000228881836,12.300000190734863,12.390000343322754,8187600
2025-06-25,11.103157043457031,11.869999885559082,12.329999923706055,11.739999771118164,12.300000190734863,7049100
2025-06-26,10.9909086227417,11.75,12.039999961853027,11.600000381469727,11.979999542236328,5717400
2025-06-27,10.81318473815918,11.5600004196167,11.850000381469727,11.40999984741211,11.800000190734863,11948000
2025-06-30,10.682228088378906,11.420000076293945,11.579999923706055,11.3100004196167,11.579999923706055,6299200
2025-07-01,11.112510681152344,11.880000114440918,12.039999961853027,11.449999809265137,11.460000038146973,7152600
2025-07-02,10.90672492980957,11.65999984741211,11.920000076293945,11.609999656677246,11.869999885559082,6666600
2025-07-03,10.925432205200195,11.680000305175781,11.819999694824219,11.609999656677246,11.710000038146973,3704300
2025-07-07,10.56998062133789,11.300000190734863,11.600000381469727,11.210000038146973,11.59000015258789,6419900
2025-07-08,10.560626983642578,11.289999961853027,11.420000076293945,11.109999656677246,11.1899995803833,9514700
2025-07-09,10.50450325012207,11.229999542236328,11.40999984741211,11.069999694824219,11.3100004196167,7733300
2025-07-10,10.560626983642578,11.289999961853027,11.449999809265137,11.180000305175781,11.1899995803833,6891200
2025-07-11,10.308070182800293,11.020000457763672,11.300000190734863,10.970000267028809,11.25,7340400
2025-07-14,10.195822715759277,10.899999618530273,11.050000190734863,10.760000228881836,11.0,10939600
2025-07-15,9.831018447875977,10.510000228881836,10.960000038146973,10.5,10.920000076293945,6607400
2025-07-16,9.774893760681152,10.449999809265137,10.600000381469727,10.380000114440918,10.529999732971191,6925500
2025-07-17,9.887141227722168,10.569999694824219,10.619999885559082,10.329999923706055,10.510000228881836,7363400
2025-07-18,9.793601989746094,10.470000267028809,10.670000076293945,10.449999809265137,10.619999885559082,4512700
2025-07-21,9.653291702270508,10.319999694824219,10.59000015258789,10.300000190734863,10.510000228881836,4295500
2025-07-22,10.13969898223877,10.84000015258789,10.880000114440918,10.329999923706055,10.350000381469727,7262600
2025-07-23,10.588688850402832,11.319999694824219,12.0,11.140000343322754,11.75,19345000
2025-07-24,9.980681419372559,10.670000076293945,11.279999732971191,10.65999984741211,11.229999542236328,7878500
2025-07-25,10.06486701965332,10.760000228881836,10.800000190734863,10.5600004196167,10.710000038146973,5571100
2025-07-28,9.690707206726074,10.359999656677246,10.729999542236328,10.34000015258789,10.6899995803833,6845400
2025-07-29,9.522337913513184,10.180000305175781,10.380000114440918,10.079999923706055,10.350000381469727,7478400
2025-07-30,9.447505950927734,10.100000381469727,10.25,10.010000228881836,10.229999542236328,4957700
2025-07-31,9.21365737915039,9.850000381469727,10.0,9.800000190734863,10.0,5936400
2025-08-01,9.316550254821777,9.960000038146973,10.020000457763672,9.760000228881836,9.880000114440918,6933900
2025-08-04,9.185593605041504,9.819999694824219,10.010000228881836,9.8100004196167,9.949999809265137,6824800
2025-08-05,9.307195663452148,9.949999809265137,10.039999961853027,9.739999771118164,9.869999885559082,5925900
2025-08-06,9.39138126373291,10.039999961853027,10.100000381469727,9.90999984741211,9.960000038146973,5574300
2025-08-07,9.316550254821777,9.960000038146973,10.149999618530273,9.899999618530273,10.119999885559082,11562600
2025-08-08,9.438151359558105,10.09000015258789,10.350000381469727,9.920000076293945,10.010000228881836,13788200
2025-08-11,9.6345853805542,10.300000190734863,10.449999809265137,10.079999923706055,10.09000015258789,10527700
2025-08-12,9.456857681274414,10.109999656677246,10.369999885559082,10.010000228881836,10.329999923706055,8225800
2025-08-13,9.737478256225586,10.40999984741211,10.449999809265137,9.970000267028809,10.109999656677246,7168300
2025-08-14,9.86843490600586,10.550000190734863,10.609999656677246,10.25,10.300000190734863,5723400
2025-08-15,9.887141227722168,10.569999694824219,10.729999542236328,10.489999771118164,10.579999923706055,7255900
2025-08-18,9.990035057067871,10.680000305175781,10.729999542236328,10.470000267028809,10.569999694824219,6100800
2025-08-19,9.89649486541748,10.579999923706055,10.84000015258789,10.550000190734863,10.720000267028809,5529200
2025-08-20,9.606522560119629,10.270000457763672,10.539999961853027,10.140000343322754,10.539999961853027,7437600
2025-08-21,9.681354522705078,10.350000381469727,10.420000076293945,10.229999542236328,10.229999542236328,3725700
2025-08-22,9.952619552612305,10.640000343322754,10.720000267028809,10.40999984741211,10.40999984741211,4603500
2025-08-25,9.840372085571289,10.520000457763672,10.609999656677246,10.430000305175781,10.609999656677246,5007500
2025-08-26,9.606522560119629,10.270000457763672,10.529999732971191,10.260000228881836,10.489999771118164,5763500
2025-08-27,9.784248352050781,10.460000038146973,10.489999771118164,10.199999809265137,10.260000228881836,4653300
2025-08-28,9.821662902832031,10.5,10.520000457763672,10.1899995803833,10.460000038146973,6107600
2025-08-29,9.924556732177734,10.609999656677246,10.619999885559082,10.359999656677246,10.520000457763672,6084400
2025-09-02,9.734976768493652,10.270000457763672,10.449999809265137,10.180000305175781,10.4399995803833,5402000
2025-09-03,9.498001098632812,10.020000457763672,10.239999771118164,9.970000267028809,10.210000038146973,7968600
2025-09-04,9.640186309814453,10.170000076293945,10.210000038146973,9.949999809265137,10.020000457763672,5520900
2025-09-05,9.791850090026855,10.329999923706055,10.449999809265137,10.130000114440918,10.130000114440918,7551500
2025-09-08,9.545394897460938,10.069999694824219,10.3100004196167,9.979999542236328,10.300000190734863,6840800
2025-09-09,9.403210639953613,9.920000076293945,10.069999694824219,9.90999984741211,10.029999732971191,6040300
2025-09-10,9.31789779663086,9.829999923706055,9.989999771118164,9.729999542236328,9.930000305175781,7085800
2025-09-11,9.374772071838379,9.890000343322754,9.960000038146973,9.800000190734863,9.84000015258789,5295800
2025-09-12,9.156754493713379,9.65999984741211,9.899999618530273,9.630000114440918,9.899999618530273,7417600
2025-09-15,9.166234016418457,9.670000076293945,9.880000114440918,9.630000114440918,9.680000305175781,5275100
2025-09-16,9.061964988708496,9.5600004196167,9.739999771118164,9.479999542236328,9.699999809265137,5305400
2025-09-17,8.976653099060059,9.470000267028809,9.779999732971191,9.460000038146973,9.5600004196167,4906700
2025-09-18,9.0240478515625,9.520000457763672,9.529999732971191,9.319999694824219,9.4399995803833,7581300
2025-09-19,8.843947410583496,9.329999923706055,9.5600004196167,9.3100004196167,9.5600004196167,32414900
2025-09-22,8.824989318847656,9.3100004196167,9.460000038146973,9.270000457763672,9.3100004196167,7385600
2025-09-23,8.616450309753418,9.09000015258789,9.329999923706055,9.079999923706055,9.220000267028809,8111700
2025-09-24,8.8060302734375,9.289999961853027,9.319999694824219,9.100000381469727,9.109999656677246,4519200
2025-09-25,8.682802200317383,9.15999984741211,9.170000076293945,9.050000190734863,9.100000381469727,6587600
2025-09-26,8.73019790649414,9.210000038146973,9.25,9.039999961853027,9.170000076293945,4998100
2025-09-29,8.654366493225098,9.130000114440918,9.239999771118164,9.010000228881836,9.229999542236328,5994300
2025-09-30,8.682802200317383,9.15999984741211,9.180000305175781,9.039999961853027,9.100000381469727,7536300
2025-10-01,8.96717357635498,9.460000038146973,9.470000267028809,9.15999984741211,9.15999984741211,5316300
2025-10-02,8.919777870178223,9.40999984741211,9.470000267028809,9.289999961853027,9.470000267028809,4173000
2025-10-03,9.052485466003418,9.550000190734863,9.600000381469727,9.380000114440918,9.399999618530273,3774300
2025-10-06,8.843947410583496,9.329999923706055,9.550000190734863,9.3100004196167,9.550000190734863,4788900
2025-10-07,8.635407447814941,9.109999656677246,9.420000076293945,9.100000381469727,9.350000381469727,3978700
2025-10-08,8.512179374694824,8.979999542236328,9.119999885559082,8.949999809265137,9.100000381469727,6748100
2025-10-09,8.369994163513184,8.829999923706055,9.010000228881836,8.819999694824219,8.960000038146973,6120600
2025-10-10,8.256246566772461,8.710000038146973,8.869999885559082,8.630000114440918,8.850000381469727,6744200
2025-10-13,8.218329429626465,8.670000076293945,8.770000457763672,8.5600004196167,8.699999809265137,6554700
2025-10-14,8.455305099487305,8.920000076293945,9.029999732971191,8.550000190734863,8.609999656677246,7439700
2025-10-15,8.407910346984863,8.869999885559082,9.119999885559082,8.800000190734863,8.949999809265137,4535500
2025-10-16,8.417389869689941,8.880000114440918,8.930000305175781,8.729999542236328,8.880000114440918,4610200
2025-10-17,8.417389869689941,8.880000114440918,8.90999984741211,8.779999732971191,8.84000015258789,3847500
2025-10-20,8.464784622192383,8.930000305175781,9.09000015258789,8.890000343322754,8.890000343322754,3885900
2025-10-21,8.843947410583496,9.329999923706055,9.369999885559082,8.890000343322754,8.899999618530273,7553900
2025-10-22,8.739677429199219,9.220000267028809,9.40999984741211,9.069999694824219,9.300000190734863,6948800
2025-10-23,8.550097465515137,9.020000457763672,9.329999923706055,8.960000038146973,9.239999771118164,7026200
2025-10-24,8.512179374694824,8.979999542236328,9.09000015258789,8.960000038146973,9.079999923706055,3610400
2025-10-27,8.464784622192383,8.930000305175781,9.039999961853027,8.890000343322754,8.970000267028809,4889500
2025-10-28,8.275203704833984,8.729999542236328,8.960000038146973,8.579999923706055,8.800000190734863,6308900
2025-10-29,8.180413246154785,8.630000114440918,8.770000457763672,8.5600004196167,8.609999656677246,6400900
2025-10-30,8.066665649414062,8.510000228881836,8.65999984741211,8.390000343322754,8.5,6983600
2025-10-31,8.095102310180664,8.539999961853027,8.630000114440918,8.420000076293945,8.520000457763672,6708100
2025-11-03,7.990832805633545,8.430000305175781,8.630000114440918,8.40999984741211,8.520000457763672,6951800
2025-11-04,8.42686939239502,8.890000343322754,8.920000076293945,8.430000305175781,8.449999809265137,8936900
2025-11-05,8.60697078704834,9.079999923706055,9.130000114440918,8.869999885559082,8.949999809265137,7573000
2025-11-06,8.369994163513184,8.829999923706055,9.229999542236328,8.779999732971191,9.09000015258789,12060800
2025-11-07,8.502701759338379,8.970000267028809,10.119999885559082,8.510000228881836,9.800000190734863,20330200
2025-11-10,8.095102310180664,8.539999961853027,8.880000114440918,8.430000305175781,8.850000381469727,10718200
2025-11-11,8.388952255249023,8.850000381469727,8.869999885559082,8.59000015258789,8.619999885559082,7941600
2025-11-12,8.275203704833984,8.729999542236328,8.949999809265137,8.59000015258789,8.850000381469727,7910200
2025-11-13,8.256246566772461,8.710000038146973,8.880000114440918,8.680000305175781,8.699999809265137,6694800
2025-11-14,8.170933723449707,8.619999885559082,8.779999732971191,8.550000190734863,8.699999809265137,6870000
2025-11-17,7.962395668029785,8.399999618530273,8.649999618530273,8.34000015258789,8.649999618530273,6564400
2025-11-18,7.8012518882751465,8.229999542236328,8.34000015258789,8.149999618530273,8.34000015258789,7707300
2025-11-19,7.696982383728027,8.119999885559082,8.3100004196167,8.09000015258789,8.229999542236328,5815100
2025-11-20,7.460006237030029,7.869999885559082,8.180000305175781,7.849999904632568,8.100000381469727,7379400
2025-11-21,7.858126640319824,8.289999961853027,8.300000190734863,7.829999923706055,7.860000133514404,6590900
2025-11-24,7.488443374633789,7.900000095367432,8.350000381469727,7.860000133514404,8.34000015258789,10843900
2025-11-25,7.990832805633545,8.430000305175781,8.449999809265137,7.929999828338623,7.929999828338623,6616500
2025-11-26,8.085622787475586,8.529999732971191,8.569999694824219,8.34000015258789,8.399999618530273,5851900
2025-11-28,8.009790420532227,8.449999809265137,8.59000015258789,8.4399995803833,8.569999694824219,3620400
2025-12-01,7.932681083679199,8.229999542236328,8.359999656677246,8.170000076293945,8.270000457763672,4936500
2025-12-02,8.183287620544434,8.489999771118164,8.720000267028809,8.010000228881836,8.220000267028809,17174900
2025-12-03,8.25075912475586,8.5600004196167,8.609999656677246,8.15999984741211,8.220000267028809,7234200
2025-12-04,8.23148250579834,8.539999961853027,8.5600004196167,8.289999961853027,8.5600004196167,9348800
2025-12-05,8.135093688964844,8.4399995803833,8.649999618530273,8.430000305175781,8.550000190734863,6147700
2025-12-08,7.980874061584473,8.279999732971191,8.520000457763672,8.229999542236328,8.479999542236328,6627700
2025-12-09,7.865209579467773,8.15999984741211,8.300000190734863,8.119999885559082,8.270000457763672,5979600
2025-12-10,7.884487628936768,8.180000305175781,8.260000228881836,8.079999923706055,8.149999618530273,5612300
2025-12-11,8.183287620544434,8.489999771118164,8.569999694824219,8.180000305175781,8.1899995803833,7502000
2025-12-12,8.298952102661133,8.609999656677246,8.770000457763672,8.539999961853027,8.539999961853027,6094800
2025-12-15,7.932681083679199,8.229999542236328,8.680000305175781,8.140000343322754,8.65999984741211,9329700
2025-12-16,8.048346519470215,8.350000381469727,8.470000267028809,8.210000038146973,8.229999542236328,5500300
2025-12-17,8.183287620544434,8.489999771118164,8.609999656677246,8.260000228881836,8.289999961853027,5182700
2025-12-18,8.135093688964844,8.4399995803833,8.510000228881836,8.380000114440918,8.5,3900600
2025-12-19,8.077261924743652,8.380000114440918,8.449999809265137,8.279999732971191,8.390000343322754,9266600
2025-12-22,7.990513801574707,8.289999961853027,8.479999542236328,8.289999961853027,8.34000015258789,4535300
2025-12-23,7.923042297363281,8.220000267028809,8.3100004196167,8.199999809265137,8.260000228881836,5437600
2025-12-24,7.990513801574707,8.289999961853027,8.300000190734863,8.170000076293945,8.239999771118164,2146500
2025-12-26,8.048346519470215,8.350000381469727,8.390000343322754,8.260000228881836,8.270000457763672,3395500
2025-12-29,8.019429206848145,8.319999694824219,8.359999656677246,8.260000228881836,8.329999923706055,4496700
2025-12-30,7.980874061584473,8.279999732971191,8.40999984741211,8.270000457763672,8.319999694824219,4041000
2025-12-31,8.029067993164062,8.329999923706055,8.399999618530273,8.260000228881836,8.279999732971191,4294400
2026-01-02,7.87484884262085,8.170000076293945,8.430000305175781,8.079999923706055,8.3100004196167,6092400
2026-01-05,7.817016124725342,8.109999656677246,8.359999656677246,8.09000015258789,8.170000076293945,7422100
2026-01-06,8.135093688964844,8.4399995803833,8.5,8.09000015258789,8.119999885559082,6798700
2026-01-07,7.923042297363281,8.220000267028809,8.479999542236328,8.199999809265137,8.470000267028809,5015200
2026-01-08,8.077261924743652,8.380000114440918,8.5,8.079999923706055,8.149999618530273,6385000
2026-01-09,8.337508201599121,8.649999618530273,8.729999542236328,8.279999732971191,8.399999618530273,6142400
2026-01-12,8.192926406860352,8.5,8.670000076293945,8.399999618530273,8.640000343322754,5858200
2026-01-13,8.038707733154297,8.34000015258789,8.619999885559082,8.319999694824219,8.510000228881836,4592600
2026-01-14,8.173649787902832,8.479999542236328,8.699999809265137,8.300000190734863,8.300000190734863,9395200
2026-01-15,8.23148250579834,8.539999961853027,8.609999656677246,8.3100004196167,8.449999809265137,4666500
2026-01-16,8.019429206848145,8.319999694824219,8.510000228881836,8.25,8.5,5838800
2026-01-20,7.87484884262085,8.170000076293945,8.3100004196167,8.130000114440918,8.229999542236328,5156400
2026-01-21,8.057984352111816,8.359999656677246,8.40999984741211,8.180000305175781,8.180000305175781,5115500
2026-01-22,8.125455856323242,8.430000305175781,8.5600004196167,8.380000114440918,8.420000076293945,4878500
2026-01-23,8.115817070007324,8.420000076293945,8.4399995803833,8.229999542236328,8.359999656677246,5176900
2026-01-26,7.788099765777588,8.079999923706055,8.5,8.079999923706055,8.369999885559082,8490200
2026-01-27,7.691712856292725,7.980000019073486,8.109999656677246,7.960000038146973,8.050000190734863,7776400
2026-01-28,7.653157711029053,7.940000057220459,8.130000114440918,7.900000095367432,8.0600004196167,6561000
2026-01-29,7.441104888916016,7.71999979019165,8.0,7.710000038146973,7.960000038146973,8751700
2026-01-30,7.508576393127441,7.789999961853027,7.820000171661377,7.610000133514404,7.730000019073486,9077600
2026-02-02,7.41218900680542,7.690000057220459,7.889999866485596,7.599999904632568,7.769999980926514,9233200
2026-02-03,7.498937606811523,7.78000020980835,7.960000038146973,7.610000133514404,7.659999847412109,8030800
2026-02-04,7.76882266998291,8.0600004196167,8.180000305175781,7.820000171661377,7.849999904632568,10469100
2026-02-05,7.749545097351074,8.039999961853027,8.239999771118164,8.010000228881836,8.119999885559082,5998600
2026-02-06,7.730267524719238,8.020000457763672,8.1899995803833,7.920000076293945,8.010000228881836,7532200
2026-02-09,7.527853965759277,7.809999942779541,8.020000457763672,7.760000228881836,8.020000457763672,8065700
2026-02-10,7.537492752075195,7.820000171661377,7.900000095367432,7.71999979019165,7.820000171661377,10168700
2026-02-11,7.595324993133545,7.880000114440918,8.079999923706055,7.699999809265137,7.809999942779541,11288800
2026-02-12,7.007361888885498,7.269999980926514,8.0,7.210000038146973,7.889999866485596,19569500
2026-02-13,7.209775447845459,7.480000019073486,7.929999828338623,7.079999923706055,7.090000152587891,19220800
2026-02-17,6.7471160888671875,7.0,7.5,6.730000019073486,7.489999771118164,22540400
2026-02-18,7.884487628936768,8.180000305175781,8.300000190734863,7.360000133514404,7.539999961853027,25812500
2026-02-19,8.019429206848145,8.319999694824219,8.350000381469727,7.800000190734863,8.130000114440918,13317700
2026-02-20,7.797738552093506,8.09000015258789,8.319999694824219,7.860000133514404,8.289999961853027,10495800
2026-02-23,7.489299297332764,7.769999980926514,8.020000457763672,7.739999771118164,7.920000076293945,10223900
2026-02-24,7.450744152069092,7.730000019073486,7.860000133514404,7.639999866485596,7.769999980926514,5892300
2026-02-25,7.219414234161377,7.489999771118164,7.730000019073486,7.409999847412109,7.679999828338623,7603600
2026-02-26,7.46038293838501,7.739999771118164,7.78000020980835,7.510000228881836,7.53000020980835,7050900
2026-02-27,7.383272647857666,7.659999847412109,7.71999979019165,7.5,7.650000095367432,5988900
2026-03-02,7.304727554321289,7.440000057220459,7.550000190734863,7.289999961853027,7.409999847412109,7149700
2026-03-03,7.373455047607422,7.510000228881836,7.650000095367432,7.300000190734863,7.329999923706055,5587600
2026-03-04,7.019999980926514,7.150000095367432,7.559999942779541,7.130000114440918,7.5,8687100
2026-03-05,7.118182182312012,7.25,7.400000095367432,7.090000152587891,7.150000095367432,6695600
2026-03-06,7.285090923309326,7.420000076293945,7.480000019073486,7.110000133514404,7.260000228881836,7798000
2026-03-09,7.137818336486816,7.269999980926514,7.320000171661377,7.070000171661377,7.289999961853027,7619900
2026-03-10,6.853091239929199,6.980000019073486,7.190000057220459,6.980000019073486,7.159999847412109,8123200
2026-03-11,6.941454887390137,7.070000171661377,7.119999885559082,6.78000020980835,7.03000020980835,11039600
2026-03-12,7.078909397125244,7.210000038146973,7.239999771118164,6.96999979019165,7.019999980926514,8095700
2026-03-13,7.039636611938477,7.170000076293945,7.400000095367432,6.989999771118164,7.300000190734863,9889500
2026-03-16,6.9120001792907715,7.039999961853027,7.170000076293945,6.980000019073486,7.139999866485596,7268500
2026-03-17,6.8825459480285645,7.010000228881836,7.179999828338623,7.010000228881836,7.039999961853027,6385500
2026-03-18,6.862908840179443,6.989999771118164,7.110000133514404,6.849999904632568,7.0,13315100
2026-03-19,6.931636333465576,7.059999942779541,7.090000152587891,6.869999885559082,6.920000076293945,9492600
2026-03-20,6.961091041564941,7.090000152587891,7.199999809265137,7.03000020980835,7.070000171661377,16806100
2026-03-23,7.029818058013916,7.159999847412109,7.28000020980835,7.059999942779541,7.199999809265137,7349200
2026-03-24,6.970909118652344,7.099999904632568,7.340000152587891,7.079999923706055,7.079999923706055,5010400
2026-03-25,7.010181903839111,7.139999866485596,7.239999771118164,7.010000228881836,7.170000076293945,6903000
2026-03-26,6.862908840179443,6.989999771118164,7.239999771118164,6.960000038146973,7.110000133514404,5183700
2026-03-27,6.676363945007324,6.800000190734863,6.960000038146973,6.739999771118164,6.949999809265137,8225900
2026-03-30,6.6567277908325195,6.78000020980835,6.889999866485596,6.670000076293945,6.820000171661377,10209300
2026-03-31,6.823636531829834,6.949999809265137,7.0,6.769999980926514,6.840000152587891,7480800
2026-04-01,6.774545669555664,6.900000095367432,7.0,6.849999904632568,6.980000019073486,6008100
2026-04-02,6.754909515380859,6.880000114440918,6.949999809265137,6.71999979019165,6.869999885559082,6062200
2026-04-06,6.961091041564941,7.090000152587891,7.179999828338623,6.860000133514404,6.860000133514404,5529300
2026-04-07,6.7647271156311035,6.889999866485596,7.150000095367432,6.849999904632568,7.110000133514404,5253000
2026-04-08,6.931636333465576,7.059999942779541,7.159999847412109,6.949999809265137,7.039999961853027,6092800
2026-04-09,6.970909118652344,7.099999904632568,7.150000095367432,7.010000228881836,7.019999980926514,4870000
2026-04-10,6.7647271156311035,6.889999866485596,7.190000057220459,6.880000114440918,7.119999885559082,7186100
2026-04-13,6.578181743621826,6.699999809265137,6.880000114440918,6.630000114440918,6.849999904632568,12405400
2026-04-14,6.6567277908325195,6.78000020980835,6.989999771118164,6.630000114440918,6.690000057220459,11187800
2026-04-15,6.774545669555664,6.900000095367432,6.980000019073486,6.679999828338623,6.820000171661377,7516500
2026-04-16,6.725454807281494,6.849999904632568,7.010000228881836,6.840000152587891,6.949999809265137,5902400
2026-04-17,6.823636531829834,6.949999809265137,7.050000190734863,6.889999866485596,6.900000095367432,6237400
2026-04-20,7.000363826751709,7.130000114440918,7.139999866485596,6.940000057220459,6.989999771118164,7977400
2026-04-21,6.980727672576904,7.110000133514404,7.320000171661377,7.070000171661377,7.170000076293945,9234100
2026-04-22,6.970909118652344,7.099999904632568,7.159999847412109,7.050000190734863,7.110000133514404,6949100
2026-04-23,6.803999900817871,6.929999828338623,7.230000019073486,6.889999866485596,7.150000095367432,6835600
2026-04-24,7.010181903839111,7.139999866485596,7.139999866485596,6.900000095367432,6.929999828338623,7563600
2026-04-27,6.774545669555664,6.900000095367432,7.150000095367432,6.880000114440918,7.139999866485596,8090400
2026-04-28,6.686182022094727,6.809999942779541,7.019999980926514,6.800000190734863,6.949999809265137,6267700
2026-04-29,6.637091159820557,6.760000228881836,6.889999866485596,6.679999828338623,6.820000171661377,8192100
2026-04-30,6.833454608917236,6.960000038146973,6.980000019073486,6.739999771118164,6.789999961853027,8793500
2026-05-01,6.578181743621826,6.699999809265137,7.070000171661377,6.699999809265137,7.0,8480300
2026-05-04,6.421091079711914,6.539999961853027,6.769999980926514,6.519999980926514,6.690000057220459,8134800
2026-05-05,6.489818572998047,6.610000133514404,6.670000076293945,6.369999885559082,6.510000228881836,8540300
2026-05-06,6.529090881347656,6.650000095367432,6.71999979019165,6.570000171661377,6.650000095367432,8927900
2026-05-07,6.823636531829834,6.949999809265137,6.980000019073486,6.559999942779541,6.630000114440918,14736900
2026-05-08,7.167273044586182,7.300000190734863,7.440000057220459,7.019999980926514,7.179999828338623,22280900
2026-05-11,6.637091159820557,6.760000228881836,7.159999847412109,6.75,7.010000228881836,10806100
2026-05-12,7.756363868713379,7.900000095367432,8.020000457763672,7.119999885559082,7.610000133514404,57850400
2026-05-13,8.041090965270996,8.1899995803833,8.4399995803833,7.940000057220459,8.149999618530273,22806900
2026-05-14,7.962545394897461,8.109999656677246,8.319999694824219,7.960000038146973,8.270000457763672,13449600
2026-05-15,7.874182224273682,8.020000457763672,8.119999885559082,7.849999904632568,8.029999732971191,9959900
2026-05-18,7.697454929351807,7.840000152587891,8.039999961853027,7.679999828338623,7.940000057220459,9229900
2026-05-19,7.972363471984863,8.119999885559082,8.170000076293945,7.789999961853027,7.989999771118164,11406900
2026-05-20,7.609090805053711,7.75,8.119999885559082,7.730000019073486,7.889999866485596,14639400
2026-05-21,7.481454372406006,7.619999885559082,7.78000020980835,7.53000020980835,7.730000019073486,11026700
2026-05-22,7.668000221252441,7.809999942779541,7.940000057220459,7.559999942779541,7.659999847412109,8745900
2026-05-26,7.226181983947754,7.360000133514404,7.860000133514404,7.360000133514404,7.829999923706055,13307700
2026-05-27,7.353817939758301,7.489999771118164,7.610000133514404,7.400000095367432,7.400000095367432,9782600
2026-05-28,7.363636493682861,7.5,7.619999885559082,7.380000114440918,7.5,8794100
2026-05-29,7.559999942779541,7.699999809265137,7.760000228881836,7.489999771118164,7.539999961853027,9994100
2026-06-01,7.849999904632568,7.849999904632568,7.860000133514404,7.53000020980835,7.599999904632568,6270900
2026-06-02,7.210000038146973,7.210000038146973,7.769999980926514,7.210000038146973,7.699999809265137,10242700
2026-06-03,6.849999904632568,6.849999904632568,7.329999923706055,6.849999904632568,7.150000095367432,13522200
2026-06-04,6.75,6.75,7.039999961853027,6.75,6.980000019073486,8570300
2026-06-05,6.710000038146973,6.710000038146973,6.949999809265137,6.53000020980835,6.789999961853027,10363900
2026-06-08,6.739999771118164,6.739999771118164,6.800000190734863,6.590000152587891,6.610000133514404,6183300
2026-06-09,6.710000038146973,6.710000038146973,6.860000133514404,6.610000133514404,6.739999771118164,5895400
2026-06-10,6.630000114440918,6.630000114440918,6.909999847412109,6.619999885559082,6.659999847412109,6085300
2026-06-11,6.789999961853027,6.789999961853027,6.869999885559082,6.539999961853027,6.619999885559082,7797300
2026-06-12,6.789999961853027,6.789999961853027,7.0,6.769999980926514,6.800000190734863,5376300
2026-06-15,6.909999847412109,6.909999847412109,6.96999979019165,6.820000171661377,6.929999828338623,7014800
2026-06-16,6.769999980926514,6.769999980926514,7.010000228881836,6.739999771118164,6.949999809265137,5883900
2026-06-17,6.949999809265137,6.949999809265137,7.150000095367432,6.769999980926514,6.789999961853027,8451900
2026-06-18,6.800000190734863,6.800000190734863,7.039999961853027,6.78000020980835,6.980000019073486,7730500
2026-06-22,6.170000076293945,6.170000076293945,6.789999961853027,6.119999885559082,6.71999979019165,18523600
2026-06-23,6.260000228881836,6.260000228881836,6.309999942779541,6.070000171661377,6.21999979019165,7573200
2026-06-24,7.860000133514404,7.860000133514404,8.890000343322754,7.5,7.809999942779541,210481900
2026-06-25,7.329999923706055,7.329999923706055,9.069999694824219,7.21999979019165,8.449999809265137,102681100
2026-06-26,7.800000190734863,7.800000190734863,8.25,7.21999979019165,7.260000228881836,80470200
2026-06-29,8.260000228881836,8.260000228881836,8.279999732971191,7.409999847412109,7.699999809265137,36706200
2026-06-30,8.289999961853027,8.289999961853027,8.4399995803833,7.820000171661377,8.180000305175781,30055800
2026-07-01,8.9399995803833,8.9399995803833,8.979999542236328,8.199999809265137,8.279999732971191,30143600
2026-07-02,8.600000381469727,8.600000381469727,9.449999809265137,8.329999923706055,8.979999542236328,30408700
2026-07-06,7.900000095367432,7.900000095367432,8.720000267028809,7.809999942779541,8.479999542236328,20173100
2026-07-07,7.78000020980835,7.78000020980835,8.149999618530273,7.699999809265137,7.739999771118164,14062100
2026-07-08,7.449999809265137,7.449999809265137,7.800000190734863,7.360000133514404,7.639999866485596,13413300
2026-07-09,7.590000152587891,7.590000152587891,7.619999885559082,7.340000152587891,7.389999866485596,10047700
2026-07-10,7.550000190734863,7.550000190734863,7.800000190734863,7.53000020980835,7.659999847412109,7508500
2026-07-13,7.5,7.5,7.71999979019165,7.449999809265137,7.619999885559082,12607100
2026-07-14,7.420000076293945,7.420000076293945,7.510000228881836,7.380000114440918,7.440000057220459,6529100
2026-07-15,7.449999809265137,7.449999809265137,7.539999961853027,7.349999904632568,7.409999847412109,8383400
2026-07-16,7.829999923706055,7.829999923706055,7.849999904632568,7.449999809265137,7.510000228881836,9415800
2026-07-17,7.760000228881836,7.760000228881836,8.029999732971191,7.610000133514404,7.909999847412109,10066900
2026-07-20,7.849999904632568,7.849999904632568,7.889999866485596,7.630000114440918,7.78000020980835,6056500
2026-07-21,7.630000114440918,7.630000114440918,7.880000114440918,7.599999904632568,7.820000171661377,5328200
2026-07-22,7.400000095367432,7.400000095367432,7.739999771118164,7.340000152587891,7.739999771118164,6733900
2026-07-23,7.170000076293945,7.170000076293945,7.320000171661377,7.080100059509277,7.289999961853027,4471085
