Date,Adjusted_Close,Close,High,Low,Open,Volume
2021-07-23,170.94480895996094,219.52000427246094,220.22000122070312,215.5,217.1300048828125,970600
2021-07-26,171.4509735107422,220.1699981689453,222.0,217.3800048828125,219.99000549316406,694800
2021-07-27,170.87474060058594,219.42999267578125,222.36000061035156,216.49000549316406,218.27000427246094,692200
2021-07-28,171.23292541503906,219.88999938964844,221.61000061035156,217.3699951171875,220.25,523600
2021-07-29,174.81504821777344,224.49000549316406,225.58999633789062,221.47000122070312,221.5,562400
2021-07-30,172.517822265625,221.5399932861328,227.39999389648438,221.22000122070312,223.88999938964844,521800
2021-08-02,172.53335571289062,221.55999755859375,225.66000366210938,221.1699981689453,223.25999450683594,372000
2021-08-03,175.17324829101562,224.9499969482422,227.14999389648438,220.58999633789062,222.1999969482422,507200
2021-08-04,171.8792724609375,220.72000122070312,225.94000244140625,220.61000061035156,224.05999755859375,384700
2021-08-05,172.73585510253906,221.82000732421875,224.35000610351562,221.0500030517578,222.14999389648438,383900
2021-08-06,171.7468719482422,220.5500030517578,224.75,220.4499969482422,222.27999877929688,389600
2021-08-09,171.86370849609375,220.6999969482422,222.9499969482422,219.0399932861328,220.02000427246094,281000
2021-08-10,173.70147705078125,223.05999755859375,225.55999755859375,220.4499969482422,221.30999755859375,563800
2021-08-11,178.74757385253906,229.5399932861328,230.05999755859375,222.44000244140625,222.89999389648438,651200
2021-08-12,179.720947265625,230.7899932861328,232.32000732421875,228.83999633789062,230.07000732421875,417400
2021-08-13,181.0526123046875,232.5,233.3300018310547,230.63999938964844,230.8000030517578,413400
2021-08-16,181.3329315185547,232.86000061035156,234.2899932861328,228.97000122070312,231.94000244140625,353200
2021-08-17,174.33224487304688,223.8699951171875,229.9499969482422,221.05999755859375,229.9499969482422,411100
2021-08-18,171.53662109375,220.27999877929688,225.3300018310547,220.1199951171875,223.02000427246094,374400
2021-08-19,170.81239318847656,219.35000610351562,221.72999572753906,216.60000610351562,218.17999267578125,308100
2021-08-20,172.25302124023438,221.1999969482422,222.69000244140625,218.97000122070312,219.36000061035156,289100
2021-08-23,171.49769592285156,220.22999572753906,223.02000427246094,219.30999755859375,223.02000427246094,303900
2021-08-24,172.19073486328125,221.1199951171875,223.0399932861328,219.86000061035156,221.61000061035156,374500
2021-08-25,174.33224487304688,223.8699951171875,226.88999938964844,222.0500030517578,222.0500030517578,383100
2021-08-26,173.2586669921875,221.10000610351562,223.0,220.22000122070312,222.74000549316406,250800
2021-08-27,177.05140686035156,225.94000244140625,227.33999633789062,221.9199981689453,221.97999572753906,354600
2021-08-30,175.46849060058594,223.9199981689453,227.5800018310547,223.91000366210938,227.17999267578125,436300
2021-08-31,173.59561157226562,221.52999877929688,224.30999755859375,220.4499969482422,224.27999877929688,566500
2021-09-01,175.311767578125,223.72000122070312,224.89999389648438,220.86000061035156,221.5500030517578,580200
2021-09-02,177.4353485107422,226.42999267578125,227.55999755859375,223.13999938964844,224.4499969482422,562200
2021-09-03,176.9965362548828,225.8699951171875,227.77000427246094,224.24000549316406,226.08999633789062,421800
2021-09-07,170.3984375,217.4499969482422,225.67999267578125,217.22999572753906,224.5,612100
2021-09-08,169.3640899658203,216.1300048828125,217.13999938964844,213.25999450683594,216.60000610351562,590800
2021-09-09,170.23385620117188,217.24000549316406,219.6300048828125,215.69000244140625,216.97999572753906,560400
2021-09-10,169.0584716796875,215.74000549316406,219.47000122070312,215.4600067138672,217.86000061035156,668800
2021-09-13,171.35446166992188,218.6699981689453,220.0,216.0,217.5,754800
2021-09-14,169.45025634765625,216.24000549316406,220.00999450683594,215.8000030517578,219.8000030517578,652800
2021-09-15,170.25741577148438,217.27000427246094,219.1199951171875,214.42999267578125,215.6300048828125,658100
2021-09-16,166.6684112548828,212.69000244140625,217.22000122070312,212.4499969482422,216.02999877929688,531700
2021-09-17,165.05416870117188,210.6300048828125,213.19000244140625,208.6300048828125,211.69000244140625,976600
2021-09-20,163.81602478027344,209.0500030517578,209.85000610351562,204.9199981689453,206.00999450683594,628900
2021-09-21,161.1517333984375,205.64999389648438,211.02999877929688,205.0,210.6999969482422,472900
2021-09-22,162.49954223632812,207.3699951171875,208.8699951171875,206.80999755859375,207.94000244140625,563000
2021-09-23,163.7925262451172,209.02000427246094,212.35000610351562,208.5,209.72000122070312,548800
2021-09-24,164.68585205078125,210.16000366210938,211.39999389648438,208.72000122070312,209.1300048828125,442200
2021-09-27,166.22958374023438,212.1300048828125,214.80999755859375,210.08999633789062,210.08999633789062,416700
2021-09-28,164.96011352539062,210.50999450683594,213.5399932861328,208.77999877929688,211.39999389648438,420100
2021-09-29,165.8377685546875,211.6300048828125,212.8000030517578,210.9199981689453,211.97999572753906,322300
2021-09-30,159.74903869628906,203.86000061035156,212.5500030517578,203.72999572753906,212.5399932861328,812100
2021-10-01,160.80691528320312,205.2100067138672,206.33999633789062,201.05999755859375,205.2100067138672,588200
2021-10-04,160.90098571777344,205.3300018310547,210.02000427246094,204.60000610351562,204.60000610351562,728100
2021-10-05,159.81956481933594,203.9499969482422,207.61000061035156,202.9199981689453,204.5500030517578,616200
2021-10-06,157.53143310546875,201.02999877929688,204.3800048828125,196.9600067138672,203.39999389648438,933300
2021-10-07,160.59536743164062,204.94000244140625,208.77999877929688,203.75,203.77000427246094,609200
2021-10-08,155.76039123535156,198.77000427246094,206.0,198.5800018310547,205.4499969482422,708100
2021-10-11,155.50180053710938,198.44000244140625,201.27999877929688,196.82000732421875,198.72000122070312,586800
2021-10-12,156.47349548339844,199.67999267578125,200.99000549316406,196.64999389648438,198.3000030517578,571200
2021-10-13,155.3529052734375,198.25,200.72999572753906,196.75,200.72999572753906,727600
2021-10-14,160.39944458007812,204.69000244140625,205.22000122070312,199.05999755859375,199.66000366210938,812000
2021-10-15,161.9901885986328,206.72000122070312,210.42999267578125,206.0500030517578,207.0,579600
2021-10-18,161.91969299316406,206.6300048828125,207.1199951171875,203.8000030517578,205.0,467300
2021-10-19,161.14389038085938,205.63999938964844,207.8800048828125,205.5399932861328,207.8800048828125,535600
2021-10-20,163.96490478515625,209.24000549316406,210.11000061035156,205.63999938964844,205.63999938964844,651100
2021-10-21,162.91485595703125,207.89999389648438,209.5800018310547,206.02999877929688,207.66000366210938,1136100
2021-10-22,167.25611877441406,213.44000244140625,215.6300048828125,200.10000610351562,200.82000732421875,2383500
2021-10-25,163.2831573486328,208.3699951171875,212.97999572753906,208.10000610351562,208.27999877929688,1244600
2021-10-26,161.42601013183594,206.0,210.5399932861328,204.6300048828125,210.0,790700
2021-10-27,158.36985778808594,202.10000610351562,208.3800048828125,201.7100067138672,206.55999755859375,814200
2021-10-28,164.70152282714844,210.17999267578125,210.63999938964844,202.55999755859375,203.4199981689453,698500
2021-10-29,165.21087646484375,210.8300018310547,213.61000061035156,209.60000610351562,210.61000061035156,728700
2021-11-01,168.05543518066406,214.4600067138672,215.25999450683594,210.86000061035156,211.6699981689453,607900
2021-11-02,168.83119201660156,215.4499969482422,216.25999450683594,212.10000610351562,214.55999755859375,618300
2021-11-03,170.88429260253906,218.07000732421875,222.55999755859375,215.0,216.30999755859375,882400
2021-11-04,170.97048950195312,218.17999267578125,221.99000549316406,216.4600067138672,218.75999450683594,496000
2021-11-05,170.9391326904297,218.13999938964844,222.27999877929688,217.07000732421875,220.2100067138672,510300
2021-11-08,171.29962158203125,218.60000610351562,219.83999633789062,216.41000366210938,218.1199951171875,408800
2021-11-09,173.227294921875,221.05999755859375,222.08999633789062,218.10000610351562,218.1999969482422,429200
2021-11-10,173.26651000976562,221.11000061035156,223.74000549316406,220.14999389648438,220.55999755859375,524500
2021-11-11,176.31480407714844,225.0,227.11000061035156,220.44000244140625,221.60000610351562,590100
2021-11-12,181.933349609375,232.1699981689453,233.60000610351562,225.55999755859375,226.02999877929688,780700
2021-11-15,183.7435302734375,234.47999572753906,237.77999877929688,232.86000061035156,233.3699951171875,684900
2021-11-16,184.3234100341797,235.22000122070312,237.19000244140625,233.1999969482422,234.6300048828125,553400
2021-11-17,182.52105712890625,232.9199981689453,235.32000732421875,231.1699981689453,234.6999969482422,399300
2021-11-18,181.0153045654297,229.61000061035156,233.13999938964844,228.42999267578125,233.13999938964844,493700
2021-11-19,180.76296997070312,229.2899932861328,232.82000732421875,229.0,230.11000061035156,404200
2021-11-22,181.81153869628906,230.6199951171875,233.24000549316406,229.0800018310547,230.1199951171875,413100
2021-11-23,182.323974609375,231.27000427246094,232.42999267578125,228.80999755859375,230.80999755859375,337700
2021-11-24,182.3160858154297,231.25999450683594,233.0,228.07000732421875,229.9199981689453,318200
2021-11-26,178.16932678222656,226.0,227.17999267578125,223.60000610351562,223.8000030517578,331700
2021-11-29,175.63082885742188,222.77999877929688,227.8000030517578,222.22999572753906,227.0,360600
2021-11-30,171.65745544433594,217.74000549316406,221.77000427246094,216.8000030517578,220.8699951171875,902400
2021-12-01,170.58529663085938,216.3800048828125,226.02999877929688,216.17999267578125,220.1300048828125,641300
2021-12-02,175.0159149169922,222.0,225.0500030517578,217.9499969482422,218.41000366210938,594400
2021-12-03,175.83580017089844,223.0399932861328,224.36000061035156,221.0500030517578,221.6300048828125,698900
2021-12-06,179.83277893066406,228.11000061035156,230.0800018310547,225.17999267578125,226.10000610351562,531300
2021-12-07,181.0153045654297,229.61000061035156,231.44000244140625,228.47999572753906,230.5,345900
2021-12-08,179.7066192626953,227.9499969482422,231.67999267578125,227.17999267578125,230.64999389648438,709800
2021-12-09,178.2008819580078,226.0399932861328,229.32000732421875,225.8699951171875,226.63999938964844,529700
2021-12-10,181.34642028808594,230.02999877929688,230.55999755859375,226.91000366210938,228.0399932861328,553500
2021-12-13,179.90371704101562,228.1999969482422,231.4600067138672,225.57000732421875,230.6999969482422,584500
2021-12-14,182.91525268554688,232.02000427246094,233.3699951171875,226.5399932861328,227.80999755859375,901900
2021-12-15,187.51925659179688,237.86000061035156,238.3800048828125,230.57000732421875,231.5399932861328,778800
2021-12-16,187.85037231445312,238.27999877929688,241.6199951171875,238.10000610351562,238.5,811700
2021-12-17,181.60658264160156,230.36000061035156,240.2899932861328,229.66000366210938,239.00999450683594,1568800
2021-12-20,173.57318115234375,220.1699981689453,227.22999572753906,216.77999877929688,226.86000061035156,806700
2021-12-21,174.52713012695312,221.3800048828125,222.32000732421875,218.83999633789062,222.07000732421875,412300
2021-12-22,176.852783203125,224.3300018310547,225.50999450683594,220.52999877929688,221.07000732421875,284600
2021-12-23,179.17056274414062,227.27000427246094,228.3800048828125,224.97000122070312,225.64999389648438,261000
2021-12-27,181.81153869628906,230.6199951171875,230.99000549316406,226.83999633789062,228.0,213700
2021-12-28,181.89828491210938,230.72999572753906,232.44000244140625,229.80999755859375,229.99000549316406,385500
2021-12-29,183.7509307861328,233.0800018310547,234.36000061035156,230.07000732421875,230.07000732421875,275400
2021-12-30,183.3567352294922,232.5800018310547,235.5800018310547,232.1300048828125,233.41000366210938,231300
2021-12-31,184.99652099609375,234.66000366210938,235.77000427246094,230.60000610351562,231.9499969482422,296500
2022-01-03,183.4513397216797,232.6999969482422,237.58999633789062,229.38999938964844,235.69000244140625,633200
2022-01-04,188.7885284423828,239.47000122070312,240.72000122070312,233.86000061035156,234.10000610351562,478700
2022-01-05,185.7691192626953,235.63999938964844,245.44000244140625,235.0399932861328,240.80999755859375,585000
2022-01-06,184.27911376953125,233.75,236.97000122070312,229.58999633789062,236.97000122070312,511700
2022-01-07,178.9892120361328,227.0399932861328,234.32000732421875,226.8300018310547,233.94000244140625,586600
2022-01-10,175.37063598632812,222.4499969482422,225.74000549316406,219.9600067138672,224.66000366210938,686100
2022-01-11,179.19418334960938,227.3000030517578,227.39999389648438,219.0,223.3300018310547,520600
2022-01-12,177.58596801757812,225.25999450683594,229.6999969482422,223.17999267578125,226.99000549316406,548400
2022-01-13,178.7763671875,226.77000427246094,230.74000549316406,225.35000610351562,226.75,550100
2022-01-14,171.08987426757812,217.02000427246094,223.2100067138672,214.00999450683594,223.2100067138672,1010800
2022-01-18,165.35845947265625,209.75,214.3300018310547,207.07000732421875,214.3300018310547,886500
2022-01-19,163.0880126953125,206.8699951171875,211.74000549316406,206.75,211.10000610351562,905400
2022-01-20,158.77566528320312,201.39999389648438,209.8000030517578,200.9600067138672,207.5500030517578,864400
2022-01-21,158.8702850341797,201.52000427246094,205.77999877929688,200.82000732421875,201.8699951171875,917900
2022-01-24,163.34817504882812,207.1999969482422,208.14999389648438,196.35000610351562,197.0,1105900
2022-01-25,164.0655517578125,208.11000061035156,211.35000610351562,201.27999877929688,201.5399932861328,1013600
2022-01-26,163.7029266357422,207.64999389648438,213.1199951171875,204.3800048828125,211.22000122070312,1682500
2022-01-27,157.53793334960938,199.8300018310547,214.10000610351562,197.4199981689453,211.52000427246094,1654400
2022-01-28,161.76358032226562,205.19000244140625,205.3300018310547,197.92999267578125,199.61000061035156,936300
2022-01-31,165.70538330078125,210.19000244140625,210.2899932861328,203.8300018310547,203.8300018310547,799200
2022-02-01,164.3572540283203,208.47999572753906,211.19000244140625,205.08999633789062,209.89999389648438,818200
2022-02-02,166.56466674804688,211.27999877929688,211.2899932861328,204.6300048828125,209.4499969482422,641400
2022-02-03,162.1025390625,205.6199951171875,209.83999633789062,205.10000610351562,209.19000244140625,477000
2022-02-04,159.24868774414062,202.0,205.38999938964844,200.08999633789062,204.24000549316406,581000
2022-02-07,157.798095703125,200.16000366210938,204.17999267578125,199.35000610351562,202.52000427246094,453600
2022-02-08,158.0897979736328,200.52999877929688,203.32000732421875,198.89999389648438,201.07000732421875,713400
2022-02-09,162.56765747070312,206.2100067138672,207.6199951171875,202.02999877929688,202.8000030517578,672000
2022-02-10,157.34085083007812,199.5800018310547,206.63999938964844,199.27000427246094,203.55999755859375,630500
2022-02-11,154.2583770751953,195.6699981689453,201.72999572753906,193.47000122070312,200.0,887600
2022-02-14,155.00730895996094,196.6199951171875,198.9499969482422,194.47999572753906,196.02000427246094,573800
2022-02-15,161.12498474121094,204.3800048828125,205.22999572753906,201.0500030517578,201.5800018310547,728000
2022-02-16,162.6938018798828,206.3699951171875,207.11000061035156,202.4199981689453,202.99000549316406,753400
2022-02-17,161.55856323242188,204.92999267578125,207.92999267578125,203.3300018310547,205.3800048828125,602600
2022-02-18,161.25111389160156,204.5399932861328,207.1300048828125,203.25999450683594,204.5,571900
2022-02-22,155.9454803466797,197.80999755859375,205.35000610351562,194.75,203.11000061035156,1127900
2022-02-23,153.07582092285156,194.1699981689453,201.9499969482422,193.72999572753906,199.8300018310547,988100
2022-02-24,157.6580810546875,198.17999267578125,198.64999389648438,187.3699951171875,188.11000061035156,1044100
2022-02-25,162.6460723876953,204.4499969482422,205.5,196.47999572753906,196.47999572753906,923800
2022-02-28,160.1162872314453,201.27000427246094,203.0,198.1999969482422,201.17999267578125,888800
2022-03-01,160.08444213867188,201.22999572753906,202.44000244140625,197.11000061035156,200.72000122070312,771900
2022-03-02,164.30868530273438,206.5399932861328,209.36000061035156,201.1999969482422,203.5,1026900
2022-03-03,166.60775756835938,209.42999267578125,210.99000549316406,205.1199951171875,208.55999755859375,870300
2022-03-04,162.2005615234375,203.88999938964844,209.8699951171875,200.39999389648438,206.5399932861328,1328700
2022-03-07,151.02334594726562,189.83999633789062,203.3300018310547,189.52000427246094,201.57000732421875,1926000
2022-03-08,153.13153076171875,192.49000549316406,199.9499969482422,188.3300018310547,189.1199951171875,1481500
2022-03-09,156.24200439453125,196.39999389648438,199.47000122070312,193.6699981689453,196.39999389648438,1072100
2022-03-10,149.64710998535156,188.11000061035156,193.92999267578125,187.30999755859375,193.6300048828125,1429800
2022-03-11,147.49119567871094,185.39999389648438,192.4600067138672,185.0,190.9199981689453,1070800
2022-03-14,148.11170959472656,186.17999267578125,188.9499969482422,183.25,188.02000427246094,1171600
2022-03-15,151.22225952148438,190.08999633789062,192.0,187.1699981689453,188.86000061035156,769200
2022-03-16,153.99862670898438,193.5800018310547,196.22000122070312,188.38999938964844,191.10000610351562,759300
2022-03-17,155.49427795410156,195.4600067138672,195.92999267578125,190.42999267578125,191.60000610351562,576900
2022-03-18,154.9055633544922,194.72000122070312,195.2899932861328,186.4499969482422,190.6199951171875,2281500
2022-03-21,148.60494995117188,186.8000030517578,194.92999267578125,185.3800048828125,194.3000030517578,1267600
2022-03-22,150.22779846191406,188.83999633789062,191.58999633789062,187.6199951171875,188.3699951171875,797300
2022-03-23,145.43080139160156,182.80999755859375,188.49000549316406,182.72000122070312,187.6300048828125,820100
2022-03-24,145.41488647460938,182.7899932861328,183.82000732421875,181.0,183.39999389648438,1031400
2022-03-25,144.29319763183594,181.3800048828125,184.10000610351562,180.5500030517578,183.0500030517578,801400
2022-03-28,145.18417358398438,182.5,183.6999969482422,180.25999450683594,181.11000061035156,1359300
2022-03-29,148.8515625,187.11000061035156,191.36000061035156,185.1999969482422,186.11000061035156,2259000
2022-03-30,143.44993591308594,180.32000732421875,186.97000122070312,180.3000030517578,186.72000122070312,1173500
2022-03-31,137.4516143798828,172.77999877929688,180.0500030517578,172.6300048828125,180.0500030517578,1610900
2022-04-01,137.18113708496094,172.44000244140625,175.0500030517578,169.25,174.75,1235100
2022-04-04,139.28927612304688,175.08999633789062,176.89999389648438,172.55999755859375,173.0399932861328,1124300
2022-04-05,137.4516143798828,172.77999877929688,176.5,171.58999633789062,174.1999969482422,924500
2022-04-06,133.59332275390625,167.92999267578125,171.47000122070312,167.39999389648438,170.00999450683594,1166600
2022-04-07,134.1581268310547,168.63999938964844,169.5500030517578,164.52000427246094,167.52999877929688,1173200
2022-04-08,136.89474487304688,172.0800018310547,173.6300048828125,165.5,168.5,1327600
2022-04-11,140.35531616210938,176.42999267578125,179.57000732421875,171.8000030517578,171.8000030517578,1328800
2022-04-12,138.89947509765625,174.60000610351562,181.69000244140625,174.39999389648438,177.77000427246094,1050500
2022-04-13,140.93606567382812,177.16000366210938,177.6999969482422,173.08999633789062,174.0,798800
2022-04-14,135.67758178710938,170.5500030517578,178.1199951171875,170.4499969482422,176.08999633789062,1451800
2022-04-18,135.860595703125,170.77999877929688,172.22000122070312,168.1300048828125,170.08999633789062,997500
2022-04-19,140.45077514648438,176.5500030517578,177.10000610351562,171.91000366210938,171.91000366210938,932200
2022-04-20,141.67591857910156,178.08999633789062,180.1999969482422,175.5,177.85000610351562,1060500
2022-04-21,141.68385314941406,178.10000610351562,182.47999572753906,176.3300018310547,180.88999938964844,886600
2022-04-22,138.27899169921875,173.82000732421875,177.25,172.6999969482422,177.25,1114200
2022-04-25,142.29638671875,178.8699951171875,179.0,169.80999755859375,173.5,2564400
2022-04-26,148.89134216308594,187.16000366210938,194.8699951171875,184.24000549316406,186.9499969482422,4429100
2022-04-27,145.59783935546875,183.02000427246094,191.86000061035156,181.5800018310547,184.25,1992500
2022-04-28,147.395751953125,185.27999877929688,189.00999450683594,181.60000610351562,184.9199981689453,953300
2022-04-29,144.40457153320312,181.52000427246094,187.91000366210938,180.97999572753906,184.88999938964844,1236900
2022-05-02,147.38780212402344,185.27000427246094,185.83999633789062,179.61000061035156,181.1999969482422,1019400
2022-05-03,151.4927215576172,190.42999267578125,191.6199951171875,184.7100067138672,186.00999450683594,1033300
2022-05-04,157.66604614257812,198.19000244140625,199.07000732421875,188.57000732421875,189.49000549316406,1415100
2022-05-05,151.1745147705078,190.02999877929688,195.91000366210938,187.91000366210938,193.9199981689453,925100
2022-05-06,152.0177764892578,191.08999633789062,192.39999389648438,184.27000427246094,188.1300048828125,818600
2022-05-09,153.8076934814453,193.33999633789062,195.5500030517578,188.22000122070312,188.22000122070312,1304600
2022-05-10,150.02894592285156,188.58999633789062,196.3000030517578,185.14999389648438,195.8000030517578,831900
2022-05-11,140.43484497070312,176.52999877929688,188.7899932861328,175.91000366210938,187.61000061035156,1064700
2022-05-12,145.15234375,182.4600067138672,185.19000244140625,175.67999267578125,176.5,1155600
2022-05-13,145.55010986328125,182.9600067138672,187.36000061035156,180.8699951171875,183.82000732421875,693600
2022-05-16,143.9351806640625,180.92999267578125,182.83999633789062,175.27999877929688,180.61000061035156,772600
2022-05-17,148.4696807861328,186.6300048828125,187.02000427246094,180.85000610351562,184.49000549316406,668900
2022-05-18,138.69265747070312,174.33999633789062,180.19000244140625,171.0399932861328,179.0500030517578,1744600
2022-05-19,138.0738983154297,171.82000732421875,175.0,169.80999755859375,171.36000061035156,1042000
2022-05-20,139.67298889160156,173.80999755859375,174.16000366210938,167.2899932861328,174.16000366210938,1278300
2022-05-23,139.72930908203125,173.8800048828125,175.75,171.1999969482422,174.77999877929688,806300
2022-05-24,134.9318084716797,167.91000366210938,172.25999450683594,165.85000610351562,172.22999572753906,1138400
2022-05-25,139.72125244140625,173.8699951171875,175.58999633789062,166.97000122070312,166.97000122070312,929400
2022-05-26,143.81155395507812,178.9600067138672,181.6300048828125,175.0,175.0,1338400
2022-05-27,146.90542602539062,182.80999755859375,182.8300018310547,179.4199981689453,179.72999572753906,864800
2022-05-31,148.05458068847656,184.24000549316406,186.11000061035156,179.57000732421875,180.86000061035156,1395700
2022-06-01,145.0731964111328,180.52999877929688,185.0,180.52000427246094,184.25,916100
2022-06-02,145.0731964111328,180.52999877929688,181.83999633789062,178.1699981689453,181.5399932861328,862900
2022-06-03,141.46505737304688,176.0399932861328,179.57000732421875,175.25999450683594,178.92999267578125,860200
2022-06-06,141.25611877441406,175.77999877929688,177.99000549316406,175.19000244140625,176.5800018310547,710800
2022-06-07,139.14266967773438,173.14999389648438,173.27999877929688,166.82000732421875,169.5500030517578,1252900
2022-06-08,136.8684844970703,170.32000732421875,172.69000244140625,169.13999938964844,171.44000244140625,634400
2022-06-09,137.10154724121094,170.61000061035156,174.16000366210938,169.5,170.0800018310547,622800
2022-06-10,132.07102966308594,164.35000610351562,169.57000732421875,164.19000244140625,168.19000244140625,707700
2022-06-13,126.95211029052734,157.97999572753906,163.22999572753906,156.58999633789062,163.22999572753906,975600
2022-06-14,124.8466796875,155.36000061035156,159.39999389648438,153.00999450683594,157.9199981689453,869600
2022-06-15,124.97526550292969,155.52000427246094,160.52999877929688,154.6999969482422,156.8300018310547,1125200
2022-06-16,118.49024200439453,147.4499969482422,152.0,145.92999267578125,151.25,1742500
2022-06-17,121.5439224243164,151.25,152.2899932861328,145.9600067138672,147.5500030517578,2112200
2022-06-21,122.96630096435547,153.02000427246094,155.85000610351562,152.00999450683594,154.5800018310547,855300
2022-06-22,122.78948974609375,152.8000030517578,153.36000061035156,148.36000061035156,149.63999938964844,827100
2022-06-23,131.45225524902344,163.5800018310547,163.77000427246094,153.19000244140625,153.19000244140625,1658300
2022-06-24,133.67822265625,166.35000610351562,167.72000122070312,161.8300018310547,164.9199981689453,1530000
2022-06-27,131.69334411621094,163.8800048828125,167.47999572753906,162.80999755859375,167.0,849700
2022-06-28,129.40306091308594,161.02999877929688,165.99000549316406,160.8000030517578,164.6300048828125,756200
2022-06-29,126.75926208496094,157.74000549316406,161.66000366210938,157.16000366210938,160.69000244140625,723000
2022-06-30,124.45291900634766,154.8699951171875,156.85000610351562,151.5800018310547,155.0,955600
2022-07-01,126.63868713378906,157.58999633789062,159.4199981689453,154.55999755859375,155.5500030517578,968300
2022-07-05,129.17808532714844,160.75,160.77000427246094,154.58999633789062,155.30999755859375,886700
2022-07-06,128.00482177734375,159.2899932861328,163.44000244140625,157.60000610351562,161.64999389648438,711100
2022-07-07,130.3834686279297,162.25,163.3800048828125,157.97999572753906,159.8800048828125,725200
2022-07-08,129.2262725830078,160.80999755859375,163.05999755859375,160.4600067138672,162.02999877929688,592900
2022-07-11,128.70396423339844,160.16000366210938,162.6199951171875,159.82000732421875,160.3300018310547,591400
2022-07-12,132.0388641357422,164.30999755859375,167.0399932861328,161.36000061035156,161.47999572753906,936000
2022-07-13,131.32366943359375,163.4199981689453,164.99000549316406,160.02000427246094,160.89999389648438,529900
2022-07-14,127.98072052001953,159.25999450683594,161.6699981689453,156.9600067138672,160.63999938964844,617300
2022-07-15,128.07713317871094,159.3800048828125,162.1300048828125,157.32000732421875,161.0800018310547,797900
2022-07-18,129.63613891601562,161.32000732421875,164.2899932861328,159.1999969482422,160.3000030517578,671000
2022-07-19,132.7701416015625,165.22000122070312,165.52999877929688,161.42999267578125,163.57000732421875,859600
2022-07-20,134.44964599609375,167.30999755859375,167.64999389648438,163.60000610351562,166.0500030517578,543800
2022-07-21,135.4381103515625,168.5399932861328,168.85000610351562,164.3699951171875,166.25,694900
2022-07-22,134.81932067871094,167.77000427246094,171.8000030517578,166.08999633789062,169.3699951171875,713700
2022-07-25,132.31210327148438,164.64999389648438,169.22000122070312,162.99000549316406,167.99000549316406,1687500
2022-07-26,135.2934112548828,168.36000061035156,170.1199951171875,165.5500030517578,168.5800018310547,2780600
2022-07-27,135.8800811767578,169.08999633789062,170.1300048828125,166.64999389648438,168.2899932861328,1165700
2022-07-28,141.1998748779297,175.7100067138672,176.6699981689453,169.27999877929688,169.27999877929688,1013900
2022-07-29,138.91763305664062,172.8699951171875,176.2899932861328,170.99000549316406,176.2899932861328,1589300
2022-08-01,141.08738708496094,175.57000732421875,175.7899932861328,170.52000427246094,171.8000030517578,756000
2022-08-02,134.75502014160156,167.69000244140625,174.49000549316406,167.50999450683594,174.49000549316406,814900
2022-08-03,133.50946044921875,166.13999938964844,168.77999877929688,164.9600067138672,168.08999633789062,752600
2022-08-04,135.0201873779297,168.02000427246094,169.4600067138672,165.0,165.0,561300
2022-08-05,135.37380981445312,168.4600067138672,169.49000549316406,165.80999755859375,166.5800018310547,553200
2022-08-08,132.45675659179688,164.8300018310547,169.39999389648438,164.75,167.5,1335000
2022-08-09,127.53069305419922,158.6999969482422,164.5,158.4600067138672,164.5,1376700
2022-08-10,133.9112548828125,166.63999938964844,167.38999938964844,162.02000427246094,162.6999969482422,1095700
2022-08-11,134.0076904296875,166.75999450683594,170.0800018310547,166.27999877929688,167.58999633789062,715900
2022-08-12,134.44161987304688,167.3000030517578,168.72000122070312,166.75,167.9600067138672,514300
2022-08-15,136.90866088867188,170.3699951171875,170.88999938964844,166.02000427246094,166.10000610351562,628900
2022-08-16,141.07933044433594,175.55999755859375,178.0500030517578,168.5,168.9600067138672,1095500
2022-08-17,138.97393798828125,172.94000244140625,174.72000122070312,170.83999633789062,172.69000244140625,637800
2022-08-18,138.7891082763672,172.7100067138672,174.0,171.69000244140625,173.1300048828125,349700
2022-08-19,135.19700622558594,168.24000549316406,171.88999938964844,167.4199981689453,171.88999938964844,609000
2022-08-22,132.40855407714844,164.77000427246094,167.0,163.8000030517578,165.39999389648438,804200
2022-08-23,132.64964294433594,165.07000732421875,166.82000732421875,164.8000030517578,165.0,618900
2022-08-24,132.7701416015625,165.22000122070312,167.14999389648438,162.4600067138672,164.8000030517578,546800
2022-08-25,136.65245056152344,168.25,168.30999755859375,163.3699951171875,164.05999755859375,517400
2022-08-26,129.4076385498047,159.3300018310547,168.9600067138672,159.0,168.8699951171875,646300
2022-08-29,128.0269012451172,157.6300048828125,159.8000030517578,157.50999450683594,158.25,412100
2022-08-30,128.16497802734375,157.8000030517578,159.7100067138672,156.47000122070312,158.9199981689453,528000
2022-08-31,127.19034576416016,156.60000610351562,159.44000244140625,155.38999938964844,158.9600067138672,737200
2022-09-01,126.02889251708984,155.1699981689453,156.25,152.39999389648438,155.89999389648438,667600
2022-09-02,124.82683563232422,153.69000244140625,157.97000122070312,152.47999572753906,156.63999938964844,514400
2022-09-06,122.64200592041016,151.0,154.2899932861328,149.6199951171875,154.2899932861328,713500
2022-09-07,125.42787170410156,154.42999267578125,154.97999572753906,151.38999938964844,151.6699981689453,484600
2022-09-08,126.52433776855469,155.77999877929688,155.82000732421875,151.16000366210938,153.0500030517578,479800
2022-09-09,130.12237548828125,160.2100067138672,161.22999572753906,157.14999389648438,157.47000122070312,607800
2022-09-12,129.92745971679688,159.97000122070312,163.14999389648438,159.6999969482422,160.82000732421875,623800
2022-09-13,119.08457946777344,146.6199951171875,155.42999267578125,145.67999267578125,155.0,1532800
2022-09-14,118.30487060546875,145.66000366210938,147.86000061035156,144.33999633789062,147.0800018310547,1100900
2022-09-15,118.49169158935547,145.88999938964844,147.5,144.72999572753906,145.5800018310547,898500
2022-09-16,117.81755828857422,145.05999755859375,147.10000610351562,143.8699951171875,144.4499969482422,1993800
2022-09-19,119.6043930053711,147.25999450683594,148.3699951171875,144.22000122070312,144.86000061035156,665800
2022-09-20,116.05509948730469,142.88999938964844,145.69000244140625,141.4199981689453,145.3800048828125,692900
2022-09-21,115.73833465576172,142.5,147.33999633789062,142.44000244140625,143.5,664800
2022-09-22,113.84590148925781,140.1699981689453,142.60000610351562,140.1199951171875,141.4600067138672,519400
2022-09-23,114.34944915771484,140.7899932861328,140.86000061035156,138.14999389648438,139.52999877929688,722400
2022-09-26,111.62047576904297,137.42999267578125,141.5,137.30999755859375,139.6999969482422,644200
2022-09-27,111.4661636352539,137.24000549316406,138.97000122070312,136.25999450683594,138.61000061035156,440400
2022-09-28,115.34034729003906,142.00999450683594,142.7899932861328,137.57000732421875,137.74000549316406,488300
2022-09-29,111.7748031616211,137.6199951171875,140.16000366210938,136.9600067138672,139.9499969482422,490600
2022-09-30,109.4925308227539,134.80999755859375,138.32000732421875,134.67999267578125,137.9600067138672,744000
2022-10-03,114.06520080566406,140.44000244140625,141.25,135.69000244140625,136.91000366210938,729900
2022-10-04,118.76783752441406,146.22999572753906,146.3800048828125,143.0500030517578,143.22999572753906,623200
2022-10-05,117.31400299072266,144.44000244140625,145.63999938964844,142.1999969482422,143.2100067138672,512100
2022-10-06,116.07134246826172,142.91000366210938,145.3000030517578,142.82000732421875,143.88999938964844,393900
2022-10-07,112.67633819580078,138.72999572753906,141.1999969482422,137.3000030517578,140.25999450683594,550200
2022-10-10,114.63374328613281,141.13999938964844,142.0,139.33999633789062,139.50999450683594,580800
2022-10-11,116.09571075439453,142.94000244140625,144.91000366210938,140.52999877929688,141.2899932861328,428900
2022-10-12,116.10382843017578,142.9499969482422,143.88999938964844,140.35000610351562,142.92999267578125,552500
2022-10-13,116.41246795654297,143.3300018310547,146.88999938964844,137.8800048828125,139.72999572753906,780200
2022-10-14,113.06621551513672,139.2100067138672,144.4199981689453,138.4199981689453,144.0,820000
2022-10-17,114.44694519042969,140.91000366210938,143.58999633789062,139.72999572753906,142.64999389648438,677400
2022-10-18,117.03784942626953,144.10000610351562,145.08999633789062,141.6999969482422,142.9600067138672,566200
2022-10-19,111.9047622680664,137.77999877929688,143.58999633789062,137.07000732421875,142.02000427246094,1035800
2022-10-20,106.66607666015625,131.3300018310547,139.99000549316406,130.52000427246094,137.4600067138672,2536600
2022-10-21,106.57674407958984,131.22000122070312,134.35000610351562,124.43000030517578,125.72000122070312,4107100
2022-10-24,107.94120788574219,132.89999389648438,135.14999389648438,130.75999450683594,133.10000610351562,1378900
2022-10-25,111.27123260498047,137.0,137.6999969482422,132.0800018310547,132.36000061035156,1065400
2022-10-26,109.43566131591797,134.74000549316406,137.33999633789062,131.49000549316406,133.47000122070312,1062300
2022-10-27,109.67121887207031,135.02999877929688,138.6300048828125,134.7100067138672,135.61000061035156,965400
2022-10-28,113.63475036621094,139.91000366210938,140.00999450683594,134.00999450683594,134.72999572753906,714500
2022-10-31,112.27835845947266,138.24000549316406,139.13999938964844,136.1699981689453,139.0500030517578,984400
2022-11-01,111.57174682617188,137.3699951171875,140.63999938964844,136.80999755859375,140.0,731000
2022-11-02,106.90159606933594,131.6199951171875,138.8300018310547,131.5800018310547,137.3699951171875,938600
2022-11-03,104.9442138671875,129.2100067138672,131.47000122070312,127.27999877929688,129.67999267578125,839600
2022-11-04,108.29047393798828,133.3300018310547,133.66000366210938,129.1699981689453,131.22000122070312,658000
2022-11-07,111.09255981445312,136.77999877929688,137.16000366210938,132.86000061035156,134.6699981689453,643300
2022-11-08,114.93424224853516,141.50999450683594,142.1199951171875,137.66000366210938,138.0,1131700
2022-11-09,112.12406158447266,138.0500030517578,143.24000549316406,137.6999969482422,140.55999755859375,765100
2022-11-10,121.54553985595703,149.64999389648438,150.47000122070312,143.75,143.75,1110400
2022-11-11,127.17411041259766,156.5800018310547,157.5,149.32000732421875,149.60000610351562,944500
2022-11-14,124.21768951416016,152.94000244140625,157.49000549316406,152.80999755859375,154.89999389648438,871000
2022-11-15,125.49285125732422,154.50999450683594,158.00999450683594,152.1199951171875,156.49000549316406,631500
2022-11-16,121.27755737304688,149.32000732421875,152.99000549316406,147.67999267578125,152.8000030517578,623800
2022-11-17,121.48299407958984,147.82000732421875,147.9199981689453,142.5,145.16000366210938,551800
2022-11-18,121.15428161621094,147.4199981689453,150.3000030517578,145.1300048828125,149.80999755859375,526200
2022-11-21,119.36268615722656,145.24000549316406,146.92999267578125,143.97999572753906,146.4199981689453,513700
2022-11-22,120.85018157958984,147.0500030517578,148.0399932861328,145.72000122070312,146.64999389648438,462300
2022-11-23,121.91857147216797,148.35000610351562,149.08999633789062,146.58999633789062,147.2899932861328,301500
2022-11-25,122.26374816894531,148.77000427246094,149.77000427246094,147.7899932861328,147.7899932861328,190000
2022-11-28,118.1956787109375,143.82000732421875,148.6300048828125,143.47999572753906,147.6199951171875,463200
2022-11-29,119.9708251953125,145.97999572753906,146.42999267578125,142.6999969482422,143.0500030517578,834600
2022-11-30,120.42281341552734,146.52999877929688,146.8000030517578,141.60000610351562,145.4600067138672,908300
2022-12-01,122.46920013427734,149.02000427246094,151.1199951171875,147.5,147.97000122070312,539900
2022-12-02,120.08586120605469,146.1199951171875,147.5399932861328,143.85000610351562,146.2100067138672,783700
2022-12-05,116.25614929199219,141.4600067138672,144.49000549316406,141.10000610351562,144.16000366210938,498600
2022-12-06,116.58487701416016,141.86000061035156,142.57000732421875,139.5500030517578,141.61000061035156,928600
2022-12-07,117.32454681396484,142.75999450683594,145.02000427246094,140.74000549316406,142.0,617600
2022-12-08,119.4612808227539,145.36000061035156,146.10000610351562,142.1999969482422,143.0,559900
2022-12-09,118.18746185302734,143.80999755859375,145.77000427246094,143.7100067138672,144.72000122070312,403000
2022-12-12,121.17890167236328,147.4499969482422,147.72999572753906,142.6999969482422,144.08999633789062,683000
2022-12-13,121.19535827636719,147.47000122070312,155.08999633789062,146.49000549316406,153.02000427246094,1007900
2022-12-14,119.98727416992188,146.0,149.50999450683594,144.3800048828125,146.42999267578125,679600
2022-12-15,118.39290618896484,144.05999755859375,145.1699981689453,142.85000610351562,143.3800048828125,628900
2022-12-16,116.28079986572266,141.49000549316406,143.27999877929688,139.94000244140625,141.75999450683594,1350900
2022-12-19,114.702880859375,139.57000732421875,142.1999969482422,139.0,140.97000122070312,625100
2022-12-20,112.6236572265625,137.0399932861328,138.9199981689453,135.4499969482422,137.1199951171875,787800
2022-12-21,116.05070495605469,141.2100067138672,141.75,138.44000244140625,138.44000244140625,754300
2022-12-22,114.71930694580078,139.58999633789062,139.7100067138672,136.25,139.2100067138672,798700
2022-12-23,116.38761901855469,141.6199951171875,141.67999267578125,139.2100067138672,139.35000610351562,299500
2022-12-27,116.44517517089844,141.69000244140625,142.5,140.77000427246094,141.2899932861328,404200
2022-12-28,113.70024108886719,138.35000610351562,142.49000549316406,138.33999633789062,141.85000610351562,371700
2022-12-29,117.60395812988281,143.10000610351562,143.7100067138672,138.63999938964844,139.05999755859375,505200
2022-12-30,116.25614929199219,141.4600067138672,142.66000366210938,139.97999572753906,141.32000732421875,456400
2023-01-03,118.12169647216797,143.72999572753906,145.00999450683594,142.13999938964844,144.1199951171875,513000
2023-01-04,121.8199462890625,148.22999572753906,149.49000549316406,145.6999969482422,145.7100067138672,570300
2023-01-05,123.07734680175781,149.75999450683594,150.0,145.22999572753906,146.49000549316406,619000
2023-01-06,124.50732421875,151.5,152.74000549316406,150.44000244140625,151.3300018310547,864800
2023-01-09,125.1976547241211,152.33999633789062,155.11000061035156,151.5,152.0,545200
2023-01-10,127.13716125488281,154.6999969482422,155.0399932861328,151.41000366210938,151.5500030517578,479200
2023-01-11,126.77555084228516,154.25999450683594,155.58999633789062,150.38999938964844,151.05999755859375,809600
2023-01-12,126.67696380615234,154.13999938964844,155.97999572753906,152.7100067138672,155.97999572753906,475800
2023-01-13,126.80022430419922,154.2899932861328,155.32000732421875,151.9199981689453,151.9199981689453,344500
2023-01-17,127.30152130126953,154.89999389648438,159.08999633789062,150.94000244140625,152.38999938964844,1202900
2023-01-18,123.5704574584961,150.36000061035156,155.9499969482422,150.32000732421875,154.72999572753906,712700
2023-01-19,119.5681381225586,145.49000549316406,149.39999389648438,144.86000061035156,149.05999755859375,583900
2023-01-20,123.94850158691406,150.82000732421875,150.94000244140625,144.50999450683594,146.38999938964844,517200
2023-01-23,125.01687622070312,152.1199951171875,153.4499969482422,150.6699981689453,151.47999572753906,399900
2023-01-24,125.51818084716797,152.72999572753906,153.77999877929688,151.25,151.67999267578125,373200
2023-01-25,124.94288635253906,152.02999877929688,153.55999755859375,150.75,151.1999969482422,443400
2023-01-26,123.3321304321289,150.07000732421875,153.39999389648438,149.4499969482422,151.8000030517578,674700
2023-01-27,126.64409637451172,154.10000610351562,154.77999877929688,148.27999877929688,149.02999877929688,621400
2023-01-30,126.18386840820312,153.5399932861328,156.49000549316406,151.00999450683594,152.08999633789062,1220300
2023-01-31,127.86860656738281,155.58999633789062,157.1199951171875,152.0,156.0,1656600
2023-02-01,128.61648559570312,156.5,158.33999633789062,151.69000244140625,155.0,1002100
2023-02-02,130.6299591064453,158.9499969482422,160.74000549316406,157.2100067138672,157.7100067138672,1198100
2023-02-03,127.3591079711914,154.97000122070312,158.3300018310547,154.89999389648438,156.32000732421875,622200
2023-02-06,123.25814819335938,149.97999572753906,153.77000427246094,148.97999572753906,152.6699981689453,931400
2023-02-07,122.9622802734375,149.6199951171875,150.1999969482422,147.3000030517578,148.8699951171875,647200
2023-02-08,118.31071472167969,143.9600067138672,148.47999572753906,143.85000610351562,148.4199981689453,759100
2023-02-09,115.97673034667969,141.1199951171875,146.4499969482422,140.1300048828125,145.1699981689453,765200
2023-02-10,116.30547332763672,141.52000427246094,142.6699981689453,140.0,140.0,608400
2023-02-13,121.30219268798828,147.60000610351562,147.63999938964844,141.1699981689453,141.5,716300
2023-02-14,123.7430191040039,150.57000732421875,151.52999877929688,145.50999450683594,146.61000061035156,874200
2023-02-15,121.4994125366211,147.83999633789062,150.49000549316406,147.57000732421875,149.8000030517578,832900
2023-02-16,119.26403045654297,145.1199951171875,147.49000549316406,143.74000549316406,144.57000732421875,664000
2023-02-17,119.16543579101562,145.0,145.47000122070312,142.08999633789062,144.32000732421875,688900
2023-02-21,115.78771209716797,140.88999938964844,144.3699951171875,140.66000366210938,141.77000427246094,847800
2023-02-22,115.3849868774414,140.39999389648438,142.5,140.0,142.1699981689453,639500
2023-02-23,115.98493194580078,141.1300048828125,141.47999572753906,138.6199951171875,141.25,570900
2023-02-24,114.30841064453125,139.08999633789062,141.50999450683594,138.27999877929688,138.27999877929688,811500
2023-02-27,114.18513488769531,138.94000244140625,141.9499969482422,138.3699951171875,140.97000122070312,650800
2023-02-28,113.39618682861328,137.97999572753906,139.94000244140625,137.88999938964844,138.83999633789062,798300
2023-03-01,112.2374038696289,136.57000732421875,137.9199981689453,135.25999450683594,137.83999633789062,939800
2023-03-02,114.44353485107422,137.47000122070312,137.74000549316406,133.27000427246094,133.9199981689453,615500
2023-03-03,115.50078582763672,138.74000549316406,139.8699951171875,137.5500030517578,138.67999267578125,530600
2023-03-06,114.25204467773438,137.24000549316406,140.60000610351562,136.8800048828125,139.3300018310547,953200
2023-03-07,112.13748931884766,134.6999969482422,138.77000427246094,134.67999267578125,137.9199981689453,578300
2023-03-08,113.79418182373047,136.69000244140625,136.8800048828125,134.0,135.33999633789062,686100
2023-03-09,111.76285552978516,134.25,138.25,134.22999572753906,136.77000427246094,844500
2023-03-10,109.38191986083984,131.38999938964844,134.5,129.9600067138672,134.5,831400
2023-03-13,109.72325897216797,131.8000030517578,135.08999633789062,129.08999633789062,130.32000732421875,1209900
2023-03-14,109.8647689819336,131.97000122070312,135.27000427246094,130.9600067138672,134.0800018310547,1057500
2023-03-15,107.20909881591797,128.77999877929688,132.27000427246094,126.91999816894531,130.0,1085700
2023-03-16,107.77522277832031,129.4600067138672,130.69000244140625,126.81999969482422,127.13999938964844,895500
2023-03-17,106.93437957763672,128.4499969482422,130.0800018310547,127.30000305175781,129.30999755859375,3073100
2023-03-20,109.06556701660156,131.00999450683594,132.5800018310547,128.07000732421875,128.52999877929688,1069700
2023-03-21,109.0489273071289,130.99000549316406,133.3800048828125,129.91000366210938,132.5,671800
2023-03-22,105.86045837402344,127.16000366210938,131.3300018310547,127.06999969482422,130.0500030517578,549000
2023-03-23,104.96969604492188,126.08999633789062,129.17999267578125,124.7699966430664,127.87000274658203,576700
2023-03-24,105.8687744140625,127.16999816894531,127.48999786376953,124.0999984741211,124.7699966430664,468200
2023-03-27,106.4182357788086,127.83000183105469,128.72000122070312,126.68000030517578,128.3800048828125,413600
2023-03-28,105.75223541259766,127.02999877929688,128.85000610351562,126.4000015258789,127.93000030517578,358700
2023-03-29,107.18413543701172,128.75,128.94000244140625,127.27999877929688,128.6199951171875,550700
2023-03-30,107.14250946044922,128.6999969482422,130.60000610351562,128.2100067138672,130.17999267578125,371200
2023-03-31,109.90641021728516,132.02000427246094,132.10000610351562,129.25,129.25,456700
2023-04-03,109.64832305908203,131.7100067138672,132.60000610351562,130.52999877929688,132.0800018310547,564400
2023-04-04,108.59938049316406,130.4499969482422,131.8300018310547,128.75999450683594,131.8300018310547,426100
2023-04-05,107.76689147949219,129.4499969482422,130.16000366210938,128.75,129.6999969482422,626600
2023-04-06,106.10189056396484,127.44999694824219,129.8800048828125,127.37000274658203,129.77000427246094,559300
2023-04-10,107.4588623046875,129.0800018310547,129.1300048828125,126.19999694824219,126.73999786376953,582100
2023-04-11,111.57140350341797,134.02000427246094,135.47999572753906,132.02999877929688,133.52999877929688,1586000
2023-04-12,111.51312255859375,133.9499969482422,136.8300018310547,132.5399932861328,135.55999755859375,854100
2023-04-13,111.88772583007812,134.39999389648438,135.24000549316406,133.22000122070312,134.88999938964844,796300
2023-04-14,112.34561920166016,134.9499969482422,135.57000732421875,133.2899932861328,134.39999389648438,900600
2023-04-17,114.03559875488281,136.97999572753906,137.0500030517578,135.05999755859375,135.30999755859375,513900
2023-04-18,116.2083969116211,139.58999633789062,139.61000061035156,137.02999877929688,137.35000610351562,850200
2023-04-19,116.16679382324219,139.5399932861328,139.77000427246094,137.86000061035156,139.19000244140625,483200
2023-04-20,117.10749816894531,140.6699981689453,141.25,138.99000549316406,139.38999938964844,600200
2023-04-21,117.3656005859375,140.97999572753906,141.86000061035156,140.4600067138672,141.22999572753906,668800
2023-04-24,117.13247680664062,140.6999969482422,142.99000549316406,139.89999389648438,141.0399932861328,1072900
2023-04-25,110.34764099121094,132.5500030517578,144.0,132.4199981689453,142.88999938964844,2265400
2023-04-26,107.40890502929688,129.02000427246094,131.9499969482422,127.87000274658203,131.6199951171875,1571200
2023-04-27,112.71192169189453,135.38999938964844,135.4199981689453,129.72999572753906,130.17999267578125,1284100
2023-04-28,116.2083969116211,139.58999633789062,139.89999389648438,136.2100067138672,136.6300048828125,1059500
2023-05-01,116.37490844726562,139.7899932861328,142.3800048828125,139.7100067138672,140.24000549316406,919800
2023-05-02,115.71723175048828,139.0,140.02999877929688,136.4499969482422,139.24000549316406,993100
2023-05-03,117.5071029663086,141.14999389648438,144.60000610351562,139.55999755859375,140.2100067138672,1039100
2023-05-04,113.0116195678711,135.75,140.69000244140625,135.58999633789062,140.22000122070312,762400
2023-05-05,114.06888580322266,137.02000427246094,137.9199981689453,136.0,137.58999633789062,577000
2023-05-08,113.94402313232422,136.8699951171875,137.77000427246094,135.52999877929688,137.77000427246094,417400
2023-05-09,113.16980743408203,135.94000244140625,136.60000610351562,135.25,135.72999572753906,472400
2023-05-10,111.15514373779297,133.52000427246094,136.82000732421875,130.99000549316406,136.82000732421875,755500
2023-05-11,110.23941040039062,132.4199981689453,133.5500030517578,131.47000122070312,132.5800018310547,449200
2023-05-12,108.71593475341797,130.58999633789062,132.9499969482422,128.2100067138672,132.9499969482422,684300
2023-05-15,109.3153305053711,131.30999755859375,131.5,130.16000366210938,130.92999267578125,411500
2023-05-16,106.65135192871094,128.11000061035156,129.39999389648438,125.8499984741211,129.0399932861328,1058400
2023-05-17,109.34030151367188,131.33999633789062,132.00999450683594,128.0399932861328,128.1199951171875,605800
2023-05-18,112.76587677001953,133.64999389648438,133.94000244140625,129.05999755859375,129.85000610351562,867700
2023-05-19,110.89276123046875,131.42999267578125,133.64999389648438,130.57000732421875,133.64999389648438,440700
2023-05-22,110.90965270996094,131.4499969482422,132.2899932861328,130.39999389648438,131.41000366210938,370400
2023-05-23,112.00652313232422,132.75,133.82000732421875,129.6999969482422,130.3300018310547,806000
2023-05-24,111.97276306152344,132.7100067138672,133.44000244140625,130.6300048828125,132.58999633789062,598200
2023-05-25,111.61840057373047,132.2899932861328,133.8800048828125,130.91000366210938,133.22999572753906,408700
2023-05-26,113.24683380126953,134.22000122070312,134.8699951171875,131.4199981689453,132.0800018310547,454500
2023-05-30,112.01495361328125,132.75999450683594,135.44000244140625,132.6699981689453,134.97000122070312,595000
2023-05-31,109.08717346191406,129.2899932861328,131.38999938964844,127.31999969482422,130.63999938964844,982500
2023-06-01,110.86746215820312,131.39999389648438,131.49000549316406,126.9800033569336,128.92999267578125,855600
2023-06-02,114.48712921142578,135.69000244140625,136.72999572753906,132.17999267578125,133.3000030517578,728800
2023-06-05,112.61402130126953,133.47000122070312,135.50999450683594,132.07000732421875,135.02000427246094,667300
2023-06-06,115.794921875,137.24000549316406,137.6300048828125,132.8699951171875,133.22999572753906,521000
2023-06-07,123.1692123413086,145.97999572753906,146.02999877929688,138.16000366210938,138.16000366210938,1037100
2023-06-08,121.43109893798828,143.9199981689453,146.5,143.0,145.99000549316406,781100
2023-06-09,119.86172485351562,142.05999755859375,144.17999267578125,141.8300018310547,143.63999938964844,595200
2023-06-12,121.80235290527344,144.36000061035156,144.86000061035156,141.02999877929688,142.41000366210938,501900
2023-06-13,123.76828002929688,146.69000244140625,147.6699981689453,144.8000030517578,145.0,636400
2023-06-14,123.15233612060547,145.9600067138672,148.8699951171875,145.5500030517578,147.41000366210938,552700
2023-06-15,125.10136413574219,148.27000427246094,148.5,145.8699951171875,145.8699951171875,443900
2023-06-16,123.61639404296875,146.50999450683594,149.25,145.92999267578125,148.7899932861328,887900
2023-06-20,123.56575775146484,146.4499969482422,146.92999267578125,144.64999389648438,146.00999450683594,476500
2023-06-21,122.05548095703125,144.66000366210938,146.10000610351562,142.91000366210938,145.5500030517578,750800
2023-06-22,120.3089370727539,142.58999633789062,144.33999633789062,141.3300018310547,144.33999633789062,395600
2023-06-23,118.62145233154297,140.58999633789062,141.4600067138672,139.44000244140625,141.0,1031700
2023-06-26,120.46923828125,142.77999877929688,143.1199951171875,139.22999572753906,141.0500030517578,559300
2023-06-27,124.86511993408203,147.99000549316406,148.89999389648438,142.75,142.91000366210938,634200
2023-06-28,123.75139617919922,146.6699981689453,149.3699951171875,145.47000122070312,146.7899932861328,804100
2023-06-29,126.1054458618164,149.4600067138672,149.97999572753906,146.0,146.7100067138672,670600
2023-06-30,125.54010772705078,148.7899932861328,150.27999877929688,148.4199981689453,149.9600067138672,429000
2023-07-03,125.85230255126953,149.16000366210938,149.6300048828125,148.02000427246094,148.52000427246094,312800
2023-07-05,124.2998275756836,147.32000732421875,148.58999633789062,146.8800048828125,148.25,345800
2023-07-06,123.6585693359375,146.55999755859375,146.8800048828125,144.60000610351562,145.5,441700
2023-07-07,125.10979461669922,148.27999877929688,149.6199951171875,146.1999969482422,146.67999267578125,770900
2023-07-10,129.42129516601562,153.38999938964844,153.5399932861328,148.3699951171875,148.58999633789062,524200
2023-07-11,133.29409790039062,157.97999572753906,159.38999938964844,153.5500030517578,154.38999938964844,989200
2023-07-12,133.30252075195312,157.99000549316406,160.6199951171875,157.88999938964844,159.5399932861328,550200
2023-07-13,132.48410034179688,157.02000427246094,159.66000366210938,155.91000366210938,158.72999572753906,525000
2023-07-14,129.75881958007812,153.7899932861328,157.3300018310547,153.27000427246094,157.3300018310547,782000
2023-07-17,127.99539947509766,151.6999969482422,153.9199981689453,151.6199951171875,152.88999938964844,622400
2023-07-18,130.87252807617188,155.11000061035156,155.3800048828125,151.1199951171875,151.1199951171875,898700
2023-07-19,131.70787048339844,156.10000610351562,157.5399932861328,154.69000244140625,155.1199951171875,649500
2023-07-20,127.80135345458984,151.47000122070312,153.14999389648438,149.19000244140625,149.72000122070312,1254600
2023-07-21,126.33321380615234,149.72999572753906,153.11000061035156,149.25999450683594,152.72999572753906,763200
2023-07-24,127.20225524902344,150.75999450683594,152.05999755859375,150.16000366210938,150.1999969482422,1050500
2023-07-25,123.44764709472656,146.30999755859375,149.77000427246094,143.47000122070312,149.52999877929688,1966800
2023-07-26,121.13578033447266,143.57000732421875,147.4199981689453,143.22999572753906,145.17999267578125,1114700
2023-07-27,119.62549591064453,141.77999877929688,145.8300018310547,141.35000610351562,144.9499969482422,900600
2023-07-28,120.3089370727539,142.58999633789062,144.8800048828125,142.3300018310547,143.0,662600
2023-07-31,121.71796417236328,144.25999450683594,144.6699981689453,142.94000244140625,142.99000549316406,1892400
2023-08-01,120.89111328125,143.27999877929688,144.05999755859375,141.8000030517578,142.97000122070312,533300
2023-08-02,122.79795837402344,145.5399932861328,148.5,141.10000610351562,141.3699951171875,1329800
2023-08-03,119.43986511230469,141.55999755859375,145.07000732421875,141.2899932861328,145.07000732421875,557900
2023-08-04,119.38925170898438,141.5,143.52999877929688,141.4499969482422,142.11000061035156,533500
2023-08-07,120.54517364501953,142.8699951171875,144.39999389648438,141.9499969482422,142.14999389648438,685900
2023-08-08,119.60863494873047,141.75999450683594,141.99000549316406,139.4499969482422,141.1199951171875,451000
2023-08-09,117.94644927978516,139.7899932861328,141.27999877929688,139.0,140.39999389648438,489700
2023-08-10,118.08989715576172,139.9600067138672,141.3699951171875,139.1199951171875,140.39999389648438,750900
2023-08-11,118.59613800048828,140.55999755859375,140.69000244140625,139.3800048828125,140.05999755859375,501700
2023-08-14,117.4317626953125,139.17999267578125,140.3699951171875,138.47000122070312,139.8800048828125,507600
2023-08-15,116.80740356445312,138.44000244140625,139.61000061035156,137.8800048828125,139.27999877929688,546100
2023-08-16,114.72337341308594,135.97000122070312,139.27999877929688,135.9199981689453,138.0,454300
2023-08-17,113.33121490478516,134.32000732421875,137.1699981689453,133.74000549316406,137.1699981689453,659700
2023-08-18,114.03150939941406,135.14999389648438,135.69000244140625,133.0,133.3300018310547,596300
2023-08-21,112.41151428222656,133.22999572753906,135.75,132.8800048828125,135.47999572753906,492500
2023-08-22,114.74866485595703,136.0,136.22999572753906,133.41000366210938,133.6199951171875,982100
2023-08-23,114.5377426147461,135.75,136.0,134.75,136.0,722400
2023-08-24,114.1530990600586,133.5500030517578,134.91000366210938,133.07000732421875,134.55999755859375,741700
2023-08-25,114.53775024414062,134.0,134.64999389648438,132.64999389648438,133.9199981689453,541000
2023-08-28,116.67464447021484,136.5,137.52999877929688,134.69000244140625,134.69000244140625,759800
2023-08-29,117.93968200683594,137.97999572753906,138.5800018310547,135.67999267578125,136.22000122070312,440400
2023-08-30,118.49527740478516,138.6300048828125,139.63999938964844,137.85000610351562,138.02000427246094,426500
2023-08-31,119.63211822509766,139.9600067138672,140.02999877929688,138.0500030517578,138.8000030517578,582000
2023-09-01,121.33307647705078,141.9499969482422,142.52000427246094,140.41000366210938,140.41000366210938,557100
2023-09-05,117.66616821289062,137.66000366210938,141.6300048828125,137.1199951171875,141.30999755859375,633900
2023-09-06,118.1106185913086,138.17999267578125,138.6999969482422,137.49000549316406,137.5,480500
2023-09-07,116.34982299804688,136.1199951171875,138.1999969482422,135.52999877929688,137.5,689700
2023-09-08,116.67464447021484,136.5,137.8800048828125,135.9499969482422,136.11000061035156,347700
2023-09-11,117.06782531738281,136.9600067138672,138.02000427246094,136.41000366210938,136.6999969482422,380200
2023-09-12,116.55497741699219,136.36000061035156,137.8000030517578,136.00999450683594,136.52999877929688,340500
2023-09-13,115.46942901611328,135.08999633789062,136.88999938964844,134.89999389648438,136.49000549316406,352600
2023-09-14,116.72594451904297,136.55999755859375,138.0,135.0,136.3300018310547,481500
2023-09-15,117.93968200683594,137.97999572753906,138.0800018310547,134.35000610351562,135.50999450683594,1572500
2023-09-18,117.11911010742188,137.02000427246094,138.22999572753906,135.97000122070312,137.82000732421875,488600
2023-09-19,117.29861450195312,137.22999572753906,137.64999389648438,136.1199951171875,136.5500030517578,342000
2023-09-20,116.54642486572266,136.35000610351562,138.89999389648438,136.0500030517578,138.05999755859375,243200
2023-09-21,113.38381958007812,132.64999389648438,135.36000061035156,132.61000061035156,135.36000061035156,410100
2023-09-22,111.90509033203125,130.9199981689453,133.1199951171875,130.55999755859375,132.8800048828125,313100
2023-09-25,112.64871215820312,131.7899932861328,132.67999267578125,130.33999633789062,130.33999633789062,330900
2023-09-26,111.24691772460938,130.14999389648438,131.3800048828125,129.8000030517578,130.94000244140625,408400
2023-09-27,111.6572036743164,130.6300048828125,132.22000122070312,129.7899932861328,130.89999389648438,441600
2023-09-28,113.81118774414062,133.14999389648438,134.0399932861328,130.27000427246094,130.33999633789062,589600
2023-09-29,114.28132629394531,133.6999969482422,135.4499969482422,133.6199951171875,134.49000549316406,419500
2023-10-02,112.8880615234375,132.07000732421875,134.27999877929688,130.72000122070312,133.22999572753906,463800
2023-10-03,109.4861068725586,128.08999633789062,131.75,128.00999450683594,131.27999877929688,487400
2023-10-04,110.05026245117188,128.75,128.8800048828125,126.69999694824219,128.22999572753906,471000
2023-10-05,107.50305938720703,125.7699966430664,129.1300048828125,125.69999694824219,128.6199951171875,595100
2023-10-06,106.21239471435547,124.26000213623047,125.33000183105469,122.63999938964844,124.5,829200
2023-10-09,107.55436706542969,125.83000183105469,126.08000183105469,121.87999725341797,123.20999908447266,532100
2023-10-10,109.31517028808594,127.88999938964844,128.5,125.80000305175781,126.44000244140625,436500
2023-10-11,109.54595184326172,128.16000366210938,129.33999633789062,127.06999969482422,128.7100067138672,449600
2023-10-12,105.58840942382812,123.52999877929688,127.75,123.11000061035156,127.75,562700
2023-10-13,105.38327026367188,123.29000091552734,123.98999786376953,122.44999694824219,123.3499984741211,463600
2023-10-16,108.1868896484375,126.56999969482422,127.33000183105469,124.23999786376953,124.44000244140625,1078500
2023-10-17,111.89654541015625,130.91000366210938,132.30999755859375,126.0,126.0,907500
2023-10-18,111.37515258789062,130.3000030517578,131.35000610351562,128.27000427246094,129.58999633789062,1038000
2023-10-19,110.39216613769531,129.14999389648438,132.25,129.10000610351562,130.27000427246094,623600
2023-10-20,110.26396179199219,129.0,130.0,127.9000015258789,129.33999633789062,524200
2023-10-23,109.0672836303711,127.5999984741211,130.27000427246094,127.44000244140625,128.36000061035156,698800
2023-10-24,108.59716033935547,127.05000305175781,129.3000030517578,126.19999694824219,128.27999877929688,730800
2023-10-25,107.36631774902344,125.61000061035156,127.58000183105469,123.80000305175781,126.44000244140625,865400
2023-10-26,90.37369537353516,105.7300033569336,119.9800033569336,104.5,119.19000244140625,4855600
2023-10-27,87.27091217041016,102.0999984741211,104.0,98.4000015258789,103.62000274658203,2931500
2023-10-30,87.63848114013672,102.52999877929688,103.05000305175781,99.75,102.11000061035156,1244100
2023-10-31,89.37362670898438,104.55999755859375,105.16999816894531,102.04000091552734,102.62999725341797,891500
2023-11-01,89.35653686523438,104.54000091552734,104.77999877929688,102.19999694824219,104.4800033569336,906200
2023-11-02,91.96354675292969,107.58999633789062,107.94999694824219,105.75,106.0,775400
2023-11-03,95.27146911621094,111.45999908447266,111.93000030517578,108.91000366210938,109.4000015258789,1008200
2023-11-06,95.13471221923828,111.30000305175781,111.94999694824219,109.70999908447266,111.58000183105469,863100
2023-11-07,94.85262298583984,110.97000122070312,111.81999969482422,110.01000213623047,110.51000213623047,625200
2023-11-08,95.86979675292969,112.16000366210938,112.44000244140625,110.4800033569336,111.38999938964844,537700
2023-11-09,92.2541732788086,107.93000030517578,112.72000122070312,107.73999786376953,112.72000122070312,799000
2023-11-10,93.8440170288086,109.79000091552734,109.80000305175781,107.16000366210938,108.66999816894531,747500
2023-11-13,91.67293548583984,107.25,109.69000244140625,107.16999816894531,109.2699966430664,774200
2023-11-14,96.61344146728516,113.02999877929688,115.94999694824219,110.75,111.2699966430664,1217700
2023-11-15,98.26313018798828,114.95999908447266,115.63999938964844,113.0999984741211,113.55999755859375,1310600
2023-11-16,97.4559097290039,112.27999877929688,113.98999786376953,111.06999969482422,112.94999694824219,911700
2023-11-17,97.63819885253906,112.48999786376953,113.41999816894531,111.05999755859375,113.31999969482422,593800
2023-11-20,96.67472839355469,111.37999725341797,112.77999877929688,110.26000213623047,112.77999877929688,927600
2023-11-21,94.27912902832031,108.62000274658203,110.16000366210938,107.08999633789062,109.88999938964844,1043600
2023-11-22,94.5308609008789,108.91000366210938,110.0,108.19999694824219,109.72000122070312,1264600
2023-11-24,94.76519775390625,109.18000030517578,109.18000030517578,107.45999908447266,108.62000274658203,412100
2023-11-27,94.07949829101562,108.38999938964844,109.56999969482422,107.0,108.37999725341797,1014700
2023-11-28,94.02741241455078,108.33000183105469,108.80000305175781,106.79000091552734,108.05000305175781,950500
2023-11-29,95.15577697753906,109.62999725341797,110.87999725341797,108.66999816894531,109.16000366210938,1061400
2023-11-30,94.52216339111328,108.9000015258789,111.11000061035156,108.3499984741211,109.73999786376953,4858600
2023-12-01,98.67107391357422,113.68000030517578,114.37999725341797,108.83999633789062,109.16999816894531,1252600
2023-12-04,97.1521224975586,111.93000030517578,114.19999694824219,111.5,113.16999816894531,1010300
2023-12-05,93.81910705566406,108.08999633789062,110.7300033569336,108.05000305175781,110.69000244140625,874800
2023-12-06,94.79991149902344,109.22000122070312,110.5,108.25,108.75,933600
2023-12-07,96.2841567993164,110.93000030517578,111.08000183105469,108.0999984741211,109.19999694824219,1061300
2023-12-08,96.68341827392578,111.38999938964844,112.37999725341797,110.19999694824219,110.9800033569336,827800
2023-12-11,95.31201934814453,109.80999755859375,111.4800033569336,109.30000305175781,110.4000015258789,905400
2023-12-12,95.34674835205078,109.8499984741211,110.51000213623047,108.52999877929688,109.95999908447266,751400
2023-12-13,99.59980010986328,114.75,114.87999725341797,108.72000122070312,109.4000015258789,868200
2023-12-14,106.43075561523438,122.62000274658203,125.68000030517578,117.37999725341797,117.37999725341797,2163200
2023-12-15,103.33208465576172,119.05000305175781,122.6500015258789,118.06999969482422,122.2300033569336,2029200
2023-12-18,102.31655883789062,117.87999725341797,119.5199966430664,117.4000015258789,119.05999755859375,646200
2023-12-19,104.01778411865234,119.83999633789062,120.4800033569336,118.87000274658203,118.91000366210938,595400
2023-12-20,101.25762176513672,116.66000366210938,119.98999786376953,116.44000244140625,119.12999725341797,562800
2023-12-21,102.71582794189453,118.33999633789062,118.43000030517578,116.3499984741211,117.62000274658203,563200
2023-12-22,103.40151977539062,119.12999725341797,119.72000122070312,118.37000274658203,118.37000274658203,547100
2023-12-26,105.70165252685547,121.77999877929688,122.13999938964844,119.02999877929688,119.5,642800
2023-12-27,106.32657623291016,122.5,123.54000091552734,121.5999984741211,122.1500015258789,647300
2023-12-28,106.7952880859375,123.04000091552734,123.61000061035156,121.86000061035156,122.0,576500
2023-12-29,105.6929702758789,121.7699966430664,124.37000274658203,121.47000122070312,122.54000091552734,740200
2024-01-02,106.67377471923828,122.9000015258789,124.05999755859375,120.73999786376953,121.06999969482422,713200
2024-01-03,102.30787658691406,117.87000274658203,121.58999633789062,117.5,121.33999633789062,866600
2024-01-04,102.5595932006836,118.16000366210938,118.58000183105469,117.04000091552734,117.55000305175781,619300
2024-01-05,104.9812240600586,120.94999694824219,121.44000244140625,117.69000244140625,117.69000244140625,1015000
2024-01-08,105.84050750732422,121.94000244140625,122.61000061035156,120.37999725341797,120.9800033569336,696500
2024-01-09,104.92047119140625,120.87999725341797,121.72000122070312,120.20999908447266,120.7300033569336,533200
2024-01-10,104.71215057373047,120.63999938964844,121.29000091552734,119.5999984741211,121.05999755859375,485400
2024-01-11,104.46912384033203,120.36000061035156,120.47000122070312,117.3499984741211,120.0999984741211,716400
2024-01-12,99.08770751953125,114.16000366210938,121.56999969482422,113.43000030517578,121.19000244140625,1603000
2024-01-16,97.75970458984375,112.62999725341797,114.0,111.48999786376953,113.16000366210938,1547500
2024-01-17,97.28231811523438,112.08000183105469,113.20999908447266,111.0999984741211,111.27999877929688,712600
2024-01-18,97.5513916015625,112.38999938964844,112.91000366210938,111.0,112.73999786376953,708200
2024-01-19,97.75102233886719,112.62000274658203,113.55999755859375,110.80000305175781,112.33999633789062,697600
2024-01-22,99.16581726074219,114.25,115.41999816894531,112.80999755859375,113.16999816894531,874500
2024-01-23,96.83097076416016,111.55999755859375,114.88999938964844,111.19999694824219,114.5,1037700
2024-01-24,95.7894058227539,110.36000061035156,112.47000122070312,109.56999969482422,111.55999755859375,1004800
2024-01-25,99.18318176269531,114.2699966430664,114.47000122070312,110.76000213623047,110.97000122070312,989400
2024-01-26,100.65003967285156,115.95999908447266,117.4000015258789,115.19999694824219,115.6500015258789,1120200
2024-01-29,102.23844909667969,117.79000091552734,118.7699966430664,115.95999908447266,116.62999725341797,1630600
2024-01-30,95.4856185913086,110.01000213623047,113.16000366210938,109.62999725341797,112.25,4092100
2024-01-31,95.06031036376953,109.5199966430664,113.94999694824219,109.0999984741211,110.2300033569336,2759100
2024-02-01,96.69210052490234,111.4000015258789,111.86000061035156,109.37000274658203,110.5,1274600
2024-02-02,95.85885620117188,110.44000244140625,111.41999816894531,107.80999755859375,110.01000213623047,1673900
2024-02-05,93.9145736694336,108.19999694824219,109.58999633789062,107.5,109.13999938964844,1033500
2024-02-06,94.80859375,109.2300033569336,109.48999786376953,107.75,108.0,735300
2024-02-07,94.6523666381836,109.05000305175781,110.31999969482422,107.88999938964844,110.18000030517578,866000
2024-02-08,95.64185333251953,110.19000244140625,110.56999969482422,109.02999877929688,109.38999938964844,910600
2024-02-09,94.66104888916016,109.05999755859375,110.43000030517578,108.63999938964844,109.7300033569336,687700
2024-02-12,97.31703186035156,112.12000274658203,113.25,109.19000244140625,109.29000091552734,1645300
2024-02-13,92.8209457397461,106.94000244140625,109.36000061035156,105.95999908447266,108.58999633789062,1553200
2024-02-14,94.44404602050781,108.80999755859375,109.7699966430664,107.12000274658203,108.1500015258789,997100
2024-02-15,95.30335235595703,109.80000305175781,110.75,109.36000061035156,109.47000122070312,660500
2024-02-16,93.87987518310547,108.16000366210938,109.63999938964844,107.72000122070312,108.22000122070312,748600
2024-02-20,94.9561538696289,109.4000015258789,110.12000274658203,107.23999786376953,107.5,675000
2024-02-21,95.4856185913086,110.01000213623047,110.13999938964844,108.87999725341797,109.48999786376953,634200
2024-02-22,96.75285339355469,111.47000122070312,112.29000091552734,110.20999908447266,111.0199966430664,908900
2024-02-23,95.96299743652344,110.55999755859375,112.06999969482422,110.55000305175781,111.5,1063500
2024-02-26,93.17680358886719,107.3499984741211,110.51000213623047,107.30000305175781,109.62000274658203,1535200
2024-02-27,93.58475494384766,107.81999969482422,109.61000061035156,107.44999694824219,108.66999816894531,1258900
2024-02-28,93.41983795166016,107.62999725341797,108.55000305175781,107.12999725341797,107.27999877929688,1278000
2024-02-29,94.75215148925781,107.38999938964844,107.83000183105469,106.30000305175781,106.58999633789062,1264000
2024-03-01,94.24039459228516,106.80999755859375,107.63999938964844,105.80000305175781,107.58999633789062,972900
2024-03-04,94.0110092163086,106.55000305175781,107.83000183105469,106.0199966430664,107.20999908447266,1771200
2024-03-05,90.99346923828125,103.12999725341797,107.4000015258789,102.9800033569336,105.56999969482422,2204300
2024-03-06,93.77276611328125,106.27999877929688,106.94999694824219,102.6500015258789,103.52999877929688,1508700
2024-03-07,95.41387939453125,108.13999938964844,108.77999877929688,107.0,107.0,1205500
2024-03-08,96.4638442993164,109.33000183105469,109.56999969482422,107.69000244140625,108.58999633789062,904100
2024-03-11,95.87268829345703,108.66000366210938,109.70999908447266,107.52999877929688,108.75,939000
2024-03-12,95.09626007080078,107.77999877929688,109.3499984741211,107.23999786376953,108.5999984741211,810300
2024-03-13,95.89916229248047,108.69000244140625,109.29000091552734,107.75,107.95999908447266,1003400
2024-03-14,93.24337768554688,105.68000030517578,108.3499984741211,104.95999908447266,108.08999633789062,1254700
2024-03-15,92.74928283691406,105.12000274658203,107.44999694824219,104.52999877929688,104.9800033569336,14710300
2024-03-18,92.81104278564453,105.19000244140625,107.87000274658203,104.75,105.83000183105469,1426400
2024-03-19,94.76097106933594,107.4000015258789,107.72000122070312,105.0,105.0,815800
2024-03-20,96.75502014160156,109.66000366210938,110.36000061035156,106.51000213623047,107.41999816894531,1121200
2024-03-21,98.56376647949219,111.70999908447266,112.87000274658203,109.61000061035156,110.0,1091800
2024-03-22,97.78732299804688,110.83000183105469,111.94999694824219,110.7300033569336,111.94999694824219,607000
2024-03-25,100.08135223388672,113.43000030517578,115.7300033569336,111.12999725341797,111.12999725341797,1343300
2024-03-26,99.02256774902344,112.2300033569336,114.66999816894531,112.19999694824219,114.26000213623047,848300
2024-03-27,104.01648712158203,117.88999938964844,118.47000122070312,113.4800033569336,113.56999969482422,1503000
2024-03-28,105.55171203613281,119.62999725341797,119.87999725341797,118.11000061035156,118.11000061035156,1092100
2024-04-01,105.17231750488281,119.19999694824219,120.38999938964844,118.2699966430664,119.75,1557000
2024-04-02,101.36070251464844,114.87999725341797,118.54000091552734,114.76000213623047,117.94999694824219,1114800
2024-04-03,102.19891357421875,115.83000183105469,116.36000061035156,114.0,114.08000183105469,1174700
2024-04-04,101.14012908935547,114.62999725341797,117.94000244140625,114.5999984741211,117.5,845900
2024-04-05,101.76657104492188,115.33999633789062,115.86000061035156,114.0,114.5,683600
2024-04-08,102.32242584228516,115.97000122070312,117.55999755859375,115.62999725341797,116.30000305175781,704200
2024-04-09,103.04592895507812,116.79000091552734,117.9800033569336,116.12999725341797,116.56999969482422,906200
2024-04-10,97.88438415527344,110.94000244140625,114.3499984741211,110.36000061035156,114.0,1285400
2024-04-11,98.28142547607422,111.38999938964844,112.01000213623047,110.55000305175781,111.73999786376953,755900
2024-04-12,95.34329223632812,108.05999755859375,110.01000213623047,108.05000305175781,109.43000030517578,1000100
2024-04-15,93.99334716796875,106.52999877929688,109.30999755859375,105.87999725341797,108.36000061035156,1001900
2024-04-16,93.1286849975586,105.55000305175781,106.4000015258789,104.83000183105469,106.12999725341797,860600
2024-04-17,91.62873077392578,103.8499984741211,106.56999969482422,103.81999969482422,106.4000015258789,988700
2024-04-18,91.85814666748047,104.11000061035156,105.52999877929688,103.43000030517578,105.19999694824219,917800
2024-04-19,92.35223388671875,104.66999816894531,105.22000122070312,103.87999725341797,103.95999908447266,1010700
2024-04-22,93.0316390991211,105.44000244140625,105.62999725341797,103.20999908447266,103.93000030517578,1104200
2024-04-23,92.98751831054688,105.38999938964844,107.86000061035156,105.20999908447266,105.43000030517578,1232000
2024-04-24,93.24337768554688,105.68000030517578,106.33000183105469,104.22000122070312,105.0,1705900
2024-04-25,83.79375457763672,94.97000122070312,102.5999984741211,92.55000305175781,102.5999984741211,6752700
2024-04-26,83.46729278564453,94.5999984741211,96.22000122070312,91.9000015258789,95.01000213623047,2579300
2024-04-29,85.49663543701172,96.9000015258789,97.26000213623047,95.33000183105469,95.63999938964844,1572500
2024-04-30,83.69670104980469,94.86000061035156,97.31999969482422,94.83000183105469,96.0,1026000
2024-05-01,83.44082641601562,94.56999969482422,97.75,94.55000305175781,94.5999984741211,1060100
2024-05-02,83.38790130615234,94.51000213623047,95.86000061035156,93.75,95.5999984741211,1010200
2024-05-03,84.31431579589844,95.55999755859375,97.51000213623047,95.26000213623047,96.5,1040800
2024-05-06,84.00552368164062,95.20999908447266,97.47000122070312,95.0199966430664,96.80999755859375,1007300
2024-05-07,83.8378677368164,95.0199966430664,96.19999694824219,94.8499984741211,95.94000244140625,1211000
2024-05-08,83.72317504882812,94.88999938964844,95.30999755859375,93.97000122070312,94.41999816894531,852600
2024-05-09,83.95257568359375,95.1500015258789,96.04000091552734,94.5,94.88999938964844,828000
2024-05-10,83.85551452636719,95.04000091552734,95.93000030517578,94.97000122070312,95.66999816894531,887000
2024-05-13,84.2525634765625,95.48999786376953,97.12000274658203,94.77999877929688,95.75,2466000
2024-05-14,84.6937255859375,95.98999786376953,98.5999984741211,95.7699966430664,97.3499984741211,1652800
2024-05-15,83.76727294921875,94.94000244140625,97.58000183105469,94.79000091552734,97.58000183105469,1542000
2024-05-16,82.67964172363281,91.9800033569336,93.5999984741211,91.69000244140625,93.19999694824219,1340900
2024-05-17,82.1402816772461,91.37999725341797,93.1500015258789,91.19000244140625,92.05000305175781,1440900
2024-05-20,81.45714569091797,90.62000274658203,91.94000244140625,90.4800033569336,91.66000366210938,1091300
2024-05-21,80.46836853027344,89.5199966430664,90.77999877929688,89.38999938964844,90.26000213623047,1173800
2024-05-22,79.73127746582031,88.69999694824219,89.27999877929688,87.8499984741211,89.25,1355000
2024-05-23,77.71776580810547,86.45999908447266,88.5,86.05999755859375,88.5,1979300
2024-05-24,77.7717056274414,86.5199966430664,87.26000213623047,85.81999969482422,86.9000015258789,1236700
2024-05-28,77.98744201660156,86.76000213623047,88.2699966430664,86.61000061035156,86.80999755859375,1699000
2024-05-29,76.2076416015625,84.77999877929688,85.87000274658203,84.18000030517578,85.73999786376953,1242900
2024-05-30,80.9627456665039,90.06999969482422,90.70999908447266,85.31999969482422,85.58000183105469,2392500
2024-05-31,83.62346649169922,93.02999877929688,93.08999633789062,90.12999725341797,90.5999984741211,1476000
2024-06-03,82.913330078125,92.23999786376953,94.33000183105469,92.13999938964844,93.5,1593500
2024-06-04,80.20768737792969,89.2300033569336,91.62000274658203,89.20999908447266,91.58000183105469,788500
2024-06-05,80.46836853027344,89.5199966430664,89.69999694824219,88.25,89.5,977200
2024-06-06,80.04589080810547,89.05000305175781,89.62000274658203,88.7699966430664,89.12999725341797,672800
2024-06-07,79.20993041992188,88.12000274658203,88.66999816894531,87.26000213623047,87.79000091552734,854300
2024-06-10,79.35374450683594,88.27999877929688,88.62999725341797,87.0199966430664,87.20999908447266,694700
2024-06-11,79.58745574951172,88.54000091552734,89.0999984741211,86.91000366210938,87.81999969482422,919300
2024-06-12,84.54032135009766,94.05000305175781,95.54000091552734,91.12000274658203,91.12000274658203,3474000
2024-06-13,83.42569732666016,92.80999755859375,93.80999755859375,91.0,93.80999755859375,1043300
2024-06-14,81.61893463134766,90.80000305175781,92.6500015258789,90.61000061035156,91.76000213623047,1200000
2024-06-17,82.47288513183594,91.75,94.1500015258789,90.9000015258789,90.9000015258789,1691000
2024-06-18,80.09982299804688,89.11000061035156,92.66000366210938,89.05999755859375,91.62000274658203,1183300
2024-06-20,80.540283203125,89.5999984741211,89.8499984741211,88.61000061035156,88.61000061035156,841800
2024-06-21,81.28636169433594,90.43000030517578,90.9800033569336,89.12000274658203,89.61000061035156,1282300
2024-06-24,82.52681732177734,91.80999755859375,92.36000061035156,90.86000061035156,91.0,1218800
2024-06-25,78.23013305664062,87.02999877929688,91.01000213623047,86.95999908447266,90.97000122070312,1708300
2024-06-26,91.60558319091797,101.91000366210938,103.62000274658203,96.22000122070312,103.30999755859375,9743400
2024-06-27,90.67971801757812,100.87999725341797,101.0999984741211,99.36000061035156,100.87000274658203,1778100
2024-06-28,91.86625671386719,102.19999694824219,103.16000366210938,100.6500015258789,101.05999755859375,1314500
2024-07-01,90.67073822021484,100.87000274658203,102.62999725341797,100.61000061035156,101.77999877929688,1172900
2024-07-02,91.89322662353516,102.2300033569336,102.9000015258789,101.27999877929688,102.19999694824219,1344000
2024-07-03,90.65274810791016,100.8499984741211,103.8499984741211,100.8499984741211,102.66999816894531,514700
2024-07-05,90.24826049804688,100.4000015258789,101.5199966430664,99.7300033569336,100.44000244140625,969100
2024-07-08,92.49547576904297,102.9000015258789,103.69999694824219,100.7300033569336,100.93000030517578,1178000
2024-07-09,91.084228515625,101.33000183105469,102.18000030517578,100.87999725341797,102.05000305175781,944200
2024-07-10,92.47750854492188,102.87999725341797,104.19000244140625,100.55999755859375,101.33999633789062,715500
2024-07-11,97.4753189086914,108.44000244140625,108.5199966430664,104.83000183105469,105.0,935100
2024-07-12,98.74274444580078,109.8499984741211,111.1500015258789,108.58999633789062,109.5199966430664,892100
2024-07-15,99.47982788085938,110.66999816894531,111.44999694824219,108.48999786376953,109.37000274658203,899800
2024-07-16,100.98097229003906,112.33999633789062,113.30999755859375,111.19000244140625,111.37000274658203,841900
2024-07-17,100.30679321289062,111.58999633789062,112.95999908447266,110.75,110.75,939600
2024-07-18,94.56290435791016,105.19999694824219,115.44999694824219,103.93000030517578,110.56999969482422,2627700
2024-07-19,94.94044494628906,105.62000274658203,107.38999938964844,104.6500015258789,104.6500015258789,743700
2024-07-22,95.56067657470703,106.30999755859375,107.44000244140625,105.47000122070312,106.1500015258789,732800
2024-07-23,91.11119842529297,101.36000061035156,104.04000091552734,100.63999938964844,104.0,1724600
2024-07-24,88.76509857177734,98.75,101.80000305175781,98.02999877929688,101.22000122070312,1854200
2024-07-25,91.29995727539062,101.56999969482422,101.62000274658203,97.02999877929688,100.0,1742100
2024-07-26,89.46622467041016,99.52999877929688,102.70999908447266,99.13999938964844,102.41999816894531,1072800
2024-07-29,89.3224105834961,99.37000274658203,100.0,97.13999938964844,99.5199966430664,1172200
2024-07-30,91.9920883178711,102.33999633789062,102.36000061035156,97.7300033569336,98.9800033569336,1357200
2024-07-31,91.65951538085938,101.97000122070312,104.2300033569336,101.08999633789062,102.81999969482422,1376100
2024-08-01,88.63025665283203,98.5999984741211,103.29000091552734,97.48999786376953,101.9000015258789,962500
2024-08-02,87.01226043701172,96.80000305175781,97.0199966430664,94.70999908447266,97.0,1072600
2024-08-05,83.80323028564453,93.2300033569336,94.2699966430664,91.66000366210938,92.95999908447266,1227000
2024-08-06,83.02120971679688,92.36000061035156,94.4000015258789,92.05000305175781,93.26000213623047,878400
2024-08-07,81.12454986572266,90.25,94.12000274658203,90.08000183105469,93.94000244140625,909900
2024-08-08,84.02796936035156,93.4800033569336,93.68000030517578,90.62999725341797,91.01000213623047,1046400
2024-08-09,83.70435333251953,93.12000274658203,94.48999786376953,92.36000061035156,93.62999725341797,751000
2024-08-12,82.8593978881836,92.18000030517578,94.0,91.61000061035156,93.5,475800
2024-08-13,86.1403579711914,95.83000183105469,96.69000244140625,92.0999984741211,92.5,1658500
2024-08-14,84.81898498535156,94.36000061035156,96.80999755859375,93.9000015258789,96.37000274658203,680200
2024-08-15,85.96056365966797,95.62999725341797,97.44999694824219,94.77999877929688,96.77999877929688,769700
2024-08-16,86.93136596679688,96.70999908447266,97.44999694824219,95.19999694824219,95.19999694824219,589300
2024-08-19,86.41899108886719,96.13999938964844,97.62999725341797,95.88999938964844,97.19999694824219,617400
2024-08-20,86.76057434082031,96.5199966430664,97.12000274658203,95.72000122070312,96.05999755859375,611600
2024-08-21,88.98981475830078,99.0,99.16000366210938,96.7300033569336,97.62999725341797,678100
2024-08-22,88.12688446044922,98.04000091552734,99.5,97.66000366210938,99.16000366210938,567700
2024-08-23,92.0190658569336,102.37000274658203,102.7699966430664,97.80000305175781,98.48999786376953,704100
2024-08-26,92.60334014892578,103.0199966430664,104.11000061035156,102.18000030517578,103.26000213623047,548800
2024-08-27,92.43254852294922,102.83000183105469,103.0999984741211,101.20999908447266,102.2699966430664,530600
2024-08-28,91.7763671875,102.0999984741211,103.29000091552734,102.08000183105469,102.16000366210938,465000
2024-08-29,92.11793518066406,102.4800033569336,103.37999725341797,101.29000091552734,102.93000030517578,530600
2024-08-30,91.7155532836914,100.29000091552734,102.19000244140625,99.3499984741211,101.55999755859375,664400
2024-09-03,89.77681732177734,98.16999816894531,100.29000091552734,97.86000061035156,99.33000183105469,656900
2024-09-04,90.38038635253906,98.83000183105469,99.05999755859375,97.08000183105469,97.58000183105469,304100
2024-09-05,89.19152069091797,97.52999877929688,99.62000274658203,97.5199966430664,99.20999908447266,420000
2024-09-06,89.26469421386719,97.61000061035156,98.86000061035156,97.0,97.3499984741211,444200
2024-09-09,88.80744171142578,97.11000061035156,98.19000244140625,96.5,97.5,686500
2024-09-10,88.88060760498047,97.19000244140625,97.26000213623047,95.29000091552734,97.0,441800
2024-09-11,85.33232879638672,93.30999755859375,96.66000366210938,92.37999725341797,96.55999755859375,1250900
2024-09-12,85.84445190429688,93.87000274658203,94.44000244140625,93.0999984741211,93.5999984741211,461100
2024-09-13,90.160888671875,98.58999633789062,99.0,95.29000091552734,95.29000091552734,967400
2024-09-16,92.01734924316406,100.62000274658203,101.38999938964844,99.0,99.36000061035156,768400
2024-09-17,93.1330337524414,101.83999633789062,102.83000183105469,100.22000122070312,101.81999969482422,897800
2024-09-18,92.30084228515625,100.93000030517578,104.95999908447266,100.73999786376953,102.26000213623047,930500
2024-09-19,94.5322265625,103.37000274658203,103.81999969482422,101.87000274658203,103.81999969482422,725800
2024-09-20,93.654296875,102.41000366210938,103.44999694824219,101.16999816894531,102.69000244140625,1166300
2024-09-23,93.57200622558594,102.31999969482422,103.87000274658203,101.76000213623047,103.4000015258789,375000
2024-09-24,94.70597839355469,103.55999755859375,103.68000030517578,102.48999786376953,102.76000213623047,402800
2024-09-25,93.91950988769531,102.69999694824219,103.66000366210938,102.0,103.5999984741211,740600
2024-09-26,97.4677963256836,106.58000183105469,107.87000274658203,103.68000030517578,104.0,1248300
2024-09-27,98.45545196533203,107.66000366210938,109.0999984741211,106.3499984741211,108.0,476800
2024-09-30,97.85188293457031,107.0,107.91000366210938,106.25,107.0,476000
2024-10-01,97.78785705566406,106.93000030517578,107.38999938964844,105.08999633789062,107.0,367500
2024-10-02,96.16919708251953,105.16000366210938,107.18000030517578,105.04000091552734,106.38999938964844,408800
2024-10-03,95.8674087524414,104.83000183105469,104.98999786376953,103.66999816894531,104.12000274658203,514600
2024-10-04,95.2821273803711,104.19000244140625,106.58000183105469,103.95999908447266,106.51000213623047,532200
2024-10-07,94.39505767822266,103.22000122070312,104.41999816894531,102.05000305175781,103.5,431600
2024-10-08,94.66940307617188,103.5199966430664,103.9000015258789,102.08999633789062,102.19000244140625,361300
2024-10-09,95.7576675415039,104.70999908447266,105.77999877929688,103.5199966430664,104.0,531300
2024-10-10,94.38591003417969,103.20999908447266,104.08999633789062,102.16999816894531,104.0,663200
2024-10-11,96.12346649169922,105.11000061035156,105.66000366210938,103.2699966430664,103.5999984741211,799800
2024-10-14,95.30956268310547,104.22000122070312,104.76000213623047,101.83000183105469,104.76000213623047,755100
2024-10-15,94.27616882324219,103.08999633789062,106.0,103.0,104.22000122070312,789100
2024-10-16,95.88569641113281,104.8499984741211,105.6500015258789,103.79000091552734,104.56999969482422,664000
2024-10-17,95.76680755615234,104.72000122070312,105.48999786376953,103.91999816894531,104.9000015258789,406400
2024-10-18,98.0073471069336,107.16999816894531,107.95999908447266,104.55000305175781,105.04000091552734,670100
2024-10-21,96.00458526611328,104.9800033569336,107.12000274658203,104.87000274658203,107.0999984741211,801300
2024-10-22,93.54457092285156,102.29000091552734,104.69999694824219,102.19999694824219,104.52999877929688,764600
2024-10-23,90.79190063476562,99.27999877929688,102.18000030517578,99.16999816894531,101.62000274658203,1427100
2024-10-24,100.93375396728516,110.37000274658203,113.94000244140625,105.81999969482422,106.04000091552734,3017500
2024-10-25,95.15410614013672,104.05000305175781,110.20999908447266,103.81999969482422,109.62000274658203,1546900
2024-10-28,94.8431625366211,103.70999908447266,105.72000122070312,103.62999725341797,105.31999969482422,1048500
2024-10-29,93.91036987304688,102.69000244140625,104.11000061035156,102.19999694824219,103.0,742600
2024-10-30,94.69684600830078,103.55000305175781,103.9000015258789,102.25,102.33999633789062,848900
2024-10-31,94.6602554321289,103.51000213623047,103.94999694824219,102.56999969482422,102.56999969482422,573900
2024-11-01,94.35847473144531,103.18000030517578,105.48999786376953,102.91999816894531,104.02999877929688,525700
2024-11-04,96.02288055419922,105.0,105.7699966430664,103.29000091552734,103.29000091552734,879000
2024-11-05,97.25745391845703,106.3499984741211,107.04000091552734,104.12999725341797,104.69999694824219,865400
2024-11-06,98.8029556274414,108.04000091552734,110.6500015258789,107.48999786376953,109.0,1099200
2024-11-07,99.41567993164062,108.70999908447266,110.8499984741211,107.77999877929688,107.77999877929688,576800
2024-11-08,101.0617904663086,110.51000213623047,110.54000091552734,107.73999786376953,108.70999908447266,583700
2024-11-11,103.2840347290039,112.94000244140625,113.26000213623047,110.5,111.33000183105469,755200
2024-11-12,101.04348754882812,110.48999786376953,113.02999877929688,110.05000305175781,112.0999984741211,660400
2024-11-13,104.08879089355469,113.81999969482422,114.30999755859375,111.58999633789062,112.01000213623047,891800
2024-11-14,104.28083801269531,114.02999877929688,116.55999755859375,113.62000274658203,114.5,1118200
2024-11-15,104.2994155883789,112.30000305175781,113.58000183105469,111.11000061035156,112.9000015258789,743100
2024-11-18,103.38922882080078,111.31999969482422,112.29000091552734,110.68000030517578,111.88999938964844,540900
2024-11-19,101.8660659790039,109.68000030517578,110.61000061035156,108.12000274658203,109.54000091552734,589600
2024-11-20,101.97752380371094,109.80000305175781,110.0199966430664,108.18000030517578,108.31999969482422,515800
2024-11-21,103.25920104980469,111.18000030517578,111.7699966430664,109.16000366210938,109.97000122070312,367400
2024-11-22,104.50372314453125,112.5199966430664,112.75,111.18000030517578,111.19999694824219,396500
2024-11-25,109.59333038330078,118.0,119.44000244140625,114.48999786376953,114.5,817200
2024-11-26,104.44801330566406,112.45999908447266,116.56999969482422,112.27999877929688,116.56999969482422,910200
2024-11-27,103.83504486083984,111.80000305175781,114.0999984741211,111.51000213623047,112.83999633789062,446700
2024-11-29,103.48209381103516,111.41999816894531,112.83999633789062,111.41999816894531,111.91000366210938,286800
2024-12-02,102.8598403930664,110.75,111.9800033569336,109.7300033569336,111.41999816894531,587200
2024-12-03,102.52548217773438,110.38999938964844,111.5,109.18000030517578,110.6500015258789,725100
2024-12-04,101.74533081054688,109.55000305175781,110.08000183105469,108.08999633789062,109.62000274658203,482400
2024-12-05,100.78871154785156,108.5199966430664,110.26000213623047,108.12000274658203,110.01000213623047,680400
2024-12-06,104.78236389160156,112.81999969482422,112.94999694824219,108.76000213623047,110.0,904800
2024-12-09,115.58381652832031,124.44999694824219,125.44000244140625,116.86000061035156,117.7699966430664,2340000
2024-12-10,115.05440521240234,123.87999725341797,125.0199966430664,122.5999984741211,123.5199966430664,883800
2024-12-11,115.50950622558594,124.37000274658203,126.30000305175781,123.88999938964844,125.9000015258789,978100
2024-12-12,114.67362976074219,123.47000122070312,123.88999938964844,122.19999694824219,123.51000213623047,555500
2024-12-13,114.0792236328125,122.83000183105469,123.37000274658203,121.5,122.56999969482422,491700
2024-12-16,112.85326385498047,121.51000213623047,123.02999877929688,120.97000122070312,122.05999755859375,593100
2024-12-17,111.7387466430664,120.30999755859375,121.48999786376953,119.29000091552734,120.94000244140625,515500
2024-12-18,107.21571350097656,115.44000244140625,121.5,115.33000183105469,120.38999938964844,830900
2024-12-19,105.86901092529297,113.98999786376953,117.38999938964844,113.05999755859375,115.81999969482422,773800
2024-12-20,106.35196685791016,114.51000213623047,115.75,113.33999633789062,113.62999725341797,1253100
2024-12-23,107.48506164550781,115.7300033569336,115.83000183105469,112.91999816894531,113.7699966430664,471900
2024-12-24,108.24663543701172,116.55000305175781,116.6500015258789,114.7300033569336,115.31999969482422,176400
2024-12-26,107.763671875,116.02999877929688,116.25,115.01000213623047,115.87999725341797,495500
2024-12-27,106.9649429321289,115.16999816894531,116.51000213623047,114.16000366210938,115.56999969482422,623900
2024-12-30,105.72969818115234,113.83999633789062,114.45999908447266,112.33999633789062,114.45999908447266,476600
2024-12-31,106.32410430908203,114.4800033569336,115.19999694824219,113.83999633789062,114.37000274658203,337600
2025-01-02,106.86277770996094,115.05999755859375,116.06999969482422,113.87999725341797,115.19999694824219,564500
2025-01-03,106.84420776367188,115.04000091552734,115.56999969482422,114.0999984741211,115.33000183105469,564800
2025-01-06,106.70488739013672,114.88999938964844,117.38999938964844,114.77999877929688,116.36000061035156,634300
2025-01-07,105.49750518798828,113.58999633789062,115.18000030517578,113.5,114.9000015258789,561100
2025-01-08,105.37677001953125,113.45999908447266,113.5999984741211,110.11000061035156,112.2699966430664,578200
2025-01-10,109.60261535644531,118.01000213623047,119.22000122070312,111.73999786376953,112.0,1298600
2025-01-13,112.07311248779297,120.66999816894531,121.41000366210938,117.51000213623047,118.05000305175781,1304900
2025-01-14,117.04195404052734,126.0199966430664,127.69000244140625,122.25,122.51000213623047,1972600
2025-01-15,120.45049285888672,129.69000244140625,130.38999938964844,128.35000610351562,130.0,1141400
2025-01-16,119.68890380859375,128.8699951171875,129.9499969482422,127.31999969482422,129.33999633789062,679000
2025-01-17,120.74768829345703,130.00999450683594,130.85000610351562,128.7899932861328,129.9499969482422,631800
2025-01-21,122.57733917236328,131.97999572753906,132.08999633789062,130.1699981689453,130.89999389648438,617700
2025-01-22,122.67023468017578,132.0800018310547,133.13999938964844,130.63999938964844,131.61000061035156,706300
2025-01-23,123.3946533203125,132.86000061035156,134.5399932861328,130.82000732421875,132.19000244140625,1031100
2025-01-24,122.66094207763672,132.07000732421875,133.80999755859375,130.82000732421875,132.0500030517578,613900
2025-01-27,123.65469360351562,133.13999938964844,135.49000549316406,131.91000366210938,131.91000366210938,896800
2025-01-28,123.25533294677734,132.7100067138672,134.9499969482422,131.5,132.75,916700
2025-01-29,120.5340805053711,129.77999877929688,133.4499969482422,128.64999389648438,133.4499969482422,1353200
2025-01-30,100.66796875,108.38999938964844,113.0,104.0,111.0,4737400
2025-01-31,97.5287857055664,105.01000213623047,109.18000030517578,104.9000015258789,108.11000061035156,1830100
2025-02-03,92.14197540283203,99.20999908447266,103.48999786376953,99.0199966430664,100.61000061035156,2014300
2025-02-04,93.2379150390625,100.38999938964844,101.16000366210938,98.38999938964844,98.68000030517578,1632200
2025-02-05,95.48551177978516,102.80999755859375,103.36000061035156,100.0,100.55999755859375,1301300
2025-02-06,95.5412368774414,102.87000274658203,104.91000366210938,102.87000274658203,103.62000274658203,1007600
2025-02-07,94.54747009277344,101.80000305175781,103.75,101.56999969482422,103.04000091552734,937600
2025-02-10,93.41438293457031,100.58000183105469,102.5199966430664,100.47000122070312,101.95999908447266,1014400
2025-02-11,92.42989349365234,99.5199966430664,101.22000122070312,99.16000366210938,100.0,918500
2025-02-12,91.35253143310547,98.36000061035156,99.16999816894531,97.56999969482422,98.5,1422400
2025-02-13,94.3245620727539,101.55999755859375,101.91999816894531,98.1500015258789,98.4800033569336,1259800
2025-02-14,96.48856353759766,103.88999938964844,105.25,102.48999786376953,103.06999969482422,984900
2025-02-18,97.65880584716797,105.1500015258789,106.05000305175781,102.0199966430664,104.0,1007700
2025-02-19,98.4482421875,106.0,106.08999633789062,103.0,103.33000183105469,943200
2025-02-20,98.51325988769531,106.06999969482422,106.63999938964844,105.0199966430664,105.5,558900
2025-02-21,97.333740234375,104.80000305175781,106.9800033569336,104.0,106.8499984741211,1034200
2025-02-24,93.89733123779297,101.0999984741211,104.94999694824219,101.08999633789062,104.79000091552734,1106000
2025-02-25,96.77648162841797,104.19999694824219,104.61000061035156,101.62999725341797,101.77999877929688,826100
2025-02-26,96.86935424804688,104.30000305175781,104.69999694824219,103.23999786376953,104.20999908447266,623100
2025-02-27,95.37406158447266,102.69000244140625,104.7699966430664,102.5999984741211,104.41000366210938,715300
2025-02-28,96.17717742919922,101.79000091552734,102.12000274658203,100.0,100.63999938964844,974400
2025-03-03,93.02135467529297,98.44999694824219,102.0,98.04000091552734,102.0,1333800
2025-03-04,85.70814514160156,90.70999908447266,97.5,90.68000030517578,96.87999725341797,2627300
2025-03-05,86.53018188476562,91.58000183105469,92.29000091552734,89.45999908447266,91.3499984741211,1296000
2025-03-06,88.72225189208984,93.9000015258789,94.3499984741211,91.13999938964844,91.19000244140625,895300
2025-03-07,89.63876342773438,94.87000274658203,96.30999755859375,91.62000274658203,93.5,1243700
2025-03-10,89.40254974365234,94.62000274658203,97.0,94.19000244140625,94.6500015258789,753800
2025-03-11,86.85142517089844,91.91999816894531,94.61000061035156,90.55999755859375,94.5,1297900
2025-03-12,86.02940368652344,91.05000305175781,92.45999908447266,90.04000091552734,91.98999786376953,954400
2025-03-13,83.69560241699219,88.58000183105469,91.43000030517578,87.86000061035156,90.61000061035156,1180700
2025-03-14,85.96326446533203,90.9800033569336,92.80000305175781,89.9000015258789,90.16999816894531,967400
2025-03-17,89.0340576171875,94.2300033569336,94.69999694824219,91.02999877929688,91.02999877929688,907800
2025-03-18,88.0702896118164,93.20999908447266,95.30999755859375,92.2699966430664,94.69000244140625,877300
2025-03-19,89.2891616821289,94.5,95.33000183105469,93.0999984741211,93.16000366210938,605400
2025-03-20,88.95846557617188,94.1500015258789,95.55000305175781,93.08000183105469,93.75,656300
2025-03-21,88.20257568359375,93.3499984741211,93.8499984741211,92.06999969482422,92.77999877929688,1176800
2025-03-24,90.3663101196289,95.63999938964844,96.0999984741211,93.94999694824219,94.0199966430664,578500
2025-03-25,88.6561050415039,93.83000183105469,95.3499984741211,93.51000213623047,95.29000091552734,756200
2025-03-26,88.69390869140625,93.87000274658203,94.98999786376953,93.4000015258789,94.0999984741211,616200
2025-03-27,87.87187957763672,93.0,94.55000305175781,92.66999816894531,93.48999786376953,528900
2025-03-28,84.5743179321289,89.51000213623047,92.86000061035156,89.05000305175781,92.5199966430664,1053500
2025-03-31,85.16012573242188,90.12999725341797,90.9000015258789,87.05999755859375,88.43000030517578,764300
2025-04-01,86.13334655761719,91.16000366210938,91.58000183105469,88.5999984741211,90.30000305175781,758900
2025-04-02,85.77428436279297,90.77999877929688,91.68000030517578,89.30999755859375,89.87000274658203,988300
2025-04-03,81.37124633789062,86.12000274658203,90.08999633789062,85.91999816894531,87.79000091552734,3215300
2025-04-04,80.93661499023438,85.66000366210938,85.9000015258789,79.69999694824219,83.62000274658203,1817300
2025-04-07,78.51776885986328,83.0999984741211,86.98999786376953,80.0999984741211,82.68000030517578,1639200
2025-04-08,73.16987609863281,77.44000244140625,85.5,76.26000213623047,84.94000244140625,1380000
2025-04-09,80.568115234375,85.2699966430664,86.1500015258789,75.04000091552734,75.58000183105469,2132400
2025-04-10,76.48632049560547,80.94999694824219,83.75,76.47000122070312,82.61000061035156,1624900
2025-04-11,76.77923583984375,81.26000213623047,81.72000122070312,77.16999816894531,80.75,1176600
2025-04-14,75.79657745361328,80.22000122070312,82.95999908447266,79.43000030517578,82.86000061035156,1206300
2025-04-15,75.0501480102539,79.43000030517578,81.08000183105469,78.41999816894531,80.29000091552734,1051000
2025-04-16,73.12262725830078,77.38999938964844,80.72000122070312,76.29000091552734,79.44000244140625,1074200
2025-04-17,74.49267578125,78.83999633789062,78.88999938964844,76.76000213623047,77.30999755859375,1097900
2025-04-21,72.79193115234375,77.04000091552734,77.5999984741211,75.02999877929688,77.20999908447266,1199600
2025-04-22,73.05648803710938,77.31999969482422,78.88999938964844,76.41000366210938,77.80999755859375,1609500
2025-04-23,73.45333099365234,77.73999786376953,81.7699966430664,77.41999816894531,79.72000122070312,1746100
2025-04-24,74.6155014038086,78.97000122070312,80.62000274658203,76.2699966430664,79.8499984741211,2875700
2025-04-25,73.132080078125,77.4000015258789,79.69000244140625,76.93000030517578,78.48999786376953,1588900
2025-04-28,72.81082153320312,77.05999755859375,78.5999984741211,76.12999725341797,77.33999633789062,1098600
2025-04-29,72.35728454589844,76.58000183105469,77.76000213623047,75.95999908447266,76.06999969482422,1547000
2025-04-30,72.07383728027344,76.27999877929688,76.44000244140625,73.72000122070312,75.44999694824219,1474500
2025-05-01,71.53526306152344,75.70999908447266,76.91999816894531,74.5,76.37999725341797,1337600
2025-05-02,73.57616424560547,77.87000274658203,78.94000244140625,76.33999633789062,76.44000244140625,1233300
2025-05-05,72.86751556396484,77.12000274658203,77.8499984741211,76.47000122070312,77.19999694824219,961000
2025-05-06,72.41398620605469,76.63999938964844,77.19999694824219,75.5199966430664,76.3499984741211,1109500
2025-05-07,72.31005096435547,76.52999877929688,77.26000213623047,75.9000015258789,76.76000213623047,847900
2025-05-08,75.46588134765625,79.87000274658203,80.04000091552734,77.33999633789062,77.38999938964844,1042200
2025-05-09,75.61705780029297,80.02999877929688,80.76000213623047,79.33999633789062,80.05999755859375,1111600
2025-05-12,78.96185302734375,83.56999969482422,87.27999877929688,82.62999725341797,85.0,1459500
2025-05-13,79.41539001464844,84.05000305175781,85.72000122070312,83.86000061035156,84.52999877929688,1406700
2025-05-14,79.01854705810547,83.62999725341797,84.9800033569336,82.2699966430664,84.02999877929688,1109600
2025-05-15,79.01854705810547,83.62999725341797,84.30999755859375,82.51000213623047,83.11000061035156,1449200
2025-05-16,79.78093719482422,82.66999816894531,83.26000213623047,81.6500015258789,81.9000015258789,919400
2025-05-19,79.32736206054688,82.19999694824219,82.27999877929688,80.25,81.22000122070312,847800
2025-05-20,79.15364837646484,82.0199966430664,82.69999694824219,81.62000274658203,81.8499984741211,865800
2025-05-21,74.5020980834961,77.19999694824219,81.80000305175781,77.01000213623047,81.0,1478900
2025-05-22,75.01358032226562,77.7300033569336,78.29000091552734,76.1500015258789,76.5,952100
2025-05-23,74.57930755615234,77.27999877929688,77.58000183105469,76.06999969482422,76.06999969482422,785700
2025-05-27,76.88578033447266,79.66999816894531,79.88999938964844,77.91000366210938,78.4000015258789,940800
2025-05-28,75.40924835205078,78.13999938964844,80.61000061035156,78.12000274658203,79.5199966430664,929100
2025-05-29,75.87247467041016,78.62000274658203,79.83000183105469,77.37999725341797,78.97000122070312,856900
2025-05-30,75.36100006103516,78.08999633789062,78.27999877929688,76.7699966430664,77.91999816894531,1245000
2025-06-02,75.80492401123047,78.55000305175781,78.62999725341797,76.0,77.79000091552734,1216100
2025-06-03,78.5263671875,81.37000274658203,81.58999633789062,77.70999908447266,78.48999786376953,982200
2025-06-04,78.8641357421875,81.72000122070312,82.4000015258789,81.12000274658203,81.80999755859375,871600
2025-06-05,79.201904296875,82.06999969482422,82.75,80.22000122070312,81.47000122070312,1878300
2025-06-06,80.12835693359375,83.02999877929688,83.37999725341797,81.87999725341797,82.55000305175781,1084200
2025-06-09,81.62419128417969,84.58000183105469,86.25,83.5,83.5,2182100
2025-06-10,84.9053726196289,87.9800033569336,88.29000091552734,85.04000091552734,85.80999755859375,1301500
2025-06-11,84.33599090576172,87.38999938964844,89.22000122070312,85.94000244140625,88.69000244140625,1388600
2025-06-12,84.50004577636719,87.55999755859375,88.0199966430664,85.2300033569336,86.31999969482422,1069700
2025-06-13,87.08638763427734,90.23999786376953,92.52999877929688,89.73999786376953,90.95999908447266,2582200
2025-06-16,89.7981948852539,93.05000305175781,93.23999786376953,89.69999694824219,91.43000030517578,1651900
2025-06-17,88.08039855957031,91.2699966430664,93.5999984741211,91.26000213623047,92.18000030517578,1718600
2025-06-18,88.59187316894531,91.80000305175781,92.87999725341797,91.33999633789062,91.68000030517578,1073100
2025-06-20,89.73064422607422,92.9800033569336,93.51000213623047,91.41000366210938,92.19999694824219,1099500
2025-06-23,90.49302673339844,93.7699966430664,94.2300033569336,91.2699966430664,92.0,1328700
2025-06-24,91.79585266113281,95.12000274658203,96.58999633789062,94.55999755859375,95.0,758400
2025-06-25,90.80184936523438,94.08999633789062,95.56999969482422,93.80999755859375,94.9000015258789,713400
2025-06-26,92.11431884765625,95.44999694824219,96.12999725341797,93.80000305175781,94.72000122070312,667200
2025-06-27,92.80915832519531,96.16999816894531,97.2699966430664,95.0199966430664,96.37999725341797,1188500
2025-06-30,97.87569427490234,101.41999816894531,101.7300033569336,97.54000091552734,98.11000061035156,2138400
2025-07-01,101.60079193115234,105.27999877929688,107.23999786376953,100.47000122070312,101.05000305175781,1477200
2025-07-02,106.72522735595703,110.58999633789062,110.72000122070312,104.01000213623047,105.52999877929688,1729900
2025-07-03,106.08829498291016,109.93000030517578,111.95999908447266,109.37999725341797,110.88999938964844,730200
2025-07-07,104.70826721191406,108.5,109.36000061035156,107.05000305175781,109.05999755859375,1071500
2025-07-08,103.97481536865234,107.73999786376953,111.37000274658203,107.73999786376953,109.01000213623047,981500
2025-07-09,104.10992431640625,107.87999725341797,109.7699966430664,106.51000213623047,109.54000091552734,1263900
2025-07-10,104.64071655273438,108.43000030517578,110.26000213623047,106.83999633789062,107.66999816894531,997700
2025-07-11,104.70826721191406,108.5,108.94000244140625,106.75,107.16999816894531,782500
2025-07-14,102.76850128173828,106.48999786376953,107.93000030517578,104.80999755859375,107.87000274658203,929400
2025-07-15,97.41246795654297,100.94000244140625,106.5,100.30999755859375,106.5,2135300
2025-07-16,92.79950714111328,96.16000366210938,101.08999633789062,95.91999816894531,101.08999633789062,2054700
2025-07-17,93.24343872070312,96.62000274658203,97.41000366210938,95.06999969482422,96.22000122070312,1562600
2025-07-18,89.92365264892578,93.18000030517578,96.31999969482422,92.45999908447266,96.0,2096400
2025-07-21,88.99720001220703,92.22000122070312,94.4800033569336,92.19999694824219,94.13999938964844,1027600
2025-07-22,93.14692687988281,96.5199966430664,96.9000015258789,92.19000244140625,92.3499984741211,1141300
2025-07-23,95.99382781982422,99.47000122070312,99.62000274658203,97.11000061035156,98.0,1433200
2025-07-24,95.17354583740234,98.62000274658203,100.13999938964844,97.8499984741211,98.48999786376953,1458800
2025-07-25,96.25439453125,99.73999786376953,100.0,97.3499984741211,100.0,797800
2025-07-28,94.48834991455078,97.91000366210938,100.48999786376953,96.80999755859375,100.0,3809700
2025-07-29,81.79790496826172,84.76000213623047,90.55000305175781,84.01000213623047,85.51000213623047,14680200
2025-07-30,80.81354522705078,83.73999786376953,85.16000366210938,83.0,84.41000366210938,4132200
2025-07-31,80.13801574707031,83.04000091552734,84.41999816894531,82.5,82.93000030517578,2402600
2025-08-01,79.78093719482422,82.66999816894531,83.01000213623047,80.93000030517578,82.7300033569336,2335300
2025-08-04,80.19590759277344,83.0999984741211,83.66999816894531,81.5,82.66999816894531,1506300
2025-08-05,81.57593536376953,84.52999877929688,84.9800033569336,82.68000030517578,83.52999877929688,1442900
2025-08-06,80.02220916748047,82.91999816894531,85.0,82.61000061035156,85.0,1111600
2025-08-07,80.82319641113281,83.75,85.12999725341797,83.18000030517578,84.11000061035156,1014600
2025-08-08,80.78459167480469,83.70999908447266,84.3499984741211,82.87999725341797,84.3499984741211,1064600
2025-08-11,79.3563232421875,82.2300033569336,84.75,81.05999755859375,83.9000015258789,1237000
2025-08-12,82.74365234375,85.73999786376953,86.13999938964844,82.5,82.69000244140625,1319900
2025-08-13,87.05744934082031,90.20999908447266,91.08000183105469,85.51000213623047,85.94000244140625,1276000
2025-08-14,85.89937591552734,89.01000213623047,89.45999908447266,87.25,88.2300033569336,809500
2025-08-15,85.05013275146484,88.12999725341797,90.02999877929688,88.0999984741211,89.69999694824219,983600
2025-08-18,85.01152038574219,88.08999633789062,89.30000305175781,87.44000244140625,88.75,1457000
2025-08-19,86.43980407714844,89.56999969482422,91.62000274658203,88.2300033569336,88.80000305175781,1089200
2025-08-20,83.95962524414062,87.0,90.30000305175781,86.98999786376953,89.26000213623047,1089900
2025-08-21,85.12733459472656,88.20999908447266,88.30000305175781,85.45999908447266,86.29000091552734,765500
2025-08-22,90.37722778320312,93.6500015258789,94.23999786376953,88.47000122070312,88.88999938964844,1395500
2025-08-25,90.34827423095703,93.62000274658203,94.45999908447266,92.20999908447266,93.30000305175781,956600
2025-08-26,91.62213897705078,94.94000244140625,95.47000122070312,93.13999938964844,93.44000244140625,1117500
2025-08-27,91.29402160644531,94.5999984741211,95.97000122070312,94.25,94.48999786376953,808000
2025-08-28,91.1589126586914,94.45999908447266,95.25,93.37000274658203,95.25,841800
2025-08-29,90.75944519042969,93.1500015258789,94.58000183105469,92.19000244140625,93.83000183105469,1165600
2025-09-02,88.22616577148438,90.55000305175781,92.19000244140625,90.12999725341797,91.94999694824219,1147900
2025-09-03,87.16414642333984,89.45999908447266,91.37999725341797,89.2300033569336,90.0199966430664,885100
2025-09-04,89.66818237304688,92.02999877929688,92.19999694824219,89.05999755859375,89.7699966430664,952200
2025-09-05,92.01634216308594,94.44000244140625,96.45999908447266,92.36000061035156,92.6500015258789,1228200
2025-09-08,93.08810424804688,95.54000091552734,96.0,92.83000183105469,94.51000213623047,976400
2025-09-09,91.40250396728516,93.80999755859375,96.56999969482422,93.75,95.20999908447266,1164600
2025-09-10,91.34403991699219,93.75,93.9800033569336,91.58000183105469,93.16999816894531,1100800
2025-09-11,92.52298736572266,94.95999908447266,95.27999877929688,92.72000122070312,93.48999786376953,818700
2025-09-12,89.73638916015625,92.0999984741211,94.62000274658203,92.05000305175781,94.29000091552734,893900
2025-09-15,87.62207794189453,89.93000030517578,93.29000091552734,89.33999633789062,93.0199966430664,1043000
2025-09-16,87.98258209228516,90.30000305175781,90.83000183105469,89.04000091552734,90.25,1798100
2025-09-17,84.23138427734375,86.44999694824219,91.56999969482422,86.33999633789062,90.2699966430664,1583300
2025-09-18,82.7211685180664,84.9000015258789,86.80000305175781,84.75,86.44999694824219,2067600
2025-09-19,80.55813598632812,82.68000030517578,84.66999816894531,82.5,84.27999877929688,1620500
2025-09-22,79.00894165039062,81.08999633789062,82.5199966430664,80.73999786376953,82.5199966430664,1331500
2025-09-23,77.87871551513672,79.93000030517578,82.22000122070312,79.81999969482422,81.66999816894531,1271900
2025-09-24,77.59616088867188,79.63999938964844,80.5999984741211,79.19000244140625,79.19000244140625,1207300
2025-09-25,75.48184204101562,77.47000122070312,79.5199966430664,77.20999908447266,79.0999984741211,2091300
2025-09-26,75.50132751464844,77.48999786376953,78.86000061035156,77.30000305175781,77.6500015258789,1177200
2025-09-29,76.35875701904297,78.37000274658203,78.95999908447266,77.06999969482422,78.56999969482422,1164200
2025-09-30,76.58283996582031,78.5999984741211,78.83999633789062,77.19000244140625,78.30999755859375,1093900
2025-10-01,76.98233032226562,79.01000213623047,79.44999694824219,78.05000305175781,78.54000091552734,793200
2025-10-02,77.51820373535156,79.55999755859375,80.19999694824219,78.79000091552734,79.04000091552734,980600
2025-10-03,77.99563598632812,80.05000305175781,80.58999633789062,79.12999725341797,79.94000244140625,869300
2025-10-06,77.29411315917969,79.33000183105469,80.48999786376953,78.26000213623047,80.0,930100
2025-10-07,74.66339874267578,76.62999725341797,79.58000183105469,76.5999984741211,79.36000061035156,778000
2025-10-08,75.15057373046875,77.12999725341797,78.19999694824219,75.80000305175781,76.9000015258789,950500
2025-10-09,72.53934478759766,74.44999694824219,77.2699966430664,74.06999969482422,77.1500015258789,1589400
2025-10-10,69.69429016113281,71.52999877929688,75.05000305175781,71.33000183105469,74.5,1954700
2025-10-13,70.07427215576172,71.91999816894531,73.27999877929688,71.7699966430664,72.62000274658203,1109000
2025-10-14,72.13987731933594,74.04000091552734,74.66000366210938,71.0,71.30999755859375,1463600
2025-10-15,71.28245544433594,73.16000366210938,75.52999877929688,73.05999755859375,74.38999938964844,1038700
2025-10-16,70.33734893798828,72.19000244140625,73.12000274658203,71.62000274658203,73.0199966430664,1961200
2025-10-17,70.8927230834961,72.76000213623047,72.83999633789062,71.61000061035156,72.30000305175781,864100
2025-10-20,70.7855453491211,72.6500015258789,74.08000183105469,72.02999877929688,73.0,874600
2025-10-21,72.63678741455078,74.55000305175781,75.12000274658203,71.91999816894531,72.5,1144000
2025-10-22,71.13630676269531,73.01000213623047,74.83999633789062,72.62000274658203,73.73999786376953,1292000
2025-10-23,72.38346099853516,74.29000091552734,74.44000244140625,72.02999877929688,73.19000244140625,878200
2025-10-24,71.7696304321289,73.66000366210938,75.02999877929688,73.62000274658203,74.91999816894531,977500
2025-10-27,71.88654327392578,73.77999877929688,74.91999816894531,73.36000061035156,74.05000305175781,2243100
2025-10-28,75.58902740478516,77.58000183105469,79.5,73.26000213623047,74.19000244140625,4446000
2025-10-29,72.64652252197266,74.55999755859375,76.68000030517578,73.80000305175781,76.0,1665000
2025-10-30,69.87940979003906,71.72000122070312,74.27999877929688,71.5,74.0,1817700
2025-10-31,69.79171752929688,71.62999725341797,72.69999694824219,70.94999694824219,72.69999694824219,1414900
2025-11-03,69.11943054199219,70.94000244140625,71.52999877929688,69.37000274658203,71.5,1266800
2025-11-04,68.69071960449219,70.5,71.05000305175781,69.01000213623047,70.37000274658203,1241100
2025-11-05,69.33378601074219,71.16000366210938,71.23999786376953,68.75,70.47000122070312,1238300
2025-11-06,66.68358612060547,68.44000244140625,71.5,68.18000030517578,71.19999694824219,1498800
2025-11-07,65.85540008544922,67.58999633789062,68.76000213623047,67.1500015258789,68.08000183105469,1194100
2025-11-10,63.819034576416016,65.5,68.29000091552734,65.43000030517578,68.11000061035156,1720900
2025-11-11,64.3841552734375,66.08000183105469,66.7699966430664,65.66999816894531,66.05999755859375,1084500
2025-11-12,64.94927215576172,66.66000366210938,67.16999816894531,65.80000305175781,66.44999694824219,1379300
2025-11-13,64.00416564941406,65.69000244140625,66.81999969482422,65.3499984741211,66.30000305175781,1392700
2025-11-14,68.47636413574219,70.27999877929688,70.30000305175781,66.9000015258789,67.0999984741211,2920700
2025-11-17,66.44974517822266,68.19999694824219,71.30000305175781,68.11000061035156,70.77999877929688,2133100
2025-11-18,66.91742706298828,68.68000030517578,68.91000366210938,67.01000213623047,68.0,1564500
2025-11-19,68.24252319335938,70.04000091552734,70.27999877929688,67.6500015258789,68.79000091552734,1352900
2025-11-20,68.44713592529297,70.25,73.2699966430664,69.5199966430664,71.0,1795000
2025-11-21,72.44441223144531,73.4000015258789,73.88999938964844,69.83000183105469,70.12999725341797,1801800
2025-11-24,74.0433120727539,75.0199966430664,75.69000244140625,71.83999633789062,73.0,1741100
2025-11-25,76.7180404663086,77.7300033569336,78.61000061035156,75.0999984741211,75.45999908447266,1653500
2025-11-26,77.71488189697266,78.73999786376953,79.26000213623047,77.0999984741211,77.0999984741211,1180800
2025-11-28,76.34297943115234,77.3499984741211,78.66000366210938,77.02999877929688,78.55999755859375,671100
2025-12-01,78.44525909423828,79.4800033569336,80.5999984741211,76.58999633789062,77.0,1080900
2025-12-02,78.52420806884766,79.55999755859375,79.83999633789062,78.05999755859375,79.56999969482422,1095800
2025-12-03,79.79741668701172,80.8499984741211,81.8499984741211,79.43000030517578,79.94000244140625,1219800
2025-12-04,78.85978698730469,79.9000015258789,81.19999694824219,78.97000122070312,80.68000030517578,980400
2025-12-05,75.06977844238281,76.05999755859375,79.87999725341797,76.0,78.5999984741211,1455100
2025-12-08,74.033447265625,75.01000213623047,76.05000305175781,74.5199966430664,75.80000305175781,1341500
2025-12-09,73.63865661621094,74.61000061035156,76.08999633789062,74.0999984741211,74.0999984741211,1173300
2025-12-10,77.10295867919922,78.12000274658203,78.38999938964844,74.83999633789062,75.5,1569200
2025-12-11,77.5273666381836,78.55000305175781,80.13999938964844,78.1500015258789,78.19000244140625,905000
2025-12-12,76.62920379638672,77.63999938964844,79.80000305175781,77.47000122070312,79.1500015258789,1017400
2025-12-15,76.25415802001953,77.26000213623047,78.0,76.26000213623047,77.75,1150600
2025-12-16,74.59603118896484,75.58000183105469,77.87999725341797,74.83999633789062,77.2699966430664,1120600
2025-12-17,75.1092529296875,76.0999984741211,77.31999969482422,74.97000122070312,74.97000122070312,1387000
2025-12-18,75.95806121826172,76.95999908447266,78.20999908447266,76.5,77.0199966430664,1019400
2025-12-19,72.62206268310547,73.58000183105469,77.0,73.51000213623047,76.6500015258789,2496700
2025-12-22,71.4870376586914,72.43000030517578,73.75,71.41000366210938,73.41000366210938,1707800
2025-12-23,70.65796661376953,71.58999633789062,72.5,71.02999877929688,72.13999938964844,1025200
2025-12-24,71.16133117675781,72.0999984741211,72.33999633789062,71.0999984741211,71.6500015258789,740200
2025-12-26,71.17120361328125,72.11000061035156,72.54000091552734,71.51000213623047,71.9000015258789,701200
2025-12-29,70.70732116699219,71.63999938964844,73.1500015258789,71.4800033569336,71.93000030517578,1132500
2025-12-30,71.27976989746094,72.22000122070312,72.79000091552734,71.18000030517578,71.37000274658203,1135500
2025-12-31,71.20081329345703,72.13999938964844,72.61000061035156,71.20999908447266,71.9800033569336,1097600
2026-01-02,73.53009033203125,74.5,75.75,71.72000122070312,72.5,1160700
2026-01-05,75.66197204589844,76.66000366210938,77.37000274658203,74.27999877929688,74.55000305175781,1022700
2026-01-06,78.08007049560547,79.11000061035156,79.94000244140625,75.80000305175781,76.4000015258789,1193200
2026-01-07,75.89884185791016,76.9000015258789,80.62000274658203,75.9000015258789,79.48999786376953,1157400
2026-01-08,80.3106460571289,81.37000274658203,82.08000183105469,75.66000366210938,76.45999908447266,1807100
2026-01-09,82.36356353759766,83.44999694824219,83.62999725341797,80.7699966430664,81.91999816894531,1350400
2026-01-12,82.8471908569336,83.94000244140625,84.33000183105469,82.37000274658203,83.0,976800
2026-01-13,83.9229965209961,85.02999877929688,85.08000183105469,83.62999725341797,84.04000091552734,887200
2026-01-14,84.14013671875,85.25,85.98999786376953,83.38999938964844,84.87999725341797,1029200
2026-01-15,83.63677215576172,84.73999786376953,85.70999908447266,84.0,84.77999877929688,1073700
2026-01-16,85.99565124511719,87.12999725341797,87.62000274658203,83.79000091552734,84.62000274658203,1536000
2026-01-20,84.99880981445312,86.12000274658203,86.8499984741211,83.9000015258789,85.25,1455600
2026-01-21,86.7556381225586,87.9000015258789,88.98999786376953,86.1500015258789,86.63999938964844,1239400
2026-01-22,88.49272155761719,89.66000366210938,90.20999908447266,87.8499984741211,88.0,1428000
2026-01-23,84.31778717041016,85.43000030517578,89.20999908447266,84.5999984741211,89.0,1707900
2026-01-26,83.60716247558594,84.70999908447266,85.83999633789062,83.33000183105469,85.48999786376953,1355900
2026-01-27,82.38330841064453,83.47000122070312,84.72000122070312,82.91000366210938,84.20999908447266,1626100
2026-01-28,79.8171615600586,80.87000274658203,84.91000366210938,80.5199966430664,83.43000030517578,2736200
2026-01-29,75.95806121826172,76.95999908447266,77.4800033569336,72.55000305175781,76.25,5449100
2026-01-30,78.9486083984375,79.98999786376953,81.16999816894531,75.11000061035156,75.83999633789062,3742900
2026-02-02,78.8992691040039,79.94000244140625,80.18000030517578,77.61000061035156,79.0999984741211,1957100
2026-02-03,84.38687896728516,85.5,86.72000122070312,80.13999938964844,80.44000244140625,2680700
2026-02-04,86.54837036132812,87.69000244140625,88.8499984741211,85.30000305175781,86.52999877929688,1857300
2026-02-05,83.98221588134766,85.08999633789062,87.31999969482422,83.30000305175781,86.5,1409200
2026-02-06,85.39359283447266,86.5199966430664,87.55999755859375,85.12999725341797,85.6500015258789,1119800
2026-02-09,86.71615600585938,87.86000061035156,88.20999908447266,85.5199966430664,86.19999694824219,1205600
2026-02-10,89.96332550048828,91.1500015258789,93.0999984741211,88.47000122070312,88.48999786376953,1653800
2026-02-11,91.61157989501953,92.81999969482422,92.83999633789062,90.05999755859375,91.05999755859375,1126800
2026-02-12,89.23295593261719,90.41000366210938,94.81999969482422,89.83999633789062,93.08000183105469,1041400
2026-02-13,87.53534698486328,88.69000244140625,89.30000305175781,85.94999694824219,86.9000015258789,1877900
2026-02-17,86.08448791503906,87.22000122070312,89.33999633789062,85.4800033569336,89.1500015258789,1228000
2026-02-18,85.31464385986328,86.44000244140625,87.48999786376953,86.01000213623047,86.5,1058200
2026-02-19,84.43623352050781,85.55000305175781,87.7699966430664,85.2300033569336,86.44999694824219,1266100
2026-02-20,83.39002227783203,84.48999786376953,87.30999755859375,80.1500015258789,85.08000183105469,3751300
2026-02-23,82.12669372558594,83.20999908447266,84.48999786376953,81.75,83.4800033569336,821800
2026-02-24,70.73693084716797,71.66999816894531,77.43000030517578,71.2699966430664,75.0,7686500
2026-02-25,69.83878326416016,70.76000213623047,72.0,70.5,71.4000015258789,12003300
2026-02-26,68.22999572753906,69.12999725341797,71.2300033569336,67.80000305175781,70.75,7899200
2026-02-27,68.43000030517578,68.43000030517578,68.91999816894531,66.8499984741211,68.0999984741211,3488700
2026-03-02,64.05999755859375,64.05999755859375,67.69999694824219,64.0199966430664,67.61000061035156,5282500
2026-03-03,60.349998474121094,60.349998474121094,62.52000045776367,58.72999954223633,62.52000045776367,6673700
2026-03-04,59.95000076293945,59.95000076293945,61.04999923706055,59.08000183105469,60.75,3360400
2026-03-05,61.22999954223633,61.22999954223633,61.810001373291016,59.84000015258789,60.040000915527344,3177100
2026-03-06,58.7599983215332,58.7599983215332,60.380001068115234,58.650001525878906,60.33000183105469,3461700
2026-03-09,58.7400016784668,58.7400016784668,59.099998474121094,56.33000183105469,58.0,3975300
2026-03-10,57.54999923706055,57.54999923706055,59.369998931884766,56.849998474121094,58.400001525878906,2883900
2026-03-11,58.22999954223633,58.22999954223633,58.380001068115234,56.439998626708984,57.209999084472656,2485300
2026-03-12,57.13999938964844,57.13999938964844,59.119998931884766,57.09000015258789,57.56999969482422,3543900
2026-03-13,57.4900016784668,57.4900016784668,58.130001068115234,56.75,57.310001373291016,2452200
2026-03-16,56.31999969482422,56.31999969482422,58.04999923706055,55.790000915527344,58.04999923706055,3444100
2026-03-17,56.86000061035156,56.86000061035156,58.150001525878906,56.779998779296875,57.0,1669500
2026-03-18,54.349998474121094,54.349998474121094,56.86000061035156,54.310001373291016,56.86000061035156,2759900
2026-03-19,54.2400016784668,54.2400016784668,54.970001220703125,53.38999938964844,53.84000015258789,2231300
2026-03-20,52.2599983215332,52.2599983215332,54.20000076293945,52.0099983215332,53.849998474121094,5644800
2026-03-23,54.43000030517578,54.43000030517578,55.27000045776367,53.20000076293945,53.52000045776367,2235100
2026-03-24,53.84000015258789,53.84000015258789,55.5,53.2599983215332,53.2599983215332,2111800
2026-03-25,55.220001220703125,55.220001220703125,55.40999984741211,53.099998474121094,54.61000061035156,1785400
2026-03-26,53.61000061035156,53.61000061035156,55.83000183105469,53.369998931884766,54.58000183105469,1671100
2026-03-27,51.91999816894531,51.91999816894531,53.90999984741211,51.689998626708984,53.150001525878906,2237600
2026-03-30,50.869998931884766,50.869998931884766,52.5,50.40999984741211,52.16999816894531,2101000
2026-03-31,53.91999816894531,53.91999816894531,54.72999954223633,51.45000076293945,51.45000076293945,2843600
2026-04-01,54.279998779296875,54.279998779296875,54.709999084472656,52.65999984741211,53.2400016784668,2701400
2026-04-02,55.470001220703125,55.470001220703125,56.310001373291016,52.45000076293945,53.29999923706055,1916300
2026-04-06,56.290000915527344,56.290000915527344,56.869998931884766,55.04999923706055,55.25,1724000
2026-04-07,54.529998779296875,54.529998779296875,55.9900016784668,53.68000030517578,55.72999954223633,1431800
2026-04-08,56.15999984741211,56.15999984741211,58.15999984741211,55.72999954223633,56.599998474121094,3475000
2026-04-09,56.880001068115234,56.880001068115234,57.15999984741211,55.33000183105469,55.7599983215332,1332700
2026-04-10,56.5099983215332,56.5099983215332,57.290000915527344,55.79999923706055,57.04999923706055,1312800
2026-04-13,56.029998779296875,56.029998779296875,56.4900016784668,55.15999984741211,56.18000030517578,1523100
2026-04-14,55.27000045776367,55.27000045776367,57.439998626708984,54.540000915527344,56.38999938964844,1934200
2026-04-15,55.75,55.75,56.650001525878906,54.470001220703125,55.20000076293945,2927700
2026-04-16,55.9900016784668,55.9900016784668,58.220001220703125,55.79999923706055,56.130001068115234,2963600
2026-04-17,56.83000183105469,56.83000183105469,59.220001220703125,56.0,56.439998626708984,2946300
2026-04-20,57.25,57.25,57.279998779296875,53.75,55.099998474121094,2727600
2026-04-21,56.90999984741211,56.90999984741211,58.7599983215332,56.4900016784668,57.34000015258789,2394300
2026-04-22,55.650001525878906,55.650001525878906,57.45000076293945,55.31999969482422,57.38999938964844,1843500
2026-04-23,54.20000076293945,54.20000076293945,56.72999954223633,52.900001525878906,55.75,3314500
2026-04-24,53.79999923706055,53.79999923706055,54.130001068115234,52.130001068115234,53.880001068115234,2805400
2026-04-27,55.77000045776367,55.77000045776367,56.790000915527344,54.0,54.0,2314500
2026-04-28,55.20000076293945,55.20000076293945,56.79999923706055,54.83000183105469,56.0,1612700
2026-04-29,54.63999938964844,54.63999938964844,55.209999084472656,54.20000076293945,55.040000915527344,1543900
2026-04-30,56.060001373291016,56.060001373291016,56.27000045776367,54.63999938964844,55.04999923706055,1319500
2026-05-01,56.56999969482422,56.56999969482422,57.09000015258789,55.11000061035156,56.04999923706055,1512100
2026-05-04,53.06999969482422,53.06999969482422,55.75,53.040000915527344,55.290000915527344,2052600
2026-05-05,54.189998626708984,54.189998626708984,54.869998931884766,52.279998779296875,53.61000061035156,1560500
2026-05-06,54.72999954223633,54.72999954223633,56.38999938964844,54.029998779296875,55.54999923706055,3967400
2026-05-07,48.209999084472656,48.209999084472656,48.849998474121094,44.869998931884766,44.880001068115234,13619400
2026-05-08,44.959999084472656,44.959999084472656,48.63999938964844,44.720001220703125,48.5,6139500
2026-05-11,41.08000183105469,41.08000183105469,44.650001525878906,40.7400016784668,44.45000076293945,7776700
2026-05-12,41.290000915527344,41.290000915527344,41.900001525878906,40.380001068115234,41.0,3301300
2026-05-13,41.77000045776367,41.77000045776367,42.06999969482422,40.5099983215332,40.66999816894531,2877100
2026-05-14,42.529998779296875,42.529998779296875,43.31999969482422,41.77000045776367,41.77000045776367,3749400
2026-05-15,39.9900016784668,39.9900016784668,42.86000061035156,39.86000061035156,42.7599983215332,4004600
2026-05-18,39.470001220703125,39.470001220703125,40.54999923706055,39.08000183105469,39.75,3062000
2026-05-19,40.7599983215332,40.7599983215332,41.5,38.380001068115234,39.09000015258789,4241500
2026-05-20,41.5099983215332,41.5099983215332,41.86000061035156,39.29999923706055,40.880001068115234,2659300
2026-05-21,43.209999084472656,43.209999084472656,43.290000915527344,40.15999984741211,41.04999923706055,2763400
2026-05-22,42.66999816894531,42.66999816894531,43.7400016784668,42.27000045776367,43.45000076293945,2151200
2026-05-26,42.65999984741211,42.65999984741211,43.79999923706055,41.59000015258789,43.22999954223633,2575200
2026-05-27,44.36000061035156,44.36000061035156,45.18000030517578,43.25,43.2599983215332,2577000
2026-05-28,44.06999969482422,44.06999969482422,44.290000915527344,42.959999084472656,44.0,2215100
2026-05-29,43.41999816894531,43.41999816894531,44.349998474121094,42.970001220703125,43.2599983215332,4457300
2026-06-01,42.439998626708984,42.439998626708984,43.650001525878906,42.13999938964844,43.439998626708984,2067500
2026-06-02,41.0099983215332,41.0099983215332,42.2400016784668,40.91999816894531,42.15999984741211,1916100
2026-06-03,40.709999084472656,40.709999084472656,41.59000015258789,40.34000015258789,40.65999984741211,1887300
2026-06-04,40.0,40.0,41.93000030517578,38.63999938964844,41.220001220703125,3888000
2026-06-05,39.470001220703125,39.470001220703125,40.20000076293945,38.959999084472656,40.15999984741211,2788200
2026-06-08,39.560001373291016,39.560001373291016,40.040000915527344,38.70000076293945,39.029998779296875,2174000
2026-06-09,41.439998626708984,41.439998626708984,41.72999954223633,39.56999969482422,39.939998626708984,2532800
2026-06-10,40.11000061035156,40.11000061035156,42.5,40.08000183105469,41.349998474121094,2379900
2026-06-11,42.40999984741211,42.40999984741211,42.54999923706055,39.83000183105469,40.630001068115234,2241500
2026-06-12,42.88999938964844,42.88999938964844,43.5099983215332,41.900001525878906,42.72999954223633,1685700
2026-06-15,41.86000061035156,41.86000061035156,44.95000076293945,41.65999984741211,43.95000076293945,2417800
2026-06-16,40.11000061035156,40.11000061035156,41.560001373291016,38.77000045776367,41.560001373291016,2905500
2026-06-17,38.63999938964844,38.63999938964844,41.130001068115234,38.470001220703125,39.810001373291016,2295400
2026-06-18,38.86000061035156,38.86000061035156,39.619998931884766,38.20000076293945,39.0,4403700
2026-06-22,36.56999969482422,36.56999969482422,38.9900016784668,36.400001525878906,38.060001373291016,2957200
2026-06-23,36.189998626708984,36.189998626708984,37.40999984741211,36.060001373291016,36.25,2466500
2026-06-24,37.86000061035156,37.86000061035156,38.61000061035156,36.650001525878906,36.650001525878906,2201300
2026-06-25,37.7400016784668,37.7400016784668,39.040000915527344,37.04999923706055,38.08000183105469,2267700
2026-06-26,38.97999954223633,38.97999954223633,40.349998474121094,37.650001525878906,37.72999954223633,2662400
2026-06-29,38.0,38.0,38.97999954223633,37.189998626708984,38.81999969482422,2958900
2026-06-30,39.41999816894531,39.41999816894531,39.61000061035156,37.33000183105469,38.0099983215332,2232300
2026-07-01,40.16999816894531,40.16999816894531,40.41999816894531,39.15999984741211,39.470001220703125,1753400
2026-07-02,38.099998474121094,38.099998474121094,40.900001525878906,38.029998779296875,40.470001220703125,2227300
2026-07-06,38.040000915527344,38.040000915527344,38.869998931884766,36.93000030517578,38.099998474121094,2947100
2026-07-07,37.119998931884766,37.119998931884766,38.880001068115234,36.79999923706055,38.61000061035156,2601900
2026-07-08,37.66999816894531,37.66999816894531,39.189998626708984,36.0099983215332,37.0,3970900
2026-07-09,37.86000061035156,37.86000061035156,38.25,36.880001068115234,37.5099983215332,1471600
2026-07-10,40.720001220703125,40.720001220703125,41.86000061035156,37.779998779296875,37.790000915527344,4096700
2026-07-13,38.849998474121094,38.849998474121094,41.189998626708984,38.7599983215332,40.720001220703125,2423900
2026-07-14,38.650001525878906,38.650001525878906,39.66999816894531,37.939998626708984,39.290000915527344,2135900
2026-07-15,38.58000183105469,38.58000183105469,40.150001525878906,38.369998931884766,38.630001068115234,1986700
2026-07-16,39.88999938964844,39.88999938964844,40.38999938964844,38.68000030517578,38.70000076293945,1558500
2026-07-17,38.2400016784668,38.2400016784668,39.95000076293945,38.0099983215332,39.59000015258789,1879700
2026-07-20,36.90999984741211,36.90999984741211,38.470001220703125,36.25,38.470001220703125,2531600
2026-07-21,36.439998626708984,36.439998626708984,37.20000076293945,36.13999938964844,36.65999984741211,2126300
2026-07-22,37.13999938964844,37.13999938964844,37.880001068115234,36.79999923706055,37.0,1850200
2026-07-23,35.619998931884766,35.619998931884766,36.48910140991211,35.52000045776367,36.25,1289312
