Date,Adjusted_Close,Close,High,Low,Open,Volume
2021-07-23,47.48988723754883,56.220001220703125,56.220001220703125,56.220001220703125,56.220001220703125,0
2021-07-26,47.48988723754883,56.220001220703125,56.220001220703125,56.220001220703125,56.220001220703125,0
2021-07-27,47.48988723754883,56.220001220703125,56.220001220703125,56.220001220703125,56.220001220703125,0
2021-07-28,50.06626892089844,59.27000045776367,59.52000045776367,56.900001525878906,56.900001525878906,1115
2021-07-29,49.863529205322266,59.029998779296875,64.0,58.9900016784668,64.0,619
2021-07-30,49.55099105834961,58.65999984741211,61.5099983215332,58.65999984741211,61.5099983215332,413
2021-08-02,49.21310043334961,58.2599983215332,59.900001525878906,58.2599983215332,59.900001525878906,402
2021-08-03,49.21310043334961,58.2599983215332,58.2599983215332,58.2599983215332,58.2599983215332,0
2021-08-04,49.610111236572266,58.72999954223633,58.72999954223633,58.72999954223633,58.72999954223633,201
2021-08-05,48.554229736328125,57.47999954223633,57.47999954223633,57.47999954223633,57.47999954223633,207
2021-08-06,48.849876403808594,57.83000183105469,57.83000183105469,57.83000183105469,57.83000183105469,198
2021-08-09,48.849876403808594,57.83000183105469,57.83000183105469,57.83000183105469,57.83000183105469,0
2021-08-10,48.849876403808594,57.83000183105469,57.83000183105469,57.83000183105469,57.83000183105469,0
2021-08-11,48.849876403808594,57.83000183105469,57.83000183105469,57.83000183105469,57.83000183105469,0
2021-08-12,49.2196159362793,58.2677001953125,58.2677001953125,58.2677001953125,58.2677001953125,208
2021-08-13,49.2196159362793,58.2677001953125,58.2677001953125,58.2677001953125,58.2677001953125,0
2021-08-16,49.2196159362793,58.2677001953125,58.2677001953125,58.2677001953125,58.2677001953125,0
2021-08-17,48.99348068237305,58.0,58.0,58.0,58.0,115
2021-08-18,48.99348068237305,58.0,58.0,58.0,58.0,0
2021-08-19,47.85310745239258,56.650001525878906,57.2400016784668,55.220001220703125,55.220001220703125,506
2021-08-20,47.85310745239258,56.650001525878906,56.650001525878906,56.650001525878906,56.650001525878906,0
2021-08-23,47.85310745239258,56.650001525878906,56.650001525878906,56.650001525878906,56.650001525878906,0
2021-08-24,49.29757308959961,58.36000061035156,58.36000061035156,57.060001373291016,57.060001373291016,448
2021-08-25,49.56787872314453,58.68000030517578,58.68000030517578,58.650001525878906,58.650001525878906,341
2021-08-26,48.56267166137695,57.4900016784668,57.970001220703125,57.4900016784668,57.970001220703125,652
2021-08-27,48.90055847167969,57.88999938964844,57.88999938964844,57.88999938964844,57.88999938964844,107
2021-08-30,49.01881790161133,58.029998779296875,61.279998779296875,58.029998779296875,61.279998779296875,710
2021-08-31,49.01881790161133,58.029998779296875,58.029998779296875,58.029998779296875,58.029998779296875,0
2021-09-01,49.01881790161133,58.029998779296875,58.029998779296875,58.029998779296875,58.029998779296875,0
2021-09-02,49.01881790161133,58.029998779296875,58.029998779296875,58.029998779296875,58.029998779296875,0
2021-09-03,47.75174331665039,56.529998779296875,59.150001525878906,56.29999923706055,59.150001525878906,748
2021-09-07,49.922664642333984,59.099998474121094,59.27000045776367,56.599998474121094,56.599998474121094,795
2021-09-08,49.17931365966797,58.220001220703125,58.220001220703125,58.220001220703125,58.220001220703125,298
2021-09-09,48.343048095703125,57.22999954223633,57.22999954223633,57.22999954223633,57.22999954223633,218
2021-09-10,48.385284423828125,57.279998779296875,57.279998779296875,57.279998779296875,57.279998779296875,121
2021-09-13,47.66727066040039,56.43000030517578,56.43000030517578,56.43000030517578,56.43000030517578,437
2021-09-14,47.66727066040039,56.43000030517578,56.43000030517578,56.43000030517578,56.43000030517578,0
2021-09-15,47.66727066040039,56.43000030517578,56.43000030517578,55.88999938964844,55.88999938964844,1030
2021-09-16,48.14875793457031,57.0,57.20000076293945,57.0,57.20000076293945,441
2021-09-17,50.68291091918945,60.0,60.0,55.959999084472656,55.959999084472656,2527
2021-09-20,46.14679718017578,54.630001068115234,59.470001220703125,54.630001068115234,59.470001220703125,3504
2021-09-21,46.14679718017578,54.630001068115234,54.630001068115234,54.630001068115234,54.630001068115234,0
2021-09-22,46.45933532714844,55.0,55.0,55.0,55.0,241
2021-09-23,46.45933532714844,55.0,55.0,55.0,55.0,0
2021-09-24,46.662071228027344,55.2400016784668,55.2400016784668,55.2400016784668,55.2400016784668,273
2021-09-27,46.45933532714844,55.0,55.0,55.0,55.0,131
2021-09-28,45.6316032409668,54.02009963989258,54.02009963989258,54.02000045776367,54.02000045776367,235
2021-09-29,45.6316032409668,54.02009963989258,54.02009963989258,54.02009963989258,54.02009963989258,0
2021-09-30,45.6316032409668,54.02009963989258,54.02009963989258,54.02009963989258,54.02009963989258,0
2021-10-01,44.31374740600586,52.459999084472656,53.06999969482422,51.5099983215332,53.06999969482422,1006
2021-10-04,44.31374740600586,52.459999084472656,52.459999084472656,52.459999084472656,52.459999084472656,0
2021-10-05,44.31374740600586,52.459999084472656,52.459999084472656,52.459999084472656,52.459999084472656,0
2021-10-06,44.31374740600586,52.459999084472656,52.459999084472656,52.459999084472656,52.459999084472656,0
2021-10-07,44.31374740600586,52.459999084472656,52.459999084472656,52.459999084472656,52.459999084472656,0
2021-10-08,44.607112884521484,52.459999084472656,52.459999084472656,52.459999084472656,52.459999084472656,0
2021-10-11,44.45405197143555,52.279998779296875,52.279998779296875,52.279998779296875,52.279998779296875,194
2021-10-12,44.768856048583984,52.65019989013672,52.65019989013672,52.650001525878906,52.65019989013672,401
2021-10-13,44.34538269042969,52.152198791503906,52.152198791503906,52.08000183105469,52.08000183105469,409
2021-10-14,44.34538269042969,52.152198791503906,52.152198791503906,52.152198791503906,52.152198791503906,0
2021-10-15,45.151302337646484,53.099998474121094,53.099998474121094,53.0,53.0,1635
2021-10-18,44.683631896972656,52.54999923706055,52.54999923706055,52.54999923706055,52.54999923706055,114
2021-10-19,44.683631896972656,52.54999923706055,52.54999923706055,52.54999923706055,52.54999923706055,0
2021-10-20,45.040775299072266,52.970001220703125,53.0,52.970001220703125,53.0,842
2021-10-21,45.27885818481445,53.25,53.25,53.25,53.25,382
2021-10-22,45.27885818481445,53.25,53.25,53.25,53.25,0
2021-10-25,45.68699645996094,53.72999954223633,56.86000061035156,53.72999954223633,56.86000061035156,958
2021-10-26,45.68699645996094,53.72999954223633,53.72999954223633,53.72999954223633,53.72999954223633,0
2021-10-27,45.06626892089844,53.0,53.47999954223633,52.13999938964844,53.47999954223633,1078
2021-10-28,46.26520538330078,54.40999984741211,54.689998626708984,53.29999923706055,53.29999923706055,836
2021-10-29,46.01012420654297,54.11000061035156,54.11000061035156,53.970001220703125,53.970001220703125,487
2021-11-01,46.01012420654297,54.11000061035156,54.11000061035156,54.11000061035156,54.11000061035156,0
2021-11-02,45.8060417175293,53.869998931884766,54.720001220703125,53.869998931884766,54.720001220703125,703
2021-11-03,45.8060417175293,53.869998931884766,53.869998931884766,53.869998931884766,53.869998931884766,0
2021-11-04,45.8060417175293,53.869998931884766,53.869998931884766,53.869998931884766,53.869998931884766,0
2021-11-05,45.8060417175293,53.869998931884766,53.869998931884766,53.869998931884766,53.869998931884766,0
2021-11-08,45.491432189941406,53.5,54.54999923706055,53.5,53.900001525878906,2012
2021-11-09,45.28734588623047,53.2599983215332,53.2599983215332,53.13999938964844,53.13999938964844,247
2021-11-10,46.11214828491211,54.22999954223633,54.22999954223633,54.22999954223633,54.22999954223633,106
2021-11-11,46.11214828491211,54.22999954223633,54.22999954223633,54.22999954223633,54.22999954223633,0
2021-11-12,46.11214828491211,54.22999954223633,54.22999954223633,54.22999954223633,54.22999954223633,0
2021-11-15,45.9846076965332,54.08000183105469,54.119998931884766,54.06999969482422,54.119998931884766,1325
2021-11-16,45.908084869384766,53.9900016784668,53.9900016784668,53.869998931884766,53.869998931884766,204
2021-11-17,45.933589935302734,54.02000045776367,55.66999816894531,53.7599983215332,55.66999816894531,713
2021-11-18,45.933589935302734,54.02000045776367,54.02000045776367,54.02000045776367,54.02000045776367,0
2021-11-19,45.933589935302734,54.02000045776367,54.02000045776367,54.02000045776367,54.02000045776367,0
2021-11-22,46.94545364379883,55.209999084472656,55.209999084472656,55.209999084472656,55.209999084472656,115
2021-11-23,46.94545364379883,55.209999084472656,55.209999084472656,55.209999084472656,55.209999084472656,0
2021-11-24,46.94545364379883,55.209999084472656,55.209999084472656,55.209999084472656,55.209999084472656,0
2021-11-26,46.94545364379883,55.209999084472656,55.209999084472656,55.209999084472656,55.209999084472656,0
2021-11-29,44.72615432739258,52.599998474121094,52.599998474121094,52.599998474121094,52.599998474121094,480
2021-11-30,44.72615432739258,52.599998474121094,52.599998474121094,52.599998474121094,52.599998474121094,0
2021-12-01,44.556095123291016,52.400001525878906,52.400001525878906,52.400001525878906,52.400001525878906,407
2021-12-02,45.916595458984375,54.0,54.0,52.150001525878906,52.150001525878906,303
2021-12-03,45.916595458984375,54.0,54.0,54.0,54.0,0
2021-12-06,45.916595458984375,54.0,54.0,54.0,54.0,0
2021-12-07,45.916595458984375,54.0,54.0,54.0,54.0,0
2021-12-08,45.916595458984375,54.0,54.0,54.0,54.0,0
2021-12-09,45.916595458984375,54.0,54.0,54.0,54.0,0
2021-12-10,47.24305725097656,55.560001373291016,58.650001525878906,55.560001373291016,58.650001525878906,2506
2021-12-13,46.54581069946289,54.7400016784668,54.7400016784668,54.7400016784668,54.7400016784668,260
2021-12-14,46.54581069946289,54.7400016784668,54.7400016784668,54.7400016784668,54.7400016784668,0
2021-12-15,46.54581069946289,54.7400016784668,54.7400016784668,54.7400016784668,54.7400016784668,0
2021-12-16,46.54581069946289,54.7400016784668,54.7400016784668,54.7400016784668,54.7400016784668,0
2021-12-17,45.6104736328125,53.63999938964844,53.689998626708984,53.380001068115234,53.380001068115234,725
2021-12-20,45.6104736328125,53.63999938964844,53.63999938964844,53.63999938964844,53.63999938964844,0
2021-12-21,45.967594146728516,54.060001373291016,54.060001373291016,53.22999954223633,53.27000045776367,720
2021-12-22,45.967594146728516,54.060001373291016,54.060001373291016,54.060001373291016,54.060001373291016,0
2021-12-23,47.30258560180664,55.630001068115234,55.63999938964844,55.0,55.0,2294
2021-12-27,47.768890380859375,55.83000183105469,58.060001373291016,55.05500030517578,58.060001373291016,1186
2021-12-28,47.768890380859375,55.83000183105469,55.83000183105469,55.83000183105469,55.83000183105469,0
2021-12-29,47.768890380859375,55.83000183105469,55.83000183105469,55.83000183105469,55.83000183105469,0
2021-12-30,47.768890380859375,55.83000183105469,55.83000183105469,55.83000183105469,55.83000183105469,0
2021-12-31,47.768890380859375,55.83000183105469,55.83000183105469,55.83000183105469,55.83000183105469,0
2022-01-03,48.821292877197266,57.060001373291016,58.099998474121094,56.43000030517578,56.43000030517578,1082
2022-01-04,48.821292877197266,57.060001373291016,57.060001373291016,57.060001373291016,57.060001373291016,0
2022-01-05,49.46300506591797,57.810001373291016,57.810001373291016,57.810001373291016,57.810001373291016,153
2022-01-06,49.46300506591797,57.810001373291016,57.810001373291016,57.810001373291016,57.810001373291016,0
2022-01-07,48.2566032409668,56.400001525878906,56.400001525878906,56.400001525878906,56.400001525878906,325
2022-01-10,47.8801155090332,55.959999084472656,58.25,55.959999084472656,58.25,594
2022-01-11,47.8801155090332,55.959999084472656,55.959999084472656,55.959999084472656,55.959999084472656,0
2022-01-12,47.08440399169922,55.029998779296875,55.029998779296875,54.790000915527344,54.790000915527344,605
2022-01-13,48.09487533569336,56.21099853515625,56.21099853515625,56.209999084472656,56.209999084472656,264
2022-01-14,48.65017318725586,56.86000061035156,56.86000061035156,55.880001068115234,55.880001068115234,351
2022-01-18,47.27263641357422,55.25,57.06999969482422,55.25,57.06999969482422,465
2022-01-19,47.529319763183594,55.54999923706055,55.54999923706055,55.54999923706055,55.54999923706055,397
2022-01-20,47.529319763183594,55.54999923706055,55.54999923706055,55.54999923706055,55.54999923706055,0
2022-01-21,47.529319763183594,55.54999923706055,55.54999923706055,55.54999923706055,55.54999923706055,0
2022-01-24,44.39777755737305,51.88999938964844,54.310001373291016,51.88999938964844,54.310001373291016,405
2022-01-25,44.39777755737305,51.88999938964844,51.88999938964844,51.88999938964844,51.88999938964844,0
2022-01-26,44.39777755737305,51.88999938964844,51.88999938964844,51.88999938964844,51.88999938964844,0
2022-01-27,44.39777755737305,51.88999938964844,51.88999938964844,51.88999938964844,51.88999938964844,0
2022-01-28,44.39777755737305,51.88999938964844,51.88999938964844,51.88999938964844,51.88999938964844,0
2022-01-31,42.52398681640625,49.70000076293945,51.16999816894531,49.70000076293945,51.16999816894531,311
2022-02-01,44.389305114746094,51.88010025024414,51.88010025024414,51.5099983215332,51.5099983215332,1500
2022-02-02,44.389305114746094,51.88010025024414,51.88010025024414,51.88010025024414,51.88010025024414,0
2022-02-03,44.389305114746094,51.88010025024414,51.88010025024414,51.88010025024414,51.88010025024414,0
2022-02-04,44.389305114746094,51.88010025024414,51.88010025024414,51.88010025024414,51.88010025024414,0
2022-02-07,44.389305114746094,51.88010025024414,51.88010025024414,51.88010025024414,51.88010025024414,0
2022-02-08,44.389305114746094,51.88010025024414,51.88010025024414,51.88010025024414,51.88010025024414,0
2022-02-09,44.389305114746094,51.88010025024414,51.88010025024414,51.88010025024414,51.88010025024414,0
2022-02-10,44.389305114746094,51.88010025024414,51.88010025024414,51.88010025024414,51.88010025024414,0
2022-02-11,43.841796875,51.24020004272461,51.24020004272461,51.24020004272461,51.24020004272461,284
2022-02-14,43.687618255615234,51.060001373291016,51.060001373291016,51.060001373291016,51.060001373291016,180
2022-02-15,44.748573303222656,52.29999923706055,52.29999923706055,52.29999923706055,52.29999923706055,111
2022-02-16,44.49189758300781,52.0,52.29999923706055,52.0,52.29999923706055,305
2022-02-17,44.49189758300781,52.0,52.0,52.0,52.0,0
2022-02-18,42.797786712646484,50.02000045776367,52.709999084472656,50.02000045776367,52.709999084472656,503
2022-02-22,42.797786712646484,50.02000045776367,50.02000045776367,50.02000045776367,50.02000045776367,0
2022-02-23,42.797786712646484,50.02000045776367,50.02000045776367,50.02000045776367,50.02000045776367,0
2022-02-24,41.89082717895508,48.959999084472656,51.349998474121094,48.93000030517578,51.349998474121094,644
2022-02-25,43.29420852661133,50.60020065307617,50.60020065307617,49.68000030517578,50.599998474121094,1602
2022-02-28,43.29420852661133,50.60020065307617,50.60020065307617,50.60020065307617,50.60020065307617,0
2022-03-01,41.88235855102539,48.95009994506836,48.95009994506836,48.95000076293945,48.95000076293945,1724
2022-03-02,41.88235855102539,48.95009994506836,48.95009994506836,48.95009994506836,48.95009994506836,0
2022-03-03,41.88235855102539,48.95009994506836,48.95009994506836,48.95009994506836,48.95009994506836,0
2022-03-04,41.88235855102539,48.95009994506836,48.95009994506836,48.95009994506836,48.95009994506836,0
2022-03-07,42.86621856689453,50.099998474121094,50.099998474121094,48.900001525878906,48.900001525878906,573
2022-03-08,42.86621856689453,50.099998474121094,50.099998474121094,50.099998474121094,50.099998474121094,0
2022-03-09,42.86621856689453,50.099998474121094,50.099998474121094,50.099998474121094,50.099998474121094,0
2022-03-10,42.780662536621094,50.0,50.0,50.0,50.0,202
2022-03-11,42.780662536621094,50.0,50.0,50.0,50.0,0
2022-03-14,42.780662536621094,50.0,50.0,50.0,50.0,0
2022-03-15,42.780662536621094,50.0,50.0,50.0,50.0,0
2022-03-16,42.780662536621094,50.0,50.0,50.0,50.0,0
2022-03-17,42.780662536621094,50.0,50.0,50.0,50.0,0
2022-03-18,48.829856872558594,57.06999969482422,57.06999969482422,57.06999969482422,57.06999969482422,2019
2022-03-21,47.40098190307617,55.400001525878906,57.0,55.400001525878906,57.0,1664
2022-03-22,47.40098190307617,55.400001525878906,55.400001525878906,55.400001525878906,55.400001525878906,0
2022-03-23,47.40098190307617,55.400001525878906,55.400001525878906,55.400001525878906,55.400001525878906,0
2022-03-24,46.16034698486328,53.95000076293945,55.47999954223633,53.95000076293945,55.47999954223633,508
2022-03-25,46.16034698486328,53.95000076293945,53.95000076293945,53.95000076293945,53.95000076293945,0
2022-03-28,46.04911422729492,53.81999969482422,53.900001525878906,53.77000045776367,53.900001525878906,1110
2022-03-29,46.04911422729492,53.81999969482422,53.81999969482422,53.81999969482422,53.81999969482422,0
2022-03-30,46.04911422729492,53.81999969482422,53.81999969482422,53.81999969482422,53.81999969482422,0
2022-03-31,45.50151443481445,53.18000030517578,53.18000030517578,53.18000030517578,53.18000030517578,122
2022-04-01,44.91969680786133,52.5,52.5,52.5,52.5,601
2022-04-04,45.51829147338867,52.849998474121094,52.849998474121094,52.849998474121094,52.849998474121094,661
2022-04-05,44.58810043334961,51.77000045776367,51.77000045776367,51.77000045776367,51.77000045776367,161
2022-04-06,44.58810043334961,51.77000045776367,51.77000045776367,51.77000045776367,51.77000045776367,0
2022-04-07,44.58810043334961,51.77000045776367,51.77000045776367,51.77000045776367,51.77000045776367,0
2022-04-08,44.58810043334961,51.77000045776367,51.77000045776367,51.77000045776367,51.77000045776367,0
2022-04-11,44.58810043334961,51.77000045776367,51.77000045776367,51.77000045776367,51.77000045776367,0
2022-04-12,44.58810043334961,51.77000045776367,51.77000045776367,51.77000045776367,51.77000045776367,0
2022-04-13,44.58810043334961,51.77000045776367,51.77000045776367,51.77000045776367,51.77000045776367,0
2022-04-14,44.58810043334961,51.77000045776367,51.77000045776367,51.77000045776367,51.77000045776367,0
2022-04-18,46.27620315551758,53.72999954223633,53.970001220703125,53.72999954223633,53.77000045776367,684
2022-04-19,46.27620315551758,53.72999954223633,53.72999954223633,53.72999954223633,53.72999954223633,0
2022-04-20,46.27620315551758,53.72999954223633,53.72999954223633,53.72999954223633,53.72999954223633,0
2022-04-21,46.27620315551758,53.72999954223633,53.72999954223633,53.72999954223633,53.72999954223633,0
2022-04-22,45.432159423828125,52.75,53.7599983215332,52.439998626708984,52.939998626708984,1485
2022-04-25,45.432159423828125,52.75,52.75,52.75,52.75,0
2022-04-26,45.432159423828125,52.75,52.75,52.75,52.75,0
2022-04-27,45.432159423828125,52.75,52.75,52.75,52.75,0
2022-04-28,45.432159423828125,52.75,52.75,52.75,52.75,0
2022-04-29,45.432159423828125,52.75,52.75,52.75,52.75,0
2022-05-02,45.432159423828125,52.75,52.75,52.75,52.75,0
2022-05-03,45.432159423828125,52.75,52.75,52.75,52.75,0
2022-05-04,45.432159423828125,52.75,52.75,52.75,52.75,0
2022-05-05,45.432159423828125,52.75,52.75,52.75,52.75,0
2022-05-06,45.432159423828125,52.75,52.75,52.75,52.75,0
2022-05-09,45.432159423828125,52.75,52.75,52.75,52.75,0
2022-05-10,45.432159423828125,52.75,52.75,52.75,52.75,0
2022-05-11,45.432159423828125,52.75,52.75,52.75,52.75,0
2022-05-12,45.432159423828125,52.75,52.75,52.75,52.75,0
2022-05-13,45.432159423828125,52.75,52.75,52.75,52.75,0
2022-05-16,45.432159423828125,52.75,52.75,52.75,52.75,0
2022-05-17,45.432159423828125,52.75,52.75,52.75,52.75,0
2022-05-18,45.432159423828125,52.75,52.75,52.75,52.75,0
2022-05-19,45.432159423828125,52.75,52.75,52.75,52.75,0
2022-05-20,45.432159423828125,52.75,52.75,52.75,52.75,0
2022-05-23,45.432159423828125,52.75,52.75,52.75,52.75,0
2022-05-24,45.432159423828125,52.75,52.75,52.75,52.75,0
2022-05-25,45.432159423828125,52.75,52.75,52.75,52.75,0
2022-05-26,45.64746856689453,53.0,54.58000183105469,53.0,54.58000183105469,315
2022-05-27,45.64746856689453,53.0,53.0,53.0,53.0,0
2022-05-31,45.64746856689453,53.0,53.0,53.0,53.0,0
2022-06-01,45.64746856689453,53.0,53.0,53.0,53.0,0
2022-06-02,45.64746856689453,53.0,53.0,53.0,53.0,0
2022-06-03,45.64746856689453,53.0,53.0,53.0,53.0,0
2022-06-06,45.64746856689453,53.0,53.0,53.0,53.0,0
2022-06-07,45.811119079589844,53.189998626708984,53.189998626708984,53.189998626708984,53.189998626708984,161
2022-06-08,45.811119079589844,53.189998626708984,53.189998626708984,53.189998626708984,53.189998626708984,0
2022-06-09,45.811119079589844,53.189998626708984,53.189998626708984,53.189998626708984,53.189998626708984,0
2022-06-10,45.811119079589844,53.189998626708984,53.189998626708984,53.189998626708984,53.189998626708984,0
2022-06-13,45.811119079589844,53.189998626708984,53.189998626708984,53.189998626708984,53.189998626708984,0
2022-06-14,41.23776626586914,47.880001068115234,47.880001068115234,47.880001068115234,47.880001068115234,185
2022-06-15,41.23776626586914,47.880001068115234,47.880001068115234,47.880001068115234,47.880001068115234,0
2022-06-16,41.23776626586914,47.880001068115234,47.880001068115234,47.880001068115234,47.880001068115234,0
2022-06-17,41.23776626586914,47.880001068115234,47.880001068115234,47.880001068115234,47.880001068115234,0
2022-06-21,41.23776626586914,47.880001068115234,47.880001068115234,47.880001068115234,47.880001068115234,0
2022-06-22,39.802181243896484,46.213199615478516,46.213199615478516,46.213199615478516,46.213199615478516,142
2022-06-23,39.802181243896484,46.213199615478516,46.213199615478516,46.213199615478516,46.213199615478516,0
2022-06-24,39.802181243896484,46.213199615478516,46.213199615478516,46.213199615478516,46.213199615478516,0
2022-06-27,39.802181243896484,46.213199615478516,46.213199615478516,46.213199615478516,46.213199615478516,0
2022-06-28,39.802181243896484,46.213199615478516,46.213199615478516,46.213199615478516,46.213199615478516,0
2022-06-29,39.802181243896484,46.213199615478516,46.213199615478516,46.213199615478516,46.213199615478516,0
2022-06-30,41.35464096069336,48.01570129394531,48.01570129394531,48.01570129394531,48.01570129394531,518
2022-07-01,41.35464096069336,48.01570129394531,48.01570129394531,48.01570129394531,48.01570129394531,0
2022-07-05,40.245723724365234,46.38999938964844,46.63999938964844,45.72999954223633,45.72999954223633,526
2022-07-06,39.78592300415039,45.86000061035156,45.869998931884766,45.86000061035156,45.869998931884766,402
2022-07-07,39.78592300415039,45.86000061035156,45.86000061035156,45.86000061035156,45.86000061035156,0
2022-07-08,39.78592300415039,45.86000061035156,45.86000061035156,45.86000061035156,45.86000061035156,0
2022-07-11,39.78592300415039,45.86000061035156,45.86000061035156,45.86000061035156,45.86000061035156,0
2022-07-12,39.78592300415039,45.86000061035156,45.86000061035156,45.86000061035156,45.86000061035156,0
2022-07-13,39.78592300415039,45.86000061035156,45.86000061035156,45.86000061035156,45.86000061035156,0
2022-07-14,39.78592300415039,45.86000061035156,45.86000061035156,45.86000061035156,45.86000061035156,0
2022-07-15,39.78592300415039,45.86000061035156,45.86000061035156,45.86000061035156,45.86000061035156,0
2022-07-18,39.924739837646484,46.02000045776367,48.779998779296875,46.02000045776367,48.779998779296875,616
2022-07-19,39.924739837646484,46.02000045776367,46.02000045776367,46.02000045776367,46.02000045776367,0
2022-07-20,39.924739837646484,46.02000045776367,46.02000045776367,46.02000045776367,46.02000045776367,0
2022-07-21,39.924739837646484,46.02000045776367,46.02000045776367,46.02000045776367,46.02000045776367,0
2022-07-22,41.89407730102539,48.290000915527344,48.290000915527344,46.709999084472656,46.709999084472656,447
2022-07-25,41.89407730102539,48.290000915527344,48.290000915527344,48.290000915527344,48.290000915527344,0
2022-07-26,41.89407730102539,48.290000915527344,48.290000915527344,48.290000915527344,48.290000915527344,0
2022-07-27,41.89407730102539,48.290000915527344,48.290000915527344,48.290000915527344,48.290000915527344,0
2022-07-28,41.89407730102539,48.290000915527344,48.290000915527344,48.290000915527344,48.290000915527344,0
2022-07-29,41.89407730102539,48.290000915527344,48.290000915527344,48.290000915527344,48.290000915527344,0
2022-08-01,45.208126068115234,52.11000061035156,52.11000061035156,52.11000061035156,52.11000061035156,224
2022-08-02,45.208126068115234,52.11000061035156,52.11000061035156,52.11000061035156,52.11000061035156,0
2022-08-03,45.208126068115234,52.11000061035156,52.11000061035156,52.11000061035156,52.11000061035156,0
2022-08-04,45.208126068115234,52.11000061035156,52.11000061035156,52.11000061035156,52.11000061035156,0
2022-08-05,45.208126068115234,52.11000061035156,52.11000061035156,52.11000061035156,52.11000061035156,0
2022-08-08,45.208126068115234,52.11000061035156,52.11000061035156,52.11000061035156,52.11000061035156,0
2022-08-09,45.208126068115234,52.11000061035156,52.11000061035156,52.11000061035156,52.11000061035156,0
2022-08-10,45.208126068115234,52.11000061035156,52.11000061035156,52.11000061035156,52.11000061035156,0
2022-08-11,45.208126068115234,52.11000061035156,52.11000061035156,52.11000061035156,52.11000061035156,0
2022-08-12,45.208126068115234,52.11000061035156,52.11000061035156,52.11000061035156,52.11000061035156,0
2022-08-15,45.208126068115234,52.11000061035156,52.11000061035156,52.11000061035156,52.11000061035156,0
2022-08-16,45.208126068115234,52.11000061035156,52.11000061035156,52.11000061035156,52.11000061035156,0
2022-08-17,45.208126068115234,52.11000061035156,52.11000061035156,52.11000061035156,52.11000061035156,0
2022-08-18,45.208126068115234,52.11000061035156,52.11000061035156,52.11000061035156,52.11000061035156,0
2022-08-19,45.208126068115234,52.11000061035156,52.11000061035156,52.11000061035156,52.11000061035156,0
2022-08-22,45.208126068115234,52.11000061035156,52.11000061035156,52.11000061035156,52.11000061035156,0
2022-08-23,45.208126068115234,52.11000061035156,52.11000061035156,52.11000061035156,52.11000061035156,0
2022-08-24,45.208126068115234,52.11000061035156,52.11000061035156,52.11000061035156,52.11000061035156,0
2022-08-25,45.208126068115234,52.11000061035156,52.11000061035156,52.11000061035156,52.11000061035156,0
2022-08-26,45.208126068115234,52.11000061035156,52.11000061035156,52.11000061035156,52.11000061035156,0
2022-08-29,40.965797424316406,47.220001220703125,48.31999969482422,47.220001220703125,48.31999969482422,360
2022-08-30,40.965797424316406,47.220001220703125,47.220001220703125,47.220001220703125,47.220001220703125,0
2022-08-31,40.965797424316406,47.220001220703125,47.220001220703125,47.220001220703125,47.220001220703125,0
2022-09-01,40.965797424316406,47.220001220703125,47.220001220703125,47.220001220703125,47.220001220703125,0
2022-09-02,40.965797424316406,47.220001220703125,47.220001220703125,47.220001220703125,47.220001220703125,0
2022-09-06,40.965797424316406,47.220001220703125,47.220001220703125,47.220001220703125,47.220001220703125,0
2022-09-07,35.968692779541016,41.459999084472656,41.459999084472656,41.459999084472656,41.459999084472656,118
2022-09-08,35.968692779541016,41.459999084472656,41.459999084472656,41.459999084472656,41.459999084472656,0
2022-09-09,35.968692779541016,41.459999084472656,41.459999084472656,41.459999084472656,41.459999084472656,0
2022-09-12,35.968692779541016,41.459999084472656,41.459999084472656,41.459999084472656,41.459999084472656,0
2022-09-13,39.130924224853516,45.10499954223633,45.6880989074707,45.10499954223633,45.6880989074707,491
2022-09-14,38.606056213378906,44.5,44.5,44.5,44.5,287
2022-09-15,38.606056213378906,44.5,44.5,44.5,44.5,0
2022-09-16,34.78882598876953,40.099998474121094,40.099998474121094,40.099998474121094,40.099998474121094,951
2022-09-19,37.4001579284668,43.11000061035156,43.11000061035156,43.11000061035156,43.11000061035156,316
2022-09-20,37.0271110534668,42.68000030517578,42.68000030517578,42.68000030517578,42.68000030517578,312
2022-09-21,37.0271110534668,42.68000030517578,42.68000030517578,42.68000030517578,42.68000030517578,0
2022-09-22,37.0271110534668,42.68000030517578,42.68000030517578,42.68000030517578,42.68000030517578,0
2022-09-23,37.0271110534668,42.68000030517578,42.68000030517578,42.68000030517578,42.68000030517578,0
2022-09-26,34.155513763427734,39.369998931884766,39.369998931884766,39.369998931884766,39.369998931884766,276
2022-09-27,34.120819091796875,39.33000183105469,39.33000183105469,39.33000183105469,39.33000183105469,198
2022-09-28,34.120819091796875,39.33000183105469,39.33000183105469,39.33000183105469,39.33000183105469,0
2022-09-29,33.17518615722656,38.2400016784668,38.75,38.130001068115234,38.75,722
2022-09-30,33.17518615722656,38.2400016784668,38.2400016784668,38.2400016784668,38.2400016784668,0
2022-10-03,33.17518615722656,38.2400016784668,38.2400016784668,38.2400016784668,38.2400016784668,0
2022-10-04,33.17518615722656,38.2400016784668,38.2400016784668,38.2400016784668,38.2400016784668,0
2022-10-05,33.17518615722656,38.2400016784668,38.2400016784668,38.2400016784668,38.2400016784668,0
2022-10-06,33.17518615722656,38.2400016784668,38.2400016784668,38.2400016784668,38.2400016784668,0
2022-10-07,33.47942352294922,38.2400016784668,38.2400016784668,38.2400016784668,38.2400016784668,0
2022-10-10,33.47942352294922,38.2400016784668,38.2400016784668,38.2400016784668,38.2400016784668,0
2022-10-11,33.47942352294922,38.2400016784668,38.2400016784668,38.2400016784668,38.2400016784668,0
2022-10-12,33.47942352294922,38.2400016784668,38.2400016784668,38.2400016784668,38.2400016784668,0
2022-10-13,33.47942352294922,38.2400016784668,38.2400016784668,38.2400016784668,38.2400016784668,0
2022-10-14,33.47942352294922,38.2400016784668,38.2400016784668,38.2400016784668,38.2400016784668,0
2022-10-17,33.47942352294922,38.2400016784668,38.2400016784668,38.2400016784668,38.2400016784668,0
2022-10-18,33.96969985961914,38.79999923706055,39.709999084472656,37.88999938964844,37.88999938964844,1228
2022-10-19,33.96969985961914,38.79999923706055,38.79999923706055,38.79999923706055,38.79999923706055,0
2022-10-20,33.62825393676758,38.40999984741211,38.5,38.40999984741211,38.5,1642
2022-10-21,33.62825393676758,38.40999984741211,38.40999984741211,38.40999984741211,38.40999984741211,0
2022-10-24,33.9959716796875,38.83000183105469,41.27000045776367,38.5099983215332,41.27000045776367,959
2022-10-25,34.357025146484375,39.242401123046875,39.242401123046875,39.242401123046875,39.242401123046875,104
2022-10-26,36.25477981567383,41.40999984741211,41.40999984741211,39.130001068115234,41.40999984741211,594
2022-10-27,36.56996536254883,41.77000045776367,41.77000045776367,41.77000045776367,41.77000045776367,207
2022-10-28,36.11470031738281,41.25,41.25,41.25,41.25,236
2022-10-31,36.11470031738281,41.25,41.25,41.25,41.25,0
2022-11-01,36.11470031738281,41.25,41.25,41.25,41.25,0
2022-11-02,36.11470031738281,41.25,41.25,41.25,41.25,0
2022-11-03,36.11470031738281,41.25,41.25,41.25,41.25,0
2022-11-04,36.11470031738281,41.25,41.25,41.25,41.25,0
2022-11-07,36.11470031738281,41.25,41.25,41.25,41.25,0
2022-11-08,36.832611083984375,42.06999969482422,42.93000030517578,41.78499984741211,42.810001373291016,15263
2022-11-09,36.893898010253906,42.13999938964844,42.18000030517578,42.130001068115234,42.130001068115234,678
2022-11-10,36.893898010253906,42.13999938964844,42.13999938964844,42.13999938964844,42.13999938964844,0
2022-11-11,39.97569274902344,45.65999984741211,45.65999984741211,45.65999984741211,45.65999984741211,155
2022-11-14,39.97569274902344,45.65999984741211,45.65999984741211,45.65999984741211,45.65999984741211,0
2022-11-15,39.97569274902344,45.65999984741211,45.65999984741211,45.65999984741211,45.65999984741211,0
2022-11-16,39.97569274902344,45.65999984741211,45.65999984741211,45.65999984741211,45.65999984741211,0
2022-11-17,40.4134407043457,46.15999984741211,46.15999984741211,46.15999984741211,46.15999984741211,387
2022-11-18,40.86748123168945,46.6786003112793,46.68000030517578,46.6786003112793,46.68000030517578,305
2022-11-21,40.86748123168945,46.6786003112793,46.6786003112793,46.6786003112793,46.6786003112793,0
2022-11-22,40.86748123168945,46.6786003112793,46.6786003112793,46.6786003112793,46.6786003112793,0
2022-11-23,40.86748123168945,46.6786003112793,46.6786003112793,46.6786003112793,46.6786003112793,0
2022-11-25,41.674171447753906,47.599998474121094,47.599998474121094,47.599998474121094,47.599998474121094,158
2022-11-28,41.674171447753906,47.599998474121094,47.599998474121094,47.599998474121094,47.599998474121094,0
2022-11-29,41.674171447753906,47.599998474121094,47.599998474121094,47.599998474121094,47.599998474121094,0
2022-11-30,41.674171447753906,47.599998474121094,47.599998474121094,47.599998474121094,47.599998474121094,0
2022-12-01,41.674171447753906,47.599998474121094,47.599998474121094,47.599998474121094,47.599998474121094,0
2022-12-02,40.9474983215332,46.77000045776367,46.77000045776367,46.77000045776367,46.77000045776367,108
2022-12-05,40.9474983215332,46.77000045776367,46.77000045776367,46.77000045776367,46.77000045776367,0
2022-12-06,40.9474983215332,46.77000045776367,46.77000045776367,46.77000045776367,46.77000045776367,0
2022-12-07,37.58555603027344,42.93000030517578,42.93000030517578,40.36000061035156,42.099998474121094,2858
2022-12-08,37.62932205200195,42.97999954223633,43.5,42.97999954223633,43.5,222
2022-12-09,35.83453369140625,40.93000030517578,40.93000030517578,40.93000030517578,40.93000030517578,106
2022-12-12,36.52618408203125,41.720001220703125,41.720001220703125,40.029998779296875,40.029998779296875,1852
2022-12-13,36.981449127197266,42.2400016784668,42.720001220703125,42.2400016784668,42.720001220703125,260
2022-12-14,36.77132797241211,42.0,42.68000030517578,42.0,42.68000030517578,937
2022-12-15,36.77132797241211,42.0,42.0,42.0,42.0,0
2022-12-16,34.34616470336914,39.22999954223633,42.439998626708984,39.0,42.439998626708984,1162
2022-12-19,34.34616470336914,39.22999954223633,39.22999954223633,39.22999954223633,39.22999954223633,0
2022-12-20,34.34616470336914,39.22999954223633,39.22999954223633,39.22999954223633,39.22999954223633,0
2022-12-21,34.34616470336914,39.22999954223633,39.22999954223633,39.22999954223633,39.22999954223633,0
2022-12-22,34.34616470336914,39.22999954223633,39.22999954223633,39.22999954223633,39.22999954223633,0
2022-12-23,34.65312576293945,39.22999954223633,39.22999954223633,39.22999954223633,39.22999954223633,0
2022-12-27,34.65312576293945,39.22999954223633,39.22999954223633,39.22999954223633,39.22999954223633,0
2022-12-28,34.65312576293945,39.22999954223633,39.22999954223633,39.029998779296875,39.029998779296875,957
2022-12-29,34.65312576293945,39.22999954223633,39.22999954223633,39.22999954223633,39.22999954223633,0
2022-12-30,34.65312576293945,39.22999954223633,39.22999954223633,39.22999954223633,39.22999954223633,0
2023-01-03,34.65312576293945,39.22999954223633,39.22999954223633,39.22999954223633,39.22999954223633,0
2023-01-04,34.65312576293945,39.22999954223633,39.22999954223633,39.22999954223633,39.22999954223633,0
2023-01-05,37.06462478637695,41.959999084472656,42.0,41.959999084472656,42.0,1145
2023-01-06,36.85969161987305,41.72800064086914,42.369998931884766,41.72800064086914,42.369998931884766,621
2023-01-09,37.40029525756836,42.34000015258789,42.34000015258789,42.34000015258789,42.34000015258789,232
2023-01-10,37.40029525756836,42.34000015258789,42.34000015258789,42.34000015258789,42.34000015258789,0
2023-01-11,37.97446060180664,42.9900016784668,42.9900016784668,42.9900016784668,42.9900016784668,209
2023-01-12,37.97446060180664,42.9900016784668,42.9900016784668,42.9900016784668,42.9900016784668,0
2023-01-13,38.963783264160156,44.11000061035156,44.11000061035156,43.13999938964844,43.13999938964844,439
2023-01-17,38.9814567565918,44.130001068115234,44.130001068115234,44.11000061035156,44.11000061035156,1076
2023-01-18,38.9814567565918,44.130001068115234,44.130001068115234,44.130001068115234,44.130001068115234,0
2023-01-19,38.8842887878418,44.02000045776367,45.099998474121094,44.02000045776367,45.099998474121094,302
2023-01-20,38.8842887878418,44.02000045776367,44.02000045776367,44.02000045776367,44.02000045776367,0
2023-01-23,39.69695281982422,44.939998626708984,44.939998626708984,43.86000061035156,43.86000061035156,378
2023-01-24,39.69695281982422,44.939998626708984,44.939998626708984,44.939998626708984,44.939998626708984,0
2023-01-25,39.69695281982422,44.939998626708984,44.939998626708984,44.939998626708984,44.939998626708984,0
2023-01-26,39.21112060546875,44.38999938964844,44.38999938964844,44.38999938964844,44.38999938964844,190
2023-01-27,39.21112060546875,44.38999938964844,44.38999938964844,44.38999938964844,44.38999938964844,0
2023-01-30,39.21112060546875,44.38999938964844,44.38999938964844,44.38999938964844,44.38999938964844,0
2023-01-31,39.21112060546875,44.38999938964844,44.38999938964844,44.38999938964844,44.38999938964844,0
2023-02-01,39.21112060546875,44.38999938964844,44.38999938964844,44.38999938964844,44.38999938964844,0
2023-02-02,43.451114654541016,49.189998626708984,49.189998626708984,48.81999969482422,48.81999969482422,218
2023-02-03,43.451114654541016,49.189998626708984,49.189998626708984,49.189998626708984,49.189998626708984,0
2023-02-06,43.451114654541016,49.189998626708984,49.189998626708984,49.189998626708984,49.189998626708984,0
2023-02-07,43.451114654541016,49.189998626708984,49.189998626708984,49.189998626708984,49.189998626708984,0
2023-02-08,43.451114654541016,49.189998626708984,49.189998626708984,49.189998626708984,49.189998626708984,0
2023-02-09,43.451114654541016,49.189998626708984,49.189998626708984,49.189998626708984,49.189998626708984,0
2023-02-10,43.451114654541016,49.189998626708984,49.189998626708984,49.189998626708984,49.189998626708984,0
2023-02-13,43.451114654541016,49.189998626708984,49.189998626708984,49.189998626708984,49.189998626708984,0
2023-02-14,43.451114654541016,49.189998626708984,49.189998626708984,49.189998626708984,49.189998626708984,0
2023-02-15,43.451114654541016,49.189998626708984,49.189998626708984,49.189998626708984,49.189998626708984,0
2023-02-16,43.451114654541016,49.189998626708984,49.189998626708984,49.189998626708984,49.189998626708984,0
2023-02-17,43.451114654541016,49.189998626708984,49.189998626708984,49.189998626708984,49.189998626708984,0
2023-02-21,39.255287170410156,44.439998626708984,44.68000030517578,44.439998626708984,44.68000030517578,418
2023-02-22,39.255287170410156,44.439998626708984,44.439998626708984,44.439998626708984,44.439998626708984,0
2023-02-23,39.255287170410156,44.439998626708984,44.439998626708984,44.439998626708984,44.439998626708984,0
2023-02-24,39.255287170410156,44.439998626708984,44.439998626708984,44.439998626708984,44.439998626708984,0
2023-02-27,39.255287170410156,44.439998626708984,44.439998626708984,44.439998626708984,44.439998626708984,0
2023-02-28,39.255287170410156,44.439998626708984,44.439998626708984,44.439998626708984,44.439998626708984,0
2023-03-01,39.255287170410156,44.439998626708984,44.439998626708984,44.439998626708984,44.439998626708984,0
2023-03-02,39.255287170410156,44.439998626708984,44.439998626708984,44.439998626708984,44.439998626708984,0
2023-03-03,39.255287170410156,44.439998626708984,44.439998626708984,44.439998626708984,44.439998626708984,0
2023-03-06,39.255287170410156,44.439998626708984,44.439998626708984,44.439998626708984,44.439998626708984,0
2023-03-07,39.255287170410156,44.439998626708984,44.439998626708984,44.439998626708984,44.439998626708984,0
2023-03-08,38.106956481933594,43.13999938964844,43.630001068115234,42.31999969482422,42.31999969482422,1044
2023-03-09,31.90595817565918,36.119998931884766,39.7599983215332,36.119998931884766,39.7599983215332,3477
2023-03-10,31.932470321655273,36.150001525878906,36.90549850463867,35.630001068115234,35.630001068115234,1089
2023-03-13,31.711631774902344,35.900001525878906,35.900001525878906,35.900001525878906,35.900001525878906,262
2023-03-14,30.43963050842285,34.459999084472656,35.75,34.459999084472656,35.75,474
2023-03-15,30.43963050842285,34.459999084472656,34.459999084472656,34.459999084472656,34.459999084472656,0
2023-03-16,30.43963050842285,34.459999084472656,34.459999084472656,34.459999084472656,34.459999084472656,0
2023-03-17,30.43963050842285,34.459999084472656,34.459999084472656,34.459999084472656,34.459999084472656,0
2023-03-20,30.43963050842285,34.459999084472656,34.459999084472656,34.459999084472656,34.459999084472656,0
2023-03-21,33.5224609375,37.95000076293945,37.95000076293945,37.95000076293945,37.95000076293945,274
2023-03-22,33.5224609375,37.95000076293945,37.95000076293945,37.95000076293945,37.95000076293945,0
2023-03-23,33.5224609375,37.95000076293945,37.95000076293945,37.95000076293945,37.95000076293945,0
2023-03-24,33.5224609375,37.95000076293945,37.95000076293945,37.95000076293945,37.95000076293945,0
2023-03-27,32.72747039794922,37.04999923706055,37.04999923706055,36.97999954223633,36.97999954223633,339
2023-03-28,32.85996627807617,37.20000076293945,37.20000076293945,37.20000076293945,37.20000076293945,1385
2023-03-29,32.85996627807617,37.20000076293945,37.20000076293945,37.20000076293945,37.20000076293945,0
2023-03-30,32.85996627807617,37.20000076293945,37.20000076293945,37.20000076293945,37.20000076293945,0
2023-03-31,32.85996627807617,37.20000076293945,37.20000076293945,37.20000076293945,37.20000076293945,0
2023-04-03,32.85996627807617,37.20000076293945,37.20000076293945,37.20000076293945,37.20000076293945,0
2023-04-04,32.85996627807617,37.20000076293945,37.20000076293945,37.20000076293945,37.20000076293945,0
2023-04-05,32.85996627807617,37.20000076293945,37.20000076293945,37.20000076293945,37.20000076293945,0
2023-04-06,32.85996627807617,37.20000076293945,37.20000076293945,37.20000076293945,37.20000076293945,0
2023-04-10,34.12389373779297,38.27000045776367,38.27000045776367,36.22999954223633,36.22999954223633,800
2023-04-11,34.12389373779297,38.27000045776367,38.27000045776367,38.27000045776367,38.27000045776367,0
2023-04-12,34.12389373779297,38.27000045776367,38.27000045776367,38.27000045776367,38.27000045776367,0
2023-04-13,34.12389373779297,38.27000045776367,38.27000045776367,38.27000045776367,38.27000045776367,0
2023-04-14,34.12389373779297,38.27000045776367,38.27000045776367,38.27000045776367,38.27000045776367,0
2023-04-17,34.12389373779297,38.27000045776367,38.27000045776367,38.27000045776367,38.27000045776367,0
2023-04-18,34.525142669677734,38.720001220703125,38.720001220703125,38.505001068115234,38.505001068115234,1505
2023-04-19,34.56972122192383,38.77000045776367,38.77000045776367,38.68000030517578,38.76559829711914,1622
2023-04-20,34.64997482299805,38.86000061035156,38.869998931884766,38.84000015258789,38.84000015258789,1863
2023-04-21,35.90721893310547,40.27000045776367,40.27000045776367,40.27000045776367,40.27000045776367,225
2023-04-24,34.676719665527344,38.88999938964844,40.400001525878906,38.88999938964844,40.400001525878906,750
2023-04-25,34.21305847167969,38.369998931884766,38.369998931884766,38.369998931884766,38.369998931884766,251
2023-04-26,33.66914367675781,37.7599983215332,38.43000030517578,37.7599983215332,38.43000030517578,275
2023-04-27,33.285736083984375,37.33000183105469,37.33000183105469,37.33000183105469,37.33000183105469,165
2023-04-28,33.285736083984375,37.33000183105469,37.33000183105469,37.33000183105469,37.33000183105469,0
2023-05-01,34.542972564697266,38.7400016784668,38.7400016784668,36.880001068115234,36.880001068115234,840
2023-05-02,31.47566032409668,35.29999923706055,35.380001068115234,35.290000915527344,35.380001068115234,1541
2023-05-03,32.63481521606445,36.599998474121094,36.599998474121094,36.060001373291016,36.060001373291016,1237
2023-05-04,32.63481521606445,36.599998474121094,36.599998474121094,36.599998474121094,36.599998474121094,0
2023-05-05,32.63481521606445,36.599998474121094,36.599998474121094,36.599998474121094,36.599998474121094,0
2023-05-08,32.63481521606445,36.599998474121094,36.599998474121094,36.599998474121094,36.599998474121094,0
2023-05-09,32.63481521606445,36.599998474121094,36.599998474121094,36.599998474121094,36.599998474121094,0
2023-05-10,32.63481521606445,36.599998474121094,36.599998474121094,36.599998474121094,36.599998474121094,0
2023-05-11,32.63481521606445,36.599998474121094,36.599998474121094,36.599998474121094,36.599998474121094,0
2023-05-12,32.63481521606445,36.599998474121094,36.599998474121094,36.599998474121094,36.599998474121094,0
2023-05-15,32.63481521606445,36.599998474121094,36.599998474121094,36.599998474121094,36.599998474121094,0
2023-05-16,32.63481521606445,36.599998474121094,36.599998474121094,36.599998474121094,36.599998474121094,0
2023-05-17,32.63481521606445,36.599998474121094,36.599998474121094,36.599998474121094,36.599998474121094,0
2023-05-18,32.63481521606445,36.599998474121094,36.599998474121094,36.599998474121094,36.599998474121094,0
2023-05-19,32.63481521606445,36.599998474121094,36.599998474121094,36.599998474121094,36.599998474121094,0
2023-05-22,32.63481521606445,36.599998474121094,36.599998474121094,36.599998474121094,36.599998474121094,0
2023-05-23,32.63481521606445,36.599998474121094,36.599998474121094,36.599998474121094,36.599998474121094,0
2023-05-24,32.63481521606445,36.599998474121094,36.599998474121094,36.599998474121094,36.599998474121094,0
2023-05-25,30.557254791259766,34.27000045776367,35.4900016784668,34.27000045776367,35.34000015258789,1139
2023-05-26,31.368661880493164,35.18000030517578,35.18000030517578,35.18000030517578,35.18000030517578,128
2023-05-30,31.368661880493164,35.18000030517578,35.18000030517578,35.18000030517578,35.18000030517578,0
2023-05-31,31.368661880493164,35.18000030517578,35.18000030517578,35.18000030517578,35.18000030517578,0
2023-06-01,31.368661880493164,35.18000030517578,35.18000030517578,35.18000030517578,35.18000030517578,0
2023-06-02,31.368661880493164,35.18000030517578,35.18000030517578,35.18000030517578,35.18000030517578,0
2023-06-05,31.368661880493164,35.18000030517578,35.18000030517578,35.18000030517578,35.18000030517578,0
2023-06-06,34.56972122192383,38.77000045776367,38.77000045776367,37.81999969482422,37.849998474121094,509
2023-06-07,34.56972122192383,38.77000045776367,38.77000045776367,38.77000045776367,38.77000045776367,0
2023-06-08,35.26522445678711,39.54999923706055,39.54999923706055,39.54999923706055,39.54999923706055,177
2023-06-09,35.26522445678711,39.54999923706055,39.54999923706055,39.54999923706055,39.54999923706055,0
2023-06-12,33.68697738647461,37.779998779296875,39.59000015258789,37.369998931884766,39.59000015258789,736
2023-06-13,33.68697738647461,37.779998779296875,37.779998779296875,37.779998779296875,37.779998779296875,0
2023-06-14,33.68697738647461,37.779998779296875,37.779998779296875,37.779998779296875,37.779998779296875,0
2023-06-15,28.56884002685547,32.040000915527344,34.029998779296875,29.610000610351562,34.029998779296875,9305
2023-06-16,29.65220832824707,33.255001068115234,33.255001068115234,33.025001525878906,33.025001525878906,957
2023-06-20,29.121675491333008,32.65999984741211,32.65999984741211,32.65999984741211,32.65999984741211,432
2023-06-21,29.121675491333008,32.65999984741211,32.65999984741211,32.65999984741211,32.65999984741211,0
2023-06-22,29.121675491333008,32.65999984741211,32.65999984741211,32.65999984741211,32.65999984741211,0
2023-06-23,29.121675491333008,32.65999984741211,32.65999984741211,32.65999984741211,32.65999984741211,0
2023-06-26,27.56126594543457,30.90999984741211,30.90999984741211,30.90999984741211,30.90999984741211,333
2023-06-27,28.256759643554688,31.690000534057617,31.690000534057617,31.690000534057617,31.690000534057617,125
2023-06-28,28.256759643554688,31.690000534057617,31.690000534057617,31.690000534057617,31.690000534057617,0
2023-06-29,29.424835205078125,33.0,33.0,33.0,33.0,570
2023-06-30,29.424835205078125,33.0,33.0,33.0,33.0,0
2023-07-03,29.424835205078125,33.0,33.0,33.0,33.0,0
2023-07-05,29.27162742614746,32.47999954223633,32.47999954223633,32.47999954223633,32.47999954223633,322
2023-07-06,29.27162742614746,32.47999954223633,32.47999954223633,32.47999954223633,32.47999954223633,0
2023-07-07,29.27162742614746,32.47999954223633,32.47999954223633,32.47999954223633,32.47999954223633,0
2023-07-10,29.27162742614746,32.47999954223633,32.47999954223633,32.47999954223633,32.47999954223633,0
2023-07-11,30.178077697753906,33.485801696777344,33.485801696777344,33.485801696777344,33.485801696777344,419
2023-07-12,30.64148712158203,34.0,34.0,33.47999954223633,33.47999954223633,275
2023-07-13,30.64148712158203,34.0,34.0,34.0,34.0,0
2023-07-14,30.938074111938477,34.3291015625,34.3291015625,34.3291015625,34.3291015625,176
2023-07-17,30.839750289916992,34.220001220703125,34.220001220703125,34.220001220703125,34.220001220703125,167
2023-07-18,30.704572677612305,34.06999969482422,34.06999969482422,34.06999969482422,34.06999969482422,226
2023-07-19,31.155181884765625,34.56999969482422,34.62950134277344,34.4900016784668,34.619998931884766,4239
2023-07-20,31.019996643066406,34.41999816894531,34.41999816894531,34.41999816894531,34.41999816894531,171
2023-07-21,31.37147331237793,34.810001373291016,34.810001373291016,34.810001373291016,34.810001373291016,210
2023-07-24,30.50629997253418,33.849998474121094,33.849998474121094,33.849998474121094,33.849998474121094,188
2023-07-25,30.50629997253418,33.849998474121094,33.849998474121094,33.849998474121094,33.849998474121094,0
2023-07-26,30.50629997253418,33.849998474121094,33.849998474121094,33.849998474121094,33.849998474121094,0
2023-07-27,30.50629997253418,33.849998474121094,33.849998474121094,33.849998474121094,33.849998474121094,0
2023-07-28,30.50629997253418,33.849998474121094,33.849998474121094,33.849998474121094,33.849998474121094,0
2023-07-31,30.50629997253418,33.849998474121094,33.849998474121094,33.849998474121094,33.849998474121094,0
2023-08-01,30.50629997253418,33.849998474121094,33.849998474121094,33.849998474121094,33.849998474121094,0
2023-08-02,30.50629997253418,33.849998474121094,33.849998474121094,33.849998474121094,33.849998474121094,0
2023-08-03,30.50629997253418,33.849998474121094,33.849998474121094,33.849998474121094,33.849998474121094,0
2023-08-04,31.650848388671875,35.119998931884766,35.119998931884766,35.119998931884766,35.119998931884766,294
2023-08-07,31.650848388671875,35.119998931884766,35.119998931884766,35.119998931884766,35.119998931884766,0
2023-08-08,31.650848388671875,35.119998931884766,35.119998931884766,35.119998931884766,35.119998931884766,0
2023-08-09,31.650848388671875,35.119998931884766,35.119998931884766,35.119998931884766,35.119998931884766,0
2023-08-10,31.650848388671875,35.119998931884766,35.119998931884766,35.119998931884766,35.119998931884766,0
2023-08-11,31.650848388671875,35.119998931884766,35.119998931884766,35.119998931884766,35.119998931884766,0
2023-08-14,31.650848388671875,35.119998931884766,35.119998931884766,35.119998931884766,35.119998931884766,0
2023-08-15,31.650848388671875,35.119998931884766,35.119998931884766,35.119998931884766,35.119998931884766,0
2023-08-16,31.650848388671875,35.119998931884766,35.119998931884766,35.119998931884766,35.119998931884766,0
2023-08-17,31.650848388671875,35.119998931884766,35.119998931884766,35.119998931884766,35.119998931884766,0
2023-08-18,31.650848388671875,35.119998931884766,35.119998931884766,35.119998931884766,35.119998931884766,0
2023-08-21,32.15553665161133,35.68000030517578,35.68000030517578,35.68000030517578,35.68000030517578,260
2023-08-22,32.15553665161133,35.68000030517578,35.68000030517578,35.68000030517578,35.68000030517578,0
2023-08-23,32.15553665161133,35.68000030517578,35.68000030517578,35.68000030517578,35.68000030517578,0
2023-08-24,32.15553665161133,35.68000030517578,35.68000030517578,35.68000030517578,35.68000030517578,0
2023-08-25,32.87651062011719,36.47999954223633,36.47999954223633,36.47999954223633,36.47999954223633,300
2023-08-28,32.87651062011719,36.47999954223633,36.47999954223633,36.47999954223633,36.47999954223633,0
2023-08-29,32.87651062011719,36.47999954223633,36.47999954223633,36.47999954223633,36.47999954223633,0
2023-08-30,32.87651062011719,36.47999954223633,36.47999954223633,36.47999954223633,36.47999954223633,0
2023-08-31,32.804412841796875,36.400001525878906,36.400001525878906,36.400001525878906,36.400001525878906,285
2023-09-01,32.804412841796875,36.400001525878906,36.400001525878906,36.400001525878906,36.400001525878906,0
2023-09-05,32.804412841796875,36.400001525878906,36.400001525878906,36.400001525878906,36.400001525878906,0
2023-09-06,32.804412841796875,36.400001525878906,36.400001525878906,36.400001525878906,36.400001525878906,0
2023-09-07,33.53440856933594,37.209999084472656,37.209999084472656,35.400001525878906,35.400001525878906,1224
2023-09-08,32.43490982055664,35.9900016784668,36.27000045776367,35.97999954223633,36.27000045776367,498
2023-09-11,32.43490982055664,35.9900016784668,35.9900016784668,35.9900016784668,35.9900016784668,0
2023-09-12,32.43490982055664,35.9900016784668,35.9900016784668,35.9900016784668,35.9900016784668,0
2023-09-13,32.43490982055664,35.9900016784668,35.9900016784668,35.9900016784668,35.9900016784668,0
2023-09-14,32.43490982055664,35.9900016784668,35.9900016784668,35.9900016784668,35.9900016784668,0
2023-09-15,33.33612823486328,36.9900016784668,37.25,36.9900016784668,37.20000076293945,1213
2023-09-18,33.33612823486328,36.9900016784668,36.9900016784668,36.9900016784668,36.9900016784668,0
2023-09-19,33.33612823486328,36.9900016784668,36.9900016784668,36.9900016784668,36.9900016784668,0
2023-09-20,33.33612823486328,36.9900016784668,36.9900016784668,36.9900016784668,36.9900016784668,0
2023-09-21,33.768714904785156,37.470001220703125,37.470001220703125,37.470001220703125,37.470001220703125,114
2023-09-22,33.768714904785156,37.470001220703125,37.470001220703125,37.470001220703125,37.470001220703125,0
2023-09-25,33.768714904785156,37.470001220703125,37.470001220703125,37.470001220703125,37.470001220703125,0
2023-09-26,33.768714904785156,37.470001220703125,37.470001220703125,37.470001220703125,37.470001220703125,0
2023-09-27,33.768714904785156,37.470001220703125,37.470001220703125,37.470001220703125,37.470001220703125,0
2023-09-28,33.768714904785156,37.470001220703125,37.470001220703125,37.470001220703125,37.470001220703125,0
2023-09-29,33.6876106262207,37.380001068115234,37.380001068115234,37.380001068115234,37.380001068115234,269
2023-10-02,33.732666015625,37.43000030517578,37.43000030517578,37.43000030517578,37.43000030517578,203
2023-10-03,33.732666015625,37.43000030517578,37.43000030517578,37.43000030517578,37.43000030517578,0
2023-10-04,33.732666015625,37.43000030517578,37.43000030517578,37.43000030517578,37.43000030517578,0
2023-10-05,33.732666015625,37.43000030517578,37.43000030517578,37.43000030517578,37.43000030517578,0
2023-10-06,34.05107116699219,37.43000030517578,37.43000030517578,37.43000030517578,37.43000030517578,0
2023-10-09,34.05107116699219,37.43000030517578,37.43000030517578,37.43000030517578,37.43000030517578,0
2023-10-10,29.1385498046875,32.029998779296875,32.029998779296875,31.440000534057617,31.440000534057617,1436
2023-10-11,29.311399459838867,32.220001220703125,32.220001220703125,32.220001220703125,32.220001220703125,297
2023-10-12,27.946805953979492,30.719999313354492,30.719999313354492,30.719999313354492,30.719999313354492,288
2023-10-13,27.946805953979492,30.719999313354492,30.719999313354492,30.719999313354492,30.719999313354492,0
2023-10-16,26.773258209228516,29.43000030517578,30.170000076293945,29.43000030517578,30.170000076293945,355
2023-10-17,25.99999237060547,28.579999923706055,29.780000686645508,28.579999923706055,29.780000686645508,868
2023-10-18,26.677738189697266,29.325000762939453,29.364200592041016,29.200000762939453,29.332799911499023,3937
2023-10-19,28.18333625793457,30.979999542236328,30.979999542236328,30.940000534057617,30.940000534057617,526
2023-10-20,28.347087860107422,31.15999984741211,31.15999984741211,31.15999984741211,31.15999984741211,201
2023-10-23,27.928613662719727,30.700000762939453,31.280000686645508,30.700000762939453,31.280000686645508,307
2023-10-24,27.928613662719727,30.700000762939453,30.700000762939453,30.700000762939453,30.700000762939453,0
2023-10-25,27.737567901611328,30.489999771118164,31.270000457763672,30.440000534057617,31.270000457763672,508
2023-10-26,27.955904006958008,30.729999542236328,30.729999542236328,30.729999542236328,30.729999542236328,160
2023-10-27,27.482845306396484,30.209999084472656,30.209999084472656,30.209999084472656,30.209999084472656,101
2023-10-30,27.664791107177734,30.40999984741211,30.40999984741211,30.40999984741211,30.40999984741211,102
2023-10-31,27.664791107177734,30.40999984741211,30.40999984741211,30.40999984741211,30.40999984741211,0
2023-11-01,27.664791107177734,30.40999984741211,30.40999984741211,30.40999984741211,30.40999984741211,0
2023-11-02,27.819442749023438,30.579999923706055,30.579999923706055,30.579999923706055,30.579999923706055,112
2023-11-03,27.819442749023438,30.579999923706055,30.579999923706055,30.579999923706055,30.579999923706055,0
2023-11-06,27.46465301513672,30.190000534057617,30.190000534057617,30.18000030517578,30.18000030517578,260
2023-11-07,27.719375610351562,30.469999313354492,30.469999313354492,30.43000030517578,30.43000030517578,595
2023-11-08,27.601106643676758,30.34000015258789,30.34000015258789,30.34000015258789,30.34000015258789,225
2023-11-09,27.4737491607666,30.200000762939453,30.200000762939453,30.200000762939453,30.200000762939453,115
2023-11-10,27.4737491607666,30.200000762939453,30.200000762939453,30.200000762939453,30.200000762939453,0
2023-11-13,27.455556869506836,30.18000030517578,30.18000030517578,30.0,30.15999984741211,484
2023-11-14,28.44715690612793,31.270000457763672,31.270000457763672,30.31999969482422,30.31999969482422,2666
2023-11-15,28.44715690612793,31.270000457763672,31.270000457763672,31.270000457763672,31.270000457763672,0
2023-11-16,28.44715690612793,31.270000457763672,31.270000457763672,31.270000457763672,31.270000457763672,0
2023-11-17,28.44715690612793,31.270000457763672,31.270000457763672,31.270000457763672,31.270000457763672,0
2023-11-20,27.958271026611328,30.73259925842285,31.219999313354492,30.579999923706055,31.219999313354492,1329
2023-11-21,27.958271026611328,30.73259925842285,30.73259925842285,30.73259925842285,30.73259925842285,0
2023-11-22,27.810348510742188,30.56999969482422,30.56999969482422,30.56999969482422,30.56999969482422,106
2023-11-24,27.51013946533203,30.239999771118164,30.239999771118164,30.239999771118164,30.239999771118164,171
2023-11-27,25.790754318237305,28.350000381469727,29.540000915527344,28.350000381469727,29.540000915527344,390
2023-11-28,25.790754318237305,28.350000381469727,28.350000381469727,28.350000381469727,28.350000381469727,0
2023-11-29,27.273611068725586,29.979999542236328,29.979999542236328,29.979999542236328,29.979999542236328,138
2023-11-30,27.437360763549805,30.15999984741211,30.15999984741211,30.15999984741211,30.15999984741211,169
2023-12-01,28.319795608520508,31.1299991607666,31.1299991607666,30.678300857543945,30.678300857543945,1908
2023-12-04,28.319795608520508,31.1299991607666,31.1299991607666,31.1299991607666,31.1299991607666,0
2023-12-05,27.792152404785156,30.549999237060547,30.81999969482422,30.450000762939453,30.81999969482422,1491
2023-12-06,27.678438186645508,30.424999237060547,30.799999237060547,28.829999923706055,30.799999237060547,3846
2023-12-07,27.02798080444336,29.709999084472656,29.709999084472656,29.709999084472656,29.709999084472656,393
2023-12-08,27.85492515563965,30.618999481201172,30.618999481201172,30.0,30.079999923706055,1313
2023-12-11,27.85492515563965,30.618999481201172,30.618999481201172,30.618999481201172,30.618999481201172,0
2023-12-12,28.13785171508789,30.93000030517578,30.93000030517578,30.93000030517578,30.93000030517578,240
2023-12-13,28.13785171508789,30.93000030517578,30.93000030517578,30.93000030517578,30.93000030517578,0
2023-12-14,30.075572967529297,33.060001373291016,33.619998931884766,32.25,32.25,1759
2023-12-15,30.9761962890625,34.04999923706055,34.04999923706055,32.435001373291016,32.435001373291016,17222
2023-12-18,30.9761962890625,34.04999923706055,34.04999923706055,34.04999923706055,34.04999923706055,0
2023-12-19,29.775358200073242,32.72999954223633,32.72999954223633,32.72999954223633,32.72999954223633,218
2023-12-20,29.775358200073242,32.72999954223633,32.72999954223633,32.72999954223633,32.72999954223633,0
2023-12-21,30.475849151611328,33.5,33.654998779296875,33.34000015258789,33.34000015258789,461
2023-12-22,30.71237564086914,33.7599983215332,34.02000045776367,33.7599983215332,33.779998779296875,1020
2023-12-26,31.034114837646484,33.7599983215332,33.7599983215332,33.7599983215332,33.7599983215332,0
2023-12-27,29.6368465423584,32.2400016784668,32.4900016784668,32.2400016784668,32.4900016784668,557
2023-12-28,29.6368465423584,32.2400016784668,32.2400016784668,32.2400016784668,32.2400016784668,0
2023-12-29,29.563302993774414,32.15999984741211,32.16999816894531,32.15999984741211,32.16999816894531,320
2024-01-02,28.735971450805664,31.260000228881836,31.75,31.260000228881836,31.75,455
2024-01-03,28.735971450805664,31.260000228881836,31.260000228881836,31.260000228881836,31.260000228881836,0
2024-01-04,28.166030883789062,30.639999389648438,31.09000015258789,30.639999389648438,31.09000015258789,759
2024-01-05,28.4326229095459,30.93000030517578,31.399999618530273,30.93000030517578,31.389999389648438,573
2024-01-08,28.4326229095459,30.93000030517578,30.93000030517578,30.93000030517578,30.93000030517578,0
2024-01-09,28.72677993774414,31.25,31.25,31.06999969482422,31.1299991607666,1009
2024-01-10,28.809513092041016,31.34000015258789,31.34000015258789,31.34000015258789,31.34000015258789,332
2024-01-11,29.085290908813477,31.639999389648438,31.639999389648438,31.639999389648438,31.639999389648438,240
2024-01-12,29.085290908813477,31.639999389648438,31.639999389648438,31.639999389648438,31.639999389648438,0
2024-01-16,29.967777252197266,32.599998474121094,32.599998474121094,32.06999969482422,32.06999969482422,687
2024-01-17,29.967777252197266,32.599998474121094,32.599998474121094,32.599998474121094,32.599998474121094,0
2024-01-18,29.967777252197266,32.599998474121094,32.599998474121094,32.599998474121094,32.599998474121094,0
2024-01-19,29.967777252197266,32.599998474121094,32.599998474121094,32.599998474121094,32.599998474121094,0
2024-01-22,29.967777252197266,32.599998474121094,32.599998474121094,32.599998474121094,32.599998474121094,0
2024-01-23,30.804298400878906,33.5099983215332,33.94499969482422,33.5099983215332,33.529998779296875,485
2024-01-24,31.20877456665039,33.95000076293945,33.95000076293945,33.84000015258789,33.84000015258789,313
2024-01-25,31.20877456665039,33.95000076293945,33.95000076293945,33.95000076293945,33.95000076293945,0
2024-01-26,31.20877456665039,33.95000076293945,33.95000076293945,33.95000076293945,33.95000076293945,0
2024-01-29,31.20877456665039,33.95000076293945,33.95000076293945,33.95000076293945,33.95000076293945,0
2024-01-30,31.20877456665039,33.95000076293945,33.95000076293945,33.95000076293945,33.95000076293945,0
2024-01-31,31.116846084594727,33.849998474121094,33.849998474121094,33.849998474121094,33.849998474121094,119
2024-02-01,31.576478958129883,34.349998474121094,34.349998474121094,34.349998474121094,34.349998474121094,147
2024-02-02,31.162809371948242,33.900001525878906,34.40999984741211,33.900001525878906,34.40999984741211,266
2024-02-05,30.89622688293457,33.61000061035156,33.61000061035156,33.61000061035156,33.61000061035156,120
2024-02-06,30.89622688293457,33.61000061035156,33.61000061035156,33.61000061035156,33.61000061035156,0
2024-02-07,30.7491455078125,33.45000076293945,33.45000076293945,33.45000076293945,33.45000076293945,122
2024-02-08,30.841073989868164,33.54999923706055,33.65999984741211,33.54999923706055,33.65999984741211,202
2024-02-09,30.841073989868164,33.54999923706055,33.54999923706055,33.54999923706055,33.54999923706055,0
2024-02-12,30.841073989868164,33.54999923706055,33.54999923706055,33.54999923706055,33.54999923706055,0
2024-02-13,30.841073989868164,33.54999923706055,33.54999923706055,33.54999923706055,33.54999923706055,0
2024-02-14,30.841073989868164,33.54999923706055,33.54999923706055,33.54999923706055,33.54999923706055,0
2024-02-15,30.841073989868164,33.54999923706055,33.54999923706055,33.54999923706055,33.54999923706055,0
2024-02-16,30.841073989868164,33.54999923706055,33.54999923706055,33.54999923706055,33.54999923706055,0
2024-02-20,29.967777252197266,32.599998474121094,32.599998474121094,32.599998474121094,32.599998474121094,716
2024-02-21,30.409019470214844,33.08000183105469,33.08000183105469,33.08000183105469,33.08000183105469,205
2024-02-22,30.482561111450195,33.15999984741211,33.15999984741211,33.0,33.0,1354
2024-02-23,30.482561111450195,33.15999984741211,33.15999984741211,33.15999984741211,33.15999984741211,0
2024-02-26,30.482561111450195,33.15999984741211,33.15999984741211,33.15999984741211,33.15999984741211,0
2024-02-27,30.960575103759766,33.68000030517578,33.68000030517578,33.540000915527344,33.540000915527344,663
2024-02-28,30.960575103759766,33.68000030517578,33.68000030517578,33.68000030517578,33.68000030517578,0
2024-02-29,30.565298080444336,33.25,33.25,33.25,33.25,439
2024-03-01,30.565298080444336,33.25,33.25,33.25,33.25,0
2024-03-04,30.381441116333008,33.04999923706055,33.04999923706055,33.0099983215332,33.0099983215332,437
2024-03-05,30.381441116333008,33.04999923706055,33.04999923706055,33.04999923706055,33.04999923706055,0
2024-03-06,30.381441116333008,33.04999923706055,33.04999923706055,33.04999923706055,33.04999923706055,0
2024-03-07,33.73029327392578,36.69300079345703,36.849998474121094,36.0,36.0,4070
2024-03-08,33.73029327392578,36.69300079345703,36.69300079345703,36.69300079345703,36.69300079345703,0
2024-03-11,33.73029327392578,36.69300079345703,36.69300079345703,36.69300079345703,36.69300079345703,0
2024-03-12,33.73029327392578,36.69300079345703,36.69300079345703,36.69300079345703,36.69300079345703,0
2024-03-13,34.19635772705078,37.20000076293945,37.29499816894531,37.11000061035156,37.25,4900
2024-03-14,34.19635772705078,37.20000076293945,37.279998779296875,37.20000076293945,37.279998779296875,525
2024-03-15,35.80506134033203,38.95000076293945,38.95000076293945,37.04499816894531,37.04499816894531,3474
2024-03-18,34.50890350341797,37.540000915527344,37.540000915527344,37.540000915527344,37.540000915527344,590
2024-03-19,33.82865905761719,36.79999923706055,36.900001525878906,36.79999923706055,36.900001525878906,1150
2024-03-20,33.82865905761719,36.79999923706055,36.79999923706055,36.79999923706055,36.79999923706055,0
2024-03-21,33.82865905761719,36.79999923706055,36.79999923706055,36.79999923706055,36.79999923706055,0
2024-03-22,33.82865905761719,36.79999923706055,36.79999923706055,36.79999923706055,36.79999923706055,0
2024-03-25,33.82865905761719,36.79999923706055,36.79999923706055,36.79999923706055,36.79999923706055,0
2024-03-26,34.66517639160156,37.709999084472656,37.720001220703125,37.709999084472656,37.720001220703125,354
2024-03-27,34.885799407958984,37.95000076293945,37.959999084472656,37.95000076293945,37.959999084472656,346
2024-03-28,34.885799407958984,37.95000076293945,37.95000076293945,37.95000076293945,37.95000076293945,0
2024-04-01,35.20294189453125,38.29499816894531,38.29499816894531,37.880001068115234,37.880001068115234,433
2024-04-02,35.134002685546875,38.220001220703125,38.220001220703125,37.79999923706055,37.91999816894531,1244
2024-04-03,35.4097785949707,38.52000045776367,38.52000045776367,38.52000045776367,38.52000045776367,637
2024-04-04,35.47413635253906,38.59000015258789,38.83000183105469,38.59000015258789,38.83000183105469,681
2024-04-05,35.47413635253906,38.59000015258789,38.59000015258789,38.59000015258789,38.59000015258789,0
2024-04-08,35.7988166809082,38.59000015258789,38.59000015258789,38.59000015258789,38.59000015258789,0
2024-04-09,35.7988166809082,38.59000015258789,38.59000015258789,38.59000015258789,38.59000015258789,0
2024-04-10,36.25336837768555,39.08000183105469,39.08000183105469,39.08000183105469,39.08000183105469,198
2024-04-11,36.36469268798828,39.20000076293945,39.25,39.20000076293945,39.25,444
2024-04-12,36.36469268798828,39.20000076293945,39.20000076293945,39.20000076293945,39.20000076293945,0
2024-04-15,36.36469268798828,39.20000076293945,39.20000076293945,39.20000076293945,39.20000076293945,0
2024-04-16,36.36469268798828,39.20000076293945,39.20000076293945,39.20000076293945,39.20000076293945,0
2024-04-17,33.40542221069336,36.0099983215332,36.04999923706055,36.0099983215332,36.04999923706055,892
2024-04-18,33.8414306640625,36.47999954223633,36.540000915527344,35.9900016784668,35.9900016784668,734
2024-04-19,34.64849853515625,37.349998474121094,37.349998474121094,37.2599983215332,37.2599983215332,313
2024-04-22,34.64849853515625,37.349998474121094,37.349998474121094,37.349998474121094,37.349998474121094,0
2024-04-23,35.7153205871582,38.5,38.5,38.5,38.5,124
2024-04-24,35.43702697753906,38.20000076293945,38.20000076293945,38.20000076293945,38.20000076293945,298
2024-04-25,35.15871810913086,37.900001525878906,37.900001525878906,37.900001525878906,37.900001525878906,153
2024-04-26,35.29786682128906,38.04999923706055,38.04999923706055,38.04999923706055,38.04999923706055,473
2024-04-29,35.25148391723633,38.0,38.0,38.0,38.0,103
2024-04-30,35.25148391723633,38.0,38.0,38.0,38.0,0
2024-05-01,35.25148391723633,38.0,38.0,38.0,38.0,0
2024-05-02,35.3720817565918,38.130001068115234,38.130001068115234,37.81999969482422,37.81999969482422,1526
2024-05-03,35.3720817565918,38.130001068115234,38.130001068115234,38.130001068115234,38.130001068115234,0
2024-05-06,35.3720817565918,38.130001068115234,38.130001068115234,38.130001068115234,38.130001068115234,0
2024-05-07,35.3720817565918,38.130001068115234,38.79999923706055,38.130001068115234,38.79999923706055,674
2024-05-08,36.040008544921875,38.849998474121094,38.849998474121094,38.34000015258789,38.34000015258789,344
2024-05-09,36.17915725708008,39.0,39.0,39.0,39.0,143
2024-05-10,35.29786682128906,38.04999923706055,38.2599983215332,38.0099983215332,38.20000076293945,847
2024-05-13,35.6318244934082,38.40999984741211,38.40999984741211,38.40999984741211,38.40999984741211,103
2024-05-14,35.242210388183594,37.9900016784668,38.33000183105469,37.9900016784668,38.33000183105469,309
2024-05-15,35.5947265625,38.369998931884766,38.369998931884766,38.369998931884766,38.369998931884766,148
2024-05-16,35.5947265625,38.369998931884766,38.369998931884766,38.369998931884766,38.369998931884766,0
2024-05-17,35.7941780090332,38.584999084472656,38.584999084472656,38.584999084472656,38.584999084472656,167
2024-05-20,35.43702697753906,38.20000076293945,38.60089874267578,38.20000076293945,38.60089874267578,731
2024-05-21,35.43702697753906,38.20000076293945,38.20000076293945,38.20000076293945,38.20000076293945,0
2024-05-22,35.43702697753906,38.20000076293945,38.20000076293945,38.20000076293945,38.20000076293945,0
2024-05-23,35.43702697753906,38.20000076293945,38.20000076293945,38.20000076293945,38.20000076293945,0
2024-05-24,35.43702697753906,38.20000076293945,38.20000076293945,38.20000076293945,38.20000076293945,0
2024-05-28,34.42585372924805,37.11000061035156,37.11000061035156,37.11000061035156,37.11000061035156,284
2024-05-29,33.53529357910156,36.150001525878906,36.150001525878906,36.11000061035156,36.11000061035156,364
2024-05-30,33.8228759765625,36.459999084472656,36.459999084472656,36.459999084472656,36.459999084472656,216
2024-05-31,33.48890686035156,36.099998474121094,36.099998474121094,36.099998474121094,36.099998474121094,345
2024-06-03,33.51674270629883,36.130001068115234,36.130001068115234,36.130001068115234,36.130001068115234,137
2024-06-04,33.09928894042969,35.68000030517578,36.25,35.68000030517578,36.25,599
2024-06-05,33.09928894042969,35.68000030517578,35.68000030517578,35.68000030517578,35.68000030517578,0
2024-06-06,33.11784362792969,35.70000076293945,35.7599983215332,35.70000076293945,35.7599983215332,298
2024-06-07,33.11784362792969,35.70000076293945,35.70000076293945,35.70000076293945,35.70000076293945,0
2024-06-10,33.11784362792969,35.70000076293945,35.70000076293945,35.70000076293945,35.70000076293945,0
2024-06-11,33.11784362792969,35.70000076293945,35.70000076293945,35.70000076293945,35.70000076293945,0
2024-06-12,33.11784362792969,35.70000076293945,35.70000076293945,35.70000076293945,35.70000076293945,0
2024-06-13,38.164371490478516,41.13999938964844,43.2599983215332,36.70000076293945,36.70000076293945,8424
2024-06-14,36.83780288696289,39.709999084472656,39.709999084472656,39.1431999206543,39.1431999206543,856
2024-06-17,36.485382080078125,39.330101013183594,39.540000915527344,39.330101013183594,39.540000915527344,429
2024-06-18,36.373966217041016,39.209999084472656,39.209999084472656,39.209999084472656,39.209999084472656,191
2024-06-20,36.77287292480469,39.63999938964844,39.63999938964844,39.029998779296875,39.029998779296875,265
2024-06-21,36.77287292480469,39.63999938964844,39.63999938964844,39.63999938964844,39.63999938964844,0
2024-06-24,37.1903190612793,40.09000015258789,40.09000015258789,40.09000015258789,40.09000015258789,120
2024-06-25,37.64487838745117,40.58000183105469,40.58000183105469,40.58000183105469,40.58000183105469,167
2024-06-26,37.876792907714844,40.83000183105469,40.83000183105469,40.83000183105469,40.83000183105469,124
2024-06-27,37.97883224487305,40.939998626708984,40.939998626708984,40.939998626708984,40.939998626708984,143
2024-06-28,37.97883224487305,40.939998626708984,40.939998626708984,40.939998626708984,40.939998626708984,0
2024-07-01,37.97883224487305,40.939998626708984,40.939998626708984,40.939998626708984,40.939998626708984,0
2024-07-02,37.97883224487305,40.939998626708984,40.939998626708984,40.939998626708984,40.939998626708984,0
2024-07-03,37.97883224487305,40.939998626708984,40.939998626708984,40.939998626708984,40.939998626708984,0
2024-07-05,37.97883224487305,40.939998626708984,40.939998626708984,40.939998626708984,40.939998626708984,0
2024-07-08,41.35555648803711,44.58000183105469,44.58000183105469,44.540000915527344,44.540000915527344,595
2024-07-09,41.68516540527344,44.58000183105469,44.58000183105469,44.58000183105469,44.58000183105469,0
2024-07-10,41.9656867980957,44.880001068115234,44.880001068115234,44.880001068115234,44.880001068115234,400
2024-07-11,41.9656867980957,44.880001068115234,44.880001068115234,44.880001068115234,44.880001068115234,0
2024-07-12,41.9656867980957,44.880001068115234,44.880001068115234,44.880001068115234,44.880001068115234,0
2024-07-15,41.9656867980957,44.880001068115234,44.880001068115234,44.880001068115234,44.880001068115234,0
2024-07-16,44.56517028808594,47.65999984741211,47.65999984741211,47.65999984741211,47.65999984741211,468
2024-07-17,45.06074905395508,48.189998626708984,48.189998626708984,48.189998626708984,48.189998626708984,115
2024-07-18,45.06074905395508,48.189998626708984,48.189998626708984,48.189998626708984,48.189998626708984,0
2024-07-19,45.06074905395508,48.189998626708984,48.189998626708984,48.189998626708984,48.189998626708984,0
2024-07-22,45.06074905395508,48.189998626708984,48.189998626708984,48.189998626708984,48.189998626708984,0
2024-07-23,45.06074905395508,48.189998626708984,48.189998626708984,48.189998626708984,48.189998626708984,0
2024-07-24,45.06074905395508,48.189998626708984,48.189998626708984,48.189998626708984,48.189998626708984,0
2024-07-25,45.06074905395508,48.189998626708984,48.189998626708984,48.189998626708984,48.189998626708984,0
2024-07-26,45.06074905395508,48.189998626708984,48.189998626708984,48.189998626708984,48.189998626708984,0
2024-07-29,45.06074905395508,48.189998626708984,48.189998626708984,48.189998626708984,48.189998626708984,0
2024-07-30,45.06074905395508,48.189998626708984,48.189998626708984,48.189998626708984,48.189998626708984,0
2024-07-31,45.06074905395508,48.189998626708984,48.189998626708984,48.189998626708984,48.189998626708984,0
2024-08-01,44.92984390258789,48.04999923706055,48.04999923706055,48.04999923706055,48.04999923706055,188
2024-08-02,44.92984390258789,48.04999923706055,48.04999923706055,48.04999923706055,48.04999923706055,0
2024-08-05,42.077903747558594,45.0,45.0,45.0,45.0,214
2024-08-06,42.077903747558594,45.0,45.0,45.0,45.0,0
2024-08-07,42.077903747558594,45.0,45.0,45.0,45.0,0
2024-08-08,41.862831115722656,44.77000045776367,44.77000045776367,44.77000045776367,44.77000045776367,164
2024-08-09,42.12464904785156,45.04999923706055,45.04999923706055,44.900001525878906,44.900001525878906,290
2024-08-12,42.386470794677734,45.33000183105469,45.33000183105469,45.33000183105469,45.33000183105469,138
2024-08-13,42.386470794677734,45.33000183105469,45.33000183105469,45.33000183105469,45.33000183105469,0
2024-08-14,41.78801727294922,44.689998626708984,44.689998626708984,44.689998626708984,44.689998626708984,246
2024-08-15,42.77919387817383,45.75,45.75,44.77000045776367,44.77000045776367,373
2024-08-16,42.409847259521484,45.35499954223633,45.35499954223633,45.35499954223633,45.35499954223633,160
2024-08-19,42.78854751586914,45.7599983215332,46.099998474121094,45.7599983215332,46.099998474121094,329
2024-08-20,42.461273193359375,45.40999984741211,45.40999984741211,45.27000045776367,45.29999923706055,1236
2024-08-21,42.461273193359375,45.40999984741211,45.40999984741211,45.40999984741211,45.40999984741211,0
2024-08-22,43.059715270996094,46.04999923706055,46.04999923706055,46.04999923706055,46.04999923706055,116
2024-08-23,42.84464645385742,45.81999969482422,45.81999969482422,45.81999969482422,45.81999969482422,106
2024-08-26,44.11166000366211,47.17499923706055,47.17499923706055,47.17499923706055,47.17499923706055,113
2024-08-27,44.21919631958008,47.290000915527344,47.290000915527344,47.290000915527344,47.290000915527344,114
2024-08-28,43.73296356201172,46.77000045776367,47.369998931884766,46.77000045776367,47.369998931884766,345
2024-08-29,43.73296356201172,46.77000045776367,46.77000045776367,46.77000045776367,46.77000045776367,0
2024-08-30,43.73296356201172,46.77000045776367,46.77000045776367,46.77000045776367,46.77000045776367,0
2024-09-03,43.73296356201172,46.77000045776367,46.77000045776367,46.77000045776367,46.77000045776367,0
2024-09-04,44.49036407470703,47.58000183105469,47.58000183105469,47.58000183105469,47.58000183105469,262
2024-09-05,39.65607833862305,42.40999984741211,48.58000183105469,42.40999984741211,48.58000183105469,851
2024-09-06,39.65607833862305,42.40999984741211,42.40999984741211,42.40999984741211,42.40999984741211,0
2024-09-09,39.852439880371094,42.619998931884766,42.619998931884766,42.619998931884766,42.619998931884766,443
2024-09-10,40.15166091918945,42.939998626708984,42.939998626708984,42.939998626708984,42.939998626708984,169
2024-09-11,39.93659591674805,42.709999084472656,42.709999084472656,42.709999084472656,42.709999084472656,353
2024-09-12,39.91789627075195,42.689998626708984,42.689998626708984,42.689998626708984,42.689998626708984,114
2024-09-13,43.246726989746094,46.25,46.25,44.29999923706055,44.29999923706055,720
2024-09-16,43.38698959350586,46.400001525878906,46.400001525878906,46.400001525878906,46.400001525878906,140
2024-09-17,43.536598205566406,46.560001373291016,46.560001373291016,46.560001373291016,46.560001373291016,259
2024-09-18,43.536598205566406,46.560001373291016,46.560001373291016,46.560001373291016,46.560001373291016,0
2024-09-19,43.714263916015625,46.75,46.75,46.75,46.75,245
2024-09-20,43.72360610961914,46.7599983215332,46.7599983215332,46.349998474121094,46.349998474121094,689
2024-09-23,43.72360610961914,46.7599983215332,46.7599983215332,46.7599983215332,46.7599983215332,0
2024-09-24,43.72360610961914,46.7599983215332,46.7599983215332,46.7599983215332,46.7599983215332,0
2024-09-25,43.72360610961914,46.7599983215332,46.7599983215332,46.7599983215332,46.7599983215332,0
2024-09-26,43.49919128417969,46.52000045776367,46.52000045776367,46.52000045776367,46.52000045776367,370
2024-09-27,44.82231521606445,47.935001373291016,47.935001373291016,47.935001373291016,47.935001373291016,310
2024-09-30,45.16360855102539,48.29999923706055,48.400001525878906,48.2599983215332,48.2599983215332,586
2024-10-01,45.303871154785156,48.45000076293945,48.45000076293945,48.439998626708984,48.439998626708984,257
2024-10-02,45.303871154785156,48.45000076293945,48.45000076293945,48.45000076293945,48.45000076293945,0
2024-10-03,46.276336669921875,49.4900016784668,49.95000076293945,49.130001068115234,49.130001068115234,3625
2024-10-04,46.276336669921875,49.4900016784668,49.4900016784668,49.4900016784668,49.4900016784668,0
2024-10-07,47.03374099731445,50.29999923706055,50.45000076293945,50.1349983215332,50.45000076293945,677
2024-10-08,47.36567306518555,50.29999923706055,50.29999923706055,50.29999923706055,50.29999923706055,0
2024-10-09,46.35809326171875,49.22999954223633,49.22999954223633,49.13999938964844,49.13999938964844,282
2024-10-10,46.46167755126953,49.34000015258789,49.34000015258789,48.90999984741211,48.90999984741211,236
2024-10-11,46.62166213989258,49.5098991394043,49.5099983215332,49.5098991394043,49.5099983215332,457
2024-10-14,46.86659240722656,49.77000045776367,49.77000045776367,49.77000045776367,49.77000045776367,231
2024-10-15,47.111427307128906,50.029998779296875,50.029998779296875,50.029998779296875,50.029998779296875,254
2024-10-16,47.111427307128906,50.029998779296875,50.029998779296875,50.029998779296875,50.029998779296875,0
2024-10-17,47.911842346191406,50.880001068115234,50.880001068115234,50.880001068115234,50.880001068115234,235
2024-10-18,47.27151107788086,50.20000076293945,50.20000076293945,50.189998626708984,50.189998626708984,253
2024-10-21,47.27151107788086,50.20000076293945,50.20000076293945,50.20000076293945,50.20000076293945,0
2024-10-22,47.27151107788086,50.20000076293945,50.20000076293945,50.20000076293945,50.20000076293945,0
2024-10-23,46.21684265136719,49.08000183105469,49.08000183105469,49.08000183105469,49.08000183105469,231
2024-10-24,46.37692642211914,49.25,49.25,49.2400016784668,49.2400016784668,242
2024-10-25,46.395755767822266,49.27000045776367,49.27000045776367,49.2400016784668,49.2400016784668,339
2024-10-28,46.73476028442383,49.630001068115234,49.630001068115234,49.630001068115234,49.630001068115234,121
2024-10-29,46.41460037231445,49.290000915527344,49.290000915527344,49.290000915527344,49.290000915527344,333
2024-10-30,46.1980094909668,49.060001373291016,49.060001373291016,49.060001373291016,49.060001373291016,266
2024-10-31,46.1980094909668,49.060001373291016,49.060001373291016,49.060001373291016,49.060001373291016,0
2024-11-01,46.876007080078125,49.779998779296875,49.779998779296875,49.38999938964844,49.38999938964844,371
2024-11-04,46.42401123046875,49.29999923706055,49.91999816894531,49.29999923706055,49.91999816894531,416
2024-11-05,46.55583953857422,49.439998626708984,49.439998626708984,49.439998626708984,49.439998626708984,154
2024-11-06,46.55583953857422,49.439998626708984,49.439998626708984,49.439998626708984,49.439998626708984,0
2024-11-07,49.08891677856445,52.130001068115234,52.29290008544922,52.130001068115234,52.29290008544922,724
2024-11-08,48.90058135986328,51.93000030517578,51.93000030517578,51.93000030517578,51.93000030517578,128
2024-11-11,48.90058135986328,51.93000030517578,51.93000030517578,51.93000030517578,51.93000030517578,0
2024-11-12,48.90058135986328,51.93000030517578,51.93000030517578,51.93000030517578,51.93000030517578,0
2024-11-13,48.90058135986328,51.93000030517578,51.93000030517578,51.93000030517578,51.93000030517578,0
2024-11-14,48.90058135986328,51.93000030517578,51.93000030517578,51.93000030517578,51.93000030517578,0
2024-11-15,48.90058135986328,51.93000030517578,51.93000030517578,51.93000030517578,51.93000030517578,0
2024-11-18,48.90058135986328,51.93000030517578,51.93000030517578,51.93000030517578,51.93000030517578,0
2024-11-19,48.90058135986328,51.93000030517578,51.93000030517578,51.93000030517578,51.93000030517578,0
2024-11-20,48.90058135986328,51.93000030517578,51.93000030517578,51.93000030517578,51.93000030517578,0
2024-11-21,48.90058135986328,51.93000030517578,51.93000030517578,51.93000030517578,51.93000030517578,0
2024-11-22,48.90058135986328,51.93000030517578,51.93000030517578,51.93000030517578,51.93000030517578,0
2024-11-25,49.81400680541992,52.900001525878906,52.900001525878906,52.900001525878906,52.900001525878906,247
2024-11-26,49.81400680541992,52.900001525878906,52.900001525878906,52.900001525878906,52.900001525878906,0
2024-11-27,49.81400680541992,52.900001525878906,52.900001525878906,52.900001525878906,52.900001525878906,0
2024-11-29,49.81400680541992,52.900001525878906,52.900001525878906,52.900001525878906,52.900001525878906,0
2024-12-02,49.81400680541992,52.900001525878906,52.900001525878906,52.900001525878906,52.900001525878906,0
2024-12-03,47.98716735839844,50.959999084472656,51.7599983215332,50.959999084472656,50.959999084472656,371
2024-12-04,46.64162826538086,49.53110122680664,50.2599983215332,49.53110122680664,50.2599983215332,322
2024-12-05,43.36360549926758,46.04999923706055,46.04999923706055,46.04999923706055,46.04999923706055,196
2024-12-06,43.104644775390625,45.775001525878906,45.90999984741211,45.775001525878906,45.90999984741211,424
2024-12-09,43.104644775390625,45.775001525878906,45.775001525878906,45.775001525878906,45.775001525878906,0
2024-12-10,43.104644775390625,45.775001525878906,45.775001525878906,45.775001525878906,45.775001525878906,0
2024-12-11,44.03218460083008,46.7599983215332,46.7599983215332,46.75,46.7599983215332,741
2024-12-12,44.03218460083008,46.7599983215332,46.7599983215332,46.7599983215332,46.7599983215332,0
2024-12-13,44.03218460083008,46.7599983215332,46.7599983215332,46.7599983215332,46.7599983215332,0
2024-12-16,44.03218460083008,46.7599983215332,46.7599983215332,46.7599983215332,46.7599983215332,0
2024-12-17,42.7303352355957,45.377498626708984,45.810001373291016,45.290000915527344,45.810001373291016,743
2024-12-18,41.7251091003418,44.310001373291016,44.54999923706055,44.310001373291016,44.529998779296875,465
2024-12-19,41.7251091003418,44.310001373291016,44.310001373291016,44.310001373291016,44.310001373291016,0
2024-12-20,41.7251091003418,44.310001373291016,44.310001373291016,44.310001373291016,44.310001373291016,0
2024-12-23,41.7251091003418,44.310001373291016,44.310001373291016,44.310001373291016,44.310001373291016,0
2024-12-24,41.7251091003418,44.310001373291016,44.310001373291016,44.310001373291016,44.310001373291016,0
2024-12-26,42.05971145629883,44.310001373291016,44.310001373291016,44.310001373291016,44.310001373291016,0
2024-12-27,41.82240676879883,44.060001373291016,44.060001373291016,44.060001373291016,44.060001373291016,351
2024-12-30,41.82240676879883,44.060001373291016,44.060001373291016,44.060001373291016,44.060001373291016,0
2024-12-31,41.82240676879883,44.060001373291016,44.060001373291016,44.060001373291016,44.060001373291016,0
2025-01-02,41.82240676879883,44.060001373291016,44.060001373291016,44.060001373291016,44.060001373291016,0
2025-01-03,40.15178298950195,42.29999923706055,42.29999923706055,42.29999923706055,42.29999923706055,293
2025-01-06,40.15178298950195,42.29999923706055,42.29999923706055,42.29999923706055,42.29999923706055,0
2025-01-07,40.15178298950195,42.29999923706055,42.29999923706055,42.29999923706055,42.29999923706055,0
2025-01-08,39.667686462402344,41.790000915527344,42.279998779296875,41.790000915527344,42.279998779296875,287
2025-01-10,39.81956100463867,41.95000076293945,41.95000076293945,41.939998626708984,41.939998626708984,363
2025-01-13,39.496829986572266,41.61000061035156,41.900001525878906,41.61000061035156,41.900001525878906,919
2025-01-14,40.10432434082031,42.25,42.290000915527344,41.75,41.75,1088
2025-01-15,40.86369705200195,43.04999923706055,43.04999923706055,43.04999923706055,43.04999923706055,397
2025-01-16,40.86369705200195,43.04999923706055,43.04999923706055,43.04999923706055,43.04999923706055,0
2025-01-17,41.480682373046875,43.70000076293945,43.70000076293945,43.70000076293945,43.70000076293945,129
2025-01-21,41.480682373046875,43.70000076293945,43.70000076293945,43.70000076293945,43.70000076293945,0
2025-01-22,41.5945930480957,43.81999969482422,43.81999969482422,43.77000045776367,43.81999969482422,654
2025-01-23,41.5945930480957,43.81999969482422,43.81999969482422,43.81999969482422,43.81999969482422,0
2025-01-24,41.5945930480957,43.81999969482422,43.81999969482422,43.81999969482422,43.81999969482422,0
2025-01-27,41.5945930480957,43.81999969482422,43.81999969482422,43.81999969482422,43.81999969482422,0
2025-01-28,41.5945930480957,43.81999969482422,43.81999969482422,43.81999969482422,43.81999969482422,0
2025-01-29,39.411399841308594,41.52000045776367,41.52000045776367,41.040000915527344,41.5,878
2025-01-30,39.411399841308594,41.52000045776367,41.52000045776367,41.52000045776367,41.52000045776367,0
2025-01-31,39.411399841308594,41.52000045776367,41.52000045776367,41.52000045776367,41.52000045776367,0
2025-02-03,37.87367248535156,39.900001525878906,41.18000030517578,39.900001525878906,41.18000030517578,446
2025-02-04,39.69615936279297,41.81999969482422,41.81999969482422,41.81999969482422,41.81999969482422,567
2025-02-05,39.69615936279297,41.81999969482422,41.81999969482422,41.81999969482422,41.81999969482422,0
2025-02-06,39.15510559082031,41.25,41.900001525878906,41.25,41.900001525878906,1383
2025-02-07,38.35776901245117,40.40999984741211,40.40999984741211,40.40999984741211,40.40999984741211,383
2025-02-10,38.35776901245117,40.40999984741211,40.40999984741211,40.40999984741211,40.40999984741211,0
2025-02-11,38.35776901245117,40.40999984741211,40.40999984741211,40.40999984741211,40.40999984741211,0
2025-02-12,37.87367248535156,39.900001525878906,39.900001525878906,39.88999938964844,39.88999938964844,318
2025-02-13,38.26285171508789,40.310001373291016,40.310001373291016,39.90999984741211,39.90999984741211,343
2025-02-14,38.26285171508789,40.310001373291016,40.310001373291016,40.310001373291016,40.310001373291016,0
2025-02-18,37.96859359741211,40.0,40.5099983215332,40.0,40.349998474121094,548
2025-02-19,37.96859359741211,40.0,40.0,40.0,40.0,0
2025-02-20,37.96859359741211,40.0,40.0,40.0,40.0,0
2025-02-21,37.96859359741211,40.0,40.0,40.0,40.0,0
2025-02-24,37.96859359741211,40.0,40.0,39.56999969482422,39.56999969482422,237
2025-02-25,37.96859359741211,40.0,40.0,40.0,40.0,0
2025-02-26,37.019378662109375,39.0,39.0,38.63999938964844,38.810001373291016,8272
2025-02-27,37.019378662109375,39.0,39.0,39.0,39.0,0
2025-02-28,37.019378662109375,39.0,39.0,39.0,39.0,251
2025-03-03,37.019378662109375,39.0,39.0,39.0,39.0,0
2025-03-04,35.45317077636719,37.349998474121094,37.40650177001953,37.349998474121094,37.40650177001953,702
2025-03-05,35.45317077636719,37.349998474121094,37.349998474121094,37.349998474121094,37.349998474121094,0
2025-03-06,35.45317077636719,37.349998474121094,37.349998474121094,37.349998474121094,37.349998474121094,0
2025-03-07,35.45317077636719,37.349998474121094,37.349998474121094,37.349998474121094,37.349998474121094,0
2025-03-10,43.97712326049805,46.33000183105469,46.79999923706055,45.650001525878906,45.650001525878906,3419
2025-03-11,44.43274688720703,46.810001373291016,46.810001373291016,45.900001525878906,46.66999816894531,729
2025-03-12,42.762691497802734,45.05059814453125,46.59000015258789,44.95000076293945,46.59000015258789,565
2025-03-13,41.76545333862305,44.0,44.0,44.0,44.0,299
2025-03-14,41.76545333862305,44.0,44.0,44.0,44.0,0
2025-03-17,41.76545333862305,44.0,44.0,44.0,44.0,0
2025-03-18,41.76545333862305,44.0,44.0,44.0,44.0,0
2025-03-19,41.76545333862305,44.0,44.0,44.0,44.0,0
2025-03-20,41.76545333862305,44.0,44.0,44.0,44.0,0
2025-03-21,42.38243865966797,44.650001525878906,44.650001525878906,44.099998474121094,44.099998474121094,3817
2025-03-24,42.524818420410156,44.79999923706055,44.92499923706055,43.9900016784668,44.08000183105469,4161
2025-03-25,42.524818420410156,44.79999923706055,44.79999923706055,44.79999923706055,44.79999923706055,644
2025-03-26,42.524818420410156,44.79999923706055,44.79999923706055,44.79999923706055,44.79999923706055,0
2025-03-27,42.524818420410156,44.79999923706055,44.79999923706055,44.79999923706055,44.79999923706055,0
2025-03-28,42.524818420410156,44.79999923706055,44.79999923706055,44.79999923706055,44.79999923706055,0
2025-03-31,42.524818420410156,44.79999923706055,44.79999923706055,44.79999923706055,44.79999923706055,0
2025-04-01,42.524818420410156,44.79999923706055,44.79999923706055,44.79999923706055,44.79999923706055,0
2025-04-02,42.57228469848633,44.849998474121094,44.849998474121094,44.7599983215332,44.7599983215332,530
2025-04-03,42.05021286010742,44.29999923706055,45.15999984741211,44.29999923706055,45.15999984741211,797
2025-04-04,40.12330627441406,42.27000045776367,44.11000061035156,42.27000045776367,44.11000061035156,377
2025-04-07,40.12330627441406,42.27000045776367,42.27000045776367,42.27000045776367,42.27000045776367,0
2025-04-08,40.460723876953125,42.27000045776367,42.27000045776367,42.27000045776367,42.27000045776367,0
2025-04-09,40.230995178222656,42.029998779296875,42.029998779296875,39.540000915527344,39.95000076293945,12164
2025-04-10,40.230995178222656,42.029998779296875,42.029998779296875,42.029998779296875,42.029998779296875,0
2025-04-11,40.230995178222656,42.029998779296875,42.029998779296875,42.029998779296875,42.029998779296875,0
2025-04-14,40.85316848754883,42.68000030517578,42.75,42.68000030517578,42.75,722
2025-04-15,40.85316848754883,42.68000030517578,42.68000030517578,42.68000030517578,42.68000030517578,0
2025-04-16,41.15947723388672,43.0,43.040000915527344,43.0,43.040000915527344,321
2025-04-17,41.15947723388672,43.0,43.0,43.0,43.0,0
2025-04-21,41.15947723388672,43.0,43.0,43.0,43.0,0
2025-04-22,41.15947723388672,43.0,43.0,43.0,43.0,0
2025-04-23,41.15947723388672,43.0,43.0,43.0,43.0,0
2025-04-24,41.15947723388672,43.0,43.0,43.0,43.0,0
2025-04-25,41.15947723388672,43.0,43.0,43.0,43.0,0
2025-04-28,41.15947723388672,43.0,43.0,43.0,43.0,0
2025-04-29,41.15947723388672,43.0,43.0,43.0,43.0,0
2025-04-30,41.590213775634766,43.45000076293945,43.45000076293945,43.45000076293945,43.45000076293945,242
2025-05-01,41.590213775634766,43.45000076293945,43.45000076293945,43.45000076293945,43.45000076293945,0
2025-05-02,42.116668701171875,44.0,44.150001525878906,44.0,44.150001525878906,2177
2025-05-05,42.116668701171875,44.0,44.0,44.0,44.0,0
2025-05-06,42.116668701171875,44.0,44.0,44.0,44.0,0
2025-05-07,42.116668701171875,44.0,44.0,44.0,44.0,0
2025-05-08,42.116668701171875,44.0,44.0,44.0,44.0,0
2025-05-09,42.116668701171875,44.0,44.0,44.0,44.0,0
2025-05-12,42.116668701171875,44.0,44.0,44.0,44.0,0
2025-05-13,42.116668701171875,44.0,44.0,44.0,44.0,0
2025-05-14,42.116668701171875,44.0,44.0,44.0,44.0,0
2025-05-15,42.116668701171875,44.0,44.0,44.0,44.0,0
2025-05-16,41.40834426879883,43.2599983215332,43.2599983215332,43.2599983215332,43.2599983215332,242
2025-05-19,41.40834426879883,43.2599983215332,43.2599983215332,43.2599983215332,43.2599983215332,0
2025-05-20,41.40834426879883,43.2599983215332,43.2599983215332,43.2599983215332,43.2599983215332,0
2025-05-21,41.40834426879883,43.2599983215332,43.2599983215332,43.2599983215332,43.2599983215332,0
2025-05-22,41.40834426879883,43.2599983215332,43.2599983215332,43.2599983215332,43.2599983215332,0
2025-05-23,41.40834426879883,43.2599983215332,43.2599983215332,43.2599983215332,43.2599983215332,0
2025-05-27,41.40834426879883,43.2599983215332,43.2599983215332,43.2599983215332,43.2599983215332,0
2025-05-28,41.40834426879883,43.2599983215332,43.2599983215332,43.2599983215332,43.2599983215332,0
2025-05-29,41.40834426879883,43.2599983215332,43.2599983215332,43.2599983215332,43.2599983215332,0
2025-05-30,37.847572326660156,39.540000915527344,39.540000915527344,39.540000915527344,39.540000915527344,105
2025-06-02,36.89994430541992,38.54999923706055,39.779998779296875,38.54999923706055,39.779998779296875,729
2025-06-03,36.89994430541992,38.54999923706055,38.54999923706055,38.54999923706055,38.54999923706055,0
2025-06-04,36.89994430541992,38.54999923706055,38.54999923706055,38.54999923706055,38.54999923706055,0
2025-06-05,36.89994430541992,38.54999923706055,38.54999923706055,38.54999923706055,38.54999923706055,0
2025-06-06,36.95737838745117,38.61000061035156,38.61000061035156,38.13999938964844,38.13999938964844,433
2025-06-09,36.95737838745117,38.61000061035156,38.61000061035156,38.61000061035156,38.61000061035156,0
2025-06-10,37.464691162109375,39.13999938964844,39.5,39.130001068115234,39.5,3107
2025-06-11,37.053096771240234,38.709999084472656,38.709999084472656,38.709999084472656,38.709999084472656,145
2025-06-12,37.053096771240234,38.709999084472656,38.709999084472656,38.709999084472656,38.709999084472656,0
2025-06-13,37.053096771240234,38.709999084472656,38.709999084472656,38.709999084472656,38.709999084472656,0
2025-06-16,35.671669006347656,37.26679992675781,38.47999954223633,37.26679992675781,38.47999954223633,788
2025-06-17,38.527183532714844,40.25,41.48500061035156,38.37419891357422,39.54999923706055,2052
2025-06-18,38.527183532714844,40.25,40.25,40.25,40.25,0
2025-06-20,43.46631622314453,45.40999984741211,45.40999984741211,42.16999816894531,42.18000030517578,23605
2025-06-23,42.13581466674805,44.02000045776367,44.61000061035156,44.02000045776367,44.33000183105469,1861
2025-06-24,41.74336624145508,43.61000061035156,45.04999923706055,43.61000061035156,45.04999923706055,778
2025-06-25,41.74336624145508,43.61000061035156,43.61000061035156,43.61000061035156,43.61000061035156,0
2025-06-26,41.74336624145508,43.61000061035156,43.61000061035156,43.61000061035156,43.61000061035156,0
2025-06-27,43.46631622314453,45.40999984741211,45.40999984741211,45.40999984741211,45.40999984741211,473
2025-06-30,43.20787811279297,45.13999938964844,45.15999984741211,44.650001525878906,44.650001525878906,725
2025-07-01,43.20787811279297,45.13999938964844,45.13999938964844,45.13999938964844,45.13999938964844,0
2025-07-02,42.26981735229492,44.15999984741211,44.15999984741211,44.15999984741211,44.15999984741211,432
2025-07-03,42.26981735229492,44.15999984741211,44.15999984741211,44.15999984741211,44.15999984741211,0
2025-07-07,42.26981735229492,44.15999984741211,44.15999984741211,44.15999984741211,44.15999984741211,0
2025-07-08,40.98161315917969,42.470001220703125,42.470001220703125,42.470001220703125,42.470001220703125,508
2025-07-09,40.98161315917969,42.470001220703125,42.470001220703125,42.470001220703125,42.470001220703125,0
2025-07-10,40.98161315917969,42.470001220703125,42.470001220703125,42.470001220703125,42.470001220703125,0
2025-07-11,40.98161315917969,42.470001220703125,42.470001220703125,42.470001220703125,42.470001220703125,0
2025-07-14,40.98161315917969,42.470001220703125,42.470001220703125,42.470001220703125,42.470001220703125,0
2025-07-15,41.203548431396484,42.70000076293945,42.70009994506836,42.70000076293945,42.70009994506836,360
2025-07-16,41.203548431396484,42.70000076293945,42.70000076293945,42.70000076293945,42.70000076293945,0
2025-07-17,41.203548431396484,42.70000076293945,42.70000076293945,42.70000076293945,42.70000076293945,0
2025-07-18,41.203548431396484,42.70000076293945,42.70000076293945,42.70000076293945,42.70000076293945,0
2025-07-21,41.203548431396484,42.70000076293945,42.70000076293945,42.70000076293945,42.70000076293945,0
2025-07-22,39.86226272583008,41.310001373291016,41.310001373291016,41.29999923706055,41.29999923706055,417
2025-07-23,39.86226272583008,41.310001373291016,41.310001373291016,41.310001373291016,41.310001373291016,0
2025-07-24,38.10604476928711,39.4900016784668,39.4900016784668,39.4900016784668,39.4900016784668,437
2025-07-25,38.10604476928711,39.4900016784668,39.4900016784668,39.4900016784668,39.4900016784668,0
2025-07-28,38.10604476928711,39.4900016784668,39.4900016784668,39.4900016784668,39.4900016784668,0
2025-07-29,38.10604476928711,39.4900016784668,39.4900016784668,39.4900016784668,39.4900016784668,0
2025-07-30,38.10604476928711,39.4900016784668,39.4900016784668,39.4900016784668,39.4900016784668,0
2025-07-31,38.10604476928711,39.4900016784668,39.4900016784668,39.4900016784668,39.4900016784668,0
2025-08-01,38.10604476928711,39.4900016784668,39.4900016784668,39.4900016784668,39.4900016784668,0
2025-08-04,38.10604476928711,39.4900016784668,39.4900016784668,39.4900016784668,39.4900016784668,0
2025-08-05,38.10604476928711,39.4900016784668,39.4900016784668,39.4900016784668,39.4900016784668,0
2025-08-06,38.10604476928711,39.4900016784668,39.4900016784668,39.4900016784668,39.4900016784668,0
2025-08-07,38.10604476928711,39.4900016784668,39.4900016784668,39.4900016784668,39.4900016784668,0
2025-08-08,38.10604476928711,39.4900016784668,39.4900016784668,39.4900016784668,39.4900016784668,0
2025-08-11,38.10604476928711,39.4900016784668,39.4900016784668,39.4900016784668,39.4900016784668,0
2025-08-12,38.10604476928711,39.4900016784668,39.4900016784668,39.4900016784668,39.4900016784668,0
2025-08-13,38.5402717590332,39.939998626708984,39.939998626708984,39.939998626708984,39.939998626708984,281
2025-08-14,38.5402717590332,39.939998626708984,39.939998626708984,39.939998626708984,39.939998626708984,0
2025-08-15,38.5402717590332,39.939998626708984,39.939998626708984,39.939998626708984,39.939998626708984,0
2025-08-18,38.5402717590332,39.939998626708984,39.939998626708984,39.939998626708984,39.939998626708984,0
2025-08-19,38.5402717590332,39.939998626708984,39.939998626708984,39.939998626708984,39.939998626708984,0
2025-08-20,38.395626068115234,39.79010009765625,39.900001525878906,39.630001068115234,39.900001525878906,2180
2025-08-21,38.395626068115234,39.79010009765625,39.79010009765625,39.79010009765625,39.79010009765625,0
2025-08-22,38.395626068115234,39.79010009765625,39.79010009765625,39.79010009765625,39.79010009765625,0
2025-08-25,38.395626068115234,39.79010009765625,39.79010009765625,39.79010009765625,39.79010009765625,0
2025-08-26,38.395626068115234,39.79010009765625,39.79010009765625,39.79010009765625,39.79010009765625,0
2025-08-27,38.45342254638672,39.849998474121094,39.849998474121094,39.849998474121094,39.849998474121094,231
2025-08-28,38.45342254638672,39.849998474121094,39.849998474121094,39.849998474121094,39.849998474121094,0
2025-08-29,38.45342254638672,39.849998474121094,39.849998474121094,39.849998474121094,39.849998474121094,0
2025-09-02,38.45342254638672,39.849998474121094,39.849998474121094,39.849998474121094,39.849998474121094,0
2025-09-03,38.45342254638672,39.849998474121094,39.849998474121094,39.849998474121094,39.849998474121094,0
2025-09-04,38.45342254638672,39.849998474121094,39.849998474121094,39.849998474121094,39.849998474121094,0
2025-09-05,38.45342254638672,39.849998474121094,39.849998474121094,39.849998474121094,39.849998474121094,0
2025-09-08,38.45342254638672,39.849998474121094,39.849998474121094,39.849998474121094,39.849998474121094,0
2025-09-09,38.45342254638672,39.849998474121094,39.849998474121094,39.849998474121094,39.849998474121094,0
2025-09-10,41.020206451416016,42.5099983215332,42.540000915527344,42.5099983215332,42.540000915527344,578
2025-09-11,41.020206451416016,42.5099983215332,42.5099983215332,42.5099983215332,42.5099983215332,0
2025-09-12,39.65962219238281,41.099998474121094,41.099998474121094,41.099998474121094,41.099998474121094,364
2025-09-15,39.65962219238281,41.099998474121094,41.099998474121094,41.099998474121094,41.099998474121094,0
2025-09-16,39.65962219238281,41.099998474121094,41.099998474121094,41.099998474121094,41.099998474121094,0
2025-09-17,40.63422393798828,42.11000061035156,42.22999954223633,42.11000061035156,42.22999954223633,9998
2025-09-18,40.63422393798828,42.11000061035156,42.11000061035156,42.11000061035156,42.11000061035156,0
2025-09-19,39.38943099975586,40.81999969482422,40.81999969482422,40.77000045776367,40.77000045776367,2212
2025-09-22,39.38943099975586,40.81999969482422,40.81999969482422,40.81999969482422,40.81999969482422,0
2025-09-23,38.87800979614258,40.290000915527344,40.59000015258789,40.290000915527344,40.59000015258789,1827
2025-09-24,38.87800979614258,40.290000915527344,40.290000915527344,40.290000915527344,40.290000915527344,0
2025-09-25,38.61747360229492,40.02000045776367,40.02000045776367,40.02000045776367,40.02000045776367,348
2025-09-26,38.61747360229492,40.02000045776367,40.02000045776367,40.02000045776367,40.02000045776367,0
2025-09-29,38.61747360229492,40.02000045776367,40.02000045776367,40.02000045776367,40.02000045776367,0
2025-09-30,38.61747360229492,40.02000045776367,40.02000045776367,40.02000045776367,40.02000045776367,0
2025-10-01,38.61747360229492,40.02000045776367,40.02000045776367,40.02000045776367,40.02000045776367,0
2025-10-02,38.61747360229492,40.02000045776367,40.02000045776367,40.02000045776367,40.02000045776367,0
2025-10-03,38.61747360229492,40.02000045776367,40.02000045776367,40.02000045776367,40.02000045776367,0
2025-10-06,38.61747360229492,40.02000045776367,40.02000045776367,40.02000045776367,40.02000045776367,0
2025-10-07,38.963096618652344,40.02000045776367,40.02000045776367,40.02000045776367,40.02000045776367,0
2025-10-08,38.963096618652344,40.02000045776367,40.02000045776367,40.02000045776367,40.02000045776367,0
2025-10-09,35.24397659301758,36.20000076293945,36.869998931884766,36.20000076293945,36.7599983215332,1518
2025-10-10,35.682098388671875,36.650001525878906,36.650001525878906,36.560001373291016,36.560001373291016,1061
2025-10-13,35.57499694824219,36.540000915527344,36.779998779296875,36.540000915527344,36.779998779296875,424
2025-10-14,35.691829681396484,36.65999984741211,36.65999984741211,36.650001525878906,36.650001525878906,877
2025-10-15,36.99644470214844,38.0,38.0,38.0,38.0,627
2025-10-16,36.37334060668945,37.36000061035156,37.369998931884766,37.36000061035156,37.369998931884766,466
2025-10-17,35.97417068481445,36.95000076293945,36.95000076293945,36.95000076293945,36.95000076293945,131
2025-10-20,35.935325622558594,36.910099029541016,36.93000030517578,36.79999923706055,36.93000030517578,2407
2025-10-21,36.538848876953125,37.529998779296875,37.529998779296875,37.529998779296875,37.529998779296875,567
2025-10-22,36.538848876953125,37.529998779296875,37.529998779296875,37.529998779296875,37.529998779296875,0
2025-10-23,36.07162857055664,37.05009841918945,37.54999923706055,37.04999923706055,37.4900016784668,2038
2025-10-24,36.07162857055664,37.05009841918945,37.05009841918945,37.05009841918945,37.05009841918945,0
2025-10-27,36.07162857055664,37.05009841918945,37.05009841918945,37.05009841918945,37.05009841918945,0
2025-10-28,36.188358306884766,37.16999816894531,37.25,37.029998779296875,37.11000061035156,864
2025-10-29,37.142478942871094,38.150001525878906,38.25,38.150001525878906,38.25,285
2025-10-30,37.142478942871094,38.150001525878906,38.150001525878906,38.150001525878906,38.150001525878906,0
2025-10-31,37.142478942871094,38.150001525878906,38.150001525878906,38.150001525878906,38.150001525878906,0
2025-11-03,35.97417068481445,36.95000076293945,36.95000076293945,36.95000076293945,36.95000076293945,378
2025-11-04,35.97417068481445,36.95000076293945,36.95000076293945,36.95000076293945,36.95000076293945,0
2025-11-05,35.97417068481445,36.95000076293945,36.95000076293945,36.95000076293945,36.95000076293945,0
2025-11-06,36.72383499145508,37.720001220703125,38.25,37.720001220703125,38.25,1310
2025-11-07,35.79892349243164,36.77000045776367,36.91999816894531,36.77000045776367,36.91999816894531,435
2025-11-10,35.97417068481445,36.95000076293945,36.95000076293945,36.95000076293945,36.95000076293945,470
2025-11-11,35.97417068481445,36.95000076293945,36.95000076293945,36.95000076293945,36.95000076293945,1177
2025-11-12,35.97417068481445,36.95000076293945,36.95000076293945,36.95000076293945,36.95000076293945,0
2025-11-13,35.97417068481445,36.95000076293945,36.95000076293945,36.95000076293945,36.95000076293945,0
2025-11-14,34.698768615722656,35.63999938964844,35.88999938964844,35.63999938964844,35.88999938964844,1637
2025-11-17,34.698768615722656,35.63999938964844,35.63999938964844,35.63999938964844,35.63999938964844,0
2025-11-18,32.52766036987305,33.40999984741211,35.09000015258789,33.40999984741211,35.09000015258789,1421
2025-11-19,32.52766036987305,33.40999984741211,33.40999984741211,33.40999984741211,33.40999984741211,0
2025-11-20,32.52766036987305,33.40999984741211,33.40999984741211,33.40999984741211,33.40999984741211,0
2025-11-21,32.52766036987305,33.40999984741211,33.40999984741211,33.40999984741211,33.40999984741211,0
2025-11-24,32.52766036987305,33.40999984741211,33.40999984741211,33.40999984741211,33.40999984741211,0
2025-11-25,35.15635299682617,36.11000061035156,36.275001525878906,35.63999938964844,35.63999938964844,647
2025-11-26,35.48737335205078,36.45000076293945,36.540000915527344,35.86000061035156,36.540000915527344,4695
2025-11-28,35.04926300048828,36.0,36.54999923706055,35.95000076293945,36.0,541
2025-12-01,35.35107421875,36.310001373291016,36.310001373291016,36.310001373291016,36.310001373291016,283
2025-12-02,35.35107421875,36.310001373291016,36.310001373291016,36.310001373291016,36.310001373291016,0
2025-12-03,35.35107421875,36.310001373291016,36.310001373291016,36.310001373291016,36.310001373291016,0
2025-12-04,35.759979248046875,36.72999954223633,39.0,34.58000183105469,39.0,1181
2025-12-05,31.466445922851562,32.31999969482422,33.86000061035156,32.31999969482422,33.72999954223633,3460
2025-12-08,30.414968490600586,31.239999771118164,33.0,31.139999389648438,33.0,2631
2025-12-09,29.908700942993164,30.719999313354492,31.100000381469727,30.100000381469727,30.100000381469727,2088
2025-12-10,31.641691207885742,32.5,32.5,31.3799991607666,31.3799991607666,3218
2025-12-11,30.580480575561523,31.40999984741211,31.6299991607666,31.40999984741211,31.6299991607666,647
2025-12-12,29.811344146728516,30.6200008392334,30.624900817871094,30.6200008392334,30.624900817871094,711
2025-12-15,29.811344146728516,30.6200008392334,30.6200008392334,30.469999313354492,30.469999313354492,433
2025-12-16,29.94764518737793,30.760000228881836,30.760000228881836,30.760000228881836,30.760000228881836,208
2025-12-17,29.94764518737793,30.760000228881836,30.760000228881836,30.760000228881836,30.760000228881836,0
2025-12-18,29.92817497253418,30.739999771118164,30.739999771118164,30.5,30.5,265
2025-12-19,33.832271575927734,34.75,34.75,30.59000015258789,30.59000015258789,20514
2025-12-22,32.14796447753906,33.02000045776367,34.0,32.5,34.0,5374
2025-12-23,32.14796447753906,33.02000045776367,33.02000045776367,33.02000045776367,33.02000045776367,0
2025-12-24,32.14796447753906,33.02000045776367,33.02000045776367,33.02000045776367,33.02000045776367,0
2025-12-26,32.14796447753906,33.02000045776367,33.02000045776367,33.02000045776367,33.02000045776367,0
2025-12-29,31.885089874267578,32.75,32.849998474121094,32.709999084472656,32.709999084472656,730
2025-12-30,30.39403533935547,30.88010025024414,32.4900016784668,30.88010025024414,32.4900016784668,1091
2025-12-31,30.39403533935547,30.88010025024414,30.88010025024414,30.88010025024414,30.88010025024414,0
2026-01-02,30.6892147064209,31.18000030517578,31.190000534057617,31.139999389648438,31.14240074157715,1128
2026-01-05,30.6892147064209,31.18000030517578,31.18000030517578,31.18000030517578,31.18000030517578,0
2026-01-06,32.1852912902832,32.70000076293945,32.70000076293945,30.860000610351562,30.860000610351562,297
2026-01-07,32.1852912902832,32.70000076293945,32.70000076293945,32.70000076293945,32.70000076293945,0
2026-01-08,32.1852912902832,32.70000076293945,32.70000076293945,32.70000076293945,32.70000076293945,0
2026-01-09,32.1852912902832,32.70000076293945,32.70000076293945,32.70000076293945,32.70000076293945,0
2026-01-12,31.545618057250977,32.05009841918945,32.080101013183594,32.029998779296875,32.029998779296875,1559
2026-01-13,31.525835037231445,32.029998779296875,32.029998779296875,31.969999313354492,31.969999313354492,215
2026-01-14,32.32308578491211,32.84000015258789,32.939998626708984,32.56999969482422,32.56999969482422,861
2026-01-15,32.43135452270508,32.95000076293945,32.95000076293945,32.89500045776367,32.95000076293945,900
2026-01-16,32.43135452270508,32.95000076293945,32.95000076293945,32.95000076293945,32.95000076293945,0
2026-01-20,32.43135452270508,32.95000076293945,32.95000076293945,32.95000076293945,32.95000076293945,0
2026-01-21,31.64394760131836,32.150001525878906,32.150001525878906,32.150001525878906,32.150001525878906,170
2026-01-22,31.64394760131836,32.150001525878906,32.150001525878906,32.150001525878906,32.150001525878906,0
2026-01-23,31.64394760131836,32.150001525878906,32.150001525878906,32.150001525878906,32.150001525878906,0
2026-01-26,31.64394760131836,32.150001525878906,32.150001525878906,32.150001525878906,32.150001525878906,0
2026-01-27,31.64394760131836,32.150001525878906,32.150001525878906,32.150001525878906,32.150001525878906,0
2026-01-28,31.64394760131836,32.150001525878906,32.150001525878906,32.150001525878906,32.150001525878906,0
2026-01-29,31.64394760131836,32.150001525878906,32.150001525878906,32.150001525878906,32.150001525878906,0
2026-01-30,31.64394760131836,32.150001525878906,32.150001525878906,32.150001525878906,32.150001525878906,0
2026-02-02,31.496309280395508,32.0,32.650001525878906,32.0,32.650001525878906,378
2026-02-03,31.496309280395508,32.0,32.0,32.0,32.0,0
2026-02-04,31.496309280395508,32.0,32.0,32.0,32.0,0
2026-02-05,31.496309280395508,32.0,32.0,32.0,32.0,0
2026-02-06,29.321096420288086,29.790000915527344,31.040000915527344,29.790000915527344,31.040000915527344,742
2026-02-09,30.512048721313477,31.0,31.0,30.969999313354492,30.979999542236328,702
2026-02-10,31.79522705078125,32.3036994934082,32.34000015258789,31.260000228881836,31.260000228881836,6793
2026-02-11,30.206928253173828,30.690000534057617,33.61000061035156,30.530000686645508,33.61000061035156,38380
2026-02-12,29.527790069580078,30.0,30.0,30.0,30.0,1869
2026-02-13,29.527790069580078,30.0,30.0,30.0,30.0,0
2026-02-17,29.527790069580078,30.0,30.0,30.0,30.0,0
2026-02-18,29.15386962890625,29.620100021362305,29.920000076293945,29.620100021362305,29.620100021362305,360
2026-02-19,29.15386962890625,29.620100021362305,29.620100021362305,29.620100021362305,29.620100021362305,0
2026-02-20,29.15386962890625,29.620100021362305,29.620100021362305,29.620100021362305,29.620100021362305,0
2026-02-23,29.15386962890625,29.620100021362305,29.620100021362305,29.620100021362305,29.620100021362305,0
2026-02-24,29.921491622924805,30.399999618530273,30.399999618530273,30.399999618530273,30.399999618530273,30
2026-02-25,29.921491622924805,30.399999618530273,30.399999618530273,30.399999618530273,30.399999618530273,0
2026-02-26,30.305355072021484,30.790000915527344,30.790000915527344,30.790000915527344,30.790000915527344,216
2026-02-27,30.305355072021484,30.790000915527344,30.790000915527344,30.790000915527344,30.790000915527344,214
2026-03-02,30.82701301574707,31.31999969482422,31.31999969482422,30.610000610351562,30.610000610351562,382
2026-03-03,30.758113861083984,31.25,31.25,31.25,31.25,402
2026-03-04,30.758113861083984,31.25,31.25,31.25,31.25,50
2026-03-05,34.03569793701172,34.58000183105469,34.58000183105469,32.04999923706055,32.04999923706055,2013
2026-03-06,35.92547607421875,36.5,37.040000915527344,36.29999923706055,36.29999923706055,517
2026-03-09,35.92547607421875,36.5,36.5,36.5,36.5,207
2026-03-10,35.92547607421875,36.5,36.5,36.5,36.5,221
2026-03-11,35.92547607421875,36.5,36.5,36.5,36.5,0
2026-03-12,35.92547607421875,36.5,36.5,36.5,36.5,0
2026-03-13,35.92547607421875,36.5,36.5,36.5,36.5,0
2026-03-16,35.92547607421875,36.5,36.5,36.5,36.5,0
2026-03-17,36.516029357910156,37.099998474121094,37.099998474121094,37.060001373291016,37.099998474121094,365
2026-03-18,36.516029357910156,37.099998474121094,37.099998474121094,37.099998474121094,37.099998474121094,0
2026-03-19,36.13216781616211,36.709999084472656,36.709999084472656,36.130001068115234,36.709999084472656,1483
2026-03-20,32.97269821166992,33.5,36.130001068115234,33.5,36.11000061035156,16062
2026-03-23,36.41761016845703,37.0,37.0,36.04999923706055,36.25,5953
2026-03-24,36.40776443481445,36.9900016784668,37.130001068115234,36.9900016784668,37.130001068115234,906
2026-03-25,36.40776443481445,36.9900016784668,36.9900016784668,36.9900016784668,36.9900016784668,0
2026-03-26,37.9481315612793,38.55500030517578,38.55500030517578,38.55500030517578,38.55500030517578,137
2026-03-27,37.9481315612793,38.55500030517578,38.55500030517578,38.55500030517578,38.55500030517578,0
2026-03-30,37.9481315612793,38.55500030517578,38.55500030517578,38.55500030517578,38.55500030517578,0
2026-03-31,37.9481315612793,38.55500030517578,38.55500030517578,38.55500030517578,38.55500030517578,0
2026-04-01,38.464866638183594,39.08000183105469,39.08000183105469,39.08000183105469,39.08000183105469,0
2026-04-02,37.825096130371094,38.43000030517578,38.43000030517578,38.43000030517578,38.43000030517578,185
2026-04-06,38.23848342895508,38.849998474121094,38.849998474121094,38.849998474121094,38.849998474121094,768
2026-04-07,38.14411926269531,38.400001525878906,38.77000045776367,38.400001525878906,38.77000045776367,1063
2026-04-08,37.94545364379883,38.20000076293945,38.20000076293945,38.20000076293945,38.20000076293945,0
2026-04-09,37.60771942138672,37.86000061035156,37.86000061035156,37.86000061035156,37.86000061035156,140
2026-04-10,37.74678421020508,38.0,38.0,38.0,38.0,337
2026-04-13,37.74678421020508,38.0,38.0,38.0,38.0,0
2026-04-14,38.9487190246582,39.209999084472656,39.209999084472656,39.209999084472656,39.209999084472656,164
2026-04-15,38.9487190246582,39.209999084472656,39.209999084472656,39.209999084472656,39.209999084472656,0
2026-04-16,38.9487190246582,39.209999084472656,39.209999084472656,39.209999084472656,39.209999084472656,0
2026-04-17,38.9487190246582,39.209999084472656,39.209999084472656,39.209999084472656,39.209999084472656,0
2026-04-20,42.030548095703125,42.3125,42.3125,36.70000076293945,36.70000076293945,4841
2026-04-21,43.20020294189453,43.4900016784668,43.720001220703125,43.4900016784668,43.689998626708984,941
2026-04-22,42.981666564941406,43.27000045776367,43.27000045776367,43.27000045776367,43.27000045776367,621
2026-04-23,40.92546081542969,41.20000076293945,41.75,41.20000076293945,41.75,1726
2026-04-24,40.92546081542969,41.20000076293945,41.20000076293945,41.20000076293945,41.20000076293945,0
2026-04-27,40.92546081542969,41.20000076293945,41.20000076293945,41.20000076293945,41.20000076293945,0
2026-04-28,40.92546081542969,41.20000076293945,41.20000076293945,41.20000076293945,41.20000076293945,0
2026-04-29,40.92546081542969,41.20000076293945,41.20000076293945,41.20000076293945,41.20000076293945,0
2026-04-30,40.92546081542969,41.20000076293945,41.20000076293945,41.20000076293945,41.20000076293945,0
2026-05-01,40.92546081542969,41.20000076293945,41.20000076293945,41.20000076293945,41.20000076293945,0
2026-05-04,40.92546081542969,41.20000076293945,41.20000076293945,41.20000076293945,41.20000076293945,0
2026-05-05,41.58106231689453,41.86000061035156,41.86000061035156,41.86000061035156,41.86000061035156,142
2026-05-06,41.58106231689453,41.86000061035156,41.86000061035156,41.86000061035156,41.86000061035156,0
2026-05-07,41.58106231689453,41.86000061035156,41.86000061035156,41.86000061035156,41.86000061035156,0
2026-05-08,41.173797607421875,41.45000076293945,41.5,41.45000076293945,41.5,584
2026-05-11,41.173797607421875,41.45000076293945,41.45000076293945,41.45000076293945,41.45000076293945,0
2026-05-12,41.173797607421875,41.45000076293945,41.45000076293945,41.45000076293945,41.45000076293945,0
2026-05-13,41.173797607421875,41.45000076293945,41.45000076293945,41.45000076293945,41.45000076293945,0
2026-05-14,41.173797607421875,41.45000076293945,41.45000076293945,41.45000076293945,41.45000076293945,0
2026-05-15,41.173797607421875,41.45000076293945,41.45000076293945,41.45000076293945,41.45000076293945,0
2026-05-18,41.114192962646484,41.38999938964844,41.38999938964844,41.38999938964844,41.38999938964844,167
2026-05-19,41.114192962646484,41.38999938964844,41.38999938964844,41.38999938964844,41.38999938964844,0
2026-05-20,40.935394287109375,41.209999084472656,41.209999084472656,41.209999084472656,41.209999084472656,353
2026-05-21,40.935394287109375,41.209999084472656,41.209999084472656,41.209999084472656,41.209999084472656,0
2026-05-22,40.935394287109375,41.209999084472656,41.209999084472656,41.209999084472656,41.209999084472656,0
2026-05-26,40.230125427246094,40.5,40.5,40.5,40.5,171
2026-05-27,40.230125427246094,40.5,40.5,40.5,40.5,0
2026-05-28,41.37246322631836,41.650001525878906,41.650001525878906,41.650001525878906,41.650001525878906,787
2026-05-29,40.776458740234375,41.04999923706055,41.04999923706055,41.04999923706055,41.04999923706055,145
2026-06-01,40.776458740234375,41.04999923706055,41.04999923706055,41.04999923706055,41.04999923706055,0
2026-06-02,43.93526840209961,44.22999954223633,44.22999954223633,44.22999954223633,44.22999954223633,729
2026-06-03,43.93526840209961,44.22999954223633,44.22999954223633,44.22999954223633,44.22999954223633,0
2026-06-04,43.72666931152344,44.02000045776367,44.02000045776367,44.02000045776367,44.02000045776367,275
2026-06-05,44.168704986572266,44.46500015258789,44.810001373291016,44.46500015258789,44.810001373291016,255
2026-06-08,43.70680236816406,44.0,44.0,44.0,44.0,338
2026-06-09,43.00153350830078,43.290000915527344,43.290000915527344,43.290000915527344,43.290000915527344,321
2026-06-10,43.00153350830078,43.290000915527344,43.290000915527344,43.290000915527344,43.290000915527344,0
2026-06-11,43.09093475341797,43.380001068115234,43.380001068115234,43.380001068115234,43.380001068115234,178
2026-06-12,42.87240219116211,43.15999984741211,43.15999984741211,43.15999984741211,43.15999984741211,179
2026-06-15,43.80613708496094,44.099998474121094,44.099998474121094,43.97760009765625,43.97760009765625,610
2026-06-16,42.93696594238281,43.224998474121094,43.939998626708984,43.224998474121094,43.935001373291016,1067
2026-06-17,45.01800537109375,45.31999969482422,45.31999969482422,43.0099983215332,43.0099983215332,639
2026-06-18,45.01800537109375,45.31999969482422,45.31999969482422,45.31999969482422,45.31999969482422,0
2026-06-22,45.01800537109375,45.31999969482422,45.31999969482422,45.31999969482422,45.31999969482422,0
2026-06-23,45.01800537109375,45.31999969482422,45.31999969482422,45.31999969482422,45.31999969482422,0
2026-06-24,44.620670318603516,44.91999816894531,44.91999816894531,44.91999816894531,44.91999816894531,268
2026-06-25,44.620670318603516,44.91999816894531,44.91999816894531,44.91999816894531,44.91999816894531,0
2026-06-26,46.72654724121094,47.040000915527344,47.040000915527344,47.040000915527344,47.040000915527344,334
2026-06-29,46.72654724121094,47.040000915527344,47.040000915527344,47.040000915527344,47.040000915527344,0
2026-06-30,46.478214263916016,46.790000915527344,46.790000915527344,46.790000915527344,46.790000915527344,306
2026-07-01,50.093955993652344,50.43000030517578,50.43000030517578,46.689998626708984,46.689998626708984,387
2026-07-02,52.23122024536133,52.581600189208984,52.581600189208984,52.581600189208984,52.581600189208984,556
2026-07-06,53.292503356933594,53.650001525878906,53.650001525878906,53.189998626708984,53.310001373291016,2692
2026-07-07,52.560001373291016,52.560001373291016,52.560001373291016,52.560001373291016,52.560001373291016,323
2026-07-08,52.560001373291016,52.560001373291016,52.560001373291016,52.560001373291016,52.560001373291016,0
2026-07-09,50.66230010986328,50.66230010986328,50.66230010986328,50.66230010986328,50.66230010986328,246
2026-07-10,50.720001220703125,50.720001220703125,50.720001220703125,50.720001220703125,50.720001220703125,168
2026-07-13,50.720001220703125,50.720001220703125,50.720001220703125,50.720001220703125,50.720001220703125,0
2026-07-14,50.5099983215332,50.5099983215332,50.5099983215332,50.5099983215332,50.5099983215332,184
2026-07-15,50.12269973754883,50.12269973754883,50.12269973754883,49.58000183105469,49.58000183105469,260
2026-07-16,49.58000183105469,49.58000183105469,49.58000183105469,49.58000183105469,49.58000183105469,167
2026-07-17,49.58000183105469,49.58000183105469,49.58000183105469,49.58000183105469,49.58000183105469,0
2026-07-20,49.58000183105469,49.58000183105469,49.58000183105469,49.58000183105469,49.58000183105469,0
2026-07-21,50.84000015258789,50.84000015258789,51.060001373291016,49.70000076293945,51.060001373291016,1390
2026-07-22,50.459999084472656,50.459999084472656,50.459999084472656,50.459999084472656,50.459999084472656,186
2026-07-23,50.209999084472656,50.209999084472656,50.459999084472656,50.459999084472656,50.209999084472656,119
