Symbol,Security Name,Market Category,ETF,Test Issue,Exchange
AAAP,Pacer Barings CLO Market Flex ETF,G,Y,N,NASDAQ
AACB,Artius II Acquisition Inc. - Class A Ordinary Shares,G,N,N,NASDAQ
AACBR,Artius II Acquisition Inc. - Rights,G,N,N,NASDAQ
AACBU,Artius II Acquisition Inc. - Units,G,N,N,NASDAQ
AACG,"ATA Creativity Global - American Depositary Shares, each representing two common shares",S,N,N,NASDAQ
AACI,Armada Acquisition Corp. III - Class A Ordinary Share,G,N,N,NASDAQ
AACIU,Armada Acquisition Corp. III - Units,G,N,N,NASDAQ
AACIW,Armada Acquisition Corp. III - Warrant,G,N,N,NASDAQ
AACO,Abony Acquisition Corp. I - Class A Ordinary Share,G,N,N,NASDAQ
AACOU,Abony Acquisition Corp. I - Units,G,N,N,NASDAQ
AACOW,Abony Acquisition Corp. I - Warrants,G,N,N,NASDAQ
AACP,Apogee Acquisition Corp - Class A Ordinary Shares,G,N,N,NASDAQ
AACPR,Apogee Acquisition Corp - Rights,G,N,N,NASDAQ
AACPU,Apogee Acquisition Corp - Units,G,N,N,NASDAQ
AACPW,Apogee Acquisition Corp - Warrant,G,N,N,NASDAQ
AADR,AdvisorShares Dorsey Wright ADR ETF,G,Y,N,NASDAQ
AAEQ,Alpha Architect US Equity 2 ETF,G,Y,N,NASDAQ
AAL,"American Airlines Group, Inc. - Common Stock",Q,N,N,NASDAQ
AALG,Leverage Shares 2X Long AAL Daily ETF,G,Y,N,NASDAQ
AAME,Atlantic American Corporation - Common Stock,G,N,N,NASDAQ
AAOI,"Applied Optoelectronics, Inc. - Common Stock",G,N,N,NASDAQ
AAON,"AAON, Inc. - Common Stock",Q,N,N,NASDAQ
AAPB,GraniteShares 2x Long AAPL Daily ETF,G,Y,N,NASDAQ
AAPD,Direxion Daily AAPL Bear 1X ETF,G,Y,N,NASDAQ
AAPG,Ascentage Pharma Group International - American Depository Shares,G,N,N,NASDAQ
AAPL,Apple Inc. - Common Stock,Q,N,N,NASDAQ
AAPU,Direxion Daily AAPL Bull 2X ETF,G,Y,N,NASDAQ
AARD,"Aardvark Therapeutics, Inc. - Common Stock",Q,N,N,NASDAQ
AAUS,Alpha Architect US Equity ETF,G,Y,N,NASDAQ
AAVM,Alpha Architect Global Factor Equity ETF,G,Y,N,NASDAQ
AAXJ,iShares MSCI All Country Asia ex Japan ETF,G,Y,N,NASDAQ
ABAT,American Battery Technology Company - Common Stock,S,N,N,NASDAQ
ABCL,AbCellera Biologics Inc. - Common Shares,Q,N,N,NASDAQ
ABCS,Alpha Blue Capital US Small-Mid Cap Dynamic ETF,G,Y,N,NASDAQ
ABEO,Abeona Therapeutics Inc. - Common Stock,S,N,N,NASDAQ
ABI,VictoryShares Pioneer Asset-Based Income ETF,G,Y,N,NASDAQ
ABIG,Argent Large Cap ETF,G,Y,N,NASDAQ
ABLV,Able View Global Inc. - Class B Ordinary Shares,S,N,N,NASDAQ
ABLVW,Able View Global Inc. - Warrant,S,N,N,NASDAQ
ABNB,"Airbnb, Inc. - Class A Common Stock",Q,N,N,NASDAQ
ABNG,Leverage Shares 2x Long ABNB Daily ETF,G,Y,N,NASDAQ
ABOS,"Acumen Pharmaceuticals, Inc. - Common Stock",Q,N,N,NASDAQ
ABSI,Absci Corporation - Common Stock,Q,N,N,NASDAQ
ABTC,American Bitcoin Corp. - Class A Common Stock,S,N,N,NASDAQ
ABTS,Abits Group Inc - Ordinary Shares,S,N,N,NASDAQ
ABUS,Arbutus Biopharma Corporation - Common Stock,Q,N,N,NASDAQ
ABVC,"ABVC BioPharma, Inc. - Common Stock",S,N,N,NASDAQ
ABVX,Abivax SA - American Depositary Shares,G,N,N,NASDAQ
ACAA,Averin Capital Acquisition Corp. - Class A Ordinary Shares,G,N,N,NASDAQ
ACAAU,Averin Capital Acquisition Corp. - Units,G,N,N,NASDAQ
ACAAW,Averin Capital Acquisition Corp. - Warrants,G,N,N,NASDAQ
ACAD,ACADIA Pharmaceuticals Inc. - Common Stock,Q,N,N,NASDAQ
ACB,Aurora Cannabis Inc. - Common Shares,S,N,N,NASDAQ
ACCL,Acco Group Holdings Limited - Class A Ordinary Shares,S,N,N,NASDAQ
ACDC,ProFrac Holding Corp. - Class A Common Stock,Q,N,N,NASDAQ
ACEP,ARS Core Equity Portfolio ETF,G,Y,N,NASDAQ
ACET,"Adicet Bio, Inc. - Common Stock",S,N,N,NASDAQ
ACFN,"Acorn Energy, Inc. - Common Stock",S,N,N,NASDAQ
ACGC,ACP Holdings Acquisition Corp. - Class A Ordinary Shares,G,N,N,NASDAQ
ACGCU,ACP Holdings Acquisition Corp. - Units,G,N,N,NASDAQ
ACGCW,ACP Holdings Acquisition Corp. - Warrants,G,N,N,NASDAQ
ACGL,Arch Capital Group Ltd. - Common Stock,Q,N,N,NASDAQ
ACGLN,"Arch Capital Group Ltd. - Depositary Shares, each Representing a 1/1,000th Interest in a 4.550% Non-Cumulative Preferred Share, Series G",Q,N,N,NASDAQ
ACGLO,"Arch Capital Group Ltd. - Depositary Shares Each Representing 1/1,000th Interest in a Share of5.45% Non-Cumulative Preferred Shares, Series F",Q,N,N,NASDAQ
ACHC,"Acadia Healthcare Company, Inc. - Common Stock",Q,N,N,NASDAQ
ACHV,"Achieve Life Sciences, Inc.  - Common Shares",S,N,N,NASDAQ
ACIC,American Coastal Insurance Corporation - Common Stock,S,N,N,NASDAQ
ACIU,AC Immune SA - Common Stock,G,N,N,NASDAQ
ACIW,"ACI Worldwide, Inc. - Common Stock",Q,N,N,NASDAQ
ACLS,"Axcelis Technologies, Inc. - Common Stock",Q,N,N,NASDAQ
ACMR,"ACM Research, Inc. - Class A Common Stock",G,N,N,NASDAQ
ACNB,ACNB Corporation - Common Stock,S,N,N,NASDAQ
ACNT,Ascent Industries Co. - Common Stock,G,N,N,NASDAQ
ACOG,Alpha Cognition Inc. - Common Stock,S,N,N,NASDAQ
ACON,"Aclarion, Inc. - Common Stock",S,N,N,NASDAQ
ACONW,"Aclarion, Inc. - Warrant",S,N,N,NASDAQ
ACRS,"Aclaris Therapeutics, Inc. - Common Stock",Q,N,N,NASDAQ
ACRV,"Acrivon Therapeutics, Inc. - Common Stock",G,N,N,NASDAQ
ACT,"Enact Holdings, Inc. - Common Stock",Q,N,N,NASDAQ
ACTG,Acacia Research Corporation - Common Stock,Q,N,N,NASDAQ
ACTU,"Actuate Therapeutics, Inc. - Common stock",G,N,N,NASDAQ
ACWI,iShares MSCI ACWI ETF,G,Y,N,NASDAQ
ACWX,iShares MSCI ACWI ex U.S. ETF,G,Y,N,NASDAQ
ACXP,"Acurx Pharmaceuticals, Inc. - Common Stock",S,N,N,NASDAQ
ADAC,American Drive Acquisition Company - Class A Ordinary Shares,G,N,N,NASDAQ
ADACU,American Drive Acquisition Company - Units,G,N,N,NASDAQ
ADACW,American Drive Acquisition Company - Warrant,G,N,N,NASDAQ
ADAG,"Adagene Inc. - ADS, each representing 1.25 ordinary shares",G,N,N,NASDAQ
ADAM,"Adamas Trust, Inc. - Common Stock",Q,N,N,NASDAQ
ADAMG,"Adamas Trust, Inc. - 9.125% Senior Notes Due 2030",Q,N,N,NASDAQ
ADAMH,"Adamas Trust, Inc. - 9.875% Senior Notes Due 2030",G,N,N,NASDAQ
ADAMI,"Adamas Trust, Inc. - 9.125% Senior Notes Due 2029",Q,N,N,NASDAQ
ADAML,"Adamas Trust, Inc. - 6.875% Series F Fixed-to-Floating Rate Cumulative Redeemable Preferred Stock, $0.01 par value per share",Q,N,N,NASDAQ
ADAMM,"Adamas Trust, Inc. - 7.875% Series E Fixed-to-Floating Rate Cumulative Redeemable Preferred Stock",Q,N,N,NASDAQ
ADAMN,"Adamas Trust, Inc. - 8.00% Series D Fixed-to-Floating Rate Cumulative Redeemable Preferred Stock",Q,N,N,NASDAQ
ADAMO,"Adamas Trust, Inc. - 9.250% Senior Notes Due 2031",Q,N,N,NASDAQ
ADAMZ,"Adamas Trust, Inc. - 7.000% Series G Cumulative Redeemable Preferred Stock, $0.01 par value per share",Q,N,N,NASDAQ
ADBE,Adobe Inc. - Common Stock,Q,N,N,NASDAQ
ADBG,Leverage Shares 2X Long ADBE Daily ETF,G,Y,N,NASDAQ
ADEA,Adeia Inc.  - Common Stock,Q,N,N,NASDAQ
ADGM,"Adagio Medical Holdings, Inc - Common Stock",S,N,N,NASDAQ
ADI,"Analog Devices, Inc. - Common Stock",Q,N,N,NASDAQ
ADIL,"Adial Pharmaceuticals, Inc - Common Stock",S,N,N,NASDAQ
ADMA,ADMA Biologics Inc - Common Stock,G,N,N,NASDAQ
ADP,"Automatic Data Processing, Inc. - Common Stock",Q,N,N,NASDAQ
ADPT,Adaptive Biotechnologies Corporation - Common Stock,Q,N,N,NASDAQ
ADSE,ADS-TEC ENERGY PLC - Ordinary Shares,S,N,N,NASDAQ
ADSEW,ADS-TEC ENERGY PLC - Warrant,S,N,N,NASDAQ
ADSK,"Autodesk, Inc. - Common Stock",Q,N,N,NASDAQ
ADTN,"ADTRAN Holdings, Inc. - Common Stock",Q,N,N,NASDAQ
ADUR,Aduro Clean Technologies Inc. - Common Stock,S,N,N,NASDAQ
ADUS,Addus HomeCare Corporation - Common Stock,Q,N,N,NASDAQ
ADV,Advantage Solutions Inc.  - Class A Common Stock,Q,N,N,NASDAQ
ADVB,Advanced Biomed Inc. - Common Stock,S,N,N,NASDAQ
ADXN,Addex Therapeutics Ltd - American Depositary Shares,S,N,N,NASDAQ
AEAQ,Activate Energy Acquisition Corp. - Class A Ordinary Share,G,N,N,NASDAQ
AEAQU,Activate Energy Acquisition Corp. - Unit,G,N,N,NASDAQ
AEAQW,Activate Energy Acquisition Corp. - Warrant,G,N,N,NASDAQ
AEBI,Aebi Schmidt Holding AG - Common Stock,Q,N,N,NASDAQ
AEC,Anfield Energy Inc. - Common Shares,S,N,N,NASDAQ
AEHL,Antelope Enterprise Holdings Limited - Class A Ordinary Shares,S,N,N,NASDAQ
AEHR,Aehr Test Systems - Common Stock,S,N,N,NASDAQ
AEI,Alset Inc. - Common Stock,S,N,N,NASDAQ
AEIS,"Advanced Energy Industries, Inc. - Common Stock",Q,N,N,NASDAQ
AEMD,"Aethlon Medical, Inc. - Common Stock",S,N,N,NASDAQ
AENT,Alliance Entertainment Holding Corporation - common stock,S,N,N,NASDAQ
AENTW,Alliance Entertainment Holding Corporation - Warrants,S,N,N,NASDAQ
AEP,"American Electric Power Company, Inc. - Common Stock",Q,N,N,NASDAQ
AERT,"Aeries Technology, Inc. - Class A Ordinary Share",S,N,N,NASDAQ
AERTW,"Aeries Technology, Inc. - Warrant",S,N,N,NASDAQ
AESPU,Aeon Acquisition I Corp. - Units,G,N,N,NASDAQ
AEVA,"Aeva Technologies, Inc. - Common Stock",Q,N,N,NASDAQ
AEYE,"AudioEye, Inc. - Common Stock",S,N,N,NASDAQ
AFBI,"Affinity Bancshares, Inc. - Common Stock",S,N,N,NASDAQ
AFCG,Advanced Flower Capital Inc. - Common Stock,G,N,N,NASDAQ
AFJK,"Aimei Health Technology Co., Ltd - Ordinary Share",G,N,N,NASDAQ
AFJKR,"Aimei Health Technology Co., Ltd - Right",G,N,N,NASDAQ
AFJKU,"Aimei Health Technology Co., Ltd - Unit",G,N,N,NASDAQ
AFOS,ARS Focused Opportunity Strategy ETF,G,Y,N,NASDAQ
AFRI,Forafric Global PLC - Ordinary Shares,S,N,N,NASDAQ
AFRIW,Forafric Global PLC - Warrants,S,N,N,NASDAQ
AFRM,"Affirm Holdings, Inc. - Class A Common Stock",Q,N,N,NASDAQ
AFSC,abrdn Focused U.S. Small Cap Active ETF,G,Y,N,NASDAQ
AFYA,Afya Limited - Class A Common Shares,Q,N,N,NASDAQ
AGCC,Agencia Comercial Spirits Ltd - Class A Ordinary Share,S,N,N,NASDAQ
AGEM,abrdn Emerging Markets Dividend Active ETF,G,Y,N,NASDAQ
AGEN,Agenus Inc. - Common Stock,S,N,N,NASDAQ
AGGA,EA Astoria Dynamic Core US Fixed Income ETF,G,Y,N,NASDAQ
AGIO,"Agios Pharmaceuticals, Inc. - Common Stock",Q,N,N,NASDAQ
AGIX,KraneShares Public-Private AI & Technology ETF,G,Y,N,NASDAQ
AGMB,AgomAb Therapeutics NV - ADRs representing one common share.,Q,N,N,NASDAQ
AGMH,AGM Group Holdings Inc. - Class A Ordinary Shares,S,N,N,NASDAQ
AGMI,Themes Silver Miners ETF,G,Y,N,NASDAQ
AGNC,AGNC Investment Corp. - Common Stock,Q,N,N,NASDAQ
AGNCL,"AGNC Investment Corp. - Depositary Shares Each Representing a 1/1,000th Interest in a Share of 7.75% Series G Fixed-Rate Reset Cumulative Redeemable Preferred Stock",Q,N,N,NASDAQ
AGNCM,AGNC Investment Corp. - Depositary Shares rep 6.875% Series D Fixed-to-Floating Cumulative Redeemable Preferred Stock,Q,N,N,NASDAQ
AGNCN,"AGNC Investment Corp. - Depositary Shares Each Representing a 1/1,000th Interest in a Share of 7.00% Series C Fixed-To-Floating Rate Cumulative Redeemable Preferred Stock",Q,N,N,NASDAQ
AGNCO,"AGNC Investment Corp. - Depositary Shares, each representing a 1/1,000th interest in a share of Series E Fixed-to-Floating Cumulative Redeemable Preferred Stock",Q,N,N,NASDAQ
AGNCP,"AGNC Investment Corp. - Depositary Shares Each Representing a 1/1,000th Interest in a Share of 6.125% Series F Fixed-to-Floating Rate Cumulative Redeemable Preferred Stock",Q,N,N,NASDAQ
AGNCZ,"AGNC Investment Corp. - Depositary Shares Each Representing a 1/1,000th Interest in a Share of 8.75% Series H Fixed-Rate Cumulative Redeemable Preferred Stock",Q,N,N,NASDAQ
AGNG,Global X Aging Population ETF,G,Y,N,NASDAQ
AGNT,"AGNT, Inc. - Common Stock",G,N,N,NASDAQ
AGPU,Axe Compute Inc. - Common Stock,S,N,N,NASDAQ
AGRZ,Agroz Inc. - Ordinary Shares,S,N,N,NASDAQ
AGYS,"Agilysys, Inc. - Common Stock",Q,N,N,NASDAQ
AGZD,WisdomTree Interest Rate Hedged U.S. Aggregate Bond Fund,G,Y,N,NASDAQ
AHCO,AdaptHealth Corp.  - Common Stock,S,N,N,NASDAQ
AHD,GraniteShares Autocallable HOOD ETF,G,Y,N,NASDAQ
AHG,Akso Health Group - American Depositary Shares,S,N,N,NASDAQ
AHMA,Ambitions Enterprise Management Co. L.L.C - Class A Ordinary Shares,S,N,N,NASDAQ
AIA,iShares Asia 50 ETF,G,Y,N,NASDAQ
AIAI,AIAI Holdings Corporation - Class A common stock,G,N,N,NASDAQ
AIBZ,Bitzero Holdings Inc. - Common Shares,S,N,N,NASDAQ
AIDX,"20/20 Biolabs, Inc. - Common Stock",S,N,N,NASDAQ
AIFA,"All In FutureTech Alliance, Inc. - Common Stock",S,N,N,NASDAQ
AIFC,AI Financial Corporation - Common Stock,S,N,N,NASDAQ
AIFD,TCW Artificial Intelligence ETF,G,Y,N,NASDAQ
AIFF,"Firefly Neuroscience, Inc.  - Common Stock",S,N,N,NASDAQ
AIFU,AIFU Inc. - Class A Ordinary Share,Q,N,N,NASDAQ
AIHS,Senmiao Technology Limited - Common Stock,S,N,N,NASDAQ
AIIO,Robo.ai Inc. - Class B Ordinary Shares,S,N,N,NASDAQ
AIIOW,Robo.ai Inc. - Warrant,S,N,N,NASDAQ
AIIR,Air Global PLC - Ordinary shares,S,N,N,NASDAQ
AIMD,"Ainos, Inc. - Common Stock",S,N,N,NASDAQ
AIMDW,"Ainos, Inc. - warrants",S,N,N,NASDAQ
AIMS,Acuitas Small Cap Active ETF,G,Y,N,NASDAQ
AIOS,AIOS Tech Inc. - Class A Common Shares,S,N,N,NASDAQ
AIOT,"PowerFleet, Inc. - Common Stock",G,N,N,NASDAQ
AIP,"Arteris, Inc.  - Common Stock",G,N,N,NASDAQ
AIPI,REX AI Equity Premium Income ETF,G,Y,N,NASDAQ
AIPO,Defiance AI & Power Infrastructure ETF,G,Y,N,NASDAQ
AIQ,Global X Artificial Intelligence & Technology ETF,G,Y,N,NASDAQ
AIRE,reAlpha Tech Corp. - Common Stock,S,N,N,NASDAQ
AIRG,"Airgain, Inc. - Common Stock",S,N,N,NASDAQ
AIRJ,AirJoule Technologies Corporation - Class A Common Stock,S,N,N,NASDAQ
AIRJW,AirJoule Technologies Corporation - Warrant,S,N,N,NASDAQ
AIRO,"AIRO Group Holdings, Inc. - Common Stock",G,N,N,NASDAQ
AIRR,First Trust RBA American Industrial Renaissance ETF,G,Y,N,NASDAQ
AIRS,"AirSculpt Technologies, Inc. - Common Stock",G,N,N,NASDAQ
AIRT,"Air T, Inc. - Common Stock",S,N,N,NASDAQ
AIRTP,"Air T, Inc. - Trust Preferred Securities",G,N,N,NASDAQ
AISP,"Airship AI Holdings, Inc - Class A Common Stock",G,N,N,NASDAQ
AISPW,"Airship AI Holdings, Inc - Warrants",S,N,N,NASDAQ
AIX,Defiance US 100 Tech AI Moat ETF,G,Y,N,NASDAQ
AIXC,"AIxCrypto Holdings, Inc. - Common Stock",S,N,N,NASDAQ
AIXI,XIAO-I Corporation - American Depositary Shares,G,N,N,NASDAQ
AKAM,"Akamai Technologies, Inc. - Common Stock",Q,N,N,NASDAQ
AKAN,Akanda Corp. - Common Shares,S,N,N,NASDAQ
AKBA,"Akebia Therapeutics, Inc. - Common Stock",S,N,N,NASDAQ
AKTS,"Aktis Oncology, Inc. - Common stock",Q,N,N,NASDAQ
AKTX,Akari Therapeutics Plc - American Depositary Shares,S,N,N,NASDAQ
ALAB,"Astera Labs, Inc. - Common Stock",Q,N,N,NASDAQ
ALAR,Alarum Technologies Ltd. - American Depositary Shares,S,N,N,NASDAQ
ALBG,Leverage Shares 2X Long ALB Daily ETF,G,Y,N,NASDAQ
ALBT,Avalon GloboCare Corp. - Common Stock,S,N,N,NASDAQ
ALCO,"Alico, Inc. - Common Stock",Q,N,N,NASDAQ
ALDF,Aldel Financial II Inc. - Class A Ordinary Shares,G,N,N,NASDAQ
ALDFU,Aldel Financial II Inc. - Units,G,N,N,NASDAQ
ALDFW,Aldel Financial II Inc. - Warrants,G,N,N,NASDAQ
ALDX,"Aldeyra Therapeutics, Inc. - Common Stock",S,N,N,NASDAQ
ALEC,"Alector, Inc. - Common Stock",Q,N,N,NASDAQ
ALF,Centurion Acquisition Corp. - Class A Ordinary Shares,G,N,N,NASDAQ
ALFUU,Centurion Acquisition Corp. - Unit,G,N,N,NASDAQ
ALFUW,Centurion Acquisition Corp. - Warrant,G,N,N,NASDAQ
ALGM,"Allegro MicroSystems, Inc. - Common Stock",Q,N,N,NASDAQ
ALGN,"Align Technology, Inc. - Common Stock",Q,N,N,NASDAQ
ALGS,"Aligos Therapeutics, Inc. - Common stock",S,N,N,NASDAQ
ALGT,Allegiant Travel Company - Common Stock,Q,N,N,NASDAQ
ALHC,"Alignment Healthcare, Inc. - Common Stock",Q,N,N,NASDAQ
ALIL,Argent Focused Small Cap ETF,G,Y,N,NASDAQ
ALIS,Calisa Acquisition Corp - Ordinary shares,G,N,N,NASDAQ
ALISR,Calisa Acquisition Corp - Right,G,N,N,NASDAQ
ALISU,Calisa Acquisition Corp - Units,G,N,N,NASDAQ
ALKS,Alkermes plc - Ordinary Shares,Q,N,N,NASDAQ
ALKT,"Alkami Technology, Inc. - Common Stock",Q,N,N,NASDAQ
ALLO,"Allogene Therapeutics, Inc. - Common Stock",Q,N,N,NASDAQ
ALLR,"Allarity Therapeutics, Inc. - Common stock",S,N,N,NASDAQ
ALLT,Allot Ltd. - Ordinary Shares,Q,N,N,NASDAQ
ALLW,State Street Bridgewater All Weather ETF,G,Y,N,NASDAQ
ALM,Almonty Industries Inc. - Common Shares,S,N,N,NASDAQ
ALMR,"Alamar Biosciences, Inc. - Class A common stock",Q,N,N,NASDAQ
ALMS,Alumis Inc. - Common Stock,Q,N,N,NASDAQ
ALMU,"Aeluma, Inc. - Common Stock",S,N,N,NASDAQ
ALNT,Allient Inc. - Common Stock,G,N,N,NASDAQ
ALNY,"Alnylam Pharmaceuticals, Inc. - Common Stock",Q,N,N,NASDAQ
ALOT,"AstroNova, Inc. - Common Stock",G,N,N,NASDAQ
ALOV,"Aldabra 4 Liquidity Opportunity Vehicle, Inc. - Class A Ordinary Shares",G,N,N,NASDAQ
ALOVU,"Aldabra 4 Liquidity Opportunity Vehicle, Inc. - Units",G,N,N,NASDAQ
ALOVW,"Aldabra 4 Liquidity Opportunity Vehicle, Inc. - Warrants",G,N,N,NASDAQ
ALOY,REalloys Inc. - Common Stock,S,N,N,NASDAQ
ALP,Alpha Compute Corp  - Common Stock,S,N,N,NASDAQ
ALPS,ALPS Group Inc - Ordinary Share,G,N,N,NASDAQ
ALPXU,Alpex Acquisition Corporation - Units,G,N,N,NASDAQ
ALRM,"Alarm.com Holdings, Inc. - Common Stock",Q,N,N,NASDAQ
ALRS,Alerus Financial Corporation - Common Stock,S,N,N,NASDAQ
ALT,"Altimmune, Inc. - Common Stock",G,N,N,NASDAQ
ALTI,"AlTi Global, Inc. - Class A Common Stock",S,N,N,NASDAQ
ALTO,"Alto Ingredients, Inc. - Common Stock",S,N,N,NASDAQ
ALTY,Global X Alternative Income ETF,G,Y,N,NASDAQ
ALVO,Alvotech - Ordinary Shares,G,N,N,NASDAQ
ALVOW,Alvotech - Warrant,G,N,N,NASDAQ
ALXO,ALX Oncology Holdings Inc. - Common Stock,Q,N,N,NASDAQ
ALZN,"Alzamend Neuro, Inc. - Common Stock",S,N,N,NASDAQ
AMA,Defiance Daily Target 2X Long AMAT ETF,G,Y,N,NASDAQ
AMAL,Amalgamated Financial Corp. - Common Stock,G,N,N,NASDAQ
AMAN,Amanat Acquisition Corp - Class A Ordinary Shares,S,N,N,NASDAQ
AMAT,"Applied Materials, Inc. - Common Stock",Q,N,N,NASDAQ
AMBA,"Ambarella, Inc. - Ordinary Shares",Q,N,N,NASDAQ
AMBR,Amber International Holding Limited - American Depositary Shares,G,N,N,NASDAQ
AMCI,AMC Robotics Corporation - Common Stock,S,N,N,NASDAQ
AMCX,AMC Global Media Inc. - Class A Common Stock,Q,N,N,NASDAQ
AMD,"Advanced Micro Devices, Inc. - Common Stock",Q,N,N,NASDAQ
AMDD,Direxion Daily AMD Bear 1X ETF,G,Y,N,NASDAQ
AMDG,Leverage Shares 2X Long AMD Daily ETF,G,Y,N,NASDAQ
AMDL,GraniteShares 2x Long AMD Daily ETF,G,Y,N,NASDAQ
AMEI,Amana Equity Income ETF,G,Y,N,NASDAQ
AMEM,Amana Developing World ETF,G,Y,N,NASDAQ
AMGN,Amgen Inc. - Common Stock,Q,N,N,NASDAQ
AMGR,Amana Growth ETF,G,Y,N,NASDAQ
AMID,Argent Mid Cap ETF,G,Y,N,NASDAQ
AMIX,"Autonomix Medical, Inc. - Common Stock",S,N,N,NASDAQ
AMKR,"Amkor Technology, Inc. - Common Stock",Q,N,N,NASDAQ
AMLX,"Amylyx Pharmaceuticals, Inc. - Common Stock",Q,N,N,NASDAQ
AMOD,"Alpha Modus Holdings, Inc. - Class A Common Stock",S,N,N,NASDAQ
AMODW,"Alpha Modus Holdings, Inc. - Warrant",S,N,N,NASDAQ
AMPG,"Amplitech Group, Inc. - Common Stock",S,N,N,NASDAQ
AMPGR,"Amplitech Group, Inc. - Series A Right",S,N,N,NASDAQ
AMPGZ,"Amplitech Group, Inc. - Series B Right",S,N,N,NASDAQ
AMPH,"Amphastar Pharmaceuticals, Inc. - Common Stock",Q,N,N,NASDAQ
AMPL,"Amplitude, Inc. - Class A Common Stock",S,N,N,NASDAQ
AMRN,Amarin Corporation plc - American Depositary Shares,S,N,N,NASDAQ
AMRX,"Amneal Pharmaceuticals, Inc. - Class A Common Stock",Q,N,N,NASDAQ
AMSC,American Superconductor Corporation - Common Stock,Q,N,N,NASDAQ
AMSF,"AMERISAFE, Inc. - Common Stock",Q,N,N,NASDAQ
AMSS,AMASS Brands Inc. - Common Stock,G,N,N,NASDAQ
AMST,Amesite Inc. - Common Stock,S,N,N,NASDAQ
AMTX,"Aemetis, Inc - Common Stock",G,N,N,NASDAQ
AMUN,abrdn Ultra Short Municipal Income Active ETF,G,Y,N,NASDAQ
AMUU,Direxion Daily AMD Bull 2X ETF,G,Y,N,NASDAQ
AMYY,GraniteShares YieldBOOST AMD ETF,G,Y,N,NASDAQ
AMZD,Direxion Daily AMZN Bear 1X ETF,G,Y,N,NASDAQ
AMZN,"Amazon.com, Inc. - Common Stock",Q,N,N,NASDAQ
AMZU,Direxion Daily AMZN Bull 2X ETF,G,Y,N,NASDAQ
AMZZ,GraniteShares 2x Long AMZN Daily ETF,G,Y,N,NASDAQ
ANAB,"AnaptysBio, Inc. - Common Stock",Q,N,N,NASDAQ
ANDE,"The Andersons, Inc. - Common Stock",Q,N,N,NASDAQ
ANEL,Defiance Daily Target 2x Long ANET ETF,G,Y,N,NASDAQ
ANGH,Anghami Inc. - Ordinary Shares,S,N,N,NASDAQ
ANGHW,Anghami Inc. - Warrants,S,N,N,NASDAQ
ANGI,Angi Inc. - Class A Common Stock,Q,N,N,NASDAQ
ANGL,VanEck Fallen Angel High Yield Bond ETF,G,Y,N,NASDAQ
ANGO,"AngioDynamics, Inc. - Common Stock",Q,N,N,NASDAQ
ANIK,Anika Therapeutics Inc. - Common Stock,Q,N,N,NASDAQ
ANIP,"ANI Pharmaceuticals, Inc. - Common Stock",G,N,N,NASDAQ
ANIX,"Anixa Biosciences, Inc. - Common Stock",S,N,N,NASDAQ
ANL,Adlai Nortye Ltd. - American Depositary Shares,G,N,N,NASDAQ
ANNA,"AleAnna, Inc. - Class A Common Stock",S,N,N,NASDAQ
ANNAW,"AleAnna, Inc. - Warrant",S,N,N,NASDAQ
ANNX,"Annexon, Inc. - common stock",Q,N,N,NASDAQ
ANPA,Rich Sparkle Holdings Limited - Ordinary Shares,S,N,N,NASDAQ
ANSC,Agriculture & Natural Solutions Acquisition Corporation - Class A Ordinary Shares,G,N,N,NASDAQ
ANSCU,Agriculture & Natural Solutions Acquisition Corporation - Unit,G,N,N,NASDAQ
ANSCW,Agriculture & Natural Solutions Acquisition Corporation - Warrant,G,N,N,NASDAQ
ANTA,Antalpha Platform Holding Company - Class A Ordinary Shares,G,N,N,NASDAQ
ANTX,"AN2 Therapeutics, Inc. - Common Stock",Q,N,N,NASDAQ
ANV,GraniteShares Autocallable NVDA ETF,G,Y,N,NASDAQ
ANY,Sphere 3D Corp. - Common Shares,S,N,N,NASDAQ
AOHY,Angel Oak High Yield Opportunities ETF,G,Y,N,NASDAQ
AOSL,Alpha and Omega Semiconductor Limited - Common Shares,Q,N,N,NASDAQ
AOTG,AOT Growth and Innovation ETF,G,Y,N,NASDAQ
AOUT,"American Outdoor Brands, Inc. - Common Stock",Q,N,N,NASDAQ
APA,APA Corporation - Common Stock,Q,N,N,NASDAQ
APAC,StoneBridge Acquisition II Corporation - Class A Ordinary Shares,S,N,N,NASDAQ
APACR,StoneBridge Acquisition II Corporation - Rights,S,N,N,NASDAQ
APACU,StoneBridge Acquisition II Corporation - Units,S,N,N,NASDAQ
APC,ARKO Petroleum Corp. - Class A Common Stock,S,N,N,NASDAQ
APEI,"American Public Education, Inc. - Common Stock",Q,N,N,NASDAQ
APGE,"Apogee Therapeutics, Inc. - Common Stock",G,N,N,NASDAQ
API,"Agora, Inc. - ADS",Q,N,N,NASDAQ
APLD,Applied Digital Corporation - Common Stock,Q,N,N,NASDAQ
APLM,Apollomics Inc. - Class A Ordinary Shares,S,N,N,NASDAQ
APLMW,Apollomics Inc. - Warrant,S,N,N,NASDAQ
APM,Aptorum Group Limited - Class A Ordinary Shares,S,N,N,NASDAQ
APMC,AmperCap Acquisition Company - Ordinary Shares,G,N,N,NASDAQ
APMCR,AmperCap Acquisition Company - Right,G,N,N,NASDAQ
APMCU,AmperCap Acquisition Company - Unit,G,N,N,NASDAQ
APOG,"Apogee Enterprises, Inc. - Common Stock",Q,N,N,NASDAQ
APP,Applovin Corporation - Class A Common Stock,Q,N,N,NASDAQ
APPF,"AppFolio, Inc. - Class A Common Stock",G,N,N,NASDAQ
APPN,Appian Corporation - Class A Common Stock,G,N,N,NASDAQ
APPS,"Digital Turbine, Inc. - Common Stock",S,N,N,NASDAQ
APPX,Tradr 2X Long APP Daily ETF,G,Y,N,NASDAQ
APRE,"Aprea Therapeutics, Inc. - Common Stock",S,N,N,NASDAQ
APUR,Aperture AC - Class A Ordinary Shares,S,N,N,NASDAQ
APURR,Aperture AC - Rights,S,N,N,NASDAQ
APVO,Aptevo Therapeutics Inc. - Common Stock,S,N,N,NASDAQ
APWC,"Asia Pacific Wire & Cable Corporation Limited  - Common shares, Par value .01 per share",S,N,N,NASDAQ
APXT,Apex Treasury Corporation - Class A Ordinary Share,G,N,N,NASDAQ
APXTU,Apex Treasury Corporation - Units,G,N,N,NASDAQ
APXTW,Apex Treasury Corporation - Warrants,G,N,N,NASDAQ
APYX,Apyx Medical Corporation - Common Stock,Q,N,N,NASDAQ
AQB,"AquaBounty Technologies, Inc. - Common Stock",S,N,N,NASDAQ
AQLG,HCM Large Cap Growth ETF,G,Y,N,NASDAQ
AQMS,"Aqua Metals, Inc. - Common Stock",S,N,N,NASDAQ
AQST,"Aquestive Therapeutics, Inc. - Common Stock",G,N,N,NASDAQ
AQWA,Global X Clean Water ETF,G,Y,N,NASDAQ
ARAI,Arrive AI Inc. - Common Stock,G,N,N,NASDAQ
ARAY,Accuray Incorporated - Common Stock,Q,N,N,NASDAQ
ARBB,ARB IOT Group Limited - Ordinary Shares,S,N,N,NASDAQ
ARBE,Arbe Robotics Ltd. - Ordinary Shares,S,N,N,NASDAQ
ARBEW,Arbe Robotics Ltd. - Warrant,S,N,N,NASDAQ
ARBK,Argo Blockchain plc - American Depositary Shares,S,N,N,NASDAQ
ARCB,ArcBest Corporation - Common Stock,Q,N,N,NASDAQ
ARCC,Ares Capital Corporation - Closed End Fund,Q,N,N,NASDAQ
ARCI,Archimedes Tech SPAC Partners III Co. - Ordinary Share,G,N,N,NASDAQ
ARCIU,Archimedes Tech SPAC Partners III Co. - Unit,G,N,N,NASDAQ
ARCIW,Archimedes Tech SPAC Partners III Co. - Warrant,G,N,N,NASDAQ
ARCL,ARC Group Acquisition I Corp - Class A Ordinary Shares,G,N,N,NASDAQ
ARCLR,ARC Group Acquisition I Corp - Right,G,N,N,NASDAQ
ARCLU,ARC Group Acquisition I Corp - Unit,G,N,N,NASDAQ
ARCLW,ARC Group Acquisition I Corp - Warrants,G,N,N,NASDAQ
ARCT,Arcturus Therapeutics Holdings Inc. - Common Stock,G,N,N,NASDAQ
ARDX,"Ardelyx, Inc. - Common Stock",G,N,N,NASDAQ
AREC,American Resources Corporation - Class A Common Stock,S,N,N,NASDAQ
ARGX,argenx SE - American Depositary Shares,Q,N,N,NASDAQ
ARHS,"Arhaus, Inc. - Class A Common Stock",Q,N,N,NASDAQ
ARKO,ARKO Corp. - Common Stock,S,N,N,NASDAQ
ARKR,Ark Restaurants Corp. - Common Stock,G,N,N,NASDAQ
ARLP,"Alliance Resource Partners, L.P. - Common Units Representing Limited Partnership Interests",Q,N,N,NASDAQ
ARM,Arm Holdings plc - American Depositary Shares,Q,N,N,NASDAQ
ARMG,Leverage Shares 2X Long ARM Daily ETF,G,Y,N,NASDAQ
ARMY,Tema International Defense ETF,G,Y,N,NASDAQ
AROW,Arrow Financial Corporation - Common Stock,Q,N,N,NASDAQ
ARQ,"Arq, Inc. - Common Stock",G,N,N,NASDAQ
ARQQ,Arqit Quantum Inc. - Ordinary Shares,S,N,N,NASDAQ
ARQQW,Arqit Quantum Inc. - Warrants,S,N,N,NASDAQ
ARQT,"Arcutis Biotherapeutics, Inc. - Common stock",Q,N,N,NASDAQ
ARRY,"Array Technologies, Inc. - Common Stock",G,N,N,NASDAQ
ARTC,Art Technology Acquisition Corp. - Class A Ordinary Shares,G,N,N,NASDAQ
ARTCU,Art Technology Acquisition Corp. - Units,G,N,N,NASDAQ
ARTCW,Art Technology Acquisition Corp. - Warrants,G,N,N,NASDAQ
ARTL,"Artelo Biosciences, Inc. - Common Stock",S,N,N,NASDAQ
ARTNA,Artesian Resources Corporation - Class A Non-Voting Common Stock,Q,N,N,NASDAQ
ARTV,"Artiva Biotherapeutics, Inc. - Common Stock",G,N,N,NASDAQ
ARTW,"Art's-Way Manufacturing Co., Inc. - Common Stock",S,N,N,NASDAQ
ARVN,"Arvinas, Inc. - Common Stock",Q,N,N,NASDAQ
ARVR,First Trust Indxx Metaverse ETF,G,Y,N,NASDAQ
ARWR,"Arrowhead Pharmaceuticals, Inc. - Common Stock",Q,N,N,NASDAQ
ARXS,"Arxis, Inc. - Class A Common Stock",Q,N,N,NASDAQ
ASBP,"Aspire Biopharma Holdings, Inc.  - Common Stock",S,N,N,NASDAQ
ASBPW,"Aspire Biopharma Holdings, Inc.  - Warrant",S,N,N,NASDAQ
ASCI,abrdn International Small Cap Active ETF,G,Y,N,NASDAQ
ASD,Defiance Autism Impact ETF,G,Y,N,NASDAQ
ASEC,American Century Securitized Credit ETF,G,Y,N,NASDAQ
ASLE,AerSale Corporation - Common Stock,S,N,N,NASDAQ
ASMB,"Assembly Biosciences, Inc. - Common Stock",Q,N,N,NASDAQ
ASMG,Leverage Shares 2X Long ASML Daily ETF,G,Y,N,NASDAQ
ASML,ASML Holding N.V. - New York Registry Shares,Q,N,N,NASDAQ
ASMU,Direxion Daily ASML Bull 2X ETF,G,Y,N,NASDAQ
ASND,Ascendis Pharma A/S - Ordinary Share,Q,N,N,NASDAQ
ASO,"Academy Sports and Outdoors, Inc. - Common Stock",Q,N,N,NASDAQ
ASPC,A SPAC III Acquisition Corp. - Class A Ordinary Shares,S,N,N,NASDAQ
ASPCR,A SPAC III Acquisition Corp. - Right,S,N,N,NASDAQ
ASPCU,A SPAC III Acquisition Corp. - Unit,S,N,N,NASDAQ
ASPI,ASP Isotopes Inc. - Common Stock,S,N,N,NASDAQ
ASPS,Altisource Portfolio Solutions S.A. - Common Stock,Q,N,N,NASDAQ
ASPSW,Altisource Portfolio Solutions S.A. - Net Settle Stakeholder Warrants,Q,N,N,NASDAQ
ASPSZ,Altisource Portfolio Solutions S.A. - Cash Exercise Stakeholder Warrants,Q,N,N,NASDAQ
ASRV,AmeriServ Financial Inc. - Common Stock,G,N,N,NASDAQ
ASST,"Strive, Inc. - Class A Common Stock",G,N,N,NASDAQ
ASTC,Astrotech Corporation - Common Stock,S,N,N,NASDAQ
ASTE,"Astec Industries, Inc. - Common Stock",Q,N,N,NASDAQ
ASTH,Astrana Health Inc. - Common Stock,S,N,N,NASDAQ
ASTI,"Ascent Solar Technologies, Inc - Common Stock",S,N,N,NASDAQ
ASTL,Algoma Steel Group Inc. - Common Shares,G,N,N,NASDAQ
ASTLW,Algoma Steel Group Inc. - Warrant,G,N,N,NASDAQ
ASTS,"AST SpaceMobile, Inc. - Class A Common Stock",Q,N,N,NASDAQ
ASUR,Asure Software Inc - Common Stock,S,N,N,NASDAQ
ASYS,"Amtech Systems, Inc. - Common Stock",Q,N,N,NASDAQ
ATAI,AtaiBeckley Inc. - Common Stock,G,N,N,NASDAQ
ATAT,Atour Lifestyle Holdings Limited - American Depositary Shares,Q,N,N,NASDAQ
ATC,GraniteShares Autocallable COIN ETF,G,Y,N,NASDAQ
ATCX,Atlas Critical Minerals Corporation - Common Stock,S,N,N,NASDAQ
ATEC,"Alphatec Holdings, Inc. - Common Stock",Q,N,N,NASDAQ
ATER,"Aterian, Inc. - Common Stock",S,N,N,NASDAQ
ATEX,Anterix Inc. - Common Stock,S,N,N,NASDAQ
ATGL,Alpha Technology Group Limited - Class A Ordinary Shares,S,N,N,NASDAQ
ATHE,Alterity Therapeutics Limited - American Depositary Shares,S,N,N,NASDAQ
ATHR,"Aether Holdings, Inc. - Common Stock",S,N,N,NASDAQ
ATII,Archimedes Tech SPAC Partners II Co. - Ordinary Shares,G,N,N,NASDAQ
ATIIU,Archimedes Tech SPAC Partners II Co. - Unit,G,N,N,NASDAQ
ATIIW,Archimedes Tech SPAC Partners II Co. - Warrant,G,N,N,NASDAQ
ATLC,Atlanticus Holdings Corporation - Common Stock,Q,N,N,NASDAQ
ATLCL,Atlanticus Holdings Corporation - 6.125% Senior Notes due 2026,G,N,N,NASDAQ
ATLCP,"Atlanticus Holdings Corporation - 7.625% Series B Cumulative Perpetual Preferred Stock, no par value per share",Q,N,N,NASDAQ
ATLCZ,Atlanticus Holdings Corporation - 9.25% Senior Notes due 2029,G,N,N,NASDAQ
ATLN,Atlantic International Corp. - Common Stock,G,N,N,NASDAQ
ATLO,Ames National Corporation - Common Stock,S,N,N,NASDAQ
ATLX,Atlas Lithium Corporation - Common Stock,S,N,N,NASDAQ
ATNI,"ATN International, Inc. - Common Stock",Q,N,N,NASDAQ
ATOM,Atomera Incorporated - Common Stock,S,N,N,NASDAQ
ATOS,"Atossa Therapeutics, Inc. - Common Stock",S,N,N,NASDAQ
ATPC,Agape ATP Corporation - Common Stock,S,N,N,NASDAQ
ATRA,"Atara Biotherapeutics, Inc. - Common Stock",Q,N,N,NASDAQ
ATRC,"AtriCure, Inc. - Common Stock",G,N,N,NASDAQ
ATRO,Astronics Corporation - Common Stock,Q,N,N,NASDAQ
ATXG,Addentax Group Corp. - Common Stock,S,N,N,NASDAQ
ATYR,"aTyr Pharma, Inc. - Common Stock",S,N,N,NASDAQ
AUBN,"Auburn National Bancorporation, Inc. - Common Stock",G,N,N,NASDAQ
AUC,ATIF Holdings Limited - Ordinary Shares,S,N,N,NASDAQ
AUDC,AudioCodes Ltd. - Ordinary Shares,Q,N,N,NASDAQ
AUGO,Aura Minerals Inc. - Common Shares,Q,N,N,NASDAQ
AUID,authID Inc. - Common Stock,S,N,N,NASDAQ
AUMI,Themes Gold Miners ETF,G,Y,N,NASDAQ
AUPH,Aurinia Pharmaceuticals Inc - Common Shares,G,N,N,NASDAQ
AUR,"Aurora Innovation, Inc.  - Class A Common Stock",Q,N,N,NASDAQ
AURA,"Aura Biosciences, Inc. - Common Stock",G,N,N,NASDAQ
AURE,Aurelion Inc.  - Class A Ordinary Shares,S,N,N,NASDAQ
AUROW,"Aurora Innovation, Inc.  - Warrant",Q,N,N,NASDAQ
AUTL,Autolus Therapeutics plc - American Depositary Shares,Q,N,N,NASDAQ
AUUD,Auddia Inc. - Common Stock,S,N,N,NASDAQ
AVAH,Aveanna Healthcare Holdings Inc. - Common Stock,Q,N,N,NASDAQ
AVAT,Avalanche Treasury Corporation - Class A Common Stock,S,N,N,NASDAQ
AVAV,"AeroVironment, Inc. - Common Stock",Q,N,N,NASDAQ
AVBH,"Avidbank Holdings, Inc. - Common Stock",Q,N,N,NASDAQ
AVBP,"ArriVent BioPharma, Inc. - Common Stock",G,N,N,NASDAQ
AVGB,Avantis Credit ETF,G,Y,N,NASDAQ
AVGG,Leverage Shares 2X Long AVGO Daily ETF,G,Y,N,NASDAQ
AVGO,Broadcom Inc. - Common Stock,Q,N,N,NASDAQ
AVGU,GraniteShares 2x Long AVGO Daily ETF,G,Y,N,NASDAQ
AVGX,Defiance Daily Target 2X Long AVGO ETF,G,Y,N,NASDAQ
AVIR,"Atea Pharmaceuticals, Inc. - common stock",Q,N,N,NASDAQ
AVL,Direxion Daily AVGO Bull 2X ETF,G,Y,N,NASDAQ
AVLN,Avalyn Pharma Inc. - common stock,Q,N,N,NASDAQ
AVNW,"Aviat Networks, Inc. - Common Stock",Q,N,N,NASDAQ
AVO,"Mission Produce, Inc. - Common Stock",Q,N,N,NASDAQ
AVOS,Avos Global Equities ETF,G,Y,N,NASDAQ
AVPT,"AvePoint, Inc. - Class A Common Stock",Q,N,N,NASDAQ
AVR,Anteris Technologies Global Corp. - Common Stock,G,N,N,NASDAQ
AVS,Direxion Daily AVGO Bear 1X ETF,G,Y,N,NASDAQ
AVT,"Avnet, Inc. - Common Stock",Q,N,N,NASDAQ
AVTX,"Avalo Therapeutics, Inc. - Common Stock",S,N,N,NASDAQ
AVUQ,Avantis U.S. Quality ETF,G,Y,N,NASDAQ
AVX,Avax One Technology Ltd. - Common Shares,S,N,N,NASDAQ
AVXC,Avantis Emerging Markets ex-China Equity ETF,G,Y,N,NASDAQ
AVXL,Anavex Life Sciences Corp. - Common Stock,Q,N,N,NASDAQ
AVXX,Defiance Daily Target 2x Long AVAV ETF,G,Y,N,NASDAQ
AWRE,"Aware, Inc. - Common Stock",G,N,N,NASDAQ
AXG,Solowin Holdings - Class A Ordinary Share,S,N,N,NASDAQ
AXGN,"Axogen, Inc. - Common Stock",S,N,N,NASDAQ
AXIN,Axiom Intelligence Acquisition Corp 1 - Class A Ordinary Shares,G,N,N,NASDAQ
AXINR,Axiom Intelligence Acquisition Corp 1 - Right,G,N,N,NASDAQ
AXINU,Axiom Intelligence Acquisition Corp 1 - Units,G,N,N,NASDAQ
AXON,"Axon Enterprise, Inc. - Common Stock",Q,N,N,NASDAQ
AXPG,Leverage Shares 2x Long AXP Daily ETF,G,Y,N,NASDAQ
AXSM,"Axsome Therapeutics, Inc. - Common Stock",G,N,N,NASDAQ
AXTI,AXT Inc - Common Stock,Q,N,N,NASDAQ
AYA,Aya Gold & Silver Inc. - Common Shares,Q,N,N,NASDAQ
AYTU,"Aytu BioPharma, Inc.  - Common Stock",S,N,N,NASDAQ
AZ,A2Z Cust2Mate Solutions Corp. - Common Shares,S,N,N,NASDAQ
AZI,Autozi Internet Technology (Global) Ltd. - Class A Ordinary Shares,S,N,N,NASDAQ
AZTA,"Azenta, Inc. - Common Stock",Q,N,N,NASDAQ
AZYY,GraniteShares YieldBoost AMZN ETF,G,Y,N,NASDAQ
BABU,Direxion Daily BABA Bull 2X ETF,G,Y,N,NASDAQ
BABX,GraniteShares 2x Long BABA Daily ETF,G,Y,N,NASDAQ
BACC,Blue Acquisition Corp. - Class A Ordinary Shares,G,N,N,NASDAQ
BACCR,Blue Acquisition Corp. - Right,G,N,N,NASDAQ
BACCU,Blue Acquisition Corp. - Unit,G,N,N,NASDAQ
BAER,"Bridger Aerospace Group Holdings, Inc. - Common Stock",G,N,N,NASDAQ
BAERW,"Bridger Aerospace Group Holdings, Inc. - Warrant",G,N,N,NASDAQ
BAFE,Brown Advisory Flexible Equity ETF,G,Y,N,NASDAQ
BAFN,BayFirst Financial Corp. - Common Stock,S,N,N,NASDAQ
BAIG,Leverage Shares 2X Long BBAI Daily ETF,G,Y,N,NASDAQ
BAIV,Brown Advisory International Value Select ETF,G,Y,N,NASDAQ
BALQ,iShares Nasdaq Premium Income Active ETF,G,Y,N,NASDAQ
BAND,Bandwidth Inc. - Class A Common Stock,Q,N,N,NASDAQ
BANF,BancFirst Corporation - Common Stock,Q,N,N,NASDAQ
BANFP,BancFirst Corporation - 7.2% Cumulative Trust Preferred Securities,Q,N,N,NASDAQ
BANL,CBL International Limited - Class B Ordinary Shares,S,N,N,NASDAQ
BANR,Banner Corporation - Common Stock,Q,N,N,NASDAQ
BANX,ArrowMark Financial Corp. - Closed End Fund,Q,N,N,NASDAQ
BAOS,Baosheng Media Group Holdings Limited - Ordinary shares,S,N,N,NASDAQ
BASG,Brown Advisory Sustainable Growth ETF,G,Y,N,NASDAQ
BASV,Brown Advisory Sustainable Value ETF,G,Y,N,NASDAQ
BATRA,"Atlanta Braves Holdings, Inc. - Series A Common Stock",Q,N,N,NASDAQ
BATRK,"Atlanta Braves Holdings, Inc. - Series C Common Stock",Q,N,N,NASDAQ
BAYA,Bayview Acquisition Corp - Ordinary Share,S,N,N,NASDAQ
BAYAR,Bayview Acquisition Corp - Right,S,N,N,NASDAQ
BAYAU,Bayview Acquisition Corp - Unit,S,N,N,NASDAQ
BBB,CYBER HORNET S&P 500 and Bitcoin 75/25 Strategy ETF,G,Y,N,NASDAQ
BBCP,"Concrete Pumping Holdings, Inc.  - Common Stock",S,N,N,NASDAQ
BBCQ,Bleichroeder Acquisition Corp. II - Class A Ordinary Shares,G,N,N,NASDAQ
BBCQU,Bleichroeder Acquisition Corp. II - Units,G,N,N,NASDAQ
BBCQW,Bleichroeder Acquisition Corp. II - Warrants,G,N,N,NASDAQ
BBGI,"Beasley Broadcast Group, Inc. - Class A Common Stock",S,N,N,NASDAQ
BBH,VanEck Biotech ETF,G,Y,N,NASDAQ
BBIO,"BridgeBio Pharma, Inc. - Common Stock",Q,N,N,NASDAQ
BBLG,Bone Biologics Corp - Common Stock,S,N,N,NASDAQ
BBLGW,Bone Biologics Corp - warrants,S,N,N,NASDAQ
BBNX,"Beta Bionics, Inc. - Common Stock",G,N,N,NASDAQ
BBOT,"BridgeBio Oncology Therapeutics, Inc. - Common Stock",G,N,N,NASDAQ
BBSI,"Barrett Business Services, Inc. - Common Stock",Q,N,N,NASDAQ
BBYY,GraniteShares YieldBOOST BABA ETF,G,Y,N,NASDAQ
BCAB,"BioAtla, Inc. - Common Stock",S,N,N,NASDAQ
BCAL,California BanCorp - Common Stock,S,N,N,NASDAQ
BCAR,D. Boral ARC Acquisition I Corp. - Class A Ordinary Shares,G,N,N,NASDAQ
BCARU,D. Boral ARC Acquisition I Corp. - Units,G,N,N,NASDAQ
BCARW,D. Boral ARC Acquisition I Corp. - Warrant,G,N,N,NASDAQ
BCAX,Bicara Therapeutics Inc. - Common Stock,G,N,N,NASDAQ
BCBP,"BCB Bancorp, Inc. (NJ) - Common Stock",G,N,N,NASDAQ
BCDA,"BioCardia, Inc. - Common Stock",S,N,N,NASDAQ
BCFN,Baron Financials ETF,G,Y,N,NASDAQ
BCG,"Binah Capital Group, Inc. - Common Stock",G,N,N,NASDAQ
BCGWW,"Binah Capital Group, Inc. - Warrants",S,N,N,NASDAQ
BCIC,BCP Investment Corporation - Closed End Fund,Q,N,N,NASDAQ
BCLO,iShares BBB-B CLO Active ETF,G,Y,N,NASDAQ
BCML,BayCom Corp - Common Stock,Q,N,N,NASDAQ
BCPC,Balchem Corporation - Common Stock,Q,N,N,NASDAQ
BCRX,"BioCryst Pharmaceuticals, Inc. - Common Stock",Q,N,N,NASDAQ
BCTK,Baron Technology ETF,G,Y,N,NASDAQ
BCTX,BriaCell Therapeutics Corp. - Common Shares,S,N,N,NASDAQ
BCTXL,BriaCell Therapeutics Corp. - Warrants,S,N,N,NASDAQ
BCTXZ,BriaCell Therapeutics Corp. - Warrant,S,N,N,NASDAQ
BCYC,Bicycle Therapeutics plc - American Depositary Shares,Q,N,N,NASDAQ
BDCI,BTC Development Corp. - Class A Ordinary Shares,G,N,N,NASDAQ
BDCIU,BTC Development Corp. - Unit,G,N,N,NASDAQ
BDCIW,BTC Development Corp. - Warrant,G,N,N,NASDAQ
BDGS,Bridges Capital Tactical ETF,G,Y,N,NASDAQ
BDMD,Baird Medical Investment Holdings Ltd - Ordinary Share,S,N,N,NASDAQ
BDMDW,Baird Medical Investment Holdings Ltd - Warrant,S,N,N,NASDAQ
BDRX,Biodexa Pharmaceuticals plc - American Depositary Shares,S,N,N,NASDAQ
BDSX,"Biodesix, Inc. - Common Stock",G,N,N,NASDAQ
BDTX,"Black Diamond Therapeutics, Inc. - Common Stock",Q,N,N,NASDAQ
BDVL,iShares Disciplined Volatility Equity Active ETF,G,Y,N,NASDAQ
BDYN,iShares Dynamic Equity Active ETF,G,Y,N,NASDAQ
BEAG,Bold Eagle Acquisition Corp. - Class A Ordinary Shares,G,N,N,NASDAQ
BEAGR,Bold Eagle Acquisition Corp. - Right,G,N,N,NASDAQ
BEAGU,Bold Eagle Acquisition Corp. - Units,G,N,N,NASDAQ
BEAM,Beam Therapeutics Inc. - Common Stock,Q,N,N,NASDAQ
BEAT,"Heartbeam, Inc. - Common Stock",S,N,N,NASDAQ
BEATW,"Heartbeam, Inc. - Warrant",S,N,N,NASDAQ
BEDY,BNY Mellon Enhanced Dividend and Income ETF,G,Y,N,NASDAQ
BEEM,Beam Global - Common Stock,S,N,N,NASDAQ
BEEP,Mobile Infrastructure Corporation - Common Stock,G,N,N,NASDAQ
BEEX,The Beehive ETF,G,Y,N,NASDAQ
BEEZ,Honeytree U.S. Equity ETF,G,Y,N,NASDAQ
BEG,Leverage Shares 2x Long BE Daily ETF,G,Y,N,NASDAQ
BELFA,Bel Fuse Inc. - Class A Common Stock,Q,N,N,NASDAQ
BELFB,Bel Fuse Inc. - Class B Common Stock,Q,N,N,NASDAQ
BELT,iShares U.S. Select Equity Active ETF,G,Y,N,NASDAQ
BENF,Beneficient - Class A Common Stock,S,N,N,NASDAQ
BENFW,Beneficient - Warrant,S,N,N,NASDAQ
BESO,GSR Crypto Core3 ETF,G,Y,N,NASDAQ
BETR,Better Home & Finance Holding Company - Class A Common Stock,G,N,N,NASDAQ
BETRW,Better Home & Finance Holding Company - Warrant,G,N,N,NASDAQ
BFC,Bank First Corporation - Common Stock,S,N,N,NASDAQ
BFLX,iShares Flexible Equity Active ETF,G,Y,N,NASDAQ
BFRG,"Bullfrog AI Holdings, Inc. - Common Stock",S,N,N,NASDAQ
BFRGW,"Bullfrog AI Holdings, Inc. - Warrants",S,N,N,NASDAQ
BFRI,Biofrontera Inc. - Common Stock,S,N,N,NASDAQ
BFRIW,Biofrontera Inc. - Warrants,S,N,N,NASDAQ
BFST,"Business First Bancshares, Inc. - Common Stock",Q,N,N,NASDAQ
BGC,"BGC Group, Inc. - Class A Common Stock",Q,N,N,NASDAQ
BGCG,Baillie Gifford International Concentrated Growth ETF,G,Y,N,NASDAQ
BGDE,"Big Digital Energy, Inc. - Common Stock",S,N,N,NASDAQ
BGEG,Baillie Gifford Emerging Markets ETF,G,Y,N,NASDAQ
BGGG,Baillie Gifford Long Term Global Growth ETF,G,Y,N,NASDAQ
BGIA,Baillie Gifford International Alpha ETF,G,Y,N,NASDAQ
BGIN,Bgin Blockchain Limited - Class A Ordinary Shares,G,N,N,NASDAQ
BGL,Blue Gold Limited - Class A ordinary shares,G,N,N,NASDAQ
BGLC,BioNexus Gene Lab Corp - Common stock,S,N,N,NASDAQ
BGLWW,Blue Gold Limited - Warrant,S,N,N,NASDAQ
BGM,BGM Group Ltd. - Class A Ordinary Shares,S,N,N,NASDAQ
BGMS,"Bio Green Med Solution, Inc. - Common Stock",S,N,N,NASDAQ
BGRN,iShares USD Green Bond ETF,G,Y,N,NASDAQ
BGRO,iShares Large Cap Growth Active ETF,G,Y,N,NASDAQ
BHAV,BHAV Acquisition Corp - Class A Ordinary Shares,G,N,N,NASDAQ
BHAVR,BHAV Acquisition Corp - Rights,G,N,N,NASDAQ
BHAVU,BHAV Acquisition Corp - Units,G,N,N,NASDAQ
BHDG,Nicholas Bitcoin Tail ETF,G,Y,N,NASDAQ
BHF,"Brighthouse Financial, Inc. - Common Stock",Q,N,N,NASDAQ
BHFAL,"Brighthouse Financial, Inc. - Junior Subordinated Debentures due 2058",Q,N,N,NASDAQ
BHFAM,"Brighthouse Financial, Inc. - Depositary shares each representing a 1/1,000th Interest in a Share of 4.625% Non-Cumulative Preferred Stock, Series D",Q,N,N,NASDAQ
BHFAN,"Brighthouse Financial, Inc. - depositary shares, each representing a 1/1,000th interest in a share of 5.375% Non-Cumulative Preferred Stock, Series C",Q,N,N,NASDAQ
BHFAO,"Brighthouse Financial, Inc. - Depositary Shares, each representing a 1/1,000th interest in a share of 6.750% Non-Cumulative Preferred Stock, Series B",Q,N,N,NASDAQ
BHFAP,"Brighthouse Financial, Inc. - Depositary Shares 6.6% Non-Cumulative Preferred Stock, Series A",Q,N,N,NASDAQ
BHRB,Burke & Herbert Financial Services Corp. - Common Stock,S,N,N,NASDAQ
BHST,BioHarvest Sciences Inc. - Common Stock,G,N,N,NASDAQ
BIAF,"bioAffinity Technologies, Inc. - Common Stock",S,N,N,NASDAQ
BIAFW,"bioAffinity Technologies, Inc. - Warrant",S,N,N,NASDAQ
BIB,ProShares Ultra Nasdaq Biotechnology,G,Y,N,NASDAQ
BIDG,Leverage Shares 2X Long BIDU Daily ETF,G,Y,N,NASDAQ
BIDU,"Baidu, Inc. - American Depositary Shares, each representing 8 ordinary share",Q,N,N,NASDAQ
BIDWU,Tribeca Strategic Acquisition Corp. - Unit,G,N,N,NASDAQ
BIIB,Biogen Inc. - Common Stock,Q,N,N,NASDAQ
BILI,Bilibili Inc. - American Depositary Shares,Q,N,N,NASDAQ
BIOA,"BioAge Labs, Inc. - Common Stock",Q,N,N,NASDAQ
BIOX,Bioceres Crop Solutions Corp. - Ordinary Shares,Q,N,N,NASDAQ
BIOY,GraniteShares YieldBOOST Biotech ETF,G,Y,N,NASDAQ
BIRD,"Smartbird, Inc. - Class A Common Stock",Q,N,N,NASDAQ
BIS,ProShares UltraShort Nasdaq Biotechnology,G,Y,N,NASDAQ
BITA,iShares Bitcoin Premium Income ETF,G,Y,N,NASDAQ
BITS,Global X Blockchain & Bitcoin Strategy ETF,G,Y,N,NASDAQ
BIVI,BioVie Inc. - Common stock,S,N,N,NASDAQ
BIVIW,BioVie Inc. - Warrant,S,N,N,NASDAQ
BIXI,Bitcoin Infrastructure Acquisition Corp Ltd. - Class A Ordinary Shares,G,N,N,NASDAQ
BIXIU,Bitcoin Infrastructure Acquisition Corp Ltd. - Units,G,N,N,NASDAQ
BIXIW,Bitcoin Infrastructure Acquisition Corp Ltd. - Warrants,G,N,N,NASDAQ
BIYA,Baiya International Group Inc.  - Ordinary Shares,S,N,N,NASDAQ
BJDX,"Bluejay Diagnostics, Inc. - Common Stock",S,N,N,NASDAQ
BJRI,"BJ's Restaurants, Inc. - Common Stock",Q,N,N,NASDAQ
BKCH,Global X Blockchain ETF,G,Y,N,NASDAQ
BKHA,Black Hawk Acquisition Corporation - Class A Ordinary Shares,G,N,N,NASDAQ
BKHAR,Black Hawk Acquisition Corporation - Rights,G,N,N,NASDAQ
BKHAU,Black Hawk Acquisition Corporation - Units,G,N,N,NASDAQ
BKMI,BNY Mellon Municipal Intermediate ETF,G,Y,N,NASDAQ
BKMS,BNY Mellon Municipal Short Duration ETF,G,Y,N,NASDAQ
BKNG,Booking Holdings Inc. - Common Stock,Q,N,N,NASDAQ
BKR,Baker Hughes Company - Common Stock,Q,N,N,NASDAQ
BL,"BlackLine, Inc. - Common Stock",Q,N,N,NASDAQ
BLBD,Blue Bird Corporation - Common Stock,G,N,N,NASDAQ
BLCN,Siren NexGen Economy ETF,G,Y,N,NASDAQ
BLCR,iShares Large Cap Core Active ETF,G,Y,N,NASDAQ
BLDP,"Ballard Power Systems, Inc. - Common Shares",G,N,N,NASDAQ
BLFS,"BioLife Solutions, Inc. - Common Stock",S,N,N,NASDAQ
BLIN,"Bridgeline Digital, Inc. - Common Stock",S,N,N,NASDAQ
BLIV,BeLive Holdings - ordinary shares,S,N,N,NASDAQ
BLKB,"Blackbaud, Inc. - Common Stock",Q,N,N,NASDAQ
BLLN,"BillionToOne, Inc. - Class A common stock",Q,N,N,NASDAQ
BLMN,"Bloomin' Brands, Inc. - Common Stock",Q,N,N,NASDAQ
BLNE,"Beeline Holdings, Inc. - Common Stock",S,N,N,NASDAQ
BLNK,Blink Charging Co. - Common Stock,S,N,N,NASDAQ
BLRK,Bluerock Acquisition Corp. - Class A Ordinary Shares,G,N,N,NASDAQ
BLRKU,Bluerock Acquisition Corp. - Units,G,N,N,NASDAQ
BLRKW,Bluerock Acquisition Corp. - Warrants,G,N,N,NASDAQ
BLRX,BioLineRx Ltd. - American Depositary Shares,S,N,N,NASDAQ
BLSG,Leverage Shares 2X Long BLSH Daily ETF,G,Y,N,NASDAQ
BLTE,"Belite Bio, Inc - American Depositary Shares",S,N,N,NASDAQ
BLUW,Blue Water Acquisition Corp. III - Class A Ordinary Shares,G,N,N,NASDAQ
BLUWU,Blue Water Acquisition Corp. III - Unit.,G,N,N,NASDAQ
BLUWW,Blue Water Acquisition Corp. III - Warrant.,G,N,N,NASDAQ
BLZE,"Backblaze, Inc. - Common Stock",G,N,N,NASDAQ
BLZR,Trailblazer Acquisition Corp. - Class A Ordinary Shares,G,N,N,NASDAQ
BLZRU,Trailblazer Acquisition Corp. - Unit,G,N,N,NASDAQ
BLZRW,Trailblazer Acquisition Corp. - Warrant,G,N,N,NASDAQ
BMBL,Bumble Inc. - common stock,Q,N,N,NASDAQ
BMEA,"Biomea Fusion, Inc. - Common Stock",Q,N,N,NASDAQ
BMGL,Basel Medical Group Ltd - ordinary shares,S,N,N,NASDAQ
BMHL,Bluemount Holdings Limited - Class B Ordinary Shares,S,N,N,NASDAQ
BMM,Blue Moon Metals Inc. - Common Shares,S,N,N,NASDAQ
BMNG,Leverage Shares 2X Long BMNR Daily ETF,G,Y,N,NASDAQ
BMOP,BNY Mellon Municipal Opportunities ETF,G,Y,N,NASDAQ
BMR,Beamr Imaging Ltd. - Ordinary Share,S,N,N,NASDAQ
BMRA,"Biomerica, Inc. - Common Stock",S,N,N,NASDAQ
BMRC,Bank of Marin Bancorp - Common Stock,Q,N,N,NASDAQ
BMRN,BioMarin Pharmaceutical Inc. - Common Stock,Q,N,N,NASDAQ
BNAI,Brand Engagement Network Inc. - Common Stock,S,N,N,NASDAQ
BNAIW,Brand Engagement Network Inc. - Warrant,S,N,N,NASDAQ
BNBX,BNB Plus Corp. - Common Stock,S,N,N,NASDAQ
BNC,CEA Industries Inc. - Common Stock,S,N,N,NASDAQ
BNCWW,CEA Industries Inc. - Warrant,S,N,N,NASDAQ
BNCWZ,CEA Industries Inc. - Warrants,S,N,N,NASDAQ
BND,Vanguard Total Bond Market ETF,G,Y,N,NASDAQ
BNDP,Vanguard Core-Plus Bond Index ETF,G,Y,N,NASDAQ
BNDW,Vanguard Total World Bond ETF,G,Y,N,NASDAQ
BNDX,Vanguard Total International Bond ETF,G,Y,N,NASDAQ
BNGO,"Bionano Genomics, Inc. - Common Stock",S,N,N,NASDAQ
BNKK,"Bonk, Inc. - Common Stock",S,N,N,NASDAQ
BNR,Burning Rock Biotech Limited - American Depositary Shares,G,N,N,NASDAQ
BNRG,Brenmiller Energy Ltd - Ordinary Shares,S,N,N,NASDAQ
BNTC,Benitec Biopharma Inc. - Common Stock,S,N,N,NASDAQ
BNTX,BioNTech SE - American Depositary Shares,Q,N,N,NASDAQ
BNZI,"Banzai International, Inc. - Class A Common Stock",S,N,N,NASDAQ
BNZIW,"Banzai International, Inc. - Warrant",S,N,N,NASDAQ
BODI,"The Beachbody Company, Inc. - Class A Common Stock",S,N,N,NASDAQ
BOEG,Leverage Shares 2X Long BA Daily ETF,G,Y,N,NASDAQ
BOEU,Direxion Daily BA Bull 2X ETF,G,Y,N,NASDAQ
BOF,BranchOut Food Inc. - Common Stock,S,N,N,NASDAQ
BOKF,BOK Financial Corporation - Common Stock,Q,N,N,NASDAQ
BOLD,"Boundless Bio, Inc. - Common Stock",Q,N,N,NASDAQ
BOLT,"Bolt Biotherapeutics, Inc. - Common Stock",S,N,N,NASDAQ
BON,Bon Natural Life Limited - Class A Ordinary Shares,S,N,N,NASDAQ
BOOM,DMC Global Inc. - Common Stock,Q,N,N,NASDAQ
BOSC,B.O.S. Better Online Solutions - Ordinary Shares,S,N,N,NASDAQ
BOT,"RoboStrategy, Inc. - Common Stock",G,N,N,NASDAQ
BOTJ,"Bank of the James Financial Group, Inc. - Common Stock",S,N,N,NASDAQ
BOTT,Themes Humanoid Robotics ETF,G,Y,N,NASDAQ
BOTZ,Global X Robotics & Artificial Intelligence ETF,G,Y,N,NASDAQ
BOXL,Boxlight Corporation - Class A Common Stock,S,N,N,NASDAQ
BPAC,Blueport Acquisition Ltd - Class A Ordinary Shares,S,N,N,NASDAQ
BPACR,Blueport Acquisition Ltd - Rights,S,N,N,NASDAQ
BPACU,Blueport Acquisition Ltd - Units,S,N,N,NASDAQ
BPOP,"Popular, Inc. - Common Stock",Q,N,N,NASDAQ
BPOPM,"Popular, Inc. - Popular Capital Trust II - 6.125% Cumulative Monthly Income Trust Preferred Securities",Q,N,N,NASDAQ
BPRN,"Princeton Bancorp, Inc. - Common Stock",Q,N,N,NASDAQ
BPYPM,"Brookfield Property Partners L.P. - 6.25% Class A Cumulative Redeemable Preferred Units, Series 1",Q,N,N,NASDAQ
BPYPN,"Brookfield Property Partners L.P. - 5.750% Class A Cumulative Redeemable Perpetual Preferred Units, Series 3",Q,N,N,NASDAQ
BPYPO,"Brookfield Property Partners L.P. - 6.375% Class A Cumulative Redeemable Perpetual Preferred Units, Series 2",Q,N,N,NASDAQ
BPYPP,Brookfield Property Partners L.P. - 6.50% Class A Cumulative Redeemable Perpetual Preferred Units,Q,N,N,NASDAQ
BRAG,Bragg Gaming Group Inc. - Common Shares,Q,N,N,NASDAQ
BRAI,Braiin Limited - Common Stock,G,N,N,NASDAQ
BRBI,BRBI BR Partners S.A. - ADSs,S,N,N,NASDAQ
BRCB,"Black Rock Coffee Bar, Inc. - Class A Common Stock",G,N,N,NASDAQ
BREM,iShares Emerging Markets Bond Active ETF,G,Y,N,NASDAQ
BRES,Burney U.S. Equity Select ETF,G,Y,N,NASDAQ
BREZ,Breeze Acquisition Corp. II - Ordinary Shares,G,N,N,NASDAQ
BREZR,Breeze Acquisition Corp. II - Rights,G,N,N,NASDAQ
BRFH,Barfresh Food Group Inc. - Common Stock,S,N,N,NASDAQ
BRHY,iShares High Yield Active ETF,G,Y,N,NASDAQ
BRID,Bridgford Foods Corporation - Common Stock,G,N,N,NASDAQ
BRKHU,Burtech Acquisition Corp II - Units,S,N,N,NASDAQ
BRKR,Bruker Corporation - Common Stock,Q,N,N,NASDAQ
BRKRP,"Bruker Corporation - 6.375% Mandatory Convertible Preferred Stock, Series A",Q,N,N,NASDAQ
BRKU,Direxion Daily BRKB Bull 2X ETF,G,Y,N,NASDAQ
BRLS,Borealis Foods Inc. - Class A Common Shares,S,N,N,NASDAQ
BRLSW,Borealis Foods Inc. - Warrant,S,N,N,NASDAQ
BRLT,"Brilliant Earth Group, Inc. - Class A Common Stock",G,N,N,NASDAQ
BRNS,Barinthus Biotherapeutics plc - American Depositary Shares,G,N,N,NASDAQ
BRNY,Burney U.S. Factor Rotation ETF,G,Y,N,NASDAQ
BRR,"ProCap Financial, Inc. - Common Stock",G,N,N,NASDAQ
BRRR,Coinshares Bitcoin ETF,G,Y,N,NASDAQ
BRRWW,"ProCap Financial, Inc. - Warrant.",S,N,N,NASDAQ
BRTR,iShares Total Return Active ETF,G,Y,N,NASDAQ
BRTX,"BioRestorative Therapies, Inc. - Common Stock",S,N,N,NASDAQ
BRUN,Boost Run Inc. - Class A Common Stock,G,N,N,NASDAQ
BRUNW,Boost Run Inc. - Warrant,S,N,N,NASDAQ
BRZE,"Braze, Inc. - Class A Common Stock",Q,N,N,NASDAQ
BSAA,BEST SPAC I Acquisition Corp. - Class A Ordinary Shares,S,N,N,NASDAQ
BSAAR,BEST SPAC I Acquisition Corp. - Rights,S,N,N,NASDAQ
BSAAU,BEST SPAC I Acquisition Corp. - Unit,S,N,N,NASDAQ
BSBK,Bogota Financial Corp. - Common Stock,S,N,N,NASDAQ
BSCA,Invesco BulletShares 2036 Corporate Bond ETF,G,Y,N,NASDAQ
BSCQ,Invesco BulletShares 2026 Corporate Bond ETF,G,Y,N,NASDAQ
BSCR,Invesco BulletShares 2027 Corporate Bond ETF,G,Y,N,NASDAQ
BSCS,Invesco BulletShares 2028 Corporate Bond ETF,G,Y,N,NASDAQ
BSCT,Invesco BulletShares 2029 Corporate Bond ETF,G,Y,N,NASDAQ
BSCU,Invesco BulletShares 2030 Corporate Bond ETF,G,Y,N,NASDAQ
BSCV,Invesco BulletShares 2031 Corporate Bond ETF,G,Y,N,NASDAQ
BSCW,Invesco BulletShares 2032 Corporate Bond ETF,G,Y,N,NASDAQ
BSCX,Invesco BulletShares 2033 Corporate Bond ETF,G,Y,N,NASDAQ
BSCY,Invesco BulletShares 2034 Corporate Bond ETF,G,Y,N,NASDAQ
BSCZ,Invesco BulletShares 2035 Corporate Bond ETF,G,Y,N,NASDAQ
BSET,"Bassett Furniture Industries, Incorporated - Common Stock",Q,N,N,NASDAQ
BSGR,Invesco BulletShares 2027 Treasury Bond ETF,G,Y,N,NASDAQ
BSGT,Invesco BulletShares 2029 Treasury Bond ETF,G,Y,N,NASDAQ
BSIN,Big Sky Industrial Inc. - Common Stock,S,N,N,NASDAQ
BSJQ,Invesco BulletShares 2026 High Yield Corporate Bond ETF,G,Y,N,NASDAQ
BSJR,Invesco BulletShares 2027 High Yield Corporate Bond ETF,G,Y,N,NASDAQ
BSJS,Invesco BulletShares 2028 High Yield Corporate Bond ETF,G,Y,N,NASDAQ
BSJT,Invesco BulletShares 2029 High Yield Corporate Bond ETF,G,Y,N,NASDAQ
BSJU,Invesco BulletShares 2030 High Yield Corporate Bond ETF,G,Y,N,NASDAQ
BSJV,Invesco BulletShares 2031 High Yield Corporate Bond ETF,G,Y,N,NASDAQ
BSJW,Invesco BulletShares 2032 High Yield Corporate Bond ETF,G,Y,N,NASDAQ
BSJX,Invesco BulletShares 2033 High Yield Corporate Bond ETF,G,Y,N,NASDAQ
BSJY,Invesco BulletShares 2034 High Yield Corporate Bond ETF,G,Y,N,NASDAQ
BSMQ,Invesco BulletShares 2026 Municipal Bond ETF,G,Y,N,NASDAQ
BSMR,Invesco BulletShares 2027 Municipal Bond ETF,G,Y,N,NASDAQ
BSMS,Invesco BulletShares 2028 Municipal Bond ETF,G,Y,N,NASDAQ
BSMT,Invesco BulletShares 2029 Municipal Bond ETF,G,Y,N,NASDAQ
BSMU,Invesco BulletShares 2030 Municipal Bond ETF,G,Y,N,NASDAQ
BSMV,Invesco BulletShares 2031 Municipal Bond ETF,G,Y,N,NASDAQ
BSMW,Invesco BulletShares 2032 Municipal Bond ETF,G,Y,N,NASDAQ
BSMY,Invesco BulletShares 2034 Municipal Bond ETF,G,Y,N,NASDAQ
BSMZ,Invesco BulletShares 2035 Municipal Bond ETF,G,Y,N,NASDAQ
BSRR,Sierra Bancorp - Common Stock,Q,N,N,NASDAQ
BSSX,Invesco BulletShares 2033 Municipal Bond ETF,G,Y,N,NASDAQ
BSTS,Invesco BulletShares 2028 Treasury Bond ETF,G,Y,N,NASDAQ
BSTU,Invesco BulletShares 2030 Treasury Bond ETF,G,Y,N,NASDAQ
BSTV,Invesco BulletShares 2031 Treasury Bond ETF,G,Y,N,NASDAQ
BSVN,Bank7 Corp. - Common stock,Q,N,N,NASDAQ
BSVO,EA Bridgeway Omni Small-Cap Value ETF,G,Y,N,NASDAQ
BSY,"Bentley Systems, Incorporated - Class B Common Stock",Q,N,N,NASDAQ
BTAI,"BioXcel Therapeutics, Inc. - Common Stock",S,N,N,NASDAQ
BTBD,"BT Brands, Inc. - Common Stock",S,N,N,NASDAQ
BTBDW,"BT Brands, Inc. - Warrant",S,N,N,NASDAQ
BTBT,"Bit Digital, Inc. - Ordinary Share",S,N,N,NASDAQ
BTCS,BTCS Inc. - Common Stock,S,N,N,NASDAQ
BTCT,BTC Digital Ltd. - Ordinary Shares,S,N,N,NASDAQ
BTDR,Bitdeer Technologies Group - Ordinary Shares,S,N,N,NASDAQ
BTF,CoinShares Bitcoin and Ether ETF,G,Y,N,NASDAQ
BTGD,STKd 100% Bitcoin & 100% Gold ETF,G,Y,N,NASDAQ
BTMD,Biote Corp. - Class A common stock,G,N,N,NASDAQ
BTOC,Armlogi Holding Corp. - common stock,S,N,N,NASDAQ
BTOG,Bit Origin Limited - Class A Ordinary Shares,S,N,N,NASDAQ
BTQ,BTQ Technologies Corp. - Common Stock,G,N,N,NASDAQ
BTSG,"BrightSpring Health Services, Inc. - Common Stock",Q,N,N,NASDAQ
BTSGU,"BrightSpring Health Services, Inc. - Tangible Equity Unit",Q,N,N,NASDAQ
BTTC,Black Titan Corp - Ordinary Shares,S,N,N,NASDAQ
BUFC,AB Conservative Buffer ETF,G,Y,N,NASDAQ
BUFI,AB International Buffer ETF,G,Y,N,NASDAQ
BUFM,AB Moderate Buffer ETF,G,Y,N,NASDAQ
BUG,Global X Cybersecurity ETF,G,Y,N,NASDAQ
BULD,Pacer BlueStar Engineering the Future ETF,G,Y,N,NASDAQ
BULG,Leverage Shares 2X Long BULL Daily ETF,G,Y,N,NASDAQ
BULL,Webull Corporation - Class A Ordinary Shares,S,N,N,NASDAQ
BULLW,Webull Corporation - Warrants,S,N,N,NASDAQ
BUSE,First Busey Corporation - Common Stock,Q,N,N,NASDAQ
BUSEP,"First Busey Corporation - Depositary Shares, Each Representing a 1/40th Interest in a Share of 8.25% Fixed-Rate Series B Non-Cumulative Perpetual Preferred Stock, $0.001 par value",Q,N,N,NASDAQ
BUUU,BUUU Group Limited - Class A Ordinary Share,S,N,N,NASDAQ
BVC,BitVentures Limited - Ordinary Share,S,N,N,NASDAQ
BVFL,"BV Financial, Inc. - Common Stock",S,N,N,NASDAQ
BVS,Bioventus Inc. - Class A Common Stock,Q,N,N,NASDAQ
BWAY,BrainsWay Ltd. - American Depositary Shares,G,N,N,NASDAQ
BWB,"Bridgewater Bancshares, Inc. - Common Stock",S,N,N,NASDAQ
BWBBP,"Bridgewater Bancshares, Inc. - Depositary Shares, Each Representing a 1/100th Interest in a Share of 5.875% Non-Cumulative Perpetual Preferred Stock, Series A",S,N,N,NASDAQ
BWEN,"Broadwind, Inc. - Common Stock",S,N,N,NASDAQ
BWFG,"Bankwell Financial Group, Inc. - Common Stock",G,N,N,NASDAQ
BWIN,"The Baldwin Insurance Group, Inc. - Class A Common Stock",Q,N,N,NASDAQ
BWMN,Bowman Consulting Group Ltd. - Common Stock,G,N,N,NASDAQ
BYAH,"Park Ha Biological Technology Co., Ltd. - Class A Ordinary Shares",S,N,N,NASDAQ
BYFC,Broadway Financial Corporation - Class A Common Stock,S,N,N,NASDAQ
BYND,"Beyond Meat, Inc. - Common stock",Q,N,N,NASDAQ
BYRN,"Byrna Technologies, Inc. - Common Stock",S,N,N,NASDAQ
BYSI,"BeyondSpring, Inc. - Ordinary Shares",S,N,N,NASDAQ
BZ,KANZHUN LIMITED - American Depository Shares,Q,N,N,NASDAQ
BZAI,"Blaize Holdings, Inc. - Common Stock",G,N,N,NASDAQ
BZAIW,"Blaize Holdings, Inc. - Warrant",S,N,N,NASDAQ
BZFD,"BuzzFeed, Inc. - Class A Common Stock",S,N,N,NASDAQ
BZFDW,"BuzzFeed, Inc. - Warrant",S,N,N,NASDAQ
BZUN,Baozun Inc. - American Depositary Shares,Q,N,N,NASDAQ
CAAS,"China Automotive Systems, Inc. - Ordinary Share",S,N,N,NASDAQ
CABA,"Cabaletta Bio, Inc. - Common Stock",Q,N,N,NASDAQ
CABR,"Caring Brands, Inc. - Common Stock",S,N,N,NASDAQ
CAC,Camden National Corporation - Common Stock,Q,N,N,NASDAQ
CACC,Credit Acceptance Corporation - Common Stock,Q,N,N,NASDAQ
CADL,"Candel Therapeutics, Inc. - Common Stock",G,N,N,NASDAQ
CAES,"Cantor Equity Partners VII, Inc. - Class A Ordinary Shares",G,N,N,NASDAQ
CAFG,Pacer US Small Cap Cash Cows Growth Leaders ETF,G,Y,N,NASDAQ
CAI,"Caris Life Sciences, Inc. - Common Stock",Q,N,N,NASDAQ
CAII,Collective Acquisition Corp. II - Class A Ordinary Shares,G,N,N,NASDAQ
CAIIU,Collective Acquisition Corp. II - Units,G,N,N,NASDAQ
CAIIW,Collective Acquisition Corp. II - Warrants,G,N,N,NASDAQ
CAIQ,Calamos Nasdaq Autocallable Income ETF,G,Y,N,NASDAQ
CAKE,The Cheesecake Factory Incorporated - Common Stock,Q,N,N,NASDAQ
CALC,"CalciMedica, Inc. - Common Stock",S,N,N,NASDAQ
CALI,iShares Short-Term California Muni Active ETF,G,Y,N,NASDAQ
CALM,"Cal-Maine Foods, Inc. - Common Stock",Q,N,N,NASDAQ
CAMP,CAMP4 Therapeutics Corporation - Common Stock,G,N,N,NASDAQ
CAMT,Camtek Ltd. - Ordinary Shares,G,N,N,NASDAQ
CAN,Canaan Inc. - American Depositary Shares,G,N,N,NASDAQ
CANC,Tema Oncology ETF,G,Y,N,NASDAQ
CANQ,Calamos Nasdaq Equity & Income ETF,G,Y,N,NASDAQ
CAPN,Cayson Acquisition Corp - Ordinary Shares,G,N,N,NASDAQ
CAPNR,Cayson Acquisition Corp - Right,G,N,N,NASDAQ
CAPNU,Cayson Acquisition Corp - Units,G,N,N,NASDAQ
CAPR,"Capricor Therapeutics, Inc. - Common Stock",Q,N,N,NASDAQ
CAPS,Capstone Holding Corp. - Common Stock,S,N,N,NASDAQ
CAQ,Cambridge Acquisition Corp. - Class A Ordinary Shares,G,N,N,NASDAQ
CAQUU,Cambridge Acquisition Corp. - Unit,G,N,N,NASDAQ
CAQUW,Cambridge Acquisition Corp. - Warrants,G,N,N,NASDAQ
CAR,"Avis Budget Group, Inc. - Common Stock",Q,N,N,NASDAQ
CARE,"Carter Bankshares, Inc. - Common Stock",Q,N,N,NASDAQ
CARG,"CarGurus, Inc. - Class A Common Stock",Q,N,N,NASDAQ
CARL,"Carlsmed, Inc. - Common Stock",Q,N,N,NASDAQ
CART,Maplebear Inc. - Common Stock,Q,N,N,NASDAQ
CARY,Angel Oak Income ETF,G,Y,N,NASDAQ
CARZ,First Trust S-Network Future Vehicles & Technology ETF,G,Y,N,NASDAQ
CASH,"Pathward Financial, Inc. - Common Stock",Q,N,N,NASDAQ
CASS,"Cass Information Systems, Inc - Common Stock",Q,N,N,NASDAQ
CAST,"FreeCast, Inc. - Class A common stock",G,N,N,NASDAQ
CASY,"Caseys General Stores, Inc. - Common Stock",Q,N,N,NASDAQ
CATH,Global X S&P 500 Catholic Values ETF,G,Y,N,NASDAQ
CATY,Cathay General Bancorp - Common Stock,Q,N,N,NASDAQ
CBAT,CBAK Energy Technology Limited - Ordinary Shares,S,N,N,NASDAQ
CBC,"Central Bancompany, Inc. - Class A Common Stock",Q,N,N,NASDAQ
CBFV,"CB Financial Services, Inc. - Common Stock",G,N,N,NASDAQ
CBIO,"Crescent Biopharma, Inc. - Common Stock",S,N,N,NASDAQ
CBK,"Commercial Bancgroup, Inc. - Common Stock",S,N,N,NASDAQ
CBLL,"CeriBell, Inc. - Common Stock",Q,N,N,NASDAQ
CBNK,"Capital Bancorp, Inc. - Common Stock",Q,N,N,NASDAQ
CBRL,"Cracker Barrel Old Country Store, Inc. - Common Stock",Q,N,N,NASDAQ
CBRS,Cerebras Systems Inc. - Class A Common Stock,Q,N,N,NASDAQ
CBSH,"Commerce Bancshares, Inc. - Common Stock",Q,N,N,NASDAQ
CBUS,"Cibus, Inc. - Class A Common Stock",S,N,N,NASDAQ
CCAP,"Crescent Capital BDC, Inc. - Common Stock",G,N,N,NASDAQ
CCAQ,Collective Acquisition Corp. - Class A ordinary shares,G,N,N,NASDAQ
CCAQU,Collective Acquisition Corp. - Units,G,N,N,NASDAQ
CCAQW,Collective Acquisition Corp. - Warrants,G,N,N,NASDAQ
CCB,Coastal Financial Corporation - Common Stock,Q,N,N,NASDAQ
CCBG,Capital City Bank Group - Common Stock,Q,N,N,NASDAQ
CCC,CCC Intelligent Solutions Holdings Inc. - Common Stock,Q,N,N,NASDAQ
CCCC,"C4 Therapeutics, Inc. - Common Stock",Q,N,N,NASDAQ
CCD,Calamos Dynamic Convertible & Income Fund - Closed End Fund,Q,N,N,NASDAQ
CCEC,Capital Clean Energy Carriers Corp. - Common Share,Q,N,N,NASDAQ
CCEP,Coca-Cola Europacific Partners plc - Ordinary Shares,Q,N,N,NASDAQ
CCFE,Concourse Capital Focused Equity ETF,G,Y,N,NASDAQ
CCG,Cheche Group Inc. - Class A Ordinary Shares,S,N,N,NASDAQ
CCGWW,Cheche Group Inc. - Warrant,S,N,N,NASDAQ
CCHH,CCH Holdings Ltd - Class A Ordinary Shares,S,N,N,NASDAQ
CCII,Cohen Circle Acquisition Corp. II - Class A Ordinary Shares,G,N,N,NASDAQ
CCIIU,Cohen Circle Acquisition Corp. II - Unit,G,N,N,NASDAQ
CCIIW,Cohen Circle Acquisition Corp. II - Warrant,G,N,N,NASDAQ
CCIX,Churchill Capital Corp IX - Ordinary Shares,G,N,N,NASDAQ
CCIXU,Churchill Capital Corp IX - Unit,G,N,N,NASDAQ
CCIXW,Churchill Capital Corp IX - Warrant,G,N,N,NASDAQ
CCLD,"CareCloud, Inc. - Common Stock",G,N,N,NASDAQ
CCNE,CNB Financial Corporation - Common Stock,Q,N,N,NASDAQ
CCNEP,"CNB Financial Corporation - Depositary shares, each representing a 1/40th ownership interest in a share of 7.125% Series A Fixed- Rate Non-Cumulative Perpetual Preferred Stock",Q,N,N,NASDAQ
CCNR,ALPS/CoreCommodity Natural Resources ETF,G,Y,N,NASDAQ
CCOI,"Cogent Communications Holdings, Inc. - Common Stock",Q,N,N,NASDAQ
CCRN,"Cross Country Healthcare, Inc. - Common Stock",Q,N,N,NASDAQ
CCSB,Carbon Collective Short Duration Green Bond ETF,G,Y,N,NASDAQ
CCSI,"Consensus Cloud Solutions, Inc. - Common Stock",Q,N,N,NASDAQ
CCSO,Carbon Collective Climate Solutions U.S. Equity ETF,G,Y,N,NASDAQ
CCTG,CCSC Technology International Holdings Limited - Class A Ordinary Shares,S,N,N,NASDAQ
CCXI,Churchill Capital Corp XI - Class A Ordinary Shares,G,N,N,NASDAQ
CCXIU,Churchill Capital Corp XI - Units,G,N,N,NASDAQ
CCXIW,Churchill Capital Corp XI - Warrants,G,N,N,NASDAQ
CD,Chaince Digital Holdings Inc. - American Ordinary Shares,G,N,N,NASDAQ
CDC,VictoryShares US EQ Income Enhanced Volatility Wtd ETF,G,Y,N,NASDAQ
CDIG,City Different Investments Global Equity ETF,G,Y,N,NASDAQ
CDIO,Cardio Diagnostics Holdings Inc. - Common stock,S,N,N,NASDAQ
CDIOW,Cardio Diagnostics Holdings Inc. - Warrant,S,N,N,NASDAQ
CDL,VictoryShares US Large Cap High Div Volatility Wtd ETF,G,Y,N,NASDAQ
CDLX,"Cardlytics, Inc. - Common Stock",G,N,N,NASDAQ
CDNA,"CareDx, Inc. - Common Stock",G,N,N,NASDAQ
CDNL,Cardinal Infrastructure Group Inc. - Class A Common Stock,Q,N,N,NASDAQ
CDNS,"Cadence Design Systems, Inc. - Common Stock",Q,N,N,NASDAQ
CDRO,"Codere Online Luxembourg, S.A. - Ordinary Shares",S,N,N,NASDAQ
CDROW,"Codere Online Luxembourg, S.A. - Warrants",S,N,N,NASDAQ
CDT,CDT Equity Inc. - Common Stock,S,N,N,NASDAQ
CDTG,CDT Environmental Technology Investment Holdings Limited - ordinary shares,S,N,N,NASDAQ
CDTTW,CDT Equity Inc. - Warrant,S,N,N,NASDAQ
CDW,CDW Corporation - Common Stock,Q,N,N,NASDAQ
CDXS,"Codexis, Inc. - Common Stock",Q,N,N,NASDAQ
CDZI,"Cadiz, Inc. - Common Stock",G,N,N,NASDAQ
CDZIP,"Cadiz, Inc. - Depositary Shares",G,N,N,NASDAQ
CECO,CECO Environmental Corp. - Common Stock,Q,N,N,NASDAQ
CEFA,Global X S&P Catholic Values Developed ex-U.S. ETF,G,Y,N,NASDAQ
CEG,Constellation Energy Corporation - Common Stock When-Issued,Q,N,N,NASDAQ
CELC,Celcuity Inc. - Common Stock,S,N,N,NASDAQ
CELH,"Celsius Holdings, Inc. - Common Stock",S,N,N,NASDAQ
CELU,Celularity Inc. - Class A Common Stock,S,N,N,NASDAQ
CELUW,Celularity Inc. - Warrant,S,N,N,NASDAQ
CELZ,"Creative Medical Technology Holdings, Inc. - Common Stock",S,N,N,NASDAQ
CENN,Cenntro Inc. - Common Stock,S,N,N,NASDAQ
CENT,Central Garden & Pet Company - Common Stock,Q,N,N,NASDAQ
CENTA,Central Garden & Pet Company - Class A Common Stock Nonvoting,Q,N,N,NASDAQ
CENX,Century Aluminum Company - Common Stock,Q,N,N,NASDAQ
CEPF,"Cantor Equity Partners IV, Inc. - Class A Ordinary Shares",G,N,N,NASDAQ
CEPI,REX Crypto Equity Premium Income ETF,G,Y,N,NASDAQ
CEPO,"Cantor Equity Partners I, Inc. - Class A Ordinary Shares",G,N,N,NASDAQ
CEPS,"Cantor Equity Partners VI, Inc. - Class A Ordinary Shares",G,N,N,NASDAQ
CEPT,"Cantor Equity Partners II, Inc. - Class A ordinary share",G,N,N,NASDAQ
CEPV,"Cantor Equity Partners V, Inc. - Class A Ordinary Shares",G,N,N,NASDAQ
CERS,Cerus Corporation - Common Stock,G,N,N,NASDAQ
CERT,"Certara, Inc. - Common Stock",Q,N,N,NASDAQ
CETX,Cemtrex Inc. - Common Stock,S,N,N,NASDAQ
CETY,"Clean Energy Technologies, Inc. - Common Stock",S,N,N,NASDAQ
CEVA,"CEVA, Inc. - Common Stock",Q,N,N,NASDAQ
CFA,VictoryShares US 500 Volatility Wtd ETF,G,Y,N,NASDAQ
CFBK,CF Bankshares Inc. - Common Stock,S,N,N,NASDAQ
CFFI,C&F Financial Corporation - Common Stock,Q,N,N,NASDAQ
CFFN,"Capitol Federal Financial, Inc. - Common Stock",Q,N,N,NASDAQ
CFO,VictoryShares US 500 Enhanced Volatility Wtd ETF,G,Y,N,NASDAQ
CG,The Carlyle Group Inc. - Common Stock,Q,N,N,NASDAQ
CGABL,The Carlyle Group Inc. - 4.625% Subordinated Notes due 2061,Q,N,N,NASDAQ
CGBD,"Carlyle Secured Lending, Inc. - Closed End Fund",Q,N,N,NASDAQ
CGC,Canopy Growth Corporation - Common Shares,Q,N,N,NASDAQ
CGCFU,Cartesian Growth Corporation IV - Units,G,N,N,NASDAQ
CGEM,"Cullinan Therapeutics, Inc. - Common Stock",Q,N,N,NASDAQ
CGEN,Compugen Ltd. - Ordinary Shares,S,N,N,NASDAQ
CGNT,Cognyte Software Ltd. - Ordinary Shares,Q,N,N,NASDAQ
CGNX,Cognex Corporation - Common Stock,Q,N,N,NASDAQ
CGO,Calamos Global Total Return Fund - Closed End Fund,Q,N,N,NASDAQ
CGON,"CG Oncology, Inc. - Common stock",Q,N,N,NASDAQ
CGTL,Creative Global Technology Holdings Limited - Class A Ordinary Shares,S,N,N,NASDAQ
CGTX,"Cognition Therapeutics, Inc. - Common Stock",S,N,N,NASDAQ
CHA,"Chagee Holdings Limited - American Depositary Shares, each representing 1 Class A ordinary share",Q,N,N,NASDAQ
CHAI,"Core AI Holdings, Inc. - Common Shares",S,N,N,NASDAQ
CHAR,Charlton Aria Acquisition Corporation - Class A Ordinary Shares,G,N,N,NASDAQ
CHARR,Charlton Aria Acquisition Corporation - Rights,G,N,N,NASDAQ
CHARU,Charlton Aria Acquisition Corporation - Units,G,N,N,NASDAQ
CHCI,"Comstock Holding Companies, Inc. - Class A Common Stock",S,N,N,NASDAQ
CHCO,City Holding Company - Common Stock,Q,N,N,NASDAQ
CHDN,"Churchill Downs, Incorporated - Common Stock",Q,N,N,NASDAQ
CHEC,Chenghe Acquisition III Co. - Class A Ordinary Shares,G,N,N,NASDAQ
CHECU,Chenghe Acquisition III Co. - Units,G,N,N,NASDAQ
CHECW,Chenghe Acquisition III Co. - Warrants,G,N,N,NASDAQ
CHEF,"The Chefs' Warehouse, Inc. - Common Stock",Q,N,N,NASDAQ
CHGX,Stance Sustainable Beta ETF,G,Y,N,NASDAQ
CHI,Calamos Convertible Opportunities and Income Fund - Closed End Fund,Q,N,N,NASDAQ
CHKP,Check Point Software Technologies Ltd. - Ordinary Shares,Q,N,N,NASDAQ
CHMG,Chemung Financial Corp  - Common Stock,Q,N,N,NASDAQ
CHNR,"China Natural Resources, Inc. - Common Shares",S,N,N,NASDAQ
CHPG,ChampionsGate Acquisition Corporation - Class A Ordinary Share,G,N,N,NASDAQ
CHPGR,ChampionsGate Acquisition Corporation - Rights,G,N,N,NASDAQ
CHPGU,ChampionsGate Acquisition Corporation - Unit,G,N,N,NASDAQ
CHPS,Xtrackers Semiconductor Select Equity ETF,G,Y,N,NASDAQ
CHPX,Global X AI Semiconductor & Quantum ETF,G,Y,N,NASDAQ
CHR,"Cheer Holding, Inc.  - Class A Ordinary Share",S,N,N,NASDAQ
CHRD,Chord Energy Corporation - Common Stock,Q,N,N,NASDAQ
CHRI,Global X S&P 500 Christian Values ETF,G,Y,N,NASDAQ
CHRN,ChronoScale Corporation - Common Stock,S,N,N,NASDAQ
CHRS,"Coherus Oncology, Inc. - Common Stock",G,N,N,NASDAQ
CHRW,"C.H. Robinson Worldwide, Inc. - Common Stock",Q,N,N,NASDAQ
CHSCL,"CHS Inc - Class B Cumulative Redeemable Preferred Stock, Series 4",Q,N,N,NASDAQ
CHSCM,"CHS Inc - Class B Reset Rate Cumulative Redeemable Preferred Stock, Series 3",Q,N,N,NASDAQ
CHSCN,CHS Inc - Preferred Class B Series 2 Reset Rate,Q,N,N,NASDAQ
CHSCO,CHS Inc - Class B Cumulative Redeemable Preferred Stock,Q,N,N,NASDAQ
CHSCP,CHS Inc - 8%  Cumulative Redeemable Preferred Stock,Q,N,N,NASDAQ
CHSN,Chanson International Holding - Class A Ordinary Shares,S,N,N,NASDAQ
CHTR,"Charter Communications, Inc. - Class A Common Stock",Q,N,N,NASDAQ
CHW,Calamos Global Dynamic Income Fund - Closed End Fund,Q,N,N,NASDAQ
CHY,Calamos Convertible and High Income Fund - Closed End Fund,Q,N,N,NASDAQ
CHYM,"Chime Financial, Inc. - Class A Common Stock",Q,N,N,NASDAQ
CIBR,First Trust NASDAQ Cybersecurity ETF,G,Y,N,NASDAQ
CIFG,Leverage Shares 2X Long CIFR Daily ETF,G,Y,N,NASDAQ
CIFR,Cipher Digital Inc. - Common Stock,Q,N,N,NASDAQ
CIGI,Colliers International Group Inc.  - Subordinate Voting Shares,Q,N,N,NASDAQ
CIIT,"Tianci International, Inc. - Common Stock",S,N,N,NASDAQ
CINF,Cincinnati Financial Corporation - Common Stock,Q,N,N,NASDAQ
CING,Cingulate Inc. - Common Stock,S,N,N,NASDAQ
CINGW,Cingulate Inc. - Warrants,S,N,N,NASDAQ
CISO,"CISO Global, Inc. - Common Stock",S,N,N,NASDAQ
CISS,C3is Inc. - Common Stock,S,N,N,NASDAQ
CIVB,"Civista Bancshares, Inc.  - Common Stock",S,N,N,NASDAQ
CJMB,Callan JMB Inc. - Common Stock,S,N,N,NASDAQ
CLAR,Clarus Corporation - Common Stock,Q,N,N,NASDAQ
CLBK,"Columbia Financial, Inc. - Common Stock",Q,N,N,NASDAQ
CLBT,Cellebrite DI Ltd. - Ordinary Shares,Q,N,N,NASDAQ
CLDX,"Celldex Therapeutics, Inc. - Common Stock",S,N,N,NASDAQ
CLFD,"Clearfield, Inc. - Common Stock",G,N,N,NASDAQ
CLGN,CollPlant Biotechnologies Ltd. - Ordinary Shares,S,N,N,NASDAQ
CLIK,Click Holdings Limited - Ordinary Share,S,N,N,NASDAQ
CLIR,ClearSign Technologies Corporation - Common Stock,S,N,N,NASDAQ
CLLS,Cellectis S.A. - American Depositary Shares,G,N,N,NASDAQ
CLMB,"Climb Global Solutions, Inc. - Common Stock",G,N,N,NASDAQ
CLMT,"Calumet, Inc - Common Stock",Q,N,N,NASDAQ
CLNE,Clean Energy Fuels Corp. - Common Stock,Q,N,N,NASDAQ
CLNN,Clene Inc. - Common Stock,S,N,N,NASDAQ
CLOA,iShares AAA CLO Active ETF,G,Y,N,NASDAQ
CLOD,Themes Cloud Computing ETF,G,Y,N,NASDAQ
CLOU,Global X Cloud Computing ETF,G,Y,N,NASDAQ
CLOV,"Clover Health Investments, Corp.  - Class A Common stock",Q,N,N,NASDAQ
CLPS,CLPS Incorporation - Common Stock,G,N,N,NASDAQ
CLPT,ClearPoint Neuro Inc. - Common Stock,S,N,N,NASDAQ
CLRB,"Cellectar Biosciences, Inc. - Common Stock",S,N,N,NASDAQ
CLRO,"ClearOne, Inc. - Common Stock",S,N,N,NASDAQ
CLSK,"CleanSpark, Inc. - Common Stock",S,N,N,NASDAQ
CLSKW,"CleanSpark, Inc. - Warrant",S,N,N,NASDAQ
CLSM,ETC Cabana Target Leading Sector Moderate ETF,G,Y,N,NASDAQ
CLST,"Catalyst Bancorp, Inc. - common stock",S,N,N,NASDAQ
CLWT,Euro Tech Holdings Company Limited - Ordinary Shares,S,N,N,NASDAQ
CLYM,"Climb Bio, Inc. - Common Stock",G,N,N,NASDAQ
CMBO,Wayfinder Dynamic U.S. Interest Rate ETF,G,Y,N,NASDAQ
CMCO,Columbus McKinnon Corporation - Common Stock,Q,N,N,NASDAQ
CMCSA,Comcast Corporation - Class A Common Stock,Q,N,N,NASDAQ
CMCT,Creative Media  - Common Stock,S,N,N,NASDAQ
CME,CME Group Inc. - Class A Common Stock,Q,N,N,NASDAQ
CMGG,Leverage Shares 2X Long CMG Daily ETF,G,Y,N,NASDAQ
CMII,Columbus Circle Capital Corp II - Class A Ordinary Shares,G,N,N,NASDAQ
CMIIU,Columbus Circle Capital Corp II - Unit,G,N,N,NASDAQ
CMIIW,Columbus Circle Capital Corp II - Warrant,G,N,N,NASDAQ
CMMB,Chemomab Therapeutics Ltd.  - American Depositary Shares,S,N,N,NASDAQ
CMND,Clearmind Medicine Inc. - Common Shares,S,N,N,NASDAQ
CMPR,Cimpress plc - Ordinary Shares,Q,N,N,NASDAQ
CMPS,COMPASS Pathways Plc - American Depository Shares,Q,N,N,NASDAQ
CMPX,"Compass Therapeutics, Inc. - Common Stock",S,N,N,NASDAQ
CMRC,"Commerce.com, Inc. - Series 1 Common Stock",G,N,N,NASDAQ
CMTL,Comtech Telecommunications Corp. - Common Stock,Q,N,N,NASDAQ
CMTV,Community Bancorp.  - Common stock,S,N,N,NASDAQ
CNCG,Leverage Shares 2X Long CNC Daily ETF,G,Y,N,NASDAQ
CNCK,Coincheck Group N.V. - Ordinary Shares,G,N,N,NASDAQ
CNCKW,Coincheck Group N.V. - Warrants,S,N,N,NASDAQ
CNDT,Conduent Incorporated - Common Stock,Q,N,N,NASDAQ
CNET,ZW Data Action Technologies Inc. - Common Stock,S,N,N,NASDAQ
CNEY,CN Energy Group Inc. - Class A Ordinary Shares,S,N,N,NASDAQ
CNOB,"ConnectOne Bancorp, Inc. - Common Stock",Q,N,N,NASDAQ
CNOBP,"ConnectOne Bancorp, Inc. - Depositary Shares (each representing a 1/40th interest in a share of 5.25% Fixed-Rate Reset Non-Cumulative Perpetual Preferred Stock, Series A, par value $0.00 per share)",Q,N,N,NASDAQ
CNQQ,Rayliant-ChinaAMC Transformative China Tech ETF,G,Y,N,NASDAQ
CNSP,"CNS Pharmaceuticals, Inc. - Common Stock",S,N,N,NASDAQ
CNTB,Connect Biopharma Holdings Limited - Ordinary Shares,G,N,N,NASDAQ
CNTN,"Canton Strategic Holdings, Inc. - Common Stock",S,N,N,NASDAQ
CNTX,Context Therapeutics Inc. - Common Stock,S,N,N,NASDAQ
CNTY,"Century Casinos, Inc. - Common Stock",S,N,N,NASDAQ
CNVS,Cineverse Corp. - Class A Common Stock,S,N,N,NASDAQ
CNXC,Concentrix Corporation - Common Stock,Q,N,N,NASDAQ
CNXN,"PC Connection, Inc. - Common Stock",Q,N,N,NASDAQ
CNXU,Conexeu Sciences Inc. - Common Stock,S,N,N,NASDAQ
COAG,"Hemab Therapeutics Holdings, Inc. - Common Stock",Q,N,N,NASDAQ
COCH,"Envoy Medical, Inc. - Class A Common Stock",S,N,N,NASDAQ
COCHW,"Envoy Medical, Inc. - Warrant",S,N,N,NASDAQ
COCO,"The Vita Coco Company, Inc. - Common Stock",Q,N,N,NASDAQ
COCP,"Cocrystal Pharma, Inc. - Common Stock",S,N,N,NASDAQ
CODA,"Coda Octopus Group, Inc. - Common stock",S,N,N,NASDAQ
CODX,"Co-Diagnostics, Inc. - Common Stock",S,N,N,NASDAQ
COFS,"ChoiceOne Financial Services, Inc. - Common Stock",S,N,N,NASDAQ
COGT,"Cogent Biosciences, Inc. - Common Stock",Q,N,N,NASDAQ
COHU,"Cohu, Inc. - Common Stock",Q,N,N,NASDAQ
COIG,Leverage Shares 2X Long COIN Daily ETF,G,Y,N,NASDAQ
COIN,"Coinbase Global, Inc. - Class A Common Stock",Q,N,N,NASDAQ
COKE,"Coca-Cola Consolidated, Inc. - Common Stock",Q,N,N,NASDAQ
COLA,Columbus Acquisition Corp - Ordinary Shares,G,N,N,NASDAQ
COLAR,Columbus Acquisition Corp - Rights,G,N,N,NASDAQ
COLAU,Columbus Acquisition Corp - Unit,G,N,N,NASDAQ
COLB,"Columbia Banking System, Inc. - Common Stock",Q,N,N,NASDAQ
COLL,"Collegium Pharmaceutical, Inc. - Common Stock",Q,N,N,NASDAQ
COLM,Columbia Sportswear Company - Common Stock,Q,N,N,NASDAQ
COMT,iShares GSCI Commodity Dynamic Roll Strategy ETF,G,Y,N,NASDAQ
CONI,GraniteShares 2x Short COIN Daily ETF,G,Y,N,NASDAQ
CONL,GraniteShares 2x Long COIN Daily ETF,G,Y,N,NASDAQ
CONX,Direxion Daily COIN Bull 2X ETF,G,Y,N,NASDAQ
COO,"The Cooper Companies, Inc.  - Common Stock",Q,N,N,NASDAQ
COOT,Australian Oilseeds Holdings Limited - Ordinary Shares,S,N,N,NASDAQ
COOTW,Australian Oilseeds Holdings Limited - Warrant,S,N,N,NASDAQ
COPJ,Sprott Junior Copper Miners ETF,G,Y,N,NASDAQ
COPP,Sprott Copper Miners ETF,G,Y,N,NASDAQ
CORO,iShares International Country Rotation Active ETF,G,Y,N,NASDAQ
CORT,Corcept Therapeutics Incorporated - Common Stock,S,N,N,NASDAQ
CORZ,"Core Scientific, Inc. - Common Stock",Q,N,N,NASDAQ
CORZW,"Core Scientific, Inc. - Tranche 1 Warrants",Q,N,N,NASDAQ
CORZZ,"Core Scientific, Inc. - Tranche 2 Warrants",Q,N,N,NASDAQ
COSM,Cosmos Health Inc. - Common Stock,S,N,N,NASDAQ
COST,Costco Wholesale Corporation - Common Stock,Q,N,N,NASDAQ
COTG,Leverage Shares 2X Long COST Daily ETF,G,Y,N,NASDAQ
COWG,Pacer US Large Cap Cash Cows Growth Leaders ETF,G,Y,N,NASDAQ
COWS,Amplify Cash Flow Dividend Leaders ETF,G,Y,N,NASDAQ
COYA,"Coya Therapeutics, Inc. - Common Stock",S,N,N,NASDAQ
COYY,GraniteShares YieldBOOST COIN ETF,G,Y,N,NASDAQ
CPAG,F/m Compoundr U.S. Aggregate Bond ETF,G,Y,N,NASDAQ
CPB,The Campbell's Company - Common Stock,Q,N,N,NASDAQ
CPBI,"Central Plains Bancshares, Inc. - Common Stock",S,N,N,NASDAQ
CPHC,Canterbury Park Holding Corporation - Common Stock,G,N,N,NASDAQ
CPHY,F/m Compoundr High Yield Bond ETF,G,Y,N,NASDAQ
CPIX,Cumberland Pharmaceuticals Inc. - Common Stock,Q,N,N,NASDAQ
CPLS,AB Core Plus Bond ETF,G,Y,N,NASDAQ
CPOP,"Pop Culture Group Co., Ltd - Class A Ordinary Shares",S,N,N,NASDAQ
CPRT,"Copart, Inc. - Common Stock",Q,N,N,NASDAQ
CPRX,"Catalyst Pharmaceuticals, Inc. - Common Stock",S,N,N,NASDAQ
CPSH,CPS Technologies Corp. - Common Stock,S,N,N,NASDAQ
CPSS,"Consumer Portfolio Services, Inc. - Common Stock",G,N,N,NASDAQ
CPZ,Calamos Long/Short Equity & Dynamic Income Trust - Closed End Fund,Q,N,N,NASDAQ
CRAC,Crown Reserve Acquisition Corp. I - Class A Ordinary Shares,G,N,N,NASDAQ
CRACR,Crown Reserve Acquisition Corp. I - Rights,G,N,N,NASDAQ
CRACU,Crown Reserve Acquisition Corp. I - Unit,G,N,N,NASDAQ
CRACW,Crown Reserve Acquisition Corp. I - Warrant,G,N,N,NASDAQ
CRAI,"CRA International,Inc. - Common Stock",Q,N,N,NASDAQ
CRAN,Crane Harbor Acquisition Corp. II - Class A Ordinary Shares,G,N,N,NASDAQ
CRANR,Crane Harbor Acquisition Corp. II - Rights,G,N,N,NASDAQ
CRANU,Crane Harbor Acquisition Corp. II - Units,G,N,N,NASDAQ
CRAQ,Cal Redwood Acquisition Corp. - Class A Ordinary Shares,G,N,N,NASDAQ
CRAQR,Cal Redwood Acquisition Corp. - Right,G,N,N,NASDAQ
CRAQU,Cal Redwood Acquisition Corp. - Units,G,N,N,NASDAQ
CRBP,"Corbus Pharmaceuticals Holdings, Inc. - Common Stock",S,N,N,NASDAQ
CRBU,"Caribou Biosciences, Inc. - Common Stock",Q,N,N,NASDAQ
CRCG,Leverage Shares 2X Long CRCL Daily ETF,G,Y,N,NASDAQ
CRCT,"Cricut, Inc. - Class A common stock",Q,N,N,NASDAQ
CRDF,"Cardiff Oncology, Inc. - Common Stock",S,N,N,NASDAQ
CRDL,Cardiol Therapeutics Inc. - Class A Common Shares,S,N,N,NASDAQ
CRDO,Credo Technology Group Holding Ltd - Ordinary Shares,Q,N,N,NASDAQ
CRE,Cre8 Enterprise Limited - Class A Ordinary Shares,S,N,N,NASDAQ
CREG,Smart Powerr Corp. - Common Stock,S,N,N,NASDAQ
CRESY,"Cresud S.A.C.I.F. y A. - American Depositary Shares, each representing ten shares of Common Stock",Q,N,N,NASDAQ
CREX,"Creative Realities, Inc. - Common Stock",S,N,N,NASDAQ
CRGO,Freightos Limited - Ordinary shares,S,N,N,NASDAQ
CRGOW,Freightos Limited - Warrants,S,N,N,NASDAQ
CRIS,"Curis, Inc. - Common Stock",S,N,N,NASDAQ
CRMD,CorMedix Inc. - Common Stock,G,N,N,NASDAQ
CRMG,Leverage Shares 2X Long CRM Daily ETF,G,Y,N,NASDAQ
CRML,Critical Metals Corp. - Ordinary Shares,G,N,N,NASDAQ
CRMLW,Critical Metals Corp. - Warrants,S,N,N,NASDAQ
CRMT,"America's Car-Mart, Inc. - Common Stock",Q,N,N,NASDAQ
CRMU,Leverage Shares 2x Long CRML Daily ETF,G,Y,N,NASDAQ
CRNC,Cerence Inc. - Common Stock,Q,N,N,NASDAQ
CRNT,Ceragon Networks Ltd. - Ordinary Shares,Q,N,N,NASDAQ
CRNX,"Crinetics Pharmaceuticals, Inc. - Common Stock",Q,N,N,NASDAQ
CRON,Cronos Group Inc. - Common Share,G,N,N,NASDAQ
CROX,"Crocs, Inc. - Common Stock",Q,N,N,NASDAQ
CRSP,CRISPR Therapeutics AG - Common Shares,G,N,N,NASDAQ
CRSR,"Corsair Gaming, Inc. - Common Stock",Q,N,N,NASDAQ
CRTO,Criteo S.A. - American Depositary Shares,Q,N,N,NASDAQ
CRUS,"Cirrus Logic, Inc. - Common Stock",Q,N,N,NASDAQ
CRVL,CorVel Corp. - Common Stock,Q,N,N,NASDAQ
CRVO,CervoMed Inc. - Common Stock,S,N,N,NASDAQ
CRVS,"Corvus Pharmaceuticals, Inc. - Common Stock",G,N,N,NASDAQ
CRWD,"CrowdStrike Holdings, Inc. - Class A Common Stock",Q,N,N,NASDAQ
CRWG,Leverage Shares 2X Long CRWV Daily ETF,G,Y,N,NASDAQ
CRWL,GraniteShares 2x Long CRWD Daily ETF,G,Y,N,NASDAQ
CRWS,"Crown Crafts, Inc. - Common Stock",S,N,N,NASDAQ
CRWV,"CoreWeave, Inc. - Class A Common Stock",Q,N,N,NASDAQ
CRY,GraniteShares YieldBOOST CRCL ETF,G,Y,N,NASDAQ
CSAI,"Cloudastructure, Inc. - Class A Common Stock",S,N,N,NASDAQ
CSB,VictoryShares US Small Cap High Div Volatility Wtd ETF,G,Y,N,NASDAQ
CSBR,"Champions Oncology, Inc. - Common Stock",S,N,N,NASDAQ
CSCL,Direxion Daily CSCO Bull 2X ETF,G,Y,N,NASDAQ
CSCO,"Cisco Systems, Inc. - Common Stock",Q,N,N,NASDAQ
CSCS,Direxion Daily CSCO Bear 1X ETF,G,Y,N,NASDAQ
CSEN,Cohen & Steers Future of Energy Active ETF,G,Y,N,NASDAQ
CSGP,"CoStar Group, Inc. - Common Stock",Q,N,N,NASDAQ
CSHR,CoinShares PLC - Ordinary Shares,Q,N,N,NASDAQ
CSHRW,CoinShares PLC - Warrants,S,N,N,NASDAQ
CSIQ,Canadian Solar Inc. - Common Shares,Q,N,N,NASDAQ
CSPI,CSP Inc. - Common Stock,G,N,N,NASDAQ
CSQ,Calamos Strategic Total Return Fund - Closed End Fund,Q,N,N,NASDAQ
CSTE,Caesarstone Ltd. - Ordinary Shares,Q,N,N,NASDAQ
CSTL,"Castle Biosciences, Inc. - Common stock",G,N,N,NASDAQ
CSWC,Capital Southwest Corporation - Common Stock,Q,N,N,NASDAQ
CSX,CSX Corporation - Common Stock,Q,N,N,NASDAQ
CTAA,ClearThink 1 Acquisition Corp. - Class A Ordinary Shares,G,N,N,NASDAQ
CTAAR,ClearThink 1 Acquisition Corp. - Rights,G,N,N,NASDAQ
CTAAU,ClearThink 1 Acquisition Corp. - Units,G,N,N,NASDAQ
CTAS,Cintas Corporation - Common Stock,Q,N,N,NASDAQ
CTBI,"Community Trust Bancorp, Inc. - Common Stock",Q,N,N,NASDAQ
CTEC,Global X ClimateTech ETF,G,Y,N,NASDAQ
CTKB,"Cytek Biosciences, Inc. - Common Stock",Q,N,N,NASDAQ
CTMX,"CytomX Therapeutics, Inc. - Common Stock",Q,N,N,NASDAQ
CTNM,"Contineum Therapeutics, Inc. - Common stock",Q,N,N,NASDAQ
CTNT,Cheetah Net Supply Chain Service Inc. - Class A Common Stock,S,N,N,NASDAQ
CTOR,"Citius Oncology, Inc.  - Common Stock",S,N,N,NASDAQ
CTRM,Castor Maritime Inc. - Common Shares,S,N,N,NASDAQ
CTRN,"Citi Trends, Inc. - Common Stock",Q,N,N,NASDAQ
CTSH,Cognizant Technology Solutions Corporation - Class A Common Stock,Q,N,N,NASDAQ
CTSO,Cytosorbents Corporation - Common Stock,S,N,N,NASDAQ
CTW,CTW - Class A Ordinary Shares,S,N,N,NASDAQ
CTXR,"Citius Pharmaceuticals, Inc. - Common Stock",S,N,N,NASDAQ
CUB,Lionheart Holdings - Class A Ordinary Shares,G,N,N,NASDAQ
CUBWU,Lionheart Holdings - Unit,G,N,N,NASDAQ
CUBWW,Lionheart Holdings - Warrant,G,N,N,NASDAQ
CUE,"Cue Biopharma, Inc. - Common Stock",S,N,N,NASDAQ
CULP,"Culp, Inc. - Common Shares",S,N,N,NASDAQ
CUPR,Cuprina Holdings (Cayman) Limited - Class A Ordinary shares,S,N,N,NASDAQ
CURI,CuriosityStream Inc.  - Class A Common Stock,S,N,N,NASDAQ
CURR,Currenc Group Inc. - Ordinary Shares,G,N,N,NASDAQ
CURX,Curanex Pharmaceuticals Inc - Common Stock,S,N,N,NASDAQ
CUSD,CrossingBridge Ultra-Short Duration ETF,G,Y,N,NASDAQ
CV,"CapsoVision, Inc. - Common Stock",S,N,N,NASDAQ
CVBF,CVB Financial Corporation - Common Stock,Q,N,N,NASDAQ
CVCO,"Cavco Industries, Inc. - Common Stock",Q,N,N,NASDAQ
CVGI,"Commercial Vehicle Group, Inc. - Common Stock",Q,N,N,NASDAQ
CVKD,"Cadrenal Therapeutics, Inc. - Common Stock",S,N,N,NASDAQ
CVLT,"Commvault Systems, Inc. - Common Stock",Q,N,N,NASDAQ
CVRX,"CVRx, Inc. - Common Stock",Q,N,N,NASDAQ
CVV,CVD Equipment Corporation - Common Stock,S,N,N,NASDAQ
CWBC,Community West Bancshares - Common Stock,S,N,N,NASDAQ
CWCO,Consolidated Water Co. Ltd. - Ordinary Shares,Q,N,N,NASDAQ
CWD,CaliberCos Inc. - Class A Common Stock,S,N,N,NASDAQ
CWST,"Casella Waste Systems, Inc. - Class A Common Stock",Q,N,N,NASDAQ
CWY,GraniteShares YieldBOOST CRWV ETF,G,Y,N,NASDAQ
CXAI,CXApp Inc. - Class A Common Stock,S,N,N,NASDAQ
CXAIW,CXApp Inc. - Warrant,S,N,N,NASDAQ
CXDO,"Crexendo, Inc. - Common Stock",S,N,N,NASDAQ
CXII,Churchill Capital Corp XII - Class A Ordinary Shares,G,N,N,NASDAQ
CXIIU,Churchill Capital Corp XII - Units,G,N,N,NASDAQ
CXIIW,Churchill Capital Corp XII - Warrants,G,N,N,NASDAQ
CXSE,WisdomTree China ex-State-Owned Enterprises Fund,G,Y,N,NASDAQ
CYAB,"Cyabra, Inc. - Common Stock",G,N,N,NASDAQ
CYCN,"Cyclerion Therapeutics, Inc. - Common Stock",S,N,N,NASDAQ
CYCU,"Cycurion, Inc. - Common Stock",G,N,N,NASDAQ
CYCUW,"Cycurion, Inc. - Warrants",S,N,N,NASDAQ
CYN,Cyngn Inc. - Common stock,S,N,N,NASDAQ
CYPH,Cypherpunk Technologies Inc. - Common Stock,S,N,N,NASDAQ
CYRX,"CryoPort, Inc. - Common Stock",S,N,N,NASDAQ
CYTK,"Cytokinetics, Incorporated - Common Stock",Q,N,N,NASDAQ
CZAR,Themes Natural Monopoly ETF,G,Y,N,NASDAQ
CZFS,"Citizens Financial Services, Inc. - Common Stock",S,N,N,NASDAQ
CZNC,Citizens & Northern Corp - Common Stock,S,N,N,NASDAQ
CZR,"Caesars Entertainment, Inc. - Common Stock",Q,N,N,NASDAQ
CZWI,"Citizens Community Bancorp, Inc. - Common Stock",G,N,N,NASDAQ
DAAQ,Digital Asset Acquisition Corp. - Class A Ordinary shares,G,N,N,NASDAQ
DAAQU,Digital Asset Acquisition Corp. - Units,G,N,N,NASDAQ
DAAQW,Digital Asset Acquisition Corp. - Warrant,G,N,N,NASDAQ
DADS,Digital Asset Debt Strategy ETF,G,Y,N,NASDAQ
DAIC,"CID HoldCo, Inc. - Common Stock",G,N,N,NASDAQ
DAICW,"CID HoldCo, Inc. - Warrants",G,N,N,NASDAQ
DAIO,Data I/O Corporation - Common Stock,S,N,N,NASDAQ
DAK,Dakota Active Equity ETF,G,Y,N,NASDAQ
DAKT,"Daktronics, Inc. - Common Stock",Q,N,N,NASDAQ
DALI,First Trust Dorsey Wright DALI Equity ETF,G,Y,N,NASDAQ
DAPP,VanEck Digital Transformation ETF,G,Y,N,NASDAQ
DARE,"Dare Bioscience, Inc. - Common Stock",S,N,N,NASDAQ
DASH,"DoorDash, Inc. - Common Stock",Q,N,N,NASDAQ
DAVE,Dave Inc.  - Class A Common Stock,G,N,N,NASDAQ
DAVEW,Dave Inc.  - Warrants,G,N,N,NASDAQ
DAX,Global X DAX Germany ETF,G,Y,N,NASDAQ
DBCA,D. Boral Acquisition I Corp. - Class A Ordinary Shares,G,N,N,NASDAQ
DBCAU,D. Boral Acquisition I Corp. - Unit,G,N,N,NASDAQ
DBCAW,D. Boral Acquisition I Corp. - Warrants,G,N,N,NASDAQ
DBGI,"Digital Brands Group, Inc. - Common Stock",S,N,N,NASDAQ
DBVT,DBV Technologies S.A. - American Depositary Shares,S,N,N,NASDAQ
DBX,"Dropbox, Inc. - Class A Common Stock",Q,N,N,NASDAQ
DCBO,Docebo Inc. - Common Shares,Q,N,N,NASDAQ
DCGO,DocGo Inc. - Common Stock,S,N,N,NASDAQ
DCOY,Decoy Therapeutics Inc. - Common Stock,S,N,N,NASDAQ
DCTH,"Delcath Systems, Inc. - Common Stock",S,N,N,NASDAQ
DCX,Digital Currency X Technology Inc. - Class A Ordinary Shares,S,N,N,NASDAQ
DDI,"DoubleDown Interactive Co., Ltd. - American Depository Shares",Q,N,N,NASDAQ
DDIV,First Trust Dorsey Wright Momentum & Dividend ETF,G,Y,N,NASDAQ
DDOG,"Datadog, Inc. - Class A Common Stock",Q,N,N,NASDAQ
DECO,State Street Galaxy Digital Asset Ecosystem ETF,G,Y,N,NASDAQ
DEFT,"Defi Technologies, Inc. - Common Stock",S,N,N,NASDAQ
DEMZ,Democratic Large Cap Core ETF,G,Y,N,NASDAQ
DERM,Journey Medical Corporation - Common Stock,S,N,N,NASDAQ
DETX,"Liberty Defense Holdings, Ltd. - Common Shares",S,N,N,NASDAQ
DFDV,DeFi Development Corp. - Common Stock,S,N,N,NASDAQ
DFDVW,DeFi Development Corp. - Warrant,S,N,N,NASDAQ
DFGP,Dimensional Global Core Plus Fixed Income ETF,G,Y,N,NASDAQ
DFGX,Dimensional International Core Fixed Income ETF,G,Y,N,NASDAQ
DFLI,Dragonfly Energy Holdings Corp - Common Stock,S,N,N,NASDAQ
DFLIW,Dragonfly Energy Holdings Corp - Warrant,S,N,N,NASDAQ
DFNS,T3 Defense Inc. - Common Stock,G,N,N,NASDAQ
DFNSW,T3 Defense Inc. - Warrants,S,N,N,NASDAQ
DFSC,"DEFSEC Technologies Inc. - common stock, no R/S concurrent with offering",S,N,N,NASDAQ
DFSCW,DEFSEC Technologies Inc. - warrant,S,N,N,NASDAQ
DFTX,"Definium Therapeutics, Inc.  - Common Shares",Q,N,N,NASDAQ
DGCB,Dimensional Global Credit ETF,G,Y,N,NASDAQ
DGICA,"Donegal Group, Inc. - Class A Common Stock",Q,N,N,NASDAQ
DGICB,"Donegal Group, Inc. - Class B Common Stock",Q,N,N,NASDAQ
DGII,Digi International Inc. - Common Stock,Q,N,N,NASDAQ
DGLO,First Trust RBA Deglobalization ETF,G,Y,N,NASDAQ
DGNX,Diginex Limited - Ordinary Shares,S,N,N,NASDAQ
DGRE,WisdomTree Emerging Markets Quality Dividend Growth Fund,G,Y,N,NASDAQ
DGRS,WisdomTree U.S. SmallCap Quality Dividend Growth Fund,G,Y,N,NASDAQ
DGRW,WisdomTree U.S. Quality Dividend Growth Fund,G,Y,N,NASDAQ
DGXX,Digi Power X Inc. - Common Subordinate Voting Shares,S,N,N,NASDAQ
DH,Definitive Healthcare Corp. - Class A Common Stock,Q,N,N,NASDAQ
DHC,Diversified Healthcare Trust  - Common Shares of Beneficial Interest,Q,N,N,NASDAQ
DHCNI,Diversified Healthcare Trust  - 5.625% Senior Notes due 2042,Q,N,N,NASDAQ
DHCNL,Diversified Healthcare Trust  - 6.25% Senior Notes Due 2046,Q,N,N,NASDAQ
DIBS,"1stdibs.com, Inc. - Common Stock",G,N,N,NASDAQ
DIME,CoinShares Altcoins ETF,G,Y,N,NASDAQ
DINE,Simplify Tax Aware Diversified Income Strategy ETF,G,Y,N,NASDAQ
DIOD,Diodes Incorporated - Common Stock,Q,N,N,NASDAQ
DIVD,Altrius Global Dividend ETF,G,Y,N,NASDAQ
DJCO,Daily Journal Corp. (S.C.) - Common Stock,S,N,N,NASDAQ
DJT,Trump Media & Technology Group Corp. - Common Stock,G,N,N,NASDAQ
DJTWW,Trump Media & Technology Group Corp. - Warrants,G,N,N,NASDAQ
DKI,DarkIris Inc. - Class A Ordinary Shares,S,N,N,NASDAQ
DKNG,DraftKings Inc. - Class A Common Stock,Q,N,N,NASDAQ
DKNX,Defiance Daily Target 2X Long DKNG ETF,G,Y,N,NASDAQ
DLHC,DLH Holdings Corp. - Common Stock,S,N,N,NASDAQ
DLLL,GraniteShares 2x Long DELL Daily ETF,G,Y,N,NASDAQ
DLO,DLocal Limited - Class A Common Shares,Q,N,N,NASDAQ
DLPN,"Dolphin Entertainment, Inc. - Common Stock",S,N,N,NASDAQ
DLTH,Duluth Holdings Inc. - Class B Common Stock,Q,N,N,NASDAQ
DLTR,"Dollar Tree, Inc. - Common Stock",Q,N,N,NASDAQ
DLXY,Delixy Holdings Limited - Class A Ordinary Shares,S,N,N,NASDAQ
DMAA,Drugs Made In America Acquisition Corp. - Ordinary Shares,G,N,N,NASDAQ
DMAAR,Drugs Made In America Acquisition Corp. - Rights,G,N,N,NASDAQ
DMAAU,Drugs Made In America Acquisition Corp. - Units,G,N,N,NASDAQ
DMAC,DiaMedica Therapeutics Inc. - Common Stock,S,N,N,NASDAQ
DMII,Drugs Made In America Acquisition II Corp. - Ordinary Shares,G,N,N,NASDAQ
DMIIR,Drugs Made In America Acquisition II Corp. - Right,G,N,N,NASDAQ
DMIIU,Drugs Made In America Acquisition II Corp. - Unit,G,N,N,NASDAQ
DMLP,"Dorchester Minerals, L.P. - Common Units Representing Limited Partnership Interests",Q,N,N,NASDAQ
DMRA,"Damora Therapeutics, Inc. - Common Stock",S,N,N,NASDAQ
DMRC,Digimarc Corporation - Common Stock,Q,N,N,NASDAQ
DMXF,iShares ESG Advanced MSCI EAFE ETF,G,Y,N,NASDAQ
DNLI,Denali Therapeutics Inc. - Common Stock,Q,N,N,NASDAQ
DNMX,Dynamix Corporation III - Class A Ordinary Shares,G,N,N,NASDAQ
DNMXU,Dynamix Corporation III - Unit,G,N,N,NASDAQ
DNMXW,Dynamix Corporation III - Warrants,G,N,N,NASDAQ
DNNG,Leverage Shares 2x Long DNN Daily ETF,G,Y,N,NASDAQ
DNTH,"Dianthus Therapeutics, Inc. - Common Stock",S,N,N,NASDAQ
DNUT,"Krispy Kreme, Inc. - Common Stock",Q,N,N,NASDAQ
DOCU,"DocuSign, Inc. - Common Stock",Q,N,N,NASDAQ
DOGZ,Dogness (International) Corporation - Class A Common Stock,S,N,N,NASDAQ
DOMH,Dominari Holdings Inc. - Common Stock,S,N,N,NASDAQ
DOMO,"Domo, Inc. - Class B Common Stock",G,N,N,NASDAQ
DOO,BRP Inc. - Common Subordinate Voting Shares,Q,N,N,NASDAQ
DORM,"Dorman Products, Inc. - Common Stock",Q,N,N,NASDAQ
DOX,Amdocs Limited - Ordinary Shares,Q,N,N,NASDAQ
DOYU,DouYu International Holdings Limited - American Depositary Shares,Q,N,N,NASDAQ
DPRO,Draganfly Inc. - Common Shares,S,N,N,NASDAQ
DPZ,Domino's Pizza Inc - Common Stock,Q,N,N,NASDAQ
DRCT,"Direct Digital Holdings, Inc. - Class A Common Stock",S,N,N,NASDAQ
DRDB,Roman DBDR Acquisition Corp. II - Ordinary shares,G,N,N,NASDAQ
DRDBU,Roman DBDR Acquisition Corp. II - Unit,G,N,N,NASDAQ
DRDBW,Roman DBDR Acquisition Corp. II - Warrants,G,N,N,NASDAQ
DRH,Diamondrock Hospitality Company - Common Stock,Q,N,N,NASDAQ
DRIO,DarioHealth Corp. - Common Stock,S,N,N,NASDAQ
DRIV,Global X Autonomous & Electric Vehicles ETF,G,Y,N,NASDAQ
DRMA,"Dermata Therapeutics, Inc. - Common Stock",S,N,N,NASDAQ
DRMAW,"Dermata Therapeutics, Inc. - Warrant",S,N,N,NASDAQ
DRNZ,REX Drone ETF,G,Y,N,NASDAQ
DRS,"Leonardo DRS, Inc. - Common Stock",Q,N,N,NASDAQ
DRTS,Alpha Tau Medical Ltd. - Ordinary Shares,S,N,N,NASDAQ
DRTSW,Alpha Tau Medical Ltd. - Warrant,S,N,N,NASDAQ
DRUG,Bright Minds Biosciences Inc. - common stock,S,N,N,NASDAQ
DRVN,Driven Brands Holdings Inc. - Common Stock,Q,N,N,NASDAQ
DSAC,Daedalus Special Acquisition Corp. - Class A Ordinary Shares,G,N,N,NASDAQ
DSACU,Daedalus Special Acquisition Corp. - Unit,G,N,N,NASDAQ
DSACW,Daedalus Special Acquisition Corp. - Warrant,G,N,N,NASDAQ
DSC,DSC Holdings Ltd. - American Depositary Shares,G,N,N,NASDAQ
DSGN,"Design Therapeutics, Inc. - Common Stock",Q,N,N,NASDAQ
DSGR,"Distribution Solutions Group, Inc. - Common Stock",Q,N,N,NASDAQ
DSGX,The Descartes Systems Group Inc. - Common Stock,Q,N,N,NASDAQ
DSP,Viant Technology Inc. - common stock,Q,N,N,NASDAQ
DSWL,"Deswell Industries, Inc. - Common Shares",G,N,N,NASDAQ
DSY,Big Tree Cloud Holdings Limited - Class A Ordinary Shares,S,N,N,NASDAQ
DSYWW,Big Tree Cloud Holdings Limited - Warrants,S,N,N,NASDAQ
DTCR,Global X Data Center & Digital Infrastructure ETF,G,Y,N,NASDAQ
DTCX,"Datacentrex, Inc. - Common Stock",S,N,N,NASDAQ
DTI,Drilling Tools International Corporation  - Common Stock,S,N,N,NASDAQ
DTIL,"Precision BioSciences, Inc. - Common Stock",S,N,N,NASDAQ
DTSQ,DT Cloud Star Acquisition Corporation - Ordinary Shares,G,N,N,NASDAQ
DTSQR,DT Cloud Star Acquisition Corporation - Right,G,N,N,NASDAQ
DTSQU,DT Cloud Star Acquisition Corporation - Units,G,N,N,NASDAQ
DTSS,Datasea Intelligent Technology Ltd. - Class A Ordinary Shares,S,N,N,NASDAQ
DTST,Data Storage Corporation - Common Stock,S,N,N,NASDAQ
DUKH,Ocean Park High Income ETF,G,Y,N,NASDAQ
DUKR,DUKE Robotics Corp. - Common Stock,S,N,N,NASDAQ
DUKRW,DUKE Robotics Corp. - Warrant,S,N,N,NASDAQ
DUKX,Ocean Park International ETF,G,Y,N,NASDAQ
DUO,Fangdd Network Group Ltd. - Class A Ordinary Shares,S,N,N,NASDAQ
DUOG,Leverage Shares 2X Long DUOL Daily ETF,G,Y,N,NASDAQ
DUOL,"Duolingo, Inc. - Class A Common Stock",Q,N,N,NASDAQ
DUOT,"Duos Technologies Group, Inc. - Common Stock",S,N,N,NASDAQ
DUSG,U.S. Small Cap Growth Portfolio: ETF Class Shares,G,Y,N,NASDAQ
DVAL,BrandywineGLOBAL-Dynamic US Large Cap Value ETF,G,Y,N,NASDAQ
DVGR,DAC 3D Dividend Growth ETF,G,Y,N,NASDAQ
DVIN,WEBs Industrials XLI Defined Volatility ETF,G,Y,N,NASDAQ
DVLT,Datavault AI Inc. - Common Stock,S,N,N,NASDAQ
DVLU,First Trust Dorsey Wright Momentum & Value ETF,G,Y,N,NASDAQ
DVOL,First Trust Dorsey Wright Momentum & Low Volatility ETF,G,Y,N,NASDAQ
DVQQ,WEBs QQQ Defined Volatility ETF,G,Y,N,NASDAQ
DVRE,WEBs Real Estate XLRE Defined Volatility ETF,G,Y,N,NASDAQ
DVSP,WEBs SPY Defined Volatility ETF,G,Y,N,NASDAQ
DVUT,WEBs Utilities XLU Defined Volatility ETF,G,Y,N,NASDAQ
DVXB,WEBs Materials XLB Defined Volatility ETF,G,Y,N,NASDAQ
DVXC,WEBs Communication Services XLC Defined Volatility ETF,G,Y,N,NASDAQ
DVXE,WEBs Energy XLE Defined Volatility ETF,G,Y,N,NASDAQ
DVXF,WEBs Financial XLF Defined Volatility ETF,G,Y,N,NASDAQ
DVXK,WEBs Technology XLK Defined Volatility ETF,G,Y,N,NASDAQ
DVXP,WEBs Consumer Staples XLP Defined Volatility ETF,G,Y,N,NASDAQ
DVXV,WEBs Health Care XLV Defined Volatility ETF,G,Y,N,NASDAQ
DVXY,WEBs Consumer Discretionary XLY Defined Volatility ETF,G,Y,N,NASDAQ
DVY,iShares Select Dividend ETF,G,Y,N,NASDAQ
DWAS,Invesco Dorsey Wright SmallCap Momentum ETF,G,Y,N,NASDAQ
DWAW,AdvisorShares Dorsey Wright FSM All Cap World ETF,G,Y,N,NASDAQ
DWSH,AdvisorShares Dorsey Wright Short ETF,G,Y,N,NASDAQ
DWSN,Dawson Geophysical Company - Common Stock,Q,N,N,NASDAQ
DWTX,"Dogwood Therapeutics, Inc.  - Common Stock",S,N,N,NASDAQ
DWUS,AdvisorShares Dorsey Wright FSM US Core ETF,G,Y,N,NASDAQ
DXCM,"DexCom, Inc. - Common Stock",Q,N,N,NASDAQ
DXLG,"Destination XL Group, Inc. - Common Stock",G,N,N,NASDAQ
DXPE,"DXP Enterprises, Inc. - Common Stock",Q,N,N,NASDAQ
DXR,Daxor Corporation - Closed End Fund,S,N,N,NASDAQ
DXST,Decent Holding Inc. - Class A Ordinary Shares,S,N,N,NASDAQ
DYAI,"Dyadic International, Inc. - Common Stock",S,N,N,NASDAQ
DYFI,IDX Dynamic Fixed Income ETF,G,Y,N,NASDAQ
DYN,"Dyne Therapeutics, Inc. - Common Stock",Q,N,N,NASDAQ
DYNB,Hartford Dynamic Bond ETF,G,Y,N,NASDAQ
DYNC,Dynamix Corporation - Class A Ordinary Share,G,N,N,NASDAQ
DYNCU,Dynamix Corporation - Unit,G,N,N,NASDAQ
DYNCW,Dynamix Corporation - Warrant,G,N,N,NASDAQ
DYOR,Insight Digital Partners II - Class A Ordinary Shares,G,N,N,NASDAQ
DYORU,Insight Digital Partners II - Units,G,N,N,NASDAQ
DYORW,Insight Digital Partners II - Warrants,G,N,N,NASDAQ
DYTA,SGI Dynamic Tactical ETF,G,Y,N,NASDAQ
EA,Electronic Arts Inc. - Common Stock,Q,N,N,NASDAQ
EART,Global X Rare Earth & Critical Materials ETF,G,Y,N,NASDAQ
EASY,Liberty One Defensive Dividend Growth ETF,G,Y,N,NASDAQ
EBAY,eBay Inc. - Common Stock,Q,N,N,NASDAQ
EBC,"Eastern Bankshares, Inc. - Common Stock",Q,N,N,NASDAQ
EBI,Longview Advantage ETF,G,Y,N,NASDAQ
EBIZ,Global X E-commerce ETF,G,Y,N,NASDAQ
EBMT,"Eagle Bancorp Montana, Inc. - Common Stock",G,N,N,NASDAQ
EBON,Ebang International Holdings Inc. - Class A Ordinary Shares,Q,N,N,NASDAQ
ECBK,"ECB Bancorp, Inc. - Common Stock",S,N,N,NASDAQ
ECHO,EchoStar Corporation - Common stock,Q,N,N,NASDAQ
ECOR,"electroCore, Inc. - Common Stock",S,N,N,NASDAQ
ECOW,Pacer Emerging Markets Cash Cows 100 ETF,G,Y,N,NASDAQ
ECPG,Encore Capital Group Inc - Common Stock,Q,N,N,NASDAQ
ECX,ECARX Holdings Inc. - Class A Ordinary shares,G,N,N,NASDAQ
ECXWW,ECARX Holdings Inc. - Warrants,S,N,N,NASDAQ
EDBL,Edible Garden AG Incorporated - Common Stock,S,N,N,NASDAQ
EDBLW,Edible Garden AG Incorporated - Warrant,S,N,N,NASDAQ
EDHL,Everbright Digital Holding Limited - Ordinary Shares,S,N,N,NASDAQ
EDIT,"Editas Medicine, Inc. - Common Stock",Q,N,N,NASDAQ
EDRY,EuroDry Ltd. - Common Shares,S,N,N,NASDAQ
EDSA,"Edesa Biotech, Inc. - Common Shares",S,N,N,NASDAQ
EDTK,Skillful Craftsman Education Technology Limited - Ordinary Share,S,N,N,NASDAQ
EDUC,Educational Development Corporation - Common Stock,G,N,N,NASDAQ
EEE,CYBER HORNET S&P 500 and Ethereum 75/25 Strategy ETF,G,Y,N,NASDAQ
EEFT,"Euronet Worldwide, Inc. - Common Stock",Q,N,N,NASDAQ
EEIQ,EpicQuest Education Group International Limited - Common Stock,S,N,N,NASDAQ
EEMA,iShares MSCI Emerging Markets Asia ETF,G,Y,N,NASDAQ
EFAS,Global X MSCI SuperDividend EAFE ETF,G,Y,N,NASDAQ
EFOI,"Energy Focus, Inc. - Common Stock",S,N,N,NASDAQ
EFRA,iShares Environmental Infrastructure and Industrials ETF,G,Y,N,NASDAQ
EFSC,Enterprise Financial Services Corporation - Common Stock,Q,N,N,NASDAQ
EFSCP,"Enterprise Financial Services Corporation - Depositary Shares Each Representing a 1/40th Interest in a Share of 5% Fixed Rate Non-Cumulative Perpetual Preferred Stock, Series A",Q,N,N,NASDAQ
EFSI,Eagle Financial Services Inc - Common Stock,S,N,N,NASDAQ
EFTY,"Etoiles Capital Group Co., Ltd. - Class A Ordinary Shares",S,N,N,NASDAQ
EGAN,eGain Corporation - Common Stock,S,N,N,NASDAQ
EGBN,"Eagle Bancorp, Inc. - Common Stock",S,N,N,NASDAQ
EGGQ,NestYield Visionary ETF,G,Y,N,NASDAQ
EGHA,EGH Acquisition Corp. - Class A ordinary shares,G,N,N,NASDAQ
EGHAR,EGH Acquisition Corp. - rights,G,N,N,NASDAQ
EGHAU,EGH Acquisition Corp. - Unit,G,N,N,NASDAQ
EGHT,8x8 Inc - Common stock,Q,N,N,NASDAQ
EH,EHang Holdings Limited - ADS,G,N,N,NASDAQ
EHGO,Eshallgo Inc. - Class A Ordinary Shares,S,N,N,NASDAQ
EHLD,Euroholdings Ltd. - Common Stock,S,N,N,NASDAQ
EHLS,Even Herd Long Short ETF,G,Y,N,NASDAQ
EHTH,"eHealth, Inc. - Common Stock",Q,N,N,NASDAQ
EIKN,"Eikon Therapeutics, Inc. - Common Stock",Q,N,N,NASDAQ
EJH,E-Home Household Service Holdings Limited - Ordinary shares,S,N,N,NASDAQ
EKG,First Trust Nasdaq Lux Digital Health Solutions ETF,G,Y,N,NASDAQ
ELAB,PMGC Holdings Inc. - Common Stock,S,N,N,NASDAQ
ELBM,Electra Battery Materials Corporation - Common Stock,S,N,N,NASDAQ
ELDN,"Eledon Pharmaceuticals, Inc. - Common Stock",S,N,N,NASDAQ
ELE,Elemental Royalty Corporation - Common Stock,S,N,N,NASDAQ
ELFY,ALPS Electrification Infrastructure ETF,G,Y,N,NASDAQ
ELIL,Direxion Daily LLY Bull 2X ETF,G,Y,N,NASDAQ
ELMT,The Elmet Group Co. - Common Stock,S,N,N,NASDAQ
ELOG,Eastern International Ltd. - Ordinary Shares,S,N,N,NASDAQ
ELOX,"Eloxx Pharmaceuticals, Inc. - Common Stock",S,N,N,NASDAQ
ELPW,Elong Power Holding Limited - Class A Ordinary Shares,S,N,N,NASDAQ
ELSE,"Electro-Sensors, Inc. - Common Stock",S,N,N,NASDAQ
ELTK,Eltek Ltd. - Ordinary Shares,S,N,N,NASDAQ
ELTX,"Elicio Therapeutics, Inc. - Common Stock",S,N,N,NASDAQ
ELUT,"Elutia, Inc. - Class A Common Stock",S,N,N,NASDAQ
ELVA,Electrovaya Inc. - Common Shares,S,N,N,NASDAQ
ELVN,"Enliven Therapeutics, Inc.  - Common Stock",Q,N,N,NASDAQ
ELVR,Elevra Lithium Limited - American Depository Shares,S,N,N,NASDAQ
ELWT,"Elauwit Connection, Inc. - Common Stock",S,N,N,NASDAQ
EMAT,Evolution Metals & Technologies Corp. - Common Stock,G,N,N,NASDAQ
EMB,iShares J.P. Morgan USD Emerging Markets Bond ETF,G,Y,N,NASDAQ
EMBC,Embecta Corp. - Common Stock,Q,N,N,NASDAQ
EMCB,WisdomTree Emerging Markets Corporate Bond Fund,G,Y,N,NASDAQ
EMEM,Sophus Capital Emerging Market ETF,G,Y,N,NASDAQ
EMEQ,Nomura Focused Emerging Markets Equity ETF,G,Y,N,NASDAQ
EMIF,iShares Emerging Markets Infrastructure ETF,G,Y,N,NASDAQ
EMIS,Emmis Acquisition Corp. - Class A Ordinary Share,G,N,N,NASDAQ
EMISR,Emmis Acquisition Corp. - Rights,G,N,N,NASDAQ
EML,Eastern Company (The) - Common Stock,G,N,N,NASDAQ
EMPD,Empery Digital Inc. - Common stock,Q,N,N,NASDAQ
EMPG,Empro Group Inc. - Ordinary shares,S,N,N,NASDAQ
EMSC,Sophus Capital Emerging Market Small Cap ETF,G,Y,N,NASDAQ
EMXC,iShares MSCI Emerging Markets ex China ETF,G,Y,N,NASDAQ
EMXF,iShares ESG Advanced MSCI EM ETF,G,Y,N,NASDAQ
ENDW,Cambria Endowment Style ETF,G,Y,N,NASDAQ
ENGN,enGene Therapeutics Inc. - Common Stock,S,N,N,NASDAQ
ENGNW,enGene Therapeutics Inc. - Warrants,S,N,N,NASDAQ
ENGS,Energys Group Limited - Ordinary Shares,S,N,N,NASDAQ
ENHI,iShares Enhanced International Active ETF,G,Y,N,NASDAQ
ENHU,iShares Enhanced Large Cap Core Active ETF,G,Y,N,NASDAQ
ENLT,Enlight Renewable Energy Ltd. - Ordinary Shares,Q,N,N,NASDAQ
ENLV,Enlivex Ltd. - Ordinary Shares,S,N,N,NASDAQ
ENPH,"Enphase Energy, Inc. - Common Stock",G,N,N,NASDAQ
ENRD,Einride AB - American Depositary Shares,G,N,N,NASDAQ
ENRDW,Einride AB - Warrants,S,N,N,NASDAQ
ENSC,"Ensysce Biosciences, Inc. - Common Stock",S,N,N,NASDAQ
ENSG,"The Ensign Group, Inc. - Common Stock",Q,N,N,NASDAQ
ENTA,"Enanta Pharmaceuticals, Inc. - Common Stock",Q,N,N,NASDAQ
ENTG,"Entegris, Inc. - Common Stock",Q,N,N,NASDAQ
ENTX,Entera Bio Ltd. - Ordinary Shares,S,N,N,NASDAQ
ENVB,"Enveric Biosciences, Inc.  - Common Stock",S,N,N,NASDAQ
ENVX,Enovix Corporation - Common Stock,Q,N,N,NASDAQ
ENZL,iShares MSCI New Zealand ETF,G,Y,N,NASDAQ
EOLS,"Evolus, Inc. - Common Stock",G,N,N,NASDAQ
EOSE,"Eos Energy Enterprises, Inc. - Common Stock",S,N,N,NASDAQ
EPOW,E-Power Inc. - Class A Ordinary Shares,S,N,N,NASDAQ
EPRX,Eupraxia Pharmaceuticals Inc. - Common Stock,S,N,N,NASDAQ
EPSM,Epsium Enterprise Limited - Class A Ordinary Shares,S,N,N,NASDAQ
EPSN,Epsilon Energy Ltd. - Common Shares,G,N,N,NASDAQ
EQ,"Equillium, Inc. - Common Stock",S,N,N,NASDAQ
EQIX,"Equinix, Inc. - Common Stock",Q,N,N,NASDAQ
EQPT,EquipmentShare.com Inc - Class A Common Stock,Q,N,N,NASDAQ
EQRR,ProShares Equities for Rising Rates ETF,G,Y,N,NASDAQ
ERAS,"Erasca, Inc. - Common Stock",Q,N,N,NASDAQ
ERET,iShares Environmentally Aware Real Estate ETF,G,Y,N,NASDAQ
ERIC,Ericsson - American Depositary Shares each representing 1 underlying Class B share,Q,N,N,NASDAQ
ERIE,Erie Indemnity Company - Class A Common Stock,Q,N,N,NASDAQ
ERII,"Energy Recovery, Inc. - Common Stock",Q,N,N,NASDAQ
ERNA,Ernexa Therapeutics Inc. - Common Stock,S,N,N,NASDAQ
ERNAW,Ernexa Therapeutics Inc. - Warrants,S,N,N,NASDAQ
ESCA,"Escalade, Incorporated - Common Stock",G,N,N,NASDAQ
ESEA,Euroseas Ltd. - Common Stock,S,N,N,NASDAQ
ESGD,iShares ESG Aware MSCI EAFE ETF,G,Y,N,NASDAQ
ESGE,iShares ESG Aware MSCI EM ETF,G,Y,N,NASDAQ
ESGU,iShares ESG Aware MSCI USA ETF,G,Y,N,NASDAQ
ESLA,"Estrella Immunopharma, Inc. - Common Stock",S,N,N,NASDAQ
ESLAW,"Estrella Immunopharma, Inc. - Warrant",S,N,N,NASDAQ
ESLT,Elbit Systems Ltd. - Ordinary Shares,Q,N,N,NASDAQ
ESMV,iShares ESG Optimized MSCI USA Min Vol Factor ETF,G,Y,N,NASDAQ
ESN,Essential 40 Stock ETF,G,Y,N,NASDAQ
ESOA,Energy Services of America Corporation - Common Stock,S,N,N,NASDAQ
ESPO,VanEck Video Gaming and eSports ETF,G,Y,N,NASDAQ
ESPR,"Esperion Therapeutics, Inc. - Common Stock",G,N,N,NASDAQ
ESQ,"Esquire Financial Holdings, Inc. - Common Stock",S,N,N,NASDAQ
ESTA,Establishment Labs Holdings Inc. - Common Shares,S,N,N,NASDAQ
ETEC,iShares Breakthrough Environmental Solutions ETF,G,Y,N,NASDAQ
ETHA,iShares Ethereum Trust ETF,G,Y,N,NASDAQ
ETHB,iShares Staked Ethereum Trust ETF,G,Y,N,NASDAQ
ETON,"Eton Pharmaceuticals, Inc. - Common Stock",G,N,N,NASDAQ
ETOR,eToro Group Ltd. - Class A Common Shares,Q,N,N,NASDAQ
ETS,Elite Express Holding Inc. - Class A Common Stock,S,N,N,NASDAQ
EU,enCore Energy Corp. - Common Stock,S,N,N,NASDAQ
EUDA,Euda Health Holdings Limited - Ordinary Shares,S,N,N,NASDAQ
EUDAW,Euda Health Holdings Limited - Warrant,S,N,N,NASDAQ
EUFN,iShares MSCI Europe Financials ETF,G,Y,N,NASDAQ
EURK,Eureka Acquisition Corp - Class A Ordinary Share,S,N,N,NASDAQ
EURKR,Eureka Acquisition Corp - Right,S,N,N,NASDAQ
EURKU,Eureka Acquisition Corp - Unit,S,N,N,NASDAQ
EVAX,Evaxion A/S - American Depositary Share,S,N,N,NASDAQ
EVCM,EverCommerce Inc. - Common Stock,Q,N,N,NASDAQ
EVER,"EverQuote, Inc. - Class A Common Stock",G,N,N,NASDAQ
EVGN,Evogene Ltd. - Ordinary Shares,S,N,N,NASDAQ
EVGO,EVgo Inc. - Common Stock,Q,N,N,NASDAQ
EVGOW,"EVgo Inc. - Warrants, each whole warrant exercisable for one share of Class A Common Stock at an exercise price of $11.50",Q,N,N,NASDAQ
EVLV,"Evolv Technologies Holdings, Inc. - Class A Common Stock",S,N,N,NASDAQ
EVLVW,"Evolv Technologies Holdings, Inc. - Warrant",S,N,N,NASDAQ
EVMT,Invesco Electric Vehicle Metals Commodity Strategy No K-1 ETF,G,Y,N,NASDAQ
EVO,Evotec SE - American Depositary Shares each representing 1/2 of one ordinary share,Q,N,N,NASDAQ
EVOX,Evolution Global Acquisition Corp - Class A Ordinary Shares,G,N,N,NASDAQ
EVOXU,Evolution Global Acquisition Corp - Units,G,N,N,NASDAQ
EVOXW,Evolution Global Acquisition Corp - Warrants,G,N,N,NASDAQ
EVPF,Eaton Vance Preferred Securities and Income ETF,G,Y,N,NASDAQ
EVRG,"Evergy, Inc. - Common Stock",Q,N,N,NASDAQ
EVSD,Eaton Vance Short Duration Income ETF,G,Y,N,NASDAQ
EVTV,"Envirotech Vehicles, Inc. - Common stock",S,N,N,NASDAQ
EVYM,Eaton Vance High Income Municipal ETF,G,Y,N,NASDAQ
EWBC,"East West Bancorp, Inc. - Common Stock",Q,N,N,NASDAQ
EWJV,iShares MSCI Japan Value ETF,G,Y,N,NASDAQ
EWTX,"Edgewise Therapeutics, Inc. - Common Stock",Q,N,N,NASDAQ
EWZS,iShares MSCI Brazil Small-Cap ETF,G,Y,N,NASDAQ
EXC,Exelon Corporation - Common Stock,Q,N,N,NASDAQ
EXE,Expand Energy Corporation - Common Stock,Q,N,N,NASDAQ
EXEL,"Exelixis, Inc. - Common Stock",Q,N,N,NASDAQ
EXFY,"Expensify, Inc. - Class A Common Stock",Q,N,N,NASDAQ
EXLS,"ExlService Holdings, Inc. - Common Stock",Q,N,N,NASDAQ
EXOZ,eXoZymes Inc. - Common Stock,S,N,N,NASDAQ
EXPE,"Expedia Group, Inc. - Common Stock",Q,N,N,NASDAQ
EXPO,"Exponent, Inc. - Common Stock",Q,N,N,NASDAQ
EXTR,"Extreme Networks, Inc. - Common Stock",Q,N,N,NASDAQ
EXUS,Nomura Focused International Core ETF,G,Y,N,NASDAQ
EXYN,"Exyn Technologies, Inc. - Common Stock",S,N,N,NASDAQ
EXYNW,"Exyn Technologies, Inc. - Warrant",S,N,N,NASDAQ
EYE,"National Vision Holdings, Inc. - Common Stock",Q,N,N,NASDAQ
EYEG,AB Corporate Bond ETF,G,Y,N,NASDAQ
EYPT,"EyePoint, Inc. - Common Stock",G,N,N,NASDAQ
EZGO,EZGO Technologies Ltd. - Ordinary Shares,S,N,N,NASDAQ
EZMO,AlphaDroid Broad Markets Momentum ETF,G,Y,N,NASDAQ
EZPW,"EZCORP, Inc. - Class A Non-Voting Common Stock",Q,N,N,NASDAQ
EZRA,"Reliance Global Group, Inc. - Common Stock",S,N,N,NASDAQ
EZRO,AlphaDroid Defensive Sector Rotation ETF,G,Y,N,NASDAQ
FA,First Advantage Corporation - Common Stock,Q,N,N,NASDAQ
FAAA,Fidelity AAA CLO ETF,G,Y,N,NASDAQ
FAAR,First Trust Alternative Absolute Return Strategy ETF,G,Y,N,NASDAQ
FAB,First Trust Multi Cap Value AlphaDEX Fund,G,Y,N,NASDAQ
FABC,"Fabric.AI, Inc. - Common Stock",S,N,N,NASDAQ
FAC,Factorial Energy Inc. - Class A Common Stock,S,N,N,NASDAQ
FACT,FACT II Acquisition Corp. - Class A Ordinary Shares,G,N,N,NASDAQ
FACTU,FACT II Acquisition Corp. - Unit,G,N,N,NASDAQ
FACTW,FACT II Acquisition Corp. - Warrant,G,N,N,NASDAQ
FACWW,Factorial Energy Inc. - Warrant,S,N,N,NASDAQ
FAD,First Trust Multi Cap Growth AlphaDEX Fund,G,Y,N,NASDAQ
FALN,iShares Fallen Angels USD Bond ETF,G,Y,N,NASDAQ
FAMI,"Farmmi, Inc. - Class A Ordinary Shares",S,N,N,NASDAQ
FANG,"Diamondback Energy, Inc. - Common Stock",Q,N,N,NASDAQ
FAST,Fastenal Company - Common Stock,Q,N,N,NASDAQ
FATE,"Fate Therapeutics, Inc. - Common Stock",G,N,N,NASDAQ
FATN,"FatPipe, Inc. - common stock",S,N,N,NASDAQ
FBGL,FBS Global Limited - Ordinary Shares,S,N,N,NASDAQ
FBIO,"Fortress Biotech, Inc. - Common Stock",S,N,N,NASDAQ
FBIOP,"Fortress Biotech, Inc. - 9.375% Series A Cumulative Redeemable Perpetual Preferred Stock",S,N,N,NASDAQ
FBIZ,"First Business Financial Services, Inc. - Common Stock",Q,N,N,NASDAQ
FBL,GraniteShares 2x Long META Daily ETF,G,Y,N,NASDAQ
FBLA,"FB Bancorp, Inc. - Common Stock",S,N,N,NASDAQ
FBLG,"FibroBiologics, Inc. - Common Stock",S,N,N,NASDAQ
FBNC,First Bancorp - Common Stock,Q,N,N,NASDAQ
FBOT,Fidelity Disruptive Automation ETF,G,Y,N,NASDAQ
FBRX,"Forte Biosciences, Inc.  - Common Stock",S,N,N,NASDAQ
FBYD,"Falcon's Beyond Global, Inc. - Class A Common Stock",G,N,N,NASDAQ
FBYDP,"Falcon's Beyond Global, Inc. - 11% Series B Cumulative Convertible Preferred Stock",G,N,N,NASDAQ
FBYDW,"Falcon's Beyond Global, Inc. - Warrants",S,N,N,NASDAQ
FBYY,GraniteShares YieldBOOST META ETF,G,Y,N,NASDAQ
FCA,First Trust China AlphaDEX Fund,G,Y,N,NASDAQ
FCAL,First Trust California Municipal High income ETF,G,Y,N,NASDAQ
FCAP,"First Capital, Inc. - Common Stock",S,N,N,NASDAQ
FCBC,"First Community Bankshares, Inc. - Common Stock",Q,N,N,NASDAQ
FCCO,First Community Corporation - Common Stock,S,N,N,NASDAQ
FCEF,First Trust Income Opportunities ETF,G,Y,N,NASDAQ
FCEL,"FuelCell Energy, Inc. - Common Stock",G,N,N,NASDAQ
FCFS,"FirstCash Holdings, Inc. - Common Stock",Q,N,N,NASDAQ
FCHL,Fitness Champs Holdings Limited - Ordinary Shares,S,N,N,NASDAQ
FCLO,Fidelity CLO ETF,G,Y,N,NASDAQ
FCNCA,"First Citizens BancShares, Inc. - Class A Common Stock",Q,N,N,NASDAQ
FCNCN,"First Citizens BancShares, Inc. - Depositary Shares, each representing a 1/40th interest in a share of 6.625% Non-Cumulative Perpetual Preferred Stock, Series E",Q,N,N,NASDAQ
FCNCO,"First Citizens BancShares, Inc. - 5.625% Non-Cumulative Perpetual Preferred Stock, Series C",Q,N,N,NASDAQ
FCNCP,"First Citizens BancShares, Inc. - Depositary Shares Each Representing a 1/40th Interest in a Share of 5.375% Non-Cumulative Perpetual Preferred Stock, Series A",Q,N,N,NASDAQ
FCTE,SMI 3Fourteen Full-Cycle Trend ETF,G,Y,N,NASDAQ
FCUV,Focus Universal Inc. - Common Stock,S,N,N,NASDAQ
FCVT,First Trust SSI Strategic Convertible Securities ETF,G,Y,N,NASDAQ
FCXG,Leverage Shares 2x Long FCX Daily ETF,G,Y,N,NASDAQ
FDBC,"Fidelity D & D Bancorp, Inc. - Common Stock",G,N,N,NASDAQ
FDCF,Fidelity Disruptive Communications ETF,G,Y,N,NASDAQ
FDFF,Fidelity Disruptive Finance ETF,G,Y,N,NASDAQ
FDIF,Fidelity Disruptors ETF,G,Y,N,NASDAQ
FDIG,Fidelity Crypto Industry and Digital Payments ETF,G,Y,N,NASDAQ
FDIQ,Invesco Bloomberg Financial Data Providers ETF,G,Y,N,NASDAQ
FDIV,MarketDesk Focused U.S. Dividend ETF,G,Y,N,NASDAQ
FDMT,"4D Molecular Therapeutics, Inc. - Common Stock",Q,N,N,NASDAQ
FDNI,First Trust Dow Jones International Internet ETF,G,Y,N,NASDAQ
FDRS,Founder-Led ETF,G,Y,N,NASDAQ
FDRX,Founder-Led 2X Daily ETF,G,Y,N,NASDAQ
FDSB,"Fifth District Bancorp, Inc. - Common Stock",S,N,N,NASDAQ
FDT,First Trust Developed Markets Ex-US AlphaDEX Fund,G,Y,N,NASDAQ
FDTS,First Trust Developed Markets ex-US Small Cap AlphaDEX Fund,G,Y,N,NASDAQ
FDTX,Fidelity Disruptive Technology ETF,G,Y,N,NASDAQ
FDUS,Fidus Investment Corporation - Closed End Fund,Q,N,N,NASDAQ
FEAM,"5E Advanced Materials, Inc. - Common Stock",Q,N,N,NASDAQ
FEBO,Fenbo Holdings Limited - Class A Ordinary Shares,S,N,N,NASDAQ
FEED,"ENvue Medical, Inc. - Common Stock",S,N,N,NASDAQ
FEIM,"Frequency Electronics, Inc. - Common Stock",G,N,N,NASDAQ
FELE,"Franklin Electric Co., Inc. - Common Stock",Q,N,N,NASDAQ
FEM,First Trust Emerging Markets AlphaDEX Fund,G,Y,N,NASDAQ
FEMB,First Trust Emerging Markets Local Currency Bond ETF,G,Y,N,NASDAQ
FEMS,First Trust Emerging Markets Small Cap AlphaDEX Fund,G,Y,N,NASDAQ
FEMY,Femasys Inc. - Common Stock,S,N,N,NASDAQ
FENC,Fennec Pharmaceuticals Inc. - Common Stock,S,N,N,NASDAQ
FEP,First Trust Europe AlphaDEX Fund,G,Y,N,NASDAQ
FEPI,REX FANG & Innovation Equity Premium Income ETF,G,Y,N,NASDAQ
FER,Ferrovial N.V. - Ordinary Shares,Q,N,N,NASDAQ
FERA,Fifth Era Acquisition Corp I - Class A Ordinary Shares,G,N,N,NASDAQ
FERAR,Fifth Era Acquisition Corp I - Rights,G,N,N,NASDAQ
FERAU,Fifth Era Acquisition Corp I - Units,G,N,N,NASDAQ
FEUZ,First Trust Eurozone AlphaDEX ETF,G,Y,N,NASDAQ
FEX,First Trust Large Cap Core AlphaDEX Fund,G,Y,N,NASDAQ
FFAI,Faraday Future Intelligent Electric Inc. - Class A Common Stock,S,N,N,NASDAQ
FFAIW,Faraday Future Intelligent Electric Inc. - Warrant,S,N,N,NASDAQ
FFBC,First Financial Bancorp. - Common Stock,Q,N,N,NASDAQ
FFIN,"First Financial Bankshares, Inc. - Common Stock",Q,N,N,NASDAQ
FFIV,"F5, Inc. - Common Stock",Q,N,N,NASDAQ
FFUT,Fidelity Managed Futures ETF,G,Y,N,NASDAQ
FGBI,"First Guaranty Bancshares, Inc. - Common Stock",G,N,N,NASDAQ
FGBIP,"First Guaranty Bancshares, Inc. - 6.75% Series A Fixed-Rate Non-Cumulative Perpetual Preferred Stock",G,N,N,NASDAQ
FGI,FGI Industries Ltd. - Ordinary Shares,S,N,N,NASDAQ
FGII,FG Imperii Acquisition Corp. - Class A Ordinary Shares,G,N,N,NASDAQ
FGIIU,FG Imperii Acquisition Corp. - Units,G,N,N,NASDAQ
FGIIW,FG Imperii Acquisition Corp. - Warrants,G,N,N,NASDAQ
FGIWW,FGI Industries Ltd. - warrant,S,N,N,NASDAQ
FGL,Founder Group Limited - Class A Ordinary Shares,S,N,N,NASDAQ
FGM,First Trust Germany AlphaDEX Fund,G,Y,N,NASDAQ
FGMC,FG Merger II Corp. - Common stock,G,N,N,NASDAQ
FGMCR,FG Merger II Corp. - Rights,G,N,N,NASDAQ
FGMCU,FG Merger II Corp. - Unit,G,N,N,NASDAQ
FGNX,FG Nexus Inc. - Common Stock,G,N,N,NASDAQ
FGNXP,FG Nexus Inc. - 8.00% Cumulative Series A Preferred Stock,G,N,N,NASDAQ
FGSI,FT Vest Growth Strength & Target Income ETF,G,Y,N,NASDAQ
FHB,"First Hawaiian, Inc. - Common Stock",Q,N,N,NASDAQ
FHTX,Foghorn Therapeutics Inc. - Common Stock,G,N,N,NASDAQ
FIBK,"First Interstate BancSystem, Inc. - Common Stock",Q,N,N,NASDAQ
FICS,First Trust International Developed Capital Strength ETF,G,Y,N,NASDAQ
FID,First Trust S&P International Dividend Aristocrats ETF,G,Y,N,NASDAQ
FIEE,"FiEE, Inc - Common Stock",S,N,N,NASDAQ
FIGG,Leverage Shares 2x Long FIG Daily ETF,G,Y,N,NASDAQ
FIGR,"Figure Technology Solutions, Inc. - Class A Common Stock",Q,N,N,NASDAQ
FIGX,FIGX Capital Acquisition Corp. - Class A ordinary share,G,N,N,NASDAQ
FIGXU,FIGX Capital Acquisition Corp. - Units,G,N,N,NASDAQ
FIGXW,FIGX Capital Acquisition Corp. - one-half of one redeemable warrant.,G,N,N,NASDAQ
FIMU,Fidelity Intermediate Municipal Income ETF,G,Y,N,NASDAQ
FINW,FinWise Bancorp - Common Stock,G,N,N,NASDAQ
FINX,Global X FinTech ETF,G,Y,N,NASDAQ
FINY,GraniteShares YieldBOOST Financials ETF,G,Y,N,NASDAQ
FIP,FTAI Infrastructure Inc. - Common Stock,Q,N,N,NASDAQ
FISI,"Financial Institutions, Inc. - Common Stock",Q,N,N,NASDAQ
FISN,"Deep Fission, Inc. - Common Stock",G,N,N,NASDAQ
FISV,"Fiserv, Inc. - Common Stock",Q,N,N,NASDAQ
FIVE,"Five Below, Inc. - Common Stock",Q,N,N,NASDAQ
FIVN,"Five9, Inc. - Common Stock",G,N,N,NASDAQ
FIXD,First Trust Smith Opportunistic Fixed Income ETF,G,Y,N,NASDAQ
FIYY,GraniteShares YieldBOOST 20Y Treasuries ETF,G,Y,N,NASDAQ
FIZZ,National Beverage Corp. - Common Stock,Q,N,N,NASDAQ
FJP,First Trust Japan AlphaDEX Fund,G,Y,N,NASDAQ
FKU,First Trust United Kingdom AlphaDEX Fund,G,Y,N,NASDAQ
FKWL,Franklin Wireless Corp. - common stock,S,N,N,NASDAQ
FLD,"Fold Holdings, Inc. - Class A Common Stock",S,N,N,NASDAQ
FLDB,Fidelity Low Duration Bond ETF,G,Y,N,NASDAQ
FLDDW,"Fold Holdings, Inc. - Warrant",S,N,N,NASDAQ
FLEX,Flex Ltd. - Ordinary Shares,Q,N,N,NASDAQ
FLGT,"Fulgent Genetics, Inc. - Common Stock",G,N,N,NASDAQ
FLL,"Full House Resorts, Inc. - Common Stock",S,N,N,NASDAQ
FLN,First Trust Latin America AlphaDEX Fund,G,Y,N,NASDAQ
FLNA,"Filana Therapeutics, Inc. - Common Stock",S,N,N,NASDAQ
FLNC,"Fluence Energy, Inc. - Class A Common Stock",Q,N,N,NASDAQ
FLNT,"Fluent, Inc. - Common Stock",S,N,N,NASDAQ
FLUX,"Flux Power Holdings, Inc. - Common Stock",S,N,N,NASDAQ
FLWS,"1-800-FLOWERS.COM, Inc. - Class A Common Stock",Q,N,N,NASDAQ
FLX,BingEx Limited - American Depositary Shares,Q,N,N,NASDAQ
FLXS,"Flexsteel Industries, Inc. - Common Stock",Q,N,N,NASDAQ
FLY,Firefly Aerospace Inc. - Common Stock,G,N,N,NASDAQ
FLYE,"Fly-E Group, Inc. - Common Stock",S,N,N,NASDAQ
FLYW,Flywire Corporation - Voting Common Stock,Q,N,N,NASDAQ
FLZH,"Flash Sports & Media Holdings, Inc. - Common Stock",S,N,N,NASDAQ
FMAC,Future Money Acquisition Corporation - Ordinary Shares,G,N,N,NASDAQ
FMACR,Future Money Acquisition Corporation - Rights,G,N,N,NASDAQ
FMACU,Future Money Acquisition Corporation - Units,G,N,N,NASDAQ
FMAO,"Farmers & Merchants Bancorp, Inc. - Common Stock",S,N,N,NASDAQ
FMB,First Trust Managed Municipal ETF,G,Y,N,NASDAQ
FMBH,"First Mid Bancshares, Inc. - Common Stock",G,N,N,NASDAQ
FMED,Fidelity Disruptive Medicine ETF,G,Y,N,NASDAQ
FMET,Fidelity Metaverse ETF,G,Y,N,NASDAQ
FMFC,Kandal M Venture Limited - Class A ordinary Shares,S,N,N,NASDAQ
FMHI,First Trust Municipal High Income ETF,G,Y,N,NASDAQ
FMNB,Farmers National Banc Corp. - Common Stock,S,N,N,NASDAQ
FMST,Foremost Clean Energy Ltd. - Common Shares,S,N,N,NASDAQ
FMSTW,Foremost Clean Energy Ltd. - Warrant,S,N,N,NASDAQ
FMTM,MarketDesk Focused U.S. Momentum ETF,G,Y,N,NASDAQ
FMUB,Fidelity Municipal Bond Opportunities ETF,G,Y,N,NASDAQ
FMUN,Fidelity Systematic Municipal Bond Index ETF,G,Y,N,NASDAQ
FNGR,"FingerMotion, Inc. - common stock",S,N,N,NASDAQ
FNK,First Trust Mid Cap Value AlphaDEX Fund,G,Y,N,NASDAQ
FNKO,"Funko, Inc. - Class A Common Stock",Q,N,N,NASDAQ
FNLC,"First Bancorp, Inc (ME) - Common Stock",Q,N,N,NASDAQ
FNRN,First Northern Community Bancorp - Common stock,S,N,N,NASDAQ
FNUC,Frontier Nuclear and Minerals Inc. - Common Shares,S,N,N,NASDAQ
FNWB,First Northwest Bancorp - Common Stock,G,N,N,NASDAQ
FNWD,Finward Bancorp - common stock,S,N,N,NASDAQ
FNX,First Trust Mid Cap Core AlphaDEX Fund,G,Y,N,NASDAQ
FNY,First Trust Mid Cap Growth AlphaDEX Fund,G,Y,N,NASDAQ
FOCL,"EDAP TMS S.A. - American Depositary Shares, each representing One Ordinary Share",G,N,N,NASDAQ
FOFO,"Hang Feng Technology Innovation Co., Ltd. - Ordinary Shares",S,N,N,NASDAQ
FORM,"FormFactor, Inc. - Common Stock",Q,N,N,NASDAQ
FORR,"Forrester Research, Inc. - Common Stock",Q,N,N,NASDAQ
FORTY,Formula Systems (1985) Ltd. - American Depositary Shares,Q,N,N,NASDAQ
FOSL,"Fossil Group, Inc. - Common Stock",Q,N,N,NASDAQ
FOX,Fox Corporation - Class B Common Stock,Q,N,N,NASDAQ
FOXA,Fox Corporation - Class A Common Stock,Q,N,N,NASDAQ
FOXF,Fox Factory Holding Corp. - Common Stock,Q,N,N,NASDAQ
FOXX,Foxx Development Holdings Inc. - Common Stock,S,N,N,NASDAQ
FOXXW,Foxx Development Holdings Inc. - Warrant,S,N,N,NASDAQ
FPA,First Trust Asia Pacific Ex-Japan AlphaDEX Fund,G,Y,N,NASDAQ
FPXE,First Trust IPOX Europe Equity Opportunities ETF,G,Y,N,NASDAQ
FPXI,First Trust International Equity Opportunities ETF,G,Y,N,NASDAQ
FRAF,Franklin Financial Services Corporation - Common Stock,S,N,N,NASDAQ
FRBA,First Bank  - Common Stock,G,N,N,NASDAQ
FRBT,"Forbright, Inc. - Class A Common Stock",Q,N,N,NASDAQ
FRD,Friedman Industries Inc. - Common Stock,Q,N,N,NASDAQ
FREI,Fidelity Real Estate Income ETF,G,Y,N,NASDAQ
FRGT,"Freight Technologies, Inc. - Ordinary Shares",S,N,N,NASDAQ
FRHC,Freedom Holding Corp. - Common Stock,S,N,N,NASDAQ
FRME,First Merchants Corporation - Common Stock,Q,N,N,NASDAQ
FRMEP,"First Merchants Corporation - Depository Shares, each representing a 1/100th interest in a share of 7.50% Non-Cumulative Perpetual Preferred Stock, A",Q,N,N,NASDAQ
FRMI,Fermi Inc. - Common Stock,Q,N,N,NASDAQ
FRMM,"Forum Markets, Incorporated - Common Stock",S,N,N,NASDAQ
FROG,JFrog Ltd. - Ordinary shares,Q,N,N,NASDAQ
FRPH,"FRP Holdings, Inc. - Common Stock",Q,N,N,NASDAQ
FRPT,"Freshpet, Inc. - Common Stock",G,N,N,NASDAQ
FRSH,Freshworks Inc. - Class A Common Stock,Q,N,N,NASDAQ
FRST,Primis Financial Corp. - Common Stock,G,N,N,NASDAQ
FRSX,Foresight Autonomous Holdings Ltd. - American Depositary Shares,S,N,N,NASDAQ
FRTT,Fort Technology Inc. - Common Shares,S,N,N,NASDAQ
FRVO,Fervo Energy Company - Class A common stock,Q,N,N,NASDAQ
FRWD,Nomura Transformational Technologies ETF,G,Y,N,NASDAQ
FSBC,Five Star Bancorp - Common Stock,Q,N,N,NASDAQ
FSBW,"FS Bancorp, Inc. - Common Stock",S,N,N,NASDAQ
FSCS,First Trust SMID Capital Strength ETF,G,Y,N,NASDAQ
FSEA,"First Seacoast Bancorp, Inc. - Common Stock",S,N,N,NASDAQ
FSGS,First Trust SMID Growth Strength ETF,G,Y,N,NASDAQ
FSHP,Flag Ship Acquisition Corp. - Ordinary Shares,G,N,N,NASDAQ
FSHPR,Flag Ship Acquisition Corp. - Right,G,N,N,NASDAQ
FSHPU,Flag Ship Acquisition Corp. - Unit,G,N,N,NASDAQ
FSLR,"First Solar, Inc. - Common Stock",Q,N,N,NASDAQ
FSLY,"Fastly, Inc. - Class A Common Stock",Q,N,N,NASDAQ
FSTB,Fidelity Short-Term Bond ETF,G,Y,N,NASDAQ
FSTR,L.B. Foster Company - Common Stock,Q,N,N,NASDAQ
FSUN,FirstSun Capital Bancorp - Common Stock,Q,N,N,NASDAQ
FSV,FirstService Corporation - Common Shares,Q,N,N,NASDAQ
FSZ,First Trust Switzerland AlphaDEX Fund,G,Y,N,NASDAQ
FTA,First Trust Large Cap Value AlphaDEX Fund,G,Y,N,NASDAQ
FTAG,First Trust Indxx Global Agriculture ETF,G,Y,N,NASDAQ
FTAI,FTAI Aviation Ltd. - Common Stock,Q,N,N,NASDAQ
FTAIM,FTAI Aviation Ltd. - 9.500% Fixed-Rate Reset Series D Cumulative Perpetual Redeemable Preferred Shares,Q,N,N,NASDAQ
FTC,First Trust Large Cap Growth AlphaDEX Fund,G,Y,N,NASDAQ
FTCI,"FTC Solar, Inc. - Common Stock",S,N,N,NASDAQ
FTCS,First Trust Capital Strength ETF,G,Y,N,NASDAQ
FTDR,"Frontdoor, Inc. - Common Stock",Q,N,N,NASDAQ
FTDS,First Trust Dividend Strength ETF,G,Y,N,NASDAQ
FTEK,"Fuel Tech, Inc. - Common Stock",S,N,N,NASDAQ
FTFT,Future FinTech Group Inc. - Common Stock,S,N,N,NASDAQ
FTGC,First Trust Global Tactical Commodity Strategy Fund,G,Y,N,NASDAQ
FTGS,First Trust Growth Strength ETF,G,Y,N,NASDAQ
FTH,"Faeth Therapeutics, Inc.  - Common Stock",S,N,N,NASDAQ
FTHA,Forefront Tech Holdings Acquisition Corp - Class A Ordinary Shares,G,N,N,NASDAQ
FTHAU,Forefront Tech Holdings Acquisition Corp - Unit,G,N,N,NASDAQ
FTHAW,Forefront Tech Holdings Acquisition Corp - Warrant,G,N,N,NASDAQ
FTHI,First Trust BuyWrite Income ETF,G,Y,N,NASDAQ
FTHM,Fathom Holdings Inc. - Common Stock,S,N,N,NASDAQ
FTLF,"FitLife Brands, Inc. - Common Stock",S,N,N,NASDAQ
FTNT,"Fortinet, Inc. - Common Stock",Q,N,N,NASDAQ
FTQI,First Trust Nasdaq BuyWrite Income ETF,G,Y,N,NASDAQ
FTRE,Fortrea Holdings Inc. - Common Stock,Q,N,N,NASDAQ
FTRI,First Trust Indxx Global Natural Resources Income ETF,G,Y,N,NASDAQ
FTRK,FAST TRACK GROUP - Ordinary shares,S,N,N,NASDAQ
FTSL,First Trust Senior Loan Fund,G,Y,N,NASDAQ
FTSM,First Trust Enhanced Short Maturity ETF,G,Y,N,NASDAQ
FTXG,First Trust Nasdaq Food & Beverage ETF,G,Y,N,NASDAQ
FTXH,First Trust Nasdaq Pharmaceuticals ETF,G,Y,N,NASDAQ
FTXL,First Trust Nasdaq Semiconductor ETF,G,Y,N,NASDAQ
FTXN,First Trust Nasdaq Oil & Gas ETF,G,Y,N,NASDAQ
FTXO,First Trust Nasdaq Bank ETF,G,Y,N,NASDAQ
FTXR,First Trust Nasdaq Transportation ETF,G,Y,N,NASDAQ
FUFU,BitFuFu Inc. - Class A Ordinary Shares,S,N,N,NASDAQ
FUFUW,BitFuFu Inc. - Warrant,S,N,N,NASDAQ
FULC,"Fulcrum Therapeutics, Inc. - Common Stock",G,N,N,NASDAQ
FULT,Fulton Financial Corporation - Common Stock,Q,N,N,NASDAQ
FULTP,"Fulton Financial Corporation - Depositary Shares Each Representing a 1/40th Interest in a Share of Fixed Rate Non-Cumulative Perpetual Preferred Stock, Series A",Q,N,N,NASDAQ
FUNC,First United Corporation - Common Stock,Q,N,N,NASDAQ
FUND,"Sprott Focus Trust, Inc. - Closed End Fund",Q,N,N,NASDAQ
FUSB,"First US Bancshares, Inc. - Common Stock",S,N,N,NASDAQ
FUSE,Fusemachines Inc. - Common stock,G,N,N,NASDAQ
FUSEW,Fusemachines Inc. - Warrants,S,N,N,NASDAQ
FUTG,Leverage Shares 2x Long FUTU Daily ETF,G,Y,N,NASDAQ
FUTU,Futu Holdings Limited - American Depositary Shares,G,N,N,NASDAQ
FV,First Trust Dorsey Wright Focus 5 ETF,G,Y,N,NASDAQ
FVAV,Fortress Value Acquisition Corp. V - Class A Ordinary Shares,G,N,N,NASDAQ
FVC,First Trust Dorsey Wright Dynamic Focus 5 ETF,G,Y,N,NASDAQ
FVCB,"FVCBankcorp, Inc. - Common Stock",S,N,N,NASDAQ
FVN,Future Vision II Acquisition Corporation - Ordinary Shares,S,N,N,NASDAQ
FVNNR,Future Vision II Acquisition Corporation - Right,S,N,N,NASDAQ
FVNNU,Future Vision II Acquisition Corporation - Units,S,N,N,NASDAQ
FWACU,Futurewave Acquisition Corporation - Units,S,N,N,NASDAQ
FWDI,"Forward Industries, Inc. - Common Stock",S,N,N,NASDAQ
FWONA,Liberty Media Corporation - Series A Liberty Formula One Common Stock,Q,N,N,NASDAQ
FWONK,Liberty Media Corporation - Series C Liberty Formula One Common Stock,Q,N,N,NASDAQ
FWRD,Forward Air Corporation - Common Stock,Q,N,N,NASDAQ
FWRG,"First Watch Restaurant Group, Inc. - Common Stock",Q,N,N,NASDAQ
FXACU,FortuneX Acquisition Corporation - Units,G,N,N,NASDAQ
FXNC,First National Corporation - Common Stock,S,N,N,NASDAQ
FYC,First Trust Small Cap Growth AlphaDEX Fund,G,Y,N,NASDAQ
FYT,First Trust Small Cap Value AlphaDEX Fund,G,Y,N,NASDAQ
FYX,First Trust Small Cap Core AlphaDEX Fund,G,Y,N,NASDAQ
GABC,"German American Bancorp, Inc. - Common Stock",Q,N,N,NASDAQ
GAIA,"Gaia, Inc. - Class A Common Stock",G,N,N,NASDAQ
GAIN,Gladstone Investment Corporation - Business Development Company,Q,N,N,NASDAQ
GAING,Gladstone Investment Corporation - 7.125% Notes due 2031,Q,N,N,NASDAQ
GAINI,Gladstone Investment Corporation - 7.875% Notes due 2030,Q,N,N,NASDAQ
GAINZ,Gladstone Investment Corporation - 4.875% Notes due 2028,Q,N,N,NASDAQ
GALT,Galectin Therapeutics Inc. - Common Stock,S,N,N,NASDAQ
GAMB,Gambling.com Group Limited - Ordinary Shares,G,N,N,NASDAQ
GAME,"GameSquare Holdings, Inc. - Common stock",S,N,N,NASDAQ
GANX,"Gain Therapeutics, Inc. - Common Stock",G,N,N,NASDAQ
GARY,Mango Growth ETF,G,Y,N,NASDAQ
GASS,"StealthGas, Inc. - common stock",Q,N,N,NASDAQ
GAUZ,Gauzy Ltd. - Ordinary Shares,G,N,N,NASDAQ
GAVA,Grayscale Avalanche Staking ETF,G,Y,N,NASDAQ
GBDC,"Golub Capital BDC, Inc. - Closed End Fund",Q,N,N,NASDAQ
GBFH,GBank Financial Holdings Inc. - Common Stock,S,N,N,NASDAQ
GBLI,"Global Indemnity Group, LLC - Class A Common Shares",Q,N,N,NASDAQ
GBUG,Sprott Active Gold & Silver Miners ETF,G,Y,N,NASDAQ
GCBC,"Greene County Bancorp, Inc. - Common Stock",S,N,N,NASDAQ
GCGR,General Catalyst Global Resilience Merger Corp. - Class A Ordinary Shares,G,N,N,NASDAQ
GCGRU,General Catalyst Global Resilience Merger Corp. - Units,G,N,N,NASDAQ
GCGRW,General Catalyst Global Resilience Merger Corp. - Warrants,G,N,N,NASDAQ
GCL,GCL Global Holdings Ltd - Ordinary Shares,Q,N,N,NASDAQ
GCLWW,GCL Global Holdings Ltd - Warrants,Q,N,N,NASDAQ
GCMG,GCM Grosvenor Inc. - Class A Common Stock,G,N,N,NASDAQ
GCT,GigaCloud Technology Inc - Class A Ordinary Shares,G,N,N,NASDAQ
GCTK,"GlucoTrack, Inc. - Common Stock",S,N,N,NASDAQ
GDC,GD Culture Group Limited - Common Stock,S,N,N,NASDAQ
GDEV,GDEV Inc. - Ordinary Shares,G,N,N,NASDAQ
GDEVW,GDEV Inc. - Warrant,G,N,N,NASDAQ
GDHG,Golden Heaven Group Holdings Ltd.  - Class A Ordinary Shares,S,N,N,NASDAQ
GDRX,"GoodRx Holdings, Inc. - Class A Common Stock",Q,N,N,NASDAQ
GDS,GDS Holdings Limited - American Depositary Shares,G,N,N,NASDAQ
GDTC,CytoMed Therapeutics Limited - Ordinary Shares,S,N,N,NASDAQ
GDYN,"Grid Dynamics Holdings, Inc. - Class A Common Stock",S,N,N,NASDAQ
GECC,Great Elm Capital Corp. - Closed End Fund,G,N,N,NASDAQ
GECCG,Great Elm Capital Corp. - 7.75% Notes Due 2030,G,N,N,NASDAQ
GECCH,Great Elm Capital Corp. - 8.125% Notes Due 2029,G,N,N,NASDAQ
GECCI,Great Elm Capital Corp. - 8.50% NOTES DUE 2029,G,N,N,NASDAQ
GEG,"Great Elm Group, Inc.  - Common Stock",Q,N,N,NASDAQ
GEGGL,"Great Elm Group, Inc.  - 7.25% Notes due 2027",G,N,N,NASDAQ
GEHC,GE HealthCare Technologies Inc. - Common Stock,Q,N,N,NASDAQ
GELS,Gelteq Limited - Ordinary Shares,S,N,N,NASDAQ
GEME,Pacific North of South EM Equity Active ETF,G,Y,N,NASDAQ
GEMG,Leverage Shares 2X Long GEMI Daily ETF,G,Y,N,NASDAQ
GEMI,"Gemini Space Station, Inc. - Class A Common Stock",Q,N,N,NASDAQ
GEN,Gen Digital Inc. - Common Stock,Q,N,N,NASDAQ
GENB,"Generate Biomedicines, Inc. - Common Stock",Q,N,N,NASDAQ
GENK,"GEN Restaurant Group, Inc. - Class A Common Stock",G,N,N,NASDAQ
GENVR,Gen Digital Inc. - Contingent Value Rights,G,N,N,NASDAQ
GENZ,VanEck Digital Native Economy ETF,G,Y,N,NASDAQ
GEOS,Geospace Technologies Corporation - Common Stock,Q,N,N,NASDAQ
GEQ,Cambria Global EW 2 ETF,G,Y,N,NASDAQ
GERN,Geron Corporation - Common Stock,Q,N,N,NASDAQ
GEVG,Leverage Shares 2X Long GEV Daily ETF,G,Y,N,NASDAQ
GEVO,"Gevo, Inc. - Common Stock",S,N,N,NASDAQ
GEW,Cambria Global EW ETF,G,Y,N,NASDAQ
GFAI,"Guardforce AI Co., Limited - Ordinary Shares",S,N,N,NASDAQ
GFAIW,"Guardforce AI Co., Limited - Warrant",S,N,N,NASDAQ
GFGF,Guru Favorite Stocks ETF,G,Y,N,NASDAQ
GFLW,VictoryShares Free Cash Flow Growth ETF,G,Y,N,NASDAQ
GFS,GlobalFoundries Inc. - Ordinary Share,Q,N,N,NASDAQ
GGAL,"Grupo Financiero Galicia S.A. - American Depositary Shares, Class B Shares underlying",S,N,N,NASDAQ
GGLL,Direxion Daily GOOGL Bull 2X ETF,G,Y,N,NASDAQ
GGLS,Direxion Daily GOOGL Bear 1X ETF,G,Y,N,NASDAQ
GGR,Gogoro Inc. - Ordinary Shares,S,N,N,NASDAQ
GGROW,Gogoro Inc. - Warrant,S,N,N,NASDAQ
GGRP,"The Glimpse Group, Inc. - Common Stock",S,N,N,NASDAQ
GH,"Guardant Health, Inc. - Common Stock",Q,N,N,NASDAQ
GHRS,GH Research PLC - Ordinary Shares,G,N,N,NASDAQ
GHXIU,"Gores Holdings XI, Inc. - Units",G,N,N,NASDAQ
GIBO,GIBO Holdings Limited - Class A Ordinary Shares,S,N,N,NASDAQ
GIBOW,GIBO Holdings Limited - Warrants,S,N,N,NASDAQ
GIEQ,Goldman Sachs Data Enhanced International Equity ETF,G,Y,N,NASDAQ
GIFT,"Giftify, Inc. - Common Stock",S,N,N,NASDAQ
GIGM,GigaMedia Limited - Ordinary Shares,S,N,N,NASDAQ
GIII,"G-III Apparel Group, LTD. - Common Stock",Q,N,N,NASDAQ
GILD,"Gilead Sciences, Inc. - Common Stock",Q,N,N,NASDAQ
GILT,Gilat Satellite Networks Ltd. - Ordinary Shares,Q,N,N,NASDAQ
GIND,Goldman Sachs India Equity ETF,G,Y,N,NASDAQ
GINX,SGI Enhanced Global Income ETF,G,Y,N,NASDAQ
GIPR,Generation Income Properties Inc. - Common stock,S,N,N,NASDAQ
GIPRW,Generation Income Properties Inc. - Warrant,S,N,N,NASDAQ
GITS,"Global Interactive Technologies, Inc. Common Stock - Common Stock",S,N,N,NASDAQ
GIW,GigCapital8 Corp. - Class A Ordinary Shares,G,N,N,NASDAQ
GIWWR,GigCapital8 Corp. - Rights,G,N,N,NASDAQ
GIWWU,GigCapital8 Corp. - Units,G,N,N,NASDAQ
GIX,GigCapital9 Corp. - Class A Ordinary Share,G,N,N,NASDAQ
GIXXR,GigCapital9 Corp. - Rights,G,N,N,NASDAQ
GIXXU,GigCapital9 Corp. - Units,G,N,N,NASDAQ
GKAT,Scharf Global Opportunity ETF,G,Y,N,NASDAQ
GLAD,Gladstone Capital Corporation - Closed End Fund,Q,N,N,NASDAQ
GLBE,Global-E Online Ltd. - ordinary shares,Q,N,N,NASDAQ
GLBS,Globus Maritime Limited - Common Stock,S,N,N,NASDAQ
GLCR,GlacierShares Nasdaq Iceland ETF,G,Y,N,NASDAQ
GLDB,IDX Alternative FIAT ETF,G,Y,N,NASDAQ
GLDI,"ETRACS Gold Shares Covered Call ETNs due February 2, 2033",G,Y,N,NASDAQ
GLDY,Defiance Gold Enhanced Options Income ETF,G,Y,N,NASDAQ
GLE,Global Engine Group Holding Limited - Class A Ordinary Shares,S,N,N,NASDAQ
GLGG,Leverage Shares 2X Long GLXY Daily ETF,G,Y,N,NASDAQ
GLIBA,Liberty Capital Corporation - Series A GCI Group Common Stock,Q,N,N,NASDAQ
GLIBK,Liberty Capital Corporation - Series C GCI Group Common Stock,Q,N,N,NASDAQ
GLMD,Galmed Pharmaceuticals Ltd. - Ordinary Shares,S,N,N,NASDAQ
GLND,Greenland Energy Company - Common Stock,G,N,N,NASDAQ
GLNDW,Greenland Energy Company - Warrant,G,N,N,NASDAQ
GLNG,Golar LNG Limited - Common Shares,Q,N,N,NASDAQ
GLOO,"Gloo Holdings, Inc. - Common Stock",Q,N,N,NASDAQ
GLOW,VictoryShares WestEnd Global Equity ETF,G,Y,N,NASDAQ
GLPI,"Gaming and Leisure Properties, Inc. - Common Stock",Q,N,N,NASDAQ
GLRE,"Greenlight Reinsurance, Ltd. - Class A Ordinary Shares",Q,N,N,NASDAQ
GLSI,"Greenwich LifeSciences, Inc. - Common stock",S,N,N,NASDAQ
GLUE,"Monte Rosa Therapeutics, Inc. - Common Stock",Q,N,N,NASDAQ
GLWG,Leverage Shares 2X Long GLW Daily ETF,G,Y,N,NASDAQ
GLXG,Galaxy Payroll Group Limited - Class A Ordinary Shares,S,N,N,NASDAQ
GLXY,Galaxy Digital Inc. - Class A common stock,Q,N,N,NASDAQ
GMAB,Genmab A/S - American Depositary Shares,Q,N,N,NASDAQ
GMEX,GMEX ROBOTICS CORPORATION - Class A Ordinary Shares,S,N,N,NASDAQ
GMHS,Gamehaus Holdings Inc. - Class A Ordinary Shares,S,N,N,NASDAQ
GMM,Global Mofy AI Limited  - Class A Ordinary Shares,S,N,N,NASDAQ
GNLN,"Greenlane Holdings, Inc. - Class A Common Stock",S,N,N,NASDAQ
GNLX,Genelux Corporation - Common Stock,S,N,N,NASDAQ
GNMA,iShares GNMA Bond ETF,G,Y,N,NASDAQ
GNOM,Global X Genomics & Biotechnology ETF,G,Y,N,NASDAQ
GNPX,"Genprex, Inc. - Common Stock",S,N,N,NASDAQ
GNSS,Genasys Inc. - Common Stock,S,N,N,NASDAQ
GNTA,Genenta Science S.p.A. - American Depositary Shares,S,N,N,NASDAQ
GNTX,Gentex Corporation - Common Stock,Q,N,N,NASDAQ
GO,Grocery Outlet Holding Corp. - Common Stock,Q,N,N,NASDAQ
GOAI,Eva Live Inc. - Common Stock,S,N,N,NASDAQ
GOGO,Gogo Inc. - Common Stock,Q,N,N,NASDAQ
GOOD,Gladstone Commercial Corporation - Real Estate Investment Trust,Q,N,N,NASDAQ
GOODN,Gladstone Commercial Corporation - 6.625% Series E Cumulative Redeemable Preferred Stock,Q,N,N,NASDAQ
GOODO,"Gladstone Commercial Corporation - 6.00% Series G Cumulative Redeemable Preferred Stock, par value $0.001 per share",Q,N,N,NASDAQ
GOOG,Alphabet Inc. - Class C Capital Stock,Q,N,N,NASDAQ
GOOGL,Alphabet Inc. - Class A Common Stock,Q,N,N,NASDAQ
GOOGM,Alphabet Inc. - Depositary Shares representing a 1/20th Interest in a Share of Series A Mandatory Convertible Preferred Stock,Q,N,N,NASDAQ
GOOGN,Alphabet Inc. - Depositary Shares representing a 1/20th Interest in a Share of Series B Mandatory Convertible Preferred Stock,Q,N,N,NASDAQ
GOSS,"Gossamer Bio, Inc. - Common Stock",Q,N,N,NASDAQ
GOU,GraniteShares 2x Long GOOGL Daily ETF,G,Y,N,NASDAQ
GOVI,Invesco Equal Weight 0-30 Year Treasury ETF,G,Y,N,NASDAQ
GOVX,"GeoVax Labs, Inc. - Common Stock",S,N,N,NASDAQ
GP,GreenPower Motor Company Inc. - Common Shares,S,N,N,NASDAQ
GPAC,General Purpose Acquisition Corp. - Class A Ordinary Shares,G,N,N,NASDAQ
GPACU,General Purpose Acquisition Corp. - Units,G,N,N,NASDAQ
GPACW,General Purpose Acquisition Corp. - Warrant,G,N,N,NASDAQ
GPAT,GP-Act III Acquisition Corp. - Class A Ordinary Share,G,N,N,NASDAQ
GPATU,GP-Act III Acquisition Corp. - Units,G,N,N,NASDAQ
GPATW,GP-Act III Acquisition Corp. - Warrants,G,N,N,NASDAQ
GPCR,Structure Therapeutics Inc. - American Depositary Shares,G,N,N,NASDAQ
GPIQ,Goldman Sachs Nasdaq-100 Premium Income ETF,G,Y,N,NASDAQ
GPIX,Goldman Sachs S&P 500 Premium Income ETF,G,Y,N,NASDAQ
GPRE,"Green Plains, Inc. - Common Stock",Q,N,N,NASDAQ
GPRF,Goldman Sachs Access U.S. Preferred Stock and Hybrid Securities ETF,G,Y,N,NASDAQ
GPRO,"GoPro, Inc. - Class A Common Stock",Q,N,N,NASDAQ
GPT,Intelligent Alpha Atlas ETF,G,Y,N,NASDAQ
GQQQ,Astoria US Quality Growth Kings ETF,G,Y,N,NASDAQ
GRAB,Grab Holdings Limited - Class A Ordinary Shares,Q,N,N,NASDAQ
GRABW,Grab Holdings Limited - Warrant,Q,N,N,NASDAQ
GRAG,Leverage Shares 2X Long GRAB Daily ETF,G,Y,N,NASDAQ
GRAL,"GRAIL, Inc. - Common Stock",Q,N,N,NASDAQ
GRAN,Grande Group Limited - Class A Ordinary Shares,S,N,N,NASDAQ
GRCE,"Grace Therapeutics, Inc. - Common Stock",S,N,N,NASDAQ
GRDX,GridAI Technologies Corp.  - Common Stock,S,N,N,NASDAQ
GREE,Greenidge Generation Holdings Inc. - Class A Common Stock,Q,N,N,NASDAQ
GREEL,Greenidge Generation Holdings Inc. - 8.50% Senior Notes due 2026,Q,N,N,NASDAQ
GRFS,"Grifols, S.A. - American Depositary Shares",Q,N,N,NASDAQ
GRI,"GRI Bio, Inc. - Common Stock",S,N,N,NASDAQ
GRID,First Trust NASDAQ Clean Edge Smart Grid Infrastructure Index Fund,G,Y,N,NASDAQ
GRIN,VictoryShares International Free Cash Flow Growth ETF,G,Y,N,NASDAQ
GRML,Greenland Mines Ltd - Common Stock,S,N,N,NASDAQ
GRMLW,Greenland Mines Ltd - Warrants,S,N,N,NASDAQ
GRNQ,Greenpro Capital Corp. - Common Stock,S,N,N,NASDAQ
GROW,"U.S. Global Investors, Inc. - Class A Common Stock",S,N,N,NASDAQ
GRPN,"Groupon, Inc. - Common Stock",Q,N,N,NASDAQ
GRRR,Gorilla Technology Group Inc. - Ordinary shares,S,N,N,NASDAQ
GRRRW,Gorilla Technology Group Inc. - Warrant,S,N,N,NASDAQ
GRVY,"GRAVITY Co., Ltd. - American depositary shares, each representing one common share.",G,N,N,NASDAQ
GRW,TCW Durable Growth ETF,G,Y,N,NASDAQ
GRWG,GrowGeneration Corp. - Common Stock,S,N,N,NASDAQ
GSAT,"Globalstar, Inc. - Common Stock",Q,N,N,NASDAQ
GSBC,"Great Southern Bancorp, Inc. - Common Stock",Q,N,N,NASDAQ
GSGO,Goldman Sachs Growth Opportunities ETF,G,Y,N,NASDAQ
GSHD,"Goosehead Insurance, Inc. - Class A Common Stock",Q,N,N,NASDAQ
GSHR,Gesher Acquisition Corp. II - Class A Ordinary Shares,G,N,N,NASDAQ
GSHRU,Gesher Acquisition Corp. II - Units,G,N,N,NASDAQ
GSHRW,Gesher Acquisition Corp. II - Warrants,G,N,N,NASDAQ
GSIB,Themes Global Systemically Important Banks ETF,G,Y,N,NASDAQ
GSIT,"GSI Technology, Inc. - Common Stock",Q,N,N,NASDAQ
GSIW,Garden Stage Limited - Class A Ordinary Shares,S,N,N,NASDAQ
GSM,Ferroglobe PLC - Ordinary Shares,S,N,N,NASDAQ
GSRF,GSR IV Acquisition Corp. - Class A ordinary share,G,N,N,NASDAQ
GSRFR,GSR IV Acquisition Corp. - Rights,G,N,N,NASDAQ
GSRFU,GSR IV Acquisition Corp. - Units,G,N,N,NASDAQ
GSRVU,GSR V Acquisition Corp. - Units,G,N,N,NASDAQ
GSUN,Golden Sun Technology Group Limited - Class A Ordinary Shares,S,N,N,NASDAQ
GT,The Goodyear Tire & Rubber Company - Common Stock,Q,N,N,NASDAQ
GTBP,"GT Biopharma, Inc. - Common Stock",S,N,N,NASDAQ
GTEC,Greenland Technologies Holding Corporation - Class A Ordinary Shares,S,N,N,NASDAQ
GTEN,"Gores Holdings X, Inc. - Class A ordinary shares",G,N,N,NASDAQ
GTENU,"Gores Holdings X, Inc. - Units",G,N,N,NASDAQ
GTENW,"Gores Holdings X, Inc. - Warrants",G,N,N,NASDAQ
GTERA,Globa Terra Acquisition Corporation - Class A Ordinary Shares,G,N,N,NASDAQ
GTERR,Globa Terra Acquisition Corporation - Rights,G,N,N,NASDAQ
GTERU,Globa Terra Acquisition Corporation - Units,G,N,N,NASDAQ
GTERW,Globa Terra Acquisition Corporation - Warrants,G,N,N,NASDAQ
GTIM,Good Times Restaurants Inc. - Common Stock,S,N,N,NASDAQ
GTLB,GitLab Inc. - Class A Common Stock,Q,N,N,NASDAQ
GTM,ZoomInfo Technologies Inc. - Common Stock,Q,N,N,NASDAQ
GTOP,Goldman Sachs Technology Opportunities ETF,G,Y,N,NASDAQ
GTOQ,Invesco High Yield Systematic Bond ETF,G,Y,N,NASDAQ
GTPE,Goldman Sachs MSCI World Private Equity Return Tracker ETF,G,Y,N,NASDAQ
GTR,WisdomTree Target Range Fund,G,Y,N,NASDAQ
GTX,Garrett Motion Inc. - Common Stock,Q,N,N,NASDAQ
GUACU,Berto Acquisition Corp. II - Units,G,N,N,NASDAQ
GURE,"Gulf Resources, Inc. - Common Stock",S,N,N,NASDAQ
GUSE,Goldman Sachs Enhanced U.S. Equity ETF,G,Y,N,NASDAQ
GUTS,"Fractyl Health, Inc. - Common Stock",G,N,N,NASDAQ
GV,Visionary Holdings Inc. - Common Shares,S,N,N,NASDAQ
GVH,Globavend Holdings Limited - Ord Shares,S,N,N,NASDAQ
GVLE,Goldman Sachs Value Opportunities ETF,G,Y,N,NASDAQ
GWAV,"Greenwave Technology Solutions, Inc. - Common Stock",S,N,N,NASDAQ
GWRS,"Global Water Resources, Inc. - common stock",G,N,N,NASDAQ
GXAI,Gaxos.ai Inc. - Common Stock,S,N,N,NASDAQ
GXDW,Global X Dorsey Wright Thematic ETF,G,Y,N,NASDAQ
GYRE,"Gyre Therapeutics, Inc. - Common Stock",S,N,N,NASDAQ
GYRO,"Gyrodyne , LLC - Common Stock",S,N,N,NASDAQ
HACQ,HCM IV Acquisition Corp. - Class A Ordinary Share,G,N,N,NASDAQ
HACQU,HCM IV Acquisition Corp. - Unit,G,N,N,NASDAQ
HACQW,HCM IV Acquisition Corp. - Warrants,G,N,N,NASDAQ
HAFC,Hanmi Financial Corporation - Common Stock,Q,N,N,NASDAQ
HAIN,"The Hain Celestial Group, Inc. - Common Stock",Q,N,N,NASDAQ
HALO,"Halozyme Therapeutics, Inc. - Common Stock",Q,N,N,NASDAQ
HAO,Haoxi Health Technology Limited - Class A Ord Share,S,N,N,NASDAQ
HAPN,"Happen, Inc. - Common Stock",Q,N,N,NASDAQ
HAS,"Hasbro, Inc. - Common Stock",Q,N,N,NASDAQ
HAVA,Harvard Ave Acquisition Corporation - Class A Ordinary Share,G,N,N,NASDAQ
HAVAR,Harvard Ave Acquisition Corporation - Rights that convert on a 1/10th of 1 basis to Class A ordinary Shares,G,N,N,NASDAQ
HAVAU,Harvard Ave Acquisition Corporation - Unit,G,N,N,NASDAQ
HBAN,Huntington Bancshares Incorporated - Common Stock,Q,N,N,NASDAQ
HBANL,"Huntington Bancshares Incorporated - Depositary Shares, Each Representing a 1/40th Interest in a Share of 6.875% Series J Non-Cumulative Perpetual Preferred Stock",Q,N,N,NASDAQ
HBANM,Huntington Bancshares Incorporated - Depositary Shares each representing a 1/1000th interest in a share of Huntington Series I Preferred Stock,Q,N,N,NASDAQ
HBANP,Huntington Bancshares Incorporated - Depositary Shares 4.500% Series H Non-Cumulative Perpetual Preferred Stock,Q,N,N,NASDAQ
HBANZ,"Huntington Bancshares Incorporated - Depositary Shares, Each Representing a 1/1000th Interest in a Share of 5.50% Series L Non-Cumulative Perpetual Preferred Stock",Q,N,N,NASDAQ
HBCP,"Home Bancorp, Inc. - Common Stock",Q,N,N,NASDAQ
HBDC,Hilton BDC Corporate Bond ETF,G,Y,N,NASDAQ
HBIO,"Harvard Bioscience, Inc. - Common Stock",S,N,N,NASDAQ
HBNB,Hotel101 Global Holdings Corp. - Class A Ordinary Shares,S,N,N,NASDAQ
HBNC,"Horizon Bancorp, Inc. - Common Stock",Q,N,N,NASDAQ
HBR,Canary HBAR ETF,G,Y,N,NASDAQ
HBT,"HBT Financial, Inc. - Common Stock",Q,N,N,NASDAQ
HCAC,Hall Chadwick Acquisition Corp. - Class A Ordinary Shares,G,N,N,NASDAQ
HCACR,Hall Chadwick Acquisition Corp. - Rights,G,N,N,NASDAQ
HCACU,Hall Chadwick Acquisition Corp. - Unit,G,N,N,NASDAQ
HCAI,"Huachen AI Parking Management Technology Holding Co., Ltd. - Class A Ordinary Shares",S,N,N,NASDAQ
HCAT,"Health Catalyst, Inc - Common stock",Q,N,N,NASDAQ
HCHL,Happy City Holdings Limited - Class A Ordinary shares,S,N,N,NASDAQ
HCIC,Hennessy Capital Investment Corp. VIII - Class A Ordinary Shares,G,N,N,NASDAQ
HCICR,Hennessy Capital Investment Corp. VIII - Share Rights,G,N,N,NASDAQ
HCICU,Hennessy Capital Investment Corp. VIII - Units,G,N,N,NASDAQ
HCKT,"The Hackett Group, Inc. - Common Stock",Q,N,N,NASDAQ
HCM,HUTCHMED (China) Limited - American Depositary Shares,Q,N,N,NASDAQ
HCMA,HCM III Acquisition Corp. - Class A Ordinary Share,G,N,N,NASDAQ
HCMAU,HCM III Acquisition Corp. - Units,G,N,N,NASDAQ
HCMAW,HCM III Acquisition Corp. - Warrants,G,N,N,NASDAQ
HCOW,Amplify COWS Covered Call ETF,G,Y,N,NASDAQ
HCSG,"Healthcare Services Group, Inc. - Common Stock",Q,N,N,NASDAQ
HCTI,"Healthcare Triangle, Inc. - Common Stock",S,N,N,NASDAQ
HCWB,HCW Biologics Inc. - Common Stock,S,N,N,NASDAQ
HDL,SUPER HI INTERNATIONAL HOLDING LTD. - American Depositary Shares,G,N,N,NASDAQ
HDRN,"Hadron Energy, Inc. - Common Stock",S,N,N,NASDAQ
HDRNW,"Hadron Energy, Inc. - Warrant",S,N,N,NASDAQ
HDSN,"Hudson Technologies, Inc. - Common Stock",S,N,N,NASDAQ
HEAL,Global X HealthTech ETF,G,Y,N,NASDAQ
HECO,State Street Galaxy Hedged Digital Asset Ecosystem ETF,G,Y,N,NASDAQ
HELE,Helen of Troy Limited - Common Stock,Q,N,N,NASDAQ
HELP,Cybin Inc. - Common Stock,G,N,N,NASDAQ
HEPS,D-Market Electronic Services & Trading - American Depositary Shares,Q,N,N,NASDAQ
HEQQ,JPMorgan Nasdaq Hedged Equity Laddered Overlay ETF,G,Y,N,NASDAQ
HERD,Pacer Cash Cows Fund of Funds ETF,G,Y,N,NASDAQ
HERE,Here Group Limited - American Depositary Shares,G,N,N,NASDAQ
HERO,Global X Video Games & Esports ETF,G,Y,N,NASDAQ
HERZ,"Herzfeld Credit Income Fund, Inc.  - Closed End Fund",S,N,N,NASDAQ
HFBL,"Home Federal Bancorp, Inc. of Louisiana - Common Stock",S,N,N,NASDAQ
HFFG,HF Foods Group Inc. - Common Stock,S,N,N,NASDAQ
HFSP,TradersAI Large Cap Equity & Cash ETF,G,Y,N,NASDAQ
HFWA,Heritage Financial Corporation - Common Stock,Q,N,N,NASDAQ
HGBL,Heritage Global Inc. - Common Stock,S,N,N,NASDAQ
HHS,"Harte Hanks, Inc. - Common Stock",G,N,N,NASDAQ
HIDE,Alpha Architect High Inflation and Deflation ETF,G,Y,N,NASDAQ
HIFS,Hingham Institution for Savings - Common Stock,G,N,N,NASDAQ
HIHO,Highway Holdings Limited - Common Stock,S,N,N,NASDAQ
HIMX,"Himax Technologies, Inc. - American depositary shares, each of which represents two ordinary shares.",Q,N,N,NASDAQ
HIMZ,Defiance Daily Target 2X Long HIMS ETF,G,Y,N,NASDAQ
HIND,"Vyome Holdings, Inc. - Common Stock",S,N,N,NASDAQ
HIS,Humilis US Focused Opportunities ETF,G,Y,N,NASDAQ
HISF,First Trust High Income Strategic Focus ETF,G,Y,N,NASDAQ
HIT,"Health In Tech, Inc. - Class A Common Stock",S,N,N,NASDAQ
HITI,High Tide Inc. - Common Shares,S,N,N,NASDAQ
HIVE,HIVE Digital Technologies Ltd - Common Shares,S,N,N,NASDAQ
HKIT,Hitek Global Inc. - Class A Ordinary Share,S,N,N,NASDAQ
HKPD,"Cellyan Biotechnology Co., Ltd  - Class A Ordinary Shares",S,N,N,NASDAQ
HLAL,Wahed FTSE USA Shariah ETF,G,Y,N,NASDAQ
HLIT,Harmonic Inc. - Common Stock,Q,N,N,NASDAQ
HLMN,Hillman Solutions Corp. - Common Stock,G,N,N,NASDAQ
HLNE,Hamilton Lane Incorporated - Class A Common Stock,Q,N,N,NASDAQ
HLP,Hongli Group Inc. - Ordinary Shares,S,N,N,NASDAQ
HLXC,Helix Acquisition Corp. III - Class A Ordinary Shares,G,N,N,NASDAQ
HMH,HMH Holding Inc. - Common Stock,Q,N,N,NASDAQ
HMR,Heidmar Maritime Holdings Corp. - Common Stock,S,N,N,NASDAQ
HMYY,GraniteShares YieldBoost HIMS ETF,G,Y,N,NASDAQ
HNDL,Strategy Shares Nasdaq 7HANDL Index ETF,G,Y,N,NASDAQ
HNNA,"Hennessy Advisors, Inc. - Common Stock",G,N,N,NASDAQ
HNNAZ,"Hennessy Advisors, Inc. - 4.875% Notes due 2026",G,N,N,NASDAQ
HNRG,Hallador Energy Company - Common Stock,S,N,N,NASDAQ
HNST,"The Honest Company, Inc. - Common Stock",Q,N,N,NASDAQ
HNVR,"Hanover Bancorp, Inc. - Common Stock",Q,N,N,NASDAQ
HODU,Direxion Daily HOOD Bull 2X ETF,G,Y,N,NASDAQ
HOFT,Hooker Furnishings Corporation - Common Stock,Q,N,N,NASDAQ
HOLO,MicroCloud Hologram Inc. - Ordinary Shares,S,N,N,NASDAQ
HOLOW,MicroCloud Hologram Inc. - Warrant,S,N,N,NASDAQ
HON,Honeywell International Inc. - Common Stock,Q,N,N,NASDAQ
HONA,Honeywell Aerospace Inc. - Common Stock,Q,N,N,NASDAQ
HOOD,"Robinhood Markets, Inc. - Class A Common Stock",Q,N,N,NASDAQ
HOOG,Leverage Shares 2X Long HOOD Daily ETF,G,Y,N,NASDAQ
HOOX,Defiance Daily Target 2X Long HOOD ETF,G,Y,N,NASDAQ
HOPE,"Hope Bancorp, Inc. - Common Stock",Q,N,N,NASDAQ
HOUR,"Hour Loop, Inc. - common stock",S,N,N,NASDAQ
HOVNP,Hovnanian Enterprises Inc - Depositary Share representing 1/1000th of 7.625% Series A Preferred Stock,G,N,N,NASDAQ
HOVR,New Horizon Aircraft Ltd. - Class A Ordinary Shares,S,N,N,NASDAQ
HOVRW,New Horizon Aircraft Ltd. - Warrant,S,N,N,NASDAQ
HOWL,"Werewolf Therapeutics, Inc. - Common Stock",Q,N,N,NASDAQ
HOYY,GraniteShares YieldBOOST HOOD ETF,G,Y,N,NASDAQ
HPAI,Helport AI Limited - Ordinary Shares,S,N,N,NASDAQ
HPAIW,Helport AI Limited - Warrants,S,N,N,NASDAQ
HPK,"HighPeak Energy, Inc. - Common Stock",G,N,N,NASDAQ
HQ,Horizon Quantum Holdings Ltd. - Class A Ordinary Shares,S,N,N,NASDAQ
HQGO,Hartford US Quality Growth ETF,G,Y,N,NASDAQ
HQI,"HireQuest, Inc. - Common Stock",S,N,N,NASDAQ
HQWWW,Horizon Quantum Holdings Ltd. - Warrant,S,N,N,NASDAQ
HQY,"HealthEquity, Inc. - Common Stock",Q,N,N,NASDAQ
HRMY,"Harmony Biosciences Holdings, Inc. - Common Stock",G,N,N,NASDAQ
HROW,"Harrow, Inc. - Common Stock",G,N,N,NASDAQ
HRTS,Tema Heart & Health ETF,G,Y,N,NASDAQ
HRTX,"Heron Therapeutics, Inc.   - Common Stock",S,N,N,NASDAQ
HRZN,Horizon Technology Finance Corporation - Common Stock,Q,N,N,NASDAQ
HSAI,"Hesai Group - American Depositary Share, each ADS represents one Class B ordinary share",Q,N,N,NASDAQ
HSCS,HeartSciences Inc. - Common Stock,S,N,N,NASDAQ
HSCSW,HeartSciences Inc. - Warrant,S,N,N,NASDAQ
HSDT,Solana Company - Class A Common Stock,S,N,N,NASDAQ
HSIC,"Henry Schein, Inc. - Common Stock",Q,N,N,NASDAQ
HST,"Host Hotels & Resorts, Inc. - Common Stock",Q,N,N,NASDAQ
HSTM,"HealthStream, Inc. - Common Stock",Q,N,N,NASDAQ
HTCO,High-Trend International Group - Class A Ordinary Shares,S,N,N,NASDAQ
HTCR,"Heartcore Enterprises, Inc. - Common Stock",S,N,N,NASDAQ
HTFL,"Heartflow, Inc. - Common Stock",Q,N,N,NASDAQ
HTHT,H World Group Limited - American Depositary Shares,Q,N,N,NASDAQ
HTLD,"Heartland Express, Inc. - Common Stock",Q,N,N,NASDAQ
HTLM,HomesToLife Ltd - Ordinary Shares,S,N,N,NASDAQ
HTO,H2O America  - Common Stock,Q,N,N,NASDAQ
HTOO,Fusion Fuel Green PLC - Ordinary Shares,S,N,N,NASDAQ
HTZ,"Hertz Global Holdings, Inc - Common Stock",Q,N,N,NASDAQ
HTZWW,"Hertz Global Holdings, Inc - Warrant",Q,N,N,NASDAQ
HUBC,Hub Cyber Security Ltd. - Ordinary Shares,S,N,N,NASDAQ
HUBCW,Hub Cyber Security Ltd. - Warrant expiring 2/27/28,S,N,N,NASDAQ
HUBCZ,Hub Cyber Security Ltd. - Warrant,S,N,N,NASDAQ
HUBG,"Hub Group, Inc. - Class A Common Stock",Q,N,N,NASDAQ
HUDI,"Huadi International Group Co., Ltd. - Ordinary Shares",S,N,N,NASDAQ
HUHU,HUHUTECH International Group Inc. - Ordinary Shares,S,N,N,NASDAQ
HUIZ,Huize Holding Limited - American Depositary Shares,G,N,N,NASDAQ
HUMA,"Humacyte, Inc. - Common Stock",Q,N,N,NASDAQ
HUMAW,"Humacyte, Inc. - Warrant",Q,N,N,NASDAQ
HURA,"TuHURA Biosciences, Inc. - Common Stock",S,N,N,NASDAQ
HURC,"Hurco Companies, Inc. - Common Stock",Q,N,N,NASDAQ
HURN,Huron Consulting Group Inc. - Common Stock,Q,N,N,NASDAQ
HUT,Hut 8 Corp. - Common Stock,Q,N,N,NASDAQ
HUTG,Leverage Shares 2X Long HUT Daily ETF,G,Y,N,NASDAQ
HVII,Hennessy Capital Investment Corp. VII - Ordinary Shares,G,N,N,NASDAQ
HVIIR,Hennessy Capital Investment Corp. VII - Rights,G,N,N,NASDAQ
HVIIU,Hennessy Capital Investment Corp. VII - Unit,G,N,N,NASDAQ
HVMC,Highview Merger Corp. - Class A Ordinary Share,G,N,N,NASDAQ
HVMCU,Highview Merger Corp. - Units,G,N,N,NASDAQ
HVMCW,Highview Merger Corp. - Warrants,G,N,N,NASDAQ
HWAY,Themes US Infrastructure ETF,G,Y,N,NASDAQ
HWBK,"Hawthorn Bancshares, Inc. - Common Stock",Q,N,N,NASDAQ
HWC,Hancock Whitney Corporation - Common Stock,Q,N,N,NASDAQ
HWCPZ,Hancock Whitney Corporation - 6.25% Subordinated Notes due 2060,Q,N,N,NASDAQ
HWH,HWH International Inc. - Common Stock,S,N,N,NASDAQ
HWKN,"Hawkins, Inc. - Common Stock",Q,N,N,NASDAQ
HWSM,Hotchkis & Wiley SMID Cap Diversified Value Fund,G,Y,N,NASDAQ
HXHX,Haoxin Holdings Limited - Class A Ordinary Shares,S,N,N,NASDAQ
HYBI,NEOS Enhanced Income Credit Select ETF,G,Y,N,NASDAQ
HYDR,Global X Hydrogen ETF,G,Y,N,NASDAQ
HYFM,"Hydrofarm Holdings Group, Inc. - Common Stock",S,N,N,NASDAQ
HYFT,MindWalk Holdings Corp. - Common Stock,S,N,N,NASDAQ
HYLS,First Trust Tactical High Yield ETF,G,Y,N,NASDAQ
HYMC,Hycroft Mining Holding Corporation - Class A Common Stock,S,N,N,NASDAQ
HYNE,"Hoyne Bancorp, Inc. - Common Stock",S,N,N,NASDAQ
HYP,Golden Eagle Dynamic Hypergrowth ETF,G,Y,N,NASDAQ
HYPD,"Hyperion DeFi, Inc. - Common Stock",S,N,N,NASDAQ
HYPG,Grayscale Hyperliquid Staking ETF,G,Y,N,NASDAQ
HYPR,"Hyperfine, Inc.  - Class A Common Stock",G,N,N,NASDAQ
HYXF,iShares ESG Advanced High Yield Corporate Bond ETF,G,Y,N,NASDAQ
HYZD,WisdomTree Interest Rate Hedged High Yield Bond Fund,G,Y,N,NASDAQ
IACO,Idea Acquisition Corp. - Class A Ordinary Shares,G,N,N,NASDAQ
IACOU,Idea Acquisition Corp. - Units,G,N,N,NASDAQ
IACOW,Idea Acquisition Corp. - Warrants,G,N,N,NASDAQ
IACQ,Irenic Acquisition Corp. - Class A Ordinary Shares,G,N,N,NASDAQ
IACQU,Irenic Acquisition Corp. - Unit,G,N,N,NASDAQ
IACQW,Irenic Acquisition Corp. - Warrants,G,N,N,NASDAQ
IALT,iShares Systematic Alternatives Active ETF,G,Y,N,NASDAQ
IART,Integra LifeSciences Holdings Corporation - Common Stock,Q,N,N,NASDAQ
IBAC,IB Acquisition Corp. - Common Stock,S,N,N,NASDAQ
IBACR,IB Acquisition Corp. - Right,S,N,N,NASDAQ
IBAT,iShares Energy Storage & Materials ETF,G,Y,N,NASDAQ
IBB,iShares Biotechnology ETF,G,Y,N,NASDAQ
IBBQ,Invesco Nasdaq Biotechnology ETF,G,Y,N,NASDAQ
IBCP,Independent Bank Corporation - Common Stock,Q,N,N,NASDAQ
IBEX,IBEX Limited - Common Share,G,N,N,NASDAQ
IBG,Innovation Beverage Group Limited - Ordinary Shares,S,N,N,NASDAQ
IBGA,iShares iBonds Dec 2044 Term Treasury ETF,G,Y,N,NASDAQ
IBGB,iShares iBonds Dec 2045 Term Treasury ETF,G,Y,N,NASDAQ
IBGC,iShares iBonds Dec 2046 Term Treasury ETF,G,Y,N,NASDAQ
IBGK,iShares iBonds Dec 2054 Term Treasury ETF,G,Y,N,NASDAQ
IBGL,iShares iBonds Dec 2055 Term Treasury ETF,G,Y,N,NASDAQ
IBGM,iShares iBonds Dec 2056 Term Treasury ETF,G,Y,N,NASDAQ
IBIO,"iBio, Inc. - Common Stock",S,N,N,NASDAQ
IBIT,iShares Bitcoin Trust ETF,G,Y,N,NASDAQ
IBKR,"Interactive Brokers Group, Inc. - Class A Common Stock",Q,N,N,NASDAQ
IBOC,International Bancshares Corporation - Common Stock,Q,N,N,NASDAQ
IBOT,VanEck Robotics ETF,G,Y,N,NASDAQ
IBRX,"ImmunityBio, Inc. - Common Stock",Q,N,N,NASDAQ
IBTG,iShares iBonds Dec 2026 Term Treasury ETF,G,Y,N,NASDAQ
IBTH,iShares iBonds Dec 2027 Term Treasury ETF,G,Y,N,NASDAQ
IBTI,iShares iBonds Dec 2028 Term Treasury ETF,G,Y,N,NASDAQ
IBTJ,iShares iBonds Dec 2029 Term Treasury ETF,G,Y,N,NASDAQ
IBTK,iShares iBonds Dec 2030 Term Treasury ETF,G,Y,N,NASDAQ
IBTL,iShares iBonds Dec 2031 Term Treasury ETF,G,Y,N,NASDAQ
IBTM,iShares iBonds Dec 2032 Term Treasury ETF,G,Y,N,NASDAQ
IBTO,iShares iBonds Dec 2033 Term Treasury ETF,G,Y,N,NASDAQ
IBTP,iShares iBonds Dec 2034 Term Treasury ETF,G,Y,N,NASDAQ
IBTQ,iShares iBonds Dec 2035 Term Treasury ETF,G,Y,N,NASDAQ
IBTR,iShares iBonds Dec 2036 Term Treasury ETF,G,Y,N,NASDAQ
ICCC,ImmuCell Corporation - Common Stock,S,N,N,NASDAQ
ICCM,IceCure Medical Ltd. - Ordinary Shares,S,N,N,NASDAQ
ICFI,"ICF International, Inc. - Common Stock",Q,N,N,NASDAQ
ICG,Intchains Group Limited - American Depositary Shares,S,N,N,NASDAQ
ICHR,Ichor Holdings - Ordinary Shares,Q,N,N,NASDAQ
ICLN,iShares Global Clean Energy ETF,G,Y,N,NASDAQ
ICLR,ICON plc - Ordinary Shares,Q,N,N,NASDAQ
ICMB,"Investcorp Credit Management BDC, Inc. - Common Stock",Q,N,N,NASDAQ
ICON,Icon Energy Corp. - Common stock,S,N,N,NASDAQ
ICOP,iShares Copper and Metals Mining ETF,G,Y,N,NASDAQ
ICU,SeaStar Medical Holding Corporation - Common Stock,S,N,N,NASDAQ
ICUCW,SeaStar Medical Holding Corporation - Warrant,S,N,N,NASDAQ
ICUI,"ICU Medical, Inc. - Common Stock",Q,N,N,NASDAQ
IDACU,Iron Dome Acquisition I Corp. - Units,G,N,N,NASDAQ
IDAI,T Stamp Inc. - Class A Common Stock,S,N,N,NASDAQ
IDCC,"InterDigital, Inc. - Common Stock",Q,N,N,NASDAQ
IDEF,iShares Defense Industrials Active ETF,G,Y,N,NASDAQ
IDN,"Intellicheck, Inc. - Common Stock",G,N,N,NASDAQ
IDVY,First Trust International Rising Dividend Achievers ETF,G,Y,N,NASDAQ
IDXX,"IDEXX Laboratories, Inc. - Common Stock",Q,N,N,NASDAQ
IDYA,"IDEAYA Biosciences, Inc. - Common Stock",Q,N,N,NASDAQ
IEAG,Infinite Eagle Acquisition Corp. - Class A Ordinary Shares,G,N,N,NASDAQ
IEAGR,Infinite Eagle Acquisition Corp. - Rights,G,N,N,NASDAQ
IEAGU,Infinite Eagle Acquisition Corp. - Unit,G,N,N,NASDAQ
IEF,iShares 7-10 Year Treasury Bond ETF,G,Y,N,NASDAQ
IEI,iShares 3-7 Year Treasury Bond ETF,G,Y,N,NASDAQ
IEP,Icahn Enterprises L.P. - Depositary Units representing Limited Partner Interests,Q,N,N,NASDAQ
IESC,"IES Holdings, Inc. - Common Stock",G,N,N,NASDAQ
IEUS,iShares MSCI Europe Small-Cap ETF,G,Y,N,NASDAQ
IFBD,"Infobird Co., Ltd - Ordinary Shares",S,N,N,NASDAQ
IFGL,iShares International Developed Real Estate ETF,G,Y,N,NASDAQ
IFLO,VictoryShares International Free Cash Flow ETF,G,Y,N,NASDAQ
IFRX,InflaRx N.V. - Common Stock,Q,N,N,NASDAQ
IFV,First Trust Dorsey Wright International Focus 5 ETF,G,Y,N,NASDAQ
IGAC,Invest Green Acquisition Corporation - Class A Ordinary Shares,G,N,N,NASDAQ
IGACR,Invest Green Acquisition Corporation - Rights,G,N,N,NASDAQ
IGACU,Invest Green Acquisition Corporation - Units,G,N,N,NASDAQ
IGF,iShares Global Infrastructure ETF,G,Y,N,NASDAQ
IGIB,iShares 5-10 Year Investment Grade Corporate Bond ETF,G,Y,N,NASDAQ
IGIC,International General Insurance Holdings Ltd. - Ordinary Shares,S,N,N,NASDAQ
IGOV,iShares International Treasury Bond ETF,G,Y,N,NASDAQ
IGSB,iShares 1-5 Year Investment Grade Corporate Bond ETF,G,Y,N,NASDAQ
IHRT,"iHeartMedia, Inc. - Class A Common Stock",Q,N,N,NASDAQ
III,"Information Services Group, Inc. - Common Stock",G,N,N,NASDAQ
IIIV,"i3 Verticals, Inc. - Common Stock",Q,N,N,NASDAQ
IJT,iShares S&P SmallCap 600 Growth ETF,G,Y,N,NASDAQ
IKT,"Inhibikase Therapeutics, Inc. - Common Stock",S,N,N,NASDAQ
ILAG,Intelligent Living Application Group Inc. - Ordinary Shares,S,N,N,NASDAQ
ILIT,iShares Lithium Miners and Producers ETF,G,Y,N,NASDAQ
ILLR,Triller Group Inc. - Common Stock,S,N,N,NASDAQ
ILLRW,Triller Group Inc. - Warrant,S,N,N,NASDAQ
ILLU,Illumination Acquisition Corp I - Class A Ordinary Shares,G,N,N,NASDAQ
ILLUU,Illumination Acquisition Corp I - Units,G,N,N,NASDAQ
ILLUW,Illumination Acquisition Corp I - Warrant,G,N,N,NASDAQ
ILMN,"Illumina, Inc. - Common Stock",Q,N,N,NASDAQ
ILPT,Industrial Logistics Properties Trust - Common Shares of Beneficial Interest,Q,N,N,NASDAQ
IMA,"ImageneBio, Inc. - Common Stock",S,N,N,NASDAQ
IMCC,IM Cannabis Corp. - Common Shares,S,N,N,NASDAQ
IMCR,Immunocore Holdings plc - American Depositary Shares,Q,N,N,NASDAQ
IMCV,iShares Morningstar Mid-Cap Value ETF,G,Y,N,NASDAQ
IMDX,Insight Molecular Diagnostics Inc. - Common Stock,S,N,N,NASDAQ
IMKTA,"Ingles Markets, Incorporated - Class A Common Stock",Q,N,N,NASDAQ
IMMP,Immutep Limited - American Depositary Shares,G,N,N,NASDAQ
IMMR,Immersion Corporation - Common Stock,Q,N,N,NASDAQ
IMMX,"Immix Biopharma, Inc. - Common Stock",S,N,N,NASDAQ
IMNM,"Immunome, Inc. - Common Stock",S,N,N,NASDAQ
IMNN,"Imunon, Inc. - Common Stock",S,N,N,NASDAQ
IMOM,Alpha Architect International Quantitative Momentum ETF,G,Y,N,NASDAQ
IMOS,ChipMOS TECHNOLOGIES INC. - American Depositary Shares,Q,N,N,NASDAQ
IMPP,Imperial Petroleum Inc. - Common Shares,S,N,N,NASDAQ
IMPPP,Imperial Petroleum Inc. - 8.75% Series A Cumulative Redeemable Perpetual Preferred Shares,S,N,N,NASDAQ
IMRN,Immuron Limited - American Depositary Shares,S,N,N,NASDAQ
IMRX,Immuneering Corporation - Class A Common Stock,G,N,N,NASDAQ
IMSR,Terrestrial Energy Inc. - Common Stock,Q,N,N,NASDAQ
IMSRW,Terrestrial Energy Inc. - Warrant,Q,N,N,NASDAQ
IMTE,Integrated Media Technology Limited - Ordinary Shares,S,N,N,NASDAQ
IMTX,Immatics N.V. - Ordinary Shares,S,N,N,NASDAQ
IMUX,"Immunic, Inc.  - Common Stock",S,N,N,NASDAQ
IMVT,"Immunovant, Inc.  - Common Stock",Q,N,N,NASDAQ
IMXI,"International Money Express, Inc. - Common Stock",S,N,N,NASDAQ
INAB,"IN8bio, Inc. - Common Stock",S,N,N,NASDAQ
INAC,Indigo Acquisition Corp. - Ordinary Shares,G,N,N,NASDAQ
INACR,Indigo Acquisition Corp. - Right,G,N,N,NASDAQ
INACU,Indigo Acquisition Corp. - Unit,G,N,N,NASDAQ
INBK,First Internet Bancorp - Common Stock,Q,N,N,NASDAQ
INBKZ,First Internet Bancorp - Fixed-to-Floating Rate Subordinated Notes Due 2029,Q,N,N,NASDAQ
INBS,Intelligent Bio Solutions Inc.  - Common Stock,S,N,N,NASDAQ
INBX,"Inhibrx Biosciences, Inc. - Common Stock",Q,N,N,NASDAQ
INCR,Intercure Ltd. - ordinary shares,G,N,N,NASDAQ
INCY,Incyte Corporation - Common Stock,Q,N,N,NASDAQ
IND,Xtrackers Nifty 500 India ETF,G,Y,N,NASDAQ
INDB,Independent Bank Corp. - Common Stock,Q,N,N,NASDAQ
INDH,WisdomTree India Hedged Equity Fund,G,Y,N,NASDAQ
INDI,"indie Semiconductor, Inc. - Class A Common Stock",S,N,N,NASDAQ
INDP,"Indaptus Therapeutics, Inc. - Common Stock",S,N,N,NASDAQ
INDQ,Pacer ActiveAlpha India Quality ETF,G,Y,N,NASDAQ
INDV,"Indivior Pharmaceuticals, Inc.  - Common Stock",Q,N,N,NASDAQ
INDY,iShares India 50 ETF,G,Y,N,NASDAQ
INEO,INNEOVA Holdings Limited - Class A Ordinary Shares,S,N,N,NASDAQ
INGN,"Inogen, Inc - Common Stock",Q,N,N,NASDAQ
INHD,Inno Holdings Inc. - Common Stock,S,N,N,NASDAQ
INIO,INNIO N.V. - Ordinary Shares,Q,N,N,NASDAQ
INKT,"MiNK Therapeutics, Inc. - Common Stock",S,N,N,NASDAQ
INLF,INLIF LIMITED - Class A Ordinary shares,S,N,N,NASDAQ
INM,InMed Pharmaceuticals Inc. - Common Shares,S,N,N,NASDAQ
INMB,INmune Bio Inc. - Common stock,S,N,N,NASDAQ
INMD,InMode Ltd.  - Ordinary Shares,Q,N,N,NASDAQ
INNV,InnovAge Holding Corp. - Common Stock,Q,N,N,NASDAQ
INO,"Inovio Pharmaceuticals, Inc. - Common Stock",S,N,N,NASDAQ
INOD,Innodata Inc. - Common Stock,G,N,N,NASDAQ
INRO,iShares U.S. Industry Rotation Active ETF,G,Y,N,NASDAQ
INSE,"Inspired Entertainment, Inc. - Common Stock",S,N,N,NASDAQ
INSG,Inseego Corp. - Common Stock,Q,N,N,NASDAQ
INSM,Insmed Incorporated - Common Stock,Q,N,N,NASDAQ
INTA,"Intapp, Inc. - Common Stock",Q,N,N,NASDAQ
INTC,Intel Corporation - Common Stock,Q,N,N,NASDAQ
INTG,The Intergroup Corporation - Common Stock,S,N,N,NASDAQ
INTJ,Intelligent Group Limited - Class A Ordinary Shares,S,N,N,NASDAQ
INTR,Inter & Co. Inc. - Class A Common Shares,Q,N,N,NASDAQ
INTS,"Intensity Therapeutics, Inc. - Common Stock",S,N,N,NASDAQ
INTU,Intuit Inc. - Common Stock,Q,N,N,NASDAQ
INTW,GraniteShares 2x Long INTC Daily ETF,G,Y,N,NASDAQ
INTZ,Intrusion Inc. - Common Stock,S,N,N,NASDAQ
INV,"Innventure, Inc. - Common Stock",G,N,N,NASDAQ
INVA,"Innoviva, Inc. - Common Stock",Q,N,N,NASDAQ
INVE,"Identiv, Inc. - Common Stock",S,N,N,NASDAQ
INVZ,Innoviz Technologies Ltd. - Ordinary shares,S,N,N,NASDAQ
IONL,GraniteShares 2x Long IONQ Daily ETF,G,Y,N,NASDAQ
IONR,ioneer Ltd - American Depositary Shares,S,N,N,NASDAQ
IONS,"Ionis Pharmaceuticals, Inc. - Common Stock",Q,N,N,NASDAQ
IONX,Defiance Daily Target 2X Long IONQ ETF,G,Y,N,NASDAQ
IONZ,Defiance Daily Target 2x Short IONQ ETF,G,Y,N,NASDAQ
IOSP,Innospec Inc. - Common Stock,Q,N,N,NASDAQ
IOTR,iOThree Limited - Ordinary Shares,S,N,N,NASDAQ
IOVA,"Iovance Biotherapeutics, Inc. - Common Stock",G,N,N,NASDAQ
IOYY,GraniteShares YieldBOOST IONQ ETF,G,Y,N,NASDAQ
IPAR,"Interparfums, Inc. - Common Stock",Q,N,N,NASDAQ
IPCX,Inflection Point Acquisition Corp. III - Class A ordinary shares,G,N,N,NASDAQ
IPCXR,Inflection Point Acquisition Corp. III - Rights,G,N,N,NASDAQ
IPCXU,Inflection Point Acquisition Corp. III - Units,G,N,N,NASDAQ
IPDN,"Professional Diversity Network, Inc. - Common Stock",S,N,N,NASDAQ
IPEX,Inflection Point Acquisition Corp. - Class A Ordinary Shares,G,N,N,NASDAQ
IPEXR,Inflection Point Acquisition Corp. - Right,G,N,N,NASDAQ
IPEXU,Inflection Point Acquisition Corp. - Unit,G,N,N,NASDAQ
IPFX,Inflection Point Acquisition Corp. VI - Class A Ordinary Shares,G,N,N,NASDAQ
IPFXU,Inflection Point Acquisition Corp. VI - Units,G,N,N,NASDAQ
IPFXW,Inflection Point Acquisition Corp. VI - Warrant,G,N,N,NASDAQ
IPGP,IPG Photonics Corporation - Common Stock,Q,N,N,NASDAQ
IPHA,Innate Pharma S.A. - American Depositary Shares,Q,N,N,NASDAQ
IPKW,Invesco International BuyBack Achievers ETF,G,Y,N,NASDAQ
IPM,Intelligent Protection Management Corp.  - Common Stock,S,N,N,NASDAQ
IPSC,"Century Therapeutics, Inc. - Common Stock",S,N,N,NASDAQ
IPST,"IP Strategy Holdings, Inc. - Common Stock",S,N,N,NASDAQ
IPVVU,"InterPrivate Investment Partners V, Inc. - Units",G,N,N,NASDAQ
IPW,iPower Inc. - Common Stock,S,N,N,NASDAQ
IPWR,Ideal Power Inc. - Common Stock,S,N,N,NASDAQ
IPX,IperionX Limited - American Depositary Share,S,N,N,NASDAQ
IQ,"iQIYI, Inc. - American Depositary Shares",Q,N,N,NASDAQ
IQQQ,ProShares Nasdaq-100 High Income ETF,G,Y,N,NASDAQ
IQST,iQSTEL Inc. - Common Stock,S,N,N,NASDAQ
IRD,"Opus Genetics, Inc. - Common Stock",S,N,N,NASDAQ
IRDM,Iridium Communications Inc - Common Stock,Q,N,N,NASDAQ
IREG,Leverage Shares 2X Long IREN Daily ETF,G,Y,N,NASDAQ
IREN,IREN Limited - Ordinary Shares,Q,N,N,NASDAQ
IRHO,Iron Horse Acquisitions II Corp. - Common Stock,G,N,N,NASDAQ
IRHOR,Iron Horse Acquisitions II Corp. - Rights,G,N,N,NASDAQ
IRHOU,Iron Horse Acquisitions II Corp. - Units,G,N,N,NASDAQ
IRIX,IRIDEX Corporation - Common Stock,S,N,N,NASDAQ
IRMD,iRadimed Corporation - Common Stock,G,N,N,NASDAQ
IRON,"Disc Medicine, Inc. - Common Stock",G,N,N,NASDAQ
IRTC,"iRhythm Holdings, Inc.  - Common Stock",Q,N,N,NASDAQ
IRWD,"Ironwood Pharmaceuticals, Inc. - Class A Common Stock",Q,N,N,NASDAQ
ISBA,Isabella Bank Corporation - Common stock,S,N,N,NASDAQ
ISHG,iShares 1-3 Year International Treasury Bond ETF,G,Y,N,NASDAQ
ISHP,First Trust S-Network E-Commerce ETF,G,Y,N,NASDAQ
ISNRU,Snow Rothschild Acquisition Corp. - Units,G,N,N,NASDAQ
ISPC,iSpecimen Inc. - Common Stock,S,N,N,NASDAQ
ISPR,Ispire Technology Inc. - Common Stock,S,N,N,NASDAQ
ISRG,"Intuitive Surgical, Inc. - Common Stock",Q,N,N,NASDAQ
ISSC,"Innovative Solutions and Support, Inc. - Common Stock",Q,N,N,NASDAQ
ISTB,iShares Core 1-5 Year USD Bond ETF,G,Y,N,NASDAQ
ISTM,iShares Strategic Metals ETF,G,Y,N,NASDAQ
ISTR,Investar Holding Corporation - Common Stock,G,N,N,NASDAQ
ISUL,GraniteShares 2x Long ISRG Daily ETF,G,Y,N,NASDAQ
ITHA,ITHAX Acquisition Corp III - Class A Ordinary Shares,G,N,N,NASDAQ
ITHAU,ITHAX Acquisition Corp III - Units,G,N,N,NASDAQ
ITHAW,ITHAX Acquisition Corp III - Warrants,G,N,N,NASDAQ
ITIC,Investors Title Company - Common Stock,Q,N,N,NASDAQ
ITOC,iTonic Holdings Ltd - Class A Ordinary Shares,S,N,N,NASDAQ
ITRI,"Itron, Inc. - Common Stock",Q,N,N,NASDAQ
ITRN,Ituran Location and Control Ltd. - Ordinary Shares,Q,N,N,NASDAQ
IUS,Invesco RAFI Strategic US ETF,G,Y,N,NASDAQ
IUSB,iShares Core Universal USD Bond ETF,G,Y,N,NASDAQ
IUSG,iShares Core S&P U.S. Growth ETF,G,Y,N,NASDAQ
IUSV,iShares Core S&P U.S. Value ETF,G,Y,N,NASDAQ
IVA,Inventiva S.A. - American Depository Shares,G,N,N,NASDAQ
IVAL,Alpha Architect International Quantitative Value ETF,G,Y,N,NASDAQ
IVDA,"Iveda Solutions, Inc. - Common Stock",S,N,N,NASDAQ
IVDAW,"Iveda Solutions, Inc. - Warrant",S,N,N,NASDAQ
IVF,"INVO Fertility, Inc. - Common Stock",S,N,N,NASDAQ
IVSI,Applied Finance IVS International Large ETF,G,Y,N,NASDAQ
IVSS,Applied Finance IVS US SMID ETF,G,Y,N,NASDAQ
IVSX,Applied Finance IVS International SMID ETF,G,Y,N,NASDAQ
IVVD,"Invivyd, Inc. - Common Stock",G,N,N,NASDAQ
IXHL,Incannex Healthcare Inc. - Common Stock,S,N,N,NASDAQ
IXUS,iShares Core MSCI Total International Stock ETF,G,Y,N,NASDAQ
IZEA,"IZEA Worldwide, Inc. - Common Stock",S,N,N,NASDAQ
IZM,ICZOOM Group Inc. - Class A Ordinary Shares,S,N,N,NASDAQ
JABRU,JAB Acquisition Corp I - Units,G,N,N,NASDAQ
JACK,Jack In The Box Inc. - Common Stock,Q,N,N,NASDAQ
JAGX,"Jaguar Health, Inc. - Common Stock",S,N,N,NASDAQ
JAKK,"JAKKS Pacific, Inc. - Common Stock",Q,N,N,NASDAQ
JANX,"Janux Therapeutics, Inc. - Common Stock",G,N,N,NASDAQ
JAPN,Horizon Kinetics Japan Owner Operator ETF,G,Y,N,NASDAQ
JATT,JATT II Acquisition Corp - Ordinary Shares,G,N,N,NASDAQ
JAZZ,Jazz Pharmaceuticals plc - Ordinary Shares,Q,N,N,NASDAQ
JBDI,JBDI Holdings Limited - Ordinary Shares,S,N,N,NASDAQ
JBHT,"J.B. Hunt Transport Services, Inc. - Common Stock",Q,N,N,NASDAQ
JBIO,"Jade Biosciences, Inc. - Common Stock",S,N,N,NASDAQ
JBLU,JetBlue Airways Corporation - Common Stock,Q,N,N,NASDAQ
JBSS,"John B. Sanfilippo & Son, Inc. - Common Stock",Q,N,N,NASDAQ
JCAP,"Jefferson Capital, Inc. - Common Stock",Q,N,N,NASDAQ
JCSE,JE Cleantech Holdings Limited - Ordinary Shares,S,N,N,NASDAQ
JCTC,Jewett-Cameron Trading Company - Common Shares,S,N,N,NASDAQ
JD,"JD.com, Inc. - American Depositary Shares",Q,N,N,NASDAQ
JDOC,JPMorgan Healthcare Leaders ETF,G,Y,N,NASDAQ
JDZG,JIADE LIMITED - Class A Ordinary Shares,S,N,N,NASDAQ
JEM,707 Cayman Holdings Limited - Ordinary Shares,S,N,N,NASDAQ
JEMA,JPMorgan ActiveBuilders Emerging Markets Equity ETF,G,Y,N,NASDAQ
JEPQ,JPMorgan Nasdaq Equity Premium Income ETF,G,Y,N,NASDAQ
JF,J and Friends Holdings Limited - American Depositary Shares,G,N,N,NASDAQ
JFB,JFB Construction Holdings - Class A Common Stock,S,N,N,NASDAQ
JFIN,Jiayin Group Inc. - American Depositary Shares,G,N,N,NASDAQ
JFU,9F Inc. - American Depositary Shares,G,N,N,NASDAQ
JG,Aurora Mobile Limited - American Depositary Shares,S,N,N,NASDAQ
JGLO,JPMorgan Global Select Equity ETF,G,Y,N,NASDAQ
JHAI,Janus Henderson Global Artificial Intelligence ETF,G,Y,N,NASDAQ
JIVE,JPMorgan International Value ETF,G,Y,N,NASDAQ
JJSF,J & J Snack Foods Corp. - Common Stock,Q,N,N,NASDAQ
JKHY,"Jack Henry & Associates, Inc. - Common Stock",Q,N,N,NASDAQ
JL,J-Long Group Limited - Class A Ordinary Shares,S,N,N,NASDAQ
JLHL,Julong Holding Limited - Class A Ordinary Shares,S,N,N,NASDAQ
JMID,Janus Henderson Mid Cap Growth Alpha ETF,G,Y,N,NASDAQ
JMSB,"John Marshall Bancorp, Inc. - Common Stock",S,N,N,NASDAQ
JOUT,Johnson Outdoors Inc. - Class A Common Stock,Q,N,N,NASDAQ
JOYT,JPMorgan Equity and Options Total Return ETF,G,Y,N,NASDAQ
JOYY,JOYY Inc. - American Depositary Shares,Q,N,N,NASDAQ
JPEF,JPMorgan Equity Focus ETF,G,Y,N,NASDAQ
JPFP,JPMorgan Managed Futures Plus ETF,G,Y,N,NASDAQ
JPY,Lazard Japanese Equity ETF,G,Y,N,NASDAQ
JRSH,"Jerash Holdings (US), Inc. - Common Stock",S,N,N,NASDAQ
JRVR,"James River Group Holdings, Inc. - Common Stock",Q,N,N,NASDAQ
JSM,"Navient Corporation - 6% Senior Notes due December 15, 2043",Q,N,N,NASDAQ
JSMD,Janus Henderson Small/Mid Cap Growth Alpha ETF,G,Y,N,NASDAQ
JSML,Janus Henderson Small Cap Growth Alpha ETF,G,Y,N,NASDAQ
JSPR,"Jasper Therapeutics, Inc. - Class A Common Stock",S,N,N,NASDAQ
JSPRW,"Jasper Therapeutics, Inc. - Warrant",S,N,N,NASDAQ
JTAI,Jet.AI Inc. - Common Stock,S,N,N,NASDAQ
JTEK,JPMorgan U.S. Tech Leaders ETF,G,Y,N,NASDAQ
JUNS,"Jupiter Neurosciences, Inc. - Common Stock",S,N,N,NASDAQ
JVA,"Coffee Holding Co., Inc. - Common Stock",S,N,N,NASDAQ
JWEL,Jowell Global Ltd. - Ordinary Shares,S,N,N,NASDAQ
JXG,JX Luxventure Group Inc. - Common Stock,S,N,N,NASDAQ
JYD,Jayud Global Logistics Limited - Class A Ordinary Shares,S,N,N,NASDAQ
JYNT,The Joint Corp. - Common Stock,S,N,N,NASDAQ
JZ,Jianzhi Education Technology Group Company Limited - American Depositary Shares,S,N,N,NASDAQ
JZXN,"Jiuzi Holdings, Inc. - Ordinary Shares",S,N,N,NASDAQ
KALA,"KALA BIO, Inc. - Common Stock",S,N,N,NASDAQ
KALU,Kaiser Aluminum Corporation - Common Stock,Q,N,N,NASDAQ
KARD,"Kardigan, Inc. - Common Stock",G,N,N,NASDAQ
KARO,Karooooo Ltd. - Ordinary shares,S,N,N,NASDAQ
KAT,Scharf ETF,G,Y,N,NASDAQ
KAZR,Skyline Builders Group Holding Limited - Class A Ordinary Shares,S,N,N,NASDAQ
KBAB,KraneShares 2x Long BABA Daily ETF,G,Y,N,NASDAQ
KBDU,KraneShares 2x Long BIDU Daily ETF,G,Y,N,NASDAQ
KBON,Karbon Capital Partners Corp. - Class A Ordinary Shares,G,N,N,NASDAQ
KBONU,Karbon Capital Partners Corp. - Units,G,N,N,NASDAQ
KBONW,Karbon Capital Partners Corp. - Warrant,G,N,N,NASDAQ
KBSX,FST Corp. - Ordinary Shares,G,N,N,NASDAQ
KBWB,Invesco KBW Bank ETF,G,Y,N,NASDAQ
KBWD,Invesco KBW High Dividend Yield Financial ETF,G,Y,N,NASDAQ
KBWP,Invesco KBW Property & Casualty Insurance ETF,G,Y,N,NASDAQ
KBWY,Invesco KBW Premium Yield Equity REIT ETF,G,Y,N,NASDAQ
KC,Kingsoft Cloud Holdings Limited - American Depositary Shares,Q,N,N,NASDAQ
KCHV,Kochav Defense Acquisition Corp. - Class A Ordinary Shares,G,N,N,NASDAQ
KCHVR,Kochav Defense Acquisition Corp. - Right,G,N,N,NASDAQ
KCHVU,Kochav Defense Acquisition Corp. - Units,G,N,N,NASDAQ
KDK,"Kodiak AI, Inc. - Common Stock",G,N,N,NASDAQ
KDKRW,"Kodiak AI, Inc. - Warrant",S,N,N,NASDAQ
KDP,Keurig Dr Pepper Inc. - Common Stock,Q,N,N,NASDAQ
KE,"Kimball Electronics, Inc. - Common Stock",Q,N,N,NASDAQ
KEAT,Keating Active ETF,G,Y,N,NASDAQ
KEEL,Keel Infrastructure Corp. - Common Stock,G,N,N,NASDAQ
KELYA,"Kelly Services, Inc. - Class A Common Stock",Q,N,N,NASDAQ
KELYB,"Kelly Services, Inc. - Class B Common Stock",Q,N,N,NASDAQ
KEQU,Kewaunee Scientific Corporation - Common Stock,G,N,N,NASDAQ
KEYY,Keystone Acquisition Corp. - Class A Ordinary Shares,G,N,N,NASDAQ
KEYYU,Keystone Acquisition Corp. - Unit,G,N,N,NASDAQ
KEYYW,Keystone Acquisition Corp. - Warrants,G,N,N,NASDAQ
KFFB,Kentucky First Federal Bancorp - Common Stock,G,N,N,NASDAQ
KFII,K&F Growth Acquisition Corp. II - Class A Ordinary shares,G,N,N,NASDAQ
KFIIR,K&F Growth Acquisition Corp. II - Rights,G,N,N,NASDAQ
KFIIU,K&F Growth Acquisition Corp. II - Unit,G,N,N,NASDAQ
KG,"Kestrel Group, Ltd. - Common Stock",S,N,N,NASDAQ
KGEI,Kolibri Global Energy Inc. - Common stock,S,N,N,NASDAQ
KHC,The Kraft Heinz Company - Common Stock,Q,N,N,NASDAQ
KIDS,OrthoPediatrics Corp. - Common Stock,G,N,N,NASDAQ
KIDZ,KIDZ AI Inc. - Class B Common Stock,S,N,N,NASDAQ
KIDZW,KIDZ AI Inc. - Warrants,S,N,N,NASDAQ
KINS,"Kingstone Companies, Inc - Common Stock",S,N,N,NASDAQ
KIQQ,KraneShares InspereX Nasdaq Dynamic Buffered High Income Index ETF,G,Y,N,NASDAQ
KITT,"Nauticus Robotics, Inc. - Common stock",S,N,N,NASDAQ
KITTW,"Nauticus Robotics, Inc. - Warrant",S,N,N,NASDAQ
KJD,KraneShares 2x Long JD Daily ETF,G,Y,N,NASDAQ
KLAC,KLA Corporation  - Common Stock,Q,N,N,NASDAQ
KLAG,Leverage Shares 2x Long KLAC Daily ETF,G,Y,N,NASDAQ
KLIC,"Kulicke and Soffa Industries, Inc. - Common Stock",Q,N,N,NASDAQ
KLRA,"Kailera Therapeutics, Inc. - Common stock",Q,N,N,NASDAQ
KLRS,"Kalaris Therapeutics, Inc.  - Common Stock",G,N,N,NASDAQ
KLTR,"Kaltura, Inc. - Common Stock",Q,N,N,NASDAQ
KLXE,"KLX Energy Services Holdings, Inc.  - Common Stock",Q,N,N,NASDAQ
KMB,Kimberly-Clark Corporation - Common Stock,Q,N,N,NASDAQ
KMDA,Kamada Ltd. - Ordinary Shares,Q,N,N,NASDAQ
KMLI,KraneShares 2x Long MELI Daily ETF,G,Y,N,NASDAQ
KMRK,K-Tech Solutions Company Limited - Class A Ordinary Shares,S,N,N,NASDAQ
KMTS,"Kestra Medical Technologies, Ltd. - Common Stock",Q,N,N,NASDAQ
KNDI,"Kandi Technologies Group, Inc. - Ordinary Shares",Q,N,N,NASDAQ
KNGZ,First Trust S&P 500 Diversified Dividend Aristocrats ETF,G,Y,N,NASDAQ
KNSA,"Kiniksa Pharmaceuticals International, plc - Class A Ordinary Shares",Q,N,N,NASDAQ
KOD,Kodiak Sciences Inc - Common Stock,G,N,N,NASDAQ
KOID,KraneShares Global Humanoid Robotics and Physical AI Index ETF,G,Y,N,NASDAQ
KOPN,Kopin Corporation - Common Stock,S,N,N,NASDAQ
KOSS,Koss Corporation - Common Stock,S,N,N,NASDAQ
KOYN,CSLM Digital Asset Acquisition Corp III - Class A Ordinary Shares,G,N,N,NASDAQ
KOYNU,CSLM Digital Asset Acquisition Corp III - Units,G,N,N,NASDAQ
KOYNW,CSLM Digital Asset Acquisition Corp III - Warrants,G,N,N,NASDAQ
KPDD,KraneShares 2x Long PDD Daily ETF,G,Y,N,NASDAQ
KPLT,"Katapult Holdings, Inc. - Common Stock",G,N,N,NASDAQ
KPRX,"Kiora Pharmaceuticals, Inc.  - Common Stock",S,N,N,NASDAQ
KPTI,Karyopharm Therapeutics Inc. - Common Stock,Q,N,N,NASDAQ
KQQQ,Kurv Technology Titans Select ETF,G,Y,N,NASDAQ
KRAQ,KRAKacquisition Corp - Class A Ordinary Shares,G,N,N,NASDAQ
KRAQU,KRAKacquisition Corp - Unit,G,N,N,NASDAQ
KRAQW,KRAKacquisition Corp - Warrants,G,N,N,NASDAQ
KRKR,36Kr Holdings Inc. - American Depositary Shares,S,N,N,NASDAQ
KRMA,Global X Conscious Companies ETF,G,Y,N,NASDAQ
KRMD,"KORU Medical Systems, Inc. - Common Stock",S,N,N,NASDAQ
KRNT,Kornit Digital Ltd. - Ordinary Shares,Q,N,N,NASDAQ
KRNY,Kearny Financial - Common Stock,Q,N,N,NASDAQ
KROP,Global X AgTech & Food Innovation ETF,G,Y,N,NASDAQ
KROS,"Keros Therapeutics, Inc. - common stock",G,N,N,NASDAQ
KRRO,"Korro Bio, Inc. - Common Stock",S,N,N,NASDAQ
KRT,Karat Packaging Inc. - Common Stock,Q,N,N,NASDAQ
KRUS,"Kura Sushi USA, Inc. - Class A Common Stock",G,N,N,NASDAQ
KRYS,"Krystal Biotech, Inc. - Common Stock",Q,N,N,NASDAQ
KSCP,"Knightscope, Inc. - Class A Common Stock",S,N,N,NASDAQ
KSPI,Joint Stock Company Kaspi.kz - American Depository Shares,Q,N,N,NASDAQ
KTCC,Key Tronic Corporation - Common Stock,G,N,N,NASDAQ
KTOS,"Kratos Defense & Security Solutions, Inc. - Common Stock",Q,N,N,NASDAQ
KTTA,Pasithea Therapeutics Corp. - Common Stock,S,N,N,NASDAQ
KTTAW,Pasithea Therapeutics Corp. - Warrant,S,N,N,NASDAQ
KTWO,K2 Capital Acquisition Corporation - Class A Ordinary Share,G,N,N,NASDAQ
KTWOR,K2 Capital Acquisition Corporation - Rights,G,N,N,NASDAQ
KTWOU,K2 Capital Acquisition Corporation - Units,G,N,N,NASDAQ
KURA,"Kura Oncology, Inc. - Common Stock",Q,N,N,NASDAQ
KUST,"Kustom Entertainment, Inc. - Common Stock",S,N,N,NASDAQ
KVAC,Keen Vision Acquisition Corporation - Ordinary Shares,G,N,N,NASDAQ
KVACU,Keen Vision Acquisition Corporation - Units,G,N,N,NASDAQ
KVACW,Keen Vision Acquisition Corporation - Warrant,G,N,N,NASDAQ
KVHI,"KVH Industries, Inc. - Common Stock",Q,N,N,NASDAQ
KWM,"K Wave Media, Ltd. - Ordinary Shares",G,N,N,NASDAQ
KWMWW,"K Wave Media, Ltd. - Warrant",S,N,N,NASDAQ
KXIN,Kaixin Holdings - Ordinary Shares,S,N,N,NASDAQ
KYIV,Kyivstar Group Ltd. - Common Shares,Q,N,N,NASDAQ
KYIVW,Kyivstar Group Ltd. - Warrant,S,N,N,NASDAQ
KYMR,"Kymera Therapeutics, Inc. - Common Stock",G,N,N,NASDAQ
KYNB,"Kyntra Bio, Inc. - Common Stock",Q,N,N,NASDAQ
KYTX,"Kyverna Therapeutics, Inc. - Common Stock",Q,N,N,NASDAQ
KZIA,Kazia Therapeutics Limited - American Depositary Shares,S,N,N,NASDAQ
LAB,Standard BioTools Inc. - Common Stock,Q,N,N,NASDAQ
LABT,Lakewood-Amedex Biotherapeutics Inc. - Common Stock,S,N,N,NASDAQ
LACG,Leverage Shares 2X Long LAC Daily ETF,G,Y,N,NASDAQ
LAES,SEALSQ Corp - Ordinary Shares,Q,N,N,NASDAQ
LAFA,LaFayette Acquisition Corp. - Ordinary Share,G,N,N,NASDAQ
LAFAR,LaFayette Acquisition Corp. - Rights,G,N,N,NASDAQ
LAFAU,LaFayette Acquisition Corp. - Unit,G,N,N,NASDAQ
LAKE,"Lakeland Industries, Inc. - Common Stock",G,N,N,NASDAQ
LAMR,Lamar Advertising Company - Class A Common Stock,Q,N,N,NASDAQ
LAND,Gladstone Land Corporation - Common Stock,G,N,N,NASDAQ
LANDO,Gladstone Land Corporation - 6.00% Series B Cumulative Redeemable Preferred Stock,G,N,N,NASDAQ
LANDP,Gladstone Land Corporation - 6.00% Series C Cumulative Redeemable Preferred Stock,G,N,N,NASDAQ
LARK,Landmark Bancorp Inc. - Common Stock,G,N,N,NASDAQ
LASE,Laser Photonics Corporation - Common Stock,S,N,N,NASDAQ
LASR,"nLIGHT, Inc. - Common Stock",Q,N,N,NASDAQ
LATA,Galata Acquisition Corp. II - Class A Ordinary Shares,G,N,N,NASDAQ
LATAU,Galata Acquisition Corp. II - Units,G,N,N,NASDAQ
LATAW,Galata Acquisition Corp. II - Warrant,G,N,N,NASDAQ
LAUR,"Laureate Education, Inc. - Common Stock",Q,N,N,NASDAQ
LAWR,"Robot Consulting Co., Ltd. - ADS",S,N,N,NASDAQ
LBGJ,Li Bang International Corporation Inc. - Class A Ordinary Shares,S,N,N,NASDAQ
LBRDA,Liberty Broadband Corporation - Class A Common Stock,Q,N,N,NASDAQ
LBRDK,Liberty Broadband Corporation - Class C Common Stock,Q,N,N,NASDAQ
LBRDP,Liberty Broadband Corporation - Series A Cumulative Redeemable Preferred Stock,Q,N,N,NASDAQ
LBRX,LB Pharmaceuticals Inc - Common Stock,G,N,N,NASDAQ
LBTYA,Liberty Global Ltd. - Class A Common Shares,Q,N,N,NASDAQ
LBTYB,Liberty Global Ltd. - Class B Common Shares,Q,N,N,NASDAQ
LBTYK,Liberty Global Ltd. - Class C Common Shares,Q,N,N,NASDAQ
LCCC,Lakeshore Acquisition III Corp. - Ordinary Shares,G,N,N,NASDAQ
LCCCR,Lakeshore Acquisition III Corp. - Rights,G,N,N,NASDAQ
LCCCU,Lakeshore Acquisition III Corp. - Unit,G,N,N,NASDAQ
LCDL,GraniteShares 2x Long LCID Daily ETF,G,Y,N,NASDAQ
LCDS,JPMorgan Fundamental Data Science Large Core ETF,G,Y,N,NASDAQ
LCFY,Locafy Limited - Ordinary Share,S,N,N,NASDAQ
LCFYW,Locafy Limited - Warrant,S,N,N,NASDAQ
LCID,"Lucid Group, Inc. - Common Stock",Q,N,N,NASDAQ
LCNB,LCNB Corporation - Common Stock,S,N,N,NASDAQ
LCUT,"Lifetime Brands, Inc. - Common Stock",Q,N,N,NASDAQ
LDEM,iShares ESG MSCI EM Leaders ETF,G,Y,N,NASDAQ
LDRX,SGI Enhanced Market Leaders ETF,G,Y,N,NASDAQ
LDSF,First Trust Low Duration Strategic Focus ETF,G,Y,N,NASDAQ
LE,"Lands' End, Inc. - Common Stock",S,N,N,NASDAQ
LECO,"Lincoln Electric Holdings, Inc. - Common Shares",Q,N,N,NASDAQ
LEDS,SemiLEDS Corporation - Common Stock,S,N,N,NASDAQ
LEE,"Lee Enterprises, Incorporated - Common Stock",Q,N,N,NASDAQ
LEGH,Legacy Housing Corporation - Common Stock,Q,N,N,NASDAQ
LEGN,Legend Biotech Corporation - American Depositary Shares,Q,N,N,NASDAQ
LEGR,First Trust Indxx Innovative Transaction & Process ETF,G,Y,N,NASDAQ
LEND,SEI High Yield Bond & Alternative Credit ETF,G,Y,N,NASDAQ
LENZ,"LENZ Therapeutics, Inc. - Common Stock",Q,N,N,NASDAQ
LESL,"Leslie's, Inc. - Common Stock",Q,N,N,NASDAQ
LEXI,Alexis Practical Tactical ETF,G,Y,N,NASDAQ
LEXX,Lexaria Bioscience Corp. - Common Stock,S,N,N,NASDAQ
LFAC,Leapfrog Acquisition Corporation - Class A Ordinary Shares,G,N,N,NASDAQ
LFACU,Leapfrog Acquisition Corporation - Units,G,N,N,NASDAQ
LFACW,Leapfrog Acquisition Corporation - Warrants,G,N,N,NASDAQ
LFCR,"Lifecore Biomedical, Inc. - Common Stock",Q,N,N,NASDAQ
LFMD,"LifeMD, Inc. - Common Stock",G,N,N,NASDAQ
LFMDP,"LifeMD, Inc. - 8.875% Series A Cumulative Perpetual Preferred Stock",G,N,N,NASDAQ
LFS,"LEIFRAS Co., Ltd. - American Depositary Shares",S,N,N,NASDAQ
LFSC,F/m Emerald Life Sciences Innovation ETF,G,Y,N,NASDAQ
LFST,"LifeStance Health Group, Inc. - Common Stock",Q,N,N,NASDAQ
LFTO,"Liftoff Mobile, Inc. - Common Stock",Q,N,N,NASDAQ
LFUS,"Littelfuse, Inc. - Common Stock",Q,N,N,NASDAQ
LFVN,Lifevantage Corporation - Common Stock,S,N,N,NASDAQ
LFWD,Lifeward Ltd. - Ordinary Shares,S,N,N,NASDAQ
LGCF,Themes US Cash Flow Champions ETF,G,Y,N,NASDAQ
LGCL,Lucas GC Limited - Class A Ordinary Shares,S,N,N,NASDAQ
LGHL,Lion Group Holding Ltd. - American Depositary Share,S,N,N,NASDAQ
LGIH,"LGI Homes, Inc. - Common Stock",Q,N,N,NASDAQ
LGN,Legence Corp. - Class A Common stock,Q,N,N,NASDAQ
LGND,Ligand Pharmaceuticals Incorporated - Common Stock,G,N,N,NASDAQ
LGO,Largo Inc. - Common Shares,Q,N,N,NASDAQ
LGRO,Level Four Large Cap Growth Active ETF,G,Y,N,NASDAQ
LGVN,Longeveron Inc. - Class A Common stock,S,N,N,NASDAQ
LHAI,Linkhome Holdings Inc. - Common stock,S,N,N,NASDAQ
LHSW,Lianhe Sowell International Group Ltd - Class A Ordinary Shares,S,N,N,NASDAQ
LI,Li Auto Inc. - American Depositary Shares,Q,N,N,NASDAQ
LICN,Lichen International Limited - Class A Ordinary Shares,S,N,N,NASDAQ
LIDR,"AEye, Inc. - Class A Common Stock",S,N,N,NASDAQ
LIDRW,"AEye, Inc. - Warrant",S,N,N,NASDAQ
LIEN,"Chicago Atlantic BDC, Inc. - Common Stock",G,N,N,NASDAQ
LIF,"Life360, Inc. - Common Stock",Q,N,N,NASDAQ
LIFE,Ethos Technologies Inc. - Class A Common Stock,Q,N,N,NASDAQ
LILA,Liberty Latin America Ltd. - Class A Common Stock,Q,N,N,NASDAQ
LILAK,Liberty Latin America Ltd. - Class C Common Stock,Q,N,N,NASDAQ
LILAP,Liberty Latin America Ltd. - 9.0% Fixed Rate Cumulative Perpetual Redeemable Series A Preference Shares,Q,N,N,NASDAQ
LIMN,"Liminatus Pharma, Inc. - Class A Common Stock",G,N,N,NASDAQ
LIMNW,"Liminatus Pharma, Inc. - Warrants",S,N,N,NASDAQ
LIN,Linde plc - Ordinary Shares,Q,N,N,NASDAQ
LINC,Lincoln Educational Services Corporation - Common Stock,Q,N,N,NASDAQ
LIND,Lindblad Expeditions Holdings Inc.  - Common Stock,S,N,N,NASDAQ
LINE,"Lineage, Inc. - Common Stock",Q,N,N,NASDAQ
LINK,"Interlink Electronics, Inc. - Common Stock",S,N,N,NASDAQ
LINT,Direxion Daily INTC Bull 2X ETF,G,Y,N,NASDAQ
LIQT,"LiqTech International, Inc. - Common Stock",S,N,N,NASDAQ
LITE,Lumentum Holdings Inc. - Common Stock,Q,N,N,NASDAQ
LITP,Sprott Lithium Miners ETF,G,Y,N,NASDAQ
LITS,"Lite Strategy, Inc. - Common Stock",S,N,N,NASDAQ
LIVE,Live Ventures Incorporated - Common Stock,S,N,N,NASDAQ
LIVN,LivaNova PLC - Ordinary Shares,Q,N,N,NASDAQ
LIXT,"Lixte Biotechnology Holdings, Inc. - Common Stock",S,N,N,NASDAQ
LKFN,Lakeland Financial Corporation - Common Stock,Q,N,N,NASDAQ
LKFT,Lakefront Biotherapeutics - American Depositary Shares,Q,N,N,NASDAQ
LKQ,LKQ Corporation - Common Stock,Q,N,N,NASDAQ
LKSP,Lake Superior Acquisition Corp. - Class A Ordinary Shares,G,N,N,NASDAQ
LKSPR,Lake Superior Acquisition Corp. - Rights,G,N,N,NASDAQ
LKSPU,Lake Superior Acquisition Corp. - Units,G,N,N,NASDAQ
LLYVA,"Liberty Live Holdings, Inc. - Series A Liberty Live Group Common Stock",Q,N,N,NASDAQ
LLYVK,"Liberty Live Holdings, Inc. - Series C Liberty Live Group Common Stock",Q,N,N,NASDAQ
LMAT,"LeMaitre Vascular, Inc. - Common Stock",G,N,N,NASDAQ
LMB,"Limbach Holdings, Inc. - Common Stock",S,N,N,NASDAQ
LMBS,First Trust Low Duration Opportunities ETF,G,Y,N,NASDAQ
LMFA,"LM Funding America, Inc. - Common Stock",S,N,N,NASDAQ
LMNR,Limoneira Co - Common Stock,Q,N,N,NASDAQ
LMNX,Defiance Daily Target 2x Long LMND ETF,G,Y,N,NASDAQ
LMRI,"Lumexa Imaging Holdings, Inc. - Common Stock",Q,N,N,NASDAQ
LMTL,Direxion Daily LMT Bull 2X ETF,G,Y,N,NASDAQ
LNAI,Lunai Bioworks Inc. - Common Stock,S,N,N,NASDAQ
LNKS,Linkers Industries Limited - Class A Ordinary Shares,S,N,N,NASDAQ
LNSR,"LENSAR, Inc. - Common Stock",S,N,N,NASDAQ
LNT,Alliant Energy Corporation - Common Stock,Q,N,N,NASDAQ
LNTH,"Lantheus Holdings, Inc. - Common Stock",G,N,N,NASDAQ
LNZA,"LanzaTech Global, Inc. - Common Stock",S,N,N,NASDAQ
LNZAW,"LanzaTech Global, Inc. - Warrant",S,N,N,NASDAQ
LOAN,"Manhattan Bridge Capital, Inc - Common Stock",S,N,N,NASDAQ
LOBO,LOBO TECHNOLOGIES LTD. - Class A Ordinary Shares,S,N,N,NASDAQ
LOCO,"El Pollo Loco Holdings, Inc. - Common Stock",Q,N,N,NASDAQ
LOGI,Logitech International S.A. - Registered Shares,Q,N,N,NASDAQ
LOGO,Alpha Brands Consumption Leaders ETF,G,Y,N,NASDAQ
LONA,"LeonaBio, Inc. - Common Stock",S,N,N,NASDAQ
LOOP,"Loop Industries, Inc. - Common Stock",G,N,N,NASDAQ
LOPE,"Grand Canyon Education, Inc. - Common Stock",Q,N,N,NASDAQ
LOT,Lotus Technology Inc. - American Depositary Shares,Q,N,N,NASDAQ
LOTI,Liberty One Tactical Income ETF,G,Y,N,NASDAQ
LOTWW,Lotus Technology Inc. - Warrants,S,N,N,NASDAQ
LOVE,The Lovesac Company - Common Stock,G,N,N,NASDAQ
LPAA,Launch One Acquisition Corp. - Class A Ordinary Shares,G,N,N,NASDAQ
LPAAU,Launch One Acquisition Corp. - Unit,G,N,N,NASDAQ
LPAAW,Launch One Acquisition Corp. - Warrant,G,N,N,NASDAQ
LPBB,Launch Two Acquisition Corp. - Class A Ordinary Shares,G,N,N,NASDAQ
LPBBU,Launch Two Acquisition Corp. - Unit,G,N,N,NASDAQ
LPBBW,Launch Two Acquisition Corp. - Warrant,G,N,N,NASDAQ
LPCN,Lipocine Inc. - Common Stock,S,N,N,NASDAQ
LPCV,Launchpad Cadenza Acquisition Corp I - Class A Ordinary Share,G,N,N,NASDAQ
LPCVU,Launchpad Cadenza Acquisition Corp I - Unit,G,N,N,NASDAQ
LPCVW,Launchpad Cadenza Acquisition Corp I - Warrant,G,N,N,NASDAQ
LPLA,LPL Financial Holdings Inc. - Common Stock,Q,N,N,NASDAQ
LPRO,Open Lending Corporation - Common Stock,G,N,N,NASDAQ
LPSN,"LivePerson, Inc. - Common Stock",Q,N,N,NASDAQ
LPTH,"LightPath Technologies, Inc. - Class A Common Stock",S,N,N,NASDAQ
LQ,Simplify Tax Aware Alternatives ETF,G,Y,N,NASDAQ
LQDA,Liquidia Corporation - Common Stock,S,N,N,NASDAQ
LQDT,"Liquidity Services, Inc. - Common Stock",Q,N,N,NASDAQ
LRCX,Lam Research Corporation - Common Stock,Q,N,N,NASDAQ
LRE,"Lead Real Estate Co., Ltd - American Depositary Shares",S,N,N,NASDAQ
LRGE,ClearBridge Large Cap Growth Select ETF,G,Y,N,NASDAQ
LRHC,La Rosa Holdings Corp. - Common Stock,S,N,N,NASDAQ
LRMR,"Larimar Therapeutics, Inc. - Common Stock",G,N,N,NASDAQ
LRND,NYLI U.S. Large Cap R&D Leaders ETF,G,Y,N,NASDAQ
LSAK,"Lesaka Technologies, Inc. - Common Stock",Q,N,N,NASDAQ
LSBK,"Lake Shore Bancorp, Inc. - Common Stock",G,N,N,NASDAQ
LSCC,Lattice Semiconductor Corporation - Common Stock,Q,N,N,NASDAQ
LSE,"Leishen Energy Holding Co., Ltd. - Class A Ordinary Shares",S,N,N,NASDAQ
LSH,Lakeside Holding Limited - Common Stock,S,N,N,NASDAQ
LSTA,"Lisata Therapeutics, Inc. - Common Stock",S,N,N,NASDAQ
LSTR,"Landstar System, Inc. - Common Stock",Q,N,N,NASDAQ
LTBR,Lightbridge Corporation - Common Stock,S,N,N,NASDAQ
LTCC,Canary Litecoin ETF,G,Y,N,NASDAQ
LTGRU,Long Table Growth Corp. - Units,G,N,N,NASDAQ
LTRN,Lantern Pharma Inc. - Common Stock,S,N,N,NASDAQ
LTRX,"Lantronix, Inc. - Common Stock",S,N,N,NASDAQ
LTRYW,Sports Entertainment Gaming Global Corporation  - Warrant,G,N,N,NASDAQ
LUCD,Lucid Diagnostics Inc. - Common Stock,S,N,N,NASDAQ
LUCY,"Innovative Eyewear, Inc. - Common Stock",S,N,N,NASDAQ
LUCYW,"Innovative Eyewear, Inc. - Warrants",S,N,N,NASDAQ
LULG,Leverage Shares 2X Long LULU Daily ETF,G,Y,N,NASDAQ
LULU,lululemon athletica inc. - Common Stock,Q,N,N,NASDAQ
LUNG,Pulmonx Corporation - Common Stock,Q,N,N,NASDAQ
LUNR,"Intuitive Machines, Inc. - Class A Common Stock",G,N,N,NASDAQ
LVDS,JPMorgan Fundamental Data Science Large Value ETF,G,Y,N,NASDAQ
LVHD,Franklin U.S. Low Volatility High Dividend Index ETF,G,Y,N,NASDAQ
LVIG,Longview Advantage Fixed Income ETF,G,Y,N,NASDAQ
LVLU,"Lulu's Fashion Lounge Holdings, Inc. - Common Stock",S,N,N,NASDAQ
LVO,"LiveOne, Inc. - Common Stock",S,N,N,NASDAQ
LWAC,LightWave Acquisition Corp. - Class A Ordinary Shares,G,N,N,NASDAQ
LWACU,LightWave Acquisition Corp. - Units,G,N,N,NASDAQ
LWACW,LightWave Acquisition Corp. - Warrants,G,N,N,NASDAQ
LWAY,"Lifeway Foods, Inc. - Common Stock",G,N,N,NASDAQ
LWLG,"Lightwave Logic, Inc. - Common Stock",S,N,N,NASDAQ
LX,LexinFintech Holdings Ltd. - American Depositary Shares,Q,N,N,NASDAQ
LXEH,"Lixiang Education Holding Co., Ltd. - American Depositary Shares",G,N,N,NASDAQ
LXEO,"Lexeo Therapeutics, Inc. - Common Stock",G,N,N,NASDAQ
LXRX,"Lexicon Pharmaceuticals, Inc. - Common Stock",S,N,N,NASDAQ
LYEL,"Lyell Immunopharma, Inc. - Common Stock",Q,N,N,NASDAQ
LYFT,"Lyft, Inc. - Class A Common Stock",Q,N,N,NASDAQ
LYTS,LSI Industries Inc. - Common Stock,Q,N,N,NASDAQ
LZ,"LegalZoom.com, Inc. - Common Stock",Q,N,N,NASDAQ
LZMH,LZ Technology Holdings Limited - Class B Ordinary Shares,S,N,N,NASDAQ
MAAS,Maase Inc. - Class A Ordinary Shares,G,N,N,NASDAQ
MAAY,GraniteShares YieldBOOST MARA ETF,G,Y,N,NASDAQ
MACI,Melar Acquisition Corp. I - Class A Ordinary Shares,G,N,N,NASDAQ
MACIU,Melar Acquisition Corp. I - Unit,G,N,N,NASDAQ
MACIW,Melar Acquisition Corp. I - Warrant,G,N,N,NASDAQ
MAGH,Magnitude International Ltd - Ordinary Shares,S,N,N,NASDAQ
MAKO,Mako Mining Corp - Common Stock,S,N,N,NASDAQ
MAMA,"Mama's Creations, Inc. - Common Stock",S,N,N,NASDAQ
MAMK,MaxsMaking Inc. - Class A Ordinary Shares,S,N,N,NASDAQ
MAMO,Massimo Group - Common Stock,S,N,N,NASDAQ
MANH,"Manhattan Associates, Inc. - Common Stock",Q,N,N,NASDAQ
MAR,Marriott International - Class A Common Stock,Q,N,N,NASDAQ
MARA,"MARA Holdings, Inc. - Common Stock",S,N,N,NASDAQ
MARPS,Marine Petroleum Trust - Units of Beneficial Interest,S,N,N,NASDAQ
MASK,3 E Network Technology Group Ltd - Class A Ordinary Shares,S,N,N,NASDAQ
MASS,908 Devices Inc. - Common Stock,G,N,N,NASDAQ
MAT,"Mattel, Inc. - Common Stock",Q,N,N,NASDAQ
MATE,Man Active Trend Enhanced ETF,G,Y,N,NASDAQ
MATH,Metalpha Technology Holding Limited - Ordinary Shares,S,N,N,NASDAQ
MATW,Matthews International Corporation - Class A Common Stock,Q,N,N,NASDAQ
MAXI,Simplify Bitcoin Strategy PLUS Income ETF,G,Y,N,NASDAQ
MAYS,"J. W. Mays, Inc. - Common Stock",S,N,N,NASDAQ
MAZE,"Maze Therapeutics, Inc. - Common Stock",G,N,N,NASDAQ
MB,MasterBeef Group - Ordinary Shares,S,N,N,NASDAQ
MBAI,Check-Cap Ltd. - Ordinary Share,S,N,N,NASDAQ
MBAV,M3-Brigade Acquisition V Corp. - Class A Ordinary shares,G,N,N,NASDAQ
MBAVU,M3-Brigade Acquisition V Corp. - Units,G,N,N,NASDAQ
MBAVW,M3-Brigade Acquisition V Corp. - Warrant,G,N,N,NASDAQ
MBB,iShares MBS ETF,G,Y,N,NASDAQ
MBBC,"Marathon Bancorp, Inc. - Common Stock",S,N,N,NASDAQ
MBIN,Merchants Bancorp - Common Stock,S,N,N,NASDAQ
MBINL,"Merchants Bancorp - Depositary Shares, Each Representing a 1/40th Interest in a Share of 7.625% Fixed Rate Series E Non-Cumulative Perpetual Preferred Stock, without par value",S,N,N,NASDAQ
MBINM,"Merchants Bancorp - Depositary Shares, Each Representing a 1/40th Interest in a Share of 8.25% Fixed-Rate Reset Series D Non-Cumulative Perpetual Preferred Stock",S,N,N,NASDAQ
MBINN,Merchants Bancorp - Depositary Shares 6.00% Fixed Rate Series C Non-Cumulative Perpetual Preferred Stock,S,N,N,NASDAQ
MBIO,"Mustang Bio, Inc. - Common Stock",S,N,N,NASDAQ
MBLY,Mobileye Global Inc. - Class A Common Stock,Q,N,N,NASDAQ
MBNKO,"Medallion Bank - Fixed-Rate Reset Non-Cumulative Perpetual Preferred Stock, Series G, par value $1.00 per share",S,N,N,NASDAQ
MBOT,Microbot Medical Inc.  - Common Stock,S,N,N,NASDAQ
MBRX,"Moleculin Biotech, Inc. - Common Stock",S,N,N,NASDAQ
MBS,Angel Oak Mortgage-Backed Securities ETF,G,Y,N,NASDAQ
MBUU,"Malibu Boats, Inc. - Common Stock",G,N,N,NASDAQ
MBVI,M3-Brigade Acquisition VI Corp. - Class A Ordinary Shares,G,N,N,NASDAQ
MBVIU,M3-Brigade Acquisition VI Corp. - Units,G,N,N,NASDAQ
MBVIW,M3-Brigade Acquisition VI Corp. - Warrant,G,N,N,NASDAQ
MBWM,Mercantile Bank Corporation - Common Stock,Q,N,N,NASDAQ
MBX,"MBX Biosciences, Inc. - Common Stock",Q,N,N,NASDAQ
MCAH,Mountain Crest Acquisition 6 Corp. - Ordinary Shares,G,N,N,NASDAQ
MCAHR,Mountain Crest Acquisition 6 Corp. - Rights,G,N,N,NASDAQ
MCAHU,Mountain Crest Acquisition 6 Corp. - Units,G,N,N,NASDAQ
MCBS,"MetroCity Bankshares, Inc. - Common Stock",Q,N,N,NASDAQ
MCDS,JPMorgan Fundamental Data Science Mid Core ETF,G,Y,N,NASDAQ
MCFT,"MasterCraft Boat Holdings, Inc. - Common Stock",G,N,N,NASDAQ
MCGA,Yorkville Acquisition Corp. - Class A Ordinary Share,G,N,N,NASDAQ
MCGAU,Yorkville Acquisition Corp. - Unit,G,N,N,NASDAQ
MCGAW,Yorkville Acquisition Corp. - Warrant,G,N,N,NASDAQ
MCHB,Mechanics Bancorp - Class A Common Stock,Q,N,N,NASDAQ
MCHI,iShares MSCI China ETF,G,Y,N,NASDAQ
MCHP,Microchip Technology Incorporated - Common Stock,Q,N,N,NASDAQ
MCHPP,Microchip Technology Incorporated - Depositary Shares Each Representing a 1/20th Interest in a Share of 7.50% Series A Mandatory Convertible Preferred Stock,Q,N,N,NASDAQ
MCHS,Matthews China Innovators Active ETF,G,Y,N,NASDAQ
MCHX,"Marchex, Inc. - Class B Common Stock",Q,N,N,NASDAQ
MCRB,"Seres Therapeutics, Inc. - Common Stock",Q,N,N,NASDAQ
MCRI,"Monarch Casino & Resort, Inc. - Common Stock",Q,N,N,NASDAQ
MCTA,Charming Medical Limited - Class A Ordinary Shares,S,N,N,NASDAQ
MDAI,"Spectral AI, Inc. - Class A Common Stock",S,N,N,NASDAQ
MDAIW,"Spectral AI, Inc. - Warrants",S,N,N,NASDAQ
MDB,"MongoDB, Inc. - Class A Common Stock",G,N,N,NASDAQ
MDBH,"MDB Capital Holdings, LLC - Class A common ",S,N,N,NASDAQ
MDCX,Medicus Pharma Ltd. - Common Stock,S,N,N,NASDAQ
MDCXW,Medicus Pharma Ltd. - Warrant,S,N,N,NASDAQ
MDGL,"Madrigal Pharmaceuticals, Inc. - Common Stock",Q,N,N,NASDAQ
MDIA,Mediaco Holding Inc. - Class A Common Stock,S,N,N,NASDAQ
MDIV,Multi-Asset Diversified Income Index Fund,G,Y,N,NASDAQ
MDLN,Medline Inc. - Class A common stock,Q,N,N,NASDAQ
MDLZ,"Mondelez International, Inc. - Class A Common Stock",Q,N,N,NASDAQ
MDRR,"Medalist Diversified, Inc. - Common Stock",S,N,N,NASDAQ
MDWD,MediWound Ltd. - Ordinary Shares,G,N,N,NASDAQ
MDXG,"MiMedx Group, Inc - Common Stock",S,N,N,NASDAQ
MDXH,MDxHealth SA - Ordinary Shares,S,N,N,NASDAQ
MEDP,"Medpace Holdings, Inc. - Common Stock",Q,N,N,NASDAQ
MEDX,Horizon Kinetics Medical ETF,G,Y,N,NASDAQ
MEGL,Magic Empire Global Limited - Class A Ordinary Shares,S,N,N,NASDAQ
MELI,"MercadoLibre, Inc. - Common Stock",Q,N,N,NASDAQ
MEMA,Man Active Emerging Markets Alternative ETF,G,Y,N,NASDAQ
MEMS,Matthews Emerging Markets Discovery Active ETF,G,Y,N,NASDAQ
MENS,Jyong Biotech Ltd. - Ordinary shares,G,N,N,NASDAQ
MEOH,Methanex Corporation - Common Stock,Q,N,N,NASDAQ
MERC,Mercer International Inc. - Common Stock,Q,N,N,NASDAQ
MESH,Meshflow Acquisition Corp. - Class A Ordinary Shares,G,N,N,NASDAQ
MESHU,Meshflow Acquisition Corp. - Units,G,N,N,NASDAQ
MESHW,Meshflow Acquisition Corp. - Warrants,G,N,N,NASDAQ
MESO,Mesoblast Limited - American Depositary Shares,Q,N,N,NASDAQ
META,"Meta Platforms, Inc. - Class A Common Stock",Q,N,N,NASDAQ
METC,"Ramaco Resources, Inc. - Class A Common Stock",Q,N,N,NASDAQ
METCB,"Ramaco Resources, Inc. - Class B Common Stock",Q,N,N,NASDAQ
METCI,"Ramaco Resources, Inc. - 8.250% Senior Notes due 2030",G,N,N,NASDAQ
METCZ,"Ramaco Resources, Inc. - 8.375% Senior Notes due 2029",Q,N,N,NASDAQ
METD,Direxion Daily META Bear 1X ETF,G,Y,N,NASDAQ
METL,Sprott Active Metals & Miners ETF,G,Y,N,NASDAQ
METU,Direxion Daily META Bull 2X ETF,G,Y,N,NASDAQ
MEVO,M Evo Global Acquisition Corp II - Class A Ordinary Shares,G,N,N,NASDAQ
MEVOU,M Evo Global Acquisition Corp II - Units,G,N,N,NASDAQ
MEVOW,M Evo Global Acquisition Corp II - Warrants,G,N,N,NASDAQ
MFI,mF International Limited - Class A Ordinary Shares,S,N,N,NASDAQ
MFIC,MidCap Financial Investment Corporation - Closed End Fund,Q,N,N,NASDAQ
MFICL,MidCap Financial Investment Corporation - 8.00% Notes due 2028,Q,N,N,NASDAQ
MFIG,Motley Fool Innovative Growth ETF,G,Y,N,NASDAQ
MFIN,Medallion Financial Corp. - Common Stock,Q,N,N,NASDAQ
MFLX,First Trust Flexible Municipal High Income ETF,G,Y,N,NASDAQ
MFMO,Motley Fool Momentum Factor ETF,G,Y,N,NASDAQ
MFPVV,"Midera Food Processing, Inc. - Common Stock When Issued",Q,N,N,NASDAQ
MFVL,Motley Fool Value Factor ETF,G,Y,N,NASDAQ
MGEE,MGE Energy Inc. - Common Stock,Q,N,N,NASDAQ
MGIH,Millennium Group International Holdings Limited - Ordinary Shares,S,N,N,NASDAQ
MGN,Megan Holdings Limited - Class A Ordinary Shares,S,N,N,NASDAQ
MGNI,"Magnite, Inc. - Common Stock",Q,N,N,NASDAQ
MGNX,"MacroGenics, Inc. - Common Stock",Q,N,N,NASDAQ
MGPI,"MGP Ingredients, Inc. - Common Stock",Q,N,N,NASDAQ
MGRC,McGrath RentCorp - Common Stock,Q,N,N,NASDAQ
MGRT,Mega Fortune Company Limited - Ordinary Shares,S,N,N,NASDAQ
MGRX,"Mangoceuticals, Inc. - Common Stock",S,N,N,NASDAQ
MGTX,MeiraGTx Holdings plc - Ordinary Shares,Q,N,N,NASDAQ
MGX,"Metagenomi Therapeutics, Inc. - Common Stock",Q,N,N,NASDAQ
MGYR,"Magyar Bancorp, Inc. - Common Stock",G,N,N,NASDAQ
MIDD,The Middleby Corporation - Common Stock,Q,N,N,NASDAQ
MIDDV,Middleby Corp. - Common Stock Ex-Distribution When Issued,Q,N,N,NASDAQ
MILN,Global X Millennial Consumer ETF,G,Y,N,NASDAQ
MIMI,Mint Incorporation Limited - Class A Ordinary Shares,S,N,N,NASDAQ
MIND,"MIND Technology, Inc. - Common Stock",S,N,N,NASDAQ
MIRA,"MIRA Pharmaceuticals, Inc. - Common Stock",S,N,N,NASDAQ
MIRM,"Mirum Pharmaceuticals, Inc. - common stock",G,N,N,NASDAQ
MIST,Milestone Pharmaceuticals Inc. - Common Shares,Q,N,N,NASDAQ
MITK,"Mitek Systems, Inc. - Common Stock",S,N,N,NASDAQ
MKAM,MKAM ETF,G,Y,N,NASDAQ
MKDW,MKDWELL Tech Inc. - Ordinary Shares,S,N,N,NASDAQ
MKDWW,MKDWELL Tech Inc. - Warrants,S,N,N,NASDAQ
MKLY,McKinley Acquisition Corporation - Class A Ordinary Shares,G,N,N,NASDAQ
MKLYR,McKinley Acquisition Corporation - Rights,G,N,N,NASDAQ
MKLYU,McKinley Acquisition Corporation - Units,G,N,N,NASDAQ
MKSI,MKS Inc. - Common Stock,Q,N,N,NASDAQ
MKTW,"MarketWise, Inc. - Class A Common Stock",G,N,N,NASDAQ
MKTX,"MarketAxess Holdings, Inc. - Common Stock",Q,N,N,NASDAQ
MKZR,"MacKenzie Realty Capital, Inc. - Common Stock",S,N,N,NASDAQ
MLAA,Mountain Lake Acquisition Corp. II - Class A Ordinary Shares,G,N,N,NASDAQ
MLAAU,Mountain Lake Acquisition Corp. II - Units,G,N,N,NASDAQ
MLAAW,Mountain Lake Acquisition Corp. II - Warrants,G,N,N,NASDAQ
MLAB,"Mesa Laboratories, Inc. - Common Stock",Q,N,N,NASDAQ
MLCI,Mount Logan Capital Inc. - Common Stock,G,N,N,NASDAQ
MLCIL,Mount Logan Capital Inc. - 8.00% Notes Due 2031,G,N,N,NASDAQ
MLCO,Melco Resorts & Entertainment Limited - American Depositary Shares ,Q,N,N,NASDAQ
MLEC,Moolec Science SA - Ordinary Shares,S,N,N,NASDAQ
MLECW,Moolec Science SA - Warrant,S,N,N,NASDAQ
MLGO,"MicroAlgo, Inc. - Ordinary Shares",S,N,N,NASDAQ
MLKN,"MillerKnoll, Inc. - Common Stock",Q,N,N,NASDAQ
MLTX,MoonLake Immunotherapeutics - Class A Ordinary Shares,S,N,N,NASDAQ
MLYS,"Mineralys Therapeutics, Inc. - Common Stock",Q,N,N,NASDAQ
MMED,"MiniMed Group, Inc. - Common Stock",Q,N,N,NASDAQ
MMLP,Martin Midstream Partners L.P. - Common Units Representing Limited Partnership Interests,Q,N,N,NASDAQ
MMSI,"Merit Medical Systems, Inc. - Common Stock",Q,N,N,NASDAQ
MMTX,Miluna Acquisition Corp - Class A Ordinary Shares,G,N,N,NASDAQ
MMTXU,Miluna Acquisition Corp - Units,G,N,N,NASDAQ
MMTXW,Miluna Acquisition Corp - Warrant,G,N,N,NASDAQ
MMYT,MakeMyTrip Limited - Ordinary Shares,Q,N,N,NASDAQ
MNDO,MIND C.T.I. Ltd. - Ordinary Shares,G,N,N,NASDAQ
MNDR,Mobile-health Network Solutions - Class A Ordinary Shares,S,N,N,NASDAQ
MNDY,monday.com Ltd. - Ordinary Shares,Q,N,N,NASDAQ
MNKD,MannKind Corporation - Common Stock,G,N,N,NASDAQ
MNOV,"MediciNova, Inc. - Common Stock",G,N,N,NASDAQ
MNPR,Monopar Therapeutics Inc. - Common Stock,S,N,N,NASDAQ
MNRO,"Monro, Inc.  - Common Stock",Q,N,N,NASDAQ
MNSB,"MainStreet Bancshares, Inc. - Common Stock",S,N,N,NASDAQ
MNSBP,"MainStreet Bancshares, Inc. - Depositary Shares",S,N,N,NASDAQ
MNST,Monster Beverage Corporation - Common Stock,Q,N,N,NASDAQ
MNTK,"Montauk Renewables, Inc. - Common Stock",S,N,N,NASDAQ
MNTS,Momentus Inc. - Class A Common Stock,S,N,N,NASDAQ
MNTSW,Momentus Inc. - Warrant,S,N,N,NASDAQ
MNVT,Moonvest ETF,G,Y,N,NASDAQ
MNY,MoneyHero Limited - Class A Ordinary Shares,G,N,N,NASDAQ
MNYWW,MoneyHero Limited - Warrants,G,N,N,NASDAQ
MNZL,Manzil Russell Halal USA Broad Market ETF,G,Y,N,NASDAQ
MOB,Mobilicom Limited - Ordinary Shares,S,N,N,NASDAQ
MOBBW,Mobilicom Limited - Warrants,S,N,N,NASDAQ
MOBI,"Mobia Medical, Inc. - Common Stock",Q,N,N,NASDAQ
MOBX,"Mobix Labs, Inc. - Class A Common Stock",S,N,N,NASDAQ
MOBXW,"Mobix Labs, Inc. - Warrants",S,N,N,NASDAQ
MODD,"Modular Medical, Inc. - common stock",S,N,N,NASDAQ
MODL,VictoryShares WestEnd U.S. Sector ETF,G,Y,N,NASDAQ
MOLN,Molecular Partners AG - American Depositary Shares,Q,N,N,NASDAQ
MOMO,Hello Group Inc.  - American Depositary Shares,Q,N,N,NASDAQ
MOOD,Relative Sentiment Tactical Allocation ETF,G,Y,N,NASDAQ
MORN,"Morningstar, Inc. - Common Stock",Q,N,N,NASDAQ
MOVE,"Corvex, Inc. - Common Stock",S,N,N,NASDAQ
MPAA,"Motorcar Parts of America, Inc. - Common Stock",Q,N,N,NASDAQ
MPB,Mid Penn Bancorp - Common Stock,G,N,N,NASDAQ
MPG,Leverage Shares 2X Long MP Daily ETF,G,Y,N,NASDAQ
MPLT,"MapLight Therapeutics, Inc. - Common Stock",Q,N,N,NASDAQ
MPWR,"Monolithic Power Systems, Inc. - Common Stock",Q,N,N,NASDAQ
MQ,"Marqeta, Inc. - Class A Common Stock",Q,N,N,NASDAQ
MQQQ,Tradr 2X Long Innovation 100 Monthly ETF,G,Y,N,NASDAQ
MRA,GraniteShares Autocallable MARA ETF,G,Y,N,NASDAQ
MRAL,GraniteShares 2x Long MARA Daily ETF,G,Y,N,NASDAQ
MRAM,"Everspin Technologies, Inc. - Common Stock",G,N,N,NASDAQ
MRBK,Meridian Corporation - Common Stock,Q,N,N,NASDAQ
MRCY,Mercury Systems Inc - Common Stock,Q,N,N,NASDAQ
MRDN,Meridian Holdings Inc. - Common Stock,S,N,N,NASDAQ
MREO,Mereo BioPharma Group plc - American Depositary Shares,S,N,N,NASDAQ
MRKR,"Marker Therapeutics, Inc. - Common Stock",S,N,N,NASDAQ
MRLN,"Merlin, Inc. - Common Stock",G,N,N,NASDAQ
MRM,MEDIROM Healthcare Technologies Inc. - American Depositary Share,S,N,N,NASDAQ
MRNA,"Moderna, Inc. - Common Stock",Q,N,N,NASDAQ
MRNO,Murano Global Investments PLC - Ordinary Shares,S,N,N,NASDAQ
MRNOW,Murano Global Investments PLC - Warrants,S,N,N,NASDAQ
MRTN,"Marten Transport, Ltd. - Common Stock",Q,N,N,NASDAQ
MRVI,"Maravai LifeSciences Holdings, Inc. - Class A common stock",Q,N,N,NASDAQ
MRVL,"Marvell Technology, Inc. - Common Stock",Q,N,N,NASDAQ
MRVU,Direxion Daily MRVL Bull 2X ETF,G,Y,N,NASDAQ
MRX,Marex Group plc - Ordinary Shares,Q,N,N,NASDAQ
MSAI,"MultiSensor AI Holdings, Inc. - Common Stock",S,N,N,NASDAQ
MSAIW,"MultiSensor AI Holdings, Inc. - Warrants",S,N,N,NASDAQ
MSBI,"Midland States Bancorp, Inc. - Common Stock",Q,N,N,NASDAQ
MSBIP,"Midland States Bancorp, Inc. - Depositary Shares Each Representing a 1/40th Interest in a Share of 7.750% Fixed-Rate Reset Non-Cumulative Perpetual Preferred Stock, Series A",Q,N,N,NASDAQ
MSEX,Middlesex Water Company - Common Stock,Q,N,N,NASDAQ
MSFD,Direxion Daily MSFT Bear 1X ETF,G,Y,N,NASDAQ
MSFL,GraniteShares 2x Long MSFT Daily ETF,G,Y,N,NASDAQ
MSFT,Microsoft Corporation - Common Stock,Q,N,N,NASDAQ
MSFU,Direxion Daily MSFT Bull 2X ETF,G,Y,N,NASDAQ
MSGM,Motorsport Games Inc. - Class A Common Stock,S,N,N,NASDAQ
MSGY,Masonglory Limited - Ordinary Shares,S,N,N,NASDAQ
MSLE,Satellos Bioscience Inc. - Common Stock,G,N,N,NASDAQ
MSR,GraniteShares Autocallable MSTR ETF,G,Y,N,NASDAQ
MSS,Maison Solutions Inc. - Class A Common Stock,S,N,N,NASDAQ
MST,Defiance Leveraged Long + Income MSTR ETF,G,Y,N,NASDAQ
MSTP,GraniteShares 2x Long MSTR Daily ETF,G,Y,N,NASDAQ
MSTR,Strategy Inc - Class A Common Stock,Q,N,N,NASDAQ
MSTX,Defiance Daily Target 2x Long MSTR ETF,G,Y,N,NASDAQ
MSW,Ming Shing Group Holdings Limited - Ordinary Shares,S,N,N,NASDAQ
MTC,"MMTec, Inc. - Common Shares",S,N,N,NASDAQ
MTCH,"Match Group, Inc. - Common Stock",Q,N,N,NASDAQ
MTEK,Maris-Tech Ltd. - ordinary shares,S,N,N,NASDAQ
MTEKW,Maris-Tech Ltd. - Warrants,S,N,N,NASDAQ
MTEN,Mingteng International Corporation Inc. - Class A Ordinary Shares,S,N,N,NASDAQ
MTEX,"Mannatech, Incorporated - Common Stock",S,N,N,NASDAQ
MTLS,Materialise NV - American Depositary Shares,Q,N,N,NASDAQ
MTRX,Matrix Service Company - Common Stock,Q,N,N,NASDAQ
MTSI,"MACOM Technology Solutions Holdings, Inc. - Common Stock",Q,N,N,NASDAQ
MTVA,MetaVia Inc.  - Common Stock,S,N,N,NASDAQ
MTYY,GraniteShares YieldBOOST MSTR ETF,G,Y,N,NASDAQ
MU,"Micron Technology, Inc. - Common Stock",Q,N,N,NASDAQ
MUD,Direxion Daily MU Bear 1X ETF,G,Y,N,NASDAQ
MULL,GraniteShares 2x Long MU Daily ETF,G,Y,N,NASDAQ
MULT,Franklin Multisector Income ETF,G,Y,N,NASDAQ
MUU,Direxion Daily MU Bull 2X ETF,G,Y,N,NASDAQ
MUYY,GraniteShares YieldBOOST MU ETF,G,Y,N,NASDAQ
MUZE,Muzero Acquisition Corp - Class A Ordinary Shares,G,N,N,NASDAQ
MUZEU,Muzero Acquisition Corp - Unit,G,N,N,NASDAQ
MUZEW,Muzero Acquisition Corp - Warrant,G,N,N,NASDAQ
MVBF,MVB Financial Corp. - Common Stock,S,N,N,NASDAQ
MVIS,"MicroVision, Inc. - Common Stock",G,N,N,NASDAQ
MVLL,GraniteShares 2x Long MRVL Daily ETF,G,Y,N,NASDAQ
MVST,"Microvast Holdings, Inc. - Common Stock",S,N,N,NASDAQ
MVSTW,"Microvast Holdings, Inc. - Warrant",S,N,N,NASDAQ
MWC,"Micware Co., Ltd. - American Depositary Shares",G,N,N,NASDAQ
MWH,"SOLV Energy, Inc. - Class A common stock",Q,N,N,NASDAQ
MWYN,"Marwynn Holdings, Inc. - Common stock",S,N,N,NASDAQ
MXCT,"MaxCyte, Inc. - Common Stock",Q,N,N,NASDAQ
MXL,"MaxLinear, Inc - Common Stock",Q,N,N,NASDAQ
MYCF,State Street My2026 Corporate Bond ETF,G,Y,N,NASDAQ
MYCG,State Street My2027 Corporate Bond ETF,G,Y,N,NASDAQ
MYCH,State Street My2028 Corporate Bond ETF,G,Y,N,NASDAQ
MYCI,State Street My2029 Corporate Bond ETF,G,Y,N,NASDAQ
MYCJ,State Street My2030 Corporate Bond ETF,G,Y,N,NASDAQ
MYCK,State Street My2031 Corporate Bond ETF,G,Y,N,NASDAQ
MYCL,State Street My2032 Corporate Bond ETF,G,Y,N,NASDAQ
MYCM,State Street My2033 Corporate Bond ETF,G,Y,N,NASDAQ
MYCN,State Street My2034 Corporate Bond ETF,G,Y,N,NASDAQ
MYCO,State Street My2035 Corporate Bond ETF,G,Y,N,NASDAQ
MYFW,"First Western Financial, Inc. - Common Stock",Q,N,N,NASDAQ
MYGN,"Myriad Genetics, Inc. - Common Stock",Q,N,N,NASDAQ
MYHA,State Street My2027 High Yield Corporate Bond ETF,G,Y,N,NASDAQ
MYHB,State Street My2028 High Yield Corporate Bond ETF,G,Y,N,NASDAQ
MYHC,State Street My2029 High Yield Corporate Bond ETF,G,Y,N,NASDAQ
MYHD,State Street My2030 High Yield Corporate Bond ETF,G,Y,N,NASDAQ
MYHE,State Street My2031 High Yield Corporate Bond ETF,G,Y,N,NASDAQ
MYMF,State Street My2026 Municipal Bond ETF,G,Y,N,NASDAQ
MYMG,State Street My2027 Municipal Bond ETF,G,Y,N,NASDAQ
MYMH,State Street My2028 Municipal Bond ETF,G,Y,N,NASDAQ
MYMI,State Street My2029 Municipal Bond ETF,G,Y,N,NASDAQ
MYMJ,State Street My2030 Municipal Bond ETF,G,Y,N,NASDAQ
MYMK,State Street My2031 Municipal Bond ETF,G,Y,N,NASDAQ
MYPS,"PLAYSTUDIOS, Inc.  - Class A Common Stock",S,N,N,NASDAQ
MYRG,"MYR Group, Inc. - Common Stock",Q,N,N,NASDAQ
MYSE,"Myseum.AI, Inc. - Common Stock",S,N,N,NASDAQ
MYSEW,"Myseum.AI, Inc. - Series A Warrant",S,N,N,NASDAQ
MYSZ,"My Size, Inc. - Common Stock",S,N,N,NASDAQ
MYX,Maywood Acquisition Corp. 2 - Class A Ordinary Share,G,N,N,NASDAQ
MYXXR,Maywood Acquisition Corp. 2 - Rights,G,N,N,NASDAQ
MYXXU,Maywood Acquisition Corp. 2 - Units,G,N,N,NASDAQ
MYXXW,Maywood Acquisition Corp. 2 - Warrants,G,N,N,NASDAQ
MZTI,The Marzetti Company - Common Stock,Q,N,N,NASDAQ
,Nano Labs Ltd - Class A Ordinary Shares,G,N,N,NASDAQ
NAAS,NaaS Technology Inc. - American Depositary Shares,S,N,N,NASDAQ
NAGE,"Niagen Bioscience, Inc. - Common Stock",S,N,N,NASDAQ
NAII,"Natural Alternatives International, Inc. - Common Stock",G,N,N,NASDAQ
NAKA,Nakamoto Inc. - Common Stock,G,N,N,NASDAQ
NAMI,Jinxin Technology Holding Company - American Depositary Shares,S,N,N,NASDAQ
NAMM,Namib Minerals - Ordinary Shares,G,N,N,NASDAQ
NAMMW,Namib Minerals - Warrants,S,N,N,NASDAQ
NAMS,NewAmsterdam Pharma Company N.V. - Ordinary Shares,G,N,N,NASDAQ
NAMSW,NewAmsterdam Pharma Company N.V. - Warrant,G,N,N,NASDAQ
NATH,"Nathan's Famous, Inc. - Common Stock",Q,N,N,NASDAQ
NATO,Themes Transatlantic Defense ETF,G,Y,N,NASDAQ
NATR,"Nature's Sunshine Products, Inc. - Common Stock",S,N,N,NASDAQ
NAUT,"Nautilus Biotechnology, Inc. - Common Stock",S,N,N,NASDAQ
NAVI,Navient Corporation - Common Stock,Q,N,N,NASDAQ
NAVN,"Navan, Inc. - Class A Common Stock",Q,N,N,NASDAQ
NB,NioCorp Developments Ltd. - Common Stock,G,N,N,NASDAQ
NBBK,"NB Bancorp, Inc. - Common Stock",S,N,N,NASDAQ
NBIG,Leverage Shares 2X Long NBIS Daily ETF,G,Y,N,NASDAQ
NBIL,GraniteShares 2x Long NBIS Daily ETF,G,Y,N,NASDAQ
NBIS,Nebius Group N.V. - Class A Ordinary Shares,Q,N,N,NASDAQ
NBIX,"Neurocrine Biosciences, Inc. - Common Stock",Q,N,N,NASDAQ
NBN,Northeast Bank - Common Stock,G,N,N,NASDAQ
NBP,NovaBridge Biosciences - American Depositary Shares,G,N,N,NASDAQ
NBRG,Newbridge Acquisition Limited - Class A Ordinary Share,S,N,N,NASDAQ
NBRGR,Newbridge Acquisition Limited - Rights,S,N,N,NASDAQ
NBRGU,Newbridge Acquisition Limited - Unit,S,N,N,NASDAQ
NBTB,NBT Bancorp Inc. - Common Stock,Q,N,N,NASDAQ
NBTX,Nanobiotix S.A. - ADSs,Q,N,N,NASDAQ
NCEL,NewcelX Ltd. - Ordinary Shares,S,N,N,NASDAQ
NCEW,New Century Logistics (BVI) Limited - Ordinary Shares,S,N,N,NASDAQ
NCI,Neo-Concept International Group Holdings Limited - Class A Ordinary Shares,S,N,N,NASDAQ
NCIQ,Hashdex Nasdaq CME Crypto Index ETF,G,Y,N,NASDAQ
NCMI,"National CineMedia, Inc. - Common Stock",Q,N,N,NASDAQ
NCNA,NuCana plc - American Depositary Shares,S,N,N,NASDAQ
NCNO,"nCino, Inc. - Common Stock",Q,N,N,NASDAQ
NCPB,Nuveen Core Plus Bond ETF,G,Y,N,NASDAQ
NCPL,Netcapital Inc. - Common Stock,S,N,N,NASDAQ
NCPLW,Netcapital Inc. - warrants,S,N,N,NASDAQ
NCRA,"Nocera, Inc. - common stock",S,N,N,NASDAQ
NCSM,"NCS Multistage Holdings, Inc. - Common Stock",S,N,N,NASDAQ
NCT,Intercont (Cayman) Limited - Class A Ordinary shares,S,N,N,NASDAQ
NCTY,The9 Limited - American Depository Shares,S,N,N,NASDAQ
NDAA,Ned Davis Research 360 Dynamic Allocation ETF,G,Y,N,NASDAQ
NDAQ,"Nasdaq, Inc. - Common Stock",Q,N,N,NASDAQ
NDLS,Noodles & Company - Class A Common Stock,Q,N,N,NASDAQ
NDRA,ENDRA Life Sciences Inc. - Common Stock,S,N,N,NASDAQ
NDSN,Nordson Corporation - Common Stock,Q,N,N,NASDAQ
NECB,"NorthEast Community Bancorp, Inc. - Common Stock",S,N,N,NASDAQ
NEGG,"Newegg Commerce, Inc. - Common Shares",S,N,N,NASDAQ
NEMG,Leverage Shares 2x Long NEM Daily ETF,G,Y,N,NASDAQ
NEO,"NeoGenomics, Inc. - Common Stock",S,N,N,NASDAQ
NEOG,Neogen Corporation - Common Stock,Q,N,N,NASDAQ
NEON,Neonode Inc. - Common Stock,S,N,N,NASDAQ
NEOV,NeoVolta Inc. - Common Stock,S,N,N,NASDAQ
NEOVW,NeoVolta Inc. - Warrant,S,N,N,NASDAQ
NEPH,"Nephros, Inc. - Common Stock",S,N,N,NASDAQ
NERV,"Minerva Neurosciences, Inc - Common Stock",S,N,N,NASDAQ
NESR,National Energy Services Reunited Corp - Ordinary Shares,S,N,N,NASDAQ
NETG,Leverage Shares 2X Long NET Daily ETF,G,Y,N,NASDAQ
NEUP,Neuphoria Therapeutics Inc. - Common Stock,G,N,N,NASDAQ
NEWT,"NewtekOne, Inc. - Common Stock",G,N,N,NASDAQ
NEWTG,"NewtekOne, Inc. - 8.50% Fixed Rate Senior Notes due 2029",G,N,N,NASDAQ
NEWTH,"NewtekOne, Inc. - 8.625% Fixed Rate Senior Notes due 2029",G,N,N,NASDAQ
NEWTI,"NewtekOne, Inc. - 8.00% Fixed Rate Senior Notes due 2028",G,N,N,NASDAQ
NEWTO,"NewtekOne, Inc. - 8.50% Fixed Rate Senior Notes due 2031",G,N,N,NASDAQ
NEWTP,"NewtekOne, Inc. - Depositary Shares, Each Representing a 1/40th Interest in a Share of 8.500% Fixed Rate Reset Non-Cumulative Perpetual Preferred Stock, Series B",G,N,N,NASDAQ
NEWZ,StockSnips AI-Powered Sentiment US All Cap ETF,G,Y,N,NASDAQ
NEXM,NexMetals Mining Corp. - Common Stock,S,N,N,NASDAQ
NEXN,Nexxen International Ltd. - Ordinary Shares,G,N,N,NASDAQ
NEXR,Nexera Technologies Ltd - Ordinary Shares,S,N,N,NASDAQ
NEXRW,Nexera Technologies Ltd - Warrant,S,N,N,NASDAQ
NEXT,NextDecade Corporation - Common Stock,S,N,N,NASDAQ
NFBK,"Northfield Bancorp, Inc. - Common Stock",Q,N,N,NASDAQ
NFE,New Fortress Energy Inc. - Class A Common Stock,Q,N,N,NASDAQ
NFLX,"Netflix, Inc. - Common Stock",Q,N,N,NASDAQ
NFRX,Harrison Street Infrastructure Active ETF,G,Y,N,NASDAQ
NFTY,First Trust India Nifty 50 Equal Weight ETF,G,Y,N,NASDAQ
NFXL,Direxion Daily NFLX Bull 2X ETF,G,Y,N,NASDAQ
NFXS,Direxion Daily NFLX Bear 1X ETF,G,Y,N,NASDAQ
NGEN,NervGen Pharma Corp. - Common stock,S,N,N,NASDAQ
NGHT,Nicholas Bitcoin and Treasuries AfterDark ETF,G,Y,N,NASDAQ
NGNE,Neurogene Inc. - Common Stock,G,N,N,NASDAQ
NHIC,NewHold Investment Corp III - Class A Ordinary shares,G,N,N,NASDAQ
NHICU,NewHold Investment Corp III - Units,G,N,N,NASDAQ
NHICW,NewHold Investment Corp III - Warrants,G,N,N,NASDAQ
NHIV,NewHold Investment Corp IV - Class A Ordinary Shares,G,N,N,NASDAQ
NHIVU,NewHold Investment Corp IV - Units,G,N,N,NASDAQ
NHIVW,NewHold Investment Corp IV - Warrants,G,N,N,NASDAQ
NHP,"National Healthcare Properties, Inc. - Class A Common Stock",G,N,N,NASDAQ
NHPAP,"National Healthcare Properties, Inc. - 7.375% Series A Cumulative Redeemable Perpetual Preferred Stock",G,N,N,NASDAQ
NHPBP,"National Healthcare Properties, Inc. - 7.125% Series B Cumulative Redeemable Perpetual Preferred Stock",G,N,N,NASDAQ
NHTC,Natural Health Trends Corp. - Common Stock,S,N,N,NASDAQ
NICE,NICE Ltd - American Depositary Shares each representing one Ordinary Share,Q,N,N,NASDAQ
NICM,Nicola Mining Inc. - American Depositary Shares,S,N,N,NASDAQ
NIKL,Sprott Nickel Miners ETF,G,Y,N,NASDAQ
NIOBW,NioCorp Developments Ltd. - Warrant,S,N,N,NASDAQ
NIOG,Leverage Shares 2X Long NIO Daily ETF,G,Y,N,NASDAQ
NIPG,NIP Group Inc. - American Depositary Shares,G,N,N,NASDAQ
NIU,Niu Technologies - American Depositary Shares,G,N,N,NASDAQ
NIVF,NewGenIvf Group Limited - Class A Ordinary Shares,S,N,N,NASDAQ
NIVFW,NewGenIvf Group Limited - Warrants,S,N,N,NASDAQ
NIXT,Research Affiliates Deletions ETF,G,Y,N,NASDAQ
NIXX,"Nixxy, Inc. - Common Stock",S,N,N,NASDAQ
NIXXW,"Nixxy, Inc. - Warrant",S,N,N,NASDAQ
NKLR,Terra Innovatum Global N.V. - Ordinary shares,G,N,N,NASDAQ
NKSH,"National Bankshares, Inc. - Common Stock",S,N,N,NASDAQ
NKTR,Nektar Therapeutics - Common Stock,S,N,N,NASDAQ
NKTX,"Nkarta, Inc. - Common Stock",Q,N,N,NASDAQ
NMFC,New Mountain Finance Corporation - Common Stock,Q,N,N,NASDAQ
NMFCZ,New Mountain Finance Corporation - 8.250% Notes due 2028,G,N,N,NASDAQ
NMIH,NMI Holdings Inc - Common Stock,G,N,N,NASDAQ
NMP,NMP Acquisition Corp. - Class A Ordinary Shares,G,N,N,NASDAQ
NMPAR,NMP Acquisition Corp. - Right,G,N,N,NASDAQ
NMPAU,NMP Acquisition Corp. - Units,G,N,N,NASDAQ
NMRA,"Neumora Therapeutics, Inc. - Common Stock",Q,N,N,NASDAQ
NMRK,"Newmark Group, Inc. - Class A Common Stock",Q,N,N,NASDAQ
NMTC,NeuroOne Medical Technologies Corporation - Common Stock,S,N,N,NASDAQ
NN,NextNav Inc. - Common stock,S,N,N,NASDAQ
NNBR,"NN, Inc. - Common Stock",Q,N,N,NASDAQ
NNDM,Nano Dimension Ltd. - American Depositary Shares,S,N,N,NASDAQ
NNE,Nano Nuclear Energy Inc. - common stock,S,N,N,NASDAQ
NNNN,Anbio Biotechnology - Class A Ordinary Shares,G,N,N,NASDAQ
NNOX,NANO-X IMAGING LTD - Ordinary Shares,G,N,N,NASDAQ
NODK,"NI Holdings, Inc. - Common Stock",S,N,N,NASDAQ
NOEM,CO2 Energy Transition Corp. - Common Stock,G,N,N,NASDAQ
NOEMR,CO2 Energy Transition Corp. - Right,G,N,N,NASDAQ
NOEMU,CO2 Energy Transition Corp. - Unit,G,N,N,NASDAQ
NOEMW,CO2 Energy Transition Corp. - Warrant,G,N,N,NASDAQ
NOMA,NOMADAR Corp. - Class A Common Stock,S,N,N,NASDAQ
NOVT,Novanta Inc. - Common Shares,Q,N,N,NASDAQ
NOVTU,Novanta Inc. - Tangible Equity Units,Q,N,N,NASDAQ
NOWL,GraniteShares 2x Long NOW Daily ETF,G,Y,N,NASDAQ
NPAC,New Providence Acquisition Corp. III - Ordinary Shares,G,N,N,NASDAQ
NPACU,New Providence Acquisition Corp. III - Units,G,N,N,NASDAQ
NPACW,New Providence Acquisition Corp. III - Warrants,G,N,N,NASDAQ
NPCE,"Neuropace, Inc. - Common Stock",G,N,N,NASDAQ
NPFI,Nuveen Preferred and Income ETF,G,Y,N,NASDAQ
NPT,Texxon Holding Limited - Ordinary shares,S,N,N,NASDAQ
NRC,NRC Health - Common Stock,Q,N,N,NASDAQ
NRDS,"NerdWallet, Inc. - Class A Common Stock",G,N,N,NASDAQ
NRES,Xtrackers RREEF Global Natural Resources ETF,G,Y,N,NASDAQ
NRIM,Northrim BanCorp Inc - Common Stock,Q,N,N,NASDAQ
NRIX,"Nurix Therapeutics, Inc. - Common stock",G,N,N,NASDAQ
NRSN,NeuroSense Therapeutics Ltd. - Ordinary Shares,S,N,N,NASDAQ
NRSNW,NeuroSense Therapeutics Ltd. - Warrant,S,N,N,NASDAQ
NRXP,"NRX Pharmaceuticals, Inc. - Common Stock",S,N,N,NASDAQ
NSI,National Security Emerging Markets Index ETF,G,Y,N,NASDAQ
NSIT,"Insight Enterprises, Inc. - Common Stock",Q,N,N,NASDAQ
NSPR,InspireMD Inc. - Common Stock,S,N,N,NASDAQ
NSSC,"NAPCO Security Technologies, Inc. - Common Stock",Q,N,N,NASDAQ
NSTS,"NSTS Bancorp, Inc. - Common Stock",S,N,N,NASDAQ
NSYS,Nortech Systems Incorporated - Common Stock,S,N,N,NASDAQ
NTAP,"NetApp, Inc. - Common Stock",Q,N,N,NASDAQ
NTCL,NETCLASS TECHNOLOGY INC - Class A Ordinary Shares,S,N,N,NASDAQ
NTCT,"NetScout Systems, Inc. - Common Stock",Q,N,N,NASDAQ
NTES,"NetEase, Inc. - American Depositary Shares, each representing 5 ordinary shares",Q,N,N,NASDAQ
NTGR,"NETGEAR, Inc. - Common Stock",Q,N,N,NASDAQ
NTHI,"NeOnc Technologies Holdings, Inc. - Common Stock",G,N,N,NASDAQ
NTIC,Northern Technologies International Corporation - Common Stock,G,N,N,NASDAQ
NTLA,"Intellia Therapeutics, Inc. - Common Stock",G,N,N,NASDAQ
NTNX,"Nutanix, Inc. - Class A Common Stock",Q,N,N,NASDAQ
NTRA,"Natera, Inc. - Common Stock",Q,N,N,NASDAQ
NTRB,Nutriband Inc. - Common Stock,S,N,N,NASDAQ
NTRBW,Nutriband Inc. - Warrant,S,N,N,NASDAQ
NTRP,"NextTrip, Inc. - Common Stock",S,N,N,NASDAQ
NTRS,Northern Trust Corporation - Common Stock,Q,N,N,NASDAQ
NTRSO,"Northern Trust Corporation - Depositary Shares Each Representing a 1/1,000th Interest in a Share of Series E Non-Cumulative Perpetual Preferred Stock",Q,N,N,NASDAQ
NTSK,"Netskope, Inc. - Class A Common Stock",Q,N,N,NASDAQ
NTWK,NETSOL Technologies Inc. - Common Stock,S,N,N,NASDAQ
NTWO,Newbury Street II Acquisition Corp - Class A Ordinary Shares,G,N,N,NASDAQ
NTWOU,Newbury Street II Acquisition Corp - Unit,G,N,N,NASDAQ
NTWOW,Newbury Street II Acquisition Corp - Warrant,G,N,N,NASDAQ
NUAI,"New Era Energy & Digital, Inc. - Common Stock",G,N,N,NASDAQ
NUAIW,"New Era Energy & Digital, Inc. - Warrants",S,N,N,NASDAQ
NUCL,Eagle Nuclear Energy Corp. - Common stock,S,N,N,NASDAQ
NUCLW,Eagle Nuclear Energy Corp. - Warrants,S,N,N,NASDAQ
NUG,Leverage Shares 2X Long NU Daily ETF,G,Y,N,NASDAQ
NUGY,GraniteShares YieldBOOST Gold Miners ETF,G,Y,N,NASDAQ
NUIF,Nuveen US Infrastructure ETF,G,Y,N,NASDAQ
NUSB,Nuveen Ultra Short Income ETF,G,Y,N,NASDAQ
NUTR,Nusatrip Incorporated - Common Stock,S,N,N,NASDAQ
NUTX,Nutex Health Inc. - Common Stock,S,N,N,NASDAQ
NUVL,"Nuvalent, Inc. - Class A Common Stock",Q,N,N,NASDAQ
NUWE,"Nuwellis, Inc. - Common Stock",S,N,N,NASDAQ
NVAX,"Novavax, Inc. - Common Stock",Q,N,N,NASDAQ
NVCR,NovoCure Limited - Ordinary Shares,Q,N,N,NASDAQ
NVCT,"Nuvectis Pharma, Inc. - Common Stock",S,N,N,NASDAQ
NVD,GraniteShares 2x Short NVDA Daily ETF,G,Y,N,NASDAQ
NVDA,NVIDIA Corporation - Common Stock,Q,N,N,NASDAQ
NVDD,Direxion Daily NVDA Bear 1X ETF,G,Y,N,NASDAQ
NVDG,Leverage Shares 2X Long NVDA Daily ETF,G,Y,N,NASDAQ
NVDL,GraniteShares 2x Long NVDA Daily ETF,G,Y,N,NASDAQ
NVDS,Tradr 1.5X Short NVDA Daily ETF,G,Y,N,NASDAQ
NVDU,Direxion Daily NVDA Bull 2X ETF,G,Y,N,NASDAQ
NVEC,NVE Corporation - Common Stock,S,N,N,NASDAQ
NVMI,Nova Ltd. - Ordinary Shares,Q,N,N,NASDAQ
NVNI,Nvni Group Limited - Ordinary Shares,S,N,N,NASDAQ
NVNIW,Nvni Group Limited - Warrants,S,N,N,NASDAQ
NVNO,enVVeno Medical Corporation - Common Stock,S,N,N,NASDAQ
NVPS,PurePlay Nvidia Ecosystem Picks & Shovels Index ETF,G,Y,N,NASDAQ
NVTS,Navitas Semiconductor Corporation - Common Stock,G,N,N,NASDAQ
NVVE,Nuvve Holding Corp. - Common Stock,S,N,N,NASDAQ
NVX,NOVONIX Limited - American Depository Shares,G,N,N,NASDAQ
NVYY,GraniteShares YieldBOOST NVDA ETF,G,Y,N,NASDAQ
NWBI,"Northwest Bancshares, Inc. - Common Stock",Q,N,N,NASDAQ
NWE,"NorthWestern Energy Group, Inc.  - Common Stock",Q,N,N,NASDAQ
NWFL,Norwood Financial Corp. - Common Stock,G,N,N,NASDAQ
NWGL,CL Workshop Group Limited - American Depositary Shares,S,N,N,NASDAQ
NWL,Newell Brands Inc. - Common Stock,Q,N,N,NASDAQ
NWPX,"NWPX Infrastructure, Inc. - Common Stock",Q,N,N,NASDAQ
NWS,News Corporation - Class B Common Stock,Q,N,N,NASDAQ
NWSA,News Corporation - Class A Common Stock,Q,N,N,NASDAQ
NWTG,"Newton Golf Company, Inc. - Common Stock",S,N,N,NASDAQ
NXGL,"NexGel, Inc - Common Stock",S,N,N,NASDAQ
NXGLW,"NexGel, Inc - Warrant",S,N,N,NASDAQ
NXL,"Nexalin Technology, Inc. - Common Stock",S,N,N,NASDAQ
NXPI,NXP Semiconductors N.V. - Common Stock,Q,N,N,NASDAQ
NXPL,NextPlat Corp - Common Stock,S,N,N,NASDAQ
NXST,"Nexstar Media Group, Inc. - Common Stock",Q,N,N,NASDAQ
NXT,Nextpower Inc. - Class A Common Stock,Q,N,N,NASDAQ
NXTC,"NextCure, Inc. - Common Stock",Q,N,N,NASDAQ
NXTG,First Trust Indxx NextG ETF,G,Y,N,NASDAQ
NXTS,Nexentis Technologies Inc. - Common Stock,S,N,N,NASDAQ
NXTT,Next Technology Holding Inc. - Ordinary Shares,S,N,N,NASDAQ
NXXT,"NextNRG, Inc. - Common Stock",S,N,N,NASDAQ
NYAX,Nayax Ltd. - Ordinary Shares,Q,N,N,NASDAQ
NYXH,Nyxoah SA - Ordinary Shares,G,N,N,NASDAQ
NZAC,State Street SPDR MSCI ACWI Climate Paris Aligned ETF,G,Y,N,NASDAQ
OABI,"OmniAb, Inc. - Common Stock",G,N,N,NASDAQ
OABIW,"OmniAb, Inc. - Warrant",S,N,N,NASDAQ
OACC,Oaktree Acquisition Corp. III Life Sciences - Class A Ordinary Share,G,N,N,NASDAQ
OACCU,Oaktree Acquisition Corp. III Life Sciences - Unit,G,N,N,NASDAQ
OACCW,Oaktree Acquisition Corp. III Life Sciences - Warrant,G,N,N,NASDAQ
OBA,Oxley Bridge Acquisition Limited - Class A Ordinary Shares,G,N,N,NASDAQ
OBAI,"Our Bond, Inc. - Common Stock",G,N,N,NASDAQ
OBAWU,Oxley Bridge Acquisition Limited - Unit,G,N,N,NASDAQ
OBAWW,Oxley Bridge Acquisition Limited - Warrants,G,N,N,NASDAQ
OBIL,US Treasury 12 Month Bill ETF,G,Y,N,NASDAQ
OBIO,"Orchestra BioMed Holdings, Inc. - Ordinary Shares",G,N,N,NASDAQ
OBT,"Orange County Bancorp, Inc. - Common Stock",S,N,N,NASDAQ
OBTC,Osprey Bitcoin Trust,G,Y,N,NASDAQ
OCC,Optical Cable Corporation - Common Stock,G,N,N,NASDAQ
OCCI,"OFS Credit Company, Inc. - Closed End Fund",S,N,N,NASDAQ
OCCIM,"OFS Credit Company, Inc. - 7.875% Series F Term Preferred Stock",S,N,N,NASDAQ
OCCIN,"OFS Credit Company, Inc. - 5.25% Series E Term Preferred Stock Due 2026",S,N,N,NASDAQ
OCFC,OceanFirst Financial Corp. - Common Stock,Q,N,N,NASDAQ
OCG,Oriental Culture Holding LTD - Ordinary Shares,S,N,N,NASDAQ
OCGN,"Ocugen, Inc. - Common Stock",S,N,N,NASDAQ
OCS,Oculis Holding AG - Ordinary shares,G,N,N,NASDAQ
OCSAW,Oculis Holding AG - Warrants,G,N,N,NASDAQ
OCSL,Oaktree Specialty Lending Corporation - Closed End Fund,Q,N,N,NASDAQ
OCTV,Octave Intelligence plc - Class B Ordinary Shares,Q,N,N,NASDAQ
OCUL,"Ocular Therapeutix, Inc. - Common Stock",G,N,N,NASDAQ
ODD,ODDITY Tech Ltd. - Class A Ordinary Shares,G,N,N,NASDAQ
ODDS,Pacer BlueStar Digital Entertainment ETF,G,Y,N,NASDAQ
ODFL,"Old Dominion Freight Line, Inc. - Common Stock",Q,N,N,NASDAQ
ODTE,VegaShares SPX NDX RTY Premium Income ETF,G,Y,N,NASDAQ
ODTX,"Odyssey Therapeutics, Inc. - Common Stock",S,N,N,NASDAQ
ODVWZ,Osisko Development Corp. - Warrant,S,N,N,NASDAQ
ODYS,Odysight.ai Inc. - Common Stock,S,N,N,NASDAQ
OESX,"Orion Energy Systems, Inc. - Common Stock",S,N,N,NASDAQ
OFAL,OFA Group - Class A Ordinary Shares,S,N,N,NASDAQ
OFIX,Orthofix Medical Inc.  - Common Stock,Q,N,N,NASDAQ
OFLX,"Omega Flex, Inc. - Common Stock",G,N,N,NASDAQ
OFS,OFS Capital Corporation - Closed End Fund,Q,N,N,NASDAQ
OFSSH,OFS Capital Corporation - 4.95% Notes due 2028,Q,N,N,NASDAQ
OFSSO,OFS Capital Corporation - 7.50% Notes due 2028,G,N,N,NASDAQ
OGI,Organigram Global Inc. - Common Shares,Q,N,N,NASDAQ
OHAC,Oceanhawk Acquisition Corp. - Class A Ordinary Shares,S,N,N,NASDAQ
OHACR,Oceanhawk Acquisition Corp. - Rights,S,N,N,NASDAQ
OHACU,Oceanhawk Acquisition Corp. - Units,S,N,N,NASDAQ
OIM,OneIM Acquisition Corp. - Class A Ordinary Shares,G,N,N,NASDAQ
OIMAU,OneIM Acquisition Corp. - Units,G,N,N,NASDAQ
OIMAW,OneIM Acquisition Corp. - Warrant,G,N,N,NASDAQ
OIO,OIO Group - Ordinary Shares,S,N,N,NASDAQ
OIOWW,OIO Group - Warrants,S,N,N,NASDAQ
OKLL,Defiance Daily Target 2x Long OKLO ETF,G,Y,N,NASDAQ
OKTA,"Okta, Inc. - Class A Common Stock",Q,N,N,NASDAQ
OKTG,Leverage Shares 2X Long OKTA Daily ETF,G,Y,N,NASDAQ
OKUR,"OnKure Therapeutics, Inc. - Class A Common Stock",G,N,N,NASDAQ
OKYO,OKYO Pharma Limited - Ordinary Shares,S,N,N,NASDAQ
OLB,"The OLB Group, Inc. - Common Stock",S,N,N,NASDAQ
OLED,Universal Display Corporation - Common Stock,Q,N,N,NASDAQ
OLLI,"Ollie's Bargain Outlet Holdings, Inc. - Common Stock",G,N,N,NASDAQ
OLMA,"Olema Pharmaceuticals, Inc. - Common Stock",Q,N,N,NASDAQ
OLOX,Olenox Industries Inc. - Common Stock,S,N,N,NASDAQ
OLPX,"Olaplex Holdings, Inc. - Common Stock",Q,N,N,NASDAQ
OM,"Outset Medical, Inc. - Common Stock",Q,N,N,NASDAQ
OMAB,Grupo Aeroportuario del Centro Norte S.A.B. de C.V. - American Depositary Shares each representing 8 Series B shares,Q,N,N,NASDAQ
OMCL,"Omnicell, Inc. - Common Stock",Q,N,N,NASDAQ
OMDA,"Omada Health, Inc. - Common Stock",Q,N,N,NASDAQ
OMER,Omeros Corporation - Common Stock,G,N,N,NASDAQ
OMEX,"Odyssey Marine Exploration, Inc. - Common Stock",S,N,N,NASDAQ
OMH,Ohmyhome Limited - Class A Ordinary Shares,S,N,N,NASDAQ
OMSE,OMS Energy Technologies Inc. - Ordinary Shares,S,N,N,NASDAQ
ON,ON Semiconductor Corporation - Common Stock,Q,N,N,NASDAQ
ONB,Old National Bancorp - Common Stock,Q,N,N,NASDAQ
ONBPO,"Old National Bancorp - Depositary Shares, Each Representing a 1/40th Interest in a Share of Series C Preferred Stock",Q,N,N,NASDAQ
ONBPP,"Old National Bancorp - Depositary Shares, Each Representing a 1/40th Interest in a Share of Series A Preferred Stock",Q,N,N,NASDAQ
ONC,BeOne Medicines Ltd. - American Depositary Shares,Q,N,N,NASDAQ
ONCH,1RT Acquisition Corp. - Class A Ordinary Share,G,N,N,NASDAQ
ONCHU,1RT Acquisition Corp. - Units,G,N,N,NASDAQ
ONCHW,1RT Acquisition Corp. - Warrant,G,N,N,NASDAQ
ONCO,"Onconetix, Inc.  - Common Stock",S,N,N,NASDAQ
ONCY,Oncolytics Biotech Inc. - Common Stock,S,N,N,NASDAQ
ONDG,Leverage Shares 2X Long ONDS Daily ETF,G,Y,N,NASDAQ
ONDS,Ondas Inc - Common Stock,S,N,N,NASDAQ
ONEG,OneConstruction Group Limited - Ordinary Shares,S,N,N,NASDAQ
ONEQ,Fidelity Nasdaq Composite Index ETF,G,Y,N,NASDAQ
ONEW,OneWater Marine Inc. - Class A Common Stock,G,N,N,NASDAQ
ONFO,Onfolio Holdings Inc. - Common Stock,S,N,N,NASDAQ
ONFOW,Onfolio Holdings Inc. - Warrant,S,N,N,NASDAQ
ONMD,OneMedNet Corp - Class A Common Stock,S,N,N,NASDAQ
ONMDW,OneMedNet Corp - Warrant,S,N,N,NASDAQ
OPAL,OPAL Fuels Inc. - Class A Common Stock,S,N,N,NASDAQ
OPBK,OP Bancorp - Common Stock,G,N,N,NASDAQ
OPCH,"Option Care Health, Inc. - Common Stock",Q,N,N,NASDAQ
OPEG,Leverage Shares 2X Long OPEN Daily ETF,G,Y,N,NASDAQ
OPEN,Opendoor Technologies Inc  - Common Stock,Q,N,N,NASDAQ
OPENL,"Opendoor Technologies Inc  - Series A Warrants, each whole warrant exercisable to purchase one share of Common Stock at an exercise price of $13.00 per warrant",Q,N,N,NASDAQ
OPENW,"Opendoor Technologies Inc  - Series K Warrants, each whole warrant exercisable to purchase one share of Common Stock at an exercise price of $9.00 per warrant",Q,N,N,NASDAQ
OPENZ,"Opendoor Technologies Inc  - Series Z Warrants, each whole warrant exercisable to purchase one share of Common Stock at an exercise price of $17.00 per warrant",Q,N,N,NASDAQ
OPI,Office Properties Income Trust - Common shares of beneficial interest,S,N,N,NASDAQ
OPK,"Opko Health, Inc. - Common Stock",Q,N,N,NASDAQ
OPPJ,WisdomTree Japan Opportunities Fund,G,Y,N,NASDAQ
OPRA,Opera Limited - American Depositary Shares,Q,N,N,NASDAQ
OPRT,Oportun Financial Corporation - common stock,Q,N,N,NASDAQ
OPRX,OptimizeRx Corporation - Common Stock,S,N,N,NASDAQ
OPTH,Optimi Health Corp. - Common Shares,S,N,N,NASDAQ
OPTX,"Syntec Optics Holdings, Inc. - Class A Common Stock",S,N,N,NASDAQ
OPTXW,"Syntec Optics Holdings, Inc. - Warrant",S,N,N,NASDAQ
OPTZ,Optimize Strategy Index ETF,G,Y,N,NASDAQ
OPXS,"Optex Systems Holdings, Inc. - Common Stock",S,N,N,NASDAQ
ORBS,Eightco Holdings Inc. - Common Stock,S,N,N,NASDAQ
ORBX,Global X Space Tech ETF,G,Y,N,NASDAQ
ORCS,Direxion Daily ORCL Bear 1X ETF,G,Y,N,NASDAQ
ORCU,Direxion Daily ORCL Bull 2X ETF,G,Y,N,NASDAQ
ORCX,Defiance Daily Target 2X Long ORCL ETF,G,Y,N,NASDAQ
ORGN,"Origin Materials, Inc. - Class A Common Stock",S,N,N,NASDAQ
ORGO,Organogenesis Holdings Inc.  - Class A ,S,N,N,NASDAQ
ORIC,"Oric Pharmaceuticals, Inc. - Common Stock",Q,N,N,NASDAQ
ORIO,Orion Digital Corp. - Common Shares,S,N,N,NASDAQ
ORIQ,Origin Investment Corp I - Ordinary Shares,G,N,N,NASDAQ
ORIQU,Origin Investment Corp I - Units,G,N,N,NASDAQ
ORIQW,Origin Investment Corp I - Redeemable Warrant,G,N,N,NASDAQ
ORKA,"Oruka Therapeutics, Inc. - Common Stock",G,N,N,NASDAQ
ORKT,Orangekloud Technology Inc. - Class A Ordinary Shares,S,N,N,NASDAQ
ORLG,Leverage Shares 2X Long ORLY Daily ETF,G,Y,N,NASDAQ
ORLY,"O'Reilly Automotive, Inc. - Common Stock",Q,N,N,NASDAQ
ORMP,Oramed Pharmaceuticals Inc. - Common Stock,S,N,N,NASDAQ
ORR,Militia Long/Short Equity ETF,G,Y,N,NASDAQ
ORRF,"Orrstown Financial Services, Inc. - Common Stock",S,N,N,NASDAQ
OSBC,"Old Second Bancorp, Inc. - Common Stock",Q,N,N,NASDAQ
OSCG,Leverage Shares 2X Long OSCR Daily ETF,G,Y,N,NASDAQ
OSCX,Defiance Daily Target 2x Long OSCR ETF,G,Y,N,NASDAQ
OSIS,"OSI Systems, Inc. - Common Stock",Q,N,N,NASDAQ
OSPN,OneSpan Inc. - Common Stock,S,N,N,NASDAQ
OSRH,"OSR Health, Inc. - Common Stock",S,N,N,NASDAQ
OSRHW,"OSR Health, Inc. - Warrant",S,N,N,NASDAQ
OSS,"One Stop Systems, Inc. - Common Stock",S,N,N,NASDAQ
OST,"Ostin Technology Group Co., Ltd. - Class A Ordinary Shares",S,N,N,NASDAQ
OSUR,"OraSure Technologies, Inc. - Common Stock",Q,N,N,NASDAQ
OSW,OneSpaWorld Holdings Limited - Common Shares,S,N,N,NASDAQ
OTEX,Open Text Corporation - Common Shares,Q,N,N,NASDAQ
OTGA,OTG Acquisition Corp. I - Class A Ordinary Share,G,N,N,NASDAQ
OTGAU,OTG Acquisition Corp. I - Unit,G,N,N,NASDAQ
OTGAW,OTG Acquisition Corp. I - Warrants,G,N,N,NASDAQ
OTGL,OTG Latin America ETF,G,Y,N,NASDAQ
OTLK,"Outlook Therapeutics, Inc. - Common Stock",S,N,N,NASDAQ
OTLY,Oatly Group AB - American Depositary Shares,Q,N,N,NASDAQ
OTTR,Otter Tail Corporation - Common Stock,Q,N,N,NASDAQ
OUST,"Ouster, Inc. - Common Stock",Q,N,N,NASDAQ
OVBC,Ohio Valley Banc Corp. - Common Stock,G,N,N,NASDAQ
OVID,Ovid Therapeutics Inc. - Common Stock,S,N,N,NASDAQ
OVLY,Oak Valley Bancorp (CA) - Common Stock,S,N,N,NASDAQ
OWLS,OBOOK Holdings Inc. - Class A Common Shares,G,N,N,NASDAQ
OXBR,Oxbridge Re Holdings Limited - Ordinary Shares,S,N,N,NASDAQ
OXBRW,Oxbridge Re Holdings Limited - Warrant,S,N,N,NASDAQ
OXLC,Oxford Lane Capital Corp. - Closed End Fund,Q,N,N,NASDAQ
OXLCG,Oxford Lane Capital Corp. - 7.95% Notes due 2032,Q,N,N,NASDAQ
OXLCI,Oxford Lane Capital Corp. - 8.75% Notes due 2030,Q,N,N,NASDAQ
OXLCL,Oxford Lane Capital Corp. - 6.75% Notes due 2031,Q,N,N,NASDAQ
OXLCM,"Oxford Lane Capital Corp. - Preferred Stock Shares, 8.25% Series 2031",Q,N,N,NASDAQ
OXLCN,Oxford Lane Capital Corp. - 7.125% Series 2029 Term Preferred Stock,Q,N,N,NASDAQ
OXLCO,"Oxford Lane Capital Corp. - Preferred Stock Shares, 6.00% Series 2029",Q,N,N,NASDAQ
OXLCZ,Oxford Lane Capital Corp. - 5.00% Notes due 2027,Q,N,N,NASDAQ
OXSQ,Oxford Square Capital Corp. - Closed End Fund,Q,N,N,NASDAQ
OXSQG,Oxford Square Capital Corp. - 5.50% Notes due 2028,Q,N,N,NASDAQ
OXSQH,Oxford Square Capital Corp. - 7.75% Notes due 2030,Q,N,N,NASDAQ
OYSE,Oyster Enterprises II Acquisition Corp - Class A Ordinary Shares,G,N,N,NASDAQ
OYSER,Oyster Enterprises II Acquisition Corp - Rights,G,N,N,NASDAQ
OYSEU,Oyster Enterprises II Acquisition Corp - Units,G,N,N,NASDAQ
OZEM,Roundhill GLP-1 & Weight Loss ETF,G,Y,N,NASDAQ
OZK,Bank OZK - Common Stock,Q,N,N,NASDAQ
OZKAP,Bank OZK - 4.625% Series A Non-Cumulative Perpetual Preferred Stock,Q,N,N,NASDAQ
PAA,"Plains All American Pipeline, L.P. - Common Units representing Limited Partner Interests",Q,N,N,NASDAQ
PAAC,Proem Acquisition Corp I - Ordinary Shares,G,N,N,NASDAQ
PAACU,Proem Acquisition Corp I - Units,G,N,N,NASDAQ
PAACW,Proem Acquisition Corp I - Warrants,G,N,N,NASDAQ
PABD,iShares Paris-Aligned Climate Optimized MSCI World ex USA ETF,G,Y,N,NASDAQ
PABU,iShares Paris-Aligned Climate Optimized MSCI USA ETF,G,Y,N,NASDAQ
PACB,"Pacific Biosciences of California, Inc. - Common Stock",Q,N,N,NASDAQ
PACH,Pioneer Acquisition I Corp - Class A Ordinary Shares,G,N,N,NASDAQ
PACHU,Pioneer Acquisition I Corp - Units,G,N,N,NASDAQ
PACHW,Pioneer Acquisition I Corp - Warrants,G,N,N,NASDAQ
PAGP,"Plains GP Holdings, L.P. - Class A Shares representing limited partner interests",Q,N,N,NASDAQ
PAHC,Phibro Animal Health Corporation - Class A Common Stock,G,N,N,NASDAQ
PAL,"Proficient Auto Logistics, Inc. - Common Stock",Q,N,N,NASDAQ
PALD,Direxion Daily PANW Bear 1X ETF,G,Y,N,NASDAQ
PALI,"Palisade Bio, Inc. - Common Stock",S,N,N,NASDAQ
PALO,Paloma Acquisition Corp I - Class A Ordinary Shares,G,N,N,NASDAQ
PALOU,Paloma Acquisition Corp I - Units,G,N,N,NASDAQ
PALOW,Paloma Acquisition Corp I - Warrants,G,N,N,NASDAQ
PALU,Direxion Daily PANW Bull 2X ETF,G,Y,N,NASDAQ
PAMT,PAMT CORP - Common Stock,G,N,N,NASDAQ
PANG,Leverage Shares 2X Long PANW Daily ETF,G,Y,N,NASDAQ
PANL,Pangaea Logistics Solutions Ltd. - Common Stock,S,N,N,NASDAQ
PANW,"Palo Alto Networks, Inc. - Common Stock",Q,N,N,NASDAQ
PARK,"Park Dental Partners, Inc. - Common Stock",S,N,N,NASDAQ
PASG,"Passage Bio, Inc. - Common Stock",S,N,N,NASDAQ
PASW,"Ping An Biomedical Co., Ltd. - Class A Ordinary Shares",S,N,N,NASDAQ
PATK,"Patrick Industries, Inc. - Common Stock",Q,N,N,NASDAQ
PATN,Pacer Nasdaq International Patent Leaders ETF,G,Y,N,NASDAQ
PAVM,PAVmed Inc. - Common Stock,S,N,N,NASDAQ
PAVS,Paranovus Entertainment Technology Ltd. - Class A Ordinary Shares,S,N,N,NASDAQ
PAX,Patria Investments Limited - Class A Common Shares,Q,N,N,NASDAQ
PAYO,Payoneer Global Inc. - Common Stock,G,N,N,NASDAQ
PAYP,PayPay Corporation - American Depository Shares,Q,N,N,NASDAQ
PAYS,"Paysign, Inc. - Common Stock",S,N,N,NASDAQ
PAYX,"Paychex, Inc. - Common Stock",Q,N,N,NASDAQ
PBEU,Portfolio Building Block European Banks Index ETF,G,Y,N,NASDAQ
PBFS,"Pioneer Bancorp, Inc. - Common Stock",S,N,N,NASDAQ
PBHC,"Pathfinder Bancorp, Inc. - Common Stock",S,N,N,NASDAQ
PBK,PowerBank Corporation - Common Stock,G,N,N,NASDAQ
PBLS,"Parabilis Medicines, Inc. - Common Stock",Q,N,N,NASDAQ
PBM,Psyence Biomedical Ltd. - Common Shares,S,N,N,NASDAQ
PBMWW,Psyence Biomedical Ltd. - Warrant,S,N,N,NASDAQ
PBOG,Portfolio Building Block Integrated Oil and Gas and Exploration and Production Index ETF,G,Y,N,NASDAQ
PBPH,Portfolio Building Block World Pharma and Biotech Index ETF,G,Y,N,NASDAQ
PBQQ,PGIM Laddered Nasdaq-100 Buffer 12 ETF,G,Y,N,NASDAQ
PBRG,Leverage Shares 2X Long PBR Daily ETF,G,Y,N,NASDAQ
PBSC,Pacer Barings Secured Credit Flex ETF,G,Y,N,NASDAQ
PBYI,Puma Biotechnology Inc - Common Stock,Q,N,N,NASDAQ
PC,Premium Catering (Holdings) Limited - Ordinary Shares,S,N,N,NASDAQ
PCAP,ProCap Acquisition Corp - Class A Ordinary Shares,G,N,N,NASDAQ
PCAPU,ProCap Acquisition Corp - Unit,G,N,N,NASDAQ
PCAPW,ProCap Acquisition Corp - Warrant,G,N,N,NASDAQ
PCAR,PACCAR Inc. - Common Stock,Q,N,N,NASDAQ
PCB,PCB Bancorp - Common Stock,Q,N,N,NASDAQ
PCLA,PicoCELA Inc. - American Depositary Shares,S,N,N,NASDAQ
PCMM,BondBloxx Private Credit CLO ETF,G,Y,N,NASDAQ
PCPI,PIMCO Inflation PLUS Active Exchange-Traded Fund,G,Y,N,NASDAQ
PCRX,"Pacira BioSciences, Inc. - Common Stock",Q,N,N,NASDAQ
PCSA,"Processa Pharmaceuticals, Inc. - Common Stock",S,N,N,NASDAQ
PCSC,Perceptive Capital Solutions Corp - Class A Ordinary Shares,G,N,N,NASDAQ
PCT,"PureCycle Technologies, Inc. - Common stock",S,N,N,NASDAQ
PCTTU,"PureCycle Technologies, Inc. - Unit",S,N,N,NASDAQ
PCTTW,"PureCycle Technologies, Inc. - Warrant",S,N,N,NASDAQ
PCTY,Paylocity Holding Corporation - Common Stock,Q,N,N,NASDAQ
PCVX,"Vaxcyte, Inc. - Common Stock",Q,N,N,NASDAQ
PCYO,Pure Cycle Corporation - Common Stock,S,N,N,NASDAQ
PDBA,Invesco Agriculture Commodity Strategy No K-1 ETF,G,Y,N,NASDAQ
PDBC,Invesco Optimum Yield Diversified Commodity Strategy No K-1 ETF,G,Y,N,NASDAQ
PDC,Perpetuals.com Ltd - American Depositary Shares,S,N,N,NASDAQ
PDD,PDD Holdings Inc. - American Depositary Shares,Q,N,N,NASDAQ
PDDL,GraniteShares 2x Long PDD Daily ETF,G,Y,N,NASDAQ
PDEX,"Pro-Dex, Inc. - Common Stock",S,N,N,NASDAQ
PDFS,"PDF Solutions, Inc. - Common Stock",Q,N,N,NASDAQ
PDLB,"Ponce Financial Group, Inc. - Common Stock",G,N,N,NASDAQ
PDP,Invesco Dorsey Wright Momentum ETF,G,Y,N,NASDAQ
PDSB,PDS Biotechnology Corporation - Common Stock,S,N,N,NASDAQ
PDYN,Palladyne AI Corp. - Common stock,G,N,N,NASDAQ
PDYNW,Palladyne AI Corp. - Warrant,G,N,N,NASDAQ
PEBK,"Peoples Bancorp of North Carolina, Inc. - Common Stock",G,N,N,NASDAQ
PEBO,Peoples Bancorp Inc. - Common Stock,Q,N,N,NASDAQ
PECE,Peace Acquisition Corp - Ordinary Shares,S,N,N,NASDAQ
PECER,Peace Acquisition Corp - Right,S,N,N,NASDAQ
PECEU,Peace Acquisition Corp - Units,S,N,N,NASDAQ
PECEW,Peace Acquisition Corp - Warrant,S,N,N,NASDAQ
PECO,"Phillips Edison & Company, Inc. - Common Stock",Q,N,N,NASDAQ
PEGA,Pegasystems Inc. - Common Stock,Q,N,N,NASDAQ
PENG,"Penguin Solutions, Inc. - Common Stock",Q,N,N,NASDAQ
PENN,"PENN Entertainment, Inc. - Common Stock",Q,N,N,NASDAQ
PEP,"PepsiCo, Inc. - Common Stock",Q,N,N,NASDAQ
PEPG,PepGen Inc. - Common Stock,Q,N,N,NASDAQ
PEPS,Parametric Equity Plus ETF,G,Y,N,NASDAQ
PERI,Perion Network Ltd - Ordinary Shares,Q,N,N,NASDAQ
PESI,"Perma-Fix Environmental Services, Inc. - Common Stock",S,N,N,NASDAQ
PETS,"PetMed Express, Inc. - Common Stock",Q,N,N,NASDAQ
PETZ,"TDH Holdings, Inc. - Common Shares",S,N,N,NASDAQ
PEY,Invesco High Yield Equity Dividend Achievers ETF,G,Y,N,NASDAQ
PEZ,Invesco Dorsey Wright Consumer Cyclicals Momentum ETF,G,Y,N,NASDAQ
PFAI,Pinnacle Food Group Limited - Class A Common Shares,S,N,N,NASDAQ
PFBC,Preferred Bank - Common Stock,Q,N,N,NASDAQ
PFDE,Pathfinder Disciplined US Equity ETF,G,Y,N,NASDAQ
PFF,iShares Preferred and Income Securities ETF,G,Y,N,NASDAQ
PFG,Principal Financial Group Inc - Common Stock,Q,N,N,NASDAQ
PFI,Invesco Dorsey Wright Financial Momentum ETF,G,Y,N,NASDAQ
PFIS,Peoples Financial Services Corp.  - Common Stock,Q,N,N,NASDAQ
PFM,Invesco Dividend Achievers ETF,G,Y,N,NASDAQ
PFOE,Pathfinder Focused Opportunities ETF,G,Y,N,NASDAQ
PFSA,"Profusa, Inc. - Common Stock",S,N,N,NASDAQ
PFX,PhenixFIN Corporation  - Common Stock,G,N,N,NASDAQ
PFXNZ,PhenixFIN Corporation  - 5.25% Notes due 2028,G,N,N,NASDAQ
PGAC,Pantages Capital Acquisition Corporation - Class A Ordinary Shares,G,N,N,NASDAQ
PGACR,Pantages Capital Acquisition Corporation - Right,G,N,N,NASDAQ
PGACU,Pantages Capital Acquisition Corporation - Unit,G,N,N,NASDAQ
PGC,Peapack-Gladstone Financial Corporation - Common Stock,Q,N,N,NASDAQ
PGEN,"Precigen, Inc. - Common Stock",Q,N,N,NASDAQ
PGJ,Invesco Golden Dragon China ETF,G,Y,N,NASDAQ
PGNY,"Progyny, Inc. - Common Stock",Q,N,N,NASDAQ
PGY,Pagaya Technologies Ltd. - Class A Ordinary Shares,S,N,N,NASDAQ
PGYWW,Pagaya Technologies Ltd. - Warrants,S,N,N,NASDAQ
PHAR,"Pharming Group N.V. - ADS, each representing 10 ordinary shares",G,N,N,NASDAQ
PHAT,"Phathom Pharmaceuticals, Inc. - Common Stock",Q,N,N,NASDAQ
PHIO,Phio Pharmaceuticals Corp. - Common Stock,S,N,N,NASDAQ
PHO,Invesco Water Resources ETF,G,Y,N,NASDAQ
PHOE,Phoenix Asia Holdings Limited - Ordinary Shares,S,N,N,NASDAQ
PHUN,"Phunware, Inc. - Common Stock",S,N,N,NASDAQ
PHVS,Pharvaris N.V. - Ordinary Shares,Q,N,N,NASDAQ
PI,"Impinj, Inc. - Common Stock",Q,N,N,NASDAQ
PICS,PicS N.V. - Class A Common Shares,Q,N,N,NASDAQ
PID,Invesco International Dividend Achievers ETF,G,Y,N,NASDAQ
PIE,Invesco Dorsey Wright Emerging Markets Momentum ETF,G,Y,N,NASDAQ
PIII,P3 Health Partners Inc. - Class A Common Stock,S,N,N,NASDAQ
PIIIW,P3 Health Partners Inc. - Warrant,S,N,N,NASDAQ
PIO,Invesco Global Water ETF,G,Y,N,NASDAQ
PIZ,Invesco Dorsey Wright Developed Markets Momentum ETF,G,Y,N,NASDAQ
PKBK,"Parke Bancorp, Inc. - Common Stock",S,N,N,NASDAQ
PKOH,Park-Ohio Holdings Corp. - Common Stock,Q,N,N,NASDAQ
PKW,Invesco BuyBack Achievers ETF,G,Y,N,NASDAQ
PLA,GraniteShares Autocallable PLTR ETF,G,Y,N,NASDAQ
PLAB,"Photronics, Inc. - Common Stock",Q,N,N,NASDAQ
PLAY,"Dave & Buster's Entertainment, Inc. - Common Stock",Q,N,N,NASDAQ
PLBC,Plumas Bancorp - Common Stock,S,N,N,NASDAQ
PLBL,Polibeli Group Ltd - Class A Ordinary Shares,G,N,N,NASDAQ
PLBY,"Playboy, Inc. - Common Stock",G,N,N,NASDAQ
PLCE,"Children's Place, Inc. (The) - Common Stock",Q,N,N,NASDAQ
PLMK,Plum Acquisition Corp. IV - Class A Ordinary Shares,G,N,N,NASDAQ
PLMKU,Plum Acquisition Corp. IV - Unit,G,N,N,NASDAQ
PLMKW,Plum Acquisition Corp. IV - Warrants,G,N,N,NASDAQ
PLMR,"Palomar Holdings, Inc. - Common stock",Q,N,N,NASDAQ
PLPC,Preformed Line Products Company - Common Stock,Q,N,N,NASDAQ
PLRX,"Pliant Therapeutics, Inc. - Common Stock",Q,N,N,NASDAQ
PLRZ,Polyrizon Ltd. - Ordinary Shares,S,N,N,NASDAQ
PLSE,"Pulse Biosciences, Inc - Common Stock",S,N,N,NASDAQ
PLSM,Pulsenmore Ltd. - Ordinary Shares,S,N,N,NASDAQ
PLTD,Direxion Daily PLTR Bear 1X ETF,G,Y,N,NASDAQ
PLTG,Leverage Shares 2X Long PLTR Daily ETF,G,Y,N,NASDAQ
PLTK,Playtika Holding Corp. - Common Stock,Q,N,N,NASDAQ
PLTR,Palantir Technologies Inc. - Class A Common Stock,Q,N,N,NASDAQ
PLTS,Platinum Analytics Cayman Limited - Class A Ordinary Shares,S,N,N,NASDAQ
PLTU,Direxion Daily PLTR Bull 2X ETF,G,Y,N,NASDAQ
PLTZ,Defiance Daily Target 2x Short PLTR ETF,G,Y,N,NASDAQ
PLUG,"Plug Power, Inc. - Common Stock",S,N,N,NASDAQ
PLUL,Leverage Shares 2X Long PLUG Daily ETF,G,Y,N,NASDAQ
PLUR,Pluri Inc. - Common Stock,S,N,N,NASDAQ
PLUS,ePlus inc. - Common Stock,Q,N,N,NASDAQ
PLUT,Plutus Financial Group Limited - Ordinary Shares,S,N,N,NASDAQ
PLXS,Plexus Corp. - Common Stock,Q,N,N,NASDAQ
PLYX,"Polaryx Therapeutics, Inc. - Common Stock",S,N,N,NASDAQ
PLYY,GraniteShares YieldBOOST PLTR ETF,G,Y,N,NASDAQ
PMAX,Powell Max Limited - Class A Ordinary Shares,S,N,N,NASDAQ
PMBS,PIMCO Mortgage-Backed Securities Active Exchange-Traded Fund,G,Y,N,NASDAQ
PMCB,"PharmaCyte  Biotech, Inc. - Common Stock",S,N,N,NASDAQ
PMEC,Primech Holdings Ltd. - Ordinary Shares,S,N,N,NASDAQ
PMN,ProMIS Neurosciences Inc. - Common Shares,S,N,N,NASDAQ
PMTR,Perimeter Acquisition Corp. I - Class A Ordinary Shares,G,N,N,NASDAQ
PMTRU,Perimeter Acquisition Corp. I - Unit,G,N,N,NASDAQ
PMTRW,Perimeter Acquisition Corp. I - Warrant,G,N,N,NASDAQ
PMTS,CPI Card Group Inc. - Common Stock,G,N,N,NASDAQ
PMVP,"PMV Pharmaceuticals, Inc. - Common Stock",Q,N,N,NASDAQ
PN,PN Smart Energy Limited - Class A Ordinary Shares,S,N,N,NASDAQ
PNBK,Patriot National Bancorp Inc. - Common Stock,G,N,N,NASDAQ
PNQI,Invesco Nasdaq Internet ETF,G,Y,N,NASDAQ
PNRG,PrimeEnergy Resources Corporation - Common Stock,S,N,N,NASDAQ
PNTG,"The Pennant Group, Inc. - Common Stock",Q,N,N,NASDAQ
POCI,"Precision Optics Corporation, Inc. - Common stock",S,N,N,NASDAQ
PODC,"PodcastOne, Inc. - Common Stock",S,N,N,NASDAQ
PODD,Insulet Corporation - Common Stock,Q,N,N,NASDAQ
POET,POET Technologies Inc. - Common Shares,S,N,N,NASDAQ
POLA,"Polar Power, Inc. - Common Stock",S,N,N,NASDAQ
POLE,Andretti Acquisition Corp. II - Class A Ordinary Shares,G,N,N,NASDAQ
POLEU,Andretti Acquisition Corp. II - Unit,G,N,N,NASDAQ
POLEW,Andretti Acquisition Corp. II - Warrant,G,N,N,NASDAQ
POM,POMDOCTOR LIMITED - American Depositary Shares,G,N,N,NASDAQ
PONO,"Pono Capital Four, Inc. - Class A Ordinary Shares",G,N,N,NASDAQ
PONOR,"Pono Capital Four, Inc. - Rights",G,N,N,NASDAQ
PONOU,"Pono Capital Four, Inc. - Units",G,N,N,NASDAQ
PONY,Pony AI Inc. - American Depositary Shares,Q,N,N,NASDAQ
POOL,Pool Corporation - Common Stock,Q,N,N,NASDAQ
POWI,"Power Integrations, Inc. - Common Stock",Q,N,N,NASDAQ
POWL,"Powell Industries, Inc. - Common Stock",Q,N,N,NASDAQ
POWW,Outdoor Holding Company - Common Stock,S,N,N,NASDAQ
POWWP,Outdoor Holding Company - 8.75% Series A Cumulative Redeemable Perpetual Preferred Stock,S,N,N,NASDAQ
PPBT,Purple Biotech Ltd. - American Depositary Shares,S,N,N,NASDAQ
PPC,Pilgrim's Pride Corporation - Common Stock,Q,N,N,NASDAQ
PPCB,"Propanc Biopharma, Inc. - Common Stock",S,N,N,NASDAQ
PPH,VanEck Pharmaceutical ETF,G,Y,N,NASDAQ
PPHC,"Public Policy Holding Company, Inc. - Common Stock",G,N,N,NASDAQ
PPI,Astoria Real Assets ETF,G,Y,N,NASDAQ
PPIH,"Perma-Pipe International Holdings, Inc. - Common Stock",G,N,N,NASDAQ
PPLI,People Incorporated - Common Stock,Q,N,N,NASDAQ
PPSI,"Pioneer Power Solutions, Inc. - Common Stock",S,N,N,NASDAQ
PPTA,Perpetua Resources Corp. - Common Shares,S,N,N,NASDAQ
PQAP,PGIM Nasdaq-100 Buffer 12 ETF - April,G,Y,N,NASDAQ
PQJA,PGIM Nasdaq-100 Buffer 12 ETF - January,G,Y,N,NASDAQ
PQJL,PGIM Nasdaq-100 Buffer 12 ETF - July,G,Y,N,NASDAQ
PQOC,PGIM Nasdaq-100 Buffer 12 ETF - October,G,Y,N,NASDAQ
PRAA,"PRA Group, Inc. - Common Stock",Q,N,N,NASDAQ
PRAX,"Praxis Precision Medicines, Inc. - Common Stock",Q,N,N,NASDAQ
PRCH,"Porch Group, Inc. - Common Stock",S,N,N,NASDAQ
PRCT,PROCEPT BioRobotics Corporation - Common Stock,G,N,N,NASDAQ
PRDO,Perdoceo Education Corporation - Common Stock,Q,N,N,NASDAQ
PRE,Prenetics Global Limited - Class A Ordinary Share,G,N,N,NASDAQ
PRENW,Prenetics Global Limited - Warrant,S,N,N,NASDAQ
PRFX,PRF Technologies Ltd. - Ordinary Shares,S,N,N,NASDAQ
PRFZ,Invesco RAFI US 1500 Small-Mid ETF,G,Y,N,NASDAQ
PRGS,Progress Software Corporation - Common Stock,Q,N,N,NASDAQ
PRHI,"Presurance Holdings, Inc. - Common Stock",S,N,N,NASDAQ
PRHIZ,"Presurance Holdings, Inc. - 9.75% Senior Unsecured Notes due 2028",G,N,N,NASDAQ
PRLD,Prelude Therapeutics Incorporated - Common Stock,Q,N,N,NASDAQ
PRME,"Prime Medicine, Inc. - Common Stock",G,N,N,NASDAQ
PRMR,PeakShares RMR Prime Equity ETF,G,Y,N,NASDAQ
PRN,Invesco Dorsey Wright Industrials Momentum ETF,G,Y,N,NASDAQ
PROF,Profound Medical Corp. - common stock,S,N,N,NASDAQ
PROK,ProKidney Corp. - Class A Ordinary Shares,S,N,N,NASDAQ
PROP,Prairie Operating Co. - Common Stock,S,N,N,NASDAQ
PROV,"Provident Financial Holdings, Inc. - Common Stock",Q,N,N,NASDAQ
PRPL,"Purple Innovation, Inc. - Common Stock",Q,N,N,NASDAQ
PRPO,"Precipio, Inc. - Common Stock",S,N,N,NASDAQ
PRQR,ProQR Therapeutics N.V. - Ordinary Shares,S,N,N,NASDAQ
PRSO,Peraso Inc. - Common Stock,S,N,N,NASDAQ
PRTA,Prothena Corporation plc - Ordinary Shares,Q,N,N,NASDAQ
PRTH,"Priority Technology Holdings, Inc. - Common Stock",S,N,N,NASDAQ
PRTS,"CarParts.com, Inc. - Common Stock",S,N,N,NASDAQ
PRVA,"Privia Health Group, Inc. - Common Stock",Q,N,N,NASDAQ
PRZO,ParaZero Technologies Ltd. - Ordinary Shares,S,N,N,NASDAQ
PSC,Principal U.S. Small-Cap ETF,G,Y,N,NASDAQ
PSCC,Invesco S&P SmallCap Consumer Staples ETF,G,Y,N,NASDAQ
PSCD,Invesco S&P SmallCap Consumer Discretionary ETF,G,Y,N,NASDAQ
PSCE,Invesco S&P SmallCap Energy ETF,G,Y,N,NASDAQ
PSCF,Invesco S&P SmallCap Financials ETF,G,Y,N,NASDAQ
PSCH,Invesco S&P SmallCap Health Care ETF,G,Y,N,NASDAQ
PSCI,Invesco S&P SmallCap Industrials ETF,G,Y,N,NASDAQ
PSCM,Invesco S&P SmallCap Materials ETF,G,Y,N,NASDAQ
PSCT,Invesco S&P SmallCap Information Technology ETF,G,Y,N,NASDAQ
PSCU,Invesco S&P SmallCap Utilities & Communication Services ETF,G,Y,N,NASDAQ
PSEC,Prospect Capital Corporation - Closed End Fund,Q,N,N,NASDAQ
PSET,Principal Quality ETF,G,Y,N,NASDAQ
PSHG,Performance Shipping Inc. - Common Shares,S,N,N,NASDAQ
PSIG,PS International Group Ltd. - Ordinary Shares,S,N,N,NASDAQ
PSIX,"Power Solutions International, Inc. - Common Stock",S,N,N,NASDAQ
PSKY,Paramount Skydance Corporation - Class B Common Stock,Q,N,N,NASDAQ
PSL,Invesco Dorsey Wright Consumer Staples Momentum ETF,G,Y,N,NASDAQ
PSMT,"PriceSmart, Inc. - Common Stock",Q,N,N,NASDAQ
PSNL,"Personalis, Inc. - Common Stock",G,N,N,NASDAQ
PSNY,Polestar Automotive Holding UK Limited - Class A ADS,G,N,N,NASDAQ
PSNYW,Polestar Automotive Holding UK Limited - Class C-1 ADS (ADW),G,N,N,NASDAQ
PSTR,PeakShares Sector Rotation ETF,G,Y,N,NASDAQ
PSTV,"PLUS THERAPEUTICS, Inc. - Common Stock",S,N,N,NASDAQ
PSWD,Xtrackers Cybersecurity Select Equity ETF,G,Y,N,NASDAQ
PTACU,Patriot Acquisition Corp. - Units,G,N,N,NASDAQ
PTC,PTC Inc. - Common Stock,Q,N,N,NASDAQ
PTCT,"PTC Therapeutics, Inc. - Common Stock",Q,N,N,NASDAQ
PTEN,"Patterson-UTI Energy, Inc. - Common Stock",Q,N,N,NASDAQ
PTF,Invesco Dorsey Wright Technology Momentum ETF,G,Y,N,NASDAQ
PTGX,"Protagonist Therapeutics, Inc. - Common Stock",G,N,N,NASDAQ
PTH,Invesco Dorsey Wright Healthcare Momentum ETF,G,Y,N,NASDAQ
PTIR,GraniteShares 2x Long PLTR Daily ETF,G,Y,N,NASDAQ
PTLE,PTL LTD - Class A Ordinary Shares,S,N,N,NASDAQ
PTLO,Portillo's Inc. - Class A Common Stock,Q,N,N,NASDAQ
PTN,"Palatin Technologies, Inc. - Common Stock",S,N,N,NASDAQ
PTNM,Pitanium Limited - Class A Ordinary Shares,S,N,N,NASDAQ
PTNQ,Pacer Trendpilot 100 ETF,G,Y,N,NASDAQ
PTON,"Peloton Interactive, Inc. - Common Stock",Q,N,N,NASDAQ
PTOR,Praetorian Acquisition Corp. - Class A Ordinary Shares,G,N,N,NASDAQ
PTORU,Praetorian Acquisition Corp. - Units,G,N,N,NASDAQ
PTORW,Praetorian Acquisition Corp. - Warrant,G,N,N,NASDAQ
PTRN,Pattern Group Inc. - Series A Common Stock,Q,N,N,NASDAQ
PUBM,"PubMatic, Inc. - Class A Common Stock",G,N,N,NASDAQ
PUI,Invesco Dorsey Wright Utilities Momentum ETF,G,Y,N,NASDAQ
PULM,"Pulmatrix, Inc. - Common Stock",S,N,N,NASDAQ
PURR,Hyperliquid Strategies Inc - Common Stock,S,N,N,NASDAQ
PUSA,Aureus Greenway Holdings Inc. - Common Stock,S,N,N,NASDAQ
PVLA,"Palvella Therapeutics, Inc. - Common Stock",G,N,N,NASDAQ
PWP,Perella Weinberg Partners - Class A Common Stock,Q,N,N,NASDAQ
PWRD,TCW Transform Systems ETF,G,Y,N,NASDAQ
PWRL,Powerlaw Corp. - Common Stock,G,N,N,NASDAQ
PXI,Invesco Dorsey Wright Energy Momentum ETF,G,Y,N,NASDAQ
PXLW,"Pixelworks, Inc. - Common Stock",S,N,N,NASDAQ
PXS,Pyxis Tankers Inc. - Common Stock,S,N,N,NASDAQ
PY,Principal Value ETF,G,Y,N,NASDAQ
PYPD,PolyPid Ltd. - Ordinary Shares,S,N,N,NASDAQ
PYPG,Leverage Shares 2X Long PYPL Daily ETF,G,Y,N,NASDAQ
PYPL,"PayPal Holdings, Inc. - Common Stock",Q,N,N,NASDAQ
PYXS,"Pyxis Oncology, Inc. - Common Stock",Q,N,N,NASDAQ
PYZ,Invesco Dorsey Wright Basic Materials Momentum ETF,G,Y,N,NASDAQ
PZZA,"Papa John's International, Inc. - Common Stock",Q,N,N,NASDAQ
QABA,First Trust NASDAQ ABA Community Bank Index Fund,G,Y,N,NASDAQ
QADR,QDRO Acquisition Corp. - Class A Ordinary Shares,G,N,N,NASDAQ
QADRU,QDRO Acquisition Corp. - Units,G,N,N,NASDAQ
QADRW,QDRO Acquisition Corp. - Warrant,G,N,N,NASDAQ
QALT,SEI DBi Multi-Strategy Alternative ETF,G,Y,N,NASDAQ
QAT,iShares MSCI Qatar ETF,G,Y,N,NASDAQ
QB,ProShares Nasdaq-100 Dynamic Buffer ETF,G,Y,N,NASDAQ
QBIG,Invesco Top QQQ ETF,G,Y,N,NASDAQ
QBTZ,Defiance Daily Target 2x Short QBTS ETF,G,Y,N,NASDAQ
QBUF,Innovator Nasdaq-100 10 Buffer ETF Quarterly,G,Y,N,NASDAQ
QBY,GraniteShares YieldBoost QBTS ETF,G,Y,N,NASDAQ
QCLN,First Trust NASDAQ Clean Edge Green Energy Index Fund,G,Y,N,NASDAQ
QCLR,Global X NASDAQ 100 Collar 95-110 ETF,G,Y,N,NASDAQ
QCLS,"Q/C Technologies, Inc. - Common Stock",S,N,N,NASDAQ
QCMD,Direxion Daily QCOM Bear 1X ETF,G,Y,N,NASDAQ
QCML,GraniteShares 2x Long QCOM Daily ETF,G,Y,N,NASDAQ
QCMU,Direxion Daily QCOM Bull 2X ETF,G,Y,N,NASDAQ
QCOM,QUALCOMM Incorporated - Common Stock,Q,N,N,NASDAQ
QCRH,"QCR Holdings, Inc. - Common Stock",G,N,N,NASDAQ
QDEL,QuidelOrtho Corporation - Common Stock,Q,N,N,NASDAQ
QDTY,YieldMax Nasdaq 100 0DTE Covered Call Strategy ETF,G,Y,N,NASDAQ
QETA,Quetta Acquisition Corporation - Common Stock,S,N,N,NASDAQ
QETAR,Quetta Acquisition Corporation - Right,S,N,N,NASDAQ
QETAU,Quetta Acquisition Corporation - Unit,S,N,N,NASDAQ
QEW,Invesco QQQ Equal Weight ETF,G,Y,N,NASDAQ
QFIN,"Qfin Holdings, Inc.  - American Depositary Shares",Q,N,N,NASDAQ
QGRD,Horizon Nasdaq-100 Defined Risk ETF,G,Y,N,NASDAQ
QH,Quhuo Limited - American Depository Shares,S,N,N,NASDAQ
QHDG,Innovator Hedged Nasdaq-100 ETF,G,Y,N,NASDAQ
QLDY,Defiance Nasdaq 100 LightningSpread Income ETF,G,Y,N,NASDAQ
QLYS,"Qualys, Inc. - Common Stock",Q,N,N,NASDAQ
QMCO,Quantum Corporation - Common Stock,G,N,N,NASDAQ
QMID,WisdomTree U.S. MidCap Quality Growth Fund,G,Y,N,NASDAQ
QMMM,QMMM Holdings Limited - Class A Ordinary Shares,S,N,N,NASDAQ
QMOM,Alpha Architect U.S. Quantitative Momentum ETF,G,Y,N,NASDAQ
QNCX,"Quince Therapeutics, Inc. - Common Stock",Q,N,N,NASDAQ
QNDX,State Street SPDR Portfolio Nasdaq 100 ETF,G,Y,N,NASDAQ
QNRX,"Quoin Pharmaceuticals, Ltd. - American Depositary Shares",S,N,N,NASDAQ
QNST,"QuinStreet, Inc. - Common Stock",Q,N,N,NASDAQ
QNT,Quantinuum Inc. - Class A Common Stock,G,N,N,NASDAQ
QNTM,Quantum Biopharma Ltd. - Class B Subordinate Voting Shares,S,N,N,NASDAQ
QNXT,iShares Nasdaq-100 ex Top 30 ETF,G,Y,N,NASDAQ
QOWZ,Invesco Nasdaq Free Cash Flow Achievers ETF,G,Y,N,NASDAQ
QPUX,Defiance 2X Daily Long Pure Quantum ETF,G,Y,N,NASDAQ
QQA,Invesco QQQ Income Advantage ETF,G,Y,N,NASDAQ
QQDN,ProShares UltraShort QQQ Mega,G,Y,N,NASDAQ
QQEW,First Trust Nasdaq-100 Select Equal Weight ETF,G,Y,N,NASDAQ
QQHG,Invesco QQQ Hedged Advantage ETF,G,Y,N,NASDAQ
QQLV,Invesco QQQ Low Volatility ETF,G,Y,N,NASDAQ
QQMG,Invesco ESG NASDAQ 100 ETF,G,Y,N,NASDAQ
QQQ,"Invesco QQQ Trust, Series 1",G,Y,N,NASDAQ
QQQA,ProShares Nasdaq-100 Dorsey Wright Momentum ETF,G,Y,N,NASDAQ
QQQE,Direxion NASDAQ-100 Equal Weighted Index ETF,G,Y,N,NASDAQ
QQQG,Pacer Nasdaq 100 Top 50 Cash Cows Growth Leaders ETF,G,Y,N,NASDAQ
QQQH,NEOS Nasdaq-100 Hedged Equity Income ETF,G,Y,N,NASDAQ
QQQI,NEOS Nasdaq 100 High Income ETF,G,Y,N,NASDAQ
QQQJ,Invesco NASDAQ Next Gen 100 ETF,G,Y,N,NASDAQ
QQQM,Invesco NASDAQ 100 ETF,G,Y,N,NASDAQ
QQQP,Tradr 2X Long Innovation 100 Quarterly ETF,G,Y,N,NASDAQ
QQQS,Invesco NASDAQ Future Gen 200 ETF,G,Y,N,NASDAQ
QQQT,Defiance Nasdaq 100 Income Target ETF,G,Y,N,NASDAQ
QQQX,Nuveen NASDAQ 100 Dynamic Overwrite Fund - Closed End Fund,Q,N,N,NASDAQ
QQQY,Defiance Nasdaq 100 Weekly Distribution ETF,G,Y,N,NASDAQ
QQUP,ProShares Ultra QQQ Mega,G,Y,N,NASDAQ
QQWZ,Pacer Cash COWZ 100-Nasdaq 100 Rotator ETF,G,Y,N,NASDAQ
QQXL,ProShares Ultra QQQ Top 30,G,Y,N,NASDAQ
QQXT,First Trust NASDAQ-100 Ex-Technology Sector Index Fund,G,Y,N,NASDAQ
QRHC,Quest Resource Holding Corporation - Common Stock,S,N,N,NASDAQ
QRMI,Global X NASDAQ 100 Risk Managed Income ETF,G,Y,N,NASDAQ
QRVO,"Qorvo, Inc. - Common Stock",Q,N,N,NASDAQ
QS,QuantumScape Corporation - Common Stock,Q,N,N,NASDAQ
QSEA,Quartzsea Acquisition Corporation - Ordinary Shares,G,N,N,NASDAQ
QSEAR,Quartzsea Acquisition Corporation - Rights,G,N,N,NASDAQ
QSEAU,Quartzsea Acquisition Corporation - Units,G,N,N,NASDAQ
QSI,Quantum-Si Incorporated - Class A Common Stock,G,N,N,NASDAQ
QSIX,Pacer Metaurus Nasdaq 100 Dividend Multiplier 600 ETF,G,Y,N,NASDAQ
QSML,WisdomTree U.S. SmallCap Quality Growth Fund,G,Y,N,NASDAQ
QTEC,First Trust NASDAQ-100-Technology Sector Index Fund,G,Y,N,NASDAQ
QTEX,QTREX Quantum Ltd. - Ordinary Shares,S,N,N,NASDAQ
QTEXW,QTREX Quantum Ltd. - Warrant,S,N,N,NASDAQ
QTI,"QT Imaging Holdings, Inc. - Common Stock",S,N,N,NASDAQ
QTOP,iShares Nasdaq Top 30 Stocks ETF,G,Y,N,NASDAQ
QTR,Global X NASDAQ 100 Tail Risk ETF,G,Y,N,NASDAQ
QTRX,Quanterix Corporation - Common Stock,G,N,N,NASDAQ
QTTB,Q32 Bio Inc. - Common Stock,S,N,N,NASDAQ
QTUM,Defiance Quantum ETF,G,Y,N,NASDAQ
QUBT,Quantum Computing Inc. - Common Stock,S,N,N,NASDAQ
QUCY,Quantum Cyber N.V. - Ordinary Shares,S,N,N,NASDAQ
QUIK,QuickLogic Corporation - Common Stock,S,N,N,NASDAQ
QUMS,Quantumsphere Acquisition Corp. - Ordinary Shares,G,N,N,NASDAQ
QUMSR,Quantumsphere Acquisition Corp. - Rights,G,N,N,NASDAQ
QUMSU,Quantumsphere Acquisition Corp. - Units,G,N,N,NASDAQ
QURE,uniQure N.V. - Ordinary Shares,Q,N,N,NASDAQ
QVAL,Alpha Architect U.S. Quantitative Value ETF,G,Y,N,NASDAQ
QVOL,Infrastructure Capital Nasdaq Option Income ETF,G,Y,N,NASDAQ
QXL,Quantum X Labs Inc. - Common Stock,S,N,N,NASDAQ
QXQ,SGI Enhanced Nasdaq-100 ETF,G,Y,N,NASDAQ
QYLD,Global X NASDAQ 100 Covered Call ETF,G,Y,N,NASDAQ
QYLG,Global X Nasdaq 100 Covered Call & Growth ETF,G,Y,N,NASDAQ
RAA,SMI 3Fourteen REAL Asset Allocation ETF,G,Y,N,NASDAQ
RAAQ,Real Asset Acquisition Corp. - Class A Ordinary Share,G,N,N,NASDAQ
RAAQU,Real Asset Acquisition Corp. - Unit,G,N,N,NASDAQ
RAAQW,Real Asset Acquisition Corp. - Warrants,G,N,N,NASDAQ
RACC,Research Alliance Corporation III - Class A Ordinary Shares,S,N,N,NASDAQ
RADX,Radiopharm Theranostics Limited - American Depositary Shares,S,N,N,NASDAQ
RAIL,"Freightcar America, Inc. - Common Stock",Q,N,N,NASDAQ
RAIN,"Rain Enhancement Technologies Holdco, Inc. - Class A Common Stock",S,N,N,NASDAQ
RAINW,"Rain Enhancement Technologies Holdco, Inc. - Warrants",S,N,N,NASDAQ
RAND,Rand Capital Corporation - Closed End Fund,S,N,N,NASDAQ
RANG,Range Capital Acquisition Corp. - Ordinary Shares,G,N,N,NASDAQ
RANGR,Range Capital Acquisition Corp. - Rights,G,N,N,NASDAQ
RANGU,Range Capital Acquisition Corp. - Units,G,N,N,NASDAQ
RANI,"Rani Therapeutics Holdings, Inc. - Class A Common Stock",G,N,N,NASDAQ
RAPP,"Rapport Therapeutics, Inc. - Common Stock",G,N,N,NASDAQ
RARE,Ultragenyx Pharmaceutical Inc. - Common Stock,Q,N,N,NASDAQ
RAUS,RACWI US ETF,G,Y,N,NASDAQ
RAVE,"Rave Restaurant Group, Inc. - Common Stock",S,N,N,NASDAQ
RAY,Raytech Holding Limited - Ordinary Shares,S,N,N,NASDAQ
RAYA,Erayak Power Solution Group Inc. - Class A Ordinary Shares,S,N,N,NASDAQ
RBB,RBB Bancorp - Common Stock,Q,N,N,NASDAQ
RBBN,Ribbon Communications Inc.  - Common Stock,Q,N,N,NASDAQ
RBCAA,"Republic Bancorp, Inc. - Class A Common Stock",Q,N,N,NASDAQ
RBIL,F/m Ultrashort Treasury Inflation-Protected Security (TIPS) ETF,G,Y,N,NASDAQ
RBKB,"Rhinebeck Bancorp, Inc. - Common Stock",S,N,N,NASDAQ
RBNE,Robin Energy Ltd. - Common Stock,S,N,N,NASDAQ
RCAT,"Red Cat Holdings, Inc. - Common Stock",S,N,N,NASDAQ
RCAX,Defiance Daily Target 2x Long RCAT ETF,G,Y,N,NASDAQ
RCEL,"Avita Medical, Inc. - Common Stock",S,N,N,NASDAQ
RCGE,RockCreek Global Equality ETF,G,Y,N,NASDAQ
RCKT,"Rocket Pharmaceuticals, Inc. - Common Stock",G,N,N,NASDAQ
RCKTW,"Rocket Pharmaceuticals, Inc. - Warrant",S,N,N,NASDAQ
RCKY,"Rocky Brands, Inc. - Common Stock",Q,N,N,NASDAQ
RCMT,"RCM Technologies, Inc. - Common Stock",G,N,N,NASDAQ
RCON,"Recon Technology, Ltd. - Class A Ordinary Shares",S,N,N,NASDAQ
RCT,RedCloud Holdings plc - Ordinary Shares,S,N,N,NASDAQ
RDAC,Rising Dragon Acquisition Corp. - Ordinary Shares,S,N,N,NASDAQ
RDACR,Rising Dragon Acquisition Corp. - Rights,S,N,N,NASDAQ
RDACU,Rising Dragon Acquisition Corp. - Unit,S,N,N,NASDAQ
RDAG,Republic Digital Acquisition Company - Class A Ordinary Shares,G,N,N,NASDAQ
RDAGU,Republic Digital Acquisition Company - Unit,G,N,N,NASDAQ
RDAGW,Republic Digital Acquisition Company - Warrants,G,N,N,NASDAQ
RDCM,Radcom Ltd. - Ordinary Shares,S,N,N,NASDAQ
RDGT,"Ridgetech, Inc. - Ordinary Shares",S,N,N,NASDAQ
RDHL,Redhill Biopharma Ltd. - American Depositary Shares,S,N,N,NASDAQ
RDI,Reading International Inc - Class A Non-voting Common Stock,S,N,N,NASDAQ
RDIB,Reading International Inc - Class B Voting Common Stock,S,N,N,NASDAQ
RDNT,"RadNet, Inc. - Common Stock",G,N,N,NASDAQ
RDNW,"RideNow Group, Inc. - Class B Common Stock",S,N,N,NASDAQ
RDTL,GraniteShares 2x Long RDDT Daily ETF,G,Y,N,NASDAQ
RDTY,YieldMax R2000 0DTE Covered Strategy ETF,G,Y,N,NASDAQ
RDVT,"Red Violet, Inc. - Common Stock ",S,N,N,NASDAQ
RDVY,First Trust Rising Dividend Achievers ETF,G,Y,N,NASDAQ
RDWR,Radware Ltd. - Ordinary Shares,Q,N,N,NASDAQ
RDZN,"Roadzen, Inc. - Ordinary Shares",G,N,N,NASDAQ
RDZNW,"Roadzen, Inc. - Warrants",S,N,N,NASDAQ
REAI,Intelligent Real Estate ETF,G,Y,N,NASDAQ
REAL,"The RealReal, Inc. - Common Stock",Q,N,N,NASDAQ
REAX,"The Real Brokerage, Inc. - Common Shares",S,N,N,NASDAQ
REBN,"Reborn Coffee, Inc. - Common Stock",S,N,N,NASDAQ
RECT,Rectitude Holdings Ltd - Ordinary Shares,S,N,N,NASDAQ
REE,REE Automotive Ltd. - Class A Ordinary Shares,S,N,N,NASDAQ
REFI,"Chicago Atlantic Real Estate Finance, Inc. - Common Stock",G,N,N,NASDAQ
REFR,Research Frontiers Incorporated - Common Stock,S,N,N,NASDAQ
REG,Regency Centers Corporation - Common Stock,Q,N,N,NASDAQ
REGCO,Regency Centers Corporation - 5.875% Series B Cumulative Redeemable Preferred Stock,Q,N,N,NASDAQ
REGCP,Regency Centers Corporation - 6.25% Series A Cumulative Redeemable Preferred Stock,Q,N,N,NASDAQ
REGN,"Regeneron Pharmaceuticals, Inc. - Common Stock",Q,N,N,NASDAQ
REIT,ALPS Active REIT ETF,G,Y,N,NASDAQ
REKR,"Rekor Systems, Inc. - Common Stock",S,N,N,NASDAQ
RELL,"Richardson Electronics, Ltd. - Common Stock",Q,N,N,NASDAQ
RELY,"Remitly Global, Inc. - Common stock",Q,N,N,NASDAQ
REMG,Russell Investments Emerging Markets Equity ETF,G,Y,N,NASDAQ
RENT,"Rent the Runway, Inc. - Class A Common Stock",G,N,N,NASDAQ
RENX,RenX Enterprises Corp. - Common Stock,S,N,N,NASDAQ
REPL,"Replimune Group, Inc. - Common Stock",Q,N,N,NASDAQ
RETO,"ReTo Eco-Solutions, Inc. - Class A Shares",S,N,N,NASDAQ
REVB,"Revelation Biosciences, Inc. - Common Stock",S,N,N,NASDAQ
REVBW,"Revelation Biosciences, Inc. - Warrant",S,N,N,NASDAQ
REXC,Sprott Rare Earths Ex-China ETF,G,Y,N,NASDAQ
REYN,Reynolds Consumer Products Inc. - Common Stock,Q,N,N,NASDAQ
RFAI,RF Acquisition Corp II - Ordinary Shares,G,N,N,NASDAQ
RFAIR,RF Acquisition Corp II - Right,G,N,N,NASDAQ
RFAIU,RF Acquisition Corp II - Unit,G,N,N,NASDAQ
RFAM,RF Acquisition Corp III - Ordinary Shares,G,N,N,NASDAQ
RFAMR,RF Acquisition Corp III - Rights,G,N,N,NASDAQ
RFAMU,RF Acquisition Corp III - Units,G,N,N,NASDAQ
RFDI,First Trust RiverFront Dynamic Developed International ETF,G,Y,N,NASDAQ
RFEM,First Trust RiverFront Dynamic Emerging Markets ETF,G,Y,N,NASDAQ
RFIL,"RF Industries, Ltd. - Common Stock",G,N,N,NASDAQ
RGC,Regencell Bioscience Holdings Limited - Ordinary Shares,S,N,N,NASDAQ
RGCO,RGC Resources Inc. - Common Stock,G,N,N,NASDAQ
RGEN,Repligen Corporation - Common Stock,Q,N,N,NASDAQ
RGLD,"Royal Gold, Inc. - Common Stock",Q,N,N,NASDAQ
RGLO,Russell Investments Global Equity ETF,G,Y,N,NASDAQ
RGNX,REGENXBIO Inc. - Common Stock,Q,N,N,NASDAQ
RGP,"Resources Connection, Inc. - Common Stock",Q,N,N,NASDAQ
RGS,Regis Corporation - Common Stock,G,N,N,NASDAQ
RGTI,"Rigetti Computing, Inc.  - Common stock",S,N,N,NASDAQ
RGTIW,"Rigetti Computing, Inc.  - Redeemable warrants, each whole warrant exercisable for one Class A ordinary share at an exercise price of $11.50",S,N,N,NASDAQ
RGTX,Defiance Daily Target 2X Long RGTI ETF,G,Y,N,NASDAQ
RGTZ,Defiance Daily Target 2x Short RGTI ETF,G,Y,N,NASDAQ
RGYY,GraniteShares YieldBoost RGTI ETF,G,Y,N,NASDAQ
RIBB,Ribbon Acquisition Corp - Class A Ordinary Shares,S,N,N,NASDAQ
RIBBR,Ribbon Acquisition Corp - Rights,S,N,N,NASDAQ
RIBBU,Ribbon Acquisition Corp - Unit,S,N,N,NASDAQ
RICK,"RCI Hospitality Holdings, Inc. - Common Stock",G,N,N,NASDAQ
RIFR,Russell Investments Global Infrastructure ETF,G,Y,N,NASDAQ
RIGL,"Rigel Pharmaceuticals, Inc. - Common Stock",Q,N,N,NASDAQ
RILY,"BRC Group Holdings, Inc. - Common Stock",G,N,N,NASDAQ
RILYG,"BRC Group Holdings, Inc. - 5.00% Senior Notes due 2026",G,N,N,NASDAQ
RILYL,"BRC Group Holdings, Inc. - Depositary Shares, each representing a 1/1000th fractional interest in a share of Series B Cumulative Perpetual Preferred Stock",G,N,N,NASDAQ
RILYN,"BRC Group Holdings, Inc. - 6.50% Senior Notes Due 2026",G,N,N,NASDAQ
RILYP,"BRC Group Holdings, Inc. - Depositary Shares, each representing a 1/1000th fractional interest in a share of Series A Cumulative Perpetual Preferred Stock",G,N,N,NASDAQ
RILYT,"BRC Group Holdings, Inc. - 6.00% Senior Notes Due 2028",G,N,N,NASDAQ
RILYZ,"BRC Group Holdings, Inc. - 5.25% Senior Notes due 2028",G,N,N,NASDAQ
RIME,"Algorhythm Holdings, Inc. - Common Stock",S,N,N,NASDAQ
RING,iShares MSCI Global Gold Miners ETF,G,Y,N,NASDAQ
RINT,Russell Investments International Developed Equity ETF,G,Y,N,NASDAQ
RIOT,"Riot Platforms, Inc. - Common Stock",S,N,N,NASDAQ
RITR,Reitar Logtech Holdings Limited - Ordinary shares,S,N,N,NASDAQ
RIVN,"Rivian Automotive, Inc. - Class A Common Stock",Q,N,N,NASDAQ
RJET,Republic Airways Holdings Inc. - Common Stock,Q,N,N,NASDAQ
RKDA,"Arcadia Biosciences, Inc. - Common Stock",S,N,N,NASDAQ
RKLB,Rocket Lab Corporation - Common Stock,Q,N,N,NASDAQ
RKLX,Defiance Daily Target 2X Long RKLB ETF,G,Y,N,NASDAQ
RKLZ,Defiance Daily Target 2x Short RKLB ETF,G,Y,N,NASDAQ
RKNG,Defiance Retail Kings ETF,G,Y,N,NASDAQ
RKTO,Rocket One Inc. - Common Stock,S,N,N,NASDAQ
RLAY,"Relay Therapeutics, Inc. - Common Stock",G,N,N,NASDAQ
RLMD,"Relmada Therapeutics, Inc. - Common Stock",S,N,N,NASDAQ
RLYB,Rallybio Corporation - Common Stock,S,N,N,NASDAQ
RMBI,"Richmond Mutual Bancorporation, Inc. - Common Stock",S,N,N,NASDAQ
RMBS,"Rambus, Inc. - Common Stock",Q,N,N,NASDAQ
RMCF,"Rocky Mountain Chocolate Factory, Inc. - Common Stock",S,N,N,NASDAQ
RMCO,Royalty Management Holding Corporation - Class A Common Stock,S,N,N,NASDAQ
RMCOW,Royalty Management Holding Corporation - Warrant,S,N,N,NASDAQ
RMIX,"Suncrete, Inc. - Class A Common Stock",G,N,N,NASDAQ
RMNI,"Rimini Street, Inc. - Common Stock",G,N,N,NASDAQ
RMR,The RMR Group Inc. - Class A Common Stock,S,N,N,NASDAQ
RMSG,Real Messenger Corporation - Ordinary Shares,S,N,N,NASDAQ
RMSGW,Real Messenger Corporation - Warrants,S,N,N,NASDAQ
RMTI,"Rockwell Medical, Inc. - Common Stock",S,N,N,NASDAQ
RNA,"Atrium Therapeutics, Inc. - Common Stock",Q,N,N,NASDAQ
RNAC,"Cartesian Therapeutics, Inc. - Common Stock",G,N,N,NASDAQ
RNAZ,"TransCode Therapeutics, Inc. - Common Stock",S,N,N,NASDAQ
RNEM,Emerging Markets Equity Select ETF,G,Y,N,NASDAQ
RNGT,Range Capital Acquisition Corp II - Class A Ordinary Shares,G,N,N,NASDAQ
RNGTU,Range Capital Acquisition Corp II - Units,G,N,N,NASDAQ
RNGTW,Range Capital Acquisition Corp II - Warrants,G,N,N,NASDAQ
RNIN,Bushido Capital US SMID Cap Equity ETF,G,Y,N,NASDAQ
RNRG,Global X Renewable Energy Producers ETF,G,Y,N,NASDAQ
RNTX,"Rein Therapeutics, Inc. - Common Stock",S,N,N,NASDAQ
RNW,ReNew Energy Global plc - Class A Shares,Q,N,N,NASDAQ
RNWWW,ReNew Energy Global plc - Warrant,Q,N,N,NASDAQ
RNXT,"RenovoRx, Inc. - Common Stock",S,N,N,NASDAQ
ROAD,"Construction Partners, Inc. - Common Stock",Q,N,N,NASDAQ
ROBT,First Trust Nasdaq Artificial Intelligence and Robotics ETF,G,Y,N,NASDAQ
ROC,Rank One Computing Corporation - Common stock,S,N,N,NASDAQ
ROCK,"Gibraltar Industries, Inc. - Common Stock",Q,N,N,NASDAQ
ROCQ,JPMorgan Nasdaq Equity Premium Yield ETF,G,Y,N,NASDAQ
ROCY,JPMorgan Equity Premium Yield ETF,G,Y,N,NASDAQ
ROE,Astoria US Equal Weight Quality Kings ETF,G,Y,N,NASDAQ
ROIV,Roivant Sciences Ltd. - Common Shares,Q,N,N,NASDAQ
ROKU,"Roku, Inc. - Class A Common Stock",Q,N,N,NASDAQ
ROMA,Roma Green Finance Limited - Class A Ordinary Shares,S,N,N,NASDAQ
ROOT,"Root, Inc. - Common Stock",Q,N,N,NASDAQ
ROP,"Roper Technologies, Inc. - Common Stock",Q,N,N,NASDAQ
ROST,"Ross Stores, Inc. - Common Stock",Q,N,N,NASDAQ
RPAY,Repay Holdings Corporation - Class A Common Stock,S,N,N,NASDAQ
RPD,"Rapid7, Inc. - Common Stock",G,N,N,NASDAQ
RPGL,Republic Power Group Limited - Class A Ordinary Shares,S,N,N,NASDAQ
RPID,"Rapid Micro Biosystems, Inc. - Class A Common Stock",S,N,N,NASDAQ
RPRX,Royalty Pharma plc - Class A Ordinary Shares,Q,N,N,NASDAQ
RR,Richtech Robotics Inc. - Class B Common Stock,S,N,N,NASDAQ
RRBI,"Red River Bancshares, Inc. - Common Stock",Q,N,N,NASDAQ
RREV,RRE Ventures Acquisition Corp. - Class A Ordinary Shares,G,N,N,NASDAQ
RREVU,RRE Ventures Acquisition Corp. - Units,G,N,N,NASDAQ
RREVW,RRE Ventures Acquisition Corp. - Warrants,G,N,N,NASDAQ
RRGB,"Red Robin Gourmet Burgers, Inc. - Common Stock",Q,N,N,NASDAQ
RRR,"Red Rock Resorts, Inc. - Class A Common Stock",Q,N,N,NASDAQ
RSSS,"Research Solutions, Inc - Common Stock",S,N,N,NASDAQ
RSVR,"Reservoir Media, Inc.. - Common Stock",G,N,N,NASDAQ
RSVRW,"Reservoir Media, Inc.. - Warrant",G,N,N,NASDAQ
RTAC,Renatus Tactical Acquisition Corp I - Class A Ordinary Shares,G,N,N,NASDAQ
RTACU,Renatus Tactical Acquisition Corp I - Unit,G,N,N,NASDAQ
RTACW,Renatus Tactical Acquisition Corp I - Warrant,G,N,N,NASDAQ
RTB,"RTB Digital, Inc. - Common Stock",S,N,N,NASDAQ
RTH,VanEck Retail ETF,G,Y,N,NASDAQ
RTXG,Leverage Shares 2X Long RTX Daily ETF,G,Y,N,NASDAQ
RTYY,GraniteShares YieldBoost RIOT ETF,G,Y,N,NASDAQ
RUBI,Rubico Inc. - Common Stock,S,N,N,NASDAQ
RUM,RUM Group Inc. - Class A Common Stock,G,N,N,NASDAQ
RUMBW,RUM Group Inc. - Warrant,G,N,N,NASDAQ
RUN,Sunrun Inc. - Common Stock,Q,N,N,NASDAQ
RUNN,Running Oak Efficient Growth ETF,G,Y,N,NASDAQ
RUSC,Russell Investments U.S. Small Cap Equity ETF,G,Y,N,NASDAQ
RUSHA,"Rush Enterprises, Inc. - Class A Common Stock",Q,N,N,NASDAQ
RUSHB,"Rush Enterprises, Inc. - Class B Common Stock",Q,N,N,NASDAQ
RVMD,"Revolution Medicines, Inc. - Common Stock",Q,N,N,NASDAQ
RVMDW,"Revolution Medicines, Inc. - Warrant",Q,N,N,NASDAQ
RVNL,GraniteShares 2x Long RIVN Daily ETF,G,Y,N,NASDAQ
RVSB,Riverview Bancorp Inc - Common Stock,Q,N,N,NASDAQ
RVSN,Rail Vision Ltd. - Ordinary Shares,S,N,N,NASDAQ
RVSNW,Rail Vision Ltd. - Warrant,S,N,N,NASDAQ
RWAY,Runway Growth Finance Corp. - Common Stock,Q,N,N,NASDAQ
RWAYI,Runway Growth Finance Corp. - 7.25% Notes due 2031,Q,N,N,NASDAQ
RWAYL,Runway Growth Finance Corp. - 7.50% Notes due 2027,Q,N,N,NASDAQ
RWIN,Rayliant NxtGen Multifactor International Equity ETF,G,Y,N,NASDAQ
RXRX,"Recursion Pharmaceuticals, Inc. - Class A Common Stock",Q,N,N,NASDAQ
RXST,"RxSight, Inc. - Common Stock",G,N,N,NASDAQ
RXT,"Rackspace Technology, Inc. - Common Stock",Q,N,N,NASDAQ
RYAAY,"Ryanair Holdings plc - American Depositary Shares, each representing five Ordinary Shares",Q,N,N,NASDAQ
RYET,Ruanyun Edai Technology Inc. - Ordinary shares,S,N,N,NASDAQ
RYM,"RYTHM, Inc. - Common Stock",S,N,N,NASDAQ
RYOJ,"rYojbaba Co., Ltd. - Common Shares",S,N,N,NASDAQ
RYTM,"Rhythm Pharmaceuticals, Inc. - Common Stock",G,N,N,NASDAQ
RZLT,"Rezolute, Inc. - Common Stock (NV)",S,N,N,NASDAQ
RZLV,Rezolve AI PLC - Ordinary Shares,G,N,N,NASDAQ
RZLVW,Rezolve AI PLC - Warrants,S,N,N,NASDAQ
SAAQ,Space Asset Acquisition Corp. - Class A Ordinary Shares,G,N,N,NASDAQ
SAAQU,Space Asset Acquisition Corp. - Units,G,N,N,NASDAQ
SAAQW,Space Asset Acquisition Corp. - Warrants,G,N,N,NASDAQ
SABR,Sabre Corporation - Common Stock,Q,N,N,NASDAQ
SABS,"SAB Biotherapeutics, Inc. - Common Stock",S,N,N,NASDAQ
SABSW,"SAB Biotherapeutics, Inc. - Warrant",S,N,N,NASDAQ
SAFT,"Safety Insurance Group, Inc. - Common Stock",Q,N,N,NASDAQ
SAFX,"XCF Global, Inc. - Class A Common Stock",S,N,N,NASDAQ
SAGT,SAGTEC GLOBAL LIMITED - Class A Ordinary shares,S,N,N,NASDAQ
SAIA,"Saia, Inc. - Common Stock",Q,N,N,NASDAQ
SAIC,Science Applications International Corporation - Common Stock,Q,N,N,NASDAQ
SAIH,SAIHEAT Limited - Class A Ordinary Shares,S,N,N,NASDAQ
SAIHW,SAIHEAT Limited - Warrant,S,N,N,NASDAQ
SAIL,"SailPoint, Inc. - Common Stock",Q,N,N,NASDAQ
SAMG,Silvercrest Asset Management Group Inc. - Common Stock,G,N,N,NASDAQ
SANA,"Sana Biotechnology, Inc. - Common Stock",Q,N,N,NASDAQ
SANG,Sangoma Technologies Corporation - Common Shares,Q,N,N,NASDAQ
SANM,Sanmina Corporation - Common Stock,Q,N,N,NASDAQ
SARK,Tradr 1X Short Innovation Daily ETF,G,Y,N,NASDAQ
SATA,"Strive, Inc. - Variable Rate Series A Perpetual Preferred Stock",G,N,N,NASDAQ
SATG,Leverage Shares 2X Long SATS Daily ETF,G,Y,N,NASDAQ
SATL,Satellogic Inc. - Class A Common Stock,S,N,N,NASDAQ
SATLW,Satellogic Inc. - Warrant,S,N,N,NASDAQ
SBAC,SBA Communications Corporation - Class A Common Stock,Q,N,N,NASDAQ
SBC,SBC Medical Group Holdings Incorporated - Common Stock,G,N,N,NASDAQ
SBCF,Seacoast Banking Corporation of Florida - Common Stock,Q,N,N,NASDAQ
SBCWW,SBC Medical Group Holdings Incorporated - Warrants,S,N,N,NASDAQ
SBET,"Sharplink, Inc. - Common Stock",S,N,N,NASDAQ
SBFG,"SB Financial Group, Inc. - Common Stock",S,N,N,NASDAQ
SBFM,Sunshine Biopharma Inc. - Common stock,S,N,N,NASDAQ
SBFMW,Sunshine Biopharma Inc. - Warrant,S,N,N,NASDAQ
SBGI,"Sinclair, Inc. - Class A Common Stock",Q,N,N,NASDAQ
SBLK,Star Bulk Carriers Corp. - Common Shares,Q,N,N,NASDAQ
SBRA,"Sabra Health Care REIT, Inc. - Common Stock",Q,N,N,NASDAQ
SBU,Leverage Shares 2X Long SBUX Daily ETF,G,Y,N,NASDAQ
SBUX,Starbucks Corporation - Common Stock,Q,N,N,NASDAQ
SCA,GraniteShares Autocallable SMCI ETF,G,Y,N,NASDAQ
SCAG,Scage Future - American Depositary Shares,G,N,N,NASDAQ
SCAGW,Scage Future - Warrants,S,N,N,NASDAQ
SCDS,JPMorgan Fundamental Data Science Small Core ETF,G,Y,N,NASDAQ
SCHL,Scholastic Corporation - Common Stock,Q,N,N,NASDAQ
SCII,SC II Acquisition Corp. - Class A ordinary share,G,N,N,NASDAQ
SCIIR,SC II Acquisition Corp. - Rights,G,N,N,NASDAQ
SCIIU,SC II Acquisition Corp. - Units,G,N,N,NASDAQ
SCKT,"Socket Mobile, Inc. - Common Stock",S,N,N,NASDAQ
SCLX,Scilex Holding Company - Common Stock,S,N,N,NASDAQ
SCLXW,Scilex Holding Company - Warrant,S,N,N,NASDAQ
SCNI,Scinai Immunotherapeutics Ltd. - American Depositary Shares,S,N,N,NASDAQ
SCNX,"Scienture Holdings, Inc. - Common Stock",S,N,N,NASDAQ
SCOR,"comScore, Inc. - Common Stock",Q,N,N,NASDAQ
SCPQ,Social Commerce Partners Corporation - Class A Ordinary Shares,G,N,N,NASDAQ
SCPQU,Social Commerce Partners Corporation - Unit,G,N,N,NASDAQ
SCPQW,Social Commerce Partners Corporation - Warrant,G,N,N,NASDAQ
SCSC,"ScanSource, Inc. - Common Stock",Q,N,N,NASDAQ
SCWO,374Water Inc. - common stock,S,N,N,NASDAQ
SCYX,"SCYNEXIS, Inc. - Common Stock",S,N,N,NASDAQ
SCZ,iShares MSCI EAFE Small-Cap ETF,G,Y,N,NASDAQ
SCZM,Santacruz Silver Mining Ltd. - Common Shares,S,N,N,NASDAQ
SDA,SunCar Technology Group Inc. - Ordinary Shares,S,N,N,NASDAQ
SDAWW,SunCar Technology Group Inc. - Warrant,S,N,N,NASDAQ
SDG,iShares MSCI Global Sustainable Development Goals ETF,G,Y,N,NASDAQ
SDGR,"Schrodinger, Inc. - Common Stock",Q,N,N,NASDAQ
SDHI,Siddhi Acquisition Corp - Class A Common stock,G,N,N,NASDAQ
SDHIR,Siddhi Acquisition Corp - Right,G,N,N,NASDAQ
SDHIU,Siddhi Acquisition Corp - Unit,G,N,N,NASDAQ
SDOT,Sadot Group Inc. - Common Stock,S,N,N,NASDAQ
SDSI,American Century Short Duration Strategic Income ETF,G,Y,N,NASDAQ
SDST,Stardust Power Inc. - Common Stock,S,N,N,NASDAQ
SDSTW,Stardust Power Inc. - Warrant,S,N,N,NASDAQ
SDTY,YieldMax S&P 500 0DTE Covered Call Strategy ETF,G,Y,N,NASDAQ
SDVY,First Trust SMID Cap Rising Dividend Achievers ETF,G,Y,N,NASDAQ
SEAT,Vivid Seats Inc. - Class A common stock,Q,N,N,NASDAQ
SEATW,Vivid Seats Inc. - Warrant,Q,N,N,NASDAQ
SEDG,"SolarEdge Technologies, Inc. - Common Stock",Q,N,N,NASDAQ
SEED,Origin Agritech Limited - Ordinary Shares,S,N,N,NASDAQ
SEEM,SEI Select Emerging Markets Equity ETF,G,Y,N,NASDAQ
SEER,"Seer, Inc. - Class A Common Stock",Q,N,N,NASDAQ
SEGG,Sports Entertainment Gaming Global Corporation  - Common Stock,G,N,N,NASDAQ
SEIC,SEI Investments Company - Common Stock,Q,N,N,NASDAQ
SEIE,SEI Select International Equity ETF,G,Y,N,NASDAQ
SEIS,SEI Select Small Cap ETF,G,Y,N,NASDAQ
SELF,"Global Self Storage, Inc. - Common Stock",S,N,N,NASDAQ
SEMY,GraniteShares YieldBOOST Semiconductor ETF,G,Y,N,NASDAQ
SENEA,Seneca Foods Corp. - Class A Common Stock,Q,N,N,NASDAQ
SENEB,Seneca Foods Corp. - Class B Common Stock,Q,N,N,NASDAQ
SENS,"Senseonics Holdings, Inc. - Common Stock",Q,N,N,NASDAQ
SEPN,"Septerna, Inc. - Common Stock",G,N,N,NASDAQ
SERA,"Sera Prognostics, Inc. - Class A Common Stock",G,N,N,NASDAQ
SERV,Serve Robotics Inc. - Common Stock,S,N,N,NASDAQ
SETM,Sprott Critical Materials ETF,G,Y,N,NASDAQ
SEV,Aptera Motors Corp. - Class B Common Stock,S,N,N,NASDAQ
SEVN,Seven Hills Realty Trust  - Common Stock,S,N,N,NASDAQ
SEZL,Sezzle Inc. - Common Stock,S,N,N,NASDAQ
SFBC,"Sound Financial Bancorp, Inc. - Common Stock",S,N,N,NASDAQ
SFD,"Smithfield Foods, Inc. - Common Stock",Q,N,N,NASDAQ
SFHG,Samfine Creation Holdings Group Limited - Class A Ordinary Share,S,N,N,NASDAQ
SFIX,"Stitch Fix, Inc. - Class A Common Stock",Q,N,N,NASDAQ
SFLO,VictoryShares Small Cap Free Cash Flow ETF,G,Y,N,NASDAQ
SFM,"Sprouts Farmers Market, Inc. - Common Stock",Q,N,N,NASDAQ
SFNC,Simmons First National Corporation - Common Stock,Q,N,N,NASDAQ
SFST,"Southern First Bancshares, Inc. - Common Stock",G,N,N,NASDAQ
SFWL,Shengfeng Development Limited - Class A Ordinary Shares,S,N,N,NASDAQ
SGA,"Saga Communications, Inc. - Class A Common Stock",G,N,N,NASDAQ
SGC,"Superior Group of Companies, Inc. - Common Stock",G,N,N,NASDAQ
SGHT,"Sight Sciences, Inc. - Common Stock",Q,N,N,NASDAQ
SGLY,Singularity Future Technology Ltd. - Common Stock,S,N,N,NASDAQ
SGML,Sigma Lithium Corporation - common shares,S,N,N,NASDAQ
SGMT,Sagimet Biosciences Inc. - Series A Common Stock,G,N,N,NASDAQ
SGP,"SpyGlass Pharma, Inc. - Common Stock",Q,N,N,NASDAQ
SGRP,"SPAR Group, Inc. - Common Stock",S,N,N,NASDAQ
SGRY,"Surgery Partners, Inc. - Common Stock",Q,N,N,NASDAQ
SGVA,F/m Accumulator Ultrashort Treasury Fund,G,Y,N,NASDAQ
SHAZ,"SharonAI Holdings, Inc. - Class A Common Stock",S,N,N,NASDAQ
SHBI,"Shore Bancshares, Inc. - Common Stock",Q,N,N,NASDAQ
SHC,Sotera Health Company - Common Stock,Q,N,N,NASDAQ
SHEN,Shenandoah Telecommunications Co - Common Stock,Q,N,N,NASDAQ
SHFS,"SHF Holdings, Inc. - Class A Common Stock",S,N,N,NASDAQ
SHFSW,"SHF Holdings, Inc. - Warrants",S,N,N,NASDAQ
SHIM,Shimmick Corporation - Common Stock,S,N,N,NASDAQ
SHIP,Seanergy Maritime Holdings Corp. - Common Stock,S,N,N,NASDAQ
SHLS,"Shoals Technologies Group, Inc. - Class A Common Stock",G,N,N,NASDAQ
SHMD,SCHMID Group N.V. - Class A Ordinary Shares,G,N,N,NASDAQ
SHMDW,SCHMID Group N.V. - Warrants,S,N,N,NASDAQ
SHOE,"Shoe Station Group, Inc. - Common Stock",Q,N,N,NASDAQ
SHOO,"Steven Madden, Ltd. - Common Stock",Q,N,N,NASDAQ
SHOP,Shopify Inc. - Class A Subordinate Voting Shares,Q,N,N,NASDAQ
SHOTU,RMG ML Sports Holdings - Unit,G,N,N,NASDAQ
SHPH,"Shuttle Pharmaceuticals Holdings, Inc. - common stock",S,N,N,NASDAQ
SHPU,Direxion Daily SHOP Bull 2X ETF,G,Y,N,NASDAQ
SHRY,First Trust Bloomberg Shareholder Yield ETF,G,Y,N,NASDAQ
SHY,iShares 1-3 Year Treasury Bond ETF,G,Y,N,NASDAQ
SIBN,"SI-BONE, Inc. - Common Stock",G,N,N,NASDAQ
SIDU,"Sidus Space, Inc. - Class A Common Stock",S,N,N,NASDAQ
SIEB,Siebert Financial Corp. - Common Stock,S,N,N,NASDAQ
SIFY,Sify Technologies Limited - American Depository Shares,S,N,N,NASDAQ
SIGA,SIGA Technologies Inc. - Common Stock,G,N,N,NASDAQ
SIGI,"Selective Insurance Group, Inc. - Common Stock",Q,N,N,NASDAQ
SIGIP,"Selective Insurance Group, Inc. - Depositary Shares, each representing a 1/1,000th interest in a share of 4.60% Non-Cumulative Preferred Stock, Series B",Q,N,N,NASDAQ
SILC,Silicom Ltd - Ordinary Shares,Q,N,N,NASDAQ
SILO,"Silo Pharma, Inc. - Common Stock",S,N,N,NASDAQ
SIMA,SIM Acquisition Corp. I - Class A Ordinary Shares,G,N,N,NASDAQ
SIMAU,SIM Acquisition Corp. I - Unit,G,N,N,NASDAQ
SIMAW,SIM Acquisition Corp. I - Warrant,G,N,N,NASDAQ
SIMO,"Silicon Motion Technology Corporation - American Depositary Shares, each representing four ordinary shares",Q,N,N,NASDAQ
SINT,"SiNtx Technologies, Inc. - Common Stock",S,N,N,NASDAQ
SION,"Sionna Therapeutics, Inc. - Common Stock",G,N,N,NASDAQ
SIRI,SiriusXM Holdings Inc. - Common Stock,Q,N,N,NASDAQ
SITM,SiTime Corporation - Common Stock,G,N,N,NASDAQ
SJ,Scienjoy Holding Corporation - Class A Ordinary Shares,S,N,N,NASDAQ
SJCP,SanJac Alpha Core Plus Bond ETF,G,Y,N,NASDAQ
SJLD,SanJac Alpha Low Duration ETF,G,Y,N,NASDAQ
SKIN,SkinHealth Systems Inc. - Class A Common Stock,S,N,N,NASDAQ
SKK,SKK Holdings Limited - Class A Ordinary Shares,S,N,N,NASDAQ
SKOR,FlexShares Credit-Scored US Corporate Bond Index Fund,G,Y,N,NASDAQ
SKRE,Tuttle Capital Daily 2X Inverse Regional Banks ETF,G,Y,N,NASDAQ
SKWD,"Skyward Specialty Insurance Group, Inc. - Common Stock",Q,N,N,NASDAQ
SKYA,"SkyAI, Inc. - Common Stock",S,N,N,NASDAQ
SKYAW,"SkyAI, Inc. - Warrant",S,N,N,NASDAQ
SKYE,"Skye Bioscience, Inc. - Common Stock",S,N,N,NASDAQ
SKYQ,Sky Quarry Inc. - Common Stock,S,N,N,NASDAQ
SKYT,"SkyWater Technology, Inc. - Common Stock",S,N,N,NASDAQ
SKYU,ProShares Ultra Cloud Computing,G,Y,N,NASDAQ
SKYW,"SkyWest, Inc. - Common Stock",Q,N,N,NASDAQ
SKYX,SKYX Platforms Corp. - Common Stock,S,N,N,NASDAQ
SKYY,First Trust Cloud Computing ETF,G,Y,N,NASDAQ
SLAB,"Silicon Laboratories, Inc. - Common Stock",Q,N,N,NASDAQ
SLBT,SL Science Holding Limited - Ordinary Shares,G,N,N,NASDAQ
SLDB,Solid Biosciences Inc. - Common Stock,Q,N,N,NASDAQ
SLDE,"Slide Insurance Holdings, Inc. - Common Stock",Q,N,N,NASDAQ
SLDP,"Solid Power, Inc. - Class A Common Stock",Q,N,N,NASDAQ
SLDPW,"Solid Power, Inc. - Warrant",Q,N,N,NASDAQ
SLE,"Super League Enterprise, Inc. - Common Stock",S,N,N,NASDAQ
SLGB,Smart Logistics Global Limited - Ordinary Shares,S,N,N,NASDAQ
SLGL,Sol-Gel Technologies Ltd. - Ordinary Shares,S,N,N,NASDAQ
SLM,SLM Corporation - Common Stock,Q,N,N,NASDAQ
SLMBP,"SLM Corporation - Floating Rate Non-Cumulative Preferred Stock, Series B",Q,N,N,NASDAQ
SLMT,Brera Holdings PLC - Class B Ordinary Shares,S,N,N,NASDAQ
SLN,Silence Therapeutics Plc - American Depository Share,G,N,N,NASDAQ
SLNG,"Stabilis Solutions, Inc. - Common Stock",S,N,N,NASDAQ
SLNH,"Soluna Holdings, Inc. - Common Stock",S,N,N,NASDAQ
SLNHP,"Soluna Holdings, Inc. - 9.0% Series A Cumulative Perpetual Preferred Stock",S,N,N,NASDAQ
SLP,"Simulations Plus, Inc. - Common Stock",Q,N,N,NASDAQ
SLQD,iShares 0-5 Year Investment Grade Corporate Bond ETF,G,Y,N,NASDAQ
SLRC,SLR Investment Corp. - Closed End Fund,Q,N,N,NASDAQ
SLS,"SELLAS Life Sciences Group, Inc.  - Common Stock",S,N,N,NASDAQ
SLSN,"Solesence, Inc. - Common stock",S,N,N,NASDAQ
SLVO,"ETRACS Silver Shares Covered Call ETNs due April 21, 2033",G,Y,N,NASDAQ
SLVR,Sprott Silver Miners & Physical Silver ETF,G,Y,N,NASDAQ
SLXN,Silexion Therapeutics Corp - Ordinary Shares,S,N,N,NASDAQ
SLXNW,Silexion Therapeutics Corp - Warrant,S,N,N,NASDAQ
SMBC,"Southern Missouri Bancorp, Inc. - Common Stock",G,N,N,NASDAQ
SMCF,Themes US Small Cap Cash Flow Champions ETF,G,Y,N,NASDAQ
SMCI,"Super Micro Computer, Inc. - Common Stock",Q,N,N,NASDAQ
SMCIP,"Super Micro Computer, Inc. - Depositary Shares Each Representing a 1/20th Interest in a Share of 7% Series A Mandatory Convertible Preferred Stock",Q,N,N,NASDAQ
SMCL,GraniteShares 2x Long SMCI Daily ETF,G,Y,N,NASDAQ
SMCO,Hilton Small-MidCap Opportunity ETF,G,Y,N,NASDAQ
SMCX,Defiance Daily Target 2X Long SMCI ETF,G,Y,N,NASDAQ
SMCZ,Defiance Daily Target 2X Short SMCI ETF,G,Y,N,NASDAQ
SMH,VanEck Semiconductor ETF,G,Y,N,NASDAQ
SMHC,VanEck China Semiconductor ETF,G,Y,N,NASDAQ
SMHX,VanEck Fabless Semiconductor ETF,G,Y,N,NASDAQ
SMID,Smith-Midland Corporation - Common Stock,S,N,N,NASDAQ
SMMT,Summit Therapeutics Inc.  - Common Stock,G,N,N,NASDAQ
SMOM,Symmetry Panoramic Sector Momentum ETF,G,Y,N,NASDAQ
SMPL,The Simply Good Foods Company - Common Stock,S,N,N,NASDAQ
SMRI,Bushido Capital US Equity ETF,G,Y,N,NASDAQ
SMSI,"Smith Micro Software, Inc. - Common Stock",S,N,N,NASDAQ
SMST,Defiance Daily Target 2x Short MSTR ETF,G,Y,N,NASDAQ
SMTC,Semtech Corporation - Common Stock,Q,N,N,NASDAQ
SMTI,Sanara MedTech Inc. - Common Stock,S,N,N,NASDAQ
SMTK,"SmartKem, Inc. - Common Stock",S,N,N,NASDAQ
SMX,SMX (Security Matters) Public Limited Company - Ordinary Shares,S,N,N,NASDAQ
SMXT,Solarmax Technology Inc. - Common Stock,S,N,N,NASDAQ
SMXWW,SMX (Security Matters) Public Limited Company - Warrant,S,N,N,NASDAQ
SMYY,GraniteShares YieldBOOST SMCI ETF,G,Y,N,NASDAQ
SNAG,Leverage Shares 2x Long SNAP Daily ETF,G,Y,N,NASDAQ
SNAL,"Snail, Inc. - Class A Common Stock",S,N,N,NASDAQ
SND,"Smart Sand, Inc. - Common Stock",Q,N,N,NASDAQ
SNDK,Sandisk Corporation - Common Stock When-Issued,Q,N,N,NASDAQ
SNDL,SNDL Inc. - Common Shares,S,N,N,NASDAQ
SNDX,"Syndax Pharmaceuticals, Inc. - Common Stock",Q,N,N,NASDAQ
SNES,"SenesTech, Inc. - Common Stock",S,N,N,NASDAQ
SNEX,StoneX Group Inc. - Common Stock,Q,N,N,NASDAQ
SNFCA,Security National Financial Corporation - Class A Common Stock,G,N,N,NASDAQ
SNGX,"Soligenix, Inc. - Common Stock",S,N,N,NASDAQ
SNOA,"Sonoma Pharmaceuticals, Inc. - Common Stock",S,N,N,NASDAQ
SNPS,"Synopsys, Inc. - Common Stock",Q,N,N,NASDAQ
SNSR,Global X Internet of Things ETF,G,Y,N,NASDAQ
SNT,Senstar Technologies Corporation - Common Shares,G,N,N,NASDAQ
SNTG,Sentage Holdings Inc. - Class A Ordinary Shares,S,N,N,NASDAQ
SNTI,"Senti Biosciences Holdings, Inc. - Common Stock",S,N,N,NASDAQ
SNWV,"SANUWAVE Health, Inc. - Common Stock",G,N,N,NASDAQ
SNY,Sanofi - American Depositary Shares,Q,N,N,NASDAQ
SNYR,Synergy CHC Corp. - Common Stock,S,N,N,NASDAQ
SOBR,"SOBR Safe, Inc. - Common Stock",S,N,N,NASDAQ
SOCA,Solarius Capital Acquisition Corp. - Class A Ordinary Share,G,N,N,NASDAQ
SOCAU,Solarius Capital Acquisition Corp. - Units,G,N,N,NASDAQ
SOCAW,Solarius Capital Acquisition Corp. - Warrant,G,N,N,NASDAQ
SOCL,Global X Social Media ETF,G,Y,N,NASDAQ
SOFA,Direxion Daily SOFI Bull 2X ETF,G,Y,N,NASDAQ
SOFI,"SoFi Technologies, Inc.  - Common Stock",Q,N,N,NASDAQ
SOFX,Defiance Daily Target 2X Long SOFI ETF,G,Y,N,NASDAQ
SOGP,Sound Group Inc. - American Depositary Shares,S,N,N,NASDAQ
SOHU,Sohu.com Limited  - American Depositary Shares,Q,N,N,NASDAQ
SOLC,Canary Marinade Solana ETF,G,Y,N,NASDAQ
SOLS,Solstice Advanced Materials Inc. - Common Stock,Q,N,N,NASDAQ
SOLT,2x Solana ETF,G,Y,N,NASDAQ
SOLZ,Solana ETF,G,Y,N,NASDAQ
SONM,"DNA X, Inc. - Common Stock",S,N,N,NASDAQ
SONO,"Sonos, Inc. - Common Stock",Q,N,N,NASDAQ
SOPH,SOPHiA GENETICS SA - Ordinary Shares,Q,N,N,NASDAQ
SORA,AsiaStrategy - Ordinary Shares,S,N,N,NASDAQ
SORN,Soren Acquisition Corp. - Class A Ordinary Shares,G,N,N,NASDAQ
SORNU,Soren Acquisition Corp. - Unit,G,N,N,NASDAQ
SORNW,Soren Acquisition Corp. - Warrant,G,N,N,NASDAQ
SOTK,Sono-Tek Corporation - Common Stock,S,N,N,NASDAQ
SOUN,"SoundHound AI, Inc. - Class A Common Stock",G,N,N,NASDAQ
SOUNW,"SoundHound AI, Inc. - Warrant",G,N,N,NASDAQ
SOUX,Defiance Daily Target 2X Long SOUN ETF,G,Y,N,NASDAQ
SOWG,Sow Good Inc. - Common Stock,S,N,N,NASDAQ
SOXQ,Invesco PHLX Semiconductor ETF,G,Y,N,NASDAQ
SOXX,iShares PHLX SOX Semiconductor Sector Index Fund,G,Y,N,NASDAQ
SPAI,Safe Pro Group Inc. - Common Stock,S,N,N,NASDAQ
SPAM,Themes Cybersecurity ETF,G,Y,N,NASDAQ
SPAQ,Horizon Kinetics SPAC Active ETF,G,Y,N,NASDAQ
SPBC,Simplify US Equity PLUS Bitcoin Strategy ETF,G,Y,N,NASDAQ
SPCB,"SuperCom, Ltd. - Ordinary Shares",S,N,N,NASDAQ
SPCK,SPAC and New Issue ETF,G,Y,N,NASDAQ
SPCT,Liberty One Spectrum ETF,G,Y,N,NASDAQ
SPCX,Space Exploration Technologies Corp. - Class A Common Stock,Q,N,N,NASDAQ
SPEG,Silver Pegasus Acquisition Corp - Class A Ordinary Shares,G,N,N,NASDAQ
SPEGR,Silver Pegasus Acquisition Corp - Rights,G,N,N,NASDAQ
SPEGU,Silver Pegasus Acquisition Corp - Unit,G,N,N,NASDAQ
SPFI,"South Plains Financial, Inc. - Common Stock",Q,N,N,NASDAQ
SPHL,Springview Holdings Ltd - Ordinary shares,S,N,N,NASDAQ
SPIT,F/m Emerald Special Situations ETF,G,Y,N,NASDAQ
SPKL,Spark I Acquisition Corp. - Class A Ordinary Share,G,N,N,NASDAQ
SPKLU,Spark I Acquisition Corp. - Unit,G,N,N,NASDAQ
SPKLW,Spark I Acquisition Corp. - Warrant,G,N,N,NASDAQ
SPOG,Leverage Shares 2X Long SPOT Daily ETF,G,Y,N,NASDAQ
SPOK,"Spok Holdings, Inc. - Common Stock",Q,N,N,NASDAQ
SPPL,SIMPPLE LTD. - Ordinary Shares,S,N,N,NASDAQ
SPRB,"Spruce Biosciences, Inc. - Common Stock",S,N,N,NASDAQ
SPRC,SciSparc Ltd. - Ordinary Shares,S,N,N,NASDAQ
SPRO,"Spero Therapeutics, Inc. - Common Stock",Q,N,N,NASDAQ
SPRX,Spear Alpha ETF,G,Y,N,NASDAQ
SPRY,"ARS Pharmaceuticals, Inc. - Common Stock",G,N,N,NASDAQ
SPSC,"SPS Commerce, Inc. - Common Stock",Q,N,N,NASDAQ
SPT,"Sprout Social, Inc - Class A Common Stock",S,N,N,NASDAQ
SPTX,"Seaport Therapeutics, Inc. - Common Stock",Q,N,N,NASDAQ
SPWH,"Sportsman's Warehouse Holdings, Inc. - Common Stock",Q,N,N,NASDAQ
SPWR,SunPower Inc. - Common Stock,G,N,N,NASDAQ
SPWRW,SunPower Inc. - Warrant,S,N,N,NASDAQ
SPXD,Xtrackers S&P 500 Diversified Sector Weight ETF,G,Y,N,NASDAQ
SPYQ,Tradr 2X Long SPY Quarterly ETF,G,Y,N,NASDAQ
SQFT,"Presidio Property Trust, Inc. - Class A Common Stock",S,N,N,NASDAQ
SQFTP,"Presidio Property Trust, Inc. - 9.375% Series D Cumulative Redeemable Perpetual Preferred Stock, $0.01 par value per share",S,N,N,NASDAQ
SQFTW,"Presidio Property Trust, Inc. - Series A Common Stock Purchase Warrants",S,N,N,NASDAQ
SQLV,Royce Quant Small-Cap Quality Value ETF,G,Y,N,NASDAQ
SQQQ,ProShares UltraPro Short QQQ,G,Y,N,NASDAQ
SQS,Sapient Quality Select ETF,G,Y,N,NASDAQ
SRAD,Sportradar Group AG - Class A Ordinary Shares,Q,N,N,NASDAQ
SRBK,"SR Bancorp, Inc. - Common stock",S,N,N,NASDAQ
SRCE,1st Source Corporation - Common Stock,Q,N,N,NASDAQ
SRET,Global X SuperDividend REIT ETF,G,Y,N,NASDAQ
SRPT,"Sarepta Therapeutics, Inc. - Common Stock",Q,N,N,NASDAQ
SRRK,Scholar Rock Holding Corporation - Common Stock,Q,N,N,NASDAQ
SRTA,"Strata Critical Medical, Inc. - Class A Common Stock",S,N,N,NASDAQ
SRTS,"Sensus Healthcare, Inc. - Common Stock",S,N,N,NASDAQ
SRZN,"Surrozen, Inc. - Common Stock",S,N,N,NASDAQ
SRZNW,"Surrozen, Inc. - Warrant",S,N,N,NASDAQ
SSAC,SPACSphere Acquisition Corp. - Class A Ordinary Shares,G,N,N,NASDAQ
SSACR,SPACSphere Acquisition Corp. - Rights,G,N,N,NASDAQ
SSACU,SPACSphere Acquisition Corp. - Unit,G,N,N,NASDAQ
SSACW,SPACSphere Acquisition Corp. - Warrant,G,N,N,NASDAQ
SSBI,Summit State Bank - Common Stock,G,N,N,NASDAQ
SSEA,Starry Sea Acquisition Corp - Ordinary Shares,S,N,N,NASDAQ
SSEAR,Starry Sea Acquisition Corp - Rights,S,N,N,NASDAQ
SSEAU,Starry Sea Acquisition Corp - Unit,S,N,N,NASDAQ
SSII,SS Innovations International Inc. - Common Stock,S,N,N,NASDAQ
SSM,Sono Group N.V. - Ordinary Shares,S,N,N,NASDAQ
SSNC,"SS&C Technologies Holdings, Inc. - Common Stock",Q,N,N,NASDAQ
SSP,E.W. Scripps Company (The) - Class A Common Stock,Q,N,N,NASDAQ
SSRM,SSR Mining Inc. - Common Stock,Q,N,N,NASDAQ
SSS,CYBER HORNET S&P 500 and Solana 75/25 Strategy ETF,G,Y,N,NASDAQ
SSSS,SuRo Capital Corp. - Closed End Fund,Q,N,N,NASDAQ
SSSSL,SuRo Capital Corp. - 6.00% Notes due 2026,G,N,N,NASDAQ
SSTI,"SoundThinking, Inc. - Common Stock",S,N,N,NASDAQ
SSYS,"Stratasys, Ltd. - Common Stock",Q,N,N,NASDAQ
STAA,STAAR Surgical Company - Common Stock,G,N,N,NASDAQ
STAK,STAK Inc. - Class A Ordinary Shares,S,N,N,NASDAQ
STBA,"S&T Bancorp, Inc. - Common Stock",Q,N,N,NASDAQ
STEP,StepStone Group Inc. - Class A Common Stock,Q,N,N,NASDAQ
STEX,Streamex Corp. - Common Stock,S,N,N,NASDAQ
STFS,Star Fashion Culture Holdings Limited - Class A Ordinary Shares,S,N,N,NASDAQ
STGW,Stagwell Inc. - Class A Common Stock,Q,N,N,NASDAQ
STHO,Star Holdings - Shares of Beneficial Interest,G,N,N,NASDAQ
STI,"Solidion Technology, Inc. - Common Stock",S,N,N,NASDAQ
STIM,"Neuronetics, Inc. - Common Stock",G,N,N,NASDAQ
STKE,Sol Strategies Inc. - Common Shares,Q,N,N,NASDAQ
STKH,Steakholder Foods Ltd. - American Depositary Shares,S,N,N,NASDAQ
STKS,"The ONE Group Hospitality, Inc. - Common Stock",S,N,N,NASDAQ
STLD,"Steel Dynamics, Inc. - Common Stock",Q,N,N,NASDAQ
STNC,Hennessy Sustainable ETF,G,Y,N,NASDAQ
STNE,StoneCo Ltd. - Class A Common Share,Q,N,N,NASDAQ
STOK,"Stoke Therapeutics, Inc. - Common Stock",Q,N,N,NASDAQ
STRA,"Strategic Education, Inc. - Common Stock",Q,N,N,NASDAQ
STRC,Strategy Inc - Variable Rate Series A Perpetual Stretch Preferred Stock,Q,N,N,NASDAQ
STRD,Strategy Inc - 10.00% Series A Perpetual Stride Preferred Stock,Q,N,N,NASDAQ
STRF,Strategy Inc - 10.00% Series A Perpetual Strife Preferred Stock,Q,N,N,NASDAQ
STRK,Strategy Inc - 8.00% Series A Perpetual Strike Preferred Stock,Q,N,N,NASDAQ
STRL,"Sterling Infrastructure, Inc. - Common Stock",Q,N,N,NASDAQ
STRO,"Sutro Biopharma, Inc. - Common Stock",G,N,N,NASDAQ
STRR,"Star Equity Holdings, Inc. - Common Stock",Q,N,N,NASDAQ
STRRP,"Star Equity Holdings, Inc. - 10% Series A Cumulative Perpetual Preferred Stock",Q,N,N,NASDAQ
STRS,Stratus Properties Inc. - Common Stock,Q,N,N,NASDAQ
STRT,STRATTEC SECURITY CORPORATION - Common Stock,G,N,N,NASDAQ
STRZ,Starz Entertainment Corp. - Common Shares,Q,N,N,NASDAQ
STTK,"Shattuck Labs, Inc. - Common Stock",Q,N,N,NASDAQ
STX,Seagate Technology Holdings PLC - Ordinary Shares (Ireland),Q,N,N,NASDAQ
SUGP,SU Group Holdings Limited - Class A Ordinary Shares,S,N,N,NASDAQ
SUIG,Sui Group Holdings Limited - Common Stock,S,N,N,NASDAQ
SUIS,Canary Staked SUI ETF,G,Y,N,NASDAQ
SUJA,"Suja Life, Inc. - Class A Common Stock",Q,N,N,NASDAQ
SUMA,SUMA Acquisition Corporation - Class A Ordinary Shares,G,N,N,NASDAQ
SUMAR,SUMA Acquisition Corporation - Rights,G,N,N,NASDAQ
SUMAU,SUMA Acquisition Corporation - Units,G,N,N,NASDAQ
SUNE,"SUNation Energy, Inc. - Common Stock",S,N,N,NASDAQ
SUNS,"Sunrise Realty Trust, Inc. - Common Stock",S,N,N,NASDAQ
SUPN,"Supernus Pharmaceuticals, Inc. - Common Stock",G,N,N,NASDAQ
SUPP,TCW Transform Supply Chain ETF,G,Y,N,NASDAQ
SUPX,SuperX AI Technology Limited - Ordinary Shares,S,N,N,NASDAQ
SURG,"SurgePays, Inc. - Common Stock",S,N,N,NASDAQ
SUSB,iShares ESG Aware 1-5 Year USD Corporate Bond ETF,G,Y,N,NASDAQ
SUSC,iShares ESG Aware USD Corporate Bond ETF,G,Y,N,NASDAQ
SUSL,iShares ESG MSCI USA Leaders ETF,G,Y,N,NASDAQ
SVA,"Sinovac Biotech, Ltd. - Ordinary Shares (Antigua/Barbudo)",Q,N,N,NASDAQ
SVAC,Spring Valley Acquisition Corp. III - Class A Ordinary Shares,G,N,N,NASDAQ
SVACU,Spring Valley Acquisition Corp. III - Unit,G,N,N,NASDAQ
SVACW,Spring Valley Acquisition Corp. III - Warrant,G,N,N,NASDAQ
SVAQ,Silicon Valley Acquisition Corp. - Class A Ordinary Shares,G,N,N,NASDAQ
SVAQU,Silicon Valley Acquisition Corp. - Units,G,N,N,NASDAQ
SVAQW,Silicon Valley Acquisition Corp. - Warrants,G,N,N,NASDAQ
SVC,Service Properties Trust - Shares of Beneficial Interest,Q,N,N,NASDAQ
SVCC,Stellar V Capital Corp. - Class A Ordinary Shares,G,N,N,NASDAQ
SVCCU,Stellar V Capital Corp. - Unit,G,N,N,NASDAQ
SVCCW,Stellar V Capital Corp. - Warrant,G,N,N,NASDAQ
SVCO,"Silvaco Group, Inc. - Common Stock",Q,N,N,NASDAQ
SVIV,Spring Valley Acquisition Corp. IV - Class A Ordinary Shares,G,N,N,NASDAQ
SVIVU,Spring Valley Acquisition Corp. IV - Units,G,N,N,NASDAQ
SVIVW,Spring Valley Acquisition Corp. IV - Warrants,G,N,N,NASDAQ
SVRA,"Savara, Inc. - Common Stock",Q,N,N,NASDAQ
SVRE,SaverOne 2014 Ltd. - American Depositary Shares,S,N,N,NASDAQ
SVREW,SaverOne 2014 Ltd. - Warrant,S,N,N,NASDAQ
SVRN,OceanPal Inc. - Common Stock,S,N,N,NASDAQ
SWAG,"Stran & Company, Inc. - Common Stock",S,N,N,NASDAQ
SWAGW,"Stran & Company, Inc. - Warrant",S,N,N,NASDAQ
SWBI,"Smith & Wesson Brands, Inc. - Common Stock",Q,N,N,NASDAQ
SWIM,"Latham Group, Inc. - Common Stock",Q,N,N,NASDAQ
SWKHL,SWK Holdings Corporation - 9.00% Senior Notes due 2027,G,N,N,NASDAQ
SWKS,"Skyworks Solutions, Inc. - Common Stock",Q,N,N,NASDAQ
SWMR,"Swarmer, Inc - common stock",S,N,N,NASDAQ
SWP,SWP Growth & Income ETF,G,Y,N,NASDAQ
SWVL,Swvl Holdings Corp - Ordinary Shares,S,N,N,NASDAQ
SWVLW,Swvl Holdings Corp - Warrant,S,N,N,NASDAQ
SXTC,"China SXT Pharmaceuticals, Inc. - Class A Ordinary Shares",S,N,N,NASDAQ
SXTP,"60 Degrees Pharmaceuticals, Inc. - Common Stock",S,N,N,NASDAQ
SXTPW,"60 Degrees Pharmaceuticals, Inc. - Warrant",S,N,N,NASDAQ
SY,So-Young International Inc. - American Depository Shares,S,N,N,NASDAQ
SYBT,"Stock Yards Bancorp, Inc. - Common Stock",Q,N,N,NASDAQ
SYM,Symbotic Inc. - Class A Common Stock,G,N,N,NASDAQ
SYNA,Synaptics Incorporated - Common Stock,Q,N,N,NASDAQ
SYPR,"Sypris Solutions, Inc. - Common Stock",G,N,N,NASDAQ
SYRE,"Spyre Therapeutics, Inc. - Common Stock",Q,N,N,NASDAQ
SYZ,Lazard US Systematic Small Cap Equity ETF,G,Y,N,NASDAQ
SZZL,Sizzle Acquisition Corp. II - Class A ordinary shares,G,N,N,NASDAQ
SZZLR,Sizzle Acquisition Corp. II - Right,G,N,N,NASDAQ
SZZLU,Sizzle Acquisition Corp. II - Unit,G,N,N,NASDAQ
TACH,Titan Acquisition Corp. - Class A Ordinary Shares,G,N,N,NASDAQ
TACHU,Titan Acquisition Corp. - Units,G,N,N,NASDAQ
TACHW,Titan Acquisition Corp. - Warrants,G,N,N,NASDAQ
TACO,Berto Acquisition Corp. - Ordinary Shares,G,N,N,NASDAQ
TACOU,Berto Acquisition Corp. - unit,G,N,N,NASDAQ
TACOW,Berto Acquisition Corp. - Warrant,G,N,N,NASDAQ
TACT,TransAct Technologies Incorporated - Common Stock,G,N,N,NASDAQ
TALK,"Talkspace, Inc. - Common Stock",S,N,N,NASDAQ
TANH,Tantech Holdings Ltd. - Class A Common Shares,S,N,N,NASDAQ
TAOP,Taoping Inc. - Ordinary Shares,S,N,N,NASDAQ
TAOX,Tao Synergies Inc. - Common Stock,S,N,N,NASDAQ
TAOZ,Thornburg American Opportunities Fund,G,Y,N,NASDAQ
TARA,"Protara Therapeutics, Inc.  - Common Stock",G,N,N,NASDAQ
TARK,Tradr 2X Long Innovation ETF,G,Y,N,NASDAQ
TARS,"Tarsus Pharmaceuticals, Inc. - Common Stock",Q,N,N,NASDAQ
TASK,"TaskUs, Inc. - Class A Common Stock",Q,N,N,NASDAQ
TATT,TAT Technologies Ltd. - Ordinary Shares,G,N,N,NASDAQ
TAVI,Tavia Acquisition Corp. - Ordinary Shares,G,N,N,NASDAQ
TAVIR,Tavia Acquisition Corp. - Right,G,N,N,NASDAQ
TAVIU,Tavia Acquisition Corp. - Unit,G,N,N,NASDAQ
TAX,Cambria Tax Aware ETF,G,Y,N,NASDAQ
TAXE,Intermediate Municipal Income ETF,G,Y,N,NASDAQ
TAXI,Northern Trust Intermediate Tax-Exempt Bond ETF,G,Y,N,NASDAQ
TAXS,Northern Trust Short-Term Tax-Exempt Bond ETF,G,Y,N,NASDAQ
TAXT,Northern Trust Tax-Exempt Bond ETF,G,Y,N,NASDAQ
TAYD,"Taylor Devices, Inc. - Common Stock",S,N,N,NASDAQ
TBBK,"The Bancorp, Inc. - Common Stock",Q,N,N,NASDAQ
TBCH,Turtle Beach Corporation - Common Stock,G,N,N,NASDAQ
TBH,"Brag House Holdings, Inc. - Common Stock",S,N,N,NASDAQ
TBIL,F/m US Treasury 3 Month Bill Fund,G,Y,N,NASDAQ
TBLA,Taboola.com Ltd. - Ordinary Shares,Q,N,N,NASDAQ
TBLAW,Taboola.com Ltd. - Warrant,Q,N,N,NASDAQ
TBLD,Thornburg Income Builder Opportunities Trust - Closed End Fund,Q,N,N,NASDAQ
TBPH,"Theravance Biopharma, Inc. - Ordinary Shares",G,N,N,NASDAQ
TBRG,"TruBridge, Inc. - Common Stock",Q,N,N,NASDAQ
TC,Token Cat Limited - American Depositary Shares,S,N,N,NASDAQ
TCAN,21Shares Canton Network ETF,G,Y,N,NASDAQ
TCBI,"Texas Capital Bancshares, Inc. - Common Stock",Q,N,N,NASDAQ
TCBIO,"Texas Capital Bancshares, Inc. - Depositary Shares 5.75% Fixed Rate Non-Cumulative Perpetual Preferred Stock Series B",Q,N,N,NASDAQ
TCBK,TriCo Bancshares - Common Stock,Q,N,N,NASDAQ
TCBS,"Texas Community Bancshares, Inc. - Common Stock",S,N,N,NASDAQ
TCHI,iShares MSCI China Multisector Tech ETF,G,Y,N,NASDAQ
TCMD,"Tactile Systems Technology, Inc. - Common Stock",G,N,N,NASDAQ
TCOM,Trip.com Group Limited - American Depositary Shares,Q,N,N,NASDAQ
TCPC,BlackRock TCP Capital Corp. - Closed End Fund,Q,N,N,NASDAQ
TCRT,"Alaunos Therapeutics, Inc. - Common Stock",S,N,N,NASDAQ
TCRX,"TScan Therapeutics, Inc. - Common Stock",G,N,N,NASDAQ
TCX,Tucows Inc. - Common Stock,S,N,N,NASDAQ
TDAC,Translational Development Acquisition Corp. - Ordinary Shares,G,N,N,NASDAQ
TDACU,Translational Development Acquisition Corp. - Units,G,N,N,NASDAQ
TDACW,Translational Development Acquisition Corp. - Warrants,G,N,N,NASDAQ
TDI,Touchstone Dynamic International ETF,G,Y,N,NASDAQ
TDIC,Dreamland Limited - Class A Ordinary Shares,S,N,N,NASDAQ
TDIV,First Trust NASDAQ Technology Dividend Index Fund,G,Y,N,NASDAQ
TDOG,21shares Dogecoin ETF,G,Y,N,NASDAQ
TDOT,21shares Polkadot ETF,G,Y,N,NASDAQ
TDSB,ETC Cabana Target Beta ETF,G,Y,N,NASDAQ
TDSC,ETC Cabana Target Drawdown 10 ETF,G,Y,N,NASDAQ
TDTH,Trident Digital Tech Holdings Ltd - American Depository Shares,S,N,N,NASDAQ
TDUP,ThredUp Inc. - Class A Common Stock,Q,N,N,NASDAQ
TDWD,Tailwind 2.0 Acquisition Corp. - Class A Ordinary Shares,G,N,N,NASDAQ
TDWDR,Tailwind 2.0 Acquisition Corp. - Rights,G,N,N,NASDAQ
TDWDU,Tailwind 2.0 Acquisition Corp. - Unit,G,N,N,NASDAQ
TEAD,Teads Holding Co. - Common Stock,Q,N,N,NASDAQ
TEAM,Atlassian Corporation  - Class A Common Stock,Q,N,N,NASDAQ
TECH,Bio-Techne Corp - Common Stock,Q,N,N,NASDAQ
TECX,"Tectonic Therapeutic, Inc. - Common Stock",G,N,N,NASDAQ
TECY,GraniteShares YieldBOOST Technology ETF,G,Y,N,NASDAQ
TEKX,State Street Galaxy Transformative Tech Accelerators ETF,G,Y,N,NASDAQ
TEKY,Lazard Next Gen Technologies ETF,G,Y,N,NASDAQ
TELA,"TELA Bio, Inc. - Common stock",G,N,N,NASDAQ
TELO,"Telomir Pharmaceuticals, Inc. - Common Stock",S,N,N,NASDAQ
TEM,"Tempus AI, Inc. - Class A Common Stock",Q,N,N,NASDAQ
TENB,"Tenable Holdings, Inc. - Common Stock",Q,N,N,NASDAQ
TENX,"Tenax Therapeutics, Inc. - Common Stock",S,N,N,NASDAQ
TER,"Teradyne, Inc. - Common Stock",Q,N,N,NASDAQ
TERG,Leverage Shares 2X Long TER Daily ETF,G,Y,N,NASDAQ
TEXN,iShares Texas Equity ETF,G,Y,N,NASDAQ
TEXX,Horizon Kinetics Texas ETF,G,Y,N,NASDAQ
TFGZ,Thornburg Focus Growth Fund,G,Y,N,NASDAQ
TFNS,T. Rowe Price Financials ETF,G,Y,N,NASDAQ
TFSL,TFS Financial Corporation - Common Stock,Q,N,N,NASDAQ
TGHL,The GrowHub Limited - Class A Ordinary Shares,S,N,N,NASDAQ
TGL,Treasure Global Inc. - Common Stock,S,N,N,NASDAQ
TGTX,"TG Therapeutics, Inc. - Common Stock",S,N,N,NASDAQ
TH,Target Hospitality Corp. - Common Stock,S,N,N,NASDAQ
THCH,TH International Limited - Ordinary shares,S,N,N,NASDAQ
THFF,First Financial Corporation  - Common Stock,Q,N,N,NASDAQ
THH,TryHard Holdings Limited - Ordinary Shares,S,N,N,NASDAQ
THMZ,Lazard Equity Megatrends ETF,G,Y,N,NASDAQ
THRM,Gentherm Inc - Common Stock,Q,N,N,NASDAQ
THRV,Prospera Income ETF,G,Y,N,NASDAQ
THRY,"Thryv Holdings, Inc. - Common Stock",S,N,N,NASDAQ
THYM,T. Rowe Price High Income Municipal ETF,G,Y,N,NASDAQ
THYP,21shares Hyperliquid ETF,G,Y,N,NASDAQ
TIGO,Millicom International Cellular S.A. - Common Stock,Q,N,N,NASDAQ
TIGR,UP Fintech Holding Limited - American Depositary Shares representing fifteen Class A Ordinary Shares,Q,N,N,NASDAQ
TIL,"Instil Bio, Inc. - Common Stock",S,N,N,NASDAQ
TILC,Thrivent International Large Cap ETF,G,Y,N,NASDAQ
TILE,"Interface, Inc. - Common Stock",Q,N,N,NASDAQ
TIPT,Tiptree Inc. - Common Stock,S,N,N,NASDAQ
TISC,Thrivent International Small Cap ETF,G,Y,N,NASDAQ
TITN,Titan Machinery Inc. - Common Stock,Q,N,N,NASDAQ
TJGC,TJGC Group Limited - ordinary shares,S,N,N,NASDAQ
TKLF,"Tokyo Lifestyle Co., Ltd. - American Depositary Shares",S,N,N,NASDAQ
TKNO,"Alpha Teknova, Inc. - Common Stock",G,N,N,NASDAQ
TKNS,21Shares Active Crypto ETF,G,Y,N,NASDAQ
TLA,GraniteShares Autocallable TSLA ETF,G,Y,N,NASDAQ
TLF,"Tandy Leather Factory, Inc. - common stock",S,N,N,NASDAQ
TLG,Touchstone Large Company Growth ETF,G,Y,N,NASDAQ
TLIH,Ten-League International Holdings Limited - Ordinary Shares,S,N,N,NASDAQ
TLN,Talen Energy Corporation - Common Stock,Q,N,N,NASDAQ
TLNC,Talon Capital Corp. - Class A Ordinary Shares,G,N,N,NASDAQ
TLNCU,Talon Capital Corp. - Units,G,N,N,NASDAQ
TLNCW,Talon Capital Corp. - Warrants,G,N,N,NASDAQ
TLPH,"Talphera, Inc. - Common Stock",S,N,N,NASDAQ
TLRY,"Tilray Brands, Inc. - Common Stock",Q,N,N,NASDAQ
TLS,Telos Corporation - Common Stock,G,N,N,NASDAQ
TLSA,Tiziana Life Sciences Ltd - Common Shares,S,N,N,NASDAQ
TLSI,"TriSalus Life Sciences, Inc. - Common Stock",G,N,N,NASDAQ
TLSIW,"TriSalus Life Sciences, Inc. - Warrant",G,N,N,NASDAQ
TLT,iShares 20+ Year Treasury Bond ETF,G,Y,N,NASDAQ
TLX,Telix Pharmaceuticals Limited - American Depositary Shares,Q,N,N,NASDAQ
TMB,Thornburg Multi Sector Bond ETF,G,Y,N,NASDAQ
TMC,TMC the metals company Inc. - Common Stock,Q,N,N,NASDAQ
TMCI,"Treace Medical Concepts, Inc. - Common Stock",Q,N,N,NASDAQ
TMCR,The Metals Royalty Company Inc. - Common Stock,S,N,N,NASDAQ
TMCWW,TMC the metals company Inc. - Warrant,Q,N,N,NASDAQ
TMDX,"TransMedics Group, Inc. - Common Stock",G,N,N,NASDAQ
TMED,T. Rowe Price Health Care ETF,G,Y,N,NASDAQ
TMNL,T. Rowe Price Long Municipal Income ETF,G,Y,N,NASDAQ
TMNS,T. Rowe Price Short Municipal Income ETF,G,Y,N,NASDAQ
TMS,Teamshares Inc. - Common Stock,S,N,N,NASDAQ
TMSF,T. Rowe Price Multi-Sector Income ETF,G,Y,N,NASDAQ
TMSWW,Teamshares Inc. - Warrants,S,N,N,NASDAQ
TMTS,Spartacus Acquisition Corp. II - Class A Ordinary Shares,G,N,N,NASDAQ
TMTSU,Spartacus Acquisition Corp. II - Unit,G,N,N,NASDAQ
TMTSW,Spartacus Acquisition Corp. II - Warrants,G,N,N,NASDAQ
TMUS,"T-Mobile US, Inc. - Common Stock",Q,N,N,NASDAQ
TMUSI,"T-Mobile US, Inc. - 5.500% Senior Notes due June 2070",G,N,N,NASDAQ
TMUSL,"T-Mobile US, Inc. - 6.250% Senior Notes due 2069",G,N,N,NASDAQ
TMUSZ,"T-Mobile US, Inc. - 5.500% Senior Notes due March 2070",G,N,N,NASDAQ
TMYY,GraniteShares YieldBOOST TSM ETF,G,Y,N,NASDAQ
TNDM,"Tandem Diabetes Care, Inc. - Common Stock",G,N,N,NASDAQ
TNGX,"Tango Therapeutics, Inc. - Common Stock",G,N,N,NASDAQ
TNMG,TNL Mediagene - Ordinary Shares,S,N,N,NASDAQ
TNON,"Tenon Medical, Inc. - Common Stock",S,N,N,NASDAQ
TNONW,"Tenon Medical, Inc. - Warrant",S,N,N,NASDAQ
TNXP,Tonix Pharmaceuticals Holding Corp. - Common Stock,Q,N,N,NASDAQ
TNXT,T. Rowe Price Innovation Leaders ETF,G,Y,N,NASDAQ
TNYA,"Tenaya Therapeutics, Inc. - Common Stock",Q,N,N,NASDAQ
TOI,"The Oncology Institute, Inc. - Common Stock",S,N,N,NASDAQ
TOIIW,"The Oncology Institute, Inc. - Warrant",S,N,N,NASDAQ
TOMZ,"TOMI Environmental Solutions, Inc. - Common Stock",S,N,N,NASDAQ
TONX,TON Strategy Company - Common Stock,S,N,N,NASDAQ
TOP,TOP Financial Group Limited - Class A Ordinary Shares,S,N,N,NASDAQ
TORO,Toro Corp. - Common stock,S,N,N,NASDAQ
TOUR,Tuniu Corporation - American Depositary Shares,S,N,N,NASDAQ
TOWN,Towne Bank - Common Stock,Q,N,N,NASDAQ
TOYO,"TOYO Co., Ltd - Ordinary Shares",S,N,N,NASDAQ
TPCS,TechPrecision Corporation - Common stock,S,N,N,NASDAQ
TPG,TPG Inc. - Class A Common Stock,Q,N,N,NASDAQ
TPGXL,TPG Inc. - 6.950% Fixed-Rate Junior Subordinated Notes due 2064,G,N,N,NASDAQ
TPLS,Thornburg Core Plus Bond ETF,G,Y,N,NASDAQ
TPST,"Tempest Therapeutics, Inc. - Common Stock",S,N,N,NASDAQ
TQQQ,ProShares UltraPro QQQ,G,Y,N,NASDAQ
TQQY,GraniteShares YieldBOOST QQQ ETF,G,Y,N,NASDAQ
TRAW,"Traws Pharma, Inc. - Common Stock",S,N,N,NASDAQ
TRAX,"First Tracks Biotherapeutics, Inc. - Ordinary Shares",Q,N,N,NASDAQ
TRBF,Angel Oak Total Return ETF,G,Y,N,NASDAQ
TRDA,"Entrada Therapeutics, Inc. - Common Stock",G,N,N,NASDAQ
TREE,"LendingTree, Inc. - Common Stock",Q,N,N,NASDAQ
TRGS,TRG Latin America Acquisitions Corp. - Class A Ordinary Shares,G,N,N,NASDAQ
TRGSR,TRG Latin America Acquisitions Corp. - Rights,G,N,N,NASDAQ
TRGSU,TRG Latin America Acquisitions Corp. - Units,G,N,N,NASDAQ
TRI,Thomson Reuters Corp - Common Shares,Q,N,N,NASDAQ
TRIB,Trinity Biotech plc - American Depositary Shares,Q,N,N,NASDAQ
TRIN,Trinity Capital Inc. - Common Stock,Q,N,N,NASDAQ
TRINI,Trinity Capital Inc. - 7.875% Notes Due 2029,Q,N,N,NASDAQ
TRINZ,Trinity Capital Inc. - 7.875% Notes due 2029,Q,N,N,NASDAQ
TRIP,"TripAdvisor, Inc. - Common Stock",Q,N,N,NASDAQ
TRMB,Trimble Inc. - Common Stock,Q,N,N,NASDAQ
TRMD,TORM plc - Class A Common Stock,Q,N,N,NASDAQ
TRMK,Trustmark Corporation - Common Stock,Q,N,N,NASDAQ
TRNR,Interactive Strength Inc. - Common Stock,S,N,N,NASDAQ
TRNS,"Transcat, Inc. - Common Stock",G,N,N,NASDAQ
TRON,Tron Inc. - Common Stock,S,N,N,NASDAQ
TROO,"TROOPS, Inc.  - Ordinary Shares",S,N,N,NASDAQ
TROW,"T. Rowe Price Group, Inc. - Common Stock",Q,N,N,NASDAQ
TRS,TriMas Corporation - Common Stock,Q,N,N,NASDAQ
TRSG,Tungray Technologies Inc - Class A Ordinary Shares,S,N,N,NASDAQ
TRST,TrustCo Bank Corp NY - Common Stock,Q,N,N,NASDAQ
TRUC,VanEck Communication Services TruSector ETF,G,Y,N,NASDAQ
TRUD,VanEck Consumer Discretionary TruSector ETF,G,Y,N,NASDAQ
TRUF,VanEck Financials TruSector ETF,G,Y,N,NASDAQ
TRUG,"TruGolf Holdings, Inc. - Class A Common Stock",S,N,N,NASDAQ
TRUH,VanEck Healthcare TruSector ETF,G,Y,N,NASDAQ
TRUI,VanEck Industrials TruSector ETF,G,Y,N,NASDAQ
TRUO,VanEck Consumer Staples TruSector ETF,G,Y,N,NASDAQ
TRUP,"Trupanion, Inc. - Common Stock",G,N,N,NASDAQ
TRUT,VanEck Technology TruSector ETF,G,Y,N,NASDAQ
TRVG,trivago N.V. - American Depositary Shares,Q,N,N,NASDAQ
TRVI,"Trevi Therapeutics, Inc. - Common Stock",G,N,N,NASDAQ
TSAT,Telesat Corporation - Class A Common Shares and Class B Variable Voting Shares,Q,N,N,NASDAQ
TSBK,"Timberland Bancorp, Inc. - Common Stock",G,N,N,NASDAQ
TSCM,TimesSquare Quality Mid Cap Growth ETF,G,Y,N,NASDAQ
TSCO,Tractor Supply Company - Common Stock,Q,N,N,NASDAQ
TSDD,GraniteShares 2x Short TSLA Daily ETF,G,Y,N,NASDAQ
TSEL,Touchstone Sands Capital US Select Growth ETF,G,Y,N,NASDAQ
TSEM,Tower Semiconductor Ltd. - Ordinary Shares,Q,N,N,NASDAQ
TSHA,"Taysha Gene Therapies, Inc. - Common Stock",Q,N,N,NASDAQ
TSL,GraniteShares 1.25x Long TSLA Daily ETF,G,Y,N,NASDAQ
TSLA,"Tesla, Inc.  - Common Stock",Q,N,N,NASDAQ
TSLG,Leverage Shares 2X Long TSLA Daily ETF,G,Y,N,NASDAQ
TSLL,Direxion Daily TSLA Bull 2X ETF,G,Y,N,NASDAQ
TSLQ,Tradr 2X Short TSLA Daily ETF,G,Y,N,NASDAQ
TSLR,GraniteShares 2x Long TSLA Daily ETF,G,Y,N,NASDAQ
TSLS,Direxion Daily TSLA Bear 1X ETF,G,Y,N,NASDAQ
TSMG,Leverage Shares 2X Long TSM Daily ETF,G,Y,N,NASDAQ
TSMU,GraniteShares 2x Long TSM Daily ETF,G,Y,N,NASDAQ
TSMX,Direxion Daily TSM Bull 2X ETF,G,Y,N,NASDAQ
TSMZ,Direxion Daily TSM Bear 1X ETF,G,Y,N,NASDAQ
TSPY,TappAlpha S&P 500 Growth & Daily Income ETF,G,Y,N,NASDAQ
TSSI,"TSS, Inc. - Common Stock",S,N,N,NASDAQ
TSUI,21Shares Sui ETF,G,Y,N,NASDAQ
TSYX,TSPY Lift ETF,G,Y,N,NASDAQ
TSYY,GraniteShares YieldBOOST TSLA ETF,G,Y,N,NASDAQ
TTAN,"ServiceTitan, Inc. - Class A Common Stock",Q,N,N,NASDAQ
TTD,"The Trade Desk, Inc. - Class A Common Stock",G,N,N,NASDAQ
TTEC,"TTEC Holdings, Inc. - Common Stock",Q,N,N,NASDAQ
TTEK,"Tetra Tech, Inc. - Common Stock",Q,N,N,NASDAQ
TTEQ,T. Rowe Price Technology ETF,G,Y,N,NASDAQ
TTGT,"TechTarget, Inc. - Common Stock",Q,N,N,NASDAQ
TTMI,"TTM Technologies, Inc. - Common Stock",Q,N,N,NASDAQ
TTRX,Turn Therapeutics Inc. - Common Stock,G,N,N,NASDAQ
TTWO,"Take-Two Interactive Software, Inc. - Common Stock",Q,N,N,NASDAQ
TUG,STF Tactical Growth ETF,G,Y,N,NASDAQ
TUGN,STF Tactical Growth & Income ETF,G,Y,N,NASDAQ
TULP,"Bloomia Holdings, Inc. - Common Stock",S,N,N,NASDAQ
TUR,iShares MSCI Turkey ETF,G,Y,N,NASDAQ
TURB,"Turbo Energy, S.A. - American Depositary Shares",S,N,N,NASDAQ
TURF,T. Rowe Price Natural Resources ETF,G,Y,N,NASDAQ
TUSK,"Mammoth Energy Services, Inc. - Common Stock",Q,N,N,NASDAQ
TVA,Texas Ventures Acquisition III Corp - Class A Ordinary Share,G,N,N,NASDAQ
TVACU,Texas Ventures Acquisition III Corp - Unit,G,N,N,NASDAQ
TVACW,Texas Ventures Acquisition III Corp - Warrants,G,N,N,NASDAQ
TVAI,Thayer Ventures Acquisition Corporation II - Class A Ordinary Shares,G,N,N,NASDAQ
TVAIR,Thayer Ventures Acquisition Corporation II - Rights,G,N,N,NASDAQ
TVAIU,Thayer Ventures Acquisition Corporation II - Unit,G,N,N,NASDAQ
TVGN,Tevogen Bio Holdings Inc. - Common Stock,G,N,N,NASDAQ
TVGNW,Tevogen Bio Holdings Inc. - Warrant,S,N,N,NASDAQ
TVIVU,Texas Ventures Acquisition IV Corp - Units,G,N,N,NASDAQ
TVRD,"Tvardi Therapeutics, Inc. - Common Stock",S,N,N,NASDAQ
TVTX,"Travere Therapeutics, Inc. - Common Stock",G,N,N,NASDAQ
TW,Tradeweb Markets Inc. - Class A Common Stock,Q,N,N,NASDAQ
TWAV,"TaoWeave, Inc. - Common Stock",S,N,N,NASDAQ
TWFG,"TWFG, Inc. - Common Stock",Q,N,N,NASDAQ
TWG,Top Wealth Group Holding Limited - Class A Ordinary Shares,S,N,N,NASDAQ
TWIN,"Twin Disc, Incorporated - Common Stock",Q,N,N,NASDAQ
TWLV,Twelve Seas Investment Company III - Class A Ordinary Shares,G,N,N,NASDAQ
TWLVR,Twelve Seas Investment Company III - Rights,G,N,N,NASDAQ
TWLVU,Twelve Seas Investment Company III - Units,G,N,N,NASDAQ
TWST,Twist Bioscience Corporation - Common Stock,Q,N,N,NASDAQ
TXG,"10x Genomics, Inc. - Common Stock",Q,N,N,NASDAQ
TXMD,"TherapeuticsMD, Inc. - Common Stock",Q,N,N,NASDAQ
TXN,Texas Instruments Incorporated - Common Stock,Q,N,N,NASDAQ
TXRH,"Texas Roadhouse, Inc. - Common Stock",Q,N,N,NASDAQ
TXUE,Thornburg International Equity ETF,G,Y,N,NASDAQ
TXUG,Thornburg International Growth Fund ETF,G,Y,N,NASDAQ
TXXD,21Shares 2x Long Dogecoin ETF,G,Y,N,NASDAQ
TXXH,21Shares 2x Long HYPE ETF,G,Y,N,NASDAQ
TXXS,21Shares 2x Long Sui ETF,G,Y,N,NASDAQ
TYGO,"Tigo Energy, Inc. - Common Stock",S,N,N,NASDAQ
TYRA,"Tyra Biosciences, Inc. - Common Stock",Q,N,N,NASDAQ
TZOO,Travelzoo - Common Stock,Q,N,N,NASDAQ
UAE,iShares MSCI UAE ETF,G,Y,N,NASDAQ
UAL,"United Airlines Holdings, Inc. - Common Stock",Q,N,N,NASDAQ
UBCP,"United Bancorp, Inc. - Common Stock",S,N,N,NASDAQ
UBND,VictoryShares Core Plus Bond ETF,G,Y,N,NASDAQ
UBRL,GraniteShares 2x Long UBER Daily ETF,G,Y,N,NASDAQ
UBSI,"United Bankshares, Inc. - Common Stock",Q,N,N,NASDAQ
UBXG,U-BX Technology Ltd. - Class A Ordinary Shares,S,N,N,NASDAQ
UCAR,U Power Limited - Class A Ordinary Shares,S,N,N,NASDAQ
UCFI,CN Healthy Food Tech Group Corp. - Common Stock,S,N,N,NASDAQ
UCFIW,CN Healthy Food Tech Group Corp. - Warrant,S,N,N,NASDAQ
UCL,uCloudlink Group Inc. - American Depositary Shares,G,N,N,NASDAQ
UCRD,VictoryShares Corporate Bond ETF,G,Y,N,NASDAQ
UCTT,"Ultra Clean Holdings, Inc. - Common Stock",Q,N,N,NASDAQ
UCYB,ProShares Ultra Nasdaq Cybersecurity,G,Y,N,NASDAQ
UECG,Leverage Shares 2x Long UEC Daily ETF,G,Y,N,NASDAQ
UEIC,Universal Electronics Inc. - Common Stock,Q,N,N,NASDAQ
UEVM,VictoryShares Emerging Markets Value Momentum ETF,G,Y,N,NASDAQ
UFCS,"United Fire Group, Inc - Common Stock",Q,N,N,NASDAQ
UFG,Uni-Fuels Holdings Limited - Class A Ordinary Shares,S,N,N,NASDAQ
UFIV,US Treasury 5 Year Note ETF,G,Y,N,NASDAQ
UFO,Procure Space ETF,G,Y,N,NASDAQ
UFOX,Defiance Space and Connective Tech ETF,G,Y,N,NASDAQ
UFPI,"UFP Industries, Inc. - Common Stock",Q,N,N,NASDAQ
UFPT,"UFP Technologies, Inc. - Common Stock",S,N,N,NASDAQ
UG,"United-Guardian, Inc. - Common Stock",G,N,N,NASDAQ
UITB,VictoryShares Core Intermediate Bond ETF,G,Y,N,NASDAQ
UIVM,VictoryShares International Value Momentum ETF,G,Y,N,NASDAQ
UK,Ucommune International Ltd  - Class A Ordinary Shares,S,N,N,NASDAQ
ULBI,Ultralife Corporation - Common Stock,G,N,N,NASDAQ
ULCC,"Frontier Group Holdings, Inc. - Common Stock",Q,N,N,NASDAQ
ULH,"Universal Logistics Holdings, Inc. - Common Stock",Q,N,N,NASDAQ
ULTA,"Ulta Beauty, Inc. - Common Stock",Q,N,N,NASDAQ
ULTI,REX IncomeMax Option Strategy ETF,G,Y,N,NASDAQ
ULVM,VictoryShares US Value Momentum ETF,G,Y,N,NASDAQ
UMBF,UMB Financial Corporation - Common Stock,Q,N,N,NASDAQ
UMBFO,"UMB Financial Corporation - Depositary Shares Each Representing a 1/400th Interest in a Share of 7.750% Fixed-Rate Reset Non-Cumulative Perpetual Preferred Stock, Series B",Q,N,N,NASDAQ
UMMA,Wahed Dow Jones Islamic World ETF,G,Y,N,NASDAQ
UNB,"Union Bankshares, Inc. - Common Stock",G,N,N,NASDAQ
UNCY,"Unicycive Therapeutics, Inc. - Common Stock",S,N,N,NASDAQ
UNHG,Leverage Shares 2X Long UNH Daily ETF,G,Y,N,NASDAQ
UNIT,Uniti Group Inc. - Common Stock,Q,N,N,NASDAQ
UNIY,WisdomTree Voya Yield Enhanced USD Universal Bond Fund,G,Y,N,NASDAQ
UNTY,"Unity Bancorp, Inc. - Common Stock",G,N,N,NASDAQ
UONE,"Urban One, Inc.  - Class A Common Stock",S,N,N,NASDAQ
UONEK,"Urban One, Inc.  - Class D Common Stock",S,N,N,NASDAQ
UPB,"Upstream Bio, Inc. - Common Stock",Q,N,N,NASDAQ
UPBD,"Upbound Group, Inc. - Common Stock",Q,N,N,NASDAQ
UPC,Universe Pharmaceuticals Inc - Class A Ordinary Shares,S,N,N,NASDAQ
UPGR,Xtrackers US Green Infrastructure Select Equity ETF,G,Y,N,NASDAQ
UPLD,"Upland Software, Inc. - Common Stock",G,N,N,NASDAQ
UPSG,Leverage Shares 2X Long UPS Daily ETF,G,Y,N,NASDAQ
UPST,"Upstart Holdings, Inc. - Common stock",Q,N,N,NASDAQ
UPWK,Upwork Inc. - Common Stock,Q,N,N,NASDAQ
UPXI,"Upexi, Inc. - Common Stock",S,N,N,NASDAQ
URBN,"Urban Outfitters, Inc. - Common Stock",Q,N,N,NASDAQ
URGN,UroGen Pharma Ltd. - Ordinary Shares,G,N,N,NASDAQ
URNJ,Sprott Junior Uranium Miners ETF,G,Y,N,NASDAQ
UROY,Uranium Royalty Corp. - Common Stock,S,N,N,NASDAQ
USAF,Atlas America Fund,G,Y,N,NASDAQ
USAR,"USA Rare Earth, Inc. - Common Stock",G,N,N,NASDAQ
USAU,U.S. Gold Corp. - Common Stock,S,N,N,NASDAQ
USCB,"USCB Financial Holdings, Inc.  - Class A Common Stock",G,N,N,NASDAQ
USCL,iShares Climate Conscious & Transition MSCI USA ETF,G,Y,N,NASDAQ
USDE,StablecoinX Inc. - Class A Common Stock,S,N,N,NASDAQ
USDEW,StablecoinX Inc. - Warrants,S,N,N,NASDAQ
USDX,SGI Enhanced Core ETF,G,Y,N,NASDAQ
USEA,United Maritime Corporation - Common Stock,S,N,N,NASDAQ
USFI,BrandywineGLOBAL - U.S. Fixed Income ETF,G,Y,N,NASDAQ
USGG,Leverage Shares 2X Long USAR Daily ETF,G,Y,N,NASDAQ
USGO,U.S. GoldMining Inc. - Common stock,S,N,N,NASDAQ
USIG,iShares Broad USD Investment Grade Corporate Bond ETF,G,Y,N,NASDAQ
USIN,WisdomTree 7-10 Year Laddered Treasury Fund,G,Y,N,NASDAQ
USIO,"Usio, Inc. - Common Stock",G,N,N,NASDAQ
USLM,"United States Lime & Minerals, Inc. - Common Stock",Q,N,N,NASDAQ
USMC,Principal U.S. Mega-Cap ETF,G,Y,N,NASDAQ
USOI,"ETRACS Crude Oil Shares Covered Call ETNs due April 24, 2037",G,Y,N,NASDAQ
USOY,Defiance Oil Enhanced Options Income ETF,G,Y,N,NASDAQ
USRD,Themes US R&D Champions ETF,G,Y,N,NASDAQ
USSH,WisdomTree 1-3 Year Laddered Treasury Fund,G,Y,N,NASDAQ
USTB,VictoryShares Short-Term Bond ETF,G,Y,N,NASDAQ
USVM,VictoryShares US Small Mid Cap Value Momentum ETF,G,Y,N,NASDAQ
USVN,US Treasury 7 Year Note ETF,G,Y,N,NASDAQ
USXF,iShares ESG Advanced MSCI USA ETF,G,Y,N,NASDAQ
UTEN,US Treasury 10 Year Note ETF,G,Y,N,NASDAQ
UTHR,United Therapeutics Corporation - Common Stock,Q,N,N,NASDAQ
UTHY,US Treasury 30 Year Bond ETF,G,Y,N,NASDAQ
UTMD,"Utah Medical Products, Inc. - Common Stock",Q,N,N,NASDAQ
UTRE,US Treasury 3 Year Note ETF,G,Y,N,NASDAQ
UTSI,UTStarcom Holdings Corp - Ordinary Shares,Q,N,N,NASDAQ
UTWO,US Treasury 2 Year Note ETF,G,Y,N,NASDAQ
UTWY,US Treasury 20 Year Bond ETF,G,Y,N,NASDAQ
UUUG,Leverage Shares 2X Long UUUU Daily ETF,G,Y,N,NASDAQ
UVSP,Univest Financial Corporation - Common Stock,Q,N,N,NASDAQ
UXIN,Uxin Limited - American Depositary Shares,Q,N,N,NASDAQ
UYLD,Angel Oak UltraShort Income ETF,G,Y,N,NASDAQ
UYSC,UY Scuti Acquisition Corp. - Ordinary Shares,S,N,N,NASDAQ
UYSCR,UY Scuti Acquisition Corp. - Rights,S,N,N,NASDAQ
UYSCU,UY Scuti Acquisition Corp. - Units,S,N,N,NASDAQ
UZX,Linkage Global Inc - Class A Ordinary Shares,S,N,N,NASDAQ
VABK,Virginia National Bankshares Corporation - Common Stock,S,N,N,NASDAQ
VALG,Leverage Shares 2X Long VALE Daily ETF,G,Y,N,NASDAQ
VALN,Valneva SE - American Depositary Shares,Q,N,N,NASDAQ
VALU,"Value Line, Inc. - Common Stock",S,N,N,NASDAQ
VANI,"Vivani Medical, Inc.  - Common Stock",S,N,N,NASDAQ
VAVX,VanEck Avalanche ETF,G,Y,N,NASDAQ
VBCA,Vanguard Target Maturity 2027 Corporate Bond ETF,G,Y,N,NASDAQ
VBCB,Vanguard Target Maturity 2028 Corporate Bond ETF,G,Y,N,NASDAQ
VBCC,Vanguard Target Maturity 2029 Corporate Bond ETF,G,Y,N,NASDAQ
VBCD,Vanguard Target Maturity 2030 Corporate Bond ETF,G,Y,N,NASDAQ
VBCE,Vanguard Target Maturity 2031 Corporate Bond ETF,G,Y,N,NASDAQ
VBCF,Vanguard Target Maturity 2032 Corporate Bond ETF,G,Y,N,NASDAQ
VBCG,Vanguard Target Maturity 2033 Corporate Bond ETF,G,Y,N,NASDAQ
VBCH,Vanguard Target Maturity 2034 Corporate Bond ETF,G,Y,N,NASDAQ
VBCI,Vanguard Target Maturity 2035 Corporate Bond ETF,G,Y,N,NASDAQ
VBCJ,Vanguard Target Maturity 2036 Corporate Bond ETF,G,Y,N,NASDAQ
VBIL,Vanguard 0-3 Month Treasury Bill ETF,G,Y,N,NASDAQ
VBIO,"Valion Bio, Inc. - Common stock",S,N,N,NASDAQ
VBNB,VanEck BNB ETF,G,Y,N,NASDAQ
VBNK,VersaBank - Common Shares,Q,N,N,NASDAQ
VC,Visteon Corporation - Common Stock,Q,N,N,NASDAQ
VCEL,Vericel Corporation - Common Stock,G,N,N,NASDAQ
VCIG,VCI Global Limited - Ordinary Share,S,N,N,NASDAQ
VCIT,Vanguard Intermediate-Term Corporate Bond ETF,G,Y,N,NASDAQ
VCLT,Vanguard Long-Term Corporate Bond ETF,G,Y,N,NASDAQ
VCRB,Vanguard Core Bond ETF,G,Y,N,NASDAQ
VCSH,Vanguard Short-Term Corporate Bond ETF,G,Y,N,NASDAQ
VCTR,"Victory Capital Holdings, Inc. - Common Stock",Q,N,N,NASDAQ
VCYT,"Veracyte, Inc. - Common Stock",G,N,N,NASDAQ
VECO,Veeco Instruments Inc. - Common Stock,Q,N,N,NASDAQ
VEEA,Veea Inc. - Common Stock,S,N,N,NASDAQ
VEEAW,Veea Inc. - Warrant,S,N,N,NASDAQ
VEEE,Twin Vee PowerCats Co. - Common Stock,S,N,N,NASDAQ
VEFA,VanEck MSCI EAFE Analyst Sentiment ETF,G,Y,N,NASDAQ
VELO,"Velo3D, Inc. - Common stock",S,N,N,NASDAQ
VEON,VEON Ltd. - American Depositary Shares,Q,N,N,NASDAQ
VERA,"Vera Therapeutics, Inc. - Class A Common Stock",G,N,N,NASDAQ
VERI,"Veritone, Inc. - Common Stock",G,N,N,NASDAQ
VERU,Veru Inc. - Common Stock,S,N,N,NASDAQ
VERX,"Vertex, Inc. - Class A Common Stock",G,N,N,NASDAQ
VFF,"Village Farms International, Inc. - Common Shares",S,N,N,NASDAQ
VFLO,VictoryShares Free Cash Flow ETF,G,Y,N,NASDAQ
VFS,VinFast Auto Ltd. - Ordinary Shares,Q,N,N,NASDAQ
VFSWW,VinFast Auto Ltd. - Warrant,S,N,N,NASDAQ
VGAS,"Verde Clean Fuels, Inc. - Class A Common Stock",S,N,N,NASDAQ
VGASW,"Verde Clean Fuels, Inc. - Warrant",S,N,N,NASDAQ
VGIT,Vanguard Intermediate-Term Treasury ETF,G,Y,N,NASDAQ
VGLT,Vanguard Long-Term Treasury ETF,G,Y,N,NASDAQ
VGSH,Vanguard Short-Term Treasury ETF,G,Y,N,NASDAQ
VGSR,Vert Global Sustainable Real Estate ETF,G,Y,N,NASDAQ
VGUS,Vanguard Ultra-Short Treasury ETF,G,Y,N,NASDAQ
VHC,VirnetX Holding Corp - Common Stock,S,N,N,NASDAQ
VHCP,Vine Hill Capital Investment Corp. II - Class A Ordinary Shares,G,N,N,NASDAQ
VHCPU,Vine Hill Capital Investment Corp. II - Units,G,N,N,NASDAQ
VHCPW,Vine Hill Capital Investment Corp. II - Warrants,G,N,N,NASDAQ
VHUB,"VenHub Global, Inc. - Common Stock",G,N,N,NASDAQ
VIASP,"Via Renewables, Inc. - 8.75% Series A Fixed-to-Floating Rate Cumulative Redeemable Perpetual Preferred Stock",Q,N,N,NASDAQ
VIAV,Viavi Solutions Inc. - Common Stock,Q,N,N,NASDAQ
VICR,Vicor Corporation - Common Stock,Q,N,N,NASDAQ
VIGI,Vanguard International Dividend Appreciation ETF,G,Y,N,NASDAQ
VINP,Vinci Compass Investments Ltd. - Class A Common Shares,Q,N,N,NASDAQ
VIOT,"Viomi Technology Co., Ltd - American Depositary Shares",Q,N,N,NASDAQ
VIR,"Vir Biotechnology, Inc. - Common Stock",Q,N,N,NASDAQ
VIRC,Virco Manufacturing Corporation - Common Stock,G,N,N,NASDAQ
VISN,"Vistance Networks, Inc.  - Common Stock",Q,N,N,NASDAQ
VITL,"Vital Farms, Inc. - Common Stock",G,N,N,NASDAQ
VIVK,"Vivakor, Inc. - Common Stock",S,N,N,NASDAQ
VIVO,VivoPower PLC - Class A Ordinary Shares,S,N,N,NASDAQ
VIVS,"VivoSim Labs, Inc. - Common Stock",S,N,N,NASDAQ
VKTX,"Viking Therapeutics, Inc. - Common Stock",S,N,N,NASDAQ
VLGEA,"Village Super Market, Inc. - Class A Common Stock",Q,N,N,NASDAQ
VLY,Valley National Bancorp - Common Stock,Q,N,N,NASDAQ
VLYPN,"Valley National Bancorp - 8.250% Fixed-Rate Reset Non-Cumulative Perpetual Preferred Stock, Series C",Q,N,N,NASDAQ
VLYPO,Valley National Bancorp - 5.5% Fixed to Floating Rate Series B Non-Cumulative Perpetual Preferred Stock,Q,N,N,NASDAQ
VLYPP,Valley National Bancorp - 6.25% Fixed-to-Floating Rate Series A Non-Cumulative Perpetual Preferred Stock,Q,N,N,NASDAQ
VMAR,Vision Marine Technologies Inc. - Common Shares,S,N,N,NASDAQ
VMBS,Vanguard Mortgage-Backed Securities ETF,G,Y,N,NASDAQ
VMD,"Viemed Healthcare, Inc. - Common Shares",S,N,N,NASDAQ
VMET,Versamet Royalties Corporation - Common Stock,S,N,N,NASDAQ
VNCE,Vince Holding Corp. - Common Stock,S,N,N,NASDAQ
VNDA,Vanda Pharmaceuticals Inc. - Common Stock,G,N,N,NASDAQ
VNET,"VNET Group, Inc. - American Depositary Shares",Q,N,N,NASDAQ
VNME,Vendome Acquisition Corporation I - Class A Ordinary Shares,G,N,N,NASDAQ
VNMEU,Vendome Acquisition Corporation I - Unit,G,N,N,NASDAQ
VNMEW,Vendome Acquisition Corporation I - Warrant,G,N,N,NASDAQ
VNOM,"Viper Energy, Inc.  - Class A Common Stock",Q,N,N,NASDAQ
VNQI,Vanguard Global ex-U.S. Real Estate ETF,G,Y,N,NASDAQ
VOD,Vodafone Group Plc - American Depositary Shares each representing ten Ordinary Shares,Q,N,N,NASDAQ
VOLT,Tema Electrification ETF,G,Y,N,NASDAQ
VONE,Vanguard Russell 1000 ETF,G,Y,N,NASDAQ
VONG,Vanguard Russell 1000 Growth ETF,G,Y,N,NASDAQ
VONV,Vanguard Russell 1000 Value ETF,G,Y,N,NASDAQ
VOR,Vor Biopharma Inc. - Common Stock,Q,N,N,NASDAQ
VOTE,TCW Transform 500 ETF,G,Y,N,NASDAQ
VOXR,Vox Royalty Corp. - common stock,S,N,N,NASDAQ
VPLS,Vanguard Core Plus Bond ETF,G,Y,N,NASDAQ
VRA,"Vera Bradley, Inc. - Common Stock",Q,N,N,NASDAQ
VRAX,Virax Biolabs Group Limited - Ordinary Shares,S,N,N,NASDAQ
VRCA,Verrica Pharmaceuticals Inc. - Common Stock,S,N,N,NASDAQ
VRDN,"Viridian Therapeutics, Inc.  - Common Stock",S,N,N,NASDAQ
VREX,Varex Imaging Corporation - Common Stock,Q,N,N,NASDAQ
VRIG,Invesco Variable Rate Investment Grade ETF,G,Y,N,NASDAQ
VRM,"Vroom, Inc. - Common Stock",G,N,N,NASDAQ
VRME,"VerifyMe, Inc. - Common Stock",S,N,N,NASDAQ
VRNS,"Varonis Systems, Inc. - Common Stock",Q,N,N,NASDAQ
VRRM,Verra Mobility Corporation - Class A Common Stock,S,N,N,NASDAQ
VRSK,"Verisk Analytics, Inc. - Common Stock",Q,N,N,NASDAQ
VRSN,"VeriSign, Inc. - Common Stock",Q,N,N,NASDAQ
VRTL,GraniteShares 2x Long VRT Daily ETF,G,Y,N,NASDAQ
VRTX,Vertex Pharmaceuticals Incorporated - Common Stock,Q,N,N,NASDAQ
VRXA,Veraxa Biotech AG - Ordinary Shares,G,N,N,NASDAQ
VRXAW,Veraxa Biotech AG - Warrants,S,N,N,NASDAQ
VS,Versus Systems Inc. - Common Stock,S,N,N,NASDAQ
VSA,VisionSys AI Inc. - American Depositary Shares,S,N,N,NASDAQ
VSAT,"ViaSat, Inc. - Common Stock",Q,N,N,NASDAQ
VSDA,VictoryShares Dividend Accelerator ETF,G,Y,N,NASDAQ
VSEC,VSE Corporation - Common Stock,Q,N,N,NASDAQ
VSECU,VSE Corporation - Tangible Equity Units,Q,N,N,NASDAQ
VSEE,"VSee Health, Inc. - Common Stock",S,N,N,NASDAQ
VSEEW,"VSee Health, Inc. - Warrant",S,N,N,NASDAQ
VSME,VS Media Holdings Limited - Class A Ordinary Shares,S,N,N,NASDAQ
VSMV,VictoryShares US Multi-Factor Minimum Volatility ETF,G,Y,N,NASDAQ
VSNT,"Versant Media Group, Inc. - Class A Common Stock",Q,N,N,NASDAQ
VSOL,VanEck Solana ETF,G,Y,N,NASDAQ
VSTD,Vestand Inc.  - Class A Common Stock,S,N,N,NASDAQ
VSTL,Defiance Daily Target 2X Long VST ETF,G,Y,N,NASDAQ
VSTM,"Verastem, Inc. - Common Stock",S,N,N,NASDAQ
VTC,Vanguard Total Corporate Bond ETF,G,Y,N,NASDAQ
VTGN,"Vistagen Therapeutics, Inc. - Common Stock",S,N,N,NASDAQ
VTHR,Vanguard Russell 3000 ETF,G,Y,N,NASDAQ
VTIP,Vanguard Short-Term Inflation-Protected Securities Index Fund ETF Shares,G,Y,N,NASDAQ
VTIX,Virtuix Holdings Inc. - Class A Common Stock,G,N,N,NASDAQ
VTRS,Viatris Inc. - Common Stock,Q,N,N,NASDAQ
VTSI,"VirTra, Inc. - Common Stock",S,N,N,NASDAQ
VTVT,vTv Therapeutics Inc. - Class A Common Stock,S,N,N,NASDAQ
VTWG,Vanguard Russell 2000 Growth ETF,G,Y,N,NASDAQ
VTWO,Vanguard Russell 2000 ETF,G,Y,N,NASDAQ
VTWV,Vanguard Russell 2000 Value ETF,G,Y,N,NASDAQ
VUZI,Vuzix Corporation  - Common Stock,S,N,N,NASDAQ
VVOS,"Vivos Therapeutics, Inc. - Common Stock",S,N,N,NASDAQ
VWAV,"VisionWave Holdings, Inc. - Common Stock",G,N,N,NASDAQ
VWAVW,"VisionWave Holdings, Inc. - Warrant",S,N,N,NASDAQ
VWOB,Vanguard Emerging Markets Government Bond ETF,G,Y,N,NASDAQ
VXUS,Vanguard Total International Stock ETF,G,Y,N,NASDAQ
VYGR,"Voyager Therapeutics, Inc. - Common Stock",Q,N,N,NASDAQ
VYMI,Vanguard International High Dividend Yield ETF,G,Y,N,NASDAQ
VYNE,VYNE Therapeutics Inc. - Common Stock,S,N,N,NASDAQ
WABC,Westamerica Bancorporation - Common Stock,Q,N,N,NASDAQ
WABF,Western Asset Bond ETF,G,Y,N,NASDAQ
WAFD,"WaFd, Inc. - Common Stock",Q,N,N,NASDAQ
WAFDP,"WaFd, Inc. - Depositary Shares",Q,N,N,NASDAQ
WAFU,Wah Fu Education Group Limited - Ordinary Shares,S,N,N,NASDAQ
WAI,Top KingWin Ltd - Class A Ordinary Shares,S,N,N,NASDAQ
WALD,Waldencast plc - Class A Ordinary Share,S,N,N,NASDAQ
WALDW,Waldencast plc - Warrant,S,N,N,NASDAQ
WAMA,WisdomTree US Adaptive Moving Average Fund,G,Y,N,NASDAQ
WARP,VanEck Space ETF,G,Y,N,NASDAQ
WASH,"Washington Trust Bancorp, Inc. - Common Stock",Q,N,N,NASDAQ
WATT,Energous Corporation - Common Stock,S,N,N,NASDAQ
WAVE,Eco Wave Power Global AB (publ) - American Depositary Shares,S,N,N,NASDAQ
WAY,Waystar Holding Corp. - Common Stock,Q,N,N,NASDAQ
WB,Weibo Corporation - American Depositary Shares,Q,N,N,NASDAQ
WBD,"Warner Bros. Discovery, Inc. - Series A Common Stock",Q,N,N,NASDAQ
WBTN,WEBTOON Entertainment Inc. - Common stock,Q,N,N,NASDAQ
WBUY,WEBUY GLOBAL LTD. - Class A Ordinary Shares,S,N,N,NASDAQ
WCBR,WisdomTree Cybersecurity Fund,G,Y,N,NASDAQ
WCLD,WisdomTree Cloud Computing Fund,G,Y,N,NASDAQ
WCT,Wellchange Holdings Company Limited - Class A Ordinary shares,S,N,N,NASDAQ
WDAF,WisdomTree Asia Defense Fund,G,Y,N,NASDAQ
WDAY,"Workday, Inc. - Class A Common Stock",Q,N,N,NASDAQ
WDC,Western Digital Corporation - Common Stock,Q,N,N,NASDAQ
WDFC,WD-40 Company - Common Stock,Q,N,N,NASDAQ
WDGF,WisdomTree Global Defense Fund,G,Y,N,NASDAQ
WEEI,Westwood Salient Enhanced Energy Income ETF,G,Y,N,NASDAQ
WEN,Wendy's Company (The) - Common Stock,Q,N,N,NASDAQ
WENN,Wen Acquisition Corp - Class A Ordinary Shares,G,N,N,NASDAQ
WENNU,Wen Acquisition Corp - Unit,G,N,N,NASDAQ
WENNW,Wen Acquisition Corp - Warrant,G,N,N,NASDAQ
WERN,"Werner Enterprises, Inc. - Common Stock",Q,N,N,NASDAQ
WEST,Westrock Coffee Company - Common Stock,G,N,N,NASDAQ
WETH,Wetouch Technology Inc. - Common Stock,S,N,N,NASDAQ
WETO,Wetour Robotics Limited - Ordinary Shares,S,N,N,NASDAQ
WEYS,"Weyco Group, Inc. - Common Stock",Q,N,N,NASDAQ
WFCF,"Where Food Comes From, Inc. - Common Stock",S,N,N,NASDAQ
WFF,WF Holding Limited - Ordinary Shares,S,N,N,NASDAQ
WFRD,Weatherford International plc - Ordinary shares,Q,N,N,NASDAQ
WGMI,CoinShares Bitcoin Mining ETF,G,Y,N,NASDAQ
WGRX,"Wellgistics Health, Inc. - Common Stock",S,N,N,NASDAQ
WGS,GeneDx Holdings Corp. - Class A Common Stock,Q,N,N,NASDAQ
WGSWW,GeneDx Holdings Corp. - Warrant,Q,N,N,NASDAQ
WHF,"WhiteHorse Finance, Inc. - Closed End Fund",Q,N,N,NASDAQ
WHFCL,"WhiteHorse Finance, Inc. - 7.875% Notes due 2028",Q,N,N,NASDAQ
WHLR,"Wheeler Real Estate Investment Trust, Inc. - Common Stock",S,N,N,NASDAQ
WHLRD,"Wheeler Real Estate Investment Trust, Inc. - Series D Cumulative Preferred Stock",S,N,N,NASDAQ
WHLRL,"Wheeler Real Estate Investment Trust, Inc. - 7.00% Senior Subordinated Convertible Notes Due 2031",S,N,N,NASDAQ
WHLRP,"Wheeler Real Estate Investment Trust, Inc. - Series B Preferred Stock",S,N,N,NASDAQ
WHWK,"Whitehawk Therapeutics, Inc. - Common Stock",S,N,N,NASDAQ
WILC,"G. Willi-Food International,  Ltd. - Ordinary Shares",S,N,N,NASDAQ
WIMA,WisdomTree International Adaptive Moving Average Fund,G,Y,N,NASDAQ
WIMI,WiMi Hologram Cloud Inc. - Class B Ordinary Shares,G,N,N,NASDAQ
WINA,Winmark Corporation - Common Stock,G,N,N,NASDAQ
WING,Wingstop Inc. - Common Stock,Q,N,N,NASDAQ
WISE,Themes Generative Artificial Intelligence ETF,G,Y,N,NASDAQ
WIX,Wix.com Ltd. - Ordinary Shares,Q,N,N,NASDAQ
WKEY,WISeKey International Holding Ltd - American Depositary Shares,G,N,N,NASDAQ
WKHS,"Workhorse Group, Inc. - Common Stock",S,N,N,NASDAQ
WKSP,"Worksport, Ltd. - Common Stock",S,N,N,NASDAQ
WLCOU,Wilco 63 Corporation - Units,G,N,N,NASDAQ
WLDN,"Willdan Group, Inc. - Common Stock",G,N,N,NASDAQ
WLDS,Wearable Devices Ltd. - Ordinary Share,S,N,N,NASDAQ
WLDSW,Wearable Devices Ltd. - Warrant,S,N,N,NASDAQ
WLFC,Willis Lease Finance Corporation - Common Stock,G,N,N,NASDAQ
WLII,Willow Lane Acquisition Corp. II - Class A Ordinary Shares,G,N,N,NASDAQ
WLIIU,Willow Lane Acquisition Corp. II - Unit,G,N,N,NASDAQ
WLIIW,Willow Lane Acquisition Corp. II - Warrants,G,N,N,NASDAQ
WLTH,Wealthfront Corporation - Common Stock,Q,N,N,NASDAQ
WMG,Warner Music Group Corp. - Class A Common Stock,Q,N,N,NASDAQ
WMT,Walmart Inc. - Common Stock,Q,N,N,NASDAQ
WNEB,"Western New England Bancorp, Inc. - Common Stock",Q,N,N,NASDAQ
WNW,Meiwu Technology Company Limited - Ordinary Shares,S,N,N,NASDAQ
WOK,WORK Medical Technology Group LTD - Class A Ordinary Shares,S,N,N,NASDAQ
WOOD,iShares Global Timber & Forestry ETF,G,Y,N,NASDAQ
WOOF,"Petco Health and Wellness Company, Inc. - Class A Common Stock",Q,N,N,NASDAQ
WPRT,Westport Fuel Systems Inc - Common Shares,Q,N,N,NASDAQ
WRAP,"Wrap Technologies, Inc. - Common Stock",S,N,N,NASDAQ
WRD,WeRide Inc. - American Depositary Shares,G,N,N,NASDAQ
WRLD,World Acceptance Corporation - Common Stock,Q,N,N,NASDAQ
WRND,NYLI Global Equity R&D Leaders ETF,G,Y,N,NASDAQ
WRTH,Worth Charting Options Income ETF,G,Y,N,NASDAQ
WSBC,"WesBanco, Inc. - Common Stock",Q,N,N,NASDAQ
WSBCO,"WesBanco, Inc. - Depositary Shares each representing 1/40th interest in a share of 7.375% Fixed-Rate Reset Non-Cumulative Perpetual Preferred Stock, Series B",Q,N,N,NASDAQ
WSBF,"Waterstone Financial, Inc. - Common Stock",Q,N,N,NASDAQ
WSBK,"Winchester Bancorp, Inc. - Common Stock",S,N,N,NASDAQ
WSC,WillScot Holdings Corporation - Class A Common Stock,S,N,N,NASDAQ
WSE,Wise Group plc - Class A Ordinary Shares,Q,N,N,NASDAQ
WSFS,WSFS Financial Corporation - Common Stock,Q,N,N,NASDAQ
WSGE,Warren Street Global Equity ETF,G,Y,N,NASDAQ
WSHP,WeShop Holdings Limited - Class A Ordinary Shares,S,N,N,NASDAQ
WSML,iShares MSCI World Small-Cap ETF,G,Y,N,NASDAQ
WSTN,Westin Acquisition Corp - Class A Ordinary Share,S,N,N,NASDAQ
WSTNR,Westin Acquisition Corp - Right,S,N,N,NASDAQ
WSTNU,Westin Acquisition Corp - Units,S,N,N,NASDAQ
WTBA,West Bancorporation - Common Stock,Q,N,N,NASDAQ
WTBN,WisdomTree Bianco Total Return Fund,G,Y,N,NASDAQ
WTF,Waton Financial Limited - Ordinary Shares,S,N,N,NASDAQ
WTFC,Wintrust Financial Corporation - Common Stock,Q,N,N,NASDAQ
WTFCN,"Wintrust Financial Corporation - Depositary Shares, Each Representing a 1/1,000th Interest in a Share of 7.875% Fixed-Rate Reset Non-Cumulative Perpetual Preferred Stock, Series F, no par value, with a liquidation preference of $25,000 per share",Q,N,N,NASDAQ
WTG,Wintergreen Acquisition Corp. - Ordinary Shares,S,N,N,NASDAQ
WTGUR,Wintergreen Acquisition Corp. - Rights,S,N,N,NASDAQ
WTGUU,Wintergreen Acquisition Corp. - Unit,S,N,N,NASDAQ
WTIP,WisdomTree Inflation Plus Fund,G,Y,N,NASDAQ
WTMU,WisdomTree Core Laddered Municipal Fund,G,Y,N,NASDAQ
WTMY,WisdomTree High Income Laddered Municipal Fund,G,Y,N,NASDAQ
WTO,UTime Limited - Class A Ordinary Shares,S,N,N,NASDAQ
WTW,Willis Towers Watson Public Limited Company - Ordinary Shares,Q,N,N,NASDAQ
WULF,TeraWulf Inc. - Common Stock,S,N,N,NASDAQ
WVE,Wave Life Sciences Ltd. - Ordinary Shares,G,N,N,NASDAQ
WVVI,"Willamette Valley Vineyards, Inc. - Common Stock",S,N,N,NASDAQ
WVVIP,"Willamette Valley Vineyards, Inc. - Series A Redeemable Preferred Stock",S,N,N,NASDAQ
WW,"WW International, Inc.  - Common Stock",G,N,N,NASDAQ
WWD,"Woodward, Inc. - Common Stock",Q,N,N,NASDAQ
WXM,WF International Limited - Ordinary Shares,S,N,N,NASDAQ
WYFI,"WhiteFiber, Inc. - Ordinary Shares",S,N,N,NASDAQ
WYHG,Wing Yip Food Holdings Group Limited - American Depositary Shares,S,N,N,NASDAQ
WYNN,"Wynn Resorts, Limited - Common Stock",Q,N,N,NASDAQ
XAIR,"Beyond Air, Inc. - Common Stock",S,N,N,NASDAQ
XAIX,Xtrackers Artificial Intelligence and Big Data ETF,G,Y,N,NASDAQ
XBCI,NEOS Boosted Bitcoin High Income ETF,G,Y,N,NASDAQ
XBIL,US Treasury 6 Month Bill ETF,G,Y,N,NASDAQ
XBIO,"Xenetic Biosciences, Inc. - Common Stock",S,N,N,NASDAQ
XBIT,XBiotech Inc. - Common Stock,Q,N,N,NASDAQ
XBP,"XBP Global Holdings, Inc. - Common Stock",S,N,N,NASDAQ
XBPEW,"XBP Global Holdings, Inc. - Warrant",S,N,N,NASDAQ
XBTY,GraniteShares YieldBOOST Bitcoin ETF,G,Y,N,NASDAQ
XCBE,X3 Acquisition Corp. Ltd. - Class A Ordinary Shares,G,N,N,NASDAQ
XCBEU,X3 Acquisition Corp. Ltd. - Unit,G,N,N,NASDAQ
XCBEW,X3 Acquisition Corp. Ltd. - Warrant,G,N,N,NASDAQ
XCH,XCHG Limited - ADS,G,N,N,NASDAQ
XCNY,State Street SPDR S&P Emerging Markets ex-China ETF,G,Y,N,NASDAQ
XCUR,"Exicure, Inc. - Common Stock",S,N,N,NASDAQ
XDEF,Xtrackers Europe Defense Technologies ETF,G,Y,N,NASDAQ
XE,"X-Energy, Inc. - Class A Common Stock",Q,N,N,NASDAQ
XEL,Xcel Energy Inc. - Common Stock,Q,N,N,NASDAQ
XELB,"Xcel Brands, Inc - Common Stock",S,N,N,NASDAQ
XELLL,"Xcel Energy Inc. - 6.25% Junior Subordinated Notes, Series due 2085",G,N,N,NASDAQ
XENE,Xenon Pharmaceuticals Inc. - Common Shares,G,N,N,NASDAQ
XERS,"Xeris Biopharma Holdings, Inc. - Common Stock",Q,N,N,NASDAQ
XEY,GraniteShares YieldBOOST Ether ETF,G,Y,N,NASDAQ
XFOR,"X4 Pharmaceuticals, Inc. - Common Stock",S,N,N,NASDAQ
XGN,Exagen Inc. - Common Stock,G,N,N,NASDAQ
XHG,XChange TEC.INC - American Depositary Shares,S,N,N,NASDAQ
XHLD,"TEN Holdings, Inc. - Common Stock",S,N,N,NASDAQ
XLO,"Xilio Therapeutics, Inc. - Common Stock",S,N,N,NASDAQ
XMAG,Defiance Large Cap ex-Mag 7 ETF,G,Y,N,NASDAQ
XMAX,"XMAX, Inc. - Common Stock",S,N,N,NASDAQ
XMTR,"Xometry, Inc. - Class A Common Stock",Q,N,N,NASDAQ
XNCR,"Xencor, Inc. - Common Stock",G,N,N,NASDAQ
XNDU,Xanadu Quantum Technologies Limited - Class B Subordinate Voting Shares,G,N,N,NASDAQ
XNET,Xunlei Limited - American Depositary Shares,Q,N,N,NASDAQ
XOMA,XOMA Royalty Corporation - Common Stock,G,N,N,NASDAQ
XOMAO,XOMA Royalty Corporation - Depositary Shares Rep Series B 8.375% Cumulative Preferred Stock,G,N,N,NASDAQ
XOMAP,XOMA Royalty Corporation - 8.625% Series A Cumulative Perpetual Preferred Stock,G,N,N,NASDAQ
XOMX,Direxion Daily XOM Bull 2X ETF,G,Y,N,NASDAQ
XOS,"Xos, Inc. - Common Stock",S,N,N,NASDAQ
XOSWW,"Xos, Inc. - Warrants",S,N,N,NASDAQ
XOVR,ERShares Private-Public Crossover ETF,G,Y,N,NASDAQ
XP,XP Inc. - Class A Common Stock,Q,N,N,NASDAQ
XPEG,Leverage Shares 2X Long XPEV Daily ETF,G,Y,N,NASDAQ
XPEL,"XPEL, Inc. - Common Stock",S,N,N,NASDAQ
XPON,Expion360 Inc. - Common Stock,S,N,N,NASDAQ
XQQI,NEOS Boosted Nasdaq-100 High Income ETF,G,Y,N,NASDAQ
XRAY,DENTSPLY SIRONA Inc. - Common Stock,Q,N,N,NASDAQ
XRPC,Canary XRP ETF,G,Y,N,NASDAQ
XRPI,Volatility Shares Trust XRP ETF,G,Y,N,NASDAQ
XRPN,Armada Acquisition Corp. II - Class A Ordinary Shares,G,N,N,NASDAQ
XRPNU,Armada Acquisition Corp. II - Units,G,N,N,NASDAQ
XRPNW,Armada Acquisition Corp. II - Warrant,G,N,N,NASDAQ
XRPT,Volatility Shares Trust XRP 2X ETF,G,Y,N,NASDAQ
XRTX,XORTX Therapeutics Inc. - Common Shares,S,N,N,NASDAQ
XRX,Xerox Holdings Corporation - Common Stock,Q,N,N,NASDAQ
XRXDW,Xerox Holdings Corporation - Warrants,Q,N,N,NASDAQ
XSLL,Xsolla SPAC 1 - Class A Ordinary Shares,G,N,N,NASDAQ
XSLLU,Xsolla SPAC 1 - Units,G,N,N,NASDAQ
XSLLW,Xsolla SPAC 1 - Warrants,G,N,N,NASDAQ
XSPC,VegaShares SpaceX & Beyond Earth ETF,G,Y,N,NASDAQ
XSPI,NEOS Boosted S&P 500 High Income ETF,G,Y,N,NASDAQ
XT,iShares Future Exponential Technologies ETF,G,Y,N,NASDAQ
XTIA,"XTI Aerospace, Inc. Common Stock  - Common Stock",S,N,N,NASDAQ
XTLB,XTL Biopharmaceuticals Ltd. - American Depositary Shares,S,N,N,NASDAQ
XWEL,"XWELL, Inc. - Common Stock",S,N,N,NASDAQ
XXII,"22nd Century Group, Inc - Common Stock",S,N,N,NASDAQ
XXX,CYBER HORNET S&P 500 and XRP 75/25 Strategy ETF,G,Y,N,NASDAQ
XYZG,Leverage Shares 2X Long XYZ Daily ETF,G,Y,N,NASDAQ
YAAS,Youxin Technology Ltd - Class A Ordinary shares,S,N,N,NASDAQ
YB,Yuanbao Inc. - American Depositary Shares,G,N,N,NASDAQ
YBMN,Defiance BMNR Option Income ETF,G,Y,N,NASDAQ
YBST,GraniteShares YieldBoost Single Stock Universe ETF,G,Y,N,NASDAQ
YBTY,GraniteShares YieldBoost TopYielders ETF,G,Y,N,NASDAQ
YDDL,One and One Green Technologies. INC - Class A Ordinary Shares,S,N,N,NASDAQ
YDES,YD Bio Limited - Ordinary Shares,G,N,N,NASDAQ
YDESW,YD Bio Limited - Warrants,G,N,N,NASDAQ
YDKG,Yueda Digital Holding - Class A Ordinary Share,S,N,N,NASDAQ
YHC,LQR House Inc. - Common Stock,S,N,N,NASDAQ
YHGJ,Yunhong Green CTI Ltd. - Common Stock,S,N,N,NASDAQ
YHNA,YHN Acquisition I Limited - Ordinary Shares,G,N,N,NASDAQ
YHNAR,YHN Acquisition I Limited - Right,G,N,N,NASDAQ
YHNAU,YHN Acquisition I Limited - Unit,G,N,N,NASDAQ
YI,"111, Inc. - American Depositary Shares",G,N,N,NASDAQ
YIBO,Planet Image International Limited - Class A Ordinary Shares,S,N,N,NASDAQ
YICCU,Yorkville International Capital Corp. - Units,G,N,N,NASDAQ
YJ,Yunji Inc. - American Depository Shares,S,N,N,NASDAQ
YLDE,Franklin ClearBridge Enhanced Income ETF,G,Y,N,NASDAQ
YMAT,"J-Star Holding Co., Ltd. - Class A Ordinary Shares",S,N,N,NASDAQ
YMT,Yimutian Inc. - American Depositary Shares; each representing 25 Class A ordinary shares,G,N,N,NASDAQ
YNOT,Horizon Digital Frontier ETF,G,Y,N,NASDAQ
YOKE,YOKE Core ETF,G,Y,N,NASDAQ
YOOV,Concorde International Group Ltd - Class A Ordinary Shares,S,N,N,NASDAQ
YORW,The York Water Company - Common Stock,Q,N,N,NASDAQ
YOUL,Youlife Group Inc. - American Depositary Shares,S,N,N,NASDAQ
YQ,17 Education & Technology Group Inc. - American Depositary Shares,Q,N,N,NASDAQ
YQQQ,YieldMax Short N100 Option Income Strategy ETF,G,Y,N,NASDAQ
YSPY,GraniteShares YieldBOOST SPY ETF,G,Y,N,NASDAQ
YSWY,"Yesway, Inc. - Class A Common Stock",Q,N,N,NASDAQ
YSXT,"YSX Tech. Co., Ltd  - Class A Ordinary Shares",S,N,N,NASDAQ
YTRA,"Yatra Online, Inc. - Ordinary Shares",S,N,N,NASDAQ
YXT,YXT.COM GROUP HOLDING LIMITED - American Depository Shares,G,N,N,NASDAQ
YYAI,AiRWA Inc. - Common Stock,S,N,N,NASDAQ
YYGH,YY Group Holding Limited - Class A Ordinary Shares,S,N,N,NASDAQ
Z,"Zillow Group, Inc. - Class C Capital Stock",Q,N,N,NASDAQ
ZAP,Global X U.S. Electrification ETF,G,Y,N,NASDAQ
ZAZZT,Tick Pilot Test Stock Class A Common Stock,G,N,Y,NASDAQ
ZBAO,Zhibao Technology Inc. - Class A Ordinary Shares,S,N,N,NASDAQ
ZBIO,"Zenas BioPharma, Inc. - Common Stock",Q,N,N,NASDAQ
ZBRA,Zebra Technologies Corporation - Class A Common Stock,Q,N,N,NASDAQ
ZBZZT,Test Pilot Test Stock Class B Common Stock,G,N,Y,NASDAQ
ZCMD,Zhongchao Inc. - Class A Ordinary Shares,S,N,N,NASDAQ
ZCZZT,Tick Pilot Test Stock Class C ,G,N,Y,NASDAQ
ZD,"Ziff Davis, Inc. - Common Stock",Q,N,N,NASDAQ
ZDAI,"DirectBooking Technology Co., Ltd. - Class A Ordinary Shares",S,N,N,NASDAQ
ZENA,"ZenaTech, Inc. - Common Stock",S,N,N,NASDAQ
ZEO,Zeo Energy Corporation - Class A Common Stock,S,N,N,NASDAQ
ZEOWW,Zeo Energy Corporation - Warrants,S,N,N,NASDAQ
ZG,"Zillow Group, Inc. - Class A Common Stock",Q,N,N,NASDAQ
ZHOG,F/m Opportunistic Income ETF,G,Y,N,NASDAQ
ZION,Zions Bancorporation N.A. - Common Stock,Q,N,N,NASDAQ
ZIONP,Zions Bancorporation N.A. - Depositary Shares each representing a 1/40th ownership interest in a share of Series A Floating-Rate Non-Cumulative Perpetual Preferred Stock,G,N,N,NASDAQ
ZJK,"ZJK Industrial Co., Ltd. - Class A Ordinary Shares",S,N,N,NASDAQ
ZJYL,JIN MEDICAL INTERNATIONAL LTD. - Class A Ordinary Shares,S,N,N,NASDAQ
ZJZZT,NASDAQ TEST STOCK,Q,N,Y,NASDAQ
ZKIN,"ZK International Group Co., Ltd - Ordinary Share",S,N,N,NASDAQ
ZKP,Lafayette Digital Acquisition Corp. I - Class A Ordinary Shares,G,N,N,NASDAQ
ZKPU,Lafayette Digital Acquisition Corp. I - Unit,G,N,N,NASDAQ
ZKPW,Lafayette Digital Acquisition Corp. I - Warrant,G,N,N,NASDAQ
ZLAB,Zai Lab Limited - American Depositary Shares,G,N,N,NASDAQ
ZM,"Zoom Communications, Inc. - Class A Common Stock",Q,N,N,NASDAQ
ZMUN,F/m Ultrashort Tax-Free Municipal ETF,G,Y,N,NASDAQ
ZNB,Zeta Network Group - Class A Ordinary Shares,S,N,N,NASDAQ
ZNTL,"Zentalis Pharmaceuticals, Inc. - common stock",G,N,N,NASDAQ
ZOOZ,ZOOZ Strategy Ltd. - Ordinary Shares,S,N,N,NASDAQ
ZOOZW,ZOOZ Strategy Ltd. - Warrant,S,N,N,NASDAQ
ZS,"Zscaler, Inc. - Common Stock",Q,N,N,NASDAQ
ZSQR,Z Squared Inc. - Common Stock,G,N,N,NASDAQ
ZSTK,ZeroStack Corp. - Common Stock,S,N,N,NASDAQ
ZTEK,Zentek Ltd. - common stock,S,N,N,NASDAQ
ZTEN,F/m 10-Year Investment Grade Corporate Bond ETF,G,Y,N,NASDAQ
ZTG,Zenta Group Company Limited - Class A Ordinary Shares,S,N,N,NASDAQ
ZTOP,F/m High Yield 100 ETF,G,Y,N,NASDAQ
ZTRE,F/m 3-Year Investment Grade Corporate Bond ETF,G,Y,N,NASDAQ
ZTWO,F/m 2-Year Investment Grade Corporate Bond ETF,G,Y,N,NASDAQ
ZUMZ,Zumiez Inc. - Common Stock,Q,N,N,NASDAQ
ZURA,Zura Bio Limited - Class A Ordinary shares,S,N,N,NASDAQ
ZVRA,"Zevra Therapeutics, Inc.  - Common Stock",Q,N,N,NASDAQ
ZVZZT,NASDAQ TEST STOCK,G,N,Y,NASDAQ
ZWZZT,NASDAQ TEST STOCK,S,N,Y,NASDAQ
ZXYZ.A,Nasdaq Symbology Test Common Stock,Q,N,Y,NASDAQ
ZXZZT,NASDAQ TEST STOCK,G,N,Y,NASDAQ
ZYBT,Zhengye Biotechnology Holding Limited - Class A Ordinary Shares,S,N,N,NASDAQ
ZYME,Zymeworks Inc. - Common Stock,Q,N,N,NASDAQ
File Creation Time: 0629202618:01,,,,,NASDAQ
A,"Agilent Technologies, Inc. Common Stock",,N,N,N
AA,Alcoa Corporation Common Stock ,,N,N,N
AAA,Alternative Access First Priority CLO Bond ETF,,Y,N,P
AAAA,Amplius Aggressive Asset Allocation ETF,,Y,N,Z
AAAC,Columbia AAA CLO ETF,,Y,N,P
AAAD,PGIM AAA CLO Aggregate Duration ETF,,Y,N,P
AAAU,Goldman Sachs Physical Gold ETF Shares,,Y,N,Z
AADX,"Applied Aerospace & Defense, Inc. Common Stock",,N,N,N
AAMI,Acadian Asset Management Inc. Common Stock,,N,N,N
AAOG,Leverage Shares 2X Long AAOI Daily ETF,,Y,N,Z
AAOX,Tradr 2X Long AAOI Daily ETF,,Y,N,Z
AAP,Advance Auto Parts Inc.,,N,N,N
AAPR,Innovator Equity Defined Protection ETF - 2 Yr to April 2028,,Y,N,Z
AAPW,Roundhill AAPL WeeklyPay ETF,,Y,N,Z
AAPX,T-Rex 2X Long Apple Daily Target ETF,,Y,N,Z
AAPY,Kurv Yield Premium Strategy Apple (AAPL) ETF,,Y,N,Z
AAT,"American Assets Trust, Inc. Common Stock",,N,N,N
AAUA,Alpha Architect US Equity 3 ETF,,Y,N,Z
AAUC,Allied Gold Corporation Common Shares,,N,N,N
AAUM,Tema Alternative Asset Managers ETF,,Y,N,Z
AB,AllianceBernstein Holding L.P.  Units,,N,N,N
ABBV,AbbVie Inc. Common Stock,,N,N,N
ABCB,Ameris Bancorp Common Stock,,N,N,N
ABEQ,Absolute Select Value ETF,,Y,N,P
ABEV,Ambev S.A. American Depositary Shares (Each representing 1 Common Share),,N,N,N
ABFL,Abacus FCF Leaders ETF,,Y,N,Z
ABG,Asbury Automotive Group Inc Common Stock,,N,N,N
ABLD,Abacus FCF Real Assets Leaders ETF,,Y,N,Z
ABLG,Abacus FCF International Leaders ETF,,Y,N,Z
ABLS,Abacus FCF Small Cap Leaders ETF,,Y,N,Z
ABM,ABM Industries Incorporated Common Stock,,N,N,N
ABOT,Abacus FCF Innovation Leaders ETF,,Y,N,Z
ABR,Arbor Realty Trust Common Stock,,N,N,N
ABR$D,"Arbor Realty Trust 6.375% Series D Cumulative Redeemable Preferred Stock, Liquidation Preference $25.00 per Share",,N,N,N
ABR$E,Arbor Realty Trust 6.25% Series E Cumulative Redeemable Preferred Stock,,N,N,N
ABR$F,"Arbor Realty Trust 6.25% Series F Fixed-to-Floating Rate Cumulative Redeemable Preferred Stock, Liquidation Preference $25.00 per share",,N,N,N
ABT,Abbott Laboratories Common Stock,,N,N,N
ABUF,Aptus Laddered Buffer ETF,,Y,N,Z
ABX,"Abacus Global Management, Inc. Class A Common Stock",,N,N,N
ABXB,Abacus Flexible Bond Leaders ETF,,Y,N,Z
ABXL,"Abacus Global Management, Inc. 9.875% Fixed Rate Senior Notes due 2028",,N,N,N
ACA,"Arcosa, Inc. Common Stock ",,N,N,N
ACCO,Acco Brands Corporation Common Stock,,N,N,N
ACCS,ACCESS Newswire Inc. Common Stock,,N,N,A
ACEI,Innovator Equity Autocallable Income Strategy ETF,,Y,N,P
ACEL,"Accel Entertainment, Inc. ",,N,N,N
ACES,ALPS Clean Energy ETF,,Y,N,P
ACGO,Hartford Alpha Capture Growth ETF,,Y,N,Z
ACGR,American Century Large Cap Growth ETF,,Y,N,P
ACH,"Accendra Health, Inc. Common Stock",,N,N,N
ACHR,Archer Aviation Inc. Class A Common Stock,,N,N,N
ACHR.W,"Archer Aviation Inc. Redeemable Warrants, each whole warrant exercisable for one Class A common stock at an exercise price of $11.50",,N,N,N
ACI,"Albertsons Companies, Inc. Class A Common Stock",,N,N,N
ACII,Innovator Index Autocallable Income Strategy ETF,,Y,N,P
ACIO,Aptus Collared Investment Opportunity ETF,,Y,N,Z
ACKY,VistaShares Target 15 ACKtivist Distribution ETF,,Y,N,P
ACLC,American Century Large Cap Equity ETF,,Y,N,P
ACLO,TCW AAA CLO ETF,,Y,N,N
ACLZ,Corgi ACLS 2x Daily ETF,,Y,N,Z
ACM,AECOM Common Stock,,N,N,N
ACMM,Corgi ACMR 2x Daily ETF,,Y,N,Z
ACN,Accenture plc Class A Ordinary Shares (Ireland),,N,N,N
ACOM,Harbor Active Commodity ETF,,Y,N,P
ACP,abrdn Income Credit Strategies Fund Common Shares,,N,N,N
ACP$A,abrdn Income Credit Strategies Fund 5.250% Series A Perpetual Preferred Stock,,N,N,N
ACR,ACRES Commercial Realty Corp. Common Stock,,N,N,N
ACR$C,ACRES Commercial Realty Corp. 8.625% Fixed-to-Floating Series C Cumulative Redeemable Preferred Stock ,,N,N,N
ACR$D,ACRES Commercial Realty Corp. 7.875% Series D Cumulative Redeemable Preferred Stock,,N,N,N
ACRE,Ares Commercial Real Estate Corporation Common Stock,,N,N,N
ACSG,American Century Small Cap Growth Insights ETF,,Y,N,Z
ACSI,American Customer Satisfaction ETF,,Y,N,Z
ACSV,American Century Small Cap Value Insights ETF,,Y,N,Z
ACTS,FIS Tactical Equity ETF,,Y,N,P
ACU,Acme United Corporation. Common Stock,,N,N,A
ACV,Virtus Diversified Income & Convertible Fund Common Shares of Beneficial Interest,,N,N,N
ACVA,ACV Auctions Inc. Class A Common Stock,,N,N,N
ACVF,American Conservative Values ETF,,Y,N,P
ACVT,Advent Convertible Bond ETF,,Y,N,P
ACVU,Hartford Alpha Capture Value ETF,,Y,N,Z
ACWV,iShares MSCI Global Min Vol Factor ETF,,Y,N,Z
ACYN,FT Vest Laddered Autocallable Barrier & Income ETF,,Y,N,P
ACYQ,FT Vest Autocallable Barrier & High Income ETF,,Y,N,P
ACYS,FT Vest Laddered Autocallable Barrier & Resilient Income ETF,,Y,N,P
AD,"Array Digital Infrastructure, Inc. Common Shares",,N,N,N
ADBU,Direxion Daily ADBE Bull 2X ETF,,Y,N,P
ADC,Agree Realty Corporation Common Stock,,N,N,N
ADC$A,"Agree Realty Corporation Depositary Shares, each representing 1/1,000th of a 4.250% Series A Cumulative Redeemable Preferred Stock",,N,N,N
ADCT,ADC Therapeutics SA Common Shares,,N,N,N
ADDS,Hedgeye Index Adds ETF,,Y,N,P
ADFI,Anfield Dynamic Fixed Income ETF,,Y,N,Z
ADIU,Leverage Shares 2X Long ADI Daily ETF,,Y,N,Z
ADIV,Guinness Atkinson Asia Pacific Dividend Builder ETF,,Y,N,P
ADM,Archer-Daniels-Midland Company Common Stock,,N,N,N
ADME,Aptus Drawdown Managed Equity ETF,,Y,N,Z
ADNT,Adient plc Ordinary Shares ,,N,N,N
ADPV,Adaptiv Select ETF,,Y,N,P
ADT,ADT Inc. Common Stock,,N,N,N
ADVE,Matthews Asia Dividend Active ETF,,Y,N,P
ADX,Adams Diversified Equity Fund Inc.,,N,N,N
AEE,Ameren Corporation Common Stock,,N,N,N
AEF,"abrdn Emerging Markets ex-China Fund, Inc. Common Stock",,N,N,A
AEFC,Aegon Funding Company LLC 5.10% Subordinated Notes due 2049,,N,N,N
AEG,Aegon Ltd. New York Registry Shares,,N,N,N
AEHG,Leverage Shares 2X Long AEHR Daily ETF,,Y,N,Z
AEM,Agnico Eagle Mines Limited Common Stock,,N,N,N
AEMS,Anfield Enhanced Market ETF,,Y,N,Z
AEO,"American Eagle Outfitters, Inc. Common Stock",,N,N,N
AEON,"AEON Biopharma, Inc. Class A Common Stock",,N,N,A
AER,AerCap Holdings N.V. Ordinary Shares,,N,N,N
AERO,"Grupo Aeromexico, S.A.B. de C.V. American Depositary Shares (each representing ten (10) Common Shares)",,N,N,N
AES,The AES Corporation Common Stock,,N,N,N
AESI,Atlas Energy Solutions Inc. Common Stock,,N,N,N
AESR,Anfield U.S. Equity Sector Rotation ETF,,Y,N,Z
AETH,Bitwise Trendwise Ether and Treasuries Rotation Strategy ETF,,Y,N,P
AEXA,American Exceptionalism Acquisition Corp. A Class A Ordinary Shares,,N,N,N
AFB,AllianceBernstein National Municipal Income Fund Inc,,N,N,N
AFG,"American Financial Group, Inc. Common Stock",,N,N,N
AFGB,"American Financial Group, Inc. 5.875% Subordinated Debentures due 2059",,N,N,N
AFGC,"American Financial Group, Inc. 5.125% Subordinated Debentures due 2059",,N,N,N
AFGD,"American Financial Group, Inc. 5.625% Subordinated Debentures due 2060",,N,N,N
AFGE,"American Financial Group, Inc. 4.500% Subordinated Debentures due 2060",,N,N,N
AFGR,First Trust Multi-Manager Large Growth ETF,,Y,N,P
AFIF,Anfield Universal Fixed Income ETF,,Y,N,Z
AFIX,Allspring Broad Market Core Bond ETF,,Y,N,P
AFK,VanEck Africa Index ETF,,Y,N,P
AFL,AFLAC Incorporated Common Stock,,N,N,N
AFLG,First Trust Active Factor Large Cap ETF,,Y,N,P
AFMC,First Trust Active Factor Mid Cap ETF,,Y,N,P
AFRU,T-REX 2X Long AFRM Daily Target ETF,,Y,N,Z
AFSM,First Trust Active Factor Small Cap ETF,,Y,N,P
AG,First Majestic Silver Corp. Ordinary Shares (Canada),,N,N,N
AGBK,AGI Inc Class A Common Shares,,N,N,N
AGCO,AGCO Corporation Common Stock,,N,N,N
AGD,abrdn Global Dynamic Dividend Fund Common Shares of Beneficial Interest,,N,N,N
AGG,iShares Core U.S. Aggregate Bond ETF,,Y,N,P
AGGH,Simplify Aggregate Bond ETF,,Y,N,P
AGGS,Harbor Disciplined Bond ETF,,Y,N,P
AGGY,WisdomTree Yield Enhanced U.S. Aggregate Bond Fund,,Y,N,P
AGI,Alamos Gold Inc. Class A Common Shares,,N,N,N
AGIG,Abundia Global Impact Group Inc. Common stock,,N,N,A
AGIQ,SoFi Agentic AI ETF,,Y,N,P
AGL,"agilon health, inc. Common Stock",,N,N,N
AGM,Federal Agricultural Mortgage Corporation Common Stock,,N,N,N
AGM$D,"Federal Agricultural Mortgage Corporation 5.700% Non-Cumulative Preferred Stock, Series D",,N,N,N
AGM$E,"Federal Agricultural Mortgage Corporation 5.750% Non-Cumulative Preferred Stock, Series E",,N,N,N
AGM$F,"Federal Agricultural Mortgage Corporation 5.250% Non-Cumulative Preferred Stock, Series F",,N,N,N
AGM$G,"Federal Agricultural Mortgage Corporation 4.875% Non-Cumulative Preferred Stock, Series G",,N,N,N
AGM$H,"Federal Agricultural Mortgage Corporation 6.500% Non-Cumulative Preferred Stock, Series H",,N,N,N
AGM$I,"Federal Agricultural Mortgage Corporation 6.875% Non-Cumulative Preferred Stock, Series I",,N,N,N
AGM.A,Federal Agricultural Mortgage Corporation Common Stock,,N,N,N
AGO,Assured Guaranty Ltd. Common Stock,,N,N,N
AGOX,Adaptive Alpha Opportunities ETF,,Y,N,P
AGQ,ProShares Ultra Silver,,Y,N,P
AGQI,First Trust Active Global Quality Income ETF,,Y,N,P
AGRH,iShares Interest Rate Hedged U.S. Aggregate Bond ETF,,Y,N,P
AGRO,Adecoagro S.A. Common Shares,,N,N,N
AGRW,Allspring LT Large Growth ETF,,Y,N,P
AGX,"Argan, Inc. Common Stock",,N,N,N
AGZ,iShares  Agency Bond ETF,,Y,N,P
AHL$D,Aspen Insurance Holdings Limited 5.625% Perpetual Non-Cumulative Preference Shares,,N,N,N
AHL$E,"Aspen Insurance Holdings Limited Depositary Shares, each representing a 1/1000th interest in a share of 5.625% Perpetual Non-Cumulative Preference Shares",,N,N,N
AHL$F,"Aspen Insurance Holdings Limited Depositary Shares, each representing a 1/1,000th Interest in a 7.00% Perpetual Non-Cumulative Preference Share",,N,N,N
AHLT,AHL Trend ETF,,Y,N,P
AHR,"American Healthcare REIT, Inc. Common Stock",,N,N,N
AHRT,"AH Realty Trust, Inc. Common Stock",,N,N,N
AHRT$A,"AH Realty Trust, Inc. 6.75% Series A Cumulative Redeemable Perpetual Preferred Stock",,N,N,N
AHT,Ashford Hospitality Trust Inc Common Stock,,N,N,N
AHT$D,Ashford Hospitality Trust Inc 8.45% Series D Cumulative Preferred Stock,,N,N,N
AHT$F,Ashford Hospitality Trust Inc 7.375% Series F Cumulative Preferred Stock,,N,N,N
AHT$G,Ashford Hospitality Trust Inc 7.375% Series G Cumulative Preferred Stock,,N,N,N
AHT$H,Ashford Hospitality Trust Inc 7.50% Series H Cumulative Preferred Stock,,N,N,N
AHT$I,Ashford Hospitality Trust Inc 7.50% Series I Cumulative Preferred Stock,,N,N,N
AHYB,American Century Select High Yield ETF,,Y,N,P
AI,"C3.ai, Inc. Class A Common Stock",,N,N,N
AIB,AIB Data Centers Inc. Common Stock,,N,N,A
AIBD,Direxion Daily AI and Big Data Bear 2X ETF,,Y,N,P
AIBU,Direxion Daily AI and Big Data Bull 2X ETF,,Y,N,P
AIEQ,Amplify AI Powered Equity ETF,,Y,N,P
AIG,"American International Group, Inc. New Common Stock",,N,N,N
AII,"American Integrity Insurance Group, Inc. Common Stock",,N,N,N
AIIA,AI Infrastructure Acquisition Corp. Class A Ordinary Shares,,N,N,N
AIIA.R,"AI Infrastructure Acquisition Corp. Rights, each entitling the holder to receive one-fifth (1/5) of one Class A Ordinary Share",,N,N,N
AIIA.U,"AI Infrastructure Acquisition Corp. Units, each consisting of one Class A Ordinary Share and one Right",,N,N,N
AIM,AIM ImmunoTech Inc. Common Stock,,N,N,A
AIN,Albany International Corporation Common Stock,,N,N,N
AINP,Allspring Income Plus ETF,,Y,N,P
AINT,FINQ DOLLAR NEUTRAL U.S. Large Cap AI-Managed Equity ETF,,Y,N,P
AIO,Virtus Artificial Intelligence & Technology Opportunities Fund Common Shares of Beneficial Interest,,N,N,N
AIOO,AllianzIM U.S. Equity Buffer100 Protection ETF,,Y,N,Z
AIQD,MicroSectors -3? Short Artificial Intelligence (AI) ETNs,,Y,N,P
AIQU,MicroSectors 3? Long Artificial Intelligence (AI) ETNs,,Y,N,P
AIR,AAR Corp. Common Stock,,N,N,N
AIRI,Air Industries Group Common Stock,,N,N,A
AIS,VistaShares Artificial Intelligence Supercycle ETF,,Y,N,P
AIT,"Applied Industrial Technologies, Inc. Common Stock",,N,N,N
AIUP,FINQ FIRST U.S. Large Cap AI-Managed Equity ETF,,Y,N,P
AIV,Apartment Investment and Management Company Common Stock,,N,N,N
AIVC,Amplify Bloomberg AI Equal Weight ETF,,Y,N,P
AIVI,WisdomTree International AI Enhanced Value Fund,,Y,N,P
AIVL,WisdomTree U.S. AI Enhanced Value Fund,,Y,N,P
AIYY,YieldMax AI Option Income Strategy ETF,,Y,N,P
AIZ,"Assurant, Inc. Common Stock",,N,N,N
AIZN,"Assurant, Inc. 5.25% Subordinated Notes due 2061",,N,N,N
AJAN,Innovator Equity Defined Protection ETF - 2 Yr to January 2028,,Y,N,Z
AJG,Arthur J. Gallagher & Co. Common Stock,,N,N,N
AJUL,Innovator Equity Defined Protection ETF - 2 Yr to July 2026,,Y,N,Z
AKA,a.k.a. Brands Holding Corp. Common Stock,,N,N,N
AKAF,The Frontier Economic Fund,,Y,N,N
AKO.A,Embotelladora Andina S.A. Common Stock,,N,N,N
AKO.B,Embotelladora Andina S.A. Common Stock,,N,N,N
AKR,Acadia Realty Trust Common Stock,,N,N,N
AKRE,Akre Focus ETF,,Y,N,P
ALAI,Alger AI Enablers & Adopters ETF,,Y,N,P
ALB,Albemarle Corporation Common Stock,,N,N,N
ALB$A,Albemarle Corporation Depositary Shares each representing a 1/20th of 7.25% Series A Mandatory Convertible Preferred Stock,,N,N,N
ALC,Alcon Inc. Ordinary Shares,,N,N,N
ALDB,Aptus Laddered Deep Buffer ETF,,Y,N,Z
ALG,"Alamo Group, Inc. Common Stock",,N,N,N
ALH,Alliance Laundry Holdings Inc. Common Stock,,N,N,N
ALIT,"Alight, Inc. Class A Common Stock",,N,N,N
ALK,"Alaska Air Group, Inc. Common Stock",,N,N,N
ALL,Allstate Corporation (The) Common Stock,,N,N,N
ALL$B,Allstate Corporation (The) 5.100% Fixed-to-Floating Rate Subordinated Debentures due 2053,,N,N,N
ALL$H,"Allstate Corporation (The) Depositary Shares each representing a 1/1,000th interest in a share of Fixed Rate Noncumulative Perpetual Preferred Stock, Series H",,N,N,N
ALL$I,"Allstate Corporation (The) Depositary Shares each representing a 1/1,000th interest in a share of Fixed Rate Noncumulative Perpetual Preferred Stock, Series I",,N,N,N
ALL$J,"Allstate Corporation (The) Depositary Shares each representing a 1/1,000th interest in a share of Fixed Rate Noncumulative Perpetual Preferred Stock, Series J",,N,N,N
ALLE,Allegion plc Ordinary Shares,,N,N,N
ALLY,Ally Financial Inc. Common Stock,,N,N,N
ALRG,Allspring LT Large Core ETF,,Y,N,P
ALSN,"Allison Transmission Holdings, Inc. Common Stock",,N,N,N
ALTG,Alta Equipment Group Inc. Class A Common Stock,,N,N,N
ALTG$A,Alta Equipment Group Inc. Depositary Shares (each representing 1/1000th in a share of 10% Series A Cumulative Perpetual Preferred Stock),,N,N,N
ALTL,Pacer Lunt Large Cap Alternator ETF,,Y,N,P
ALUB,Alussa Energy Acquisition Corp. II Class A Ordinary Shares,,N,N,N
ALUB.U,"Alussa Energy Acquisition Corp. II Units, each consisting of one Class A ordinary share and one-third of one redeemable warrant",,N,N,N
ALUB.W,"Alussa Energy Acquisition Corp. II Redeemable Warrants, each whole warrant exercisable for one Class A ordinary share at an exercise price of $11.50 per share",,N,N,N
ALV,"Autoliv, Inc. Common Stock",,N,N,N
ALX,"Alexander's, Inc. Common Stock",,N,N,N
AM,Antero Midstream Corporation Common Stock,,N,N,N
AMAA,Corgi AMZN 2x Daily ETF,,Y,N,Z
AMAU,Leverage Shares 2X Long AMAT Daily ETF,,Y,N,Z
AMAX,Adaptive Hedged Multi-Asset Income ETF,,Y,N,P
AMBO,Ambow Education Holding Ltd. American Depository Shares (each representing twenty (20) Class A Ordinary Shares),,N,N,A
AMBP,Ardagh Metal Packaging S.A. Ordinary Shares,,N,N,N
AMBQ,"Ambiq Micro, Inc. Common Stock",,N,N,N
AMC,"AMC Entertainment Holdings, Inc. Class A Common Stock",,N,N,N
AMCR,Amcor plc Ordinary Shares,,N,N,N
AMDC,Corgi AMD 2x Daily ETF,,Y,N,Z
AMDW,Roundhill AMD WeeklyPay ETF,,Y,N,Z
AMDY,Yieldmax AMD Option Income Strategy ETF,,Y,N,P
AME,"AMETEK, Inc.",,N,N,N
AMG,"Affiliated Managers Group, Inc. Common Stock",,N,N,N
AMH,American Homes 4 Rent Common Shares of Beneficial Interest,,N,N,N
AMH$G,American Homes 4 Rent Series G cumulative redeemable perpetual preferred shares of beneficial interest,,N,N,N
AMH$H,American Homes 4 Rent Series H cumulative redeemable perpetual Preferred Shares of Beneficial Interest,,N,N,N
AMHI,American Beacon Aberdeen Municipal High Income ETF,,Y,N,P
AMJB,Alerian MLP Index ETN,,Y,N,P
AMKL,Defiance Daily Target 2X Long AMKR ETF,,Y,N,Z
AMLP,Alerian MLP ETF,,Y,N,P
AMN,AMN Healthcare Services Inc,,N,N,N
AMOM,QRAFT AI-Enhanced U.S. Large Cap Momentum ETF,,Y,N,P
AMP,"Ameriprise Financial, Inc. Common Stock",,N,N,N
AMPU,Defiance Daily Target 2X Long AMPX ETF,,Y,N,Z
AMPX,"Amprius Technologies, Inc. Common Stock",,N,N,N
AMPX.W,"Amprius Technologies, Inc. Warrants to purchase one share of Common Stock at an exercise price of $11.50 per share",,N,N,N
AMPY,Amplify Energy Corp. Common Stock,,N,N,N
AMR,"Alpha Metallurgical Resources, Inc. Common Stock",,N,N,N
AMRC,"Ameresco, Inc. Class A Common Stock",,N,N,N
AMRZ,Amrize Ltd Ordinary Shares,,N,N,N
AMS,American Shared Hospital Services Common Stock,,N,N,A
AMT,American Tower Corporation (REIT) Common Stock,,N,N,N
AMTB,Amerant Bancorp Inc. Class A Common Stock,,N,N,N
AMTD,"AMTD IDEA Group American Depositary Shares, each representing six (6) Class A Ordinary Shares",,N,N,N
AMTM,"Amentum Holdings, Inc. Common Stock",,N,N,N
AMUB,"ETRACS Alerian MLP Index ETN Series B due July 18, 2042",,N,N,P
AMWL,American Well Corporation Class A Common Stock,,N,N,N
AMX,"America Movil, S.A.B. de C.V. American Depositary Shares (each representing the right to receive twenty (20) Series B Shares",,N,N,N
AMZA,InfraCap MLP ETF,,Y,N,P
AMZE,"Amaze Holdings, Inc. Common Stock",,N,N,A
AMZO,Tradr 2X Short AMZN Daily ETF,,Y,N,Z
AMZP,Kurv Yield Premium Strategy Amazon (AMZN) ETF,,Y,N,Z
AMZW,Roundhill AMZN WeeklyPay ETF,,Y,N,Z
AMZY,YieldMax AMZN Option Income Strategy ETF,,Y,N,P
AN,"AutoNation, Inc. Common Stock",,N,N,N
ANDG,Andersen Group Inc. Class A Common Stock,,N,N,N
ANET,"Arista Networks, Inc. Common Stock",,N,N,N
ANEW,ProShares MSCI Transformational Changes ETF,,Y,N,P
ANF,Abercrombie & Fitch Company Common Stock,,N,N,N
ANG$D,"American National Group Inc. Depositary Shares, each representing a 1/1000th interest in a share of 7.375% Fixed-Rate Non-Cumulative Preferred Stock, Series D",,N,N,N
ANGX,"Angel Studios, Inc. Class A Common Stock",,N,N,N
ANRO,"Alto Neuroscience, Inc. Common Stock",,N,N,N
ANVS,"Annovis Bio, Inc. Common Stock",,N,N,N
AOA,iShares Core 80/20 Aggressive Allocation ETF,,Y,N,P
AOCT,Innovator Equity Defined Protection ETF - 2 Yr to October 2026,,Y,N,Z
AOD,abrdn Total Dynamic Dividend Fund Common Shares of Beneficial Interest,,N,N,N
AOK,iShares Core 30/70 Conservative Allocation ETF,,Y,N,P
AOM,iShares Core 40/60 Moderate Allocation ETF,,Y,N,P
AOMD,"Angel Oak Mortgage REIT, Inc. 9.750% Senior Notes due 2030",,N,N,N
AOMN,"Angel Oak Mortgage REIT, Inc. 9.500% Senior Notes due 2029",,N,N,N
AOMR,"Angel Oak Mortgage REIT, Inc. Common Stock",,N,N,N
AON,Aon plc Class A Ordinary Shares (Ireland),,N,N,N
AOR,iShares Core 60/40 Balanced Allocation ETF,,Y,N,P
AORT,"Artivion, Inc. Common Stock",,N,N,N
AOS,A.O. Smith Corporation Common Stock,,N,N,N
AOTS,AOT Software Platform ETF,,Y,N,P
AP,Ampco-Pittsburgh Corporation Common Stock,,N,N,N
APAM,Artisan Partners Asset Management Inc. Class A Common Stock,,N,N,N
APCB,ActivePassive Core Bond ETF,,Y,N,P
APD,"Air Products and Chemicals, Inc. Common Stock",,N,N,N
APDB,Aptus April Deep Buffer ETF,,Y,N,Z
APG,APi Group Corporation Common Stock,,N,N,N
APH,Amphenol Corporation Common Stock,,N,N,N
APHG,Leverage Shares 2X Long APH Daily ETF,,Y,N,Z
APHU,T-REX 2X Long APH Daily Target ETF,,Y,N,Z
APIE,ActivePassive International Equity ETF,,Y,N,P
APLE,"Apple Hospitality REIT, Inc. Common Shares",,N,N,N
APLU,Allspring Core Plus ETF,,Y,N,P
APLX,Tradr 2X Long APLD Daily ETF,,Y,N,Z
APLY,YieldMax AAPL Option Income Strategy ETF,,Y,N,P
APLZ,Tradr 2X Short APLD Daily ETF,,Y,N,Z
APMU,ActivePassive Intermediate Municipal Bond ETF,,Y,N,P
APO,"Apollo Global Management, Inc. (New) Common Stock",,N,N,N
APO$A,"Apollo Global Management, Inc. 6.75% Series A Mandatory Convertible Preferred Stock",,N,N,N
APOC,Innovator Equity Defined Protection ETF - 6mo Apr/Oct,,Y,N,Z
APOS,"Apollo Global Management, Inc. 7.625% Fixed-Rate Resettable Junior Subordinated Notes due 2053",,N,N,N
APPC,Corgi APP 2x Daily ETF,,Y,N,Z
APRB,Aptus April Buffer ETF,,Y,N,Z
APRH,Innovator Premium Income 20 Barrier ETF - April,,Y,N,Z
APRJ,Innovator Premium Income 30 Barrier ETF - April,,Y,N,Z
APRP,PGIM S&P 500 Buffer 12 ETF - April,,Y,N,Z
APRT,AllianzIM U.S. Large Cap Buffer10 Apr ETF,,Y,N,Z
APRW,AllianzIM U.S. Large Cap Buffer20 Apr ETF,,Y,N,Z
APRZ,TrueShares Structured Outcome (April) ETF,,Y,N,Z
APT,"Alpha Pro Tech, Ltd. Common Stock",,N,N,A
APTV,Aptiv PLC Ordinary Shares,,N,N,N
APUE,ActivePassive U.S. Equity ETF,,Y,N,P
APUS,"Apimeds Pharmaceuticals US, Inc. Common Stock",,N,N,A
APXM,FT Vest U.S. Equity Max Buffer ETF - April,,Y,N,Z
AQEC,AQE Core ETF,,Y,N,Z
AQLT,iShares MSCI Global Quality Factor ETF,,Y,N,Z
AQN,Algonquin Power & Utilities Corp. Common Shares,,N,N,N
AQNB,"Algonquin Power & Utilities Corp. 6.20% Fixed-to-Floating Subordinated Notes Series 2019-A due July 1, 2079",,N,N,N
AR,Antero Resources Corporation Common Stock,,N,N,N
ARB,AltShares Merger Arbitrage ETF,,Y,N,P
ARCM,Arrow Reserve Capital Management ETF,,Y,N,Z
ARCO,Arcos Dorados Holdings Inc. Class A Shares,,N,N,N
ARCX,Tradr 2X Long ACHR Daily ETF,,Y,N,Z
ARDC,"Ares Dynamic Credit Allocation Fund, Inc. Common Shares",,N,N,N
ARDT,"Ardent Health, Inc. Common Stock",,N,N,N
ARE,"Alexandria Real Estate Equities, Inc. Common Stock",,N,N,N
AREN,"The Arena Group Holdings, Inc. Common Stock",,N,N,A
ARES,Ares Management Corporation Class A Common Stock,,N,N,N
ARES$B,Ares Management Corporation 6.75% Series B Mandatory Convertible Preferred Stock,,N,N,N
ARGT,Global X MSCI Argentina ETF,,Y,N,P
ARI,"Apollo Commercial Real Estate Finance, Inc",,N,N,N
ARIS,Aris Mining Corporation Common Shares,,N,N,N
ARKB,ARK 21Shares Bitcoin ETF ,,Y,N,Z
ARKD,ARK DIET Q1 Buffer ETF,,Y,N,Z
ARKF,ARK Blockchain & Fintech Innovation ETF,,Y,N,Z
ARKG,ARK Genomic Revolution ETF,,Y,N,Z
ARKI,ARK DIET Q2 Buffer ETF,,Y,N,Z
ARKK,ARK Innovation ETF,,Y,N,Z
ARKQ,ARK Autonomous Technology & Robotics ETF,,Y,N,Z
ARKT,ARK DIET Q4 Buffer ETF,,Y,N,Z
ARKW,ARK Next Generation Internet ETF,,Y,N,Z
ARKX,ARK Space & Defense Innovation ETF,,Y,N,Z
ARL,"American Realty Investors, Inc. Common Stock",,N,N,N
ARLI,AllianzIM International Equity Buffer15 Uncapped Apr ETF,,Y,N,Z
ARLO,"Arlo Technologies, Inc. Common Stock",,N,N,N
ARLU,AllianzIM U.S. Equity Buffer15 Uncapped Apr ETF,,Y,N,Z
ARMH,Arm Holdings PLC ADRhedged,,Y,N,P
ARMK,Aramark Common Stock,,N,N,N
ARMP,"Armata Pharmaceuticals, Inc. Common Stock",,N,N,A
ARMW,Roundhill ARM WeeklyPay ETF,,Y,N,Z
AROC,"Archrock, Inc. Common Stock",,N,N,N
ARP,PMV Adaptive Risk Parity ETF,,Y,N,P
ARR,"ARMOUR Residential REIT, Inc.",,N,N,N
ARR$C,"ARMOUR Residential REIT, Inc. 7% Series C Cumulative Redeemable Preferred Stock (liquidation preference $25.00 per share)",,N,N,N
ARTY,iShares Future AI & Tech ETF,,Y,N,P
ARW,"Arrow Electronics, Inc. Common Stock",,N,N,N
ARWG,Archer Growth ETF,,Y,N,Z
ARX,Accelerant Holdings Class A Common Shares,,N,N,N
AS,"Amer Sports, Inc. Ordinary Shares",,N,N,N
ASA,ASA  Gold and Precious Metals Limited,,N,N,N
ASAN,"Asana, Inc. Class A Common Stock",,N,N,N
ASB,Associated Banc-Corp Common Stock,,N,N,N
ASB$E,"Associated Banc-Corp Depositary Shares, each representing a 1/40th interest in a share of 5.875% Non-Cumulative Perpetual Preferred Stock, Series E",,N,N,N
ASB$F,"Associated Banc-Corp Depositary Shares, each representing a 1/40th interest in a share of Associated Banc-Corp 5.625% Non-Cumulative Perpetual Preferred Stock, Series F",,N,N,N
ASBA,Associated Banc-Corp 6.625% Fixed-Rate Reset Subordinated Notes due 2033,,N,N,N
ASC,Ardmore Shipping Corporation Common Stock,,N,N,N
ASCE,Allspring SMID Core ETF,,Y,N,P
ASEA,Global X FTSE Southeast Asia ETF,,Y,N,P
ASG,"Liberty All-Star Growth Fund, Inc.",,N,N,N
ASGI,abrdn Global Infrastructure Income Fund Common Shares of Beneficial Interest,,N,N,N
ASGM,Virtus AlphaSimplex Global Macro ETF,,Y,N,P
ASH,Ashland Inc. Common Stock,,N,N,N
ASHR,Xtrackers Harvest CSI 300 China A-Shares ETF,,Y,N,P
ASHS,Xtrackers Harvest CSI 500 China A-Shares Small Cap ETF,,Y,N,P
ASIA,Matthews Pacific Tiger Active ETF,,Y,N,P
ASIC,Ategrity Specialty Insurance Company Holdings Common Stock,,N,N,N
ASIX,AdvanSix Inc. Common Stock ,,N,N,N
ASLV,Allspring Special Large Value ETF,,Y,N,P
ASM,Avino Silver & Gold Mines Ltd. Common Shares (Canada),,N,N,A
ASMF,Virtus AlphaSimplex Managed Futures ETF,,Y,N,P
ASMH,ASML Holding NV ADRhedged,,Y,N,P
ASPN,"Aspen Aerogels, Inc. Common Stock",,N,N,N
ASR,"Grupo Aeroportuario del Sureste, S.A. de C.V. Common Stock",,N,N,N
ASTG,Leverage Shares 2X Long ASTS Daily ETF,,Y,N,Z
ASTN,Defiance Daily Target 2X Short ASTS ETF,,Y,N,Z
ASTT,Corgi ASTS 2x Daily ETF,,Y,N,Z
ASTX,Tradr 2X Long ASTS Daily ETF,,Y,N,Z
ASTY,Defiance Daily Target 2X Long ASTS ETF,,Y,N,Z
ASUP,T-REX 2X Long ASTS Daily Target ETF,,Y,N,Z
ASX,"ASE Technology Holding Co., Ltd. American Depositary Shares (each representing Two Common Shares) ",,N,N,N
ATCH,"AtlasClear Holdings, Inc. Common Stock",,N,N,A
ATCL,REX Autocallable Income ETF,,Y,N,P
ATEN,"A10 Networks, Inc. Common Stock",,N,N,N
ATEST,Tick Pilot Test Control Common Stock,,N,Y,A
ATEST.A,Tick Pilot Test Group 1 Common Stock,,N,Y,A
ATEST.B,Tick pilot Test 2 Common Stock,,N,Y,A
ATEST.C,Tick Pilot Test 3 Common Stock,,N,Y,A
ATFV,Alger 35 ETF,,Y,N,P
ATH$A,"Athene Holding Ltd. Depositary Shares, Each Representing a 1/1,000th Interest in a 6.35% Fixed-to-Floating Rate Perpetual Non-Cumulative Preference Share, Series A",,N,N,N
ATH$B,"Athene Holding Ltd. Depositary Shares, Each Representing a 1/1,000th Interest in a 5.625% Fixed Rate Perpetual Non- Cumulative Preference Share, Series B, par value $1.00 per share",,N,N,N
ATH$D,"Athene Holding Ltd. Depositary Shares, Each Representing a 1/1,000th Interest in a 4.875% Fixed-Rate Perpetual Non-Cumulative Preference Share, Series D",,N,N,N
ATH$E,"Athene Holding Ltd. Depositary Shares, Each Representing a 1/1,000th Interest in a 7.750% Fixed-Rate Reset Perpetual Non-Cumulative Preference Share, Series E",,N,N,N
ATHM,"Autohome Inc. American Depositary Shares, each representing four class A ordinary shares.",,N,N,N
ATHS,Athene Holding Ltd. 7.250% Fixed-Rate Reset Junior Subordinated Debentures due 2064,,N,N,N
ATI,ATI Inc. Common Stock,,N,N,N
ATKR,Atkore Inc. Common Stock,,N,N,N
ATMP,iPath Select MLP ETN,,N,N,Z
ATMU,Atmus Filtration Technologies Inc. Common Stock,,N,N,N
ATNM,"Actinium Pharmaceuticals, Inc. (Delaware) Common Stock",,N,N,A
ATO,Atmos Energy Corporation Common Stock,,N,N,N
ATR,"AptarGroup, Inc. Common Stock",,N,N,N
ATS,ATS Corporation Common Shares,,N,N,N
ATTR,Arin Tactical Tail Risk ETF,,Y,N,Z
AU,AngloGold Ashanti PLC Ordinary Shares,,N,N,N
AUAU,Global X Gold Miners ETF,,Y,N,P
AUB,Atlantic Union Bankshares Corporation Common Stock,,N,N,N
AUB$A,"Atlantic Union Bankshares Corporation Depositary Shares each representing a 1/400th ownership interest in a share of 6.875% Perpetual Non-Cumulative Preferred Stock, Series A",,N,N,N
AUGM,FT Vest U.S. Equity Max Buffer ETF - August,,Y,N,Z
AUGP,PGIM S&P 500 Buffer 12 ETF - August,,Y,N,Z
AUGT,AllianzIM U.S. Large Cap Buffer10 Aug ETF,,Y,N,Z
AUGU,AllianzIM U.S. Equity Buffer15 Uncapped Aug ETF,,Y,N,Z
AUGW,AllianzIM U.S. Large Cap Buffer20 Aug ETF,,Y,N,Z
AUGZ,TrueShares Structured Outcome (August) ETF,,Y,N,Z
AUNA,Auna SA Class A Ordinary Shares,,N,N,N
AUSF,Global X Adaptive U.S. Factor ETF,,Y,N,P
AUSM,Allspring Ultra Short Municipal ETF,,Y,N,P
AUST,Austin Gold Corp. Common Shares,,N,N,A
AV,Corgi Aerospace & Commercial Aviation ETF,,Y,N,Z
AVA,Avista Corporation Common Stock,,N,N,N
AVAL,Grupo Aval Acciones y Valores S.A. ADR (Each representing 20 preferred shares),,N,N,N
AVAZ,2x Avalanche ETF,,Y,N,Z
AVB,"AvalonBay Communities, Inc. Common Stock",,N,N,N
AVBC,"Avidia Bancorp, Inc. Common Stock",,N,N,N
AVD,American Vanguard Corporation Common Stock ($0.10 Par Value),,N,N,N
AVDE,Avantis International Equity ETF,,Y,N,P
AVDS,Avantis International Small Cap Equity ETF,,Y,N,P
AVDV,Avantis International Small Cap Value ETF,,Y,N,P
AVEE,Avantis Emerging Markets Small Cap Equity ETF,,Y,N,P
AVEM,Avantis Emerging Markets Equity ETF,,Y,N,P
AVES,Avantis Emerging Markets Value ETF,,Y,N,P
AVEX,AEVEX Corp. Class A Common Stock,,N,N,N
AVGE,Avantis All Equity Markets ETF,,Y,N,P
AVGV,Avantis All Equity Markets Value ETF,,Y,N,P
AVGW,Roundhill AVGO WeeklyPay ETF,,Y,N,Z
AVIE,Avantis Inflation Focused Equity ETF,,Y,N,P
AVIG,Avantis Core Fixed Income ETF,,Y,N,P
AVIV,Avantis International Large Cap Value ETF,,Y,N,P
AVK,Advent Convertible and Income Fund,,N,N,N
AVLC,Avantis U.S. Large Cap Equity ETF,,Y,N,P
AVLV,Avantis U.S. Large Cap Value ETF,,Y,N,P
AVMA,Avantis Moderate Allocation ETF,,Y,N,P
AVMC,Avantis U.S. Mid Cap Equity ETF,,Y,N,P
AVMU,Avantis Core Municipal Fixed Income ETF,,Y,N,P
AVMV,Avantis U.S. Mid Cap Value ETF,,Y,N,P
AVNM,Avantis All International Markets Equity ETF,,Y,N,P
AVNS,"Avanos Medical, Inc. Common Stock",,N,N,N
AVNT,Avient Corporation Common Stock,,N,N,N
AVNV,Avantis All International Markets Value ETF,,Y,N,P
AVRE,Avantis Real Estate ETF,,Y,N,P
AVRY,Avory Foundational ETF,,Y,N,Z
AVSC,Avantis U.S Small Cap Equity ETF,,Y,N,P
AVSD,Avantis Responsible International Equity ETF,,Y,N,P
AVSE,Avantis Responsible Emerging Markets Equity ETF,,Y,N,P
AVSF,Avantis Short-Term Fixed Income ETF,,Y,N,P
AVSU,Avantis Responsible U.S. Equity ETF,,Y,N,P
AVTM,Avantis Total Equity Markets ETF,,Y,N,P
AVTR,"Avantor, Inc. Common Stock",,N,N,N
AVUS,Avantis U.S. Equity ETF,,Y,N,P
AVUV,Avantis U.S. Small Cap Value ETF,,Y,N,P
AVY,Avery Dennison Corporation Common Stock,,N,N,N
AWAY,Amplify Travel Tech ETF,,Y,N,P
AWF,Alliancebernstein Global High Income Fund,,N,N,N
AWI,Armstrong World Industries Inc Common Stock,,N,N,N
AWK,"American Water Works Company, Inc. Common Stock",,N,N,N
AWP,abrdn Global Premier Properties Fund Common Shares of Beneficial Interest,,N,N,N
AWR,American States Water Company Common Stock,,N,N,N
AWX,Avalon Holdings Corporation Common Stock,,N,N,A
AX,"Axos Financial, Inc. Common Stock",,N,N,N
AXIA,AXIA Energia American Depositary Shares (Each representing one Common Share),,N,N,N
AXIA$C,"AXIA Energia American Depositary Shares, each representing one Preferred Class C Share",,N,N,N
AXIL,"AXIL Brands, Inc. Common Stock",,N,N,A
AXP,American Express Company Common Stock,,N,N,N
AXR,AMREP Corporation Common Stock,,N,N,N
AXS,Axis Capital Holdings Limited Common Stock,,N,N,N
AXS$E,"Axis Capital Holdings Limited Depositary Shares, each representing 1/100th interest in a share of a 5.50% Series E Preferred Shares",,N,N,N
AXTA,Axalta Coating Systems Ltd. Common Shares,,N,N,N
AXTL,Leverage Shares 2X Long AXTI Daily ETF,,Y,N,Z
AXTU,T-REX 2X Long AXTI Daily Target ETF,,Y,N,Z
AXTX,Tradr 2X Long AXTI Daily ETF,,Y,N,Z
AYI,Acuity Inc. Common Stock,,N,N,N
AZN,AstraZeneca PLC Ordinary Shares,,N,N,N
AZO,"AutoZone, Inc. Common Stock",,N,N,N
AZTD,Aztlan Global Stock Selection DM SMID ETF,,Y,N,P
AZTR,Azitra Inc Common Stock,,N,N,A
AZUL,"Azul S.A. American Depositary Shares, each representing two (2) Common Shares",,N,N,A
AZZ,AZZ Inc.,,N,N,N
B,Barrick Mining Corporation Common Shares,,N,N,N
BA,Boeing Company (The) Common Stock,,N,N,N
BA$A,"Boeing Company (The) Depositary Shares, each representing a 1/20th interest in a share of 6.00% Series A Mandatory Convertible Preferred Stock, par value $1.00",,N,N,N
BAB,Invesco Taxable Municipal Bond ETF,,Y,N,P
BABA,Alibaba Group Holding Limited American Depositary Shares each representing eight Ordinary share,,N,N,N
BABO,YieldMax BABA Option Income Strategy ETF,,Y,N,P
BABW,Roundhill BABA WeeklyPay ETF,,Y,N,Z
BAC,Bank of America Corporation Common Stock,,N,N,N
BAC$B,"Bank of America Corporation Depositary Shares, each representing a 1/1,000th interest in a share of 6.000% Non-Cumulative Preferred Stock, Series GG",,N,N,N
BAC$E,Bank of America Corporation Depositary Sh repstg 1/1000th Perp Pfd Ser E,,N,N,N
BAC$K,"Bank of America Corporation Depositary Shares, each representing a 1/1,000th interest in a share of 5.875% Non- Cumulative Preferred Stock, Series HH",,N,N,N
BAC$L,Bank of America Corporation Non Cumulative Perpetual Conv Pfd Ser L,,N,N,N
BAC$M,"Bank of America Corporation Depositary Shares, each representing a 1/1,000th interest in a share of 5.375% Non-Cumulative Preferred Stock, Series KK",,N,N,N
BAC$N,"Bank of America Corporation Depositary shares, each representing 1/1,000th interest in a share of 5.000% Non-Cumulative Preferred Stock, Series LL",,N,N,N
BAC$O,"Bank of America Corporation Depositary shares, each representing 1/1,000th interest in a share of 4.375% Non-Cumulative Preferred Stock, Series NN",,N,N,N
BAC$P,"Bank of America Corporation Depositary Shares, each representing a 1/1,000th interest in a share of 4.125% Non-Cumulative Preferred Stock, Series PP",,N,N,N
BAC$Q,"Bank of America Corporation Depositary shares, each representing 1/1,000th interest in a share of 4.250% Non-Cumulative Preferred Stock, Series QQ",,N,N,N
BAC$S,"Bank of America Corporation Depositary shares, each representing 1/1,000th interest in a share of 4.750% Non-Cumulative Preferred Stock, Series SS",,N,N,N
BAGY,Amplify Bitcoin Max Income Covered Call ETF,,Y,N,Z
BAH,Booz Allen Hamilton Holding Corporation Common Stock,,N,N,N
BAI,iShares A.I. Innovation and Tech Active ETF,,Y,N,P
BAK,Braskem SA ADR,,N,N,N
BALI,iShares U.S. Large Cap Premium Income Active ETF,,Y,N,Z
BALL,Ball Corporation Common Stock,,N,N,N
BALT,Innovator Defined Wealth Shield ETF,,Y,N,Z
BALY,Bally's Corporation Common Stock,,N,N,N
BAM,Brookfield Asset Management Inc Class A Limited Voting Shares,,N,N,N
BAMA,Brookstone Active ETF,,Y,N,Z
BAMB,Brookstone Intermediate Bond ETF,,Y,N,Z
BAMD,Brookstone Dividend Stock ETF,,Y,N,Z
BAMG,Brookstone Growth Stock ETF,,Y,N,Z
BAMO,Brookstone Opportunities ETF,,Y,N,Z
BAMU,Brookstone Ultra-Short Bond ETF,,Y,N,Z
BAMV,Brookstone Value Stock ETF,,Y,N,Z
BAMY,Brookstone Yield ETF,,Y,N,Z
BANC,"Banc of California, Inc. Common Stock",,N,N,N
BANC$F,"Banc of California, Inc. Depositary Shares, each representing a 1/40th interest in a share of 7.75% non-cumulative perpetual preferred stock, Series F",,N,N,N
BAP,Credicorp Ltd. Common Stock,,N,N,N
BAPR,Innovator U.S. Equity Buffer ETF - April,,Y,N,Z
BAR,GraniteShares Gold Trust Shares of Beneficial Interest,,N,N,P
BARK,"BARK, Inc. Class A Common Stock",,N,N,N
BATL,Battalion Oil Corporation Common Stock,,N,N,A
BATT,Amplify Lithium & Battery Technology ETF,,Y,N,P
BAUG,Innovator U.S. Equity Buffer ETF - August,,Y,N,Z
BAVA,Common Shares of Beneficial Interest of Bitwise Avalanche ETF,,Y,N,P
BAX,Baxter International Inc. Common Stock,,N,N,N
BAY,Corgi Bay Area Based ETF,,Y,N,Z
BB,BlackBerry Limited Common Stock,,N,N,N
BBAG,JPMorgan BetaBuilders U.S. Aggregate Bond ETF,,Y,N,Z
BBAI,"BigBear.ai, Inc. Common Stock",,N,N,N
BBAI.W,"BigBear.ai, Inc. Redeemable Warrants, each exercisable for one share of Common Stock at an exercise price of $11.50 per share",,N,N,N
BBAR,Banco BBVA Argentina S.A. ADS,,N,N,N
BBAX,JPMorgan BetaBuilders Developed Asia Pacific-ex Japan ETF,,Y,N,Z
BBBI,BondBloxx BBB Rated 5-10 Year Corporate Bond ETF,,Y,N,P
BBBL,BondBloxx BBB Rated 10+ Year Corporate Bond ETF,,Y,N,P
BBBS,BondBloxx BBB Rated 1-5 Year Corporate Bond ETF,,Y,N,P
BBBY,"Bed Bath & Beyond, Inc. Common Stock",,N,N,N
BBBY.W,"Bed Bath & Beyond, Inc. Warrants to Purchase Common Stock",,N,N,N
BBC,Virtus Biotech Clinical Trials ETF,,Y,N,P
BBCA,JPMorgan BetaBuilders Canada ETF,,Y,N,Z
BBCB,JPMorgan BetaBuilders USD Investment Grade Corporate Bond ETF,,Y,N,Z
BBD,Banco Bradesco Sa American Depositary Shares,,N,N,N
BBDC,"Barings BDC, Inc. Common Stock",,N,N,N
BBDO,Banco Bradesco Sa American Depositary Shares (each representing one Common Share),,N,N,N
BBEM,JPMorgan BetaBuilders Emerging Markets Equity ETF,,Y,N,Z
BBEU,JPMorgan BetaBuilders Europe ETF,,Y,N,Z
BBHL,BBH Select Large Cap ETF,,Y,N,P
BBHM,BBH Select Mid Cap ETF,,Y,N,P
BBHY,JPMorgan BetaBuilders USD High Yield Corporate Bond ETF,,Y,N,Z
BBIB,JPMorgan BetaBuilders U.S. Treasury Bond 3-10 Year ETF,,Y,N,Z
BBIN,JPMorgan BetaBuilders International Equity ETF,,Y,N,Z
BBJP,JPMorgan BetaBuilders Japan ETF,,Y,N,Z
BBLB,JPMorgan BetaBuilders U.S. Treasury Bond 20+ Year ETF,,Y,N,Z
BBLU,EA Bridgeway Blue Chip ETF,,Y,N,P
BBMC,JPMorgan BetaBuilders U.S. Mid Cap Equity ETF,,Y,N,Z
BBN,BlackRock Taxable Municipal Bond Trust Common Shares of Beneficial Interest,,N,N,N
BBP,Virtus Biotech ETF,,Y,N,P
BBRE,JPMorgan BetaBuilders MSCI U.S. REIT ETF,,Y,N,Z
BBSB,JPMorgan BetaBuilders U.S. Treasury Bond 1-3 Year ETF,,Y,N,Z
BBSC,JPMorgan BetaBuilders U.S. Small Cap Equity ETF,,Y,N,Z
BBT,Beacon Financial Corporation Common stock,,N,N,N
BBUC,Brookfield Business Corporation Class A Subordinate Voting Shares,,N,N,N
BBUS,JPMorgan BetaBuilders U.S. Equity ETF,,Y,N,Z
BBVA,Banco Bilbao Vizcaya Argentaria S.A. Common Stock,,N,N,N
BBW,"Build-A-Bear Workshop, Inc. Common Stock",,N,N,N
BBWI,"Bath & Body Works, Inc.",,N,N,N
BBY,"Best Buy Co., Inc. Common Stock",,N,N,N
BC,Brunswick Corporation Common Stock,,N,N,N
BC$C,Brunswick Corporation 6.375% Notes due 2049,,N,N,N
BCAT,BlackRock Capital Allocation Term Trust Common Shares of Beneficial Interest,,N,N,N
BCC,"Boise Cascade, L.L.C. Common Stock",,N,N,N
BCCC,Global X Bitcoin Covered Call ETF,,Y,N,Z
BCD,abrdn Bloomberg All Commodity Longer Dated Strategy K-1 Free ETF,,Y,N,P
BCDF,Horizon Kinetics Blockchain Development ETF,,Y,N,P
BCE,"BCE, Inc. Common Stock",,N,N,N
BCEM,Baron Emerging Markets Select ETF,,Y,N,N
BCGD,Baron Global Durable Advantage ETF,,Y,N,N
BCGS,Bancreek Global Select ETF,,Y,N,P
BCH,Banco De Chile ADS,,N,N,N
BCHI,GMO Beyond China ETF,,Y,N,P
BCHP,Principal Focused Blue Chip ETF,,Y,N,Z
BCHT,Birchtech Corp. Common Stock,,N,N,A
BCI,abrdn Bloomberg All Commodity Strategy K-1 Free ETF,,Y,N,P
BCIL,Bancreek International Large Cap ETF,,Y,N,P
BCKT,LifeX 2030 Income Bucket ETF,,Y,N,Z
BCO,Brinks Company (The) Common Stock,,N,N,N
BCOR,Grayscale Bitcoin Adopters ETF,,Y,N,P
BCPL,BNY Mellon Core Plus ETF,,Y,N,P
BCS,Barclays PLC Common Stock,,N,N,N
BCSF,"Bain Capital Specialty Finance, Inc. Common Stock",,N,N,N
BCSM,Baron SMID Cap ETF,,Y,N,N
BCSS,Bain Capital GSS Investment Corp. Class A Ordinary Shares,,N,N,N
BCSS.U,"Bain Capital GSS Investment Corp. Units, each consisting of one Class A Ordinary Share and one-fifth of one redeemable warrant",,N,N,N
BCSS.W,"Bain Capital GSS Investment Corp. Redeemable warrants, each whole warrant exercisable for one Class A ordinary share at an exercise price of $11.50",,N,N,N
BCUS,Bancreek U.S. Large Cap ETF,,Y,N,P
BCV,"Bancroft Fund, Ltd.",,N,N,A
BCV$A,Bancroft Fund Limited 5.375% Series A Cumulative Preferred Shares,,N,N,A
BCX,BlackRock Resources Common Shares of Beneficial Interest,,N,N,N
BD,Russell Investments Core Plus Bond ETF,,Y,N,P
BDBT,Bluemonte Core Bond ETF,,Y,N,P
BDC,Belden Inc Common Stock,,N,N,N
BDCX,"ETRACS Quarterly Pay 1.5x Leveraged MarketVector BDC Liquid Index ETN due June 10, 2050",,Y,N,P
BDCZ,"ETRACS MarketVector Business Development Companies Liquid Index ETN due April 26, 2041",,N,N,P
BDEC,Innovator U.S. Equity Buffer ETF - December,,Y,N,Z
BDIV,AAM Brentview Dividend Growth ETF,,Y,N,P
BDJ,Blackrock Enhanced Equity Dividend Trust,,N,N,N
BDL,"Flanigan's Enterprises, Inc. Common Stock",,N,N,A
BDN,Brandywine Realty Trust Common Stock,,N,N,N
BDRY,Breakwave Dry Bulk Shipping ETF,,Y,N,P
BDVG,IMGP Berkshire Dividend Growth ETF,,Y,N,P
BDX,"Becton, Dickinson and Company Common Stock",,N,N,N
BE,Bloom Energy Corporation Class A Common Stock,,N,N,N
BEBE,TGE Value Creative Solutions Corp Class A Ordinary Shares,,N,N,N
BEBE.U,"TGE Value Creative Solutions Corp Units, each consisting of one Class A ordinary share and one-half of one redeemable warrant",,N,N,N
BEBE.W,"TGE Value Creative Solutions Corp Redeemable warrants, each whole warrant exercisable for one Class A ordinary share at an exercise price of $11.50 per share",,N,N,N
BEDZ,AdvisorShares Hotel ETF,,Y,N,P
BEGS,Rareview 2x Bull Cryptocurrency & Precious Metals ETF,,Y,N,Z
BEKE,KE Holdings Inc American Depositary Shares (each representing three Class A Ordinary Shares),,N,N,N
BEMB,iShares J.P. Morgan Broad USD Emerging Markets Bond ETF,,Y,N,Z
BEN,"Franklin Resources, Inc. Common Stock",,N,N,N
BENJ,Horizon Landmark ETF,,Y,N,P
BEP,Brookfield Renewable Partners L.P. Limited Partnership Units,,N,N,N
BEP$A,"Brookfield Renewable Partners L.P. 5.25% Class A Preferred Limited Partnership Units, Series 17",,N,N,N
BEPC,Brookfield Renewable Corporation Brookfield Renewable Corporation Class A Subordinate Voting Shares,,N,N,N
BEPH,Brookfield BRP Holdings (Canada) Inc. 4.625% Perpetual Subordinated Notes,,N,N,N
BEPI,Brookfield BRP Holdings (Canada) Inc. 4.875% Perpetual Subordinated Notes,,N,N,N
BEPJ,Brookfield BRP Holdings (Canada) Inc. 7.250% Perpetual Subordinated Notes,,N,N,N
BERZ,MicroSectors FANG & Innovation -3x Inverse Leveraged ETN,,Y,N,P
BESF,Bastion Energy ETF,,Y,N,Z
BESS,Bimergen Energy Corporation Common Stock,,N,N,A
BESS.W,"Bimergen Energy Corporation Warrants, each share exercisable to purchase one share of Common Stock",,N,N,A
BETA,"Beta Technologies, Inc. Class A Common Stock",,N,N,N
BETE,ProShares Bitcoin & Ether Equal Weight ETF,,Y,N,P
BETH,ProShares Bitcoin & Ether Market Cap Weight ETF,,Y,N,P
BETZ,Roundhill Sports Betting & iGaming ETF,,Y,N,P
BEX,Tradr 2X Long BE Daily ETF,,Y,N,Z
BEZ,Tradr 2X Short BE Daily ETF,,Y,N,Z
BF.A,Brown Forman Inc Class A Common Stock,,N,N,N
BF.B,Brown Forman Inc Class B Common Stock,,N,N,N
BFAM,Bright Horizons Family Solutions Inc. Common Stock,,N,N,N
BFAP,FT Vest Bitcoin Strategy Floor15 ETF April,,Y,N,P
BFEB,Innovator U.S. Equity Buffer ETF - February,,Y,N,Z
BFEW,FT Vest Laddered U.S. Equity Equal Weight Buffer ETF,,Y,N,Z
BFH,"Bread Financial Holdings, Inc. Common Stock",,N,N,N
BFH$A,"Bread Financial Holdings, Inc. Depositary Shares, each representing a 1/40th interest in a share of 8.625% Non-Cumulative Perpetual Preferred Stock, Series A",,N,N,N
BFH$B,"Bread Financial Holdings, Inc. Depositary Shares, each representing a 1/40th interest in a share of 8.875% Fixed Rate Reset Non-Cumulative Perpetual Preferred Stock, Series B",,N,N,N
BFIX,Build Bond Innovation ETF,,Y,N,P
BFJA,FT Vest Bitcoin Strategy Floor15 ETF - January,,Y,N,P
BFJL,FT Vest Bitcoin Strategy Floor15 ETF July,,Y,N,P
BFLB,BufferLABS US Equity Dynamic Buffer ETF,,Y,N,Z
BFLY,"Butterfly Network, Inc. Class A Common Stock",,N,N,N
BFOC,FT Vest Bitcoin Strategy Floor15 ETF - October,,Y,N,P
BFOR,Barron's 400 ETF,,Y,N,P
BFRZ,Innovator Equity Managed 100 Buffer ETF,,Y,N,P
BFS,"Saul Centers, Inc. Common Stock",,N,N,N
BFS$D,"Saul Centers, Inc. Depositary Shares, each representing 1/100th of a share of 6.125% Series D Cumulative Redeemable Preferred Stock",,N,N,N
BFS$E,"Saul Centers, Inc. Depositary shares, each representing a 1/100th fractional interest in a share of 6.000% Series E Cumulative Redeemable Preferred Stock",,N,N,N
BFXU,FT Vest Laddered U.S. Equity Uncapped Accelerator ETF,,Y,N,Z
BG,Bunge Limited Common Shares,,N,N,N
BGB,Blackstone Strategic Credit 2027 Term Fund Common Shares of Beneficial Interest,,N,N,N
BGDV,Bahl & Gaynor Dividend ETF,,Y,N,P
BGH,Barings Global Short Duration High Yield Fund Common Shares of Beneficial Interests,,N,N,N
BGI,Birks Group Inc. Common Stock,,N,N,A
BGIG,Bahl & Gaynor Income Growth ETF,,Y,N,P
BGLD,FT Vest Gold Strategy Quarterly Buffer ETF,,Y,N,Z
BGR,BlackRock Energy and Resources Trust,,N,N,N
BGS,"B&G Foods, Inc. Common Stock",,N,N,N
BGSF,"BGSF, Inc. Common Stock",,N,N,N
BGSI,Boyd Group Services Inc. Common Shares,,N,N,N
BGT,BlackRock Floating Rate Income Trust,,N,N,N
BGX,Blackstone Long Short Credit Income Fund Common Shares,,N,N,N
BGY,Blackrock Enhanced International Dividend Trust,,N,N,N
BH,Biglari Holdings Inc. Class B Common Stock,,N,N,N
BH.A,Biglari Holdings Inc. Class A Common Stock,,N,N,N
BHB,"Bar Harbor Bankshares, Inc. Common Stock",,N,N,A
BHC,Bausch Health Companies Inc. Common Stock,,N,N,N
BHE,"Benchmark Electronics, Inc. Common Stock",,N,N,N
BHK,Blackrock Core Bond Trust,,N,N,N
BHM,"Bluerock Homes Trust, Inc. Class A Common Stock",,N,N,A
BHP,BHP Group Limited American Depositary Shares (Each representing two Ordinary Shares),,N,N,N
BHR,Braemar Hotels & Resorts Inc. Common Stock,,N,N,N
BHR$B,"Braemar Hotels & Resorts Inc. 5.50% Series B Cumulative Convertible Preferred Stock, par value $0.01 per share",,N,N,N
BHR$D,"Braemar Hotels & Resorts Inc. 8.25% Series D Cumulative Preferred Stock,  par value $0.01 per share",,N,N,N
BHV,BlackRock Virginia Municipal Bond Trust,,N,N,N
BHVN,Biohaven Ltd. Common Shares ,,N,N,N
BHYB,Xtrackers USD High Yield BB-B ex Financials ETF,,Y,N,Z
BHYP,Common Shares of Beneficial Interest of Bitwise Hyperliquid ETF,,Y,N,P
BIBL,Inspire 100 ETF,,Y,N,P
BIDD,iShares International Dividend Active ETF,,Y,N,P
BIGY,YieldMax Target 12 Big 50 Option Income ETF,,Y,N,P
BIII,Black Spade Acquisition III Co Class A Ordinary Shares,,N,N,N
BIII.U,"Black Spade Acquisition III Co Units, each consisting of one Class A ordinary share and one-third of one redeemable warrant",,N,N,N
BIII.W,"Black Spade Acquisition III Co Redeemable warrants, each whole warrant exercisable for one Class A ordinary share at an exercise price of $11.50",,N,N,N
BIL,State Street SPDR Bloomberg 1-3 Month T-Bill ETF,,Y,N,P
BILD,Nomura Global Listed Infrastructure ETF,,Y,N,P
BILL,"BILL Holdings, Inc. Common Stock",,N,N,N
BILS,State Street SPDR Bloomberg 3-12 Month T-Bill ETF,,Y,N,P
BILT,iShares Infrastructure Active ETF,,Y,N,Z
BILZ,PIMCO Ultra Short Government Active Exchange-Traded Fund,,Y,N,P
BINC,iShares Flexible Income Active ETF,,Y,N,P
BINT,Bluemonte Global Equity ETF,,Y,N,P
BINV,Brandes International ETF,,Y,N,Z
BIO,"Bio-Rad Laboratories, Inc. Class A Common Stock",,N,N,N
BIO.B,"Bio-Rad Laboratories, Inc. Class B  Common Stock",,N,N,N
BIP,Brookfield Infrastructure Partners LP Limited Partnership Units,,N,N,N
BIP$A,"Brookfield Infrastructure Partners LP 5.125% Class A Preferred Limited Partnership Units, Series 13",,N,N,N
BIP$B,"Brookfield Infrastructure Partners LP 5.000% Class A Preferred Limited Partnership Units, Series 14",,N,N,N
BIPC,Brookfield Infrastructure Corporation Brookfield Infrastructure Corporation,,N,N,N
BIPH,Brookfield Infrastructure Corporation 5.000% Subordinated Notes due 2081,,N,N,N
BIPI,BIP Bermuda Holdings I Limited 5.125% Perpetual Subordinated Notes,,N,N,N
BIPJ,Brookfield Infrastructure Corporation 7.250% Subordinated Notes due 2084,,N,N,N
BIRK,Birkenstock Holding plc Ordinary Shares,,N,N,N
BIT,BlackRock Multi-Sector Income Trust Common Shares of Beneficial Interest,,N,N,N
BITB,Bitwise Bitcoin ETF ,,Y,N,P
BITC,Bitwise Trendwise Bitcoin and Treasuries Rotation Strategy ETF,,Y,N,P
BITI,ProShares Short Bitcoin ETF,,Y,N,P
BITK,Tuttle Capital IBIT 0DTE Covered Call ETF,,Y,N,Z
BITO,ProShares Bitcoin ETF,,Y,N,P
BITQ,Bitwise Crypto Industry Innovators ETF,,Y,N,P
BITU,ProShares Ultra Bitcoin ETF,,Y,N,P
BITW,Common Shares of Beneficial Interest,,Y,N,P
BITX,2x Bitcoin Strategy ETF,,Y,N,Z
BITY,Amplify Bitcoin 2% Monthly Option Income ETF,,Y,N,Z
BIV,Vanguard Intermediate-Term Bond ETF,,Y,N,P
BIZD,VanEck BDC Income ETF,,Y,N,P
BJ,"BJ's Wholesale Club Holdings, Inc. Common Stock",,N,N,N
BJAN,Innovator U.S. Equity Buffer ETF - January,,Y,N,Z
BJUL,Innovator U.S. Equity Buffer ETF - July,,Y,N,Z
BJUN,Innovator U.S. Equity Buffer ETF - June,,Y,N,Z
BKAG,BNY Mellon Core Bond ETF,,Y,N,P
BKCG,BNY Mellon Concentrated Growth ETF,,Y,N,P
BKCI,BNY Mellon Concentrated International ETF,,Y,N,P
BKD,Brookdale Senior Living Inc. Common Stock,,N,N,N
BKDV,BNY Mellon Dynamic Value ETF,,Y,N,P
BKE,"Buckle, Inc. (The) Common Stock",,N,N,N
BKEM,BNY Mellon Emerging Markets Equity ETF,,Y,N,P
BKF,iShares MSCI BIC ETF,,Y,N,P
BKFI,BNY Mellon Active Core Bond ETF,,Y,N,P
BKGI,BNY Mellon Global Infrastructure Income ETF,,Y,N,Z
BKH,Black Hills Corporation Common Stock,,N,N,N
BKHY,BNY Mellon High Yield ETF,,Y,N,P
BKIE,BNY Mellon International Equity ETF,,Y,N,P
BKKT,"Bakkt, Inc. Class A Common Stock",,N,N,N
BKKT.W,"Bakkt, Inc. Warrants to purchase Class A Common Stock, each Warrant entitles a holder to purchase 1/25th of a share of Class A common stock at an exercise price of $287.50 for one share",,N,N,N
BKLC,BNY Mellon US Large Cap Core Equity ETF,,Y,N,P
BKLG,BNY Mellon US Large Cap Equity Growth ETF,,Y,N,P
BKLN,Invesco Senior Loan ETF,,Y,N,P
BKMC,BNY Mellon US Mid Cap Core Equity ETF,,Y,N,P
BKSE,BNY Mellon US Small Cap Core Equity ETF,,Y,N,P
BKSY,BlackSky Technology Inc. Class A Common Stock,,N,N,N
BKSY.W,"BlackSky Technology Inc. Redeemable Warrants, each whole Warrant exercisable for one share of Class A Common Stock",,N,N,N
BKT,BlackRock Income Trust Inc. (The),,N,N,N
BKTI,BK Technologies Corporation Common Stock,,N,N,A
BKU,"BankUnited, Inc. Common Stock",,N,N,N
BKUI,BNY Mellon Ultra Short Income ETF,,Y,N,P
BKV,BKV Corporation Common Stock,,N,N,N
BLCK,Corgi Crypto Infrastructure ETF,,Y,N,Z
BLCO,Bausch + Lomb Corporation Common Shares,,N,N,N
BLCV,iShares Large Cap Value Active ETF,,Y,N,P
BLD,TopBuild Corp. Common Stock,,N,N,N
BLDG,Cambria Global Real Estate ETF,,Y,N,Z
BLDR,"Builders FirstSource, Inc. Common Stock",,N,N,N
BLDX,Impax Global Sustainable Infrastructure ETF,,Y,N,P
BLES,Inspire Global Hope ETF,,Y,N,P
BLGR,Bluemonte Large Cap Growth ETF,,Y,N,P
BLK,"BlackRock, Inc. Common Stock",,N,N,N
BLND,"Blend Labs, Inc. Class A Common Stock",,N,N,N
BLOK,Amplify Blockchain Technology ETF,,Y,N,P
BLOX,Nicholas Crypto Income ETF,,Y,N,P
BLSH,Bullish Ordinary Shares,,N,N,N
BLST,Bluemonte Short Term Bond ETF,,Y,N,P
BLTD,Bluemonte Long Term Bond ETF,,Y,N,P
BLUC,Bluemonte Large Cap Core ETF,,Y,N,P
BLUI,Bluemonte Diversified Income ETF,,Y,N,P
BLUX,Bluemonte Dynamic Total Market ETF,,Y,N,P
BLV,Vanguard Long-Term Bond ETF,,Y,N,P
BLW,Blackrock Limited Duration Income Trust,,N,N,N
BLX,"Bladex, Inc. Class E Common Stock",,N,N,N
BMA,Banco Macro S.A.  ADR (representing Ten Class B Common Shares),,N,N,N
BMAR,Innovator U.S. Equity Buffer ETF - March,,Y,N,Z
BMAY,Innovator U.S. Equity Buffer ETF - May,,Y,N,Z
BME,Blackrock Health Sciences Trust,,N,N,N
BMED,iShares Health Innovation Active ETF,,Y,N,P
BMEZ,BlackRock Health Sciences Term Trust Common Shares of Beneficial Interest,,N,N,N
BMI,"Badger Meter, Inc. Common Stock",,N,N,N
BML$G,"Bank of America Corporation Depositary Shares (Each representing a 1/1200th interest in a share of Floating Rate Non-Cumulative Preferred Stock , Series 1)",,N,N,N
BML$H,"Bank of America Corporation Depositary Shares (Each representing a 1/1200th interest in a Share of Floating Rate Non-Cumulative Preferred Stock, Series 2)",,N,N,N
BML$J,"Bank of America Corporation Depositary Shares (Each representing a 1/1200th interest in a Share of Floating Rate Non-Cumulative Preferred Stock, Series 4)",,N,N,N
BML$L,"Bank of America Corporation Depositary Shares (Each representing a 1/1200th Interest in a Share of Floating Rate Non-Cumulative Preferred Stock, Series 5)",,N,N,N
BMN,BlackRock 2037 Municipal Target Term Trust Common Shares of Beneficial Interest,,N,N,N
BMNP,"BitMine Immersion Technologies, Inc. 9.5% Series A Perpetual Preferred Stock",,N,N,N
BMNR,"BitMine Immersion Technologies, Inc. Common Stock",,N,N,N
BMNU,T-REX 2X Long BMNR Daily Target ETF,,Y,N,Z
BMNZ,Defiance Daily Target 2X Short BMNR ETF,,Y,N,P
BMO,Bank Of Montreal Common Stock,,N,N,N
BMVP,Invesco Bloomberg MVP Multi-factor ETF,,Y,N,P
BMY,Bristol-Myers Squibb Company Common Stock,,N,N,N
BN,Brookfield Corporation Class A Limited Voting Shares,,N,N,N
BNDC,FlexShares Core Select Bond Fund,,Y,N,P
BNDD,Quadratic Deflation ETF,,Y,N,P
BNDI,NEOS Enhanced Income Aggregate Bond ETF,,Y,N,P
BNDS,Infrastructure Capital Bond Income ETF,,Y,N,P
BNDY,Horizon Core Bond ETF,,Y,N,Z
BNED,"Barnes & Noble Education, Inc Common Stock",,N,N,N
BNGE,First Trust S-Network Streaming and Gaming ETF,,Y,N,P
BNH,"Brookfield Finance Inc. 4.625% Subordinated Notes due October 16, 2080",,N,N,N
BNJ,Brookfield Finance Inc. 4.50% Perpetual Subordinated Notes,,N,N,N
BNKD,"MicroSectors U.S. Big Banks -3 Inverse Leveraged ETNs due February 17, 2045",,Y,N,P
BNKU,"MicroSectors U.S. Big Banks 3 Leveraged ETNs due February 17, 2045",,Y,N,P
BNL,"Broadstone Net Lease, Inc. Common Stock",,N,N,N
BNO,"United States Brent Oil Fund, LP ETV",,Y,N,P
BNOV,Innovator U.S. Equity Buffer ETF - November,,Y,N,Z
BNS,Bank Nova Scotia Halifax Pfd 3 Ordinary Shares,,N,N,N
BNT,Brookfield Wealth Solutions Ltd. Class A Exchangeable Limited Voting Shares,,N,N,N
BNY,The Bank of New York Mellon Corporation Common Stock,,N,N,N
BNY$K,"The Bank Of New York Mellon Corporation  Depositary Shares, each representing a 1/4,000th interest in a share of Series K Noncumulative Perpetual Preferred Stock",,N,N,N
BOAT,SonicShares Global Shipping ETF,,Y,N,P
BOBP,CORE16 Best of Breed Premier Index ETF,,Y,N,P
BOBS,"Bob's Discount Furniture, Inc. Common Stock",,N,N,N
BOC,Boston Omaha Corporation Class A Common Stock,,N,N,N
BOCT,Innovator U.S. Equity Buffer ETF - October,,Y,N,Z
BOE,Blackrock Enhanced Global Dividend Trust Common Shares of Beneficial Interest,,N,N,N
BOH,Bank of Hawaii Corporation Common Stock,,N,N,N
BOH$A,"Bank of Hawaii Corporation Depositary Shares Each Representing a 1/40th Interest in a Share of 4.375% Fixed Rate Non-Cumulative Perpetual Preferred Stock, Series A",,N,N,N
BOH$B,"Bank of Hawaii Corporation Depositary Shares, Each Representing a 1/40th Interest in a Share of 8.000% Fixed Rate Non-Cumulative Perpetual Preferred Stock, Series B",,N,N,N
BOIL,ProShares Ultra Bloomberg Natural Gas,,Y,N,P
BOND,PIMCO Active Bond Exchange-Traded Fund Exchange-Traded Fund,,Y,N,N
BOOT,"Boot Barn Holdings, Inc. Common Stock",,N,N,N
BORR,Borr Drilling Limited Common Shares,,N,N,N
BOUT,CapForce IBD Breakout Opportunities ETF,,Y,N,P
BOW,Bowhead Specialty Holdings Inc. Common Stock,,N,N,N
BOX,"Box, Inc. Class A Common Stock",,N,N,N
BOXA,Alpha Architect Aggregate Bond ETF,,Y,N,Z
BOXX,Alpha Architect 1-3 Month Box ETF,,Y,N,Z
BP,BP p.l.c. Common Stock,,N,N,N
BPAY,iShares FinTech Active ETF,,Y,N,P
BPH,BP plc ADRhedged,,Y,N,P
BPI,Grayscale Bitcoin Premium Income ETF,,Y,N,P
BPRE,Bluerock Private Real Estate Fund Common Shares of Beneficial Interest,,N,N,N
BPRO,Bitwise Proficio Currency Debasement ETF,,Y,N,P
BQ,Boqii Holding Limited Class A Ordinary Shares,,N,N,A
BR,"Broadridge Financial Solutions, Inc. Common Stock",,N,N,N
BRAZ,Global X Brazil Active ETF,,Y,N,P
BRBR,"BellRing Brands, Inc. Common Stock ",,N,N,N
BRBS,"Blue Ridge Bankshares, Inc. Common Stock",,N,N,A
BRC,Brady Corporation Common Stock,,N,N,N
BRCC,BRC Inc. Class A Common Stock,,N,N,N
BRCE,MFS Blended Research Core Equity ETF,,Y,N,N
BREE,MFS Blended Research Emerging Markets Equity ETF,,Y,N,N
BREW,Corgi Coffee & Energy Drinks ETF,,Y,N,Z
BRF,VanEck Brazil Small-Cap ETF,,Y,N,P
BRIA,BrilliA Inc Class A Ordinary Shares,,N,N,A
BRIB,FIS Bright Portfolios Core Bond ETF,,Y,N,P
BRIE,MFS Blended Research International Equity ETF,,Y,N,N
BRIF,FIS Bright Portfolios Focused Equity ETF,,Y,N,P
BRK.A,Berkshire Hathaway Inc. Common Stock,,N,N,N
BRK.B,Berkshire Hathaway Inc. New Common Stock,,N,N,N
BRKC,YieldMax BRK.B Option Income Strategy ETF,,Y,N,P
BRKW,Roundhill BRKB WeeklyPay ETF,,Y,N,Z
BRLN,iShares Floating Rate Loan Active ETF,,Y,N,Z
BRN,"Barnwell Industries, Inc. Common Stock",,N,N,A
BRO,"Brown & Brown, Inc. Common Stock",,N,N,N
BROL,Baron Risk Optimized Large Cap ETF,,Y,N,N
BROS,Dutch Bros Inc. Class A Common Stock,,N,N,N
BRSL,"Brightstar Lottery PLC Trading under the Legal Name to begin at the market open on July 21, 2025. Ordinary Shares",,N,N,N
BRSM,MFS Blended Research Small-Mid Cap ETF,,Y,N,P
BRSP,"BrightSpire Capital, Inc. Class A Common Stock",,N,N,N
BRT,BRT Apartments Corp. (MD) Common Stock,,N,N,N
BRW,Saba Capital Income & Opportunities Fund SBI,,N,N,N
BRX,Brixmor Property Group Inc. Common Stock,,N,N,N
BRZU,Direxion Daily Brazil Bull 2X ETF,,Y,N,P
BRZX,Corgi Brazil 2x Daily ETF,,Y,N,Z
BSAC,Banco Santander - Chile ADS,,N,N,N
BSBR,"Banco Santander Brasil SA American Depositary Shares, each representing one unit",,N,N,N
BSEP,Innovator U.S. Equity Buffer ETF - September,,Y,N,Z
BSL,Blackstone Senior Floating Rate 2027 Term Fund Common Shares of Beneficial Interest,,N,N,N
BSM,"Black Stone Minerals, L.P. Common units representing limited partner interests",,N,N,N
BSMC,Brandes U.S. Small-Mid Cap Value ETF,,Y,N,Z
BSOL,Bitwise Solana Staking ETF,,Y,N,P
BSR,Beacon Selective Risk ETF,,Y,N,P
BST,BlackRock Science and Technology Trust Common Shares of Beneficial Interest,,N,N,N
BSTP,Innovator Buffer Step-Up Strategy ETF,,Y,N,P
BSTZ,BlackRock Science and Technology Term Trust Common Shares of Beneficial Interest,,N,N,N
BSV,Vanguard Short-Term Bond ETF,,Y,N,P
BSX,Boston Scientific Corporation Common Stock,,N,N,N
BTAL,AGF U.S. Market Neutral Anti-Beta Fund,,Y,N,P
BTC,Grayscale Bitcoin Mini Trust (BTC),,Y,N,P
BTCC,Grayscale Bitcoin Covered Call ETF,,Y,N,P
BTCI,NEOS Bitcoin High Income ETF,,Y,N,Z
BTCK,7RCC Spot Bitcoin and Carbon Credit Futures ETF,,Y,N,P
BTCL,T-Rex 2X Long Bitcoin Daily Target ETF,,Y,N,Z
BTCO,Invesco Galaxy Bitcoin ETF ,,Y,N,Z
BTCU,Direxion Daily Bitcoin Bull 2X ETF,,Y,N,P
BTCW,WisdomTree Bitcoin Fund ,,Y,N,Z
BTCZ,T-Rex 2X Inverse Bitcoin Daily Target ETF,,Y,N,Z
BTE,Baytex Energy Corp Common Shares,,N,N,N
BTG,B2Gold Corp Common shares (Canada),,N,N,A
BTGO,"BitGo Holdings, Inc. Class A Common Stock",,N,N,N
BTI,"British American Tobacco  Industries, p.l.c. Common Stock ADR",,N,N,N
BTO,John Hancock Financial Opportunities Fund Common Stock,,N,N,N
BTOT,iShares Total USD Fixed Income Market ETF,,Y,N,P
BTR,Beacon Tactical Risk ETF,,Y,N,P
BTRN,Global X Bitcoin Trend Strategy ETF,,Y,N,P
BTT,BlackRock Municipal 2030 Target Term Trust,,N,N,N
BTU,Peabody Energy Corporation Common Stock ,,N,N,N
BTX,BlackRock Technology and Private Equity Term Trust Common Shares of Beneficial Interest,,N,N,N
BTYB,VistaShares BitBonds 5 Yr Enhanced Weekly Distribution ETF,,Y,N,P
BTZ,BlackRock Credit Allocation Income Trust,,N,N,N
BUCK,Simplify Treasury Option Income ETF,,Y,N,P
BUD,Anheuser-Busch Inbev SA Sponsored ADR (Belgium),,N,N,N
BUDA,"Buda Juice, Inc. Common Stock",,N,N,A
BUFB,Innovator Laddered Allocation Buffer ETF,,Y,N,Z
BUFD,FT Vest Laddered Deep Buffer ETF,,Y,N,Z
BUFE,FT Vest Laddered Emerging Markets Buffer ETF,,Y,N,Z
BUFF,Innovator Laddered Allocation Power Buffer ETF,,Y,N,Z
BUFG,FT Vest Buffered Allocation Growth ETF,,Y,N,Z
BUFH,FT Vest Laddered Max Buffer ETF,,Y,N,Z
BUFP,PGIM Laddered S&P 500 Buffer 12 ETF,,Y,N,Z
BUFQ,FT Vest Laddered Nasdaq Buffer ETF,,Y,N,Z
BUFR,FT Vest Laddered Buffer ETF,,Y,N,Z
BUFS,FT Vest Laddered Small Cap Moderate Buffer ETF,,Y,N,Z
BUFT,FT Vest Buffered Allocation Defensive ETF,,Y,N,Z
BUFX,FT Vest Laddered Enhance & Moderate Buffer ETF,,Y,N,Z
BUFY,FT Vest Laddered International Moderate Buffer ETF,,Y,N,Z
BUFZ,FT Vest Laddered Moderate Buffer ETF,,Y,N,Z
BUI,"BlackRock Utility, Infrastructure & Power Opportunities Trust",,N,N,N
BUL,Pacer US Cash Cows Growth ETF,,Y,N,P
BULZ,MicroSectors FANG & Innovation 3x Leveraged ETN,,Y,N,P
BUR,Burford Capital Limited Ordinary Shares,,N,N,N
BURL,"Burlington Stores, Inc. Common Stock",,N,N,N
BURU,"Nuburu, Inc. Common Stock",,N,N,A
BUSA,Brandes U.S. Value ETF,,Y,N,Z
BUXX,Strive Enhanced Income Short Maturity ETF,,Y,N,N
BUYB,ProShares S&P 500 Buyback Aristocrats ETF,,Y,N,P
BUYO,KraneShares Man Buyout Beta Index ETF,,Y,N,P
BUYW,Main BuyWrite ETF,,Y,N,Z
BUYZ,Franklin Disruptive Commerce ETF,,Y,N,Z
BUZZ,VanEck Social Sentiment ETF,,Y,N,P
BV,"BrightView Holdings, Inc. Common Stock",,N,N,N
BVAL,Bluemonte Large Cap Value ETF,,Y,N,P
BVN,Buenaventura Mining Company Inc.,,N,N,N
BW,"Babcock & Wilcox Enterprises, Inc. Common Stock",,N,N,N
BW$A,"Babcock & Wilcox Enterprises, Inc. 7.75% Series A Cumulative Perpetual Preferred Stock",,N,N,N
BWA,BorgWarner Inc. Common Stock,,N,N,N
BWET,Breakwave Tanker Shipping ETF,,Y,N,P
BWG,BrandywineGLOBAL Global Income Opportunities Fund Inc.,,N,N,N
BWIV,Blue Water Acquisition Corp. IV Class A Ordinary Shares,,N,N,N
BWIV.U,"Blue Water Acquisition Corp. IV Units, each consisting of one Class A ordinary share and one-half of one redeemable warrant",,N,N,N
BWIV.W,Blue Water Acquisition Corp. IV Warrants entitling the holder to purchase one Class A ordinary share at a price of $11.50 per share,,N,N,N
BWLP,BW LPG Limited Common Shares,,N,N,N
BWMX,"Betterware de Mexico, S.A.P.I. de C.V. Ordinary Shares",,N,N,N
BWNB,"Babcock & Wilcox Enterprises, Inc. 6.50% Senior Notes due 2026",,N,N,N
BWOW,Bitwise Dogecoin ETF,,Y,N,P
BWTG,Brendan Wood TopGun Index ETF,,Y,N,Z
BWX,State Street SPDR Bloomberg International Treasury Bond ETF,,Y,N,P
BWXT,"BWX Technologies, Inc. Common Stock",,N,N,N
BWZ,State Street SPDR Bloomberg Short Term International Treasury Bond ETF,,Y,N,P
BX,Blackstone Inc. Common Stock,,N,N,N
BXC,Bluelinx Holdings Inc. Common Stock,,N,N,N
BXDC,Blackstone Digital Infrastructure Trust Inc. Common Stock,,N,N,N
BXMT,"Blackstone Mortgage Trust, Inc. Common Stock",,N,N,N
BXP,"BXP, Inc. Common Stock",,N,N,N
BXSL,Blackstone Secured Lending Fund Common Shares of Beneficial Interest,,N,N,N
BY,"Byline Bancorp, Inc. Common Stock",,N,N,N
BYD,Boyd Gaming Corporation Common Stock,,N,N,N
BYLD,iShares Yield Optimized Bond ETF,,Y,N,P
BYRE,Principal Real Estate Active Opportunities ETF,,Y,N,P
BZH,"Beazer Homes USA, Inc. Common Stock",,N,N,N
BZQ,ProShares UltraShort MSCI Brazil Capped,,Y,N,P
BZZ,Corgi Drones & Urban Air Mobility ETF,,Y,N,Z
C,"Citigroup, Inc. Common Stock",,N,N,N
C$N,Citigroup Capital XIII 7.875% Fixed rate Floating Rate trust Preferred Securities (TruPS),,N,N,N
C$R,"Citigroup Inc. Depositary Shares, Each Representing a 1/1,000th Interest in a Share of 6.250% Noncumulative Preferred Stock, Series II",,N,N,N
CAAA,First Trust AAA CMBS ETF,,Y,N,P
CAAP,Corporacion America Airports SA Common Shares,,N,N,N
CABO,"Cable One, Inc. Common Stock",,N,N,N
CABZ,"Roundhill Robotaxi, Autonomous Vehicles & Technology ETF",,Y,N,Z
CACI,"CACI International, Inc. Class A Common Stock",,N,N,N
CAE,CAE Inc. Ordinary Shares,,N,N,N
CAF,Morgan Stanley China A Share Fund Inc. Common Stock,,N,N,N
CAFX,Congress Intermediate Bond ETF,,Y,N,P
CAG,"ConAgra Brands, Inc. Common Stock",,N,N,N
CAGE,Calamos Autocallable Growth ETF,,Y,N,P
CAH,"Cardinal Health, Inc. Common Stock",,N,N,N
CAIE,Calamos Autocallable Income ETF,,Y,N,P
CAL,"Caleres, Inc. Common Stock",,N,N,N
CALF,Pacer US Small Cap Cash Cows ETF,,Y,N,Z
CALX,"Calix, Inc Common Stock",,N,N,N
CALY,Callaway Golf Company Common Stock,,N,N,N
CAM,AB California Intermediate Municipal ETF,,Y,N,P
CAMC,Corgi CAMT 2x Daily ETF,,Y,N,Z
CAML,Congress Large Cap Growth ETF,,Y,N,P
CAMX,Cambiar Aggressive Value ETF,,Y,N,P
CANE,Teucrium Sugar Fund ETV,,Y,N,P
CANF,"Can-Fite Biopharma Ltd American Depositary Shares, each representing two (2) Ordinary Shares",,N,N,A
CANG,Cango Inc. Class A Ordinary Shares,,N,N,N
CAOS,Alpha Architect Tail Risk ETF,,Y,N,Z
CAPE,DoubleLine Shiller CAPE U.S. Equities ETF,,Y,N,P
CAPL,CrossAmerica Partners LP Common Units representing limited partner interests,,N,N,N
CARD,MAX Auto Industry -3x Inverse Leveraged ETN,,Y,N,P
CARK,CastleArk Large Growth ETF,,Y,N,P
CARR,Carrier Global Corporation Common Stock ,,N,N,N
CARS,Cars.com Inc. Common Stock ,,N,N,N
CARU,MAX Auto Industry 3x Leveraged ETN,,Y,N,P
CARX,Corgi CART 2x Daily ETF,,Y,N,Z
CAS,Simplify China A Shares PLUS Income ETF,,Y,N,P
CAT,"Caterpillar, Inc. Common Stock",,N,N,N
CATF,American Century California Municipal Bond ETF,,Y,N,P
CATG,Leverage Shares 2X Long CAT Daily ETF,,Y,N,Z
CATO,Cato Corporation (The) Class A Common Stock,,N,N,N
CATX,"Perspective Therapeutics, Inc. Common Stock",,N,N,A
CAVA,"CAVA Group, Inc. Common Stock",,N,N,N
CB,Chubb Limited  Common Stock,,N,N,N
CBAN,"Colony Bankcorp, Inc. Common Stock",,N,N,N
CBIL,Corgi 3-12 Month T-Bill ETF,,Y,N,Z
CBL,"CBL & Associates Properties, Inc. Common Stock",,N,N,N
CBLS,Clough Hedged Equity ETF,,Y,N,P
CBNA,"Chain Bridge Bancorp, Inc. Class A Common Stock",,N,N,N
CBO,CBO (Listing Market - NYSE - Networks A/E) Common Stock,,N,Y,N
CBOA,Calamos Bitcoin Structured Alt Protection ETF - April,,Y,N,Z
CBOE,"Cboe Global Markets, Inc. Common Stock",,N,N,Z
CBOJ,Calamos Bitcoin Structured Alt Protection ETF - January,,Y,N,Z
CBOL,Calamos Laddered Bitcoin Structured Alt Protection ETF,,Y,N,Z
CBON,VanEck China Bond ETF,,Y,N,P
CBOO,Calamos Bitcoin Structured Alt Protection ETF - October,,Y,N,Z
CBOT,Corgi Robots & Humanoids ETF,,Y,N,Z
CBOX,Calamos Tax-Aware Collateral ETF,,Y,N,Z
CBOY,Calamos Bitcoin Structured Alt Protection ETF - July,,Y,N,Z
CBRE,CBRE Group Inc Common Stock Class A,,N,N,N
CBRG,Leverage Shares 2X Long CBRS Daily ETF,,Y,N,Z
CBRX,Tradr 2X Long CBRS Daily ETF,,Y,N,Z
CBRZ,Tradr 2X Short CBRS Daily ETF,,Y,N,Z
CBSE,Clough Select Equity ETF,,Y,N,P
CBT,Cabot Corporation Common Stock,,N,N,N
CBTA,Calamos Bitcoin 80 Series Structured Alt Protection ETF - April,,Y,N,Z
CBTJ,Calamos Bitcoin 80 Series Structured Alt Protection ETF - January,,Y,N,Z
CBTL,Calamos Laddered Bitcoin 80 Series Structured Alt Protection ETF,,Y,N,Z
CBTO,Calamos Bitcoin 80 Series Structured Alt Protection ETF - October,,Y,N,Z
CBTY,Calamos Bitcoin 80 Series Structured Alt Protection ETF - July,,Y,N,Z
CBU,"Community Financial System, Inc. Common Stock",,N,N,N
CBX,CBX (Listing Market NYSE Networks AE) Common Stock,,N,Y,N
CBXA,Calamos Bitcoin 90 Series Structured Alt Protection ETF - April,,Y,N,Z
CBXJ,Calamos Bitcoin 90 Series Structured Alt Protection ETF - January,,Y,N,Z
CBXL,Calamos Laddered Bitcoin 90 Series Structured Alt Protection ETF,,Y,N,Z
CBXO,Calamos Bitcoin 90 Series Structured Alt Protection ETF - October,,Y,N,Z
CBXY,Calamos Bitcoin 90 Series Structured Alt Protection ETF - July,,Y,N,Z
CBZ,"CBIZ, Inc. Common Stock",,N,N,N
CC,Chemours Company (The) Common Stock,,N,N,N
CCEF,Calamos CEF Income & Arbitrage ETF,,Y,N,P
CCEL,"Cryo-Cell International, Inc. Common Stock",,N,N,A
CCI,Crown Castle Inc. Common Stock,,N,N,N
CCID,Carlyle Credit Income Fund 7.375% Series D Term Preferred Shares due 2028,,N,N,N
CCIF,Carlyle Credit Income Fund Shares of Beneficial Interest,,N,N,N
CCJ,Cameco Corporation Common Stock,,N,N,N
CCK,"Crown Holdings, Inc.",,N,N,N
CCL,Carnival Corporation Ltd. Common Shares,,N,N,N
CCM,Concord Medical Services Holdings Limited American Depositary Shares (Each represents thirty (30) Class A ordinary shares),,N,N,N
CCO,"Clear Channel Outdoor Holdings, Inc. Common Stock",,N,N,N
CCOM,Simplify Chinese Commodities Strategy No K-1 ETF,,Y,N,P
CCOR,Core Alternative ETF,,Y,N,P
CCPX,Corgi China 2x Daily ETF,,Y,N,Z
CCRP,Columbia Corporate Bond ETF,,Y,N,P
CCS,"Century Communities, Inc. Common Stock",,N,N,N
CCU,"Compania Cervecerias Unidas, S.A. Common Stock",,N,N,N
CCUP,T-REX 2X Long CRCL Daily Target ETF,,Y,N,Z
CCZ,Comcast Holdings ZONES,,N,N,N
CDE,"Coeur Mining, Inc. Common Stock",,N,N,N
CDEI,"Calvert US Large-Cap Diversity, Equity and Inclusion Index ETF",,Y,N,P
CDLR,Cadeler A/S American Depositary Share (each representing four (4) Ordinary Shares),,N,N,N
CDNG,Leverage Shares 2X Long CDNS Daily ETF,,Y,N,Z
CDP,COPT Defense Properties Common Shares of Beneficial Interest,,N,N,N
CDR$B,"Cedar Realty Trust, Inc. 7.25% Series B Cumulative Redeemable Preferred Stock",,N,N,N
CDR$C,"Cedar Realty Trust, Inc. 6.50% Series C Cumulative Redeemable Preferred Stock",,N,N,N
CDRE,"Cadre Holdings, Inc. Common Stock",,N,N,N
CDX,Simplify High Yield ETF,,Y,N,P
CE,Celanese Corporation Common Stock,,N,N,N
CEE,"The Central and Eastern Europe Fund, Inc. (The) Common Stock",,N,N,N
CEF,Sprott Physical Gold and Silver Trust Units,,Y,N,P
CEFD,ETRACS Monthly Pay 1.5X Leveraged Closed-End Fund Index ETN,,Y,N,P
CEFS,Saba Closed-End Funds ETF,,Y,N,Z
CEFZ,RiverNorth Active Income ETF,,Y,N,Z
CEGX,Tradr 2X Long CEG Daily ETF,,Y,N,Z
CELG.R,Bristol-Myers Squibb Company Celegne Contingent Value Rights,,N,N,N
CEMB,iShares J.P. Morgan EM Corporate Bond ETF,,Y,N,Z
CEPU,Central Puerto S.A. American Depositary Shares (each represents ten Common Shares),,N,N,N
CERY,State Street SPDR Bloomberg Enhanced Roll Yield Commodity Strategy No K-1 ETF,,Y,N,P
CET,Central Securities Corporation Common Stock,,N,N,A
CEV,Eaton Vance California Municipal Income Trust Shares of Beneficial Interest,,N,N,A
CEW,WisdomTree Emerging Currency Strategy Fund,,Y,N,P
CF,"CF Industries Holdings, Inc. Common Stock",,N,N,N
CFG,"Citizens Financial Group, Inc. Common Stock",,N,N,N
CFG$E,"Citizens Financial Group, Inc. Depositary Shares Each Representing 1/40th Interest in a Share of 5.000% Fixed-Rate Non-Cumulative Perpetual Preferred Stock, Series E",,N,N,N
CFG$H,"Citizens Financial Group, Inc. Depositary Shares Each Representing a 1/40th Interest in a Share of 7.375% Fixed-Rate Non-Cumulative Perpetual Preferred Stock, Series H",,N,N,N
CFG$I,"Citizens Financial Group, Inc. Depositary Shares, Each Representing a 1/40th Interest in a Share of 6.500% Fixed-Rate Reset Non-Cumulative Perpetual Preferred Stock, Series I",,N,N,N
CFIT,Cambria Fixed Income Trend ETF,,Y,N,Z
CFND,C1 Fund Inc. Common Stock,,N,N,N
CFR,"Cullen/Frost Bankers, Inc. Common Stock",,N,N,N
CFR$B,"Cullen/Frost Bankers, Inc. Depositary Shares, each representing a 1/40th ownership interest in a share of 4.450% non-cumulative perpetual preferred stock, Series B",,N,N,N
CFTR$A,"Cantor Fitzgerald Income Trust, Inc. 9.50% Series A Cumulative Redeemable Preferred Stock",,N,N,N
CGAU,Centerra Gold Inc. Common Shares,,N,N,N
CGBL,Capital Group Core Balanced ETF,,Y,N,P
CGCB,Capital Group Core Bond ETF,,Y,N,P
CGCP,Capital Group Core Plus Income ETF,,Y,N,P
CGCV,Capital Group Conservative Equity ETF,,Y,N,P
CGDG,Capital Group Dividend Growers ETF,,Y,N,P
CGDV,Capital Group Dividend Value ETF,,Y,N,P
CGGE,Capital Group Global Equity ETF,,Y,N,P
CGGG,Capital Group U.S. Large Growth ETF,,Y,N,P
CGGO,Capital Group Global Growth Equity ETF,,Y,N,P
CGGR,Capital Group Growth ETF,,Y,N,P
CGHM,Capital Group Municipal High-Income ETF,,Y,N,P
CGHY,Capital Group High Yield Bond ETF,,Y,N,P
CGIB,Capital Group International Bond ETF (USD-Hedged),,Y,N,P
CGIC,Capital Group International Core Equity ETF,,Y,N,P
CGIE,Capital Group International Equity ETF,,Y,N,P
CGMM,Capital Group U.S. Small and Mid Cap ETF,,Y,N,P
CGMS,Capital Group U.S. Multi-Sector Income ETF,,Y,N,P
CGMU,Capital Group Municipal Income ETF,,Y,N,P
CGNG,Capital Group New Geography Equity ETF,,Y,N,P
CGOV,Corgi 0-3 Month T-Bill ETF,,Y,N,Z
CGRO,CoreValues Alpha Greater China Growth ETF,,Y,N,P
CGSD,Capital Group Short Duration Income ETF,,Y,N,P
CGSM,Capital Group Short Duration Municipal Income ETF,,Y,N,P
CGUI,Capital Group Ultra Short Income ETF,,Y,N,P
CGUS,Capital Group Core Equity ETF,,Y,N,P
CGV,Conductor Global Equity Value ETF,,Y,N,N
CGVV,Capital Group U.S. Large Value ETF,,Y,N,P
CGW,Invesco S&P Global Water Index ETF,,Y,N,P
CGXU,Capital Group International Focus Equity ETF,,Y,N,P
CHAT,Roundhill Generative AI & Technology ETF,,Y,N,P
CHAU,Direxion Daily CSI 300 China A Share Bull 2X ETF,,Y,N,P
CHCT,Community Healthcare Trust Incorporated Common Stock,,N,N,N
CHD,"Church & Dwight Company, Inc. Common Stock",,N,N,N
CHE,Chemed Corp,,N,N,N
CHGG,"Chegg, Inc. Common Stock",,N,N,N
CHH,"Choice Hotels International, Inc. Common Stock",,N,N,N
CHIQ,Global X MSCI China Consumer Discretionary ETF,,Y,N,P
CHMI,Cherry Hill Mortgage Investment Corporation Common Stock,,N,N,N
CHMI$A,Cherry Hill Mortgage Investment Corporation 8.20% Series A Cumulative Redeemable Preferred Stock,,N,N,N
CHMI$B,Cherry Hill Mortgage Investment Corporation 8.250% Series B Fixed-to-Floating Rate Cumulative Redeemable Preferred Stock,,N,N,N
CHNL,Chainlink ETF,,Y,N,Z
CHNU,2x Chainlink ETF,,Y,N,Z
CHOW,ChowChow Cloud International Holdings Limited Ordinary Shares,,N,N,A
CHPT,"ChargePoint Holdings, Inc. Common Stock",,N,N,N
CHPY,YieldMax Semiconductor Portfolio Option Income ETF,,Y,N,P
CHT,"Chunghwa Telecom Co., Ltd.",,N,N,N
CHWY,"Chewy, Inc. Class A Common Stock",,N,N,N
CHYG,Corgi 0-5 Year High Yield Corporate Bond ETF,,Y,N,Z
CI,The Cigna Group Common Stock,,N,N,N
CIA,"Citizens, Inc. Class A Common Stock ($1.00 Par)",,N,N,N
CIB,Grupo Cibest S.A. American Depositary Shares each representing four Preferred Shares,,N,N,N
CICB,CION Investment Corporation 7.50% Notes due 2029,,N,N,N
CICC,CION Investment Corporation 7.50% Notes due 2031,,N,N,N
CIEG,Leverage Shares 2X Long CIEN Daily ETF,,Y,N,Z
CIEI,Corgi 3-7 Year Treasury Bond ETF,,Y,N,Z
CIEN,Ciena Corporation Common Stock,,N,N,N
CIFU,T-REX 2X Long CIFR Daily Target ETF,,Y,N,Z
CIG,Comp En De Mn Cemig ADS American Depositary Shares,,N,N,N
CIG.C,Comp En De Mn Cemig ADS American Depositary Receipts,,N,N,N
CII,"BlackRock Enhanced Large Cap Core Fund, Inc. Common Stock",,N,N,N
CIK,"Credit Suisse Asset Management Income Fund, Inc. Common Stock",,N,N,A
CIM,Chimera Investment Corporation Common Stock,,N,N,N
CIM$A,Chimera Investment Corporation 8.00% Series A Cumulative Redeemable Preferred Stock,,N,N,N
CIM$B,Chimera Investment Corporation 8.00% Series B Fixed-to-Floating Rate Cumulative Redeemable Preferred Stock,,N,N,N
CIM$C,Chimera Investment Corporation 7.75% Series C Fixed-to-Floating Rate  Cumulative Redeemable  Preferred Stock,,N,N,N
CIM$D,Chimera Investment Corporation 8.00% Series D Fixed-to-Floating Rate Cumulative Redeemable Preferred Stock,,N,N,N
CIMN,Chimera Investment Corporation 9.000% Senior Notes due 2029,,N,N,N
CIMO,Chimera Investment Corporation 9.250% Senior Notes due 2029,,N,N,N
CIMP,Chimera Investment Corporation 8.875% Senior Notes due 2030,,N,N,N
CINT,CI&T Inc Class A Common Shares,,N,N,N
CION,CION Investment Corporation Common Stock,,N,N,N
CITR,CitroTech Inc. Common Stock,,N,N,A
CIVG,Corgi 1-5 Year Investment Grade Corporate Bond ETF,,Y,N,Z
CIX,CompX International Inc. Common Stock,,N,N,A
CJUN,Corgi U.S. Equities 15% Structured Buffer ETF - June Series,,Y,N,Z
CKX,"CKX Lands, Inc. Common Stock",,N,N,A
CL,Colgate-Palmolive Company Common Stock,,N,N,N
CLB,Core Laboratories Inc. Common Stock,,N,N,N
CLBR,Colombier Acquisition Corp. III Class A Ordinary Shares,,N,N,N
CLBR.U,"Colombier Acquisition Corp. III Units, each consisting of one Class A ordinary share and one-eighth of one warrant",,N,N,N
CLBR.W,"Colombier Acquisition Corp. III Warrants, each whole warrant exercisable for one Class A ordinary share at an exercise price of $11.50 per share",,N,N,N
CLCG,Crossmark Large Cap Growth ETF,,Y,N,P
CLCV,Crossmark Large Cap Value ETF,,Y,N,P
CLDI,"Calidi Biotherapeutics, Inc. Common Stock",,N,N,A
CLDT,Chatham Lodging Trust (REIT) Common Shares of Beneficial Interest,,N,N,N
CLDT$A,Chatham Lodging Trust (REIT) 6.625% Series A Cumulative Redeemable Preferred Shares of Beneficial Interest,,N,N,N
CLF,Cleveland-Cliffs Inc. Common Stock,,N,N,N
CLH,"Clean Harbors, Inc. Common Stock",,N,N,N
CLIM,Climate Global - Climate Resilient REIT Index ETF,,Y,N,P
CLIP,Global X 1-3 Month T-Bill ETF,,Y,N,P
CLIX,ProShares Long Online/Short Stores ETF,,Y,N,P
CLM,"Cornerstone Strategic Investment Fund, Inc. Common Shares",,N,N,A
CLNK,Common Shares of Beneficial Interest of Bitwise Chainlink ETF,,Y,N,P
CLOB,VanEck AA-BB CLO ETF,,Y,N,P
CLOC,AAM Crescent CLO ETF,,Y,N,P
CLOI,VanEck CLO ETF,,Y,N,P
CLOO,NYLI Investment Grade CLO ETF,,Y,N,P
CLOX,Eldridge AAA CLO ETF,,Y,N,P
CLOZ,Eldridge BBB-B CLO ETF,,Y,N,P
CLPR,Clipper Realty Inc. Common Stock,,N,N,N
CLS,"Celestica, Inc. Common Stock",,N,N,N
CLSE,Convergence Long/Short Equity ETF,,Y,N,Z
CLSX,Tradr 2X Long CLSK Daily ETF,,Y,N,Z
CLUB,Billionaires Club ETF,,Y,N,P
CLVT,Clarivate Plc Ordinary Shares,,N,N,N
CLW,Clearwater Paper Corporation Common Stock,,N,N,N
CLX,Clorox Company (The) Common Stock,,N,N,N
CM,Canadian Imperial Bank of Commerce Common Stock,,N,N,N
CMAG,Corgi Mag 7 ETF,,Y,N,Z
CMAY,Corgi U.S. Equities 15% Structured Buffer ETF - May Series,,Y,N,Z
CMBS,iShares CMBS Bond ETF,,Y,N,P
CMBT,CMB.TECH NV Ordinary Shares,,N,N,N
CMC,Commercial Metals Company Common Stock,,N,N,N
CMCI,VanEck CMCI Commodity Strategy ETF,,Y,N,Z
CMCL,Caledonia Mining Corporation Plc Common Shares,,N,N,A
CMCM,"Cheetah Mobile Inc. American Depositary Shares, each representing fifty (50) Class A Ordinary Shares",,N,N,N
CMDB,Costamare Bulkers Holdings Limited Common Stock,,N,N,N
CMDT,PIMCO Commodity Strategy Active Exchange-Traded Fund,,Y,N,P
CMDY,iShares Bloomberg Roll Select Commodity Strategy ETF,,Y,N,P
CMF,iShares California Muni Bond ETF,,Y,N,P
CMG,"Chipotle Mexican Grill, Inc. Common Stock",,N,N,N
CMI,Cummins Inc. Common Stock,,N,N,N
CMP,Compass Minerals Intl Inc Common Stock,,N,N,N
CMRE,Costamare Inc. Common Stock $0.0001 par value,,N,N,N
CMRE$B,Costamare Inc. Perpetual Preferred Stock Series B (Marshall Islands),,N,N,N
CMRE$C,Costamare Inc. Perpetual Preferred Series C (Marshall Islands),,N,N,N
CMRE$D,Costamare Inc. 8.75% Series D Cumulative Redeemable Perpetual Preferred Stock,,N,N,N
CMS,CMS Energy Corporation Common Stock,,N,N,N
CMS$B,CMS Energy Corporation Preferred Stock,,N,N,N
CMS$C,"CMS Energy Corporation Depositary Shares, each representing a 1/1,000th interest in a share of 4.200% Cumulative Redeemable Perpetual Preferred Stock, Series C",,N,N,N
CMSA,CMS Energy Corporation 5.625% Junior Subordinated Notes due 2078,,N,N,N
CMSC,CMS Energy Corporation 5.875% Junior Subordinated Notes due 2078,,N,N,N
CMSD,CMS Energy Corporation 5.875% Junior Subordinated Notes due 2079,,N,N,N
CMT,Core Molding Technologies Inc Common Stock,,N,N,A
CMTG,"Claros Mortgage Trust, Inc. Common Stock",,N,N,N
CNA,CNA Financial Corporation Common Stock,,N,N,N
CNAV,Mohr Company Nav ETF,,Y,N,Z
CNBS,Amplify Seymour Cannabis ETF,,Y,N,P
CNC,Centene Corporation Common Stock,,N,N,N
CNEQ,Alger Concentrated Equity ETF,,Y,N,P
CNF,"CNFinance Holdings Limited American Depositary Shares, each representing two hundred (200) Ordinary Shares",,N,N,N
CNH,CNH Industrial N.V. Common Shares,,N,N,N
CNI,Canadian National Railway Company Common Stock,,N,N,N
CNK,"Cinemark Holdings Inc Cinemark Holdings, Inc. Common Stock",,N,N,N
CNL,Collective Mining Ltd. Common Shares,,N,N,A
CNM,"Core & Main, Inc. Class A Common Stock",,N,N,N
CNMD,CONMED Corporation Common Stock,,N,N,N
CNNE,"Cannae Holdings, Inc. Common Stock",,N,N,N
CNO,"CNO Financial Group, Inc. Common Stock",,N,N,N
CNO$A,"CNO Financial Group, Inc. 5.125% Subordinated Debentures due 2060",,N,N,N
CNP,"CenterPoint Energy, Inc (Holding Co) Common Stock",,N,N,N
CNQ,Canadian Natural Resources Limited Common Stock,,N,N,N
CNR,"Core Natural Resources, Inc. Common Stock",,N,N,N
CNRG,State Street SPDR S&P Kensho Clean Power ETF,,Y,N,P
CNS,Cohen & Steers Inc Common Stock,,N,N,N
CNX,CNX Resources Corporation Common Stock,,N,N,N
CNXT,VanEck ChiNext Innovators ETF,,Y,N,P
CNYA,iShares MSCI China A ETF,,Y,N,Z
COAL,Range Global Coal Index ETF,,Y,N,P
CODI,D/B/A Compass Diversified Holdings Shares of Beneficial Interest,,N,N,N
CODI$A,Compass Diversified Holdings 7.250% Series A Preferred Shares representing beneficial interest in Compass Diversified Holdings,,N,N,N
CODI$B,Compass Diversified Holdings 7.875% Series B Fixed-to-Floating Rate Cumulative Preferred Shares representing beneficial interests in Compass Diversified Holdings,,N,N,N
CODI$C,Compass Diversified Holdings 7.875% Series C Cumulative Preferred Shares,,N,N,N
COE,"51Talk Online Education Group American depositary shares, each representing 60 Class A ordinary shares",,N,N,A
COF,Capital One Financial Corporation Common Stock,,N,N,N
COF$I,"Capital One Financial Corporation Depositary shares each representing a 1/40th interest in a share of Fixed Rate Non-Cumulative Perpetual Preferred Stock, Series I of the Issuer",,N,N,N
COF$J,"Capital One Financial Corporation Depositary Shares, Each Representing a 1/40th Interest in a Share of Fixed Rate Non- Cumulative Perpetual Preferred Stock, Series J",,N,N,N
COF$K,"Capital One Financial Corporation Depositary Shares, Each Representing a 1/40th Ownership Interest in a Share of Fixed Rate Non-Cumulative Perpetual Preferred Stock, Series K",,N,N,N
COF$L,"Capital One Financial Corporation Depositary Shares, Each Representing a 1/40th Interest in a Share of Fixed Rate Non-Cumulative Perpetual Preferred Stock, Series L",,N,N,N
COF$N,"Capital One Financial Corporation Depositary Shares, Each Representing a 1/40th Ownership Interest in a Share of Fixed Rate Non-Cumulative Perpetual Preferred Stock, Series N",,N,N,N
COHH,Leverage Shares 2X Long COHR Daily ETF,,Y,N,Z
COHN,Cohen & Company Inc.,,N,N,A
COHR,Coherent Corp. Common Stock,,N,N,N
COHX,Tradr 2X Long COHR Daily ETF,,Y,N,Z
COIA,ProShares Ultra COIN,,Y,N,P
COIW,Roundhill COIN WeeklyPay ETF,,Y,N,Z
COIX,Corgi COIN 2x Daily ETF,,Y,N,Z
COLD,"Americold Realty Trust, Inc. Common Stock",,N,N,N
COLO,Global X MSCI Colombia ETF,,Y,N,P
COM,Direxion Auspice Broad Commodity Strategy ETF,,Y,N,P
COMB,GraniteShares Bloomberg Commodity Broad Strategy No K-1 ETF,,Y,N,P
COMD,Global X Commodity Strategy ETF,,Y,N,Z
COMP,"Compass, Inc. Class A Common Stock",,N,N,N
CON,"Concentra Group Holdings Parent, Inc. Common Stock",,N,N,N
CONY,YieldMax COIN Option Income Strategy ETF,,Y,N,P
COOK,"Traeger, Inc. Common Stock",,N,N,N
COP,ConocoPhillips Common Stock,,N,N,N
COPA,Themes Copper Miners ETF,,Y,N,Z
COPL,Copley Acquisition Corp Ordinary Shares,,N,N,N
COPL.U,"Copley Acquisition Corp Units, each consisting of one ordinary share and one-half warrant",,N,N,N
COPL.W,"Copley Acquisition Corp Redeemable warrants, each whole warrant exercisable for one Class A ordinary share at an exercise price of $11.50",,N,N,N
COPX,Global X Copper Miners ETF,,Y,N,P
COPY,"Tweedy, Browne Insider + Value ETF",,Y,N,P
COPZ,Defiance Daily Target 2X Long Copper Miners ETF,,Y,N,P
COR,"Cencora, Inc. Common Stock",,N,N,N
CORB,AB Core Bond ETF,,Y,N,P
CORD,T-REX 2X Inverse CRWV Daily Target ETF,,Y,N,Z
CORN,Teucrium Corn Fund ETV,,Y,N,P
CORP,PIMCO Investment Grade Corporate Bond Index Exchange-Traded Fund,,Y,N,P
COSO,"CoastalSouth Bancshares, Inc. Common Stock",,N,N,N
COSW,Roundhill COST WeeklyPay ETF,,Y,N,Z
COTY,Coty Inc. Class A Common Stock,,N,N,N
COUR,"Coursera, Inc. Common Stock",,N,N,N
COWZ,Pacer US Cash Cows 100 ETF,,Y,N,Z
COZX,Tradr 2X Long CORZ Daily ETF,,Y,N,Z
CP,Canadian Pacific Kansas City Limited Common Shares,,N,N,N
CPA,"Copa Holdings, S.A. Class A Common Stock",,N,N,N
CPAC,Cementos Pacasmayo S.A.A. American Depositary Shares (Each representing five Common Shares),,N,N,N
CPAI,Counterpoint Quantitative Equity ETF,,Y,N,N
CPAY,"Corpay, Inc. Common Stock",,N,N,N
CPER,United States Copper Index Fund ETV,,Y,N,P
CPF,Central Pacific Financial Corp New,,N,N,N
CPHI,"China Pharma Holdings, Inc. Common Stock",,N,N,A
CPII,American Beacon Ionic Inflation Protection ETF,,Y,N,P
CPK,Chesapeake Utilities Corporation Common Stock,,N,N,N
CPLB,NYLI MacKay Core Plus Bond ETF,,Y,N,P
CPNG,"Coupang, Inc. Class A Common Stock",,N,N,N
CPNJ,Calamos Nasdaq - 100 Structured Alt Protection ETF -June,,Y,N,P
CPNM,Calamos Nasdaq-100 Structured Alt Protection ETF - March,,Y,N,P
CPNQ,Calamos Nasdaq-100 Structured Alt Protection ETF December,,Y,N,P
CPNS,Calamos Nasdaq-100 Structured Alt Protection ETF  September,,Y,N,P
CPNX,Tradr 2X Long CPNG Daily ETF,,Y,N,Z
CPRA,Calamos Russell 2000 Structured Alt Protection ETF - April,,Y,N,P
CPRI,Capri Holdings Limited Ordinary Shares,,N,N,N
CPRJ,Calamos Russell 2000 Structured Alt Protection ETF  July,,Y,N,P
CPRO,Calamos Russell 2000 Structured Alt Protection ETF - October,,Y,N,P
CPRY,Calamos Russell 2000 Structured Alt Protection ETF January,,Y,N,P
CPS,Cooper-Standard Holdings Inc. Common Stock,,N,N,N
CPSA,Calamos S&P 500 Structured Alt Protection ETF  August,,Y,N,P
CPSD,Calamos S&P 500 Structured Alt Protection ETF December,,Y,N,P
CPSF,Calamos S&P 500 Structured Alt Protection ETF February,,Y,N,P
CPSJ,Calamos S&P 500 Structured Alt Protection ETF  July,,Y,N,P
CPSL,Calamos Laddered S&P 500 Structured Alt Protection ETF,,Y,N,Z
CPSM,Calamos S&P 500 Structured Alt Protection ETF  May,,Y,N,P
CPSN,Calamos S&P 500 Structured Alt Protection ETF November,,Y,N,P
CPSO,Calamos S&P 500 Structured Alt Protection ETF - October,,Y,N,P
CPSP,Calamos S&P 500 Structured Alt Protection ETF - April,,Y,N,P
CPSR,Calamos S&P 500 Structured Alt Protection ETF - March,,Y,N,P
CPST,Calamos S&P 500 Structured Alt Protection ETF  September,,Y,N,P
CPSU,Calamos S&P 500 Structured Alt Protection ETF June,,Y,N,P
CPSY,Calamos S&P 500 Structured Alt Protection ETF January,,Y,N,P
CPT,Camden Property Trust Common Stock,,N,N,N
CPXR,USCF Daily Target 2X Copper Index ETF,,Y,N,P
CQP,"Cheniere Energy Partners, LP Common Units",,N,N,N
CQQQ,Invesco China Technology ETF,,Y,N,P
CQTM,Corgi Quantum Computing ETF,,Y,N,Z
CR,Crane Company Common Stock,,N,N,N
CRAK,VanEck Oil Refiners ETF,,Y,N,P
CRBD,Corebridge Financial Inc. 6.375% Junior Subordinated Notes due 2064,,N,N,N
CRBG,Corebridge Financial Inc. Common Stock,,N,N,N
CRBN,iShares Low Carbon Optimized MSCI ACWI ETF,,Y,N,P
CRC,California Resources Corporation Common Stock,,N,N,N
CRCA,ProShares Ultra CRCL,,Y,N,P
CRCD,T-REX 2X Inverse CRCL Daily Target ETF,,Y,N,Z
CRCL,"Circle Internet Group, Inc. Class A Common Stock",,N,N,N
CRCO,YieldMax CRCL Option Income Strategy ETF,,Y,N,P
CRD.A,Crawford & Company Common Stock,,N,N,N
CRD.B,Crawford & Company Common Stock,,N,N,N
CRDD,Cardano ETF,,Y,N,Z
CRDT,Simplify Opportunistic Income ETF,,Y,N,P
CRDU,Tradr 2X Long CRDO Daily ETF,,Y,N,Z
CRDX,2x Cardano ETF,,Y,N,Z
CRED,Columbia Research Enhanced Real Estate ETF,,Y,N,P
CRF,"Cornerstone Total Return Fund, Inc. (The) Common Stock",,N,N,A
CRGY,Crescent Energy Company Class A Common Stock,,N,N,N
CRH,CRH PLC Ordinary Shares,,N,N,N
CRI,"Carter's, Inc. Common Stock",,N,N,N
CRIB,Russell Investments Global Real Estate ETF,,Y,N,P
CRK,"Comstock Resources, Inc. Common Stock",,N,N,N
CRL,"Charles River Laboratories International, Inc. Common Stock",,N,N,N
CRM,"Salesforce, Inc. Common Stock",,N,N,N
CRMX,Tradr 2X Long CRML Daily ETF,,Y,N,Z
CRPT,First Trust SkyBridge Crypto Industry and Digital Economy ETF,,Y,N,P
CRS,Carpenter Technology Corporation Common Stock,,N,N,N
CRSH,YieldMax Short TSLA Option Income Strategy ETF,,Y,N,P
CRT,Cross Timbers Royalty Trust Common Stock,,N,N,N
CRTC,Xtrackers US National Critical Technologies ETF,,Y,N,P
CRUC,Corgi CRUS 2x Daily ETF,,Y,N,Z
CRUX,Columbia Core Bond ETF,,Y,N,P
CRWU,T-REX 2X Long CRWV Daily Target ETF,,Y,N,Z
CRXP,Columbia Core Plus Bond ETF,,Y,N,P
CSAN,Cosan S.A. ADS,,N,N,N
CSD,Invesco S&P Spin-Off ETF,,Y,N,P
CSEX,Tradr 2X Long CLS Daily ETF,,Y,N,Z
CSHI,NEOS Enhanced Income 1-3 Month T-Bill ETF,,Y,N,P
CSHP,iShares Dynamic Short-Term Active ETF,,Y,N,P
CSIO,Cohen & Steers Infrastructure Opportunities Active ETF,,Y,N,P
CSL,Carlisle Companies Incorporated Common Stock,,N,N,N
CSM,ProShares Large Cap Core Plus,,Y,N,Z
CSMD,Congress SMid Growth ETF,,Y,N,P
CSNR,Cohen & Steers Natural Resources Active ETF,,Y,N,P
CSPF,Cohen & Steers Preferred and Income Opportunities Active ETF,,Y,N,P
CSR,D/B/A Centerspace Common Stock,,N,N,N
CSRE,Cohen & Steers Real Estate Active ETF,,Y,N,P
CSSD,Cohen & Steers Short Duration Preferred and Income Active ETF,,Y,N,P
CSTK,Invesco Comstock Contrarian Equity ETF,,Y,N,Z
CSTM,Constellium SE Ordinary Shares (France),,N,N,N
CSV,"Carriage Services, Inc. Common Stock",,N,N,N
CSW,"CSW Industrials, Inc. Common Stock",,N,N,N
CTA,Simplify Managed Futures Strategy ETF,,Y,N,P
CTA$A,"EIDP, Inc. Preferred Stock $3.50 Series",,N,N,N
CTA$B,"EIDP, Inc. Preferred Stock $4.50 Series",,N,N,N
CTAP,Simplify US Equity PLUS Managed Futures Strategy ETF,,Y,N,P
CTEF,Castellan Targeted Equity ETF,,Y,N,Z
CTEST,NYSE Test One Common Stock,,N,Y,A
CTEST.E,NYSE Test One Common Stock,,N,Y,N
CTEST.G,NYSE Test One Common Stock,,N,Y,N
CTEST.L,NYSE Test One Common Stock,,N,Y,N
CTEST.O,NYSE Test One Common Stock,,N,Y,N
CTEST.S,NYSE Test Six Common Stock,,N,Y,N
CTEST.V,NYSE Test One Common Stock,,N,Y,N
CTEV,Claritev Corporation Class A Common Stock,,N,N,N
CTEX,ProShares S&P Kensho Cleantech ETF,,Y,N,P
CTGG,Qwest Corporation 6.500% Senior Notes due 2051 (denominations of $25),,N,N,N
CTGO,Contango Silver & Gold Inc. Common Stock,,N,N,A
CTHH,Qwest Corporation 6.750% Senior Notes due 2052 (denominations of $25),,N,N,N
CTIF,Castellan Targeted Income ETF,,Y,N,Z
CTJN,Corgi U.S. Equities 30% Structured Buffer ETF - June Series,,Y,N,Z
CTM,"Castellum, Inc. Common Stock",,N,N,A
CTMA,Corgi U.S. Equities 30% Structured Buffer ETF - May Series,,Y,N,Z
CTO,"CTO Realty Growth, Inc. Common Stock",,N,N,N
CTO$A,"CTO Realty Growth, Inc. 6.375% Series A Cumulative Redeemable Preferred Stock",,N,N,N
CTOS,"Custom Truck One Source, Inc. Common Stock",,N,N,N
CTRE,"CareTrust REIT, Inc. Common Stock",,N,N,N
CTRI,"Centuri Holdings, Inc. Common Stock",,N,N,N
CTS,CTS Corporation Common Stock,,N,N,N
CTVA,"Corteva, Inc. Common Stock ",,N,N,N
CTWO,Common units,,Y,N,P
CUBB,"Customers Bancorp, Inc 5.375% Subordinated Notes Due 2034",,N,N,N
CUBE,CubeSmart Common Shares,,N,N,N
CUBI,"Customers Bancorp, Inc Common Stock",,N,N,N
CURB,Curbline Properties Corp. Common Stock,,N,N,N
CURE,Direxion Daily Healthcare Bull 3X ETF,,Y,N,P
CURV,Torrid Holdings Inc. Common Stock,,N,N,N
CUST,Corgi 1-3 Year Treasury Bond ETF,,Y,N,Z
CUT,Invesco MSCI Global Timber ETF,,Y,N,P
CUZ,Cousins Properties Incorporated Common Stock,,N,N,N
CVAR,Cultivar ETF,,Y,N,Z
CVE,Cenovus Energy Inc Common Stock,,N,N,N
CVEO,Civeo Corporation (Canada) Common Shares,,N,N,N
CVGD,CresAlta Global Dividend ETF,,Y,N,P
CVI,CVR Energy Inc. Common Stock,,N,N,N
CVIE,Calvert International Responsible Index ETF,,Y,N,P
CVLC,Calvert US Large-Cap Core Responsible Index ETF,,Y,N,P
CVLG,"Covenant Logistics Group, Inc. Class A Common Stock",,N,N,N
CVM,Cel-Sci Corporation Common Stock,,N,N,A
CVMC,Calvert US Mid-Cap Core Responsible Index ETF,,Y,N,P
CVNA,Carvana Co. Class A Common Stock,,N,N,N
CVNY,YieldMax CVNA Option Income Strategy ETF,,Y,N,P
CVR,Chicago Rivet & Machine Co. Common Stock,,N,N,A
CVRD,Madison Covered Call ETF,,Y,N,P
CVRT,Calamos Convertible Equity Alternative ETF,,Y,N,P
CVS,CVS Health Corporation Common Stock,,N,N,N
CVSA,Covista Inc. Common Shares,,N,N,N
CVSB,Calvert Ultra-Short Investment Grade ETF,,Y,N,P
CVSM,CresAlta Small and Mid-Cap ETF,,Y,N,P
CVU,"CPI Aerostructures, Inc. Common Stock",,N,N,A
CVX,Chevron Corporation Common Stock,,N,N,N
CVY,Invesco Zacks Multi-Asset Income ETF,,Y,N,P
CW,Curtiss-Wright Corporation Common Stock,,N,N,N
CWB,State Street SPDR Bloomberg Convertible Securities ETF,,Y,N,P
CWEB,Direxion Daily CSI China Internet Index Bull 2X ETF,,Y,N,P
CWEN,"Clearway Energy, Inc. Class C Common Stock",,N,N,N
CWH,"Camping World Holdings, Inc. Class A Common Stock",,N,N,N
CWI,State Street SPDR MSCI ACWI ex-US ETF,,Y,N,P
CWK,Cushman & Wakefield Ltd. Common Shares,,N,N,N
CWS,AdvisorShares Focused Equity ETF,,Y,N,P
CWT,California Water Service Group Common Stock,,N,N,N
CWVX,Tradr 2X Long CRWV Daily ETF,,Y,N,Z
CX,"Cemex, S.A.B. de C.V. Sponsored ADR",,N,N,N
CXM,"Sprinklr, Inc. Class A Common Stock",,N,N,N
CXRN,Teucrium 2x Daily Corn ETF,,Y,N,P
CXT,"Crane NXT, Co. Common Stock",,N,N,N
CXW,"CoreCivic, Inc. Common Stock",,N,N,N
CYD,China Yuchai International Limited Common Stock,,N,N,N
CYH,"Community Health Systems, Inc. Common Stock",,N,N,N
CZA,Invesco Zacks Mid-Cap ETF,,Y,N,P
D,"Dominion Energy, Inc. Common Stock",,N,N,N
DABS,DoubleLine Asset-Backed Securities ETF,,Y,N,P
DAC,Danaos Corporation Common Stock,,N,N,N
DAL,"Delta Air Lines, Inc. Common Stock",,N,N,N
DAMD,Defiance Daily Target 2X Short AMD ETF,,Y,N,P
DAN,Dana Incorporated Common Stock ,,N,N,N
DANA,Dana Limited Volatility ETF,,Y,N,P
DAO,"Youdao, Inc. American Depositary Shares, each representing one Class A Ordinary Share",,N,N,N
DAPR,FT Vest U.S. Equity Deep Buffer ETF - April,,Y,N,Z
DAR,Darling Ingredients Inc. Common Stock,,N,N,N
DARP,Grizzle Growth ETF,,Y,N,P
DAT,ProShares Big Data Refiners ETF,,Y,N,P
DAUG,FT Vest U.S. Equity Deep Buffer ETF - August,,Y,N,Z
DAVA,Endava plc American Depositary Shares (each representing one Class A Ordinary Share),,N,N,N
DB,Deutsche Bank AG Common Stock,,N,N,N
DBA,Invesco DB Agriculture Fund,,Y,N,P
DBAW,Xtrackers MSCI All World ex US Hedged Equity ETF,,Y,N,P
DBB,Invesco DB Base Metals Fund,,Y,N,P
DBC,Invesco DB Commodity Index Tracking Fund,,Y,N,P
DBD,Diebold Nixdorf Incorporated Common stock,,N,N,N
DBE,Invesco DB Energy Fund,,Y,N,P
DBEF,Xtrackers MSCI EAFE Hedged Equity ETF,,Y,N,P
DBEM,Xtrackers MSCI Emerging Markets Hedged Equity ETF,,Y,N,P
DBEU,Xtrackers MSCI Europe Hedged Equity ETF,,Y,N,P
DBEZ,Xtrackers MSCI Eurozone Hedged Equity ETF,,Y,N,P
DBI,Designer Brands Inc. Class A Common Stock,,N,N,N
DBJP,Xtrackers MSCI Japan Hedged Equity ETF,,Y,N,P
DBL,DoubleLine Opportunistic Credit Fund Common Shares of Beneficial Interest,,N,N,N
DBMF,iMGP DBi Managed Futures Strategy ETF,,Y,N,P
DBND,DoubleLine Opportunistic Core Bond ETF,,Y,N,P
DBO,Invesco DB Oil Fund,,Y,N,P
DBP,Invesco DB Precious Metals Fund,,Y,N,P
DBRG,"DigitalBridge Group, Inc.",,N,N,N
DBRG$H,"DigitalBridge Group, Inc. 7.125% Series H ",,N,N,N
DBRG$I,"DigitalBridge Group, Inc. 7.15% Series I ",,N,N,N
DBRG$J,"DigitalBridge Group, Inc. 7.125% Series J ",,N,N,N
DC,Dakota Gold Corp. Common Stock,,N,N,A
DCBG,"Dime Commercial Bancshares, Inc. 9.000% Junior Subordinated Notes",,N,N,N
DCH,Dauch Corporation Common Stock,,N,N,N
DCI,"Donaldson Company, Inc. Common Stock",,N,N,N
DCMT,DoubleLine Commodity Strategy ETF,,Y,N,P
DCO,Ducommun Incorporated Common Stock,,N,N,N
DCOM,"Dime Commercial Bancshares, Inc. Common Stock",,N,N,N
DCOM$,"Dime Commercial Bancshares, Inc. Preferred Stock, Series A",,N,N,N
DCOR,Dimensional US Core Equity 1 ETF,,Y,N,P
DCRE,DoubleLine Commercial Real Estate Debt ETF,,Y,N,P
DD,"DuPont de Nemours, Inc. Common Stock",,N,N,N
DDC,DDC Enterprise Limited Class A Ordinary Shares,,N,N,A
DDD,3D Systems Corporation Common Stock,,N,N,N
DDDD,YieldMax U.S. Stocks Target Double Distribution ETF,,Y,N,P
DDEC,FT Vest U.S. Equity Deep Buffer ETF - December,,Y,N,Z
DDFA,Innovator Equity Dual Directional 15 Buffer ETF - April,,Y,N,Z
DDFD,Innovator Equity Dual Directional 15 Buffer ETF - December,,Y,N,Z
DDFF,Innovator Equity Dual Directional 15 Buffer ETF - February,,Y,N,Z
DDFJ,Innovator Equity Dual Directional 15 Buffer ETF - January,,Y,N,Z
DDFL,Innovator Equity Dual Directional 15 Buffer ETF - July,,Y,N,Z
DDFM,Innovator Equity Dual Directional 15 Buffer ETF - March,,Y,N,Z
DDFN,Innovator Equity Dual Directional 15 Buffer ETF - November,,Y,N,Z
DDFO,Innovator Equity Dual Directional 15 Buffer ETF - October,,Y,N,Z
DDFS,Innovator Equity Dual Directional 15 Buffer ETF - September,,Y,N,Z
DDFY,Innovator Equity Dual Directional 15 Buffer ETF - May,,Y,N,Z
DDFZ,Innovator Equity Dual Directional 15 Buffer ETF - June,,Y,N,Z
DDL,Dingdong (Cayman) Limited American Depositary Shares (each two representing three Ordinary Shares),,N,N,N
DDLS,WisdomTree Dynamic International SmallCap Equity Fund,,Y,N,Z
DDM,ProShares Ultra Dow30,,Y,N,P
DDNQ,Innovator Growth-100 Dual Directional 5 Buffer ETF - Quarterly,,Y,N,Z
DDS,"Dillard's, Inc. Common Stock",,N,N,N
DDSQ,Innovator Equity Dual Directional 5 Buffer ETF - Quarterly,,Y,N,Z
DDT,Dillard's Capital Trust I,,N,N,N
DDTA,Innovator Equity Dual Directional 10 Buffer ETF - April,,Y,N,Z
DDTD,Innovator Equity Dual Directional 10 Buffer ETF - December,,Y,N,Z
DDTF,Innovator Equity Dual Directional 10 Buffer ETF - February,,Y,N,Z
DDTJ,Innovator Equity Dual Directional 10 Buffer ETF - January,,Y,N,Z
DDTL,Innovator Equity Dual Directional 10 Buffer ETF - July,,Y,N,Z
DDTM,Innovator Equity Dual Directional 10 Buffer ETF - March,,Y,N,Z
DDTN,Innovator Equity Dual Directional 10 Buffer ETF - November,,Y,N,Z
DDTO,Innovator Equity Dual Directional 10 Buffer ETF - October,,Y,N,Z
DDTS,Innovator Equity Dual Directional 10 Buffer ETF - September,,Y,N,Z
DDTY,Innovator Equity Dual Directional 10 Buffer ETF - May,,Y,N,Z
DDTZ,Innovator Equity Dual Directional 10 Buffer ETF - June,,Y,N,Z
DDV,Defined Duration 5 ETF,,Y,N,Z
DDWM,WisdomTree Dynamic International Equity Fund,,Y,N,Z
DDX,Defined Duration 10 ETF,,Y,N,Z
DDXX,Defined Duration 20 ETF,,Y,N,Z
DE,Deere & Company Common Stock,,N,N,N
DEA,"Easterly Government Properties, Inc. Common Stock",,N,N,N
DEC,Diversified Energy Company Common Stock,,N,N,N
DECK,Deckers Outdoor Corporation Common Stock,,N,N,N
DECM,FT Vest U.S. Equity Max Buffer ETF - December,,Y,N,Z
DECP,PGIM S&P 500 Buffer 12 ETF - December,,Y,N,Z
DECT,AllianzIM U.S. Large Cap Buffer10 Dec ETF,,Y,N,Z
DECU,AllianzIM U.S. Equity Buffer15 Uncapped Dec ETF,,Y,N,Z
DECW,AllianzIM U.S. Large Cap Buffer20 Dec ETF,,Y,N,Z
DECZ,TrueShares Structured Outcome (December) ETF,,Y,N,Z
DEED,First Trust Securitized Plus ETF,,Y,N,P
DEEF,Xtrackers FTSE Developed ex US Multifactor ETF,,Y,N,P
DEEP,Acquirers Small and Micro Deep Value ETF,,Y,N,P
DEFI,Hashdex Bitcoin ETF,,Y,N,P
DEFR,Aptus Deferred Income ETF,,Y,N,Z
DEHP,Dimensional Emerging Markets High Profitability ETF,,Y,N,P
DEI,"Douglas Emmett, Inc. Common Stock",,N,N,N
DELL,Dell Technologies Inc. Class C Common Stock ,,N,N,N
DEM,WisdomTree Emerging Markets High Dividend Fund,,Y,N,P
DEO,Diageo plc Common Stock,,N,N,N
DES,WisdomTree U.S. SmallCap Dividend Fund,,Y,N,P
DESK,VanEck Office and Commercial REIT ETF,,Y,N,P
DEUS,Xtrackers Russell US Multifactor ETF,,Y,N,P
DEW,WisdomTree Global High Dividend Fund,,Y,N,P
DEXC,Dimensional Emerging Markets ex China Core Equity ETF,,Y,N,P
DFAC,Dimensional U.S. Core Equity 2 ETF,,Y,N,P
DFAE,Dimensional Emerging Core Equity Market ETF,,Y,N,P
DFAI,Dimensional International Core Equity Market ETF,,Y,N,P
DFAL,Dimensional US Large Cap Core Equity Market ETF,,Y,N,Z
DFAR,Dimensional US Real Estate ETF,,Y,N,P
DFAS,Dimensional U.S. Small Cap ETF,,Y,N,P
DFAT,Dimensional U.S. Targeted Value ETF,,Y,N,P
DFAU,Dimensional US Core Equity Market ETF,,Y,N,P
DFAW,Dimensional World Equity ETF,,Y,N,P
DFAX,Dimensional World ex U.S. Core Equity 2 ETF,,Y,N,P
DFCA,Dimensional California Municipal Bond ETF,,Y,N,P
DFCF,Dimensional Core Fixed Income ETF,,Y,N,P
DFE,WisdomTree Europe SmallCap Dividend Fund,,Y,N,P
DFEB,FT Vest U.S. Equity Deep Buffer ETF - February,,Y,N,Z
DFEM,Dimensional Emerging Markets Core Equity 2 ETF,,Y,N,P
DFEN,Direxion Daily Aerospace & Defense Bull 3X ETF,,Y,N,P
DFEV,Dimensional Emerging Markets Value ETF,,Y,N,P
DFGR,Dimensional Global Real Estate ETF,,Y,N,P
DFH,"Dream Finders Homes, Inc. Class A Common Stock",,N,N,N
DFIC,Dimensional International Core Equity 2 ETF,,Y,N,Z
DFII,FT Vest Bitcoin Strategy & Target Income ETF,,Y,N,P
DFIN,"Donnelley Financial Solutions, Inc. Common Stock ",,N,N,N
DFIP,Dimensional Inflation-Protected Securities ETF,,Y,N,P
DFIS,Dimensional International Small Cap ETF,,Y,N,Z
DFIV,Dimensional International Value ETF,,Y,N,P
DFJ,WisdomTree Japan SmallCap Fund,,Y,N,P
DFLV,Dimensional US Large Cap Value ETF,,Y,N,P
DFMC,U.S. Micro Cap Portfolio: ETF Class Shares,,Y,N,P
DFNL,Davis Select Financial ETF,,Y,N,Z
DFNM,Dimensional National Municipal Bond ETF,,Y,N,P
DFP,Flaherty & Crumrine Dynamic Preferred and Income Fund Inc. Common Stock,,N,N,N
DFSB,Dimensional Global Sustainability Fixed Income ETF,,Y,N,P
DFSD,Dimensional Short-Duration Fixed Income ETF,,Y,N,P
DFSE,Dimensional Emerging Markets Sustainability Core 1 ETF,,Y,N,P
DFSI,Dimensional International Sustainability Core 1 ETF,,Y,N,P
DFSU,Dimensional US Sustainability Core 1 ETF,,Y,N,P
DFSV,Dimensional US Small Cap Value ETF,,Y,N,P
DFTT,DF Tactical 30 ETF,,Y,N,P
DFUS,Dimensional U.S. Equity Market ETF,,Y,N,P
DFUV,Dimensional US Marketwide Value ETF,,Y,N,P
DFVE,DoubleLine Fortune 500 Equal Weight ETF,,Y,N,P
DFVX,Dimensional US Large Cap Vector ETF,,Y,N,P
DG,Dollar General Corporation Common Stock,,N,N,N
DGAC.U,"Disciplined Growth Acquisition Corporation Units, each consisting of one Class A Ordinary Share and one Right",,N,N,N
DGAP,FT Vest U.S. Equity Buffer & Digital Return ETF - April,,Y,N,Z
DGIN,VanEck Digital India ETF,,Y,N,P
DGJA,FT Vest U.S. Equity Buffer & Digital Return ETF - January,,Y,N,Z
DGOC,FT Vest U.S. Equity Buffer & Digital Return ETF - October,,Y,N,Z
DGP,"DB Gold Double Long ETN due February 15, 2038",,N,N,P
DGRO,iShares Core Dividend Growth ETF,,Y,N,P
DGS,WisdomTree Emerging Market SmallCap Fund,,Y,N,P
DGT,State Street SPDR Global Dow ETF,,Y,N,P
DGX,Quest Diagnostics Incorporated Common Stock,,N,N,N
DGZ,"DB Gold Short ETN due February 15, 2038",,N,N,P
DHDG,FT Vest U.S. Equity Quarterly 2.5 to 15 Buffer ETF,,Y,N,Z
DHF,BNY Mellon High Yield Strategies Fund Common Stock,,N,N,N
DHI,"D.R. Horton, Inc. Common Stock",,N,N,N
DHLX,Diamond Hill Large Cap Concentrated ETF,,Y,N,P
DHR,Danaher Corporation Common Stock,,N,N,N
DHS,WisdomTree U.S. High Dividend Fund,,Y,N,P
DHSB,Day Hagan Smart Buffer ETF,,Y,N,P
DHT,"DHT Holdings, Inc.",,N,N,N
DHX,"DHI Group, Inc. Common Stock",,N,N,N
DHY,Credit Suisse High Yield Credit Fund Common Stock,,N,N,A
DIA,State Street SPDR Dow Jones Industrial Average ETF Trust,,Y,N,P
DIAL,Columbia Diversified Fixed Income Allocation ETF,,Y,N,P
DIEM,Franklin Emerging Market Core Dividend Tilt Index ETF,,Y,N,P
DIG,ProShares Ultra Energy,,Y,N,P
DIHP,Dimensional International High Profitability ETF,,Y,N,Z
DIM,WisdomTree International MidCap Dividend Fund,,Y,N,P
DIN,"Dine Brands Global, Inc. Common Stock",,N,N,N
DINO,HF Sinclair Corporation Common Stock,,N,N,N
DINT,Davis Select International ETF,,Y,N,Z
DIPR,Corgi Space & Satellite Communications ETF,,Y,N,Z
DIPS,YieldMax Short NVDA Option Income Strategy ETF,,Y,N,P
DIS,Walt Disney Company (The) Common Stock,,N,N,N
DISV,Dimensional International Small Cap Value ETF,,Y,N,Z
DIT,AMCON Distributing Company Common Stock,,N,N,A
DIV,Global X Super Dividend ETF,,Y,N,P
DIVB,iShares Core Dividend ETF,,Y,N,Z
DIVE,Dana Concentrated Dividend ETF,,Y,N,P
DIVG,Invesco S&P 500 High Dividend Growers ETF,,Y,N,P
DIVI,Franklin International Core Dividend Tilt Index ETF,,Y,N,P
DIVL,Madison Dividend Value ETF,,Y,N,P
DIVN,Horizon Dividend Income ETF,,Y,N,Z
DIVO,Amplify CWP Enhanced Dividend Income ETF,,Y,N,P
DIVP,Cullen Enhanced Equity Income ETF,,Y,N,P
DIVS,Guinness Atkinson Dividend Builder ETF,,Y,N,P
DIVY,Sound Equity Dividend Income ETF,,Y,N,N
DIVZ,Polen Dividend Income ETF,,Y,N,P
DJAN,FT Vest U.S. Equity Deep Buffer ETF - January,,Y,N,Z
DJD,Invesco Dow Jones Industrial Average Dividend ETF,,Y,N,P
DJIA,Global X Dow 30 Covered Call ETF,,Y,N,P
DJP,iPath Bloomberg Commodity Index Total Return ETN,,N,N,P
DJTU,T-REX 2X Long DJT Daily Target ETF,,Y,N,Z
DJUL,FT Vest U.S. Equity Deep Buffer ETF - July,,Y,N,Z
DJUN,FT Vest U.S. Equity Deep Buffer ETF - June,,Y,N,Z
DK,"Delek US Holdings, Inc. Common Stock",,N,N,N
DKL,"Delek Logistics Partners, L.P. Common Units representing Limited Partner Interests",,N,N,N
DKS,Dick's Sporting Goods Inc Common Stock,,N,N,N
DLAG,FT Vest U.S. Equity Dual Directional Buffer ETF - August,,Y,N,Z
DLB,Dolby Laboratories Common Stock,,N,N,N
DLFE,FT Vest U.S. Equity Dual Directional Buffer ETF - February,,Y,N,Z
DLMY,FT Vest U.S. Equity Dual Directional Buffer ETF - May,,Y,N,Z
DLN,WisdomTree U.S. LargeCap Dividend Fund,,Y,N,P
DLNG,Dynagas LNG Partners LP Common Units,,N,N,N
DLNG$A,Dynagas LNG Partners LP 9.00% Series A Cumulative Redeemable Preferred Units,,N,N,N
DLNV,FT Vest U.S. Equity Dual Directional Buffer ETF - November,,Y,N,Z
DLR,"Digital Realty Trust, Inc. Common Stock",,N,N,N
DLR$J,"Digital Realty Trust, Inc. 5.250% Series J Cumulative Redeemable Preferred Stock",,N,N,N
DLR$K,"Digital Realty Trust, Inc. 5.850% Series K Cumulative Redeemable Preferred Stock, par value $0.01 per share",,N,N,N
DLR$L,"Digital Realty Trust, Inc. 5.200% Series L Cumulative Redeemable Preferred Stock",,N,N,N
DLS,WisdomTree International SmallCap Fund,,Y,N,P
DLUX,DoubleLine Ultrashort Income ETF,,Y,N,P
DLX,Deluxe Corporation Common Stock,,N,N,N
DLY,DoubleLine Yield Opportunities Fund Common Shares of Beneficial Interest,,N,N,N
DMA,Destra Multi-Alternative Fund Common Stock,,N,N,N
DMAR,FT Vest U.S. Equity Deep Buffer ETF - March,,Y,N,Z
DMAX,iShares Large Cap Max Buffer Dec ETF,,Y,N,Z
DMAY,FT Vest U.S. Equity Deep Buffer ETF - May,,Y,N,Z
DMB,"BNY Mellon Municipal Bond Infrastructure Fund, Inc. Common Stock",,N,N,N
DMBS,DoubleLine Mortgage ETF,,Y,N,P
DMC,Del Monte Corporation Ordinary Shares,,N,N,N
DMO,Western Asset Mortgage Opportunity Fund Inc. Common Stock,,N,N,N
DMX,DoubleLine Multi-Sector Income ETF,,Y,N,P
DNA,"Ginkgo Bioworks Holdings, Inc. Class A Common Stock",,N,N,N
DNL,WisdomTree Global ex-U.S. Quality Growth Fund,,Y,N,P
DNN,Denison Mines Corp Ordinary Shares (Canada),,N,N,A
DNOV,FT Vest U.S. Equity Deep Buffer ETF - November,,Y,N,Z
DNOW,DNOW Inc. Common Stock,,N,N,N
DNP,"DNP Select Income Fund, Inc. Common Stock",,N,N,N
DOC,"Healthpeak Properties, Inc. Common Stock",,N,N,N
DOCK,"Corgi Ports, Rail & Freight ETF",,Y,N,Z
DOCN,"DigitalOcean Holdings, Inc. Common Stock",,N,N,N
DOCS,"Doximity, Inc. Class A Common Stock",,N,N,N
DOCT,FT Vest U.S. Equity Deep Buffer ETF - October,,Y,N,Z
DOG,ProShares Short Dow30,,Y,N,P
DOGG,FT Vest DJIA Dogs 10 Target Income ETF,,Y,N,Z
DOJE,REX-Osprey DOGE ETF,,Y,N,Z
DOL,WisdomTree True Developed International Fund,,Y,N,P
DOLE,Dole plc Ordinary Shares,,N,N,N
DON,WisdomTree U.S. MidCap Dividend Fund,,Y,N,P
DOUG,Douglas Elliman Inc. Common Stock,,N,N,N
DOV,Dover Corporation Common Stock,,N,N,N
DOW,Dow Inc. Common Stock ,,N,N,N
DPC,DPC Holdings PLC Ordinary Shares,,N,N,N
DPG,Duff & Phelps Utility and Infrastructure Fund Inc.,,N,N,N
DPRE,Virtus Duff & Phelps Real Estate Income ETF,,Y,N,P
DPST,Direxion Daily Regional Banks Bull 3X ETF,,Y,N,P
DQ,"DAQO New Energy Corp. American Depositary Shares, each representing five ordinary shares",,N,N,N
DQJN,FT Vest Nasdaq-100 Dual Directional Buffer ETF - June,,Y,N,Z
DRAI,Draco Evolution AI ETF,,Y,N,P
DRAL,Defiance Daily Target 2X Long DRAM ETF,,Y,N,Z
DRAM,Roundhill Memory ETF,,Y,N,Z
DRAY,YieldMax DKNG Option Income Strategy ETF,,Y,N,P
DRD,DRDGOLD Limited American Depositary Shares,,N,N,N
DRES,GMO Domestic Resilience ETF,,Y,N,P
DRGN,Themes China Generative Artificial Intelligence ETF,,Y,N,Z
DRI,"Darden Restaurants, Inc. Common Stock",,N,N,N
DRIP,Direxion Daily S&P Oil & Gas Exp. & Prod. Bear 2X ETF,,Y,N,P
DRKY,VistaShares Target 15 DRUKMacro Distribution ETF,,Y,N,P
DRLL,Strive U.S. Energy ETF,,Y,N,N
DRMP,Tuttle Capital Memory Stack Income Blast ETF,,Y,N,Z
DRN,Direxion Daily Real Estate Bull 3X ETF,,Y,N,P
DRNL,Defiance 2X Daily Long Pure Drone and Aerial Automation ETF,,Y,N,Z
DRSK,Aptus Defined Risk ETF,,Y,N,Z
DRUP,GraniteShares Nasdaq Select Disruptors ETF,,Y,N,P
DRV,Direxion Daily Real Estate Bear 3X ETF,,Y,N,P
DSCO,DoubleLine Securitized Credit ETF,,Y,N,P
DSEP,FT Vest U.S. Equity Deep Buffer ETF - September,,Y,N,Z
DSI,iShares ESG MSCI KLD 400 ETF,,Y,N,P
DSL,DoubleLine Income Solutions Fund Common Shares of Beneficial Interests,,N,N,N
DSM,"BNY Mellon Strategic Municipal Bond Fund, Inc. Common Stock",,N,N,N
DSMC,Distillate Small/Mid Cash Flow ETF,,Y,N,N
DSPY,Tema S&P 500 Historical Weight ETF Strategy,,Y,N,P
DSS,"DSS, Inc. Common Stock",,N,N,A
DSTL,Distillate U.S. Fundamental Stability & Value ETF,,Y,N,P
DSTX,Distillate International Fundamental Stability & Value ETF,,Y,N,N
DSU,"Blackrock Debt Strategies Fund, Inc. Common Stock",,N,N,N
DSX,Diana Shipping inc. common stock,,N,N,N
DSX$B,Diana Shipping Inc. Perpetual Preferred Shares Series B (Marshall Islands),,N,N,N
DSX.W,Diana Shipping inc. Warrants,,N,N,N
DT,"Dynatrace, Inc. Common Stock",,N,N,N
DTAN,Sparkline International Intangible Value ETF,,Y,N,P
DTB,DTE Energy Company 2020 Series G 4.375% Junior Subordinated Debentures due 2080,,N,N,N
DTD,WisdomTree U.S. Total Dividend Fund,,Y,N,P
DTE,DTE Energy Company Common Stock,,N,N,N
DTEC,ALPS Disruptive Technologies ETF,,Y,N,P
DTF,DTF Tax-Free Income 2028 Term Fund Inc. Common Stock,,N,N,N
DTG,DTE Energy Company 2021 Series E 4.375% Junior Subordinated Debentures,,N,N,N
DTH,WisdomTree International High Dividend Fund,,Y,N,P
DTK,DTE Energy Company 2025 Series H 6.25% Junior Subordinated Debentures due 2085,,N,N,N
DTM,"DT Midstream, Inc. Common Stock ",,N,N,N
DTRE,First Trust Alerian Disruptive Technology Real Estate ETF,,Y,N,P
DTW,DTE Energy Company 2017 Series E 5.25% Junior Subordinated Debentures due 2077,,N,N,N
DUBS,Aptus Large Cap Enhanced Yield ETF,,Y,N,Z
DUG,ProShares UltraShort Energy,,Y,N,P
DUHP,Dimensional US High Profitability ETF,,Y,N,P
DUK,Duke Energy Corporation (Holding Company) Common Stock,,N,N,N
DUK$A,"Duke Energy Corporation Depositary Shares, each representing a 1/1,000th interest in a share of 5.75% Series A Cumulative Redeemable Perpetual Preferred Stock",,N,N,N
DUKB,Duke Energy Corporation 5.625% Junior Subordinated Debentures due 2078,,N,N,N
DUKQ,Ocean Park Domestic ETF,,Y,N,P
DUKZ,Ocean Park Diversified Income ETF,,Y,N,P
DULL,"MicroSectors Gold -3X Inverse Leveraged ETNs due January 29, 2043",,Y,N,P
DUNK,Dana Unconstrained Equity ETF,,Y,N,P
DURA,VanEck Durable High Dividend ETF,,Y,N,Z
DUSA,Davis Select U.S. Equity ETF,,Y,N,Z
DUSB,Dimensional Ultrashort Fixed Income ETF,,Y,N,P
DUSL,Direxion Daily Industrials Bull 3X ETF,,Y,N,P
DUST,Direxion Daily Gold Miners Index Bear 2X ETF,,Y,N,P
DUTY,U.S. Defense ETF,,Y,N,P
DV,"DoubleVerify Holdings, Inc. Common Stock",,N,N,N
DVA,DaVita Inc. Common Stock,,N,N,N
DVDN,Kingsbarn Dividend Opportunity ETF,,Y,N,P
DVN,Devon Energy Corporation Common Stock,,N,N,N
DVND,Touchstone Dividend Select ETF,,Y,N,P
DVVY,Invesco Diversified Dividend Opportunities ETF,,Y,N,Z
DVYA,iShares Asia / Pacific Dividend 30 Index Fund Exchange Traded Fund,,Y,N,P
DVYE,iShares Emerging Markets Dividend Index Fund Exchange Traded Fund,,Y,N,P
DWLD,Davis Select Worldwide ETF,,Y,N,Z
DWM,WisdomTree International Equity Fund,,Y,N,P
DWMF,WisdomTree International Multifactor Fund,,Y,N,P
DWWN,Principal Long Duration ETF,,Y,N,Z
DWX,State Street SPDR S&P International Dividend ETF,,Y,N,P
DX,"Dynex Capital, Inc. Common Stock",,N,N,N
DX$C,"Dynex Capital, Inc. 6.900% Series C Fixed-to-Floating Rate Cumulative Redeemable Preferred Stock",,N,N,N
DXC,DXC Technology Company Common Stock ,,N,N,N
DXD,ProShares UltraShort Dow30,,Y,N,P
DXF,"Eason Technology Limited American Depositary Shares (each representing sixty-thousand (60,000) Ordinary Shares)",,N,N,A
DXIV,Dimensional International Vector Equity ETF,,Y,N,P
DXJ,WisdomTree Japan Hedged Equity Fund,,Y,N,P
DXUV,Dimensional US Vector Equity ETF,,Y,N,P
DXYZ,Destiny Tech100 Inc. Common Stock,,N,N,N
DY,"Dycom Industries, Inc. Common Stock",,N,N,N
DYLD,LeaderShares Dynamic Yield ETF,,Y,N,P
DYLG,Global X Dow 30 Covered Call & Growth ETF,,Y,N,P
DYNF,iShares U.S. Equity Factor Rotation Active ETF,,Y,N,P
DZZ,"DB Gold Double Short ETN due February 15, 2038",,N,N,P
E,ENI S.p.A. Common Stock,,N,N,N
EAD,Allspring Income Opportunities Fund Common Shares,,N,N,A
EAF,GrafTech International Ltd. Common Stock,,N,N,N
EAFG,Pacer Developed Markets Cash Cows Growth Leaders ETF,,Y,N,P
EAGG,iShares ESG Aware U.S. Aggregate Bond ETF,,Y,N,P
EAGL,Eagle Capital Select Equity ETF,,Y,N,P
EAI,"Entergy Arkansas, LLC First Mortgage Bonds, 4.875% Series Due September 1, 2066",,N,N,N
EALT,Innovator U.S. Equity 5 to 15 Buffer ETF - Quarterly,,Y,N,Z
EAOA,iShares ESG Aware 80/20 Aggressive Allocation ETF,,Y,N,Z
EAOK,iShares ESG Aware 30/70 Conservative Allocation ETF,,Y,N,Z
EAOM,iShares ESG Aware 40/60 Moderate Allocation ETF,,Y,N,Z
EAOR,iShares ESG Aware 60/40 Balanced Allocation ETF,,Y,N,Z
EAPR,Innovator Emerging Markets Power Buffer ETF April,,Y,N,P
EARN,Ellington Credit Company Common Shares of Beneficial Interest,,N,N,N
EASG,Xtrackers MSCI EAFE Selection Equity ETF,,Y,N,P
EAT,"Brinker International, Inc. Common Stock",,N,N,N
EBF,"Ennis, Inc. Common Stock",,N,N,N
EBIT,Harbor AlphaEdge Small Cap Earners ETF,,Y,N,P
EBND,State Street SPDR Bloomberg Emerging Markets Local Bond ETF,,Y,N,P
EBS,Emergent BioSolutions Inc. Common Stock,,N,N,N
EBUF,Innovator Emerging Markets 10 Buffer ETF - Quarterly,,Y,N,P
EC,Ecopetrol S.A. American Depositary Shares,,N,N,N
ECAT,BlackRock ESG Capital Allocation Term Trust Common Shares of Beneficial Interest,,N,N,N
ECC,Eagle Point Credit Company Common Share of Beneficial Interest,,N,N,N
ECC$D,Eagle Point Credit Company 6.75% Series D Preferred Stock,,N,N,N
ECCC,Eagle Point Credit Company 6.50% Series C Term Preferred Stock due 2031,,N,N,N
ECCU,Eagle Point Credit Company 7.75% Notes due 2030,,N,N,N
ECCV,Eagle Point Credit Company 5.375% Notes due 2029,,N,N,N
ECF,Ellsworth Growth and Income Fund Ltd.,,N,N,A
ECF$A,Ellsworth Growth and Income Fund Ltd. 5.25% Series A Cumulative Preferred Shares (Liquidation Preference $25.00 per share),,N,N,A
ECG,"Everus Construction Group, Inc. Common Stock",,N,N,N
ECH,iShares MSCI Chile ETF,,Y,N,Z
ECL,Ecolab Inc. Common Stock,,N,N,N
ECML,Euclidean Fundamental Value ETF,,Y,N,P
ECNS,iShares MSCI China Small-Cap ETF,,Y,N,P
ECO,Okeanis Eco Tankers Corp. Common Stock,,N,N,N
ECON,Columbia Research Enhanced Emerging Economies ETF,,Y,N,P
ECVT,Ecovyst Inc. Common Stock,,N,N,N
ED,"Consolidated Edison, Inc. Common Stock",,N,N,N
EDC,Direxion Emerging Markets Bull 3X ETF,,Y,N,P
EDD,"Morgan Stanley Emerging Markets Domestic Debt Fund, Inc. Common Stock",,N,N,N
EDEN,iShares MSCI Denmark ETF,,Y,N,Z
EDF,Virtus Stone Harbor Emerging Markets Income Fund Common Shares of Beneficial Interest,,N,N,N
EDGE,MRBL Enhanced Equity ETF,,Y,N,Z
EDGF,3EDGE Dynamic Fixed Income ETF,,Y,N,P
EDGH,3EDGE Dynamic Hard Assets ETF,,Y,N,P
EDGI,3EDGE Dynamic International Equity ETF,,Y,N,P
EDGQ,Global X Nasdaq-100 Income Edge ETF,,Y,N,P
EDGU,3EDGE Dynamic US Equity ETF,,Y,N,P
EDGX,Global X U.S. 500 Income Edge ETF,,Y,N,P
EDIV,State Street SPDR S&P Emerging Markets Dividend ETF,,Y,N,P
EDN,Empresa Distribuidora Y Comercializadora Norte S.A. (Edenor) American Depositary Shares,,N,N,N
EDOG,ALPS Emerging Sector Dividend Dogs ETF,,Y,N,P
EDOW,First Trust Dow 30 Equal Weight ETF,,Y,N,P
EDU,"New Oriental Education & Technology Group, Inc. Sponsored ADR representing 10 Ordinary Share (Cayman Islands)",,N,N,N
EDV,Vanguard Extended Duration Treasury ETF,,Y,N,P
EDZ,Direxion Emerging Markets Bear 3X ETF,,Y,N,P
EE,"Excelerate Energy, Inc. Class A Common Stock",,N,N,N
EEA,"The European Equity Fund, Inc. Common Stock",,N,N,N
EELV,Invesco S&P Emerging Markets Low Volatility ETF,,Y,N,P
EEM,iShares MSCI Emerging Index Fund,,Y,N,P
EEMO,Invesco S&P Emerging Markets Momentum ETF,,Y,N,P
EEMS,iShares MSCI Emerging Markets Small Cap ETF,,Y,N,P
EEMV,iShares MSCI Emerging Markets Min Vol Factor ETF,,Y,N,Z
EEMX,State Street SPDR MSCI Emerging Markets Fossil Fuel Reserves Free ETF,,Y,N,P
EES,WisdomTree U.S. SmallCap Fund,,Y,N,P
EET,ProShares Ultra MSCI Emerging Markets,,Y,N,P
EETH,ProShares Ether ETF,,Y,N,P
EEV,ProShares UltraShort MSCI Emerging Markets,,Y,N,P
EEX,"Emerald Holding, Inc. Common Stock",,N,N,N
EFA,iShares MSCI EAFE ETF,,Y,N,P
EFAA,Invesco MSCI EAFE Income Advantage ETF,,Y,N,P
EFAD,ProShares MSCI EAFE Dividend Growers ETF,,Y,N,Z
EFAV,iShares MSCI EAFE Min Vol Factor ETF,,Y,N,Z
EFAX,State Street SPDR MSCI EAFE Fossil Fuel Reserves Free ETF,,Y,N,P
EFC,Ellington Financial Inc. Common Stock ,,N,N,N
EFC$B,Ellington Financial Inc. 6.250% Series B Fixed-Rate Reset Cumulative Redeemable Preferred Stock,,N,N,N
EFC$C,Ellington Financial Inc. 8.625% Series C Fixed-Rate Reset Cumulative Redeemable Preferred Stock,,N,N,N
EFC$D,Ellington Financial Inc. 7.00% Series D Cumulative Perpetual Redeemable Preferred Stock,,N,N,N
EFFE,Harbor Osmosis Emerging Markets Resource Efficient ETF,,Y,N,P
EFFI,Harbor Osmosis International Resource Efficient ETF,,Y,N,P
EFG,iShares MSCI EAFE Growth ETF,,Y,N,Z
EFIV,State Street SPDR S&P 500 ESG ETF,,Y,N,P
EFNL,iShares MSCI Finland ETF,,Y,N,Z
EFO,ProShares Ultra MSCI EAFE,,Y,N,P
EFOR,"Everforth, Inc. Common Stock",,N,N,N
EFR,Eaton Vance Senior Floating-Rate Fund Common Shares of Beneficial Interest,,N,N,N
EFT,Eaton Vance Floating Rate Income Trust Common Shares of Beneficial Interest,,N,N,N
EFU,ProShares UltraShort MSCI EAFE,,Y,N,P
EFV,iShares MSCI EAFE Value ETF,,Y,N,Z
EFX,"Equifax, Inc. Common Stock",,N,N,N
EFXT,Enerflex Ltd Common Shares,,N,N,N
EFZ,ProShares Short MSCI EAFE,,Y,N,P
EG,"Everest Group, Ltd. Common Stock",,N,N,N
EGG,Enigmatig Limited Class A Ordinary Shares,,N,N,A
EGGS,NestYield Total Return Guard ETF,,Y,N,P
EGGY,NestYield Dynamic Income ETF,,Y,N,P
EGLE,Global X S&P 500 U.S. Revenue Leaders ETF,,Y,N,P
EGO,Eldorado Gold Corporation Ordinary Shares,,N,N,N
EGP,"EastGroup Properties, Inc. Common Stock",,N,N,N
EGUS,iShares ESG Aware MSCI USA Growth ETF,,Y,N,Z
EGY,"VAALCO Energy, Inc.  Common Stock",,N,N,N
EHC,Encompass Health Corporation Common Stock,,N,N,N
EHCC,Global X Ethereum Covered Call ETF,,Y,N,Z
EHI,Western Asset Global High Income Fund Inc Common Stock,,N,N,N
EHY,Amplify Ethereum Max Income Covered Call ETF,,Y,N,Z
EIC,Eagle Point Income Company Inc. Common Stock,,N,N,N
EICA,Eagle Point Income Company Inc. 5.00% Series A Term Preferred Stock due 2026,,N,N,N
EIDO,iShares MSCI Indonesia ETF,,Y,N,P
EIG,Employers Holdings Inc Common Stock,,N,N,N
EIIA,Eagle Point Institutional Income Fund 8.125% Series A Term Preferred Shares Due 2029,,N,N,N
EIM,"Eaton Vance Municipal Bond Fund Common Shares of Beneficial Interest, $.01 par value",,N,N,A
EINC,VanEck Energy Income ETF,,Y,N,P
EIPI,FT Energy Income Partners Enhanced Income ETF,,Y,N,P
EIPX,FT Energy Income Partners Strategy ETF,,Y,N,P
EIRL,iShares MSCI Ireland ETF,,Y,N,P
EIS,iShares MSCI Israel ETF,,Y,N,P
EIX,Edison International Common Stock,,N,N,N
EJAN,Innovator Emerging Markets Power Buffer ETF January,,Y,N,P
EJUL,Innovator Emerging Markets Power Buffer ETF July,,Y,N,P
EL,"Estee Lauder Companies, Inc. (The) Common Stock",,N,N,N
ELA,Envela Corporation Common Stock,,N,N,A
ELAN,Elanco Animal Health Incorporated Common Stock,,N,N,N
ELC,"Entergy Louisiana, Inc. Collateral Trust Mortgage Bonds, 4.875 % Series due September 1, 2066",,N,N,N
ELCV,Strategy Shares Eventide High Dividend ETF,,Y,N,P
ELD,WisdomTree Emerging Markets Local Debt Fund,,Y,N,P
ELF,"e.l.f. Beauty, Inc. Common Stock",,N,N,N
ELLA,Ellington Credit Company 8.50% Notes due 2031,,N,N,N
ELLO,Ellomay Capital Ltd Ordinary Shares (Israel),,N,N,A
ELM,Elm Market Navigator ETF,,Y,N,P
ELMD,"Electromed, Inc. Common Stock",,N,N,A
ELME,Elme Communities Common Stock,,N,N,N
ELPC,Companhia Paranaense de Energia (COPEL) American Depositary Shares (each representing four (4) Common Shares),,N,N,N
ELS,"Equity Lifestyle Properties, Inc. Common Stock",,N,N,N
ELV,"Elevance Health, Inc. Common Stock",,N,N,N
EMA,Emera Incorporated Common Shares,,N,N,N
EMBD,Global X Emerging Markets Bond ETF,,Y,N,P
EMBJ,Embraer S.A. Common Stock,,N,N,N
EMBX,VanEck Emerging Markets Bond ETF,,Y,N,P
EMC,Global X Emerging Markets Great Consumer ETF,,Y,N,P
EMCR,Xtrackers Emerging Markets Carbon Reduction and Climate Improvers ETF,,Y,N,P
EMCS,Xtrackers MSCI Emerging Markets Select ETF,,Y,N,P
EMD,Western Asset Emerging Markets Debt Fund Inc Common Stock,,N,N,N
EMDM,First Trust Bloomberg Emerging Market Democracies ETF,,Y,N,P
EMDV,ProShares MSCI Emerging Markets Dividend Growers ETF,,Y,N,Z
EME,"EMCOR Group, Inc. Common Stock",,N,N,N
EMES,Harbor Emerging Markets Select ETF,,Y,N,P
EMET,VanEck Copper and Electrification Metals ETF,,Y,N,P
EMF,Templeton Emerging Markets Fund Common Stock,,N,N,N
EMFI,Pictet Emerging Markets Debt ETF,,Y,N,P
EMGF,iShares Emerging Markets Equity Factor ETF,,Y,N,Z
EMHC,State Street SPDR Bloomberg Emerging Markets USD Bond ETF,,Y,N,P
EMHY,iShares J.P. Morgan EM High Yield Bond ETF,,Y,N,Z
EMJN,Corgi Emerging Markets Equities 15% Structured Buffer ETF - June Series,,Y,N,Z
EMKT,Lazard Emerging Markets Opportunities ETF,,Y,N,P
EMLC,VanEck J. P. Morgan EM Local Currency Bond ET,,Y,N,P
EMLP,First Trust North American Energy Infrastructure Fund,,Y,N,P
EMM,Global X Emerging Markets ex-China ETF,,Y,N,P
EMMF,WisdomTree Emerging Markets Multifactor Fund,,Y,N,P
EMMY,Corgi Emerging Markets Equities 15% Structured Buffer ETF - May Series,,Y,N,Z
EMN,Eastman Chemical Company Common Stock,,N,N,N
EMNT,PIMCO Enhanced Short Maturity Active ESG Exchange-Traded Fund,,Y,N,P
EMO,ClearBridge Energy Midstream Opportunity Fund Inc. Common Stock,,N,N,N
EMOP,AB Emerging Markets Opportunities ETF,,Y,N,P
EMOT,First Trust S&P 500 Economic Moat ETF,,Y,N,P
EMP,"Entergy Mississippi, LLC First Mortgage Bonds, 4.90% Series Due October 1, 2066",,N,N,N
EMPB,Efficient Market Portfolio Plus ETF,,Y,N,P
EMQQ,EMQQ The Emerging Markets Internet ETF,,Y,N,P
EMR,Emerson Electric Company Common Stock,,N,N,N
EMSF,Matthews Emerging Markets Sustainable Future Active ETF,,Y,N,P
EMTL,State Street DoubleLine Emerging Markets Fixed Income ETF,,Y,N,Z
EMTY,ProShares Decline of the Retail Store ETF,,Y,N,P
EMXX,Corgi Emerging Markets 2x Daily ETF,,Y,N,Z
ENB,Enbridge Inc Common Stock,,N,N,N
ENFR,Alerian Energy Infrastructure ETF,,Y,N,P
ENHA,Enhanced Group Inc. Class A Common Stock,,N,N,N
ENIC,Enel Chile S.A. American Depositary Shares (Each representing 50 shares of Common Stock),,N,N,N
ENJ,"Entergy New Orleans, LLC First Mortgage Bonds, 5.0% Series due December 1, 2052",,N,N,N
ENO,"Entergy New Orleans, LLC First Mortgage Bonds, 5.50% Series due April 1, 2066",,N,N,N
ENOR,iShares MSCI Norway ETF,,Y,N,Z
ENOV,Enovis Corporation Common Stock,,N,N,N
ENR,"Energizer Holdings, Inc. Common Stock",,N,N,N
ENS,EnerSys Common Stock,,N,N,N
ENTL,Leverage Shares 2X Long ENTG Daily ETF,,Y,N,Z
ENVA,"Enova International, Inc. Common Stock",,N,N,N
EOCT,Innovator Emerging Markets Power Buffer ETF - October,,Y,N,P
EOD,Allspring Global Dividend Opportunity Fund Common Shares of Beneficial Interest,,N,N,N
EOG,"EOG Resources, Inc. Common Stock",,N,N,N
EOI,Eaton Vance Enhance Equity Income Fund Eaton Vance Enhanced Equity Income Fund Shares of Beneficial Interest,,N,N,N
EONR,EON Resources Inc. Class A Common Stock,,N,N,A
EONR.W,"EON Resources Inc. Warrants, each whole warrant exercisable for three quarters of one share of Class A Common Stock at an exercise price of $11.50 per whole share",,N,N,A
EOS,Eaton Vance Enhance Equity Income Fund II Common Stock,,N,N,N
EOSU,T-REX 2X Long EOSE Daily Target ETF,,Y,N,Z
EOT,Eaton Vance Municipal Income Trust EATON VANCE NATIONAL MUNICIPAL OPPORTUNITIES TRUST,,N,N,N
EP,Empire Petroleum Corporation Common Stock,,N,N,A
EP$C,El Paso Corporation Preferred Stock,,N,N,N
EPAC,Enerpac Tool Group Corp. Common Stock,,N,N,N
EPAI,Harbor AI Inflection Strategy ETF,,Y,N,P
EPAM,"EPAM Systems, Inc. Common Stock",,N,N,N
EPC,Edgewell Personal Care Company Common Stock,,N,N,N
EPD,Enterprise Products Partners L.P. Common Stock,,N,N,N
EPEM,Harbor Emerging Markets Equity ETF,,Y,N,P
EPHE,iShares MSCI Philippines ETF,,Y,N,P
EPI,WisdomTree India Earnings Fund,,Y,N,P
EPIN,Harbor International Equity ETF,,Y,N,P
EPM,"Evolution Petroleum Corporation, Inc. Common Stock",,N,N,A
EPMB,Harbor Mid Cap Core ETF,,Y,N,P
EPMV,Harbor Mid Cap Value ETF,,Y,N,P
EPOL,iShares MSCI Poland ETF,,Y,N,P
EPP,iShares MSCI Pacific Ex-Japan Index Fund,,Y,N,P
EPR,EPR Properties Common Stock,,N,N,N
EPR$C,EPR Properties 5.75% Series C Cumulative Convertible Preferred Shares,,N,N,N
EPR$E,EPR Properties Series E Cumulative Conv Pfd Shs Ser E,,N,N,N
EPR$G,EPR Properties 5.750% Series G Cumulative Redeemable Preferred Shares,,N,N,N
EPRF,Innovator S&P Investment Grade Preferred ETF,,Y,N,Z
EPRT,"Essential Properties Realty Trust, Inc. Common Stock",,N,N,N
EPS,WisdomTree U.S. LargeCap Fund,,Y,N,P
EPSB,Harbor SMID Cap Core ETF,,Y,N,P
EPSV,Harbor SMID Cap Value ETF,,Y,N,P
EPU,iShares MSCI Peru and Global Exposure ETF,,Y,N,P
EPV,ProShares UltraShort FTSE Europe ETF,,Y,N,P
EQAL,Invesco Russell 1000 Equal Weight ETF,,Y,N,P
EQBK,"Equity Bancshares, Inc. Class A Common Stock",,N,N,N
EQH,"Equitable Holdings, Inc. Common Stock",,N,N,N
EQH$A,"Equitable Holdings, Inc. Depositary Shares",,N,N,N
EQH$C,"Equitable Holdings, Inc. Depositary Shares, each representing a 1/1,000th interest in a share of Fixed Rate Noncumulative Perpetual Preferred Stock, Series C",,N,N,N
EQIN,Columbia U.S. Equity Income ETF,,Y,N,P
EQL,ALPS Equal Sector Weight ETF,,Y,N,P
EQLT,iShares MSCI Emerging Markets Quality Factor ETF,,Y,N,Z
EQNR,Equinor ASA,,N,N,N
EQR,Equity Residential Common Shares of Beneficial Interest,,N,N,N
EQS,"Equus Total Return, Inc. Common Stock",,N,N,N
EQT,EQT Corporation Common Stock,,N,N,N
EQTY,Kovitz Core Equity ETF,,Y,N,P
EQWL,Invesco S&P 100 Equal Weight ETF,,Y,N,P
EQX,Equinox Gold Corp. Common Shares,,N,N,A
ERC,Allspring Multi-Sector Income Fund Common Stock,,N,N,A
ERH,Allspring Utilities and High Income Fund Common Shares,,N,N,A
ERO,Ero Copper Corp. Common Shares,,N,N,N
EROC,"ERock, Inc. Class A Common Stock",,N,N,N
EROK,"EagleRock Land, LLC Class A shares representing limited liability company interests",,N,N,N
ERTH,Invesco MSCI Sustainable Future ETF,,Y,N,P
ERX,Direxion Energy Bull 2X ETF,,Y,N,P
ERY,Direxion Daily Energy Bear 2X ETF,,Y,N,P
ES,Eversource Energy (D/B/A) Common Stock,,N,N,N
ESAB,ESAB Corporation Common Stock,,N,N,N
ESBA,"Empire State Realty OP, L.P. Series ES Operating Partnership Units Representing Limited Partnership Interests",,N,N,P
ESBG,"First Trust Enhanced Stocks, Bonds & Gold ETF",,Y,N,P
ESE,ESCO Technologies Inc. Common Stock,,N,N,N
ESG,FlexShares STOXX US ESG Select Index Fund,,Y,N,Z
ESGG,FlexShares STOXX Global ESG Select Index Fund,,Y,N,Z
ESGV,Vanguard ESG U.S. Stock ETF,,Y,N,Z
ESI,Element Solutions Inc. Common Stock,,N,N,N
ESIM,Eventide International ETF,,Y,N,P
ESLG,Eventide Large Cap Growth ETF,,Y,N,P
ESLV,Eventide Large Cap Value ETF,,Y,N,P
ESML,iShares ESG Aware MSCI USA Small-Cap ETF,,Y,N,Z
ESNT,Essent Group Ltd. Common Shares,,N,N,N
ESP,Espey Mfg. & Electronics Corp. Common Stock,,N,N,A
ESRT,"Empire State Realty Trust, Inc. Class A Common Stock",,N,N,N
ESS,"Essex Property Trust, Inc. Common Stock",,N,N,N
ESSC,Eventide Small Cap ETF,,Y,N,P
ESTC,Elastic N.V. Ordinary Shares,,N,N,N
ESUM,Eventide US Market ETF,,Y,N,P
ET,Energy Transfer LP Common Units ,,N,N,N
ET$I,Energy Transfer L.P. Series I Fixed Rate Perpetual Preferred Units,,N,N,N
ETB,Eaton Vance Tax-Managed Buy-Write Income Fund Eaton Vance Tax-Managed Buy-Write Income Fund Common Shares of Beneficial Interest,,N,N,N
ETCO,Grayscale Ethereum Covered Call ETF,,Y,N,P
ETD,Ethan Allen Interiors Inc. Common Stock,,N,N,N
ETFT,Fundsmith Equity ETF,,Y,N,P
ETG,Eaton Vance Tax-Advantaged Global Dividend Income Fund Common Shares of Beneficial Interest,,N,N,N
ETH,Grayscale Ethereum Staking Mini ETF Shares,,Y,N,P
ETHD,ProShares UltraShort Ether ETF,,Y,N,P
ETHE,Grayscale Ethereum Staking ETF Shares,,Y,N,P
ETHO,Amplify Etho Climate Leadership U.S. ETF,,Y,N,P
ETHT,ProShares Ultra Ether ETF,,Y,N,P
ETHU,2x Ether ETF,,Y,N,Z
ETHV,VanEck Ethereum ETF,,Y,N,Z
ETHW,Bitwise Ethereum ETF ,,Y,N,P
ETI$,"Entergy Texas Inc 5.375% Series A Preferred Stock, Cumulative, No Par Value",,N,N,N
ETJ,Eaton Vance Risk-Managed Diversified Equity Income Fund Common Shares of Beneficial Interest,,N,N,N
ETN,"Eaton Corporation, PLC Ordinary Shares",,N,N,N
ETNG,Leverage Shares 2X Long ETN Daily ETF,,Y,N,Z
ETO,Eaton Vance Tax-Advantage Global Dividend Opp Common Stock,,N,N,N
ETR,Entergy Corporation Common Stock,,N,N,N
ETSS,Energy Transition Special Opportunities Class A Ordinary Shares,,N,N,N
ETSS.U,"Energy Transition Special Opportunities Units, each consisting of one Class A ordinary share and one-half of one redeemable warrant",,N,N,N
ETSS.W,"Energy Transition Special Opportunities Warrants, each whole warrant exercisable for one Class A ordinary share at an exercise price of $11.50",,N,N,N
ETSY,"Etsy, Inc. Common Stock",,N,N,N
ETTY,Amplify Ethereum 3% Monthly Option Income ETF,,Y,N,Z
ETU,T-Rex 2X Long Ether Daily Target ETF,,Y,N,Z
ETV,Eaton Vance Corporation Eaton Vance Tax-Managed Buy-Write Opportunities Fund Common Shares of Beneficial Interest,,N,N,N
ETW,Eaton Vance Corporation Eaton Vance Tax-Managed Global Buy-Write Opportunites Fund Common Shares of Beneficial Interest,,N,N,N
ETX,Eaton Vance Municipal Income 2028 Term Trust Common Shares of Beneficial Interest,,N,N,N
ETY,"Eaton Vance Tax-Managed Diversified Equity Income Fund Common Shares of Beneficial Interest,",,N,N,N
EUAD,Select STOXX Europe Aerospace & Defense ETF,,Y,N,Z
EUDG,WisdomTree Europe Quality Dividend Growth Fund,,Y,N,P
EUDV,ProShares MSCI Europe Dividend Growers ETF,,Y,N,Z
EUHY,iShares Euro High Yield Corporate Bond USD Hedged ETF,,Y,N,Z
EUIG,iShares Euro Investment Grade Corporate Bond USD Hedged ETF,,Y,N,Z
EUM,ProShares Short MSCI Emerging Markets,,Y,N,P
EUO,ProShares UltraShort Euro,,Y,N,P
EURL,Direxion Daily FTSE Europe Bull 3X ETF,,Y,N,P
EUSA,iShares MSCI USA Equal Weighted ETF,,Y,N,P
EUSB,iShares ESG Advanced Universal USD Bond ETF,,Y,N,P
EUV,Corgi Lithography & Semiconductor Photonics ETF,,Y,N,Z
EUVX,Corgi Lithography & Semiconductor Photonics 2x Daily ETF,,Y,N,Z
EVAC,EQV Ventures Acquisition Corp. II Class A Ordinary Shares,,N,N,N
EVAC.U,"EQV Ventures Acquisition Corp. II Units, each unit consists of one Class A ordinary share and one-third of one redeemable warrant",,N,N,N
EVAC.W,"EQV Ventures Acquisition Corp. II Redeemable Warrants, each whole warrant exercisable for one Class A ordinary share at an exercise price of $11.50 per share",,N,N,N
EVC,Entravision Communications Corporation Common Stock,,N,N,N
EVEX,"Eve Holding, Inc. Common Stock",,N,N,N
EVEX.W,"Eve Holding, Inc. Warrants, each exercisable for one share of Common Stock at an exercise price of $11.50 per share",,N,N,N
EVF,Eaton Vance Senior Income Trust Common Stock,,N,N,N
EVG,Eaton Vance Short Diversified Income Fund Eaton Vance Short Duration Diversified Income Fund Common Shares of Beneficial Interest,,N,N,N
EVH,"Evolent Health, Inc Class A Common Stock",,N,N,N
EVHY,Eaton Vance High Yield ETF,,Y,N,P
EVI,"EVI Industries, Inc.  Common Stock",,N,N,A
EVIM,Eaton Vance Intermediate Municipal Income ETF,,Y,N,P
EVLN,Eaton Vance Floating-Rate ETF,,Y,N,P
EVLU,iShares MSCI Emerging Markets Value Factor ETF,,Y,N,Z
EVMN,"Evommune, Inc. Common Stock",,N,N,N
EVMO,Eaton Vance Mortgage Opportunities ETF,,Y,N,P
EVMU,Direxion Daily Ether Bull 2X ETF,,Y,N,P
EVN,Eaton Vance Municipal Income Trust Common Stock,,N,N,N
EVNT,AltShares Event-Driven ETF,,Y,N,P
EVR,Evercore Inc. Class A Common Stock,,N,N,N
EVSB,Eaton Vance Ultra-Short Income ETF,,Y,N,P
EVSM,Eaton Vance Short Duration Municipal Income ETF,,Y,N,P
EVT,Eaton Vance Tax Advantaged Dividend Income Fund Common Shares of Beneficial Interest,,N,N,N
EVTC,"Evertec, Inc. Common Stock",,N,N,N
EVTL,Vertical Aerospace Ltd. Ordinary Shares,,N,N,N
EVTR,Eaton Vance Total Return Bond ETF,,Y,N,N
EVUS,iShares ESG Aware MSCI USA Value ETF,,Y,N,Z
EVV,Eaton Vance Limited Duration Income Fund Common Shares of Beneficial Interest,,N,N,A
EVX,VanEck Environmental Services ETF,,Y,N,P
EW,Edwards Lifesciences Corporation Common Stock,,N,N,N
EWA,iShares MSCI Australia Index Fund,,Y,N,P
EWC,iShares MSCI Canada Index Fund,,Y,N,P
EWD,iShares MSCI Sweden ETF,,Y,N,P
EWG,iShares MSCI Germany Index Fund,,Y,N,P
EWH,iShares MSCI Hong Kong Index Fund,,Y,N,P
EWI,iShares MSCI Italy ETF,,Y,N,P
EWJ,iShares MSCI Japan Index Fund,,Y,N,P
EWK,iShares MSCI Belgium ETF,,Y,N,P
EWL,iShares MSCI Switzerland ETF,,Y,N,P
EWM,iShares MSCI Malaysia Index Fund,,Y,N,P
EWN,iShares MSCI Netherlands Index Fund,,Y,N,P
EWO,iShares MSCI Austria ETF,,Y,N,P
EWP,iShares MSCI Spain ETF,,Y,N,P
EWQ,iShares MSCI France Index Fund,,Y,N,P
EWS,iShares MSCI Singapore ETF,,Y,N,P
EWT,iShares MSCI Taiwan ETF,,Y,N,P
EWU,iShares MSCI United Kingdom ETF,,Y,N,P
EWUS,iShares MSCI United Kingdom Small Cap ETF,,Y,N,Z
EWV,ProShares UltraShort MSCI Japan,,Y,N,P
EWW,iShares MSCI Mexico ETF,,Y,N,P
EWX,State Street SPDR S&P Emerging Markets Small Cap ETF,,Y,N,P
EWY,iShares MSCI South Korea ETF,,Y,N,P
EWZ,iShares MSCI Brazil ETF,,Y,N,P
EXEQ,Wedbush ReturnOnLeadership U.S. Large-Cap ETF,,Y,N,P
EXG,Eaton Vance Tax-Managed Global Diversified Equity Income Fund Common Shares of Beneficial Interest,,N,N,N
EXI,iShares Global Industrials ETF,,Y,N,P
EXK,Endeavour Silver Corporation Ordinary Shares (Canada),,N,N,N
EXOD,"Exodus Movement, Inc. Class A Common Stock",,N,N,A
EXP,Eagle Materials Inc Common Stock,,N,N,N
EXPD,"Expeditors International of Washington, Inc. Common Stock",,N,N,N
EXR,Extra Space Storage Inc Common Stock,,N,N,N
EYES,Corgi Data & Surveillance ETF,,Y,N,Z
EYLD,Cambria Emerging Shareholder Yield ETF,,Y,N,Z
EZA,iShares MSCI South Africa Index Fund,,Y,N,P
EZBC,Franklin Templeton Digital Holdings Trust Shares of Franklin Bitcoin ETF,,Y,N,Z
EZET,Franklin Ethereum ETF,,Y,N,Z
EZJ,ProShares Ultra MSCI Japan,,Y,N,P
EZM,WisdomTree U.S. MidCap Fund,,Y,N,P
EZPZ,Franklin Crypto Index ETF,,Y,N,Z
EZU,iShares MSCI Eurozone ETF,,Y,N,Z
F,Ford Motor Company Common Stock,,N,N,N
F$B,"Ford Motor Company 6.20% Notes due June 1, 2059",,N,N,N
F$C,"Ford Motor Company 6% Notes due December 1, 2059",,N,N,N
F$D,"Ford Motor Company 6.500% Notes due August 15, 2062",,N,N,N
FAF,First American Corporation (New) Common Stock,,N,N,N
FAI,First Trust Bloomberg Artificial Intelligence ETF,,Y,N,P
FAN,First Trust Global Wind Energy ETF,,Y,N,P
FAPR,FT Vest U.S. Equity Buffer ETF - April,,Y,N,Z
FARX,Frontier Asset Absolute Return ETF,,Y,N,P
FAS,Direxion Financial Bull 3X ETF,,Y,N,P
FAUG,FT Vest U.S. Equity Buffer ETF - August,,Y,N,Z
FAX,"abrdn Asia-Pacific Income Fund, Inc. Common Stock",,N,N,A
FAZ,Direxion Financial Bear 3X ETF,,Y,N,P
FB,ProShares S&P 500 Dynamic Buffer ETF,,Y,N,Z
FBCG,Fidelity Blue Chip Growth ETF,,Y,N,Z
FBCV,Fidelity Blue Chip Value ETF,,Y,N,Z
FBDC,FT Confluence BDC & Specialty Finance Income ETF,,Y,N,P
FBIN,"Fortune Brands Innovations, Inc. Common Stock",,N,N,N
FBK,FB Financial Corporation Common Stock,,N,N,N
FBND,Fidelity Total Bond ETF,,Y,N,P
FBP,First BanCorp. New Common Stock,,N,N,N
FBRT,"Franklin BSP Realty Trust, Inc. Common Stock",,N,N,N
FBRT$E,"Franklin BSP Realty Trust, Inc. 7.50% Series E Cumulative Redeemable Preferred Stock",,N,N,N
FBT,First Trust Amex Biotech Index Fund,,Y,N,P
FBTC,Fidelity Wise Origin Bitcoin Fund,,Y,N,Z
FBUF,Fidelity Dynamic Buffered Equity ETF,,Y,N,Z
FBX,Corgi META 2x Daily ETF,,Y,N,Z
FBY,YieldMax META Option Income Strategy ETF,,Y,N,P
FC,Franklin Covey Company Common Stock,,N,N,N
FCBD,Frontier Asset Core Bond ETF,,Y,N,P
FCBM,"First Carolina Financial Services, Inc. Common Stock",,N,N,N
FCF,First Commonwealth Financial Corporation Common Stock,,N,N,N
FCFY,First Trust S&P 500 Diversified Free Cash Flow ETF,,Y,N,P
FCG,First Trust Natural Gas ETF,,Y,N,P
FCLD,Fidelity Cloud Computing ETF,,Y,N,Z
FCN,"FTI Consulting, Inc. Common Stock",,N,N,N
FCOM,Fidelity MSCI Communication Services Index ETF,,Y,N,P
FCOR,Fidelity Corporate Bond ETF,,Y,N,P
FCPI,Fidelity Stocks for Inflation ETF,,Y,N,Z
FCPT,"Four Corners Property Trust, Inc. Common Stock",,N,N,N
FCRS,FutureCrest Acquisition Corp. Class A Ordinary Shares,,N,N,N
FCRS.U,"FutureCrest Acquisition Corp. Units, each consisting of one Class A ordinary share and one-quarter of one redeemable warrant",,N,N,N
FCRS.W,"FutureCrest Acquisition Corp. Redeemable warrants, each whole warrant exercisable for one Class A ordinary share at an exercise price of $11.50",,N,N,N
FCSH,Federated Hermes Short Duration Corporate ETF,,Y,N,P
FCT,First Trust Senior Floating Rate Income Fund II Common Shares of Beneficial Interest,,N,N,N
FCTR,First Trust Lunt U.S. Factor Rotation ETF,,Y,N,Z
FCUS,Pinnacle Focused Opportunities ETF,,Y,N,P
FCX,"Freeport-McMoRan, Inc. Common Stock",,N,N,N
FDAT,Tactical Advantage ETF,,Y,N,P
FDD,First Trust STOXX European Select Dividend Index Fund,,Y,N,P
FDEC,FT Vest U.S. Equity Buffer ETF - December,,Y,N,Z
FDEM,Fidelity Emerging Markets Multifactor ETF,,Y,N,Z
FDEV,Fidelity International Multifactor ETF,,Y,N,Z
FDG,American Century Focused Dynamic Growth ETF,,Y,N,P
FDHY,Fidelity Enhanced High Yield ETF,,Y,N,P
FDIS,Fidelity MSCI Consumer Discretionary Index ETF,,Y,N,P
FDL,First Trust Morningstar ETF,,Y,N,P
FDLO,Fidelity Low Volatility Factor ETF,,Y,N,P
FDLS,Inspire Fidelis Multi Factor ETF,,Y,N,P
FDM,First Trust DJ Select MicroCap ETF,,Y,N,P
FDMO,Fidelity Momentum Factor ETF,,Y,N,P
FDN,First Trust DJ Internet Index Fund,,Y,N,P
FDND,FT Vest Dow Jones Internet & Target Income ETF,,Y,N,Z
FDRR,Fidelity Dividend ETF for Rising Rates,,Y,N,P
FDRV,Fidelity Electric Vehicles and Future Transportation ETF,,Y,N,Z
FDS,FactSet Research Systems Inc. Common Stock,,N,N,N
FDV,Federated Hermes U.S. Strategic Dividend ETF,,Y,N,P
FDVV,Fidelity High Dividend ETF,,Y,N,P
FDX,FedEx Corporation Common Stock,,N,N,N
FDXF,"FedEx Freight Holding Company, Inc. Common Stock",,N,N,N
FE,FirstEnergy Corp. Common Stock,,N,N,N
FEAC,Fidelity Enhanced U.S. All-Cap Equity ETF,,Y,N,P
FEBM,FT Vest U.S. Equity Max Buffer ETF - February,,Y,N,Z
FEBP,PGIM S&P 500 Buffer 12 ETF - February,,Y,N,Z
FEBT,AllianzIM U.S. Large Cap Buffer10 Feb ETF,,Y,N,Z
FEBU,AllianzIM U.S. Equity Buffer15 Uncapped Feb ETF,,Y,N,Z
FEBW,AllianzIM U.S. Large Cap Buffer20 Feb ETF,,Y,N,Z
FEBZ,TrueShares Structured Outcome (February) ETF,,Y,N,Z
FEDM,FlexShares ESG & Climate Developed Markets ex-US Core Index Fund,,Y,N,P
FEDU,"Four Seasons Education (Cayman) Inc. American Depositary Shares, each ADS representing 10 ordinary shares",,N,N,N
FEGE,First Eagle Global Equity ETF,,Y,N,N
FEIG,FlexShares ESG & Climate Investment Grade Corporate Core Index Fund,,Y,N,P
FELC,Fidelity Enhanced Large Cap Core ETF,,Y,N,P
FELG,Fidelity Enhanced Large Cap Growth ETF,,Y,N,P
FELV,Fidelity Enhanced Large Cap Value ETF,,Y,N,P
FEMD,First Eagle Mid Cap Equity ETF,,Y,N,P
FEMG,Fidelity Enhanced Mid Cap Growth ETF,,Y,N,P
FEMR,Fidelity Enhanced Emerging Markets ETF,,Y,N,P
FEMV,Fidelity Enhanced Mid Cap Value ETF,,Y,N,P
FENG,"Phoenix New Media Limited American Depositary Shares, each representing 48 Class A ordinary shares.",,N,N,N
FENI,Fidelity Enhanced International ETF,,Y,N,P
FENY,Fidelity MSCI Energy Index ETF,,Y,N,P
FEOE,First Eagle Overseas Equity ETF,,Y,N,N
FERG,Ferguson Enterprises Inc. Common Stock,,N,N,N
FESM,Fidelity Enhanced Small Cap Core ETF,,Y,N,P
FET,"Forum Energy Technologies, Inc. Common Stock",,N,N,N
FETH,Fidelity Ethereum Fund,,Y,N,Z
FEUS,FlexShares ESG & Climate US Large Cap Core Index Fund,,Y,N,P
FEZ,State Street SPDR EURO STOXX 50 ETF,,Y,N,P
FF,FutureFuel Corp.  Common shares,,N,N,N
FFA,First Trust Enhanced Equity Income Fund Common Shares of Beneficial Interest,,N,N,N
FFC,Flaherty & Crumrine Preferred and Income Securities Fund Incorporated,,N,N,N
FFDI,Fidelity Fundamental Developed International ETF,,Y,N,Z
FFEB,FT Vest U.S. Equity Buffer ETF - February,,Y,N,Z
FFEM,Fidelity Fundamental Emerging Markets ETF,,Y,N,Z
FFF,Founders 100 ETF,,Y,N,Z
FFGX,Fidelity Fundamental Global ex-U.S. ETF,,Y,N,Z
FFIU,UVA Unconstrained Medium-Term Fixed Income ETF,,Y,N,P
FFLC,Fidelity Fundamental Large Cap Core ETF,,Y,N,Z
FFLG,Fidelity Fundamental Large Cap Growth ETF,,Y,N,Z
FFLS,The Future Fund Long/Short ETF,,Y,N,P
FFLV,Fidelity Fundamental Large Cap Value ETF,,Y,N,Z
FFND,One Global ETF,,Y,N,P
FFOG,Franklin Focused Growth ETF,,Y,N,Z
FFOX,FundX Future Fund Opportunities ETF,,Y,N,P
FFSM,Fidelity Fundamental Small-Mid Cap ETF,,Y,N,Z
FFTY,CapForce IBD 50 ETF,,Y,N,P
FG,"F&G Annuities & Life, Inc. Common Stock",,N,N,N
FGD,First Trust DJ Global Select Dividend,,Y,N,P
FGDL,Franklin Responsibly Sourced Gold ETF,,Y,N,P
FGN,"F&G Annuities & Life, Inc. 7.950% Senior Notes due 2053",,N,N,N
FGRU,T-REX 2X Long FIGR Daily Target ETF,,Y,N,Z
FGSM,Frontier Asset Global Small Cap Equity ETF,,Y,N,P
FGSN,"F&G Annuities & Life, Inc. 7.300% Junior Subordinated Notes due 2065",,N,N,N
FHDG,FT Vest U.S. Equity Quarterly Dynamic Buffer ETF,,Y,N,Z
FHEQ,Fidelity Hedged Equity ETF,,Y,N,Z
FHI,"Federated Hermes, Inc. Common Stock",,N,N,N
FHIL,Federated Hermes International Leaders ETF,,Y,N,Z
FHLC,Fidelity MSCI Health Care Index ETF,,Y,N,P
FHN,First Horizon Corporation Common Stock,,N,N,N
FHN$E,"First Horizon Corporation Depositary Shares, each representing a 1/4,000th interest in a share of Non-Cumulative Perpetual Preferred Stock, Series E",,N,N,N
FHN$F,"First Horizon Corporation Depositary Shares, each representing 1/4000th Interest in a Share of Non-Cumulative Perpetual Preferred Stock, Series F",,N,N,N
FHN$H,"First Horizon Corporation Depositary Shares each representing a 1/4,000th interest in a share of Non-Cumulative Perpetual Preferred Stock, Series H",,N,N,N
FHYS,Federated Hermes Short Duration High Yield ETF,,Y,N,P
FIAT,YieldMax Short COIN Option Income Strategy ETF,,Y,N,P
FIAX,Nicholas Fixed Income Alternative ETF,,Y,N,P
FICO,Fair Isaac Corporation Common Stock,,N,N,N
FIDI,Fidelity International High Dividend ETF,,Y,N,P
FIDU,Fidelity MSCI Industrials Index ETF,,Y,N,P
FIG,"Figma, Inc. Class A Common Stock",,N,N,N
FIGB,Fidelity Investment Grade Bond ETF,,Y,N,P
FIGS,"FIGS, Inc. Class A Common Stock",,N,N,N
FIIG,First Trust Intermediate Duration Investment Grade Corporate ETF,,Y,N,P
FINS,Angel Oak Financial Strategies Income Term Trust Common Shares of Beneficial Interest,,N,N,N
FINT,Frontier Asset Total International Equity ETF,,Y,N,P
FINV,FinVolution Group American Depositary Shares,,N,N,N
FIRY,Firy Inc. Class A Common Stock,,N,N,N
FIS,"Fidelity National Information Services, Inc. Common Stock",,N,N,N
FISK,"Empire State Realty OP, L.P. Series 250 Operating Partnership Units Representing Limited Partnership Interests",,N,N,P
FISR,State Street Fixed Income Sector Rotation ETF,,Y,N,P
FITB,Fifth Third Bancorp Common Stock,,N,N,N
FITB$A,"Fifth Third Bancorp Depositary Shares each representing 1/40th share of Fifth Third 6.00% Non-Cumulative Perpetual Class B Preferred Stock, Series A",,N,N,N
FITB$I,Fifth Third Bancorp Depositary Share repstg 1/1000th Ownership Interest Perp Pfd Series I,,N,N,N
FITB$K,"Fifth Third Bancorp Depositary Shares each representing a 1/1000th ownership interest in a share of Non-Cumulative Perpetual Preferred Stock, Series K",,N,N,N
FITB$M,"Fifth Third Bancorp Depositary Shares Representing a 1/40th Ownership Interest in a Share of 6.875% Fixed-Rate Reset Non-Cumulative Perpetual Preferred Stock, Series M",,N,N,N
FITE,State Street SPDR S&P Kensho Future Security ETF,,Y,N,P
FITZ,Fitz-Gerald Must Have Portfolio ETF,,Y,N,P
FIVA,Fidelity International Value Factor ETF,,Y,N,P
FIW,First Trust Water ETF,,Y,N,P
FIX,"Comfort Systems USA, Inc. Common Stock",,N,N,N
FIXP,FolioBeyond Enhanced Fixed Income Premium ETF,,Y,N,P
FIXT,TCW Core Plus Bond ETF,,Y,N,N
FJAN,FT Vest U.S. Equity Buffer ETF - January,,Y,N,Z
FJET,"Starfighters Space, Inc. Common Stock",,N,N,A
FJUL,FT Vest U.S. Equity Buffer ETF - July,,Y,N,Z
FJUN,FT Vest U.S. Equity Buffer ETF - June,,Y,N,Z
FLAG,Global X S&P 500 U.S. Market Leaders Top 50 ETF,,Y,N,P
FLAO,AllianzIM U.S. Equity 6 Month Floor5 Apr/Oct ETF,,Y,N,Z
FLAU,Franklin FTSE Australia ETF,,Y,N,P
FLAX,Franklin FTSE Asia ex Japan ETF,,Y,N,P
FLBL,Franklin Senior Loan ETF,,Y,N,Z
FLBR,Franklin FTSE Brazil ETF,,Y,N,P
FLC,Flaherty & Crumrine Total Return Fund Inc Common Stock,,N,N,N
FLCA,Franklin FTSE Canada ETF,,Y,N,P
FLCB,Franklin U.S. Core Bond ETF,,Y,N,P
FLCC,Federated Hermes MDT Large Cap Core ETF,,Y,N,P
FLCE,Frontier Asset U.S. Large Cap Equity ETF,,Y,N,P
FLCG,Federated Hermes MDT Large Cap Growth ETF,,Y,N,P
FLCH,Franklin FTSE China ETF,,Y,N,P
FLCO,Franklin Investment Grade Corporate ETF,,Y,N,P
FLCV,Federated Hermes MDT Large Cap Value ETF,,Y,N,P
FLDR,Fidelity Low Duration Bond Factor ETF,,Y,N,Z
FLDZ,RiverNorth Patriot ETF,,Y,N,Z
FLEE,Franklin FTSE Europe ETF,,Y,N,P
FLEU,Franklin FTSE Eurozone ETF,,Y,N,P
FLG,"Flagstar Bank, N.A. Common Stock",,N,N,N
FLG$A,"Flagstar Bank, N.A. Depositary shares, each representing a 1/40th interest in a share of Fixed-to-Floating Rate Series A Noncumulative Perpetual Preferred Stock",,N,N,N
FLG$U,"Flagstar Bank, N.A. Bifurcated Option Note Unit SecuritiES",,N,N,N
FLGB,Franklin FTSE United Kingdom ETF,,Y,N,P
FLGR,Franklin FTSE Germany ETF,,Y,N,P
FLGV,Franklin U.S. Treasury Bond ETF,,Y,N,P
FLHY,Franklin High Yield Corporate ETF,,Y,N,Z
FLIA,Franklin International Aggregate Bond ETF,,Y,N,Z
FLIN,Franklin FTSE India ETF,,Y,N,P
FLJH,Franklin FTSE Japan Hedged ETF,,Y,N,P
FLJJ,AllianzIM U.S. Equity 6 Month Floor5 Jan/Jul ETF,,Y,N,Z
FLJP,Franklin FTSE Japan ETF,,Y,N,P
FLKR,Franklin FTSE South Korea ETF,,Y,N,P
FLLA,Franklin FTSE Latin America ETF,,Y,N,P
FLMB,Franklin Municipal Green Bond ETF,,Y,N,P
FLMI,Franklin Dynamic Municipal Bond ETF,,Y,N,P
FLMX,Franklin FTSE Mexico ETF,,Y,N,P
FLNG,FLEX LNG Ltd. Ordinary Shares,,N,N,N
FLO,"Flowers Foods, Inc. Common Stock",,N,N,N
FLOC,Flowco Holdings Inc. Class A Common Stock,,N,N,N
FLOT,iShares Floating Rate Bond ETF,,Y,N,Z
FLOW,Global X U.S. Cash Flow Kings 100 ETF,,Y,N,P
FLQL,Franklin U.S. Large Cap Multifactor Index ETF,,Y,N,Z
FLQM,Franklin U.S. Mid Cap Multifactor Index ETF,,Y,N,Z
FLQS,Franklin U.S. Small Cap Multifactor Index ETF,,Y,N,Z
FLR,Fluor Corporation Common Stock,,N,N,N
FLRG,Fidelity U.S. Multifactor ETF,,Y,N,P
FLRN,State Street SPDR Bloomberg Investment Grade Floating Rate ETF,,Y,N,P
FLRT,Pacer Aristotle Pacific Floating Rate High Income ETF,,Y,N,P
FLS,Flowserve Corporation Common Stock,,N,N,N
FLSA,Franklin FTSE Saudi Arabia ETF,,Y,N,P
FLSP,Franklin Systematic Style Premia ETF,,Y,N,P
FLSW,Franklin FTSE Switzerland ETF,,Y,N,P
FLTB,Fidelity Limited Term Bond ETF,,Y,N,P
FLTR,VanEck IG Floating Rate ETF,,Y,N,P
FLTW,Franklin FTSE Taiwan ETF,,Y,N,P
FLUD,Franklin Ultra Short Bond ETF,,Y,N,P
FLUT,Flutter Entertainment plc Ordinary Shares,,N,N,N
FLV,American Century Focused Large Cap Value ETF,,Y,N,P
FLXI,Invesco Flexible Income ETF,,Y,N,Z
FLXN,Horizon Flexible Income ETF,,Y,N,Z
FLXR,TCW Flexible Income ETF,,Y,N,N
FLYD,MicroSectors Travel -3x Inverse Leveraged ETN,,Y,N,P
FLYT,Tradr 2X Long FLY Daily ETF,,Y,N,Z
FLYU,MicroSectors Travel 3x Leveraged ETN,,Y,N,P
FLYX,"flyExclusive, Inc. Class A Common Stock",,N,N,A
FLYX.W,"flyExclusive, Inc. Redeemable warrants, each whole warrant exercisable for one Class A common stock at an exercise price of $11.50 per share",,N,N,A
FMAG,Fidelity Magellan ETF,,Y,N,Z
FMAR,FT Vest U.S. Equity Buffer ETF - March,,Y,N,Z
FMAT,Fidelity MSCI Materials Index ETF,,Y,N,P
FMAY,FT Vest U.S. Equity Buffer ETF - May,,Y,N,Z
FMC,FMC Corporation Common Stock,,N,N,N
FMCE,FM Compounders Equity ETF,,Y,N,P
FMCX,FM Focus Equity ETF,,Y,N,P
FMDE,Fidelity Enhanced Mid Cap Core ETF,,Y,N,P
FMF,First Trust Managed Futures Strategy Fund,,Y,N,P
FMKT,The Free Markets ETF,,Y,N,P
FMN,Federated Hermes Premier Municipal Income Fund,,N,N,N
FMNY,First Trust New York Municipal High Income ETF,,Y,N,P
FMQQ,FMQQ The Next Frontier Internet ETF,,Y,N,P
FMS,Fresenius Medical Care AG American Depositary Shares (Each representing 1/2 of an Ordinary Share),,N,N,N
FMTL,First Trust Indxx Critical Metals ETF,,Y,N,P
FMX,Fomento Economico Mexicano S.A.B. de C.V. Common Stock,,N,N,N
FMY,First Trust Mortgage Income Fund Common Shares of Beneficial Interest,,N,N,N
FN,Fabrinet Ordinary Shares,,N,N,N
FNB,F.N.B. Corporation Common Stock,,N,N,N
FNCL,Fidelity MSCI Financials Index ETF,,Y,N,P
FND,"Floor & Decor Holdings, Inc. Common Stock",,N,N,N
FNDA,Schwab Fundamental U.S. Small Company ETF,,Y,N,P
FNDB,Schwab Fundamental U.S. Broad Market ETF,,Y,N,P
FNDC,Schwab Fundamental International Small Equity ETF,,Y,N,P
FNDE,Schwab Fundamental Emerging Markets Equity ETF,,Y,N,P
FNDF,Schwab Fundamental International Equity ETF,,Y,N,P
FNDX,Schwab Fundamental U.S. Large Company ETF,,Y,N,P
FNF,"Fidelity National Financial, Inc. Common Stock",,N,N,N
FNG,Leverage Shares 2X Long FN Daily ETF,,Y,N,Z
FNGD,"MicroSectors FANG  Index -3X Inverse Leveraged ETNs due January 8, 2038",,N,N,P
FNGG,Direxion Daily NYSE FANG+ Bull 2X ETF,,Y,N,P
FNGO,"MicroSectors FANG  Index 2X Leveraged ETNs due January 8, 2038",,N,N,P
FNGS,"MicroSectors FANG  ETNs due January 8, 2038",,Y,N,P
FNGU,MicroSectors FANG+ 3X Leveraged ETNs,,Y,N,P
FNOV,FT Vest U.S. Equity Buffer ETF - November,,Y,N,Z
FNV,Franco-Nevada Corporation,,N,N,N
FOA,Finance of America Companies Inc. Class A Common Stock,,N,N,N
FOCT,FT Vest U.S. Equity Buffer ETF - October,,Y,N,Z
FOF,"Cohen & Steers Closed-End Opportunity Fund, Inc. Common Stock",,N,N,N
FOMG,Leverage Shares 2X Long FORM Daily ETF,,Y,N,Z
FOPC,Frontier Asset Opportunistic Credit ETF,,Y,N,P
FOR,Forestar Group Inc Common Stock ,,N,N,N
FORH,Formidable ETF,,Y,N,Z
FOTO,Tuttle Capital Pure Play Photonics ETF,,Y,N,Z
FOUR,"Shift4 Payments, Inc. Class A Common Stock",,N,N,N
FOUR$A,"Shift4 Payments, Inc. 6.00% Series A Mandatory Convertible Preferred Stock",,N,N,N
FOWF,Pacer Solactive Whitney Future of Warfare ETF,,Y,N,Z
FOXY,Simplify Currency Strategy ETF,,Y,N,P
FPAA,FPA Global Allocation ETF,,Y,N,Z
FPAG,FPA Global Equity ETF,,Y,N,Z
FPAS,FPA Short Duration Government ETF,,Y,N,Z
FPE,First Trust Preferred Securities and Income ETF ETF,,Y,N,P
FPEI,First Trust Institutional Preferred Securities and Income ETF,,Y,N,P
FPF,First Trust Intermediate Duration Preferred & Income Fund Common Shares of Beneficial Interest,,N,N,N
FPFD,Fidelity Preferred Securities & Income ETF,,Y,N,Z
FPH,"Five Point Holdings, LLC Class A Common Shares",,N,N,N
FPI,Farmland Partners Inc. Common Stock,,N,N,N
FPRO,Fidelity Real Estate Investment ETF,,Y,N,Z
FPS,"Forgent Power Solutions, Inc. Class A Common Stock",,N,N,N
FPSX,Leverage Shares 2X Long FPS Daily ETF,,Y,N,Z
FPWR,First Trust EIP Power Solutions ETF,,Y,N,P
FPX,First Trust US Equity Opportunities ETF,,Y,N,P
FQAL,Fidelity Quality Factor ETF,,Y,N,P
FR,"First Industrial Realty Trust, Inc. Common Stock",,N,N,N
FRA,Blackrock Floating Rate Income Strategies Fund Inc  Common Stock,,N,N,N
FRDM,Freedom 100 Emerging Markets ETF,,Y,N,Z
FREL,Fidelity MSCI Real Estate Index ETF,,Y,N,P
FRGN,Horizon International Equity ETF,,Y,N,P
FRI,First Trust S&P REIT Index Fund,,Y,N,P
FRIZ,Franklin Dividend Growth ETF,,Y,N,P
FRNW,Fidelity Clean Energy ETF,,Y,N,Z
FRO,Frontline Plc Ordinary Shares,,N,N,N
FRT,Federal Realty Investment Trust Common Stock,,N,N,N
FRT$C,"Federal Realty Investment Trust Depositary Shares, each representing a 1/1000th interest in a 5.000% Series C Cumulative Redeemable Preferred Share",,N,N,N
FRTY,Alger Mid Cap 40 ETF,,Y,N,P
FSCC,Federated Hermes MDT Small Cap Core ETF,,Y,N,P
FSCO,FS Credit Opportunities Corp. Common Stock,,N,N,N
FSEC,Fidelity Investment Grade Securitized ETF,,Y,N,P
FSEG,Fidelity Enhanced Small Cap Growth ETF,,Y,N,P
FSEP,FT Vest U.S. Equity Buffer ETF - September,,Y,N,Z
FSEV,Fidelity Enhanced Small Cap Value ETF,,Y,N,P
FSI,Flexible Solutions International Inc. Common Stock (CDA),,N,N,A
FSIG,First Trust Limited Duration Investment Grade Corporate ETF,,Y,N,P
FSK,FS KKR Capital Corp. Common Stock,,N,N,N
FSM,Fortuna Mining Corp. Common Shares,,N,N,N
FSMB,First Trust Short Duration Managed Municipal ETF,,Y,N,P
FSMD,Fidelity Small-Mid Multifactor ETF,,Y,N,P
FSML,Franklin Small Cap Enhanced ETF,,Y,N,P
FSOL,Fidelity Solana Fund,,Y,N,P
FSP,Franklin Street Properties Corp. Common Stock,,N,N,A
FSS,Federal Signal Corporation Common Stock,,N,N,N
FSSL,FS Specialty Lending Fund Common Shares of Beneficial Interest,,N,N,N
FSTA,Fidelity MSCI Consumer Staples Index ETF,,Y,N,P
FSYD,Fidelity Sustainable High Yield ETF,,Y,N,P
FT,Franklin Universal Trust Common Stock,,N,N,N
FTBD,Fidelity Tactical Bond ETF,,Y,N,P
FTBI,First Trust Balanced Income ETF,,Y,N,P
FTCA,Franklin California Municipal Income ETF,,Y,N,P
FTCB,First Trust Core Investment Grade ETF,,Y,N,P
FTCE,First Trust New Constructs Core Earnings Leaders ETF,,Y,N,P
FTEC,Fidelity MSCI Information Technology Index ETF,,Y,N,P
FTF,Franklin Limited Duration Income Trust Common Shares of Beneficial Interest,,N,N,A
FTHB,FIS Faith Income ETF,,Y,N,P
FTHF,First Trust Emerging Markets Human Flourishing ETF,,Y,N,P
FTHY,First Trust High Yield Opportunities 2027 Term Fund Common Stock,,N,N,N
FTI,TechnipFMC plc Ordinary Share,,N,N,N
FTIF,First Trust Bloomberg Inflation Sensitive Equity ETF,,Y,N,P
FTK,"Flotek Industries, Inc. Common Stock",,N,N,N
FTKI,First Trust Small Cap BuyWrite Income ETF,,Y,N,P
FTLS,First Trust Long/Short Equity,,Y,N,P
FTMA,Franklin Massachusetts Municipal Income ETF,,Y,N,P
FTMH,Franklin Municipal High Yield ETF,,Y,N,P
FTMN,Franklin Minnesota Municipal Income ETF,,Y,N,P
FTMS,Franklin Short-Term Municipal Income ETF,,Y,N,P
FTMU,Franklin Municipal Income ETF,,Y,N,P
FTNJ,Franklin New Jersey Municipal Income ETF,,Y,N,P
FTNY,Franklin New York Municipal Income ETF,,Y,N,P
FTOH,Franklin Ohio Municipal Income ETF,,Y,N,P
FTPA,Franklin Pennsylvania Municipal Income ETF,,Y,N,P
FTRA.U,"FutureCorp Space Acquisition 1 Units, each consisting of one Class A ordinary share and one-half of one redeemable warrant",,N,N,N
FTRB,Federated Hermes Total Return Bond ETF,,Y,N,P
FTS,Fortis Inc. Common Shares,,N,N,N
FTSD,Franklin Short Duration U.S. Government ETF,,Y,N,P
FTV,Fortive Corporation Common Stock ,,N,N,N
FTW,Presidio Production Company Class A Common Stock,,N,N,N
FTW.W,"Presidio Production Company Warrants, each whole warrant exercisable for one share of Class A common stock at an exercise price of $11.50 per share",,N,N,N
FTWO,Strive Natural Resources and Security ETF,,Y,N,N
FUBO,FuboTV Inc. Class A Common Stock,,N,N,N
FUL,H. B. Fuller Company Common Stock,,N,N,N
FUMB,First Trust Ultra Short Duration Municipal ETF,,Y,N,P
FUN,Six Flags Entertainment Corporation Common Stock New,,N,N,N
FURY,Fury Gold Mines Limited Common Shares,,N,N,A
FUSD,Federated Hermes Ultrashort Bond ETF,,Y,N,Z
FUSI,American Century Multisector Floating Income ETF,,Y,N,P
FUTY,Fidelity MSCI Utilities Index ETF,,Y,N,P
FVAL,Fidelity Value Factor ETF,,Y,N,P
FVD,First Trust VL Dividend,,Y,N,P
FVR,"FrontView REIT, Inc. Common Stock",,N,N,N
FVRR,"Fiverr International Ltd. Ordinary Shares, no par value",,N,N,N
FWD,AB Disruptors ETF,,Y,N,P
FXA,Invesco CurrencyShares Australian Dollar Trust,,Y,N,P
FXB,Invesco CurrencyShares British Pound Sterling Trust,,Y,N,P
FXC,Invesco CurrencyShares Canadian Dollar Trust,,Y,N,P
FXD,First Trust Cons. Discret. AlphaDEX,,Y,N,P
FXE,Invesco CurrencyShares Euro Currency Trust,,Y,N,P
FXED,Sound Enhanced Fixed Income ETF,,Y,N,N
FXF,Invesco CurrencyShares Swiss Franc Trust,,Y,N,P
FXG,First Trust Cons. Staples AlphaDEX,,Y,N,P
FXH,First Trust Health Care AlphaDEX,,Y,N,P
FXI,iShares China Large-Cap ETF,,Y,N,P
FXL,First Trust Technology AlphaDEX,,Y,N,P
FXN,First Trust Energy AlphaDEX Fund,,Y,N,P
FXO,First Trust Financials AlphaDEX,,Y,N,P
FXP,ProShares UltraShort FTSE China 50,,Y,N,P
FXR,First Trust Industrials AlphaDEX,,Y,N,P
FXU,First Trust Utilities AlphaDEX Fund,,Y,N,P
FXY,Invesco CurrencyShares Japanese Yen Trust,,Y,N,P
FXZ,First Trust Materials AlphaDEX Fund,,Y,N,P
FYEE,Fidelity Yield Enhanced Equity ETF,,Y,N,Z
FYLD,Cambria Foreign Shareholder Yield ETF,,Y,N,Z
G,Genpact Limited Common Stock,,N,N,N
GAA,Cambria Global Asset Allocation ETF,,Y,N,Z
GAB,"Gabelli Equity Trust, Inc. (The) Common Stock",,N,N,N
GAB$G,"Gabelli Equity Trust, Inc. (The) Series G Cumulative Preferred Stock",,N,N,N
GAB$H,"Gabelli Equity Trust, Inc. (The) Pfd Ser H",,N,N,N
GAB$K,"Gabelli Equity Trust, Inc. (The) 5.00% Series K Cumulative Preferred Stock",,N,N,N
GABF,Gabelli ETFs Trust Gabelli Financial Services Opportunities ETF,,Y,N,P
GAEM,Simplify Gamma Emerging Market Bond ETF,,Y,N,P
GAL,State Street Global Allocation ETF,,Y,N,P
GAM,"General American Investors, Inc. Common Stock",,N,N,N
GAM$B,"General American Investors Company, Inc. Cumulative Preferred Stock",,N,N,N
GAMR,Amplify Video Game Leaders ETF,,Y,N,P
GAP,"Gap, Inc. (The) Common Stock",,N,N,N
GAPR,FT Vest U.S. Equity Moderate Buffer ETF - April,,Y,N,Z
GARA,Guinness Atkinson Real Assets Income ETF,,Y,N,P
GARP,iShares MSCI USA Quality GARP ETF,,Y,N,Z
GASZ,Corgi Natural Gas Power & Turbines ETF,,Y,N,Z
GATX,GATX Corporation Common Stock,,N,N,N
GAU,Galiano Gold Inc.,,N,N,A
GAUG,FT Vest U.S. Equity Moderate Buffer ETF - August,,Y,N,Z
GBAB,Guggenheim Taxable Municipal Bond & Investment Grade Debt Trust Common Shares of Beneficial Interest,,N,N,N
GBCI,"Glacier Bancorp, Inc. Common Stock",,N,N,N
GBF,iShares Government/Credit Bond ETF,,Y,N,P
GBHI,Gabelli High Income ETF,,Y,N,P
GBIL,Goldman Sachs Access Treasury 0-1 Year ETF,,Y,N,P
GBND,Goldman Sachs Core Bond ETF,,Y,N,P
GBR,"New Concept Energy, Inc Common Stock",,N,N,A
GBTC,Grayscale Bitcoin Trust (BTC),,Y,N,P
GBTG,"Global Business Travel Group, Inc. Class A Common Stock",,N,N,N
GBX,"Greenbrier Companies, Inc. (The) Common Stock",,N,N,N
GCAD,Gabelli Commercial Aerospace and Defense ETF,,Y,N,P
GCAL,Goldman Sachs Dynamic California Municipal Income ETF,,Y,N,P
GCC,WisdomTree EnhancedContinuous Commodity Index Fund,,Y,N,P
GCDT,Green Circle Decarbonize Technology Limited Ordinary Shares,,N,N,A
GCO,Genesco Inc. Common Stock,,N,N,N
GCOR,Goldman Sachs Access U.S. Aggregate Bond ETF,,Y,N,P
GCOW,Pacer Global Cash Cows Dividend ETF,,Y,N,Z
GCSH,Guggenheim Ultra Short Income ETF,,Y,N,P
GCTS,"GCT Semiconductor Holding, Inc. Common Stock",,N,N,N
GCTS.W,"GCT Semiconductor Holding, Inc. Warrants, each whole warrant exercisable for one share of Common Stock at an exercise price of $11.50",,N,N,N
GCV,"Gabelli Convertible and Income Securities Fund, Inc. (The) Common Stock",,N,N,N
GD,General Dynamics Corporation Common Stock,,N,N,N
GDDY,GoDaddy Inc. Class A Common Stock,,N,N,N
GDE,WisdomTree Efficient Gold Plus Equity Strategy Fund,,Y,N,Z
GDEC,FT Vest U.S. Equity Moderate Buffer ETF - December,,Y,N,Z
GDIV,Harbor Dividend Growth Leaders ETF,,Y,N,N
GDL,"GDL Fund, The Common Shares of Beneficial Interest",,N,N,N
GDLC,Grayscale CoinDesk Crypto 5 ETF,,Y,N,P
GDMA,Gadsden Dynamic Multi-Asset ETF,,Y,N,Z
GDMN,WisdomTree Efficient Gold Plus Gold Miners Strategy Fund,,Y,N,Z
GDO,Western Asset Global Corporate Opportunity Fund Inc. Common Stock,,N,N,N
GDOC,Goldman Sachs Future Health Care Equity ETF,,Y,N,P
GDOG,Grayscale Dogecoin Trust ETF,,Y,N,P
GDOT,"Green Dot Corporation Class A Common Stock, $0.001 par value",,N,N,N
GDT,WisdomTree Efficient TIPS Plus Gold Fund,,Y,N,Z
GDV,Gabelli Dividend & Income Trust Common Shares of Beneficial Interest,,N,N,N
GDV$H,The Gabelli Dividend & Income Trust 5.375% Series H Cumulative Preferred Shares,,N,N,N
GDV$K,The Gabelli Dividend & Income Trust 4.250% Series K Cumulative Preferred Shares,,N,N,N
GDX,VanEck Gold Miners ETF,,Y,N,P
GDXD,MicroSectors Gold Miners -3X Inverse Leveraged ETNs,,Y,N,P
GDXJ,VanEck Junior Gold Miners ETF,,Y,N,P
GDXU,MicroSectors Gold Miners 3X Leveraged ETN,,Y,N,P
GDXW,Roundhill Gold Miners WeeklyPay ETF,,Y,N,Z
GDXY,YieldMax Gold Miners Option Income Strategy ETF,,Y,N,P
GE,GE Aerospace Common Stock,,N,N,N
GEF,Greif Inc. Class A Common Stock,,N,N,N
GEF.B,"Greif, Inc. Corporation Class B Common Stock",,N,N,N
GEL,"Genesis Energy, L.P. Common Units",,N,N,N
GEM,Goldman Sachs ActiveBeta Emerging Markets Equity ETF,,Y,N,P
GEMD,Goldman Sachs Access Emerging Markets USD Bond ETF,,Y,N,Z
GENC,"Gencor Industries, Inc. Common Stock",,N,N,A
GEND,Genter Capital Dividend Income ETF,,Y,N,P
GENI,Genius Sports Limited Ordinary Shares,,N,N,N
GENM,Genter Capital Municipal Quality Intermediate ETF,,Y,N,P
GENT,Genter Capital Taxable Quality Intermediate ETF,,Y,N,P
GENW,Genter Capital International Dividend ETF,,Y,N,P
GEO,Geo Group Inc (The) REIT,,N,N,N
GEOA,WisdomTree GeoAlpha Opportunities Fund,,Y,N,P
GETY,"Getty Images Holdings, Inc. Class A Common Stock",,N,N,N
GEV,GE Vernova Inc. Common Stock,,N,N,N
GEVX,Tradr 2X Long GEV Daily ETF,,Y,N,Z
GF,"New Germany Fund, Inc. (The) Common Stock",,N,N,N
GFEB,FT Vest U.S. Equity Moderate Buffer ETF - February,,Y,N,Z
GFF,Griffon Corporation Common Stock,,N,N,N
GFI,Gold Fields Limited American Depositary Shares,,N,N,N
GFL,"GFL Environmental Inc. Subordinate voting shares, no par value",,N,N,N
GFR,Greenfire Resources Ltd. Common Shares,,N,N,N
GFSG,Leverage Shares 2X Long GFS Daily ETF,,Y,N,Z
GGB,Gerdau S.A. Common Stock,,N,N,N
GGG,Graco Inc. Common Stock,,N,N,N
GGM,GGM Macro Alignment ETF,,Y,N,P
GGME,Invesco Next Gen Media and Gaming ETF,,Y,N,P
GGN,"GAMCO Global Gold, Natural Resources & Income Trust",,N,N,A
GGN$B,"GAMCO Global Gold, Natural Reources & Income Trust 5.00% Series B Cumulative 25.00 Liquidation Preference",,N,N,A
GGOV,iShares Global Government Bond USD Hedged Active ETF,,Y,N,P
GGRW,Gabelli Growth Innovators ETF,,Y,N,P
GGT,"Gabelli Multi-Media Trust, Inc. (The) Common Stock",,N,N,N
GGT$E,Gabelli Multi-Media Trust Inc. (The) 5.125% Series E Cumulative Preferred Stock,,N,N,N
GGT$G,Gabelli Multi-Media Trust Inc. (The) 5.125% Series G Cumulative Preferred Shares,,N,N,N
GGTL,Gabelli Global Technology Leaders ETF,,Y,N,P
GGUS,Goldman Sachs MarketBeta Russell 1000 Growth Equity ETF,,Y,N,P
GGZ,Gabelli Global Small and Mid Cap Value Trust (The) Common Shares of Beneficial Interest,,N,N,N
GHC,Graham Holdings Company Common Stock,,N,N,N
GHG,"GreenTree Hospitality Group Ltd. American depositary shares, each representing one Class A ordinary share",,N,N,N
GHI,Greystone Housing Impact Investors LP Beneficial Unit Certificates representing assignments of limited partnership interests,,N,N,N
GHM,Graham Corporation Common Stock,,N,N,N
GHTA,Goose Hollow Tactical Allocation ETF,,Y,N,Z
GHY,"PGIM Global High Yield Fund, Inc.",,N,N,N
GHYB,Goldman Sachs Access High Yield Corporate Bond ETF,,Y,N,P
GHYG,iShares US & Intl High Yield Corp Bond ETF,,Y,N,Z
GIAX,Nicholas Global Equity and Income ETF,,Y,N,P
GIB,CGI Inc. Common Stock,,N,N,N
GIC,Global Industrial Company Common Stock,,N,N,N
GIGB,Goldman Sachs Access Investment Grade Corporate Bond ETF,,Y,N,P
GIGL,Goldman Sachs Corporate Bond ETF,,Y,N,P
GII,State Street SPDR S&P Global Infrastructure ETF,,Y,N,P
GIL,"Gildan Activewear, Inc. Class A Sub. Vot. Common Stock",,N,N,N
GINN,Goldman Sachs Innovate Equity ETF,,Y,N,P
GIS,"General Mills, Inc. Common Stock",,N,N,N
GISC,Guggenheim Securitized Income ETF,,Y,N,P
GJAN,FT Vest U.S. Equity Moderate Buffer ETF - January,,Y,N,Z
GJH,Synthetic Fixed-Income Securities Inc 6.375% (STRATS) Cl A-1,,N,N,N
GJO,"Synthetic Fixed-Income Securities, Inc. on behalf of STRATS(SM) Trust for Wal-Mart Stores, Inc. Securities, Series 2004-5",,N,N,N
GJP,"Synthetic Fixed-Income Securities, Inc. on behalf of STRATS (SM) Trust for Dominion Resources, Inc. Securities, Series 2005-6, Floating Rate Structured Repackaged Asset-Backed Trust Securities (STRATS) Certificates",,N,N,N
GJR,"Synthetic Fixed-Income Securities, Inc. STRATS Trust for Procter&Gamble Securities, Series 2006-1",,N,N,N
GJS,"Goldman Sachs Group Securities STRATS Trust for Goldman Sachs Group Securities, Series 2006-2",,N,N,N
GJT,"Synthetic Fixed-Income Securities, Inc. Floating Rate Structured Repackaged Asset-Backed Trust Securities Certificates, Series 2006-3",,N,N,N
GJUL,FT Vest U.S. Equity Moderate Buffer ETF - July,,Y,N,Z
GJUN,FT Vest U.S. Equity Moderate Buffer ETF - June,,Y,N,Z
GK,AdvisorShares Gerber Kawasaki ETF,,Y,N,P
GKOS,Glaukos Corporation Common Stock,,N,N,N
GL,Globe Life Inc. Common Stock,,N,N,N
GL$D,Globe Life Inc. 4.25% Junior Subordinated Debentures due 2061,,N,N,N
GLAM,"Corgi Beauty, Skincare & Aesthetics ETF",,Y,N,Z
GLBL,Pacer MSCI World Industry Advantage ETF,,Y,N,Z
GLD,SPDR Gold Shares,,Y,N,P
GLDG,GoldMining Inc. Common Shares,,N,N,A
GLDM,SPDR Gold MiniShares Trust,,Y,N,P
GLDN,Nicholas Gold Income ETF,,Y,N,P
GLDW,Roundhill Gold WeeklyPay ETF,,Y,N,Z
GLED,GalaxyEdge Acquisition Corporation Ordinary Shares,,N,N,N
GLED.R,GalaxyEdge Acquisition Corporation Rights to receive one-fourth (1/4) of one ordinary share,,N,N,N
GLED.U,"GalaxyEdge Acquisition Corporation Units, each consisting of one Ordinary Share and one Right entitling the holder to receive 1/4th of one ordinary share",,N,N,N
GLIN,VanEck India Growth Leaders ETF,,Y,N,P
GLIX,Lazard Listed Infrastructure ETF,,Y,N,P
GLL,ProShares UltraShort Gold,,Y,N,P
GLNK,Grayscale Chainlink Trust ETF,,Y,N,P
GLO,Clough Global Opportunities Fund Common Stock,,N,N,A
GLOB,Globant S.A. Common Shares,,N,N,N
GLOF,iShares Global Equity Factor ETF,,Y,N,P
GLOP$A,GasLog Partners LP 8.625% Series A Cumulative Redeemable Perpetual Fixed to Floating Rate Preference Units,,N,N,N
GLOP$B,GasLog Partners LP 8.200% Series B Cumulative Redeemable Perpetual Fixed to Floating Rate Preference Units,,N,N,N
GLOP$C,GasLog Partners LP 8.500% Series C Cumulative Redeemable Perpetual Fixed to Floating Rate Preference Units,,N,N,N
GLP,Global Partners LP Common Units representing Limited Partner Interests,,N,N,N
GLP$B,Global Partners LP 9.50% Series B Fixed Rate Cumulative Redeemable Perpetual Preferred Units representing limited partner interests,,N,N,N
GLQ,Clough Global Equity Fund Clough Global Equity Fund Common Shares of Beneficial Interest,,N,N,A
GLRY,Inspire Growth ETF,,Y,N,P
GLTR,abrdn Physical Precious Metals Basket Shares ETF,,Y,N,P
GLU,Gabelli Global Utility Common Shares of Beneficial Ownership,,N,N,A
GLU$A,The Gabelli Global Utility and Income Trust Series A Cumulative Puttable and Callable Preferred Shares,,N,N,A
GLU$B,The Gabelli Global Utility and Income Trust Series B Cumulative Puttable and Callable Preferred Shares,,N,N,A
GLV,Clough Global Dividend and Income Fund Common Shares of beneficial interest,,N,N,A
GLW,Corning Incorporated Common Stock,,N,N,N
GLXU,T-REX 2X Long GLXY Daily Target ETF,,Y,N,Z
GM,General Motors Company Common Stock,,N,N,N
GMAR,FT Vest U.S. Equity Moderate Buffer ETF - March,,Y,N,Z
GMAY,FT Vest U.S. Equity Moderate Buffer ETF - May,,Y,N,Z
GME,GameStop Corporation Common Stock,,N,N,N
GME.W,GameStop Corporation Warrants to Purchase Common Stock,,N,N,N
GMED,"Globus Medical, Inc. Class A Common Stock",,N,N,N
GMEU,T-REX 2X Long GME Daily Target ETF,,Y,N,Z
GMEY,YieldMax GME Option Income Strategy ETF,,Y,N,P
GMF,State Street SPDR S&P Emerging Asia Pacific ETF,,Y,N,P
GMMA,GammaRoad Market Navigation ETF,,Y,N,P
GMMF,iShares Government Money Market ETF,,Y,N,N
GMNY,Goldman Sachs Dynamic New York Municipal Income ETF,,Y,N,P
GMOC,GMO Ultra-Short Income ETF,,Y,N,P
GMOD,GMO Dynamic Allocation ETF,,Y,N,P
GMOI,GMO International Value ETF,,Y,N,P
GMOM,Cambria Global Momentum ETF,,Y,N,Z
GMOV,GMO US Value ETF,,Y,N,P
GMRS,GMR Solutions Inc. Class A Common Stock,,N,N,N
GMTL,Guardian Metal Resources PLC ADS,,N,N,A
GMUB,Goldman Sachs Municipal Income ETF,,Y,N,P
GNE,Genie Energy Ltd. Class B Common Stock Stock,,N,N,N
GNK,Genco Shipping & Trading Limited Ordinary Shares New (Marshall Islands),,N,N,N
GNL,"Global Net Lease, Inc. Common Stock",,N,N,N
GNL$A,"Global Net Lease, Inc. 7.25% Series A Cumulative Redeemable Preferred Stock, $0.01 par value per share",,N,N,N
GNL$B,"Global Net Lease, Inc. 6.875% Series B Cumulative Redeemable Perpetual Preferred Stock",,N,N,N
GNL$D,"Global Net Lease, Inc. 7.50% Series D Cumulative Redeemable Perpetual Preferred Stock",,N,N,N
GNL$E,"Global Net Lease, Inc. 7.375% Series E Cumulative Redeemable Perpetual Preferred Stock",,N,N,N
GNMX,Corgi Genomics & Precision Medicine ETF,,Y,N,Z
GNOV,FT Vest U.S. Equity Moderate Buffer ETF - November,,Y,N,Z
GNR,State Street SPDR S&P Global Natural Resources ETF,,Y,N,P
GNRC,Generac Holdlings Inc. Common Stock,,N,N,N
GNS,Genius Group Limited Ordinary Shares,,N,N,A
GNT,"GAMCO Natural Resources, Gold & Income Trust",,N,N,N
GNT$A,"GAMCO Natural Resources, Gold & Income Tust  5.20% Series A Cumulative Preferred Shares (Liquidation Preference $25.00 per share)",,N,N,N
GNW,Genworth Financial Inc Common Stock,,N,N,N
GOAU,US Global GO Gold and Precious Metal Miners ETF,,Y,N,P
GOCT,FT Vest U.S. Equity Moderate Buffer ETF - October,,Y,N,Z
GOEX,Global X Gold Explorers ETF,,Y,N,P
GOF,Guggenheim Strategic Opportunities Fund Common Shares of Beneficial Interest,,N,N,N
GOGL,Corgi GOOGL 2x Daily ETF,,Y,N,Z
GOLD,"Gold.com, Inc. Common Stock",,N,N,N
GOLF,Acushnet Holdings Corp. Common Stock,,N,N,N
GOLS,Gabelli Opportunities in Live and Sports ETF,,Y,N,P
GOLY,Strategy Shares Gold Enhanced Yield ETF,,Y,N,Z
GOOP,Kurv Yield Premium Strategy Google (GOOGL) ETF,,Y,N,Z
GOOS,Canada Goose Holdings Inc. Subordinate Voting Shares,,N,N,N
GOOW,Roundhill GOOGL WeeklyPay ETF,,Y,N,Z
GOOX,T-Rex 2X Long Alphabet Daily Target ETF,,Y,N,Z
GOOY,YieldMax GOOGL Option Income Strategy ETF,,Y,N,P
GOP,Unusual Whales Subversive Republican Trading ETF,,Y,N,Z
GORO,Gold Resource Corporation Common Stock,,N,N,A
GOTU,Gaotu Techedu Inc. American Depositary Shares,,N,N,N
GOVM,iShares 1-10 Year Treasury Bond ETF,,Y,N,Z
GOVT,iShares U.S. Treasury Bond ETF,,Y,N,Z
GOVZ,iShares 25  Year Treasury STRIPS Bond ETF,,Y,N,Z
GPC,Genuine Parts Company Common Stock,,N,N,N
GPGI,"GPGI, Inc. Class A Common Stock",,N,N,N
GPI,"Group 1 Automotive, Inc. Common Stock",,N,N,N
GPJA,"Georgia Power Company Series 2017A 5.00% Junior Subordinated Notes due October 1, 2077",,N,N,N
GPK,Graphic Packaging Holding Company,,N,N,N
GPMT,Granite Point Mortgage Trust Inc. Common Stock,,N,N,N
GPMT$A,Granite Point Mortgage Trust Inc. 7.00% Series A Fixed-to-Floating Rate Cumulative Redeemable Preferred Stock,,N,N,N
GPN,Global Payments Inc. Common Stock,,N,N,N
GPOR,Gulfport Energy Corporation Common Shares,,N,N,N
GPRK,Geopark Ltd Common Shares,,N,N,N
GPTY,YieldMax AI & Tech Portfolio Option Income ETF,,Y,N,P
GPUS,"Hyperscale Data, Inc. Common Stock",,N,N,A
GPUS$D,"Hyperscale Data, Inc. 13.00% Series D Cumulative Redeemable Perpetual Preferred Stock",,N,N,A
GPZ,VanEck Alternative Asset Manager ETF,,Y,N,P
GQGU,GQG US Equity ETF,,Y,N,P
GQI,Natixis Gateway Quality Income ETF,,Y,N,P
GQRE,FlexShares Global Quality Real Estate Index Fund,,Y,N,P
GRAF,Graf Global Corp. Class A ordinary shares,,N,N,A
GRAF.U,"Graf Global Corp. Units, each consisting of one Class A ordinary share and one-half of one redeemable warrant",,N,N,A
GRAF.W,"Graf Global Corp. Warrants, each whole warrant exercisable for one Class A ordinary share at an exercise price of $11.50 per share",,N,N,A
GRBK,"Green Brick Partners, Inc. Common Stock",,N,N,N
GRBK$A,"Green Brick Partners, Inc. Depositary Shares (each representing a 1/1000th fractional interest in a share of 5.75% Series A Cumulative Perpetual Preferred Stock)",,N,N,N
GRC,Gorman-Rupp Company (The) Common Stock,,N,N,N
GRDN,"Guardian Pharmacy Services, Inc. Class A Common Stock",,N,N,N
GREK,Global X MSCI Greece ETF,,Y,N,P
GRF,"Eagle Capital Growth Fund, Inc. Common Stock",,N,N,A
GRMN,Garmin Ltd. Common Stock (Switzerland),,N,N,N
GRN,iPath Series B Carbon Exchange-Traded Notes,,N,N,P
GRNB,VanEck Green Bond ETF,,Y,N,P
GRND,Grindr Inc. Common Stock,,N,N,N
GRNI,Fundstrat Granny Shots US Large Cap & Income ETF,,Y,N,P
GRNJ,Fundstrat Granny Shots US Small- & Mid-Cap ETF,,Y,N,P
GRNT,"Granite Ridge Resources, Inc. Common Stock",,N,N,N
GRNY,Fundstrat Granny Shots US Large Cap ETF,,Y,N,P
GRO,Brazil Potash Corp. Common Shares,,N,N,A
GROV,"Grove Collaborative Holdings, Inc. Class A Common Stock",,N,N,N
GROY,Gold Royalty Corp. Common Shares,,N,N,A
GROY.W,Gold Royalty Corp. Warrants,,N,N,A
GROZ,Zacks Focus Growth ETF,,Y,N,Z
GRPM,Invesco S&P MidCap 400 GARP ETF,,Y,N,P
GRPZ,Invesco S&P SmallCap 600 GARP ETF,,Y,N,P
GRX,The Gabelli Healthcare & Wellness Trust Common Shares of Beneficial Interest,,N,N,N
GS,"Goldman Sachs Group, Inc. (The) Common Stock",,N,N,N
GS$A,"Goldman Sachs Group, Inc. (The) Depositary Shares each representing 1/1000th Interest in a Share of Floating Rate Non-Cumulative Preferred Stock Series A",,N,N,N
GS$C,"Goldman Sachs Group, Inc. (The) Depositary Share repstg 1/1000th Preferred Series C",,N,N,N
GS$D,"Goldman Sachs Group, Inc. (The) Dep Shs repstg 1/1000 Pfd Ser D Fltg",,N,N,N
GSBD,"Goldman Sachs BDC, Inc. Common Stock",,N,N,N
GSC,Goldman Sachs Small Cap Equity ETF,,Y,N,P
GSEE,Goldman Sachs MarketBeta Emerging Markets Equity ETF,,Y,N,Z
GSEP,FT Vest U.S. Equity Moderate Buffer ETF - September,,Y,N,Z
GSEU,Goldman Sachs ActiveBeta Europe Equity ETF,,Y,N,P
GSEW,Goldman Sachs Equal Weight U.S. Large Cap Equity ETF,,Y,N,Z
GSG,iShares GSCI Commodity-Indexed Trust Fund,,Y,N,P
GSID,Goldman Sachs MarketBeta International Equity ETF,,Y,N,Z
GSIE,Goldman Sachs ActiveBeta International Equity ETF,,Y,N,P
GSJY,Goldman Sachs ActiveBeta Japan Equity ETF,,Y,N,P
GSK,GSK plc American Depositary Shares (Each representing two Ordinary Shares),,N,N,N
GSKH,GSK plc ADRhedged,,Y,N,P
GSL,Global Ship Lease Inc New Class A Common Shares,,N,N,N
GSL$B,"Global Ship Lease, Inc. Depository Shares Representing 1/100th Perpetual Preferred Series B% (Marshall Island)",,N,N,N
GSLC,Goldman Sachs ActiveBeta U.S. Large Cap Equity ETF,,Y,N,P
GSOL,Grayscale Solana Staking ETF,,Y,N,P
GSPY,Gotham Enhanced 500 ETF,,Y,N,P
GSSC,GS ActiveBeta U.S. Small Cap Equity ETF,,Y,N,P
GSST,Goldman Sachs Ultra Short Bond ETF,,Y,N,Z
GSUI,Grayscale Sui Staking ETF,,Y,N,P
GSUS,Goldman Sachs MarketBeta U.S. Equity ETF,,Y,N,Z
GSWO,Goldman Sachs ActiveBeta World Equity ETF,,Y,N,Z
GSY,Invesco Ultra Short Duration ETF,,Y,N,P
GTE,Gran Tierra Energy Inc. Common Stock,,N,N,A
GTEK,Goldman Sachs Future Tech Leaders Equity ETF,,Y,N,P
GTES,Gates Industrial Corporation plc Ordinary Shares,,N,N,N
GTIP,Goldman Sachs Access Inflation Protected USD Bond ETF,,Y,N,Z
GTLS,"Chart Industries, Inc. Common Stock",,N,N,N
GTN,"Gray Media, Inc. Common Stock",,N,N,N
GTN.A,"Gray Media, Inc. Class A Common Stock",,N,N,N
GTND,Goaltender ETF,,Y,N,P
GTO,Invesco Total Return Bond ETF,,Y,N,P
GTOC,Invesco Core Fixed Income ETF,,Y,N,Z
GTOH,Invesco Short Duration High Yield ETF,,Y,N,Z
GTOS,Invesco Short Duration Total Return Bond ETF,,Y,N,Z
GTY,Getty Realty Corporation Common Stock,,N,N,N
GUG,Guggenheim Active Allocation Fund Common Shares of Beneficial Interest,,N,N,N
GUMI,Goldman Sachs Ultra Short Municipal Income ETF,,Y,N,P
GUNR,FlexShares Global Upstream Natural Resources Index Fund ETF,,Y,N,P
GURU,Global X Guru Index ETF,,Y,N,P
GUSA,Goldman Sachs MarketBeta U.S. 1000 Equity ETF,,Y,N,P
GUSH,Direxion Daily S&P Oil & Gas Exp. & Prod. Bull 2X ETF,,Y,N,P
GUT,Gabelli Utility Trust (The) Common Stock,,N,N,N
GUT$C,Gabelli Utility Trust (The) 5.375% Series C Cumulative Preferred Shares,,N,N,N
GVA,Granite Construction Incorporated Common Stock,,N,N,N
GVAL,Cambria Global Value ETF,,Y,N,Z
GVI,iShares Intermediate Government/Credit Bond ETF,,Y,N,Z
GVIP,Goldman Sachs Hedge Industry VIP ETF,,Y,N,P
GVLU,Gotham 1000 Value ETF,,Y,N,P
GVUS,Goldman Sachs MarketBeta Russell 1000 Value Equity ETF,,Y,N,P
GWH,"ESS Tech, Inc. Common Stock",,N,N,N
GWH.W,"ESS Tech, Inc. Warrant",,N,N,N
GWRE,"Guidewire Software, Inc. Common Stock",,N,N,N
GWW,"W.W. Grainger, Inc. Common Stock",,N,N,N
GWX,State Street SPDR S&P International Small Cap ETF,,Y,N,P
GXC,State Street SPDR S&P China ETF,,Y,N,P
GXIG,Global X Investment Grade Corporate Bond ETF,,Y,N,P
GXLC,Global X U.S. 500 ETF,,Y,N,P
GXO,"GXO Logistics, Inc. Common Stock ",,N,N,N
GXPC,Global X PureCap MSCI Communication Services ETF,,Y,N,P
GXPD,Global X PureCap MSCI Consumer Discretionary ETF,,Y,N,P
GXPE,Global X PureCap MSCI Energy ETF,,Y,N,P
GXPS,Global X PureCap MSCI Consumer Staples ETF,,Y,N,P
GXPT,Global X PureCap MSCI Information Technology ETF,,Y,N,P
GXRP,Grayscale XRP Trust ETF,,Y,N,P
GXUS,Goldman Sachs MarketBeta Total International Equity ETF,,Y,N,P
GYLD,Arrow Dow Jones Global Yield ETF ETF,,Y,N,N
H,Hyatt Hotels Corporation Class A Common Stock,,N,N,N
HACK,Amplify Cybersecurity ETF,,Y,N,P
HAE,Haemonetics Corporation Common Stock,,N,N,N
HAFN,Hafnia Limited Common Shares,,N,N,N
HAIL,State Street SPDR S&P Kensho Smart Mobility ETF,,Y,N,P
HAKY,Amplify HACK Cybersecurity Covered Call ETF,,Y,N,P
HAL,Halliburton Company Common Stock,,N,N,N
HALX,Tuttle Capital Heavy Assets Low Obsolescence ETF,,Y,N,Z
HAP,VanEck Natural Resources ETF,,Y,N,P
HAPI,Harbor Human Capital Factor US Large Cap ETF,,Y,N,P
HAPS,Harbor Human Capital Factor US Small Cap ETF,,Y,N,P
HARD,Simplify Commodities Strategy No K-1 ETF,,Y,N,P
HASI,"HA Sustainable Infrastructure Capital, Inc. Common Stock",,N,N,N
HAUS,Residential REIT ETF,,Y,N,Z
HAUZ,Xtrackers International Real Estate ETF,,Y,N,P
HAWK,"HawkEye 360, Inc. Common Stock",,N,N,N
HAWX,iShares Currency Hedged MSCI ACWI ex U.S. ETF,,Y,N,P
HAYW,"Hayward Holdings, Inc. Common Stock",,N,N,N
HBB,Hamilton Beach Brands Holding Company Class A Common Stock ,,N,N,N
HBM,Hudbay Minerals Inc. Ordinary Shares (Canada),,N,N,N
HBMX,Tuttle Capital Concentrated Memory Stack ETF,,Y,N,Z
HBRD,Invesco U.S. Hybrid Bond ETF,,Y,N,P
HBTA,Horizon Expedition Plus ETF,,Y,N,P
HBTC,Fortuna Hedged Bitcoin ETF,,Y,N,Z
HCA,"HCA Healthcare, Inc. Common Stock",,N,N,N
HCC,"Warrior Met Coal, Inc. Common Stock",,N,N,N
HCI,"HCI Group, Inc. Common Stock",,N,N,N
HCMT,Direxion HCM Tactical Enhanced US ETF,,Y,N,P
HCRB,Hartford Core Bond ETF,,Y,N,Z
HCWC,Healthy Choice Wellness Corp. Class A Common Stock,,N,N,A
HCXY,"Hercules Capital, Inc. 6.25% Notes due 2033",,N,N,N
HD,"Home Depot, Inc. (The) Common Stock",,N,N,N
HDB,HDFC Bank Limited Common Stock,,N,N,N
HDEF,Xtrackers MSCI EAFE High Dividend Yield Equity ETF,,Y,N,P
HDG,ProShares Hedge Replication ETF,,Y,N,P
HDGE,Ranger Equity Bear Bear ETF,,Y,N,P
HDLB,"ETRACS Monthly Pay 2xLeveraged US High Dividend Low Volatility ETN Series B due September 30, 2044",,Y,N,P
HDMV,First Trust Horizon Managed Volatility Developed International ETF,,Y,N,P
HDUS,Hartford Disciplined US Equity ETF,,Y,N,P
HDV,iShares Core High Dividend ETF,,Y,N,P
HE,"Hawaiian Electric Industries, Inc. Common Stock",,N,N,N
HECA,Hedgeye Capital Allocation ETF,,Y,N,P
HEDG,Equable Shares Hedged Equity ETF,,Y,N,P
HEDJ,WisdomTree Europe Hedged Equity Fund,,Y,N,P
HEEM,iShares Currency Hedged MSCI Emerging Markets ETF,,Y,N,Z
HEFA,iShares Currency Hedged MSCI EAFE ETF,,Y,N,Z
HEFT,Hedgeye Fourth Turning ETF,,Y,N,P
HEGD,Swan Hedged Equity US Large Cap ETF,,Y,N,Z
HEI,Heico Corporation Common Stock,,N,N,N
HEI.A,Heico Corporation Common Stock,,N,N,N
HELO,JPMorgan Hedged Equity Laddered Overlay ETF,,Y,N,P
HELS,Hedgeye 130/30 Equity ETF,,Y,N,P
HELX,Franklin Genomic Advancements ETF,,Y,N,Z
HEMI,Hartford Equity Premium Income ETF,,Y,N,Z
HEQ,John Hancock Diversified Income Fund Common Shares of Beneficial Interest,,N,N,N
HEQT,Simplify Hedged Equity ETF,,Y,N,P
HESM,Hess Midstream LP Class A Representing Limited Partner Interests,,N,N,N
HEWJ,iShares Currency Hedged MSCI Japan ETF,,Y,N,P
HEZU,iShares Currency Hedged MSCI Eurozone ETF,,Y,N,P
HF,DGA Core Plus Absolute Return ETF,,Y,N,N
HFEQ,Unlimited HFEQ Equity Long/Short ETF,,Y,N,N
HFGM,Unlimited HFGM Global Macro ETF,,Y,N,N
HFGO,Hartford Large Cap Growth ETF,,Y,N,Z
HFMF,Unlimited HFMF Managed Futures ETF,,Y,N,N
HFND,Unlimited HFND Multi-Strategy Return Tracker ETF,,Y,N,N
HFRO,Highland Opportunities and Income Fund Common Shares of Beneficial Interest,,N,N,N
HFRO$A,Highland Opportunities and Income Fund 5.375% Series A Cumulative Preferred Shares,,N,N,N
HFRO$B,Highland Opportunities and Income Fund 5.375% Series B Cumulative Preferred Shares,,N,N,N
HFSI,Hartford Strategic Income ETF,,Y,N,Z
HFXI,NYLI FTSE International Equity Currency Neutral ETF,,Y,N,P
HG,"Hamilton Insurance Group, Ltd. Class B Common Shares",,N,N,N
HGER,Harbor Commodity All-Weather Strategy ETF,,Y,N,N
HGLB,Highland Global Allocation Fund Common Stock,,N,N,N
HGRO,Hedgeye Quality Growth ETF,,Y,N,P
HGTY,"Hagerty, Inc. Class A Common Stock",,N,N,N
HGV,Hilton Grand Vacations Inc. Common Stock ,,N,N,N
HHH,Howard Hughes Holdings Inc. Common Stock,,N,N,N
HIBL,Direxion Daily S&P 500 High Beta Bull 3X ETF,,Y,N,P
HIBS,Direxion Daily S&P 500 High Beta Bear 3X ETF,,Y,N,P
HIDV,AB US High Dividend ETF,,Y,N,P
HIG,"The Hartford Insurance Group, Inc. Common Stock",,N,N,N
HIG$G,"The Hartford Insurance Group, Inc. Depositary Shares each representing a 1/1000th interest in a share of 6.000% Non-Cumulative Preferred Stock, Series G",,N,N,N
HIGH,Simplify Enhanced Income ETF,,Y,N,P
HII,"Huntington Ingalls Industries, Inc. Common Stock",,N,N,N
HIMS,"Hims & Hers Health, Inc. Class A Common Stock",,N,N,N
HIMU,iShares High Yield Muni Active ETF,,Y,N,Z
HIO,"Western Asset High Income Opportunity Fund, Inc. Common Stock",,N,N,N
HIPO,Hippo Holdings Inc. Common Stock,,N,N,N
HIPS,GraniteShares HIPS US High Income ETF,,Y,N,P
HIW,"Highwoods Properties, Inc. Common Stock",,N,N,N
HIX,Western Asset High Income Fund II Inc. Common Stock,,N,N,N
HIYY,YieldMax HIMS Option Income Strategy ETF,,Y,N,P
HJUN,Corgi U.S. Equities 100% Structured Buffer ETF - June Series,,Y,N,Z
HKD,AMTD Digital Inc. American Depositary Shares (every five of which represent two Class A Ordinary Shares),,N,N,N
HL,Hecla Mining Company Common Stock,,N,N,N
HL$B,Hecla Mining Company Preferred Stock,,N,N,N
HLF,Herbalife Ltd. Common Shares,,N,N,N
HLI,"Houlihan Lokey, Inc. Class A Common Stock",,N,N,N
HLIO,"Helios Technologies, Inc. Common Stock",,N,N,N
HLLY,Holley Inc. Common Stock,,N,N,N
HLLY.W,Holley Inc. Warrants,,N,N,N
HLN,Haleon plc American Depositary Shares (Each representing two Ordinary Shares),,N,N,N
HLT,Hilton Worldwide Holdings Inc. Common Stock ,,N,N,N
HLX,"Helix Energy Solutions Group, Inc. Common Stock",,N,N,N
HMAY,Corgi U.S. Equities 100% Structured Buffer ETF - May Series,,Y,N,Z
HMC,"Honda Motor Company, Ltd. Common Stock",,N,N,N
HMN,Horace Mann Educators Corporation Common Stock,,N,N,N
HMOP,Hartford Municipal Opportunities ETF,,Y,N,P
HMY,Harmony Gold Mining Company Limited,,N,N,N
HNGE,"Hinge Health, Inc. Class A Common Stock",,N,N,N
HNI,HNI Corporation Common Stock,,N,N,N
HODL,VanEck Bitcoin Trust ,,Y,N,Z
HOG,"Harley-Davidson, Inc. Common Stock",,N,N,N
HOLA,JPMorgan International Hedged Equity Laddered Overlay ETF,,Y,N,P
HOLD,Harbor Alpha Layering ETF,,Y,N,P
HOMB,"Home BancShares, Inc. Common Stock",,N,N,N
HOMZ,Hoya Capital Housing ETF,,Y,N,P
HONG,Leverage Shares 2X Long HON Daily ETF,,Y,N,Z
HOOW,Roundhill HOOD WeeklyPay ETF,,Y,N,Z
HOOY,YieldMax HOOD Option Income Strategy ETF,,Y,N,P
HOOZ,Defiance Daily Target 2X Short HOOD ETF,,Y,N,P
HOV,"Hovnanian Enterprises, Inc. Class A Common Stock",,N,N,N
HP,"Helmerich & Payne, Inc. Common Stock",,N,N,N
HPE,Hewlett Packard Enterprise Company Common Stock,,N,N,N
HPE$C,Hewlett Packard Enterprise Company 7.625% Series C Mandatory Convertible Preferred Stock,,N,N,N
HPEL,Leverage Shares 2X Long HPE Daily ETF,,Y,N,Z
HPF,John Hancock Pfd Income Fund II Pfd Income Fund II,,N,N,N
HPI,John Hancock Preferred Income Fund Common Shares of Beneficial Interest,,N,N,N
HPP,"Hudson Pacific Properties, Inc. Common Stock",,N,N,N
HPP$C,"Hudson Pacific Properties, Inc. 4.750% Series C Cumulative Redeemable Preferred Stock",,N,N,N
HPQ,HP Inc. Common Stock,,N,N,N
HPS,John Hancock Preferred Income Fund III Preferred Income Fund III,,N,N,N
HQH,abrdn Healthcare Investors Shares of Beneficial Interest,,N,N,N
HQL,abrdn Life Sciences Investors Shares of Beneficial Interest,,N,N,N
HR,Healthcare Realty Trust Incorporated Common Stock,,N,N,N
HRB,"H&R Block, Inc. Common Stock",,N,N,N
HRI,Herc Holdings Inc. Common Stock ,,N,N,N
HRL,Hormel Foods Corporation Common Stock,,N,N,N
HRSK,Toews Agility Shares Hedged Risk ETF,,Y,N,P
HRTG,"Heritage Insurance Holdings, Inc. Common Stock",,N,N,N
HSBC,"HSBC Holdings, plc. Common Stock",,N,N,N
HSBH,HSBC Holdings plc ADRhedged,,Y,N,P
HSCZ,iShares Currency Hedged MSCI EAFE Small-Cap ETF,,Y,N,P
HSHP,Himalaya Shipping Ltd. Common Shares,,N,N,N
HSLV,Highlander Silver Corp. Common Shares,,N,N,A
HSMV,First Trust Horizon Managed Volatility Small/Mid ETF,,Y,N,P
HSY,The Hershey Company Common Stock,,N,N,N
HTAB,Hartford Schroders Tax-Aware Bond ETF,,Y,N,P
HTAX,Nomura National High-Yield Municipal Bond ETF,,Y,N,P
HTB,"HomeTrust Bancshares, Inc. Common Stock",,N,N,N
HTD,John Hancock Tax Advantaged Dividend Income Fund Common Shares of Beneficial Interest,,N,N,N
HTEC,ROBO Global Healthcare Technology and Innovation ETF,,Y,N,P
HTFC,Horizon Technology Finance Corporation 6.25% Notes due 2027,,N,N,N
HTGC,"Hercules Capital, Inc. Common Stock",,N,N,N
HTH,Hilltop Holdings Inc.,,N,N,N
HTRB,Hartford Total Return Bond ETF,,Y,N,P
HTT,"High Templar Tech Limited American depositary shares, each representing one Class A ordinary share",,N,N,N
HTUS,Hull Tactical US ETF,,Y,N,Z
HUBB,Hubbell Inc Common Stock,,N,N,N
HUBS,"HubSpot, Inc. Common Stock",,N,N,N
HULL,Corgi Shipping & Global Logistics ETF,,Y,N,Z
HUM,Humana Inc. Common Stock,,N,N,N
HUMN,Roundhill Humanoid Robotics ETF,,Y,N,Z
HUN,Huntsman Corporation Common Stock,,N,N,N
HUSV,First Trust Horizon Managed Volatility Domestic ETF,,Y,N,P
HUYA,"HUYA Inc. American depositary shares, each  representing one Class A ordinary share",,N,N,N
HVAC,AdvisorShares HVAC and Industrials ETF,,Y,N,P
HVT,"Haverty Furniture Companies, Inc. Common Stock",,N,N,N
HVT.A,"Haverty Furniture Companies, Inc. Common Stock",,N,N,N
HWM,Howmet Aerospace Inc. Common Stock,,N,N,N
HXL,Hexcel Corporation Common Stock,,N,N,N
HY,"Hyster-Yale, Inc. Class A common stock",,N,N,N
HYBB,iShares BB Rated Corporate Bond ETF,,Y,N,P
HYBL,State Street Blackstone High Income ETF,,Y,N,Z
HYBX,TCW High Yield Bond ETF,,Y,N,N
HYD,VanEck High Yield Muni ETF,,Y,N,Z
HYDB,iShares High Yield Systematic Bond ETF,,Y,N,Z
HYDW,Xtrackers Low Beta High Yield Bond ETF,,Y,N,P
HYEM,VanEck Emerging Markets High Yield Bond ETF,,Y,N,P
HYFI,AB High Yield ETF,,Y,N,P
HYG,iShares iBoxx $ High Yield Corporate Bond ETF,,Y,N,P
HYGH,iShares Interest Rate Hedged High Yield Bond ETF,,Y,N,P
HYGM,Amplify HYG High Yield 10% Target Income ETF,,Y,N,Z
HYGV,FlexShares High Yield Value-Scored Bond Index Fund,,Y,N,P
HYGW,iShares High Yield Corporate Bond BuyWrite Strategy ETF,,Y,N,Z
HYHG,ProShares High Yield Interest Rate Hedged,,Y,N,Z
HYI,Western Asset High Yield Opportunity Fund Inc. Common Stock,,N,N,N
HYIN,WisdomTree Private Credit and Alternative Income Fund,,Y,N,Z
HYLB,Xtrackers USD High Yield Corporate Bond ETF,,Y,N,P
HYLN,Hyliion Holdings Corp. Class A Common Stock,,N,N,A
HYMB,State Street SPDR Nuveen ICE High Yield Municipal Bond ETF,,Y,N,P
HYS,PIMCO 0-5 Year High Yield Corporat Bond Index Exchange-Traded Fund,,Y,N,P
HYSA,BondBloxx USD High Yield Bond Sector Rotation ETF,,Y,N,P
HYSD,Columbia Short Duration High Yield ETF,,Y,N,P
HYT,"Blackrock Corporate High Yield Fund, Inc. Common Stock",,N,N,N
HYTI,FT Vest High Yield & Target Income ETF,,Y,N,P
HYTR,Counterpoint High Yield Trend ETF,,Y,N,N
HYUP,Xtrackers High Beta High Yield Bond ETF,,Y,N,P
HZO,"MarineMax, Inc.  (FL) Common Stock",,N,N,N
IAE,Voya Asia Pacific High Dividend Equity Income Fund ING Asia Pacific High Dividend Equity Income Fund Common Shares of Beneficial Interest,,N,N,N
IAF,"abrdn Australia Equity Fund, Inc. Common Stock",,N,N,A
IAG,Iamgold Corporation Ordinary Shares,,N,N,N
IAGG,iShares International Aggregate Bond Fund,,Y,N,Z
IAI,iShares U.S. Broker-Dealers & Securities Exchanges ETF,,Y,N,P
IAK,iShares U.S. Insurance ETF,,Y,N,P
IAPR,Innovator International Developed Power Buffer ETF  April,,Y,N,P
IAT,iShares U.S. Regional Banks ETF,,Y,N,P
IAU,iShares Gold Trust Shares,,Y,N,P
IAUG,Innovator International Developed Power Buffer ETF  August,,Y,N,P
IAUI,NEOS Gold High Income ETF,,Y,N,Z
IAUM,iShares Gold Trust Micro Shares,,Y,N,P
IAUX,i-80 Gold Corp. Common Shares,,N,N,A
IAUX.W,"i-80 Gold Corp. Warrants, each warrant exercisable for one Common Share at an exercise price of $0.70",,N,N,A
IBCA,iShares iBonds Dec 2035 Term Corporate ETF,,Y,N,P
IBCB,iShares iBonds Dec 2036 Term Corporate ETF,,Y,N,P
IBD,Inspire Corporate Bond ETF,,Y,N,P
IBDR,iShares iBonds Dec 2026 Term Corporate ETF,,Y,N,P
IBDS,iShares iBonds Dec 2027 Term Corporate ETF,,Y,N,P
IBDT,iShares iBonds Dec 2028 Term Corporate ETF,,Y,N,P
IBDU,iShares iBonds Dec 2029 Term Corporate ETF,,Y,N,P
IBDV,iShares iBonds Dec 2030 Term Corporate ETF,,Y,N,P
IBDW,iShares iBonds Dec 2031 Term Corporate ETF,,Y,N,P
IBDX,iShares iBonds Dec 2032 Term Corporate ETF,,Y,N,P
IBDY,iShares iBonds Dec 2033 Term Corporate ETF,,Y,N,P
IBDZ,iShares iBonds Dec 2034 Term Corporate ETF,,Y,N,P
IBFR,Innovator International Developed Managed 10 Buffer ETF,,Y,N,P
IBHF,iShares iBonds 2026 Term High Yield and Income ETF,,Y,N,Z
IBHG,iShares iBonds 2027 Term High Yield and Income ETF,,Y,N,Z
IBHH,iShares iBonds 2028 Term High Yield and Income ETF,,Y,N,Z
IBHI,iShares iBonds 2029 Term High Yield and Income ETF,,Y,N,Z
IBHJ,iShares iBonds 2030 Term High Yield and Income ETF,,Y,N,Z
IBHK,iShares iBonds 2031 Term High Yield and Income ETF,,Y,N,Z
IBHL,iShares iBonds 2032 Term High Yield and Income ETF,,Y,N,Z
IBHM,iShares iBonds 2033 Term High Yield and Income ETF,,Y,N,Z
IBIC,iShares iBonds Oct 2026 Term TIPS ETF,,Y,N,P
IBID,iShares iBonds Oct 2027 Term TIPS ETF,,Y,N,P
IBIE,iShares iBonds Oct 2028 Term TIPS ETF,,Y,N,P
IBIF,iShares iBonds Oct 2029 Term TIPS ETF,,Y,N,P
IBIG,iShares iBonds Oct 2030 Term TIPS ETF,,Y,N,P
IBIH,iShares iBonds Oct 2031 Term TIPS ETF,,Y,N,P
IBII,iShares iBonds Oct 2032 Term TIPS ETF,,Y,N,P
IBIJ,iShares iBonds Oct 2033 Term TIPS ETF,,Y,N,P
IBIK,iShares iBonds Oct 2034 Term TIPS ETF,,Y,N,P
IBIL,iShares iBonds Oct 2035 Term TIPS ETF,,Y,N,P
IBIM,iShares iBonds Oct 2036 Term TIPS ETF,,Y,N,P
IBLC,iShares Blockchain and Tech ETF,,Y,N,P
IBM,International Business Machines Corporation Common Stock,,N,N,N
IBMO,iShares iBonds Dec 2026 Term Muni Bond ETF,,Y,N,Z
IBMP,iShares iBonds Dec 2027 Term Muni Bond ETF,,Y,N,Z
IBMQ,iShares iBonds Dec 2028 Term Muni Bond ETF,,Y,N,Z
IBMR,iShares iBonds Dec 2029 Term Muni Bond ETF,,Y,N,Z
IBMS,iShares iBonds Dec 2030 Term Muni Bond ETF,,Y,N,Z
IBMT,iShares iBonds Dec 2031 Term Muni Bond ETF,,Y,N,Z
IBMU,iShares iBonds Dec 2032 Term Muni Bond ETF,,Y,N,Z
IBMV,iShares iBonds Dec 2033 Term Muni Bond ETF,,Y,N,Z
IBMW,iShares iBonds Dec 2034 Term Muni Bond ETF,,Y,N,Z
IBMX,iShares iBonds Dec 2035 Term Muni Bond ETF,,Y,N,Z
IBN,ICICI Bank Limited Common Stock,,N,N,N
IBND,State Street SPDR Bloomberg International Corporate Bond ETF,,Y,N,P
IBO,"Impact BioMedical, Inc. Common Stock",,N,N,A
IBP,"Installed Building Products, Inc. Common Stock",,N,N,N
IBRN,iShares Neuroscience and Healthcare ETF,,Y,N,P
IBTA,"Ibotta, Inc. Class A Common Stock",,N,N,N
IBUF,Innovator International Developed 10 Buffer ETF - Quarterly,,Y,N,P
IBUY,Amplify Online Retail ETF,,Y,N,P
IBX,Tradr 2X Long IBM Daily ETF,,Y,N,Z
ICAP,Infrastructure Capital Equity Income ETF,,Y,N,P
ICE,Intercontinental Exchange Inc. Common Stock,,N,N,N
ICF,iShares Select U.S. REIT ETF,,Y,N,Z
ICL,ICL Group Ltd. Ordinary Shares,,N,N,N
ICLO,Invesco AAA CLO Floating Rate Note ETF,,Y,N,Z
ICOI,Bitwise COIN Option Income Strategy ETF,,Y,N,P
ICOW,Pacer Developed Markets International Cash Cows 100 ETF,,Y,N,Z
ICPI,iShares 0-1 Year TIPS Bond ETF,,Y,N,P
ICPY,"Tweedy, Browne International Insider + Value ETF",,Y,N,P
ICR$A,"InPoint Commercial Real Estate Income, Inc. 6.75% Series A Cumulative Redeemable Preferred Stock",,N,N,N
ICRC,Bitwise CRCL Option Income Strategy ETF,,Y,N,P
ICSH,iShares Ultra Short Duration Bond Active ETF,,Y,N,Z
ICVT,iShares Convertible Bond ETF,,Y,N,Z
IDA,"IDACORP, Inc. Common Stock",,N,N,N
IDE,"Voya Infrastructure, Industrials and Materials Fund Common Shares of Beneficial Interest",,N,N,N
IDEC,Innovator International Developed Power Buffer ETF  December,,Y,N,P
IDEQ,Lazard International Dynamic Equity ETF,,Y,N,P
IDEV,iShares Core MSCI International Developed Markets ETF,,Y,N,P
IDGT,iShares U.S. Digital Infrastructure and Real Estate ETF,,Y,N,P
IDHQ,Invesco S&P International Developed Quality ETF,,Y,N,P
IDJN,Corgi International Developed Equities 15% Structured Buffer ETF - June Series,,Y,N,Z
IDLV,Invesco S&P International Developed Low Volatility ETF,,Y,N,P
IDMO,Invesco S&P International Developed Momentum ETF,,Y,N,P
IDMY,Corgi International Developed Equities 15% Structured Buffer ETF - May Series,,Y,N,Z
IDNA,iShares Genomics Immunology and Healthcare ETF,,Y,N,P
IDOG,ALPS International Sector Dividend Dogs ETF,,Y,N,P
IDR,"Idaho Strategic Resources, Inc. Common Stock",,N,N,A
IDRV,iShares Self-Driving EV and Tech ETF,,Y,N,P
IDT,IDT Corporation Class B Common Stock,,N,N,N
IDU,iShares U.S. Utilities ETF,,Y,N,P
IDUB,Aptus International Enhanced Yield ETF,,Y,N,Z
IDV,iShares International Select Dividend ETF,,Y,N,Z
IDVO,Amplify CWP International Enhanced Dividend Income ETF,,Y,N,P
IDVZ,Polen International Dividend Income Fund,,Y,N,Z
IDX,VanEck Indonesia Index ETF,,Y,N,P
IDYN,iShares International Equity Factor Rotation Active ETF,,Y,N,P
IE,Ivanhoe Electric Inc. Common Stock,,N,N,A
IEDI,iShares U.S. Consumer Focused ETF,,Y,N,Z
IEFA,iShares Core MSCI EAFE ETF,,Y,N,Z
IEMG,iShares Core MSCI Emerging Markets ETF,,Y,N,P
IEO,iShares U.S. Oil & Gas Exploration & Production ETF,,Y,N,Z
IETC,iShares U.S. Tech Independence Focused ETF,,Y,N,Z
IETH,Bitwise Ethereum Option Income Strategy ETF,,Y,N,P
IEUR,iShares Core MSCI Europe ETF,,Y,N,P
IEV,iShares Europe ETF,,Y,N,P
IEX,IDEX Corporation Common Stock,,N,N,N
IEZ,iShares U.S. Oil Equipment & Services ETF,,Y,N,P
IFEB,Innovator International Developed Power Buffer ETF  February,,Y,N,P
IFED,ETRACS IFED Invest with the Fed TR Index ETN,,Y,N,P
IFF,"International Flavors & Fragrances, Inc. Common Stock",,N,N,N
IFLN,Invesco Bloomberg Enhanced Fallen Angels ETF,,Y,N,P
IFLR,Innovator International Developed Managed Floor ETF,,Y,N,P
IFN,"Aberdeen India Fund, Inc. Common Stock",,N,N,N
IFRA,iShares U.S. Infrastructure ETF,,Y,N,Z
IFS,Intercorp Financial Services Inc. Common Shares,,N,N,N
IG,Principal Investment Grade Corporate Active ETF,,Y,N,Z
IGA,Voya Global Advantage and Premium Opportunity Fund Common Shares of Beneficial Interest,,N,N,N
IGBH,iShares Interest Rate Hedged Long-Term Corporate Bond ETF,,Y,N,P
IGC,"IGC Pharma, Inc. Common Stock",,N,N,A
IGCB,TCW Corporate Bond ETF,,Y,N,N
IGD,Voya Global Equity Dividend and Premium Opportunity Fund,,N,N,N
IGE,iShares North American Natural Resources ETF,,Y,N,Z
IGEB,iShares Investment Grade Systematic Bond ETF,,Y,N,Z
IGGY,AB International Growth ETF,,Y,N,P
IGHG,ProShares Investment Grade-Interest Rate Hedged,,Y,N,Z
IGI,Western Asset Investment Grade Opportunity Trust Inc. Common Stock,,N,N,N
IGLB,iShares 10  Year Investment Grade Corporate Bond ETF,,Y,N,P
IGLD,FT Vest Gold Strategy Target Income ETF,,Y,N,Z
IGM,iShares Expanded Tech Sector ETF,,Y,N,P
IGME,Bitwise GME Option Income Strategy ETF,,Y,N,P
IGPT,Invesco AI and Next Gen Software ETF,,Y,N,P
IGR,CBRE Global Real Estate Income Fund Common Shares of Beneficial Interest,,N,N,N
IGRO,iShares International Dividend Growth ETF,,Y,N,Z
IGTR,Innovator Gradient Tactical Rotation Strategy ETF,,Y,N,P
IGV,iShares Expanded Tech-Software Sector ETF,,Y,N,Z
IGZ,IGZ (Listing Market NYSE Arca Network B F) Common Stock,,N,Y,P
IH,"iHuman Inc. American depositary shares, each representing five Class A ordinary shares",,N,N,N
IHAK,iShares Cybersecurity and Tech ETF,,Y,N,P
IHD,Voya Emerging Markets High Income Dividend Equity Fund Common Shares,,N,N,N
IHDG,WisdomTree International Hedged Quality Dividend Growth Fund,,Y,N,P
IHE,iShares U.S. Pharmaceutical ETF,,Y,N,P
IHF,iShares U.S. Health Care Providers ETF,,Y,N,P
IHG,Intercontinental Hotels Group American Depositary Shares (Each representing one Ordinary Share),,N,N,N
IHI,iShares U.S. Medical Devices ETF,,Y,N,P
IHS,IHS Holding Limited Ordinary Shares,,N,N,N
IHT,InnSuites Hospitality Trust Shares of Beneficial Interest,,N,N,A
IHY,VanEck International High Yield Bond ETF,,Y,N,P
IIF,"Morgan Stanley India Investment Fund, Inc. Common Stock",,N,N,N
IIGD,Invesco Investment Grade Defensive ETF,,Y,N,P
IIIN,"Insteel Industries, Inc. Common Stock",,N,N,N
IIM,Invesco Value Municipal Income Trust Common Stock,,N,N,N
IINC,Alki Consolidated Income ETF,,Y,N,P
IIPR,"Innovative Industrial Properties, Inc. Common Stock",,N,N,N
IIPR$A,"Innovative Industrial Properties, Inc. 9.00% Series A Cumulative Redeemable Preferred Stock",,N,N,N
IJAN,Innovator International Developed Power Buffer ETF January,,Y,N,P
IJH,iShares Core S&P Mid-Cap ETF,,Y,N,P
IJJ,iShares S&P Mid-Cap 400 Value ETF,,Y,N,P
IJK,iShares S&P Mid-Cap 400 Growth ETF,,Y,N,P
IJR,iShares Core S&P Small-Cap ETF,,Y,N,P
IJS,iShares S&P SmallCap 600 Value ETF,,Y,N,P
IJUL,Innovator International Developed Power Buffer ETF  July,,Y,N,P
IJUN,Innovator International Developed Power Buffer ETF June,,Y,N,P
ILCB,iShares Morningstar Large-Cap ETF,,Y,N,P
ILCG,iShares Morningstar Large-Cap Growth ETF,,Y,N,P
ILCV,iShares Morningstar Large-Cap  Value ETF,,Y,N,P
ILDR,First Trust Innovation Leaders ETF,,Y,N,P
ILF,iShares Latin America 40 ETF,,Y,N,P
ILOW,AB International Low Volatility Equity ETF,,Y,N,P
ILS,Brookmont Catastrophic Bond ETF,,Y,N,P
ILTB,iShares Core 10  Year USD Bond ETF,,Y,N,P
IMAR,Innovator International Developed Power Buffer ETF  March,,Y,N,P
IMAX,Imax Corporation Common Stock,,N,N,N
IMAY,Innovator International Developed Power Buffer ETF - May,,Y,N,P
IMCB,iShares Morningstar Mid-Cap ETF,,Y,N,P
IMCG,iShares Morningstar Mid-Cap Growth ETF,,Y,N,P
IMF,Invesco Managed Futures Strategy ETF,,Y,N,Z
IMFL,Invesco International Developed Dynamic Multifactor ETF,,Y,N,Z
IMO,Imperial Oil Limited Common Stock,,N,N,A
IMRA,Bitwise MARA Option Income Strategy ETF,,Y,N,P
IMST,Bitwise MSTR Option Income Strategy ETF,,Y,N,P
IMTB,iShares Core 5-10 Year USD Bond ETF,,Y,N,P
IMTG,Invesco Agency MBS ETF,,Y,N,Z
IMTM,iShares MSCI Intl Momentum Factor ETF,,Y,N,P
IMVP,Invesco India ETF,,Y,N,P
INCE,Franklin Income Equity Focus ETF,,Y,N,P
INCM,Franklin Income Focus ETF,,Y,N,P
INCO,Columbia India Consumer ETF,,Y,N,P
INDA,iShares MSCI India ETF,,Y,N,Z
INDE,Matthews India Active ETF,,Y,N,P
INDL,Direxion Daily MSCI India Bull 2X ETF,,Y,N,P
INDO,Indonesia Energy Corporation Limited Ordinary Shares,,N,N,A
INDS,Pacer Industrial Real Estate ETF,,Y,N,P
INDZ,VanEck India Select ETF,,Y,N,P
INEQ,Columbia International Equity Income ETF,,Y,N,P
INFH,Defiance Daily Target 2X Long INFQ ETF,,Y,N,Z
INFL,Horizon Kinetics Inflation Beneficiaries ETF,,Y,N,P
INFO,Harbor PanAgora Dynamic Large Cap Core ETF,,Y,N,N
INFQ,"Infleqtion, Inc. Common Stock",,N,N,N
INFQ.W,"Infleqtion, Inc. Warrants, each whole warrant exercisable for one share of Common Stock at an exercise price of $11.50 per share",,N,N,N
INFU,"InfuSystems Holdings, Inc. Common Stock",,N,N,A
INFY,Infosys Limited American Depositary Shares,,N,N,N
ING,"ING Group, N.V. Common Stock",,N,N,N
INGM,Ingram Micro Holding Corporation Common Stock,,N,N,N
INGR,Ingredion Incorporated Common Stock,,N,N,N
INKM,State Street Income Allocation ETF,,Y,N,P
INLX,"Intellinetics, Inc. Common Stock",,N,N,A
INMU,iShares Intermediate Muni Income Active ETF,,Y,N,P
INN,"Summit Hotel Properties, Inc. Common Stock",,N,N,N
INN$E,"Summit Hotel Properties, Inc. 6.250% Series E Cumulative Redeemable Preferred Stock",,N,N,N
INN$F,"Summit Hotel Properties, Inc. 5.875% Series F Cumulative Redeemable Preferred Stock, $0.01 par value per share",,N,N,N
INOV,Innovator International Developed Power Buffer ETF  November,,Y,N,P
INQQ,INQQ The India Internet ETF,,Y,N,P
INR,"Infinity Natural Resources, Inc. Class A Common Stock",,N,N,N
INSP,"Inspire Medical Systems, Inc. Common Stock",,N,N,N
INSW,"International Seaways, Inc. Common Stock ",,N,N,N
INTF,iShares International Equity Factor ETF,,Y,N,P
INTL,Main International ETF,,Y,N,Z
INTM,Invesco Intermediate Municipal ETF,,Y,N,Z
INTT,inTest Corporation Common Stock,,N,N,A
INUV,"Inuvo, Inc.",,N,N,A
INVG,GMO Systematic Investment Grade Credit ETF,,Y,N,P
INVH,Invitation Homes Inc. Common Stock,,N,N,N
INVN,Alger Russell Innovation ETF,,Y,N,P
INVX,"Innovex International, Inc. Common Stock",,N,N,N
INYY,YieldMax INTC Option Income Strategy ETF,,Y,N,P
IOCT,Innovator International Developed Power Buffer ETF - October,,Y,N,P
ION,ProShares S&P Global Core Battery Metals ETF,,Y,N,P
IONQ,"IonQ, Inc. Common Stock",,N,N,N
IONQ.W,"IonQ, Inc. Redeemable warrants, each whole warrant exercisable for one share of Common Stock, each at an exercise price of $11.50 per share",,N,N,N
IOO,iShares Global 100 ETF,,Y,N,P
IOPP,Simplify Tara India Opportunities ETF,,Y,N,P
IOR,"Income Opportunity Realty Investors, Inc. Common Stock",,N,N,A
IOT,Samsara Inc. Class A Common Stock,,N,N,N
IP,International Paper Company Common Stock,,N,N,N
IPAC,iShares Core MSCI Pacific ETF,,Y,N,P
IPAV,Global X Infrastructure Development ex-U.S. ETF,,Y,N,Z
IPAY,Amplify Digital Payments ETF,,Y,N,P
IPB,"Merrill Lynch & Co., Inc. 6.0518% Index Plus Trust Certificates Series 2003-1",,Y,N,N
IPI,"Intrepid Potash, Inc Common Stock",,N,N,N
IPO,Renaissance IPO ETF,,Y,N,P
IPOS,Renaissance Capital Greenwich Fund,,Y,N,P
IQDF,FlexShares International Quality Dividend Index Fund,,Y,N,P
IQDG,WisdomTree International Quality Dividend Growth Fund,,Y,N,Z
IQDY,FlexShares International Quality Dividend Dynamic Index Fund,,Y,N,P
IQHI,NYLI MacKay High Income ETF,,Y,N,P
IQI,Invesco Quality Municipal Income Trust Common Stock,,N,N,N
IQLT,iShares MSCI Intl Quality Factor ETF,,Y,N,P
IQM,Franklin Intelligent Machines ETF,,Y,N,Z
IQMM,ProShares GENIUS Money Market ETF,,Y,N,P
IQRA,NYLI CBRE Real Assets ETF,,Y,N,P
IQSI,NYLI Candriam International Equity ETF,,Y,N,P
IQSM,NYLI Candriam U.S. Mid Cap Equity ETF,,Y,N,P
IQSU,NYLI Candriam U.S. Large Cap Equity ETF,,Y,N,P
IQSZ,Invesco Global Equity Net Zero ETF,,Y,N,P
IQV,"IQVIA Holdings, Inc. Common Stock",,N,N,N
IR,Ingersoll Rand Inc. Common Stock,,N,N,N
IRAB,Iris Acquisition Corp II Class A Ordinary Shares,,N,N,N
IRAB.U,"Iris Acquisition Corp II Units, each consisting of one Class A Ordinary Share and one-half of one redeemable Warrant",,N,N,N
IRAB.W,"Iris Acquisition Corp II Redeemable Warrants, each whole warrant exercisable for one Class A Ordinary Share at an exercise price of $11.50 per share",,N,N,N
IRE,Defiance Daily Target 2X Long IREN ETF,,Y,N,P
IREX,Tradr 2X Long IREN Daily ETF,,Y,N,Z
IREZ,Tradr 2X Short IREN Daily ETF,,Y,N,Z
IRM,Iron Mountain Incorporated (Delaware)Common Stock REIT,,N,N,N
IROC,Invesco Rochester High Yield Municipal ETF,,Y,N,Z
IRS,IRSA Inversiones Y Representaciones S.A. Global Depositary Shares (Each representing ten shares of Common Stock),,N,N,N
IRT,"Independence Realty Trust, Inc. Common Stock",,N,N,N
IRTR,iShares LifePath Retirement ETF,,Y,N,P
IRVH,Global X Interest Rate Volatility & Inflation Hedge ETF,,Y,N,P
ISBG,IncomeSTKd 1x Bitcoin & 1x Gold Premium ETF,,Y,N,Z
ISCB,iShares Morningstar Small-Cap ETF,,Y,N,P
ISCF,iShares International Small-Cap Equity Factor ETF,,Y,N,P
ISCG,iShares Morningstar Small-Cap Growth ETF,,Y,N,P
ISCV,iShares Morningstar Small-Cap Value ETF,,Y,N,P
ISD,"PGIM High Yield Bond Fund, Inc.",,N,N,N
ISEP,Innovator International Developed Power Buffer ETF  September,,Y,N,P
ISMD,Inspire Small/Mid Cap ETF,,Y,N,P
ISMF,iShares Managed Futures Active ETF,,Y,N,Z
ISOU,IsoEnergy Ltd. Common Shares,,N,N,A
ISPY,ProShares S&P 500 High Income ETF,,Y,N,Z
ISRA,VanEck Israel ETF,,Y,N,P
ISSB,IncomeSTKd 1x US Stocks & 1x Bitcoin Premium ETF,,Y,N,Z
ISVL,iShares International Developed Small Cap Value Factor ETF,,Y,N,Z
ISWN,Amplify BlackSwan ISWN ETF,,Y,N,P
IT,"Gartner, Inc. Common Stock",,N,N,N
ITA,iShares U.S. Aerospace & Defense ETF,,Y,N,Z
ITAN,Sparkline Intangible Value ETF,,Y,N,P
ITB,iShares U.S. Home Construction ETF,,Y,N,Z
ITDB,iShares LifePath Target Date 2030 ETF,,Y,N,P
ITDC,iShares LifePath Target Date 2035 ETF,,Y,N,P
ITDD,iShares LifePath Target Date 2040 ETF,,Y,N,P
ITDE,iShares LifePath Target Date 2045 ETF,,Y,N,P
ITDF,iShares LifePath Target Date 2050 ETF,,Y,N,P
ITDG,iShares LifePath Target Date 2055 ETF,,Y,N,P
ITDH,iShares LifePath Target Date 2060 ETF,,Y,N,P
ITDI,iShares LifePath Target Date 2065 ETF,,Y,N,P
ITDJ,iShares LifePath Target Date 2070 ETF,,Y,N,P
ITEQ,Amplify BlueStar Israel Technology ETF,,Y,N,P
ITGR,Integer Holdings Corporation Common Stock,,N,N,N
ITM,VanEck Intermediate Muni ETF,,Y,N,Z
ITOT,iShares Core S&P Total U.S. Stock Market ETF,,Y,N,P
ITP,"IT Tech Packaging, Inc. Common Stock",,N,N,A
ITRG,Integra Resources Corp. Common Shares,,N,N,A
ITT,ITT Inc. Common Stock ,,N,N,N
ITUB,Itau Unibanco Banco Holding SA American Depositary Shares (Each repstg 500 Preferred shares),,N,N,N
ITW,Illinois Tool Works Inc. Common Stock,,N,N,N
ITWO,ProShares Russell 2000 High Income ETF,,Y,N,Z
IVE,iShares S&P 500 Value ETF,,Y,N,P
IVEP,Dan IVES Wedbush AI Power & Infrastructure ETF,,Y,N,P
IVES,Dan IVES Wedbush AI Revolution ETF,,Y,N,P
IVLU,iShares MSCI Intl Value Factor ETF,,Y,N,P
IVOG,Vanguard S&P Mid-Cap 400 Growth ETF,,Y,N,P
IVOL,Quadratic Interest Rate Volatility and Inflation Hedge ETF,,Y,N,P
IVOO,Vanguard S&P Mid-Cap 400 ETF,,Y,N,P
IVOV,Vanguard S&P Mid-Cap 400 Value ETF,,Y,N,P
IVR,INVESCO MORTGAGE CAPITAL INC Common Stock,,N,N,N
IVR$C,"INVESCO MORTGAGE CAPITAL INC 7.5% Fixed-to-Floating Series C Cumulative Redeemable Preferred Stock, Liquation Preference $25.00 per Share",,N,N,N
IVRS,iShares Future Metaverse Tech and Communications ETF,,Y,N,P
IVT,InvenTrust Properties Corp. Common Stock,,N,N,N
IVV,iShares Core S&P 500 ETF,,Y,N,P
IVVB,iShares Large Cap Deep Quarterly Laddered ETF,,Y,N,Z
IVVM,iShares Large Cap Moderate Quarterly Laddered ETF,,Y,N,Z
IVVW,iShares S&P 500 BuyWrite ETF,,Y,N,Z
IVW,iShares S&P 500 Growth ETF,,Y,N,P
IVZ,Invesco Ltd Common Stock,,N,N,N
IWB,iShares Russell 1000 ETF,,Y,N,P
IWC,iShares Microcap ETF,,Y,N,P
IWD,iShares Russell 1000 Value ETF,,Y,N,P
IWDL,ETRACS 2x Leveraged US Value Factor TR ETN,,Y,N,P
IWF,iShares Russell 1000 Growth Fund,,Y,N,P
IWFG,NYLI Winslow Focused Large Cap Growth ETF,,Y,N,P
IWFL,ETRACS 2x Leveraged US Growth Factor TR ETN,,Y,N,P
IWL,iShares Russell Top 200 ETF,,Y,N,P
IWLG,NYLI Winslow Large Cap Growth ETF,,Y,N,P
IWM,iShares Russell 2000 Index Fund,,Y,N,P
IWMI,NEOS Russell 2000 High Income ETF,,Y,N,Z
IWML,ETRACS 2x Leveraged US Size Factor TR ETN,,Y,N,P
IWMW,iShares Russell 2000 BuyWrite ETF,,Y,N,Z
IWMY,Defiance R2000 Weekly Distribution ETF,,Y,N,P
IWN,iShares Russell 2000 Value ETF,,Y,N,P
IWO,iShares Russell 2000 Growth Fund,,Y,N,P
IWP,iShares Russell Midcap Growth ETF,,Y,N,P
IWR,iShares Russell Mid-Cap ETF,,Y,N,P
IWS,iShares Russell Mid-Cap Value ETF,,Y,N,P
IWV,iShares Russell 3000 Fund,,Y,N,P
IWX,iShares Russell Top 200 Value ETF,,Y,N,P
IWY,iShares Russell Top 200 Growth ETF,,Y,N,P
IX,ORIX Corporation American Depositary Shares,,N,N,N
IXC,iShares Global Energy ETF,,Y,N,P
IXG,iShares Global Financial ETF,,Y,N,P
IXJ,iShares Global Healthcare ETF,,Y,N,P
IXN,iShares Global Tech ETF,,Y,N,P
IXP,iShares Global Comm Services ETF,,Y,N,P
IYC,iShares U.S. Consumer Discretionary ETF,,Y,N,P
IYE,iShares U.S. Energy ETF,,Y,N,P
IYF,iShares U.S. Financial ETF,,Y,N,P
IYG,iShares U.S. Financial Services ETF,,Y,N,P
IYH,iShares U.S. Healthcare ETF,,Y,N,P
IYJ,iShares U.S. Industrials ETF,,Y,N,Z
IYK,iShares U.S. Consumer Staples ETF,,Y,N,P
IYLD,iShares Morningstar Multi-Asset Income ETF,,Y,N,Z
IYM,iShares U.S. Basic Materials ETF,,Y,N,P
IYR,iShares U.S. Real Estate ETF,,Y,N,P
IYRI,NEOS Real Estate High Income ETF,,Y,N,Z
IYT,iShares U.S. Transportation ETF,,Y,N,Z
IYW,iShares U.S. Technology ETF,,Y,N,P
IYY,iShares Dow Jones U.S. ETF,,Y,N,P
IYZ,iShares U.S. Telecommunications ETF,,Y,N,Z
IZRL,ARK Israel Innovative Technology ETF,,Y,N,Z
J,Jacobs Solutions Inc. Common Stock,,N,N,N
JA,Janus Henderson AA-A CLO ETF,,Y,N,P
JAAA,Janus Henderson AAA CLO ETF,,Y,N,P
JABS,Janus Henderson Asset-Backed Securities ETF,,Y,N,P
JACS,Jackson Acquisition Company II Class A Ordinary Shares,,N,N,N
JACS.R,"Jackson Acquisition Company II Rights, each right to acquire one-tenth (1/10) of one Class A ordinary share",,N,N,N
JACS.U,"Jackson Acquisition Company II Units, each consisting of one Class A ordinary share and one right to acquire one-tenth (1/10) of one Class A ordinary share",,N,N,N
JADB,Aptus January Deep Buffer ETF,,Y,N,Z
JADE,JPMorgan Active Developing Markets Equity ETF,,Y,N,P
JAGU,Jaguar Uranium Corp. Class A Common Shares,,N,N,A
JAJL,Innovator Equity Defined Protection ETF - 6mo Jan/Jul,,Y,N,Z
JAN,"Janus Living, Inc. Class A-1 Common Stock",,N,N,N
JANB,Aptus January Buffer ETF,,Y,N,Z
JANH,Innovator Premium Income 20 Barrier ETF - January,,Y,N,Z
JANI,AllianzIM International Equity Buffer15 Uncapped Jan ETF,,Y,N,Z
JANJ,Innovator Premium Income 30 Barrier ETF - January,,Y,N,Z
JANM,FT Vest U.S. Equity Max Buffer ETF - January,,Y,N,Z
JANP,PGIM S&P 500 Buffer 12 ETF - January,,Y,N,Z
JANT,AllianzIM U.S. Large Cap Buffer10 Jan ETF,,Y,N,Z
JANU,AllianzIM U.S. Equity Buffer15 Uncapped Jan ETF,,Y,N,Z
JANW,AllianzIM U.S. Large Cap Buffer20 Jan ETF,,Y,N,Z
JANZ,TrueShares Structured Outcome (January) ETF,,Y,N,Z
JAVA,JPMorgan Active Value ETF,,Y,N,P
JBBB,Janus Henderson B-BBB CLO ETF,,Y,N,Z
JBGS,JBG SMITH Properties Common Shares ,,N,N,N
JBI,"Janus International Group, Inc. Common Stock",,N,N,N
JBK,Lehman ABS 3.50 3.50% Adjustable Corp Backed Tr Certs GS Cap I,,N,N,N
JBL,Jabil Inc. Common Stock,,N,N,N
JBND,JPMorgan Active Bond ETF,,Y,N,N
JBS,JBS N.V. Class A Common Shares,,N,N,N
JBTM,JBT Marel Corporation Common Stock,,N,N,N
JCAL,JPMorgan California Tax Free Bond ETF,,Y,N,P
JCE,Nuveen Core Equity Alpha Fund Common Shares of Beneficial Interest,,N,N,N
JCHI,JPMorgan Active China ETF,,Y,N,P
JCI,Johnson Controls International plc Ordinary Share,,N,N,N
JCPB,JPMorgan Core Plus Bond ETF,,Y,N,P
JCPI,JPMorgan Inflation Managed Bond ETF,,Y,N,P
JDIV,JPMorgan Dividend Leaders ETF,,Y,N,P
JDST,Direxion Daily Junior Gold Miners Index Bear 2X ETF,,Y,N,P
JDVI,John Hancock Disciplined Value International Select ETF,,Y,N,P
JDVL,John Hancock Disciplined Value Select ETF,,Y,N,P
JEDI,Defiance Drone and Modern Warfare ETF,,Y,N,P
JEF,Jefferies Financial Group Inc. Common Stock,,N,N,N
JELD,"JELD-WEN Holding, Inc. Common Stock",,N,N,N
JELH,Janus Henderson Equity Linked High Income ETF,,Y,N,Z
JELM,Janus Henderson Equity Linked Moderate Income ETF,,Y,N,Z
JEMB,Janus Henderson Emerging Markets Debt Hard Currency ETF,,Y,N,P
JENA,Jena Acquisition Corporation II Class A Ordinary Shares,,N,N,N
JENA.R,"Jena Acquisition Corporation II Rights, each right to acquire one-twentieth (1/20) of one Class A ordinary share",,N,N,N
JENA.U,"Jena Acquisition Corporation II Units, each consisting of one Class A ordinary share and one right",,N,N,N
JEPI,JPMorgan Equity Premium Income ETF,,Y,N,P
JETD,MAX Airlines -3X Inverse Leveraged ETNs,,Y,N,P
JETS,U.S. Global Jets ETF,,Y,N,P
JETU,MAX Airlines 3X Leveraged ETNs,,Y,N,P
JFLI,JPMorgan Flexible Income ETF,,Y,N,P
JFLX,JPMorgan Flexible Debt ETF,,Y,N,P
JFR,Nuveen Floating Rate Income Fund Common Stock,,N,N,N
JGH,Nuveen Global High Income Fund Common Shares of Beneficial Interest,,N,N,N
JGRO,JPMorgan Active Growth ETF,,Y,N,P
JGRW,Jensen Quality Growth ETF,,Y,N,P
JHAC,John Hancock Fundamental All Cap Core ETF,,Y,N,P
JHCB,John Hancock Corporate Bond ETF,,Y,N,P
JHCP,John Hancock Core Plus Bond ETF,,Y,N,P
JHCR,John Hancock Core Bond ETF,,Y,N,P
JHDG,John Hancock Hedged Equity ETF,,Y,N,P
JHDV,John Hancock U.S. High Dividend ETF,,Y,N,P
JHEM,John Hancock Multifactor Emerging Markets ETF,,Y,N,P
JHG,Janus Henderson Group plc Ordinary Shares,,N,N,N
JHHY,John Hancock High Yield ETF,,Y,N,P
JHI,John Hancock Investors Trust Common Stock,,N,N,N
JHID,John Hancock International High Dividend ETF,,Y,N,P
JHLN,John Hancock Global Senior Loan ETF,,Y,N,P
JHMB,John Hancock Mortgage-Backed Securities ETF,,Y,N,P
JHMD,John Hancock Multifactor Developed International ETF,,Y,N,P
JHML,John Hancock Multifactor Large Cap ETF,,Y,N,P
JHMM,John Hancock Multifactor Mid Cap ETF,,Y,N,P
JHMU,John Hancock Dynamic Municipal Bond ETF,,Y,N,P
JHPI,John Hancock Preferred Income ETF,,Y,N,P
JHS,John Hancock Income Securities Trust Common Stock,,N,N,N
JHSC,John Hancock Multifactor Small Cap ETF,,Y,N,P
JHX,James Hardie Industries plc. Ordinary Shares,,N,N,N
JIDE,JPMorgan International Dynamic ETF,,Y,N,P
JIG,JPMorgan International Growth ETF,,Y,N,P
JIII,Janus Henderson Income ETF,,Y,N,P
JILL,"J. Jill, Inc. Common Stock",,N,N,N
JIRE,JPMorgan International Research Enhanced Equity ETF,,Y,N,P
JKS,JinkoSolar Holding Company Limited American Depositary Shares (each representing 4 Common Shares),,N,N,N
JLL,Jones Lang LaSalle Incorporated Common Stock,,N,N,N
JLQD,Janus Henderson Corporate Bond ETF,,Y,N,P
JLS,Nuveen Mortgage and Income Fund,,N,N,N
JMBS,Janus Henderson Mortgage-Backed Securities ETF,,Y,N,P
JMEE,JPMorgan Small & Mid Cap Enhanced Equity ETF,,Y,N,P
JMHI,JPMorgan High Yield Municipal ETF,,Y,N,P
JMIA,"Jumia Technologies AG American Depositary Shares, each representing two Ordinary Shares",,N,N,N
JMM,Nuveen Multi-Market Income Fund (MA),,N,N,N
JMMF,JPMorgan 100% U.S. Treasury Securities Money Market ETF,,Y,N,P
JMOM,JPMorgan U.S. Momentum Factor ETF,,Y,N,P
JMSI,JPMorgan Sustainable Municipal Income ETF,,Y,N,P
JMST,JPMorgan Ultra-Short Municipal Income ETF,,Y,N,P
JMTG,JPMorgan Mortgage-Backed Securities ETF,,Y,N,P
JMUB,JPMorgan Municipal ETF,,Y,N,P
JNEU,AllianzIM U.S. Equity Buffer15 Uncapped June ETF,,Y,N,Z
JNJ,Johnson & Johnson Common Stock,,N,N,N
JNK,State Street SPDR Bloomberg High Yield Bond ETF,,Y,N,P
JNUG,Direxion Daily Junior Gold Miners Index Bull 2X ETF,,Y,N,P
JOB,GEE Group Inc. Common Stock,,N,N,A
JOBX,Tradr 2X Long JOBY Daily ETF,,Y,N,Z
JOBY,"Joby Aviation, Inc. Common Stock",,N,N,N
JOBY.W,"Joby Aviation, Inc. Warrants",,N,N,N
JOE,St. Joe Company (The) Common Stock,,N,N,N
JOET,Virtus Terranova U.S. Quality Momentum ETF,,Y,N,P
JOF,Japan Smaller Capitalization Fund Inc Common Stock,,N,N,N
JOJO,ATAC Credit Rotation ETF,,Y,N,P
JOUL,Corgi High Voltage Grid Equipment ETF,,Y,N,Z
JPAN,Matthews Japan Active ETF,,Y,N,P
JPC,Nuveen Preferred & Income Opportunities Fund,,N,N,N
JPEM,JPMorgan Diversified Return Emerging Markets Equity ETF,,Y,N,P
JPHY,JPMorgan Active High Yield ETF,,Y,N,P
JPIB,JPMorgan International Bond Opportunities ETF,,Y,N,P
JPIE,JPMorgan Income ETF,,Y,N,P
JPIN,JPMorgan Diversified Return International Equity ETF,,Y,N,P
JPLD,JPMorgan Limited Duration Bond ETF,,Y,N,P
JPM,JP Morgan Chase & Co. Common Stock,,N,N,N
JPM$C,"J P Morgan Chase & Co Depositary Shares, each representing a 1/400th interest in a share of 6.00% Non-Cumulative  Preferred Stock, Series EE",,N,N,N
JPM$D,"J P Morgan Chase & Co Depositary Shares, each representing a 1/400th  interest in a share of 5.75% Non-Cumulative  Preferred Stock, Series DD",,N,N,N
JPM$J,"J P Morgan Chase & Co Depositary Shares, each representing a 1/400th interest in a share of JPMorgan Chase & Co. 4.75% Non-Cumulative Preferred Stock, Series GG",,N,N,N
JPM$K,"J P Morgan Chase & Co Depositary Shares, each representing a 1/400th interest in a share of 4.55% Non-Cumulative Preferred Stock, Series JJ",,N,N,N
JPM$L,"J P Morgan Chase & Co Depositary Shares, each representing a 1/400th interest in a share of 4.625% Non-Cumulative Preferred Stock, Series LL",,N,N,N
JPM$M,"J P Morgan Chase & Co Depositary Shares, each representing a 1/400th interest in a share of 4.20% Non-Cumulative Preferred Stock, Series MM",,N,N,N
JPMB,JPMorgan USD Emerging Markets Sovereign Bond ETF,,Y,N,P
JPME,JPMorgan Diversified Return U.S. Mid Cap Equity ETF,,Y,N,P
JPO,YieldMax JP Option Income Strategy ETF,,Y,N,P
JPRE,JPMorgan Realty Income ETF,,Y,N,P
JPSE,JPMorgan Diversified Return U.S. Small Cap Equity ETF,,Y,N,P
JPST,JPMorgan Ultra-Short Income ETF,,Y,N,P
JPSV,JPMorgan Active Small Cap Value ETF,,Y,N,P
JPUS,JPMorgan Diversified Return U.S. Equity ETF,,Y,N,P
JPXN,iShares JPX-Nikkei 400 ETF,,Y,N,P
JQC,Nuveen Credit Strategies Income Fund Shares of Beneficial Interest,,N,N,N
JQUA,JPMorgan U.S. Quality Factor ETF,,Y,N,P
JRE,Janus Henderson U.S. Real Estate ETF,,Y,N,P
JRI,Nuveen Real Asset Income and Growth Fund Common Shares of Beneficial Interest,,N,N,N
JRS,Nuveen Real Estate Income Fund Common Shares of Beneficial Interest,,N,N,N
JSCP,JPMorgan Short Duration Core Plus ETF,,Y,N,P
JSI,Janus Henderson Securitized Income ETF,,Y,N,P
JSTC,Adasina Social Justice All Cap Global ETF,,Y,N,P
JTNY,JPMorgan New York Tax Free Bond ETF,,Y,N,P
JUCY,Aptus Enhanced Yield ETF,,Y,N,Z
JUDB,Aptus July Deep Buffer ETF,,Y,N,Z
JUDO,Janus Henderson U.S. Equity Enhanced Income ETF,,Y,N,Z
JULB,Aptus July Buffer ETF,,Y,N,Z
JULH,Innovator Premium Income 20 Barrier ETF - July,,Y,N,Z
JULJ,Innovator Premium Income 30 Barrier ETF - July,,Y,N,Z
JULM,FT Vest U.S. Equity Max Buffer ETF - July,,Y,N,Z
JULP,PGIM S&P 500 Buffer 12 ETF - July,,Y,N,Z
JULT,AllianzIM U.S. Large Cap Buffer10 Jul ETF,,Y,N,Z
JULU,AllianzIM U.S. Equity Buffer15 Uncapped Jul ETF,,Y,N,Z
JULW,AllianzIM U.S. Large Cap Buffer20 Jul ETF,,Y,N,Z
JULZ,TrueShares Structured Outcome (July) ETF,,Y,N,Z
JUNC,Corgi U.S. Equities 10% Structured Buffer ETF - June Series,,Y,N,Z
JUNM,FT Vest U.S. Equity Max Buffer ETF - June,,Y,N,Z
JUNP,PGIM S&P 500 Buffer 12 ETF - June,,Y,N,Z
JUNT,AllianzIM U.S. Large Cap Buffer10 Jun ETF,,Y,N,Z
JUNW,AllianzIM U.S. Large Cap Buffer20 Jun ETF,,Y,N,Z
JUNZ,TrueShares Structured Outcome (June) ETF,,Y,N,Z
JUSA,JPMorgan U.S. Research Enhanced Large Cap ETF,,Y,N,P
JUST,Goldman Sachs JUST U.S. Large Cap Equity ETF,,Y,N,P
JVAL,JPMorgan U.S. Value Factor ETF,,Y,N,P
JXI,iShares Global Utilities ETF,,Y,N,P
JXN,Jackson Financial Inc. Class A Common Stock ,,N,N,N
JXN$A,"Jackson Financial Inc. Depositary Shares, each representing a 1/1,000th interest in a share of Fixed-Rate Reset Noncumulative Perpetual Preferred Stock, Series A",,N,N,N
JXX,Janus Henderson Transformational Growth ETF,,Y,N,Z
KAI,Kadant Inc Common Stock,,N,N,N
KAMO,Kensington Credit Opportunities ETF,,Y,N,Z
KAPA,"Kairos Pharma, Ltd. Common Stock",,N,N,A
KAPR,Innovator U.S. Small Cap Power Buffer ETF - April,,Y,N,Z
KARS,KraneShares Electric Vehicles and Future Mobility Index ETF,,Y,N,P
KAUG,Innovator US Small Cap Power Buffer ETF - August,,Y,N,Z
KB,KB Financial Group Inc,,N,N,N
KBA,KraneShares Bosera MSCI China A 50 Connect Index ETF,,Y,N,P
KBDC,"Kayne Anderson BDC, Inc. Common Stock",,N,N,N
KBE,State Street SPDR S&P Bank ETF,,Y,N,P
KBFR,Innovator U.S. Small Cap Managed 10 Buffer ETF,,Y,N,P
KBH,KB Home Common Stock,,N,N,N
KBR,"KBR, Inc. Common Stock",,N,N,N
KBUF,KraneShares 90% KWEB Defined Outcome January 2027 ETF,,Y,N,P
KCA.U,"Kensington Capital Acquisition Corp. VI New Units, each consisting of one Class A Ordinary Share and three-quarters of one Class 2 Redeemable Warrant",,N,N,N
KCAC.U,"Kensington Capital Acquisition Corp. VI Units, each consisting of one Class A ordinary share, one-quarter of one Class 1 redeemable warrant and three-quarters of one Class 2 redeemable warrant",,N,N,N
KCAC.W,"Kensington Capital Acquisition Corp. VI Class 1 redeemable warrants, each exercisable for one Class A ordinary share at an exercise price of $11.50",,N,N,N
KCAI,KraneShares China Alpha Index ETF,,Y,N,P
KCCA,KraneShares California Carbon Allowance Strategy ETF,,Y,N,P
KCE,State Street SPDR S&P Capital Markets ETF,,Y,N,P
KCOP,Kurv Copper & Mining Enhanced Income ETF,,Y,N,Z
KCSH,KraneShares Sustainable Ultra Short Duration Index ETF,,Y,N,P
KD,"Kyndryl Holdings, Inc. Common Stock",,N,N,N
KDEC,Innovator U.S. Small Cap Power Buffer ETF - December,,Y,N,Z
KDEF,PLUS Korea Defense Industry Index ETF,,Y,N,P
KDRN,Kingsbarn Tactical Bond ETF,,Y,N,P
KDVD,Keeley Dividend ETF,,Y,N,P
KEEX,Defiance Daily Target 2x Long KEEL ETF,,Y,N,Z
KEMQ,KraneShares Emerging Markets Consumer Technology Index ETF,,Y,N,P
KEMX,KraneShares MSCI Emerging Markets ex China Index ETF,,Y,N,P
KEN,Kenon Holdings Ltd. Ordinary Shares,,N,N,N
KEP,Korea Electric Power Corporation Common Stock,,N,N,N
KEX,Kirby Corporation Common Stock,,N,N,N
KEY,KeyCorp Common Stock,,N,N,N
KEY$I,"KeyCorp Depositary Shares Each Representing a 1/40th Ownership Interest in a Share of Fixed-to-Floating Rate Perpetual Non-Cumulative Preferred Stock, Series E",,N,N,N
KEY$J,"KeyCorp Depositary Shares each representing a 1/40th ownership interest in a share of Fixed Rate Perpetual Non-Cumulative Preferred Stock, Series F",,N,N,N
KEY$K,"KeyCorp Depositary Shares, each representing a 1/40th ownership interest in a share of Fixed Rate Perpetual Non-Cumulative Preferred Stock, Series G",,N,N,N
KEY$L,"KeyCorp Depositary Shares each representing a 1/40th ownership interest in a share of Fixed Rate Perpetual Non-Cumulative Preferred Stock, Series H",,N,N,N
KEYG,Leverage Shares 2X Long KEYS Daily ETF,,Y,N,Z
KEYS,Keysight Technologies Inc. Common Stock,,N,N,N
KEYX,Corgi KEYS 2x Daily ETF,,Y,N,Z
KF,"Korea Fund, Inc. (The) New Common Stock",,N,N,N
KFEB,Innovator U.S. Small Cap Power Buffer ETF - February,,Y,N,Z
KFRC,"Kforce, Inc. Common Stock",,N,N,N
KFY,Korn Ferry Common Stock,,N,N,N
KGC,Kinross Gold Corporation Common Stock,,N,N,N
KGLD,Kurv Gold Enhanced Income ETF,,Y,N,Z
KGRN,KraneShares MSCI China Clean Technology Index ETF,,Y,N,P
KGS,"Kodiak Gas Services, Inc. Common Stock",,N,N,N
KHPI,Kensington Hedged Premium Income ETF,,Y,N,Z
KHYB,KraneShares Asia Pacific High Income USD Bond ETF,,Y,N,P
KIE,State Street SPDR S&P Insurance ETF,,Y,N,P
KIM,Kimco Realty Corporation (HC) Common Stock,,N,N,N
KIM$L,"Kimco Realty Corporation Class L Depositary Shares, each of which represents a one-one thousandth fractional interest in a share of 5.125% Class L Cumulative Redeemable Preferred Stock, liquidation preference $25,000.00 per share",,N,N,N
KIM$M,"Kimco Realty Corporation Class M Depositary Shares, each of which represents a one-one thousandth fractional interest in a share of 5.25% Class M Cumulative Redeemable Preferred Stock, liquidation preference $25,000.00 per share",,N,N,N
KIM$N,"Kimco Realty Corporation Depositary Shares, each representing 1/1,000th interest in a share of 7.25% Class N Cumulative Convertible Perpetual Preferred Stock",,N,N,N
KIO,KKR Income Opportunities Fund Common Shares,,N,N,N
KJAN,Innovator U.S. Small Cap Power Buffer ETF - January,,Y,N,Z
KJUL,Innovator U.S. Small Cap Power Buffer ETF - July,,Y,N,Z
KJUN,Innovator U.S. Small Cap Power Buffer ETF - June,,Y,N,Z
KKR,KKR & Co. Inc. Common Stock,,N,N,N
KKR$D,KKR & Co. Inc. 6.25% Series D Mandatory Convertible Preferred Stock,,N,N,N
KKRS,KKR Group Finance Co. IX LLC 4.625% Subordinated Notes due 2061,,N,N,N
KKRT,KKR & Co. Inc. 6.875% Subordinated Notes due 2065,,N,N,N
KLAR,Klarna Group plc Ordinary Shares,,N,N,N
KLC,"KinderCare Learning Companies, Inc. Common Stock",,N,N,N
KLIP,KraneShares KWEB Covered Call Strategy ETF,,Y,N,P
KLMN,Invesco MSCI North America Climate ETF,,Y,N,P
KLMT,Invesco MSCI Global Climate 500 ETF,,Y,N,P
KMAR,Innovator U.S. Small Cap Power Buffer ETF - March,,Y,N,Z
KMAY,Innovator U.S. Small Cap Power Buffer ETF - May,,Y,N,Z
KMCA,PLUS Korea Manufacturing Core Alliance Index ETF,,Y,N,P
KMI,"Kinder Morgan, Inc. Common Stock",,N,N,N
KMID,Virtus KAR Mid-Cap ETF,,Y,N,P
KMLM,KraneShares Mount Lucas Managed Futures Index Strategy ETF,,Y,N,P
KMPB,Kemper Corporation 5.875% Fixed-Rate Reset Junior Subordinated Debentures due 2062,,N,N,N
KMPR,Kemper Corporation,,N,N,N
KMT,Kennametal Inc. Common Stock,,N,N,N
KMX,CarMax Inc,,N,N,N
KN,Knowles Corporation Common Stock,,N,N,N
KNCT,Invesco Next Gen Connectivity ETF,,Y,N,P
KNF,Knife Riv Holding Co. Common Stock,,N,N,N
KNG,FT Vest S&P 500 Dividend Aristocrats Target Income ETF,,Y,N,Z
KNO,AXS Knowledge Leaders ETF,,Y,N,P
KNOP,KNOT Offshore Partners LP Common Units representing Limited Partner Interests,,N,N,N
KNOV,Innovator U.S. Small Cap Power Buffer ETF - November,,Y,N,Z
KNOW,Fundamentals First ETF,,Y,N,Z
KNRG,Simplify Kayne Anderson Energy and Infrastructure Credit ETF,,Y,N,P
KNRX,KNOREX LTD. Class A Ordinary Shares,,N,N,A
KNSL,"Kinsale Capital Group, Inc. Common Stock",,N,N,N
KNTK,Kinetik Holdings Inc. Class A Common Stock,,N,N,N
KNX,Knight-Swift Transportation Holdings Inc.,,N,N,N
KO,Coca-Cola Company (The) Common Stock,,N,N,N
KOCT,Innovator U.S. Small Cap Power Buffer ETF - October,,Y,N,Z
KODK,Eastman Kodak Company Common New,,N,N,N
KOF,"Coca Cola Femsa S.A.B. de C.V.  American Depositary Shares, each representing 10 Units (each Unit consists of 3 Series B Shares and 5 Series L Shares)",,N,N,N
KOKU,Xtrackers MSCI Kokusai Equity ETF,,Y,N,P
KOLD,ProShares UltraShort Bloomberg Natural Gas,,Y,N,P
KOMP,State Street SPDR S&P Kensho New Economies Composite ETF,,Y,N,P
KONG,Formidable Fortress ETF,,Y,N,Z
KOOL,North Shore Equity Rotation ETF,,Y,N,P
KOP,Koppers Holdings Inc. Common Stock,,N,N,N
KORE,"KORE Group Holdings, Inc. Common Stock",,N,N,N
KORP,American Century Diversified Corporate Bond ETF,,Y,N,P
KORU,Direxion Daily South Korea Bull 3X ETF,,Y,N,P
KOS,Kosmos Energy Ltd. Common Shares (DE),,N,N,N
KPET,KPET Ultra Paceline Corporation Class A Ordinary Shares,,N,N,N
KPET.U,"KPET Ultra Paceline Corporation Units, each consisting of one Class A Ordinary Share and one-sixth of one Warrant",,N,N,N
KPET.W,"KPET Ultra Paceline Corporation Warrants, each whole warrant exercisable for one Class A ordinary share at an exercise price of $11.50 per share",,N,N,N
KPHO,KraneShares Dragon Capital Growth of Vietnam Index ETF,,Y,N,P
KPRO,KraneShares 100% KWEB Defined Outcome January 2027 ETF,,Y,N,P
KR,Kroger Company (The) Common Stock,,N,N,N
KRBN,KraneShares Global Carbon Strategy ETF,,Y,N,P
KRC,Kilroy Realty Corporation Common Stock,,N,N,N
KRE,State Street SPDR S&P Regional Banking ETF,,Y,N,P
KREF,KKR Real Estate Finance Trust Inc. Common Stock,,N,N,N
KREF$A,KKR Real Estate Finance Trust Inc. 6.50% Series A Cumulative Redeemable Preferred Stock,,N,N,N
KRG,Kite Realty Group Trust Common Stock,,N,N,N
KRMN,Karman Holdings Inc. Common Stock,,N,N,N
KRO,Kronos Worldwide Inc Common Stock,,N,N,N
KRP,Kimbell Royalty Partners Common Units Representing Limited Partner Interests,,N,N,N
KRSP,Rice Acquisition Corporation 3 Class A Ordinary Shares,,N,N,N
KRSP.U,"Rice Acquisition Corporation 3 Units, each consisting of one Class A ordinary share, and one-sixth of one redeemable warrant",,N,N,N
KRSP.W,"Rice Acquisition Corporation 3 Redeemable warrants, each whole warrant exercisable for one Class A ordinary share at an exercise price of $11.50",,N,N,N
KRWX,Corgi South Korea 2x Daily ETF,,Y,N,Z
KRYP,ProShares CoinDesk 20 Crypto ETF,,Y,N,P
KSA,iShares MSCI Saudi Arabia ETF,,Y,N,P
KSEP,Innovator U.S. Small Cap Power Buffer ETF - September,,Y,N,Z
KSLV,Kurv Silver Enhanced Income ETF,,Y,N,Z
KSPY,KraneShares Hedgeye Hedged Equity Index ETF,,Y,N,P
KSS,Kohl's Corporation Common Stock,,N,N,N
KSTR,KraneShares SSE STAR Market 50 Index ETF,,Y,N,P
KT,KT Corporation Common Stock,,N,N,N
KTB,"Kontoor Brands, Inc. Common Stock ",,N,N,N
KTEC,KraneShares Hang Seng TECH Index ETF,,Y,N,P
KTF,DWS Municipal Income Trust,,N,N,N
KTH,Structures Products Cp 8% CorTS Issued by Peco Energy Cap Tr II Preferred Stock,,N,N,N
KTN,Structured Products Corp 8.205% CorTS 8.205% Corporate Backed Trust Securities (CorTS),,N,N,N
KTUP,T-REX 2X Long KTOS Daily Target ETF,,Y,N,Z
KULR,"KULR Technology Group, Inc. Common Stock",,N,N,A
KURE,KraneShares MSCI All China Health Care Index ETF,,Y,N,P
KVLE,KraneShares Value Line Dynamic Dividend Equity Index ETF,,Y,N,P
KVUE,Kenvue Inc. Common Stock,,N,N,N
KVYO,"Klaviyo, Inc. Series A Common Stock",,N,N,N
KWEB,KraneShares CSI China Internet ETF,,Y,N,P
KWIN,KraneShares Wahed Alternative Income Index ETF,,Y,N,P
KWR,Quaker Houghton Common Stock,,N,N,N
KWT,iShares MSCI Kuwait ETF,,Y,N,Z
KWY,Kingsway Corporation Common Stock,,N,N,N
KXI,iShares Global Consumer Staples ETF,,Y,N,P
KYC,Corgi Digital Banking & Fintech Infrastructure ETF,,Y,N,Z
KYLD,Kurv High Income ETF,,Y,N,Z
KYN,"Kayne Anderson Energy Infrastructure Fund, Inc.",,N,N,N
L,Loews Corporation Common Stock,,N,N,N
LABD,Direxion Daily S&P Biotech Bear 3X ETF,,Y,N,P
LABU,Direxion Daily S&P Biotech Bull 3X ETF,,Y,N,P
LABX,Tradr 2X Long ALAB Daily ETF,,Y,N,Z
LAC,Lithium Americas Corp. Common Shares,,N,N,N
LAD,"Lithia Motors, Inc. Common Stock",,N,N,N
LADM,Pacer Swan SOS Laddered Moderate ETF,,Y,N,Z
LADR,Ladder Capital Corp Class A Common Stock,,N,N,N
LALT,First Trust Multi-Strategy Alternative ETF,,Y,N,P
LANV,Lanvin Group Holdings Limited Ordinary Shares,,N,N,N
LAPR,Innovator Premium Income 15 Buffer ETF - April,,Y,N,Z
LAR,Lithium Argentina AG Common Shares,,N,N,N
LASC,Corgi LASR 2x Daily ETF,,Y,N,Z
LATR,Corgi Buy Now Pay Later ETF,,Y,N,Z
LAW,"CS Disco, Inc. Common Stock",,N,N,N
LAZ,"Lazard, Inc. Common Stock",,N,N,N
LB,LandBridge Company LLC Class A Shares Representing Limited Liability Company Interests,,N,N,N
LBAY,Leatherback Long/Short Alternative Yield ETF,,Y,N,P
LBO,WHITEWOLF Publicly Listed Private Equity ETF,,Y,N,Z
LBRT,Liberty Energy Inc. Class A common stock,,N,N,N
LCAP,Principal Capital Appreciation Select ETF,,Y,N,Z
LCF,Touchstone US Large Cap Focused ETF,,Y,N,Z
LCII,LCI Industries,,N,N,N
LCLG,Logan Capital Broad Innovative Growth ETF,,Y,N,P
LCLN,"Lincoln International, Inc. Class A Common Stock",,N,N,N
LCO,LOGIQ Contrarian Opportunities ETF,,Y,N,P
LCOW,Pacer S&P 500 Quality FCF Aristocrats ETF,,Y,N,Z
LCR,Leuthold Core ETF,,Y,N,P
LCTD,iShares World ex U.S. Carbon Transition Readiness Aware Active ETF,,Y,N,P
LCTU,iShares U.S. Carbon Transition Readiness Aware Active ETF,,Y,N,P
LCTX,"Lineage Cell Therapeutics, Inc. Common Stock",,N,N,A
LDDR,LifeX 2035 Income Bucket ETF,,Y,N,Z
LDI,"loanDepot, Inc. Class A Common Stock",,N,N,N
LDOS,"Leidos Holdings, Inc. Common Stock",,N,N,N
LDP,"Cohen & Steers Limited Duration Preferred and Income Fund, Inc.",,N,N,N
LDRC,iShares iBonds 1-5 Year Corporate Ladder ETF,,Y,N,P
LDRH,iShares iBonds 1-5 Year High Yield and Income Ladder ETF,,Y,N,P
LDRI,iShares iBonds 1-5 Year TIPS Ladder ETF,,Y,N,P
LDRT,iShares iBonds 1-5 Year Treasury Ladder ETF,,Y,N,P
LDUR,PIMCO Enhanced Low Duration Active Exchange-Traded Fund,,Y,N,P
LEA,Lear Corporation Common Stock,,N,N,N
LEAD,Siren DIVCON Leaders Dividend ETF,,Y,N,Z
LEG,"Leggett & Platt, Incorporated Common Stock",,N,N,N
LEGO,Legato Merger Corp. IV Ordinary Shares,,N,N,A
LEGO.U,"Legato Merger Corp. IV Units, each consisting of one ordinary share and one-third of one redeemable warrant",,N,N,A
LEGO.W,"Legato Merger Corp. IV Redeemable Warrants, each whole warrant exercisable to purchase one ordinary share at an exercise price of $11.50 per share",,N,N,A
LEMB,iShares J.P. Morgan EM Local Currency Bond,,Y,N,P
LEN,Lennar Corporation Class A Common Stock,,N,N,N
LEN.B,Lennar Corporation Class B,,N,N,N
LENS,Sarmaya Thematic ETF,,Y,N,Z
LEO,"BNY Mellon Strategic Municipals, Inc. Common Stock",,N,N,N
LEU,Centrus Energy Corp. Class A Common Stock,,N,N,N
LEUX,Tradr 2X Long LEU Daily ETF,,Y,N,Z
LEVI,Levi Strauss & Co Class A Common Stock,,N,N,N
LFAI,LifeX 2050 Longevity Income ETF,,Y,N,Z
LFAO,LifeX 2055 Longevity Income ETF,,Y,N,Z
LFAW,LifeX 2060 Longevity Income ETF,,Y,N,Z
LFBE,LifeX 2065 Longevity Income ETF,,Y,N,Z
LFDR,LifeX Durable Income ETF,,Y,N,Z
LFEQ,VanEck Long/Flat Trend ETF,,Y,N,P
LFGY,YieldMax Crypto Industry & Tech Portfolio Option Income ETF,,Y,N,P
LFT,"Lument Finance Trust, Inc. Common Stock",,N,N,N
LFT$A,"Lument Finance Trust, Inc. 7.875% Series A Cumulative Redeemable Preferred Stock",,N,N,N
LGCY,Legacy Education Inc. Common Stock,,N,N,A
LGDX,Intech S&P Large Cap Diversified Alpha ETF,,Y,N,P
LGH,HCM Defender 500 Index ETF,,Y,N,P
LGHT,Langar Global HealthTech ETF,,Y,N,P
LGI,Lazard Global Total Return and Income Fund Common Stock,,N,N,N
LGL,"LGL Group, Inc. (The) Common Stock",,N,N,A
LGLV,State Street SPDR US Large Cap Low Volatility Index ETF,,Y,N,P
LGOV,First Trust Long Duration Opportunities ETF,,Y,N,P
LGPS,LogProstyle Inc. Common Shares,,N,N,A
LH,Labcorp Holdings Inc. Common Stock,,N,N,N
LHX,"L3Harris Technologies, Inc. Common Stock",,N,N,N
LIAE,LifeX 2050 Inflation-Protected Longevity Income ETF,,Y,N,Z
LIAM,LifeX 2055 Inflation-Protected Longevity Income ETF,,Y,N,Z
LIAU,LifeX 2060 Inflation-Protected Longevity Income ETF,,Y,N,Z
LIBD,LifeX 2065 Inflation-Protected Longevity Income ETF,,Y,N,Z
LIFT,LifeX 2028 Income Bucket ETF,,Y,N,Z
LII,"Lennox International, Inc. Common Stock",,N,N,N
LIMI,Themes Lithium & Battery Metal Miners ETF,,Y,N,Z
LION,Lionsgate Studios Corp Common Shares,,N,N,N
LIT,Global X Lithium & Battery Tech ETF,,Y,N,P
LITB,"LightInTheBox Holding Co., Ltd. American Depositary Shares, each representing twelve ordinary shares",,N,N,N
LITL,Simplify Piper Sandler US Small-Cap PLUS Income ETF,,Y,N,P
LITU,T-REX 2X Long LITE Daily Target ETF,,Y,N,Z
LITX,Tradr 2X Long LITE Daily ETF,,Y,N,Z
LITZ,Tradr 2X Short LITE Daily ETF,,Y,N,Z
LJAN,Innovator Premium Income 15 Buffer ETF - January,,Y,N,Z
LJUL,Innovator Premium Income 15 Buffer ETF - July,,Y,N,Z
LKOR,FlexShares Credit-Scored US Long Corporate Bond Index Fund,,Y,N,Z
LLDR,Global X Long-Term Treasury Ladder ETF,,Y,N,P
LLY,Eli Lilly and Company Common Stock,,N,N,N
LLYX,Defiance Daily Target 2X Long LLY ETF,,Y,N,P
LMND,"Lemonade, Inc. Common Stock",,N,N,N
LMT,Lockheed Martin Corporation Common Stock,,N,N,N
LMUB,iShares Long-Term National Muni Bond ETF,,Y,N,P
LNC,Lincoln National Corporation Common Stock,,N,N,N
LNC$D,"Lincoln National Corporation Depositary Shares Each Representing a 1/1,000th Interest in a Share of 9.000% Non-Cumulative Preferred Stock, Series D",,N,N,N
LND,Brasilagro Brazilian Agric Real Estate Co Sponsored ADR (Brazil),,N,N,N
LNG,"Cheniere Energy, Inc. Common Stock",,N,N,N
LNGX,Global X U.S. Natural Gas ETF,,Y,N,P
LNN,Lindsay Corporation Common Stock,,N,N,N
LNOK,Defiance Daily Target 2X Long NOK ETF,,Y,N,Z
LOAR,Loar Holdings Inc. Common Stock,,N,N,N
LOB,"Live Oak Bancshares, Inc. Common Stock",,N,N,N
LOB$A,"Live Oak Bancshares, Inc. Depositary Shares, Each Representing a 1/40th Interest in a Share of 8.375% Fixed Rate Series A Non-Cumulative Perpetual Preferred Stock",,N,N,N
LOCL,Local Bounti Corporation Common Stock,,N,N,N
LOCT,Innovator Premium Income 15 Buffer ETF - October,,Y,N,Z
LODE,Comstock Inc. Common Stock,,N,N,A
LODI,AAM SLC Low Duration Income ETF,,Y,N,P
LOFF,Direxion Daily SpaceX Bull 2X ETF,,Y,N,P
LOHA,Roundhill HALO ETF,,Y,N,Z
LOMA,Loma Negra Compania Industrial Argentina Sociedad Anonima ADS,,N,N,N
LONZ,PIMCO Senior Loan Active Exchange-Traded Fund,,Y,N,P
LOPP,Gabelli Love Our Planet & People ETF Gabelli Love Our Planet & People ETF,,Y,N,P
LOUP,Innovator Deepwater Frontier Tech ETF,,Y,N,P
LOW,"Lowe's Companies, Inc. Common Stock",,N,N,N
LOWV,AB US Low Volatility Equity ETF,,Y,N,P
LPA,Logistic Properties of the Americas Ordinary Shares,,N,N,A
LPG,Dorian LPG Ltd. Common Stock,,N,N,N
LPL,"LG Display Co, Ltd AMERICAN DEPOSITORY SHARES",,N,N,N
LPRE,Long Pond Real Estate Select ETF,,Y,N,P
LPX,Louisiana-Pacific Corporation Common Stock,,N,N,N
LQAI,LG QRAFT AI-Powered U.S. Large Cap Core ETF,,Y,N,P
LQD,iShares iBoxx $ Investment Grade Corporate Bond ETF,,Y,N,P
LQDB,iShares BBB Rated Corporate Bond ETF,,Y,N,P
LQDH,iShares Interest Rate Hedged Corporate Bond ETF,,Y,N,P
LQDI,iShares Inflation Hedged Corporate Bond ETF,,Y,N,Z
LQDM,Amplify LQD Investment Grade 12% Target Income ETF,,Y,N,Z
LQDW,iShares Investment Grade Corporate Bond BuyWrite Strategy ETF,,Y,N,Z
LQID,Kurv Enhanced Short Maturity ETF,,Y,N,Z
LQTI,FT Vest Investment Grade & Target Income ETF,,Y,N,P
LRCU,Tradr 2X Long LRCX Daily ETF,,Y,N,Z
LRGC,AB US Large Cap Strategic Equities ETF,,Y,N,P
LRGF,iShares U.S. Equity Factor ETF,,Y,N,P
LRGG,Nomura Focused Large Growth ETF,,Y,N,P
LRN,"Stride, Inc. Common Stock",,N,N,N
LRNX,Corgi LRN 2x Daily ETF,,Y,N,Z
LRNZ,"TrueShares Technology, AI & Deep Learning ETF",,Y,N,P
LSAF,LeaderShares AlphaFactor US Core Equity ETF,,Y,N,P
LSAT,LeaderShares AlphaFactor Tactical Focused ETF,,Y,N,P
LSCP,Natixis Loomis Sayles Dynamic Core Plus ETF,,Y,N,P
LSEQ,Harbor Long-Short Equity ETF,,Y,N,P
LSF,"Laird Superfood, Inc. Common Stock",,N,N,A
LSGR,Natixis Loomis Sayles Focused Growth ETF,,Y,N,P
LSPD,Lightspeed Commerce Inc. Subordinate Voting Shares,,N,N,N
LST,Leuthold Select Industries ETF,,Y,N,P
LSTB,Natixis Loomis Sayles Total Return Bond ETF,,Y,N,P
LSVD,LSV Disciplined Value ETF,,Y,N,P
LTAX,Nomura Tax-Free USA ETF,,Y,N,P
LTC,"LTC Properties, Inc. Common Stock",,N,N,N
LTH,"Life Time Group Holdings, Inc. Common Stock",,N,N,N
LTL,ProShares Ultra Communication Services,,Y,N,P
LTM,"LATAM Airlines Group S.A. American Depositary Shares (each representing two thousand (2,000) shares of Common Stock)",,N,N,N
LTPZ,Pimco 15  Year U.S. TIPS Index Exchange-Traded Fund,,Y,N,P
LTTI,FT Vest 20+ Year Treasury & Target Income ETF,,Y,N,P
LU,"Lufax Holding Ltd American Depositary Shares, each representing two (2) Ordinary Shares",,N,N,N
LUCK,Lucky Strike Entertainment Corporation Class A Common Stock,,N,N,N
LUD,Luda Technology Group Limited Ordinary Shares,,N,N,A
LUMN,"Lumen Technologies, Inc. Common Stock",,N,N,N
LUNL,Defiance Daily Target 2X Long LUNR ETF,,Y,N,Z
LUV,Southwest Airlines Company Common Stock,,N,N,N
LUXE,"LuxExperience B.V. American Depositary Shares, each representing one Ordinary Share",,N,N,N
LVHI,Franklin International Low Volatility High Dividend Index ETF,,Y,N,Z
LVLN,State Street SPDR S&P Leveraged Loan ETF,,Y,N,P
LVS,Las Vegas Sands Corp. Common Stock,,N,N,N
LVWR,"LiveWire Group, Inc. Common Stock",,N,N,N
LVWR.W,"LiveWire Group, Inc. Warrants, each exercisable for one share of Common Stock at an exercise price of $11.50 per share",,N,N,N
LW,"Lamb Weston Holdings, Inc. Common Stock ",,N,N,N
LXFR,Luxfer Holdings PLC Ordinary Shares,,N,N,N
LXP,LXP Industrial Trust Common Stock (Maryland REIT),,N,N,N
LXP$C,LXP Industrial Trust 6.5% Series C Cumulative Convertible Preferred Stock,,N,N,N
LXU,"LSB Industries, Inc. Common Stock",,N,N,N
LYB,LyondellBasell Industries NV Ordinary Shares Class A (Netherlands),,N,N,N
LYG,Lloyds Banking Group Plc American Depositary Shares,,N,N,N
LYLD,Cambria Large Cap Shareholder Yield ETF,,Y,N,Z
LYV,"Live Nation Entertainment, Inc. Common Stock",,N,N,N
LZB,La-Z-Boy Incorporated Common Stock,,N,N,N
LZM,Lifezone Metals Limited Ordinary Shares,,N,N,N
LZM.W,Lifezone Metals Limited Warrants,,N,N,N
M,Macy's Inc Common Stock,,N,N,N
MA,Mastercard Incorporated Common Stock,,N,N,N
MAA,"Mid-America Apartment Communities, Inc. Common Stock",,N,N,N
MAA$I,"Mid-America Apartment Communities, Inc. 8.50% Series I Cumulative Redeemable Preferred Stock",,N,N,N
MAC,Macerich Company (The) Common Stock,,N,N,N
MADE,iShares U.S. Manufacturing ETF,,Y,N,P
MAGA,Point Bridge America First ETF,,Y,N,Z
MAGC,Roundhill China Magnificent Seven ETF,,Y,N,Z
MAGG,Madison Aggregate Bond ETF,,Y,N,P
MAGN,Magnera Corporation Common Stock,,N,N,N
MAGO,Tuttle Capital Magnificent 7 Income Blast ETF,,Y,N,Z
MAGS,Roundhill Magnificent Seven ETF,,Y,N,Z
MAGX,Roundhill Daily 2X Long Magnificent Seven ETF,,Y,N,Z
MAGY,Roundhill Magnificent Seven Covered Call ETF,,Y,N,Z
MAIA,"MAIA Biotechnology, Inc. Common Stock",,N,N,A
MAIN,Main Street Capital Corporation Common Stock,,N,N,N
MAIR,Madison Air Solutions Corporation Class A Common Stock,,N,N,N
MAKX,ProShares S&P Kensho Smart Factories ETF,,Y,N,P
MAMB,Monarch Ambassador Income Index ETF,,Y,N,Z
MAN,ManpowerGroup Common Stock,,N,N,N
MANE,"Veradermics, Incorporated Common Stock",,N,N,N
MANI,Man Active Income ETF,,Y,N,P
MANU,Manchester United Ltd. Class A Ordinary Shares,,N,N,N
MAPP,Harbor Multi-Asset Explorer ETF,,Y,N,P
MARM,FT Vest U.S. Equity Max Buffer ETF - March,,Y,N,Z
MARO,YieldMax MARA Option Income Strategy ETF,,Y,N,P
MARS,Roundhill Space & Technology ETF,,Y,N,Z
MART,AllianzIM U.S. Large Cap Buffer10 Mar ETF,,Y,N,Z
MARU,AllianzIM U.S. Equity Buffer15 Uncapped Mar ETF,,Y,N,Z
MARW,AllianzIM U.S. Large Cap Buffer20 Mar ETF,,Y,N,Z
MARZ,TrueShares Structured Outcome (March) ETF,,Y,N,Z
MAS,Masco Corporation Common Stock,,N,N,N
MATV,"Mativ Holdings, Inc. Common Stock",,N,N,N
MATX,"Matson, Inc. Common Stock",,N,N,N
MAUG,Pacer Swan SOS Moderate (August) ETF,,Y,N,Z
MAVF,Matrix Advisors Value ETF,,Y,N,P
MAX,"MediaAlpha, Inc. Class A Common Stock",,N,N,N
MAXJ,iShares Large Cap Max Buffer Jun ETF,,Y,N,Z
MAYC,Corgi U.S. Equities 10% Structured Buffer ETF - May Series,,Y,N,Z
MAYM,FT Vest U.S. Equity Max Buffer ETF - May,,Y,N,Z
MAYP,PGIM S&P 500 Buffer 12 ETF - May,,Y,N,Z
MAYT,AllianzIM U.S. Large Cap Buffer10 May ETF,,Y,N,Z
MAYU,AllianzIM U.S. Equity Buffer15 Uncapped May ETF,,Y,N,Z
MAYW,AllianzIM U.S. Large Cap Buffer20 May ETF,,Y,N,Z
MAYZ,TrueShares Structured Outcome (May) ETF,,Y,N,Z
MBBA,iShares Mortgage-Backed Securities Active ETF,,Y,N,Z
MBBB,VanEck Moody's Analytics BBB Corporate Bond ETF,,Y,N,Z
MBC,"MasterBrand, Inc. Common Stock",,N,N,N
MBCE,Monarch Blue Chips Elite Index ETF,,Y,N,Z
MBGL.V,Mobility Global Inc. Common Stock When-Issued,,N,N,N
MBI,MBIA Inc. Common Stock,,N,N,N
MBND,State Street Nuveen Municipal Bond ETF,,Y,N,Z
MBOX,Freedom Day Dividend ETF,,Y,N,P
MBSD,FlexShares Disciplined Duration MBS Index Fund,,Y,N,P
MBSF,Regan Floating Rate MBS ETF,,Y,N,P
MBSX,Regan Fixed Rate MBS ETF,,Y,N,P
MC,Moelis & Company Class A Common Stock,,N,N,N
MCB,Metropolitan Bank Holding Corp. Common Stock,,N,N,N
MCD,McDonald's Corporation Common Stock,,N,N,N
MCH,Matthews China Active ETF,,Y,N,P
MCHG,Leverage Shares 2X Long MCHP Daily ETF,,Y,N,Z
MCHU,Tradr 2X Long MCHP Daily ETF,,Y,N,Z
MCI,Barings Corporate Investors Common Stock,,N,N,N
MCK,McKesson Corporation Common Stock,,N,N,N
MCN,XAI Madison Equity Premium Income Fund Common Shares,,N,N,N
MCO,Moody's Corporation Common Stock,,N,N,N
MCOW,Pacer S&P MidCap 400 Quality FCF Aristocrats ETF,,Y,N,Z
MCRP,Micropolis AI Robotics Ordinary Shares,,N,N,A
MCS,Marcus Corporation (The) Common Stock,,N,N,N
MCVT,Miller Convertible Total Return ETF,,Y,N,P
MCY,Mercury General Corporation Common Stock,,N,N,N
MD,"Pediatrix Medical Group, Inc. Common Stock",,N,N,N
MDA,MDA Space Ltd. Common Shares,,N,N,N
MDAA,Myriad Dynamic Asset Allocation ETF,,Y,N,P
MDCR,Pacer Swan SOS Moderate December ETF,,Y,N,Z
MDEV,First Trust Indxx Medical Devices ETF,,Y,N,Z
MDLV,Morgan Dempsey Large Cap Value ETF,,Y,N,Z
MDPL,Monarch Dividend Plus Index ETF,,Y,N,Z
MDST,Westwood Salient Enhanced Midstream Income ETF,,Y,N,N
MDT,Medtronic plc. Ordinary Shares,,N,N,N
MDU,"MDU Resources Group, Inc. Common Stock (Holding Company)",,N,N,N
MDV,"Modiv Industrial, Inc. Class C Common Stock",,N,N,N
MDV$A,"Modiv Industrial, Inc. 7.375% Series A Cumulative Redeemable Perpetual Preferred Stock",,N,N,N
MDY,State Street SPDR S&P MIDCAP 400 ETF Trust,,Y,N,P
MDYG,State Street SPDR S&P 400 Mid Cap Growth ETF,,Y,N,P
MDYV,State Street SPDR S&P 400 Mid Cap Value ETF,,Y,N,P
MEAR,iShares Short Maturity Municipal Bond Active ETF,,Y,N,Z
MEC,"Mayville Engineering Company, Inc. Common Stock",,N,N,N
MED,MEDIFAST INC Common Stock,,N,N,N
MEDI,Harbor Health Care ETF,,Y,N,P
MEGI,NYLI CBRE Global Infrastructure Megatrends Term Fund Common Shares,,N,N,N
MEI,"Methode Electronics, Inc. Common Stock",,N,N,N
MEM,Matthews Emerging Markets Equity Active ETF,,Y,N,P
MEME,Roundhill Meme Stock ETF,,Y,N,P
MEMX,Matthews Emerging Markets ex China Active ETF,,Y,N,P
MEMY,Tuttle Capital Meme Stock Income Blast ETF,,Y,N,Z
MER$K,"Bank of America Corporation Income Capital Obligation Notes initially due December 15, 2066",,N,N,N
MET,"MetLife, Inc. Common Stock",,N,N,N
MET$A,"MetLife, Inc. Preferred Series A Floating Rate",,N,N,N
MET$E,"MetLife, Inc. Depositary Shares ",,N,N,N
MET$F,"MetLife, Inc. Depositary Shares, each representing a 1/1,000th interest in a share of 4.75% Non-Cumulative Preferred Stock, Series F",,N,N,N
METV,Roundhill Ball Metaverse ETF,,Y,N,P
METW,Roundhill META WeeklyPay ETF,,Y,N,Z
MEXX,Direxion Daily MSCI Mexico Bull 3X ETF,,Y,N,P
MFA,"MFA Financial, Inc.",,N,N,N
MFA$B,"MFA Financial, Inc. Preferred Series B",,N,N,N
MFA$C,"MFA Financial, Inc. 6.50% Series C Fixed-to-Floating Rate Cumulative Redeemable Preferred Stock",,N,N,N
MFAN,"MFA Financial, Inc. 8.875% Senior Notes due 2029",,N,N,N
MFAO,"MFA Financial, Inc. 9.000% Senior Notes due 2029",,N,N,N
MFC,Manulife Financial Corporation Common Stock,,N,N,N
MFDX,PIMCO RAFI Dynamic Multi-Factor International Equity ETF,,Y,N,P
MFEB,Pacer Swan SOS Moderate (February) ETF,,Y,N,Z
MFEM,PIMCO RAFI Dynamic Multi-Factor Emerging Markets Equity ETF,,Y,N,P
MFG,"Mizuho Financial Group, Inc. Sponosred ADR (Japan)",,N,N,N
MFM,Aberdeen Municipal Income Fund Common Shares of Beneficial Interest,,N,N,N
MFSB,MFS Active Core Plus Bond ETF,,Y,N,N
MFSG,MFS Active Growth ETF,,Y,N,N
MFSI,MFS Active International ETF,,Y,N,N
MFSM,MFS Active Intermediate Muni Bond ETF,,Y,N,N
MFSV,MFS Active Value ETF,,Y,N,N
MFUL,Mindful Conservative ETF,,Y,N,Z
MFUS,PIMCO RAFI Dynamic Multi-Factor U.S. Equity ETF,,Y,N,P
MFUT,Cambria Chesapeake Pure Trend ETF,,Y,N,Z
MG,Mistras Group Inc Common Stock,,N,N,N
MGA,"Magna International, Inc. Common Stock",,N,N,N
MGC,Vanguard Mega Cap ETF,,Y,N,P
MGF,MFS Government Markets Income Trust Common Stock,,N,N,N
MGK,Vanguard Mega Cap Growth ETF,,Y,N,P
MGKX,Corgi U.S. Mega-Cap Growth 2x Daily ETF,,Y,N,Z
MGLD,"The Marygold Companies, Inc. Common Stock",,N,N,A
MGM,MGM Resorts International Common Stock,,N,N,N
MGMT,Ballast Small/Mid Cap ETF,,Y,N,P
MGNR,American Beacon Select Funds American Beacon GLG Natural Resources ETF,,Y,N,P
MGOV,First Trust Intermediate Government Opportunities ETF,,Y,N,P
MGR,"Affiliated Managers Group, Inc. 5.875% Junior Subordinated Notes due 2059",,N,N,N
MGRB,"Affiliated Managers Group, Inc. 4.750% Junior Subordinated Notes due 2060",,N,N,N
MGRD,"Affiliated Managers Group, Inc. 4.200% Junior Subordinated Notes due 2061",,N,N,N
MGRE,"Affiliated Managers Group, Inc. 6.750% Junior Subordinated Notes due 2064",,N,N,N
MGV,Vanguard Mega Cap Value ETF,,Y,N,P
MGY,Magnolia Oil & Gas Corporation Class A Common Stock,,N,N,N
MH,"McGraw Hill, Inc. Common Stock",,N,N,N
MHD,"Blackrock MuniHoldings Fund, Inc. Common Stock",,N,N,N
MHF,"Western Asset Municipal High Income Fund, Inc. Common Stock",,N,N,N
MHH,"Mastech Digital, Inc Common Stock",,N,N,A
MHIG,Milliman Healthcare Inflation Guard ETF,,Y,N,P
MHIP,Milliman Healthcare Inflation Plus ETF,,Y,N,P
MHK,"Mohawk Industries, Inc. Common Stock",,N,N,N
MHLA,"Maiden Holdings, Ltd. 6.625% Notes due 2046",,N,N,N
MHNC,"Maiden Holdings North America, Ltd. 7.75% Notes due 2043",,N,N,N
MHO,"M/I Homes, Inc. Common Stock",,N,N,N
MHY,Man Active High Yield ETF,,Y,N,P
MI,NFT Limited Class A Ordinary Share,,N,N,A
MIAX,"Miami International Holdings, Inc. Common Stock",,N,N,N
MIC,Corgi MU 2x Daily ETF,,Y,N,Z
MICC,The Magnum Ice Cream Company N.V. Ordinary Shares,,N,N,N
MID,American Century Mid Cap Growth Impact ETF,,Y,N,P
MIDE,Xtrackers S&P MidCap 400 Scored & Screened ETF,,Y,N,P
MIDU,Direxion Mid Cap Bull 3X ETF,,Y,N,P
MIG,VanEck Moody's Analytics IG Corporate Bond ETF,,Y,N,Z
MIGO,MIG Core ETF,,Y,N,P
MILK,Pacer US Cash Cows Bond ETF,,Y,N,Z
MIN,MFS Intermediate Income Trust Common Stock,,N,N,N
MINE,Mayfair Gold Corp. Common Shares,,N,N,A
MINN,Mairs & Power Minnesota Municipal Bond ETF,,Y,N,Z
MINO,PIMCO Municipal Income Opportunities Active Exchange-Traded Fund,,Y,N,P
MINT,PIMCO Enhanced Short Maturity Active Exchange-Traded Fund,,Y,N,P
MINV,Matthews Asia Innovators Active ETF,,Y,N,P
MINY,YieldMax Strategic Metals & Mining Portfolio Option Income ETF,,Y,N,P
MIR,"Mirion Technologies, Inc. Class A Common Stock",,N,N,N
MISL,First Trust Indxx Aerospace & Defense ETF,,Y,N,P
MITN,"TPG Mortgage Investment Trust, Inc. 9.500% Senior Notes due 2029",,N,N,N
MITP,"TPG Mortgage Investment Trust, Inc. 9.500% Senior Notes due 2029",,N,N,N
MITQ,"Moving iMage Technologies, Inc. Common Stock",,N,N,A
MITT,"TPG Mortgage Investment Trust, Inc. Common Stock",,N,N,N
MITT$A,"TPG Mortgage Investment Trust, Inc. 8.25% Series A Cumulative Redeemable Preferred Stock",,N,N,N
MITT$B,"TPG Mortgage Investment Trust, Inc. 8.00% Series B Cumulative Redeemable Preferred Stock",,N,N,N
MITT$C,"TPG Mortgage Investment Trust, Inc. 8.00% Series C Fixed-to-Floating Rate Cumulative Redeemable Preferred Stock, $0.01 par value per share",,N,N,N
MIVL,MFS Active International Value ETF,,Y,N,P
MIY,"Blackrock MuniYield Michigan Quality Fund, Inc. Common Stock",,N,N,N
MJ,Amplify Alternative Harvest ETF,,Y,N,P
MJSC,MUFG Japan Small Cap Active ETF,,Y,N,P
MJUN,Pacer Swan SOS Moderate June ETF,,Y,N,Z
MKC,"McCormick & Company, Incorporated Common Stock",,N,N,N
MKC.V,"McCormick & Company, Incorporated Common Stock",,N,N,N
MKL,Markel Group Inc. Common Stock,,N,N,N
MKOR,Matthews Korea Active ETF,,Y,N,P
MKTN,Federated Hermes MDT Market Neutral ETF,,Y,N,P
MLDR,Global X Intermediate-Term Treasury Ladder ETF,,Y,N,P
MLI,"Mueller Industries, Inc. Common Stock",,N,N,N
MLM,"Martin Marietta Materials, Inc. Common Stock",,N,N,N
MLN,VanEck Long Muni ETF,,Y,N,Z
MLP,"Maui Land & Pineapple Company, Inc. Common Stock",,N,N,N
MLPA,Global X MLP ETF,,Y,N,P
MLPB,"ETRACS Alerian MLP Infrastructure Index ETN Series B due April 2, 2040",,N,N,P
MLPD,Global X MLP & Energy Infrastructure Covered Call ETF,,Y,N,P
MLPI,NEOS MLP & Energy Infrastructure High Income ETF,,Y,N,Z
MLPR,ETRACS Quarterly Pay 1.5X Leveraged Alerian MLP Index ETN,,Y,N,P
MLPX,Global X MLP & Energy Infrastructure ETF,,Y,N,P
MLR,"Miller Industries, Inc. Common Stock",,N,N,N
MLSS,"Milestone Scientific, Inc. Common Stock",,N,N,A
MMA,Mixed Martial Arts Group Limited Ordinary Shares,,N,N,A
MMAR,Pacer Swan SOS Moderate March ETF,,Y,N,Z
MMAX,iShares Large Cap Max Buffer Mar ETF,,Y,N,Z
MMAY,Pacer Swan SOS Moderate (May) ETF,,Y,N,Z
MMCA,NYLI MacKay California Muni Intermediate ETF,,Y,N,P
MMD,NYLI MacKay DefinedTerm Muni Opportunities Fund Common Shares,,N,N,N
MMI,"Marcus & Millichap, Inc. Common Stock",,N,N,N
MMID,MFS Active Mid Cap ETF,,Y,N,N
MMIN,NYLI MacKay Muni Insured ETF,,Y,N,P
MMIT,NYLI MacKay Muni Intermediate ETF,,Y,N,P
MMK,State Street Prime Money Market ETF,,Y,N,N
MMKT,Texas Capital Government Money Market ETF,,Y,N,N
MMM,3M Company Common Stock,,N,N,N
MMMA,NYLI MacKay Muni Allocation ETF,,Y,N,P
MMS,"Maximus, Inc. Common Stock",,N,N,N
MMSC,First Trust Multi-Manager Small Cap Opportunities ETF,,Y,N,P
MMSD,NYLI MacKay Muni Short Duration ETF,,Y,N,P
MMT,Aberdeen Multi-Market Income Fund Common Shares of Beneficial Interest,,N,N,N
MMTM,State Street SPDR S&P 1500 Momentum Tilt ETF,,Y,N,P
MMU,"Western Asset Managed Municipals Fund, Inc. Common Stock",,N,N,N
MNA,NYLI Merger Arbitrage ETF,,Y,N,P
MNBD,ALPS BBH Intermediate Municipal Bond ETF,,Y,N,P
MNR,Mach Natural Resources LP Common Units representing Limited Partner Interests,,N,N,N
MNRS,Grayscale Bitcoin Miners ETF,,Y,N,P
MNSO,"MINISO Group Holding Limited American Depositary Shares, each representing four Ordinary Shares",,N,N,N
MNSX,Corgi MNST 2x Daily ETF,,Y,N,Z
MNTN,"MNTN, Inc. Class A Common Stock",,N,N,N
MNVR,Pacer Swan SOS Moderate (November) ETF,,Y,N,Z
MO,"Altria Group, Inc.",,N,N,N
MOAT,VanEck Morningstar Wide Moat ETF,,Y,N,Z
MOD,Modine Manufacturing Company Common Stock,,N,N,N
MOG.A,Moog Inc. Class A Common Stock,,N,N,N
MOG.B,Moog Inc. Class B Common Stock,,N,N,N
MOGU,MOGU Inc. American Depositary Shares (each  representing 25 Class A Ordinary Shares),,N,N,N
MOH,Molina Healthcare Inc Common Stock,,N,N,N
MOO,VanEck Agribusiness ETF,,Y,N,P
MORT,VanEck Mortgage REIT Income ETF,,Y,N,P
MOS,Mosaic Company (The) Common Stock,,N,N,N
MOTG,VanEck Morningstar Global Wide Moat ETF,,Y,N,Z
MOTI,VanEck Morningstar International Moat ETF,,Y,N,Z
MOTO,Guinness Atkinson Smart Transportation & Technology ETF,,Y,N,P
MOV,Movado Group Inc. Common Stock,,N,N,N
MP,MP Materials Corp. Common Stock,,N,N,N
MPA,Blackrock MuniYield Pennsylvania Quality Fund Common Stock,,N,N,N
MPC,Marathon Petroleum Corporation Common Stock,,N,N,N
MPL,Defiance Daily Target 2X Long MP ETF,,Y,N,P
MPLX,MPLX LP Common Units Representing Limited Partner Interests,,N,N,N
MPLY,Monopoly ETF,,Y,N,Z
MPRO,Monarch ProCap Index ETF,,Y,N,Z
MPT,"Medical Properties Trust, Inc. common stock",,N,N,N
MPTI,"M-tron Industries, Inc. Common Stock",,N,N,A
MPU,Mega Matrix Inc. Class A Ordinary Shares,,N,N,A
MPV,Barings Participation Investors Common Stock,,N,N,N
MPWX,Tradr 2X Long MPWR Daily ETF,,Y,N,Z
MQY,"Blackrock MuniYield Quality Fund, Inc. Common Stock",,N,N,N
MRCP,PGIM S&P 500 Buffer 12 ETF - March,,Y,N,Z
MRGR,ProShares Merger ETF,,Y,N,Z
MRK,"Merck & Company, Inc. Common Stock (new)",,N,N,N
MRNX,Defiance Daily Target 2X Long MRNA ETF,,Y,N,P
MRNY,YieldMax MRNA Option Income Strategy ETF,,Y,N,P
MRP,"Millrose Properties, Inc. Class A Common Stock",,N,N,N
MRSH,Marsh Common Stock,,N,N,N
MRSK,Toews Agility Shares Managed Risk ETF,,Y,N,P
MRT,"Marti Technologies, Inc. Class A Ordinary Shares",,N,N,A
MS,Morgan Stanley Common Stock,,N,N,N
MS$A,Morgan Stanley Dep Shs repstg 1/1000 Pfd Ser A,,N,N,N
MS$E,Morgan Stanley DEPOSITARY SHARES REP 1/1000TH SHARES FIXED/FLTG PREFERRED STOCK SERIES E,,N,N,N
MS$F,Morgan Stanley Dep Shs Rpstg 1/1000th Int Prd Ser F Fxd to Flag,,N,N,N
MS$I,Morgan Stanley Depository Shares Representing 1/1000th Preferred Series 1 Fixed to Floating Non (Cum),,N,N,N
MS$K,"Morgan Stanley Depositary Shares, each representing 1/1,000th of a share of Fixed-to-Floating Rate Non-Cumulative Preferred Stock,  Series K",,N,N,N
MS$L,"Morgan Stanley Depositary Shares, each representing 1/1,000th of a share of 4.875% Non-Cumulative Preferred Stock, Series L",,N,N,N
MS$O,"Morgan Stanley Depositary Shares, each representing 1/1,000th of a share of 4.250% Non-Cumulative Preferred Stock, Series O",,N,N,N
MS$P,"Morgan Stanley Depositary Shares, each representing 1/1,000th of a share of 6.500% Non-Cumulative Preferred Stock, Series P",,N,N,N
MS$Q,"Morgan Stanley Depositary Shares, each representing 1/1,000th of a share of 6.625% Non-Cumulative Preferred Stock, Series Q",,N,N,N
MSA,MSA Safety Incorporated Common Stock,,N,N,N
MSB,Mesabi Trust Common Stock,,N,N,N
MSBT,Common Units of Beneficial Interest of Morgan Stanley Bitcoin Trust,,Y,N,P
MSC,"Studio City International Holdings Limited American depositary shares, each representing four  Class A ordinary shares",,N,N,N
MSCI,MSCI Inc. Common Stock,,N,N,N
MSD,"Morgan Stanley Emerging Markets Debt Fund, Inc. Common Stock",,N,N,N
MSDL,Morgan Stanley Direct Lending Fund Common Stock,,N,N,N
MSEP,Pacer Swan SOS Moderate September ETF,,Y,N,Z
MSFC,Corgi MSFT 2x Daily ETF,,Y,N,Z
MSFO,YieldMax MSFT Option Income Strategy ETF,,Y,N,P
MSFW,Roundhill MSFT WeeklyPay ETF,,Y,N,Z
MSFX,T-Rex 2X Long Microsoft Daily Target ETF,,Y,N,Z
MSFY,Kurv Yield Premium Strategy Microsoft (MSFT) ETF,,Y,N,Z
MSGE,Madison Square Garden Entertainment Corp. Class A Common Stock,,N,N,N
MSGS,Madison Square Garden Sports Corp. Class A Common Stock (New),,N,N,N
MSI,"Motorola Solutions, Inc. Common Stock",,N,N,N
MSIF,"MSC Income Fund, Inc. Common Stock",,N,N,N
MSIX,Corgi MSI 2x Daily ETF,,Y,N,Z
MSLC,Morgan Stanley Pathway Large Cap Equity ETF,,Y,N,P
MSM,"MSC Industrial Direct Company, Inc. Common Stock",,N,N,N
MSMR,McElhenny Sheffield Managed Risk ETF,,Y,N,Z
MSN,Emerson Radio Corporation Common Stock,,N,N,A
MSOS,AdvisorShares Pure US Cannabis ETF,,Y,N,P
MSOX,AdvisorShares MSOS Daily Leveraged ETF,,Y,N,P
MSSM,Morgan Stanley Pathway Small-Mid Cap Equity ETF,,Y,N,P
MSSS,Monarch Select Subsector Index ETF,,Y,N,Z
MSST,YieldMax MSTR Performance & Distribution Target 25 ETF,,Y,N,Z
MSTB,LHA Market State Tactical Beta ETF,,Y,N,Z
MSTC,Corgi MSTR 2x Daily ETF,,Y,N,Z
MSTI,Madison Short Term Strategic Income ETF,,Y,N,P
MSTQ,LHA Market State Tactical Q ETF,,Y,N,Z
MSTU,T-Rex 2X Long MSTR Daily Target ETF,,Y,N,Z
MSTW,Roundhill MSTR WeeklyPay ETF,,Y,N,Z
MSTY,YieldMax MSTR Option Income Strategy ETF,,Y,N,P
MSTZ,T-Rex 2X Inverse MSTR Daily Target ETF,,Y,N,Z
MT,Arcelor Mittal NY Registry Shares NEW,,N,N,N
MTA,Metalla Royalty & Streaming Ltd. Common Shares,,N,N,A
MTAL,Metals Acquisition Corp. II Class A Ordinary Shares,,N,N,N
MTAL.U,"Metals Acquisition Corp. II Units, each consisting of one Class A ordinary share and one-third of one redeemable warrant",,N,N,N
MTAL.W,"Metals Acquisition Corp. II Warrants, each whole warrant exercisable for one Class A ordinary share at an exercise price of $11.50 per share",,N,N,N
MTB,M&T Bank Corporation Common Stock,,N,N,N
MTB$H,"M&T Bank Corporation Perpetual Fixed-to-Floating Rate Non-Cumulative Preferred Stock, Series H",,N,N,N
MTB$J,"M&T Bank Corporation Depositary Shares each representing a 1/400th ownership interest in a share of Perpetual 7.500% Non-Cumulative Preferred Stock, Series J",,N,N,N
MTB$K,"M&T Bank Corporation Depositary Shares each representing a 1/400th interest in a share of Perpetual 6.350% Non-Cumulative Preferred Stock, Series K",,N,N,N
MTBA,Simplify MBS ETF,,Y,N,P
MTD,"Mettler-Toledo International, Inc. Common Stock",,N,N,N
MTDR,Matador Resources Company Common Stock,,N,N,N
MTEST,"NYSE Texas, Inc. TEST Common Stock",,N,Y,M
MTG,MGIC Investment Corporation Common Stock,,N,N,N
MTGP,WisdomTree Mortgage Plus Bond Fund,,Y,N,P
MTH,Meritage Homes Corporation Common Stock,,N,N,N
MTN,"Vail Resorts, Inc. Common Stock",,N,N,N
MTNB,"Matinas Biopharma Holdings, Inc. Common Stock",,N,N,A
MTNE,CH4 Natural Solutions Corporation Class A Ordinary Shares,,N,N,N
MTNE.U,"CH4 Natural Solutions Corporation Units, each consisting of one Class A ordinary share and one-half of one Warrant",,N,N,N
MTNE.W,"CH4 Natural Solutions Corporation Warrants, each whole warrant exercisable for one Class A Ordinary Share at an exercise price of $11.50 per share",,N,N,N
MTR,Mesa Royalty Trust Common Stock,,N,N,N
MTRA,Invesco International Growth Focus ETF,,Y,N,Z
MTRN,Materion Corporation,,N,N,N
MTSG,Leverage Shares 2X Long MTSI Daily ETF,,Y,N,Z
MTUL,ETRACS 2x Leveraged MSCI US Momentum Factor TR ETN,,Y,N,P
MTUM,iShares MSCI USA Momentum Factor ETF,,Y,N,Z
MTUS,Metallus Inc. Common Shares,,N,N,N
MTW,"Manitowoc Company, Inc. (The) Common Stock",,N,N,N
MTX,Minerals Technologies Inc. Common Stock,,N,N,N
MTZ,"MasTec, Inc. Common Stock",,N,N,N
MUA,"Blackrock MuniAssets Fund, Inc Common Stock",,N,N,N
MUB,iShares National Muni Bond ETF,,Y,N,P
MUC,"Blackrock MuniHoldings California Quality Fund, Inc.  Common Stock",,N,N,N
MUFG,"Mitsubishi UFJ Financial Group, Inc. Common Stock",,N,N,N
MUJ,"Blackrock MuniHoldings New Jersey Quality Fund, Inc. Common Stock",,N,N,N
MUNA,Northern Trust 2030 Tax-Exempt Distributing Ladder ETF,,Y,N,P
MUNB,Northern Trust 2035 Tax-Exempt Distributing Ladder ETF,,Y,N,P
MUNC,Northern Trust 2045 Tax-Exempt Distributing Ladder ETF,,Y,N,P
MUND,Northern Trust 2055 Tax-Exempt Distributing Ladder ETF,,Y,N,P
MUNI,PIMCO Intermediate Municipal Bond Active Exchange-Traded Fund,,Y,N,P
MUNX,AMG GW&K Muni Income ETF,,Y,N,P
MUNY,Vanguard New York Tax-Exempt Bond ETF,,Y,N,Z
MUR,Murphy Oil Corporation Common Stock,,N,N,N
MUSA,Murphy USA Inc. Common Stock,,N,N,N
MUSE,TCW Multisector Credit Income ETF,,Y,N,N
MUSI,American Century Multisector Income ETF,,Y,N,P
MUSQ,MUSQ Global Music Industry Index ETF,,Y,N,P
MUST,Columbia Multi-Sector Municipal Income ETF,,Y,N,P
MUX,McEwen Inc. Common Stock,,N,N,N
MUZ,Defiance Daily Target 2X Short MU ETF,,Y,N,P
MVAL,VanEck Morningstar Wide Moat Value ETF,,Y,N,Z
MVFD,Monarch Volume Factor Dividend Tree Index ETF,,Y,N,Z
MVFG,Monarch Volume Factor Global Unconstrained Index ETF,,Y,N,Z
MVO,MV Oil Trust Units of Beneficial Interests,,N,N,N
MVPA,Miller Value Partners Appreciation ETF,,Y,N,P
MVPL,Miller Value Partners Leverage ETF,,Y,N,P
MVRL,ETRACS Monthly Pay 1.5X Leveraged Mortgage REIT ETN,,Y,N,P
MVV,ProShares Ultra MidCap400,,Y,N,P
MWA,MUELLER WATER PRODUCTS Common Stock,,N,N,N
MWG,Multi Ways Holdings Limited Class A Ordinary Shares,,N,N,A
MWHS,Skylar Electricity Futures ETF,,Y,N,P
MX,Magnachip Semiconductor Corporation Common Stock,,N,N,N
MXC,Mexco Energy Corporation Common Stock,,N,N,A
MXE,"Mexico Equity and Income Fund, Inc. (The) Common Stock",,N,N,N
MXF,"Mexico Fund, Inc. (The) Common Stock",,N,N,N
MXI,iShares Global Materials ETF,,Y,N,P
MYE,"Myers Industries, Inc. Common Stock",,N,N,N
MYI,"Blackrock MuniYield Quality Fund III, Inc Common Stock",,N,N,N
MYLD,Cambria Micro and SmallCap Shareholder Yield ETF,,Y,N,Z
MYN,"Blackrock MuniYield New York Quality Fund, Inc.Common Stock",,N,N,N
MYND,"Mynd.ai, Inc. American Depositary Shares",,N,N,A
MYO,Myomo Inc. Common Stock,,N,N,A
MYY,ProShares Short MidCap400,,Y,N,P
MZYX,MOZAYYX Acquisition Corp. Class A Ordinary Shares,,N,N,N
MZYX.U,"MOZAYYX Acquisition Corp. Units, each consisting of one Class A ordinary share and one-quarter of one redeemable warrant",,N,N,N
MZYX.W,"MOZAYYX Acquisition Corp. Redeemable warrants, each whole warrant exercisable for one Class A ordinary share at an exercise price of $11.50",,N,N,N
MZZ,ProShares UltraShort MidCap400,,Y,N,P
NABL,"N-able, Inc. Common Stock",,N,N,N
NAC,Nuveen California Quality Municipal Income Fund,,N,N,N
NACP,Impact Shares NAACP Minority Empowerment ETF,,Y,N,P
NAD,Nuveen Quality Municipal Income Fund Common Stock,,N,N,N
NAIL,Direxion Daily Homebuilders & Supplies Bull 3X ETF,,Y,N,P
NAK,"Northern Dynasty Minerals, Ltd. Common Stock",,N,N,A
NAN,Nuveen New York Quality Municipal Income Fund Common Stock,,N,N,N
NANC,Unusual Whales Subversive Democratic Trading ETF,,Y,N,Z
NANR,State Street SPDR S&P North American Natural Resources ETF,,Y,N,P
NAPR,Innovator Growth-100 Power Buffer ETF - April,,Y,N,Z
NASA,Tema Space Innovators ETF,,Y,N,P
NAT,Nordic American Tankers Limited Common Stock,,N,N,N
NATL,NCR Atleos Corporation Common Stock,,N,N,N
NAUG,Innovator Growth-100 Power Buffer ETF - August,,Y,N,Z
NAZ,Nuveen Arizona Quality Municipal Income Fund Common Stock,,N,N,N
NBB,Nuveen Taxable Municipal Income Fund Common Shares of Beneficial Interest,,N,N,N
NBCE,Neuberger China Equity ETF,,Y,N,P
NBCM,Neuberger Commodity Strategy ETF,,Y,N,P
NBCR,Neuberger Core Equity ETF,,Y,N,P
NBDS,Neuberger Disrupters ETF,,Y,N,P
NBET,Neuberger Energy Transition & Infrastructure ETF,,Y,N,P
NBFC,Neuberger Flexible Credit Income ETF,,Y,N,P
NBFR,Innovator Nasdaq-100 Managed 10 Buffer ETF,,Y,N,P
NBGX,Neuberger Growth ETF,,Y,N,P
NBH,Neuberger Municipal Fund Inc. Common Stock,,N,N,A
NBHC,National Bank Holdings Corporation Common Stock,,N,N,N
NBIE,Neuberger International Core Equity ETF,,Y,N,P
NBIZ,Tradr 2X Short NBIS Daily ETF,,Y,N,Z
NBJP,Neuberger Japan Equity ETF,,Y,N,P
NBOS,Neuberger Option Strategy ETF,,Y,N,P
NBR,Nabors Industries Ltd.,,N,N,N
NBSD,Neuberger Short Duration Income ETF,,Y,N,P
NBSM,Neuberger Small-Mid Cap ETF,,Y,N,P
NBTR,Neuberger Total Return Bond ETF,,Y,N,P
NBXG,Neuberger Next Generation Connectivity Fund Inc. Common Stock,,N,N,N
NC,"NACCO Industries, Inc. Common Stock",,N,N,N
NCA,Nuveen California Municipal Value Fund,,N,N,N
NCDL,Nuveen Churchill Direct Lending Corp. Common Stock,,N,N,N
NCL,Northann Corp. Common Stock,,N,N,A
NCLH,Norwegian Cruise Line Holdings Ltd. Ordinary Shares,,N,N,N
NCLO,Nuveen AA-BBB CLO ETF,,Y,N,P
NCV,Virtus Convertible & Income Fund Common Shares of Beneficial Interest,,N,N,N
NCV$A,Virtus Convertible & Income Fund 5.625% Series A Cumulative Preferred Shares,,N,N,N
NCZ,Virtus Convertible & Income Fund II Common Shares of Beneficial Interest,,N,N,N
NCZ$A,Virtus Convertible & Income Fund II 5.50% Series A Cumulative Preferred Shares,,N,N,N
NDEC,Innovator Growth-100 Power Buffer ETF - December,,Y,N,Z
NDIA,Global X India Active ETF,,Y,N,P
NDIV,Amplify Energy & Natural Resources Covered Call ETF,,Y,N,P
NDMO,Nuveen Dynamic Municipal Opportunities Fund Common Shares of Beneficial Interest,,N,N,N
NDOW,Anydrus Advantage ETF,,Y,N,Z
NE,Noble Corporation plc A Ordinary Shares,,N,N,N
NE.A,Noble Corporation plc Tranche 2 Warrants,,N,N,N
NE.W,Noble Corporation plc Tranche 1 Warrants,,N,N,N
NEA,Nuveen AMT-Free Quality Municipal Income Fund Common Shares of Beneficial Interest Par Value $.01,,N,N,N
NEAR,iShares Short Duration Bond Active ETF,,Y,N,Z
NEBX,Tradr 2X Long NBIS Daily ETF,,Y,N,Z
NEE,"NextEra Energy, Inc. Common Stock",,N,N,N
NEE$N,"NextEra Energy Capital Holdings Inc. Series N Junior Subordinated Debentures due March 1, 2079",,N,N,N
NEE$S,"NextEra Energy, Inc. 7.299% Corporate Units",,N,N,N
NEE$T,"NextEra Energy, Inc. 7.234% Corporate Units",,N,N,N
NEE$U,"NextEra Energy, Inc. Series U Junior Subordinated Debentures due June 1, 2085",,N,N,N
NEE$V,"NextEra Energy, Inc. 7.375% Corporate Units",,N,N,N
NEE$W,"NextEra Energy Capital Holdings Inc. Series Z Junior Subordinated Debentures due April 15, 2086",,N,N,N
NEHI,NEOS Ethereum High Income ETF,,Y,N,Z
NELS,Nelson Select ETF,,Y,N,Z
NEM,Newmont Corporation,,N,N,N
NEMD,Neuberger Emerging Markets Debt Hard Currency ETF,,Y,N,P
NEN,New England Realty Associates Limited Partnership Class A Depositary Receipts Evidencing Units of Limited Partnership,,N,N,A
NERD,Roundhill Video Games ETF,,Y,N,Z
NET,"Cloudflare, Inc. Class A Common Stock",,N,N,N
NETL,Colterpoint Net Lease Real Estate ETF,,Y,N,P
NEU,NewMarket Corp Common Stock,,N,N,N
NEWP,New Pacific Metals Corp. Common Shares,,N,N,A
NEXA,Nexa Resources S.A. Common Shares,,N,N,N
NFEB,Innovator Growth-100 Power Buffer ETF - February,,Y,N,Z
NFG,National Fuel Gas Company Common Stock,,N,N,N
NFGC,New Found Gold Corp Common Shares,,N,N,A
NFJ,"Virtus Dividend, Interest & Premium Strategy Fund Common Shares of Beneficial Interest",,N,N,N
NFLP,Kurv Yield Premium Strategy Netflix (NFLX) ETF,,Y,N,Z
NFLT,Virtus Newfleet Multi-Sector Bond ETF,,Y,N,P
NFLU,T-Rex 2X Long NFLX Daily Target ETF,,Y,N,Z
NFLW,Roundhill NFLX WeeklyPay ETF,,Y,N,Z
NFLY,YieldMax NFLX Option Income Strategy ETF,,Y,N,P
NFRA,FlexShares STOXX Global Broad Infrastructure Index Fund,,Y,N,P
NG,Novagold Resources Inc.,,N,N,A
NGG,"National Grid Transco, PLC National Grid PLC (NEW) American Depositary Shares",,N,N,N
NGIF,Nuveen Global Infrastructure Fund: ETF Class Shares,,Y,N,P
NGL,NGL ENERGY PARTNERS LP Common Units representing Limited Partner Interests,,N,N,N
NGL$B,NGL ENERGY PARTNERS LP 9.00% Class B Fixed-to-Floating Rate Cumulative Redeemable Perpetual Preferred Units representing limited partnership interests,,N,N,N
NGL$C,NGL ENERGY PARTNERS LP 9.625% Class C Fixed-to-Floating Rate Cumulative  Redeemable Perpetual Preferred Units representing  limited partner interests,,N,N,N
NGS,"Natural Gas Services Group, Inc. Common Stock",,N,N,N
NGVC,"Natural Grocers by Vitamin Cottage, Inc. Common Stock",,N,N,N
NGVT,Ingevity Corporation Common Stock ,,N,N,N
NHC,National HealthCare Corporation Common Stock,,N,N,A
NHI,"National Health Investors, Inc. Common Stock",,N,N,N
NHS,Neuberger High Yield Strategies Fund Inc. Common Stock,,N,N,A
NHYB,Nuveen High Yield Corporate Bond ETF,,Y,N,P
NHYM,Nuveen High Yield Municipal Income ETF,,Y,N,P
NI,NiSource Inc Common Stock,,N,N,N
NIC,Nicolet Bankshares Inc. Common Stock,,N,N,N
NICO,Hexis Active Nicotine Engagement ETF,,Y,N,P
NIE,Virtus Equity & Convertible Income Fund Common Shares of Beneficial Interest,,N,N,N
NIHI,NEOS MSCI EAFE High Income ETF,,Y,N,Z
NIM,Nuveen Select Maturities Municipal Fund Common Stock,,N,N,N
NINE,"Nine Energy Service, Inc. Common Stock",,N,N,A
NIO,"NIO Inc. American depositary shares, each  representing one Class A ordinary share",,N,N,N
NIQ,NIQ Global Intelligence plc Ordinary Shares,,N,N,N
NISM,NYLI International Small-Mid Cap Equity ETF,,Y,N,P
NITE,The Nightview Fund NITE,,Y,N,P
NJAN,Innovator Growth-100 Power Buffer ETF - January,,Y,N,Z
NJNK,Columbia U.S. High Yield ETF,,Y,N,P
NJR,NewJersey Resources Corporation Common Stock,,N,N,N
NJUL,Innovator Growth-100 Power Buffer ETF - July,,Y,N,Z
NJUN,Innovator Growth-100 Power Buffer ETF - June,,Y,N,Z
NKE,"Nike, Inc. Common Stock",,N,N,N
NKX,Nuveen California AMT-Free Quality Municipal Income Fund,,N,N,N
NL,"NLI Holdings, Inc. Common Stock",,N,N,N
NLOP,Net Lease Office Properties Common Shares of Beneficial Interest,,N,N,N
NLR,VanEck Uranium and Nuclear ETF,,Y,N,P
NLSI,NEOS Long/Short Equity Income ETF,,Y,N,Z
NLY,Annaly Capital Management Inc. Common Stock,,N,N,N
NLY$F,Annaly Capital Management Inc 6.95% Series F,,N,N,N
NLY$G,Annaly Capital Management Inc 6.50% Series G Fixed-to-Floating Rate Cumulative Redeemable Preferred Stock,,N,N,N
NLY$I,Annaly Capital Management Inc 6.750% Series I Fixed-to-Floating Rate Cumulative Redeemable Preferred Stock,,N,N,N
NLY$J,Annaly Capital Management Inc. 8.875% Series J Fixed-Rate Cumulative Redeemable Preferred Stock,,N,N,N
NMAI,Nuveen Multi-Asset Income Fund Common Shares of Beneficial Interest,,N,N,N
NMAR,Innovator Growth-100 Power Buffer ETF - March,,Y,N,Z
NMAX,"Newsmax, Inc. Class B Common Stock",,N,N,N
NMAY,Innovator Growth-100 Power Buffer ETF - May,,Y,N,Z
NMB,Simplify National Muni Bond ETF,,Y,N,P
NMBL,NovaTide Flexible Allocation ETF,,Y,N,P
NMCO,Nuveen Municipal Credit Opportunities Fund Common Shares,,N,N,N
NMG,Nouveau Monde Graphite Inc. Common Shares,,N,N,N
NMI,"Nuveen Municipal Income Fund, Inc. Common Stock",,N,N,N
NML,Neuberger Energy Infrastructure and Income Fund Inc. Common Stock,,N,N,A
NMM,Navios Maritime Partners LP Common Units Representing Limited Partner Interests,,N,N,N
NMR,Nomura Holdings Inc ADR American Depositary Shares,,N,N,N
NMS,Nuveen Minnesota Quality Municipal Income Fund ,,N,N,N
NMT,Nuveen Massachusetts Quality Municipal Income Fund Common Stock,,N,N,N
NMZ,"Nuveen Municipal High Income Opportunity Fund Common Stock, $0.01 par value, per share",,N,N,N
NNI,"Nelnet, Inc. Common Stock",,N,N,N
NNN,"NNN REIT, Inc. Common Stock",,N,N,N
NNOV,Innovator Growth-100 Power Buffer ETF - November,,Y,N,Z
NNVC,"NanoViricides, Inc. Common Stock",,N,N,A
NNY,Nuveen New York Municipal Value Fund Common Stock,,N,N,N
NOA,North American Construction Group Ltd. Common Shares (no par),,N,N,N
NOAH,Noah Holdings Limited American Depositary Shares,,N,N,N
NOBL,ProShares S&P 500 Dividend Aristocrats ETF,,Y,N,Z
NOC,Northrop Grumman Corporation Common Stock,,N,N,N
NOCT,Innovator Growth-100 Power Buffer ETF- October,,Y,N,Z
NODE,VanEck Onchain Economy ETF,,Y,N,Z
NOEQ,Northern Trust US Equity ETF,,Y,N,P
NOG,"Northern Oil and Gas, Inc. Common Stock",,N,N,N
NOK,Nokia Corporation Sponsored American Depositary Shares,,N,N,N
NOMD,Nomad Foods Limited Ordinary Shares,,N,N,N
NORW,Global X MSCI Norway ETF,,Y,N,P
NOV,NOV Inc. Common Stock,,N,N,N
NOVM,FT Vest U.S. Equity Max Buffer ETF - November,,Y,N,Z
NOVP,PGIM S&P 500 Buffer 12 ETF - November,,Y,N,Z
NOVZ,TrueShares Structured Outcome (November) ETF,,Y,N,Z
NOW,"ServiceNow, Inc. Common Stock",,N,N,N
NP,Neptune Insurance Holdings Inc. Class A Common Stock,,N,N,N
NPB,"Northpointe Bancshares, Inc. Common Stock",,N,N,N
NPCT,Nuveen Core Plus Impact Fund Common Shares of Beneficial Interest,,N,N,N
NPFD,Nuveen Variable Rate Preferred & Income Fund Common Shares,,N,N,N
NPFE,NPF Core Equity ETF,,Y,N,Z
NPK,"National Presto Industries, Inc. Common Stock",,N,N,N
NPKI,NPK International Inc. Common Stock,,N,N,N
NPO,Enpro Inc. Common Stock,,N,N,N
NPV,Nuveen Virginia Quality Municipal Income Fund Common Stock,,N,N,N
NPWR,NET Power Inc. Class A Common Stock,,N,N,N
NPWR.W,"NET Power Inc. Redeemable warrants, each whole warrant exercisable for one share of Class A Common Stock at an exercise price of $11.50",,N,N,N
NRDY,Nerdy Inc. Class A Common Stock,,N,N,N
NREF,"NexPoint Real Estate Finance, Inc. Common Stock",,N,N,N
NREF$A,"NexPoint Real Estate Finance, Inc. 8.50% Series A Cumulative Redeemable Preferred Stock",,N,N,N
NRG,"NRG Energy, Inc. Common Stock",,N,N,N
NRGD,"MicroSectors U.S. Big Oil -3 Inverse Leveraged ETNs due February 17, 2045",,Y,N,P
NRGU,"MicroSectors U.S. Big Oil 3 Leveraged ETNs due February 17, 2045",,Y,N,P
NRGV,"Energy Vault Holdings, Inc. Common Stock",,N,N,N
NRK,Nuveen New York AMT-Free Quality Municipal Income Fund ,,N,N,N
NRO,Neuberger Real Estate Securities Income Fund Inc. Common Stock,,N,N,A
NRP,Natural Resource Partners LP Limited Partnership,,N,N,N
NRSH,Aztlan North America Nearshoring Stock Selection ETF,,Y,N,P
NRT,North European Oil Royality Trust Common Stock,,N,N,N
NRUC,National Rural Utilities Cooperative Finance Corporation 5.500% Subordinated Notes due 2064 (Subordinated Deferrable Interest Notes),,N,N,N
NRXS,"Neuraxis, Inc. Common Stock",,N,N,A
NSA,National Storage Affiliates Trust Common Shares of Beneficial Interest,,N,N,N
NSA$A,National Storage Affiliates Trust 6.000% Series A Cumulative Redeemable Preferred Shares of Beneficial Interest (Liquidation Preference $25.00 per share),,N,N,N
NSA$B,National Storage Affiliates Trust 6.000% Series B Cumulative Redeemable Preferred Shares of Beneficial Interest,,N,N,N
NSC,Norfolk Southern Corporation Common Stock,,N,N,N
NSCI,Nuveen Securitized Income ETF,,Y,N,P
NSEP,Innovator Growth-100 Power Buffer ETF - September,,Y,N,Z
NSP,"Insperity, Inc. Common Stock",,N,N,N
NSRX,Nasus Pharma Ltd. Ordinary Shares,,N,N,A
NTB,Bank of N.T. Butterfield & Son Limited (The) Voting Ordinary Shares,,N,N,N
NTEST,NYSE Tick Pilot Test Sym-Control,,N,Y,N
NTEST.A,NYSE Tick Pilot Test Sym-G1,,N,Y,N
NTEST.B,NYSE Tick Pilot Test Sym-G2,,N,Y,N
NTEST.C,Tick Pilot Test C Common Stock,,N,Y,N
NTIP,"Network-1 Technologies, Inc. Common Stock",,N,N,A
NTR,Nutrien Ltd. Common Shares,,N,N,N
NTRL,First Trust Equity Market Neutral ETF,,Y,N,P
NTSD,WisdomTree Efficient U.S. Plus International Equity Fund,,Y,N,P
NTSE,WisdomTree Emerging Markets Efficient Core Fund,,Y,N,P
NTSI,WisdomTree International Efficient Core Fund,,Y,N,P
NTST,NetSTREIT Corp. Common Stock,,N,N,N
NTSX,WisdomTree U.S. Efficient Core Fund,,Y,N,P
NTZ,"Natuzzi, S.p.A.",,N,N,N
NU,Nu Holdings Ltd. Class A Ordinary Shares,,N,N,N
NUAG,Nuveen Enhanced Yield U.S. Aggregate Bond ETF,,Y,N,P
NUBD,Nuveen ESG U.S. Aggregate Bond ETF,,Y,N,P
NUDG,Nuveen Dividend Growth Fund: ETF Class Shares,,Y,N,P
NUDM,Nuveen ESG International Developed Markets Equity ETF,,Y,N,Z
NUDV,Nuveen ESG Dividend ETF,,Y,N,Z
NUE,Nucor Corporation Common Stock,,N,N,N
NUEM,Nuveen ESG Emerging Markets Equity ETF,,Y,N,Z
NUGO,Nuveen Growth Opportunities ETF,,Y,N,P
NUGT,Direxion Daily Gold Miners Index Bull 2X ETF,,Y,N,P
NUHY,Nuveen ESG High Yield Corporate Bond ETF,,Y,N,P
NUKX,Nicholas Nuclear Income ETF,,Y,N,P
NUKZ,Range Nuclear Renaissance Index ETF,,Y,N,P
NULC,Nuveen ESG Large-Cap ETF,,Y,N,Z
NULG,Nuveen ESG Large-Cap Growth ETF,,Y,N,Z
NULV,Nuveen ESG Large-Cap Value ETF,,Y,N,Z
NUMG,Nuveen ESG Mid-Cap Growth ETF,,Y,N,Z
NUMI,Nuveen Municipal Income ETF,,Y,N,P
NUMV,Nuveen ESG Mid-Cap Value ETF,,Y,N,Z
NURE,Nuveen Short-Term REIT ETF,,Y,N,Z
NUS,"Nu Skin Enterprises, Inc. Common Stock",,N,N,N
NUSA,Nuveen ESG 1-5 Year U.S. Aggregate Bond ETF,,Y,N,P
NUSC,Nuveen ESG Small-Cap ETF,,Y,N,Z
NUV,"Nuveen Municipal Value Fund, Inc. Common Stock",,N,N,N
NUVB,Nuvation Bio Inc. Class A Common Stock,,N,N,N
NUW,Nuveen AMT-Free Municipal Value Fund,,N,N,N
NVA,Nova Minerals Corp Common Stock,,N,N,A
NVA.W,Nova Minerals Corp Warrants to Purchase Common Stock,,N,N,A
NVBT,AllianzIM U.S. Large Cap Buffer10 Nov ETF,,Y,N,Z
NVBU,AllianzIM U.S. Equity Buffer15 Uncapped Nov ETF,,Y,N,Z
NVBW,AllianzIM U.S. Large Cap Buffer20 Nov ETF,,Y,N,Z
NVC,Corgi NVDA 2x Daily ETF,,Y,N,Z
NVDB,ProShares Ultra NVDA,,Y,N,P
NVDQ,T-Rex 2X Inverse NVIDIA Daily Target ETF,,Y,N,Z
NVDW,Roundhill NVDA WeeklyPay ETF,,Y,N,Z
NVDX,T-Rex 2X Long NVIDIA Daily Target ETF,,Y,N,Z
NVDY,YieldMax NVDA Option Income Strategy ETF,,Y,N,P
NVG,Nuveen AMT-Free Municipal Credit Income Fund ,,N,N,N
NVGS,Navigator Holdings Ltd. Ordinary Shares (Marshall Islands),,N,N,N
NVII,REX NVDA Growth & Income ETF,,Y,N,Z
NVIR,Horizon Kinetics Energy and Remediation ETF,,Y,N,P
NVIT,YieldMax NVDA Performance & Distribution Target 25 ETF,,Y,N,Z
NVO,Novo Nordisk A/S Common Stock,,N,N,N
NVOH,Novo Nordisk A/S B Shares ADRhedged,,Y,N,P
NVOX,Defiance Daily Target 2X Long NVO ETF,,Y,N,P
NVR,"NVR, Inc. Common Stock",,N,N,N
NVRI,Enviri Corporation Common Stock,,N,N,N
NVS,Novartis AG Common Stock,,N,N,N
NVST,Envista Holdings Corporation Common Stock,,N,N,N
NVT,nVent Electric plc Ordinary Shares ,,N,N,N
NVTX,Tradr 2X Long NVTS Daily ETF,,Y,N,Z
NWAX,New America Acquisition I Corp. Class A Common Stock,,N,N,N
NWAX.U,"New America Acquisition I Corp. Units, each consisting of one share of Class A Common Stock and one-half of one redeemable warrant",,N,N,N
NWAX.W,"New America Acquisition I Corp. Warrants, each whole warrant is exercisable to purchase one share of Class A common stock",,N,N,N
NWG,"NatWest Group plc American Depositary Shares, (each representing two (2) Ordinary Shares)",,N,N,N
NWN,Northwest Natural Holding Company Common Stock,,N,N,N
NX,Quanex Building Products Corporation Common Stock,,N,N,N
NXB,NextBoat Inc. Common Stcok,,N,N,A
NXDR,"Nextdoor Holdings, Inc. Class A Common Stock",,N,N,N
NXDT,NexPoint Diversified Real Estate Trust Common Stock,,N,N,N
NXDT$A,NexPoint Diversified Real Estate Trust 5.50% Series A Cumulative Preferred Shares ($25.00 liquidation preference per share),,N,N,N
NXE,Nexgen Energy Ltd. Common Shares,,N,N,N
NXG,NXG NextGen Infrastructure Income Fund Common Shares of Beneficial Interest,,N,N,N
NXP,Nuveen Select Tax Free Income Portfolio Common Stock,,N,N,N
NXPG,Leverage Shares 2X Long NXPI Daily ETF,,Y,N,Z
NXPX,Tradr 2X Long NXPI Daily ETF,,Y,N,Z
NXRT,"NexPoint Residential Trust, Inc. Common Stock",,N,N,N
NXTE,AXS Green Alpha ETF,,Y,N,P
NXTI,Simplify Next Intangible Core Index ETF,,Y,N,Z
NXUS,Nuveen International Aggregate Bond ETF,,Y,N,P
NYC,American Strategic Investment Co. Class A Common Stock,,N,N,N
NYF,iShares New York Muni Bond ETF,,Y,N,P
NYM,AB New York Intermediate Municipal ETF,,Y,N,P
NYNY,Corgi NYC Based ETF,,Y,N,Z
NYSX,Global X NYSE 100 ETF,,Y,N,P
NYT,New York Times Company (The) Common Stock,,N,N,N
NYYY,xETFs NVDA Daily Income ETF,,Y,N,P
NZF,Nuveen Municipal Credit Income Fund ,,N,N,N
O,Realty Income Corporation Common Stock,,N,N,N
OACP,OneAscent Core Plus Bond ETF,,Y,N,P
OAEM,OneAscent Emerging Markets ETF,,Y,N,P
OAIM,OneAscent International Equity ETF,,Y,N,P
OAK$A,"Brookfield Oaktree Holdings, LLC 6.625% Series A Preferred Units",,N,N,N
OAK$B,"Brookfield Oaktree Holdings, LLC 6.550% Series B Preferred Units",,N,N,N
OAKG,Oakmark Global Large Cap ETF,,Y,N,P
OAKI,Oakmark International Large Cap ETF,,Y,N,P
OAKM,Oakmark U.S. Large Cap ETF,,Y,N,P
OALC,OneAscent Large Cap Core ETF,,Y,N,P
OARK,YieldMax Innovation Option Income Strategy ETF,,Y,N,P
OASC,OneAscent Enhanced Small and Mid Cap ETF,,Y,N,P
OBDC,Blue Owl Capital Corporation Common Stock,,N,N,N
OBE,Obsidian Energy Ltd. Common Shares,,N,N,A
OBK,"Origin Bancorp, Inc. Common Stock",,N,N,N
OBND,State Street Loomis Sayles Opportunistic Bond ETF,,Y,N,Z
OBOR,KraneShares MSCI One Belt One Road Index ETF,,Y,N,P
OC,Owens Corning Inc Common Stock New,,N,N,N
OCAC.U,"Ocean Capital Acquisition Corporation Units, each consisting of one Class A Ordinary Share, one redeemable Warrant and one Right",,N,N,N
OCDB,Aptus October Deep Buffer ETF,,Y,N,Z
OCIO,ClearShares OCIO ETF,,Y,N,P
OCTB,Aptus October Buffer ETF,,Y,N,Z
OCTH,Innovator Premium Income 20 Barrier ETF - October,,Y,N,Z
OCTJ,Innovator Premium Income 30 Barrier ETF - October,,Y,N,Z
OCTM,FT Vest U.S. Equity Max Buffer ETF - October,,Y,N,Z
OCTP,PGIM S&P 500 Buffer 12 ETF - October,,Y,N,Z
OCTT,AllianzIM U.S. Large Cap Buffer10 Oct ETF,,Y,N,Z
OCTU,AllianzIM U.S. Equity Buffer15 Uncapped Oct ETF,,Y,N,Z
OCTW,AllianzIM U.S. Large Cap Buffer20 Oct ETF,,Y,N,Z
OCTZ,TrueShares Structured Outcome (October) ETF,,Y,N,Z
ODC,Oil-Dri Corporation Of America Common Stock,,N,N,N
ODDZ,Corgi Sports Betting & Gambling ETF,,Y,N,Z
ODHY,Obra Defensive High Yield ETF,,Y,N,P
ODV,Osisko Development Corp. Common Shares,,N,N,N
OEC,Orion S.A. Common Shares,,N,N,N
OEF,iShares S&P 100 Fund,,Y,N,P
OEFA,ALPS O'Shares International Developed Quality Dividend ETF,,Y,N,P
OEI,Optimized Equity Income ETF,,Y,N,P
OFG,OFG Bancorp Common Stock,,N,N,N
OFRM,"Once Upon a Farm, PBC Common Stock",,N,N,N
OGC,OceanaGold Corporation Common Shares,,N,N,N
OGCP,"Empire State Realty OP, L.P. Series 60 Operating Partnership Units Representing Limited Partnership Interests",,N,N,P
OGE,OGE Energy Corp Common Stock,,N,N,N
OGEN,Oragenics Inc. Common Stock,,N,N,A
OGIG,ALPS O'Shares Global Internet Giants ETF,,Y,N,P
OGN,Organon & Co. Common Stock ,,N,N,N
OGS,"ONE Gas, Inc. Common Stock",,N,N,N
OGSP,Obra High Grade Structured Products ETF,,Y,N,P
OHI,"Omega Healthcare Investors, Inc. Common Stock",,N,N,N
OI,"O-I Glass, Inc. Common Stock",,N,N,N
OIA,Invesco Municipal Income Opportunities Trust Common Stock,,N,N,N
OIH,VanEck Oil Services ETF,,Y,N,P
OII,"Oceaneering International, Inc. Common Stock",,N,N,N
OILD,MicroSectors Oil & Gas Exp. & Prod. -3x Inverse Leveraged ETN,,Y,N,P
OILK,ProShares K-1 Free Crude Oil ETF,,Y,N,Z
OILT,Texas Capital Texas Oil Index ETF,,Y,N,P
OILU,MicroSectors Oil & Gas Exp. & Prod. 3x Leveraged ETN,,Y,N,P
OIS,"Oil States International, Inc. Common Stock",,N,N,N
OKE,"ONEOK, Inc. Common Stock",,N,N,N
OKLO,Oklo Inc. Class A common stock,,N,N,N
OKLS,Defiance Daily Target 2X Short OKLO ETF,,Y,N,P
OLN,Olin Corporation Common Stock,,N,N,N
OLP,"One Liberty Properties, Inc. Common Stock",,N,N,N
OMAH,VistaShares Target 15 Berkshire Select Income ETF,,Y,N,P
OMC,Omnicom Group Inc. Common Stock,,N,N,N
OMF,"OneMain Holdings, Inc. Common Stock",,N,N,N
OMFL,Invesco Russell 1000 Dynamic Multifactor ETF,,Y,N,Z
OMFS,Invesco Russell 2000 Dynamic Multifactor ETF,,Y,N,Z
OND,ProShares On-Demand ETF,,Y,N,P
ONDL,Defiance Daily Target 2X Long ONDS ETF,,Y,N,Z
ONDU,Tradr 2X Long ONDS Daily ETF,,Y,N,Z
ONEH,TrueShares Equity Hedge ETF,,Y,N,Z
ONEO,State Street SPDR Russell 1000 Momentum Focus ETF,,Y,N,P
ONEV,State Street SPDR Russell 1000 Low Volatility Focus ETF,,Y,N,P
ONEY,State Street SPDR Russell 1000 Yield Focus ETF,,Y,N,P
ONEZ,TrueShares Seasonality Laddered Buffered ETF,,Y,N,Z
ONG,Leverage Shares 2X Long ON Daily ETF,,Y,N,Z
ONIT,Onity Group Inc. Common Stock,,N,N,N
ONL,Orion Properties Inc. Common Stock,,N,N,N
ONLN,ProShares Online Retail ETF,,Y,N,P
ONOF,Global X Adaptive U.S. Risk Management ETF,,Y,N,P
ONON,On Holding AG Class A Ordinary Shares,,N,N,N
ONT,"Onterris, Inc. Common Stock",,N,N,N
ONTO,Onto Innovation Inc. Common Stock,,N,N,N
ONTX,Corgi ONTO 2x Daily ETF,,Y,N,Z
ONX,Tradr 2X Long ON Daily ETF,,Y,N,Z
OOMA,"Ooma, Inc. Common Stock",,N,N,N
OOSP,Obra Opportunistic Structured Products ETF,,Y,N,P
OPAD,Offerpad Solutions Inc. Class A Common Stock,,N,N,N
OPER,ETF ClearShares Ultra-Short Maturity ETF,,Y,N,P
OPEX,Tradr 2X Long OPEN Daily ETF,,Y,N,Z
OPFI,OppFi Inc. Class A Common Stock,,N,N,N
OPFI.W,OppFi Inc. Warrants,,N,N,N
OPHC,"OptimumBank Holdings, Inc. Common Stock",,N,N,A
OPLN,"OPENLANE, Inc. Common Stock",,N,N,N
OPP,"RiverNorth/DoubleLine Strategic Opportunity Fund, Inc. Common Stock",,N,N,N
OPP$A,"RiverNorth/DoubleLine Strategic Opportunity Fund, Inc. 4.375% Series A Cumulative Preferred Stock",,N,N,N
OPP$B,"RiverNorth/DoubleLine Strategic Opportunity Fund, Inc. 4.75% Series B Cumulative Preferred Stock",,N,N,N
OPP$C,"RiverNorth/DoubleLine Strategic Opportunity Fund, Inc. 6.00% Series C Term Preferred Stock (Liquidation Preference $10.00 per share)",,N,N,A
OPPE,WisdomTree European Opportunities Fund,,Y,N,P
OPTT,"Ocean Power Technologies, Inc. Common Stock",,N,N,A
OPTU,"Optimum Communications, Inc. Class A common stock",,N,N,N
OPY,"Oppenheimer Holdings, Inc. Class A Common Stock (DE)",,N,N,N
OR,OR Royalties Inc. Common Shares,,N,N,N
ORA,"Ormat Technologies, Inc. Common Stock",,N,N,N
ORC,"Orchid Island Capital, Inc. Common Stock",,N,N,N
ORCL,Oracle Corporation Common Stock,,N,N,N
ORCL$D,"Oracle Corporation Depositary Shares, each representing a 1/2,000th interest in a sh of 6.50% Series D Mandatory Convertible Preferred Stock",,N,N,N
ORI,Old Republic International Corporation Common Stock,,N,N,N
ORLA,Orla Mining Ltd. Common Shares,,N,N,A
ORN,"Orion Group Holdings, Inc. Common",,N,N,N
ORO,Arrow Valtoro ETF,,Y,N,Z
OSCR,"Oscar Health, Inc. Class A Common Stock",,N,N,N
OSCV,Opus Small Cap Value ETF,,Y,N,Z
OSEA,Harbor International Compounders ETF,,Y,N,P
OSG,"Octave Specialty Group, Inc. Common Stock",,N,N,N
OSK,Oshkosh Corporation (Holding Company)Common Stock,,N,N,N
OSSL,Defiance Daily Target 2X Long OSS ETF,,Y,N,Z
OSTX,OS Therapies Incorporated Common Stock,,N,N,A
OTAI,Starlink AI Acquisition Corporation Ordinary Shares,,N,N,N
OTAI.R,"Starlink AI Acquisition Corporation Rights, each entitling the holder to receive one-fourth (1/4) of one ordinary share",,N,N,N
OTAI.U,"Starlink AI Acquisition Corporation Units, each consisting of one Ordinary Share, and one Right to receive one-fourth (1/4) of one ordinary share",,N,N,N
OTF,Blue Owl Technology Finance Corp. Common Stock,,N,N,N
OTIS,Otis Worldwide Corporation Common Stock ,,N,N,N
OUNZ,VanEck Merk Gold ETF,,Y,N,P
OUSA,ALPS O'Shares U.S. Quality Dividend ETF,,Y,N,P
OUSM,ALPS O'Shares U.S. Small-Cap Quality Dividend ETF,,Y,N,P
OUT,OUTFRONT Media Inc. Common Stock,,N,N,N
OVB,Overlay Shares Core Bond ETF,,Y,N,Z
OVF,Overlay Shares Foreign Equity ETF,,Y,N,Z
OVL,Overlay Shares Large Cap Equity ETF,,Y,N,Z
OVLH,Overlay Shares Hedged Large Cap Equity ETF,,Y,N,Z
OVM,Overlay Shares Municipal Bond ETF,,Y,N,Z
OVS,Overlay Shares Small Cap Equity ETF,,Y,N,Z
OVT,Overlay Shares Short Term Bond ETF,,Y,N,Z
OVV,Ovintiv Inc. (DE),,N,N,N
OWL,Blue Owl Capital Inc. Class A Common Stock,,N,N,N
OWLT,"Owlet, Inc. Class A Common Stock",,N,N,N
OWN,Inside Ownership 100 ETF,,Y,N,Z
OWNB,Bitwise Bitcoin Standard Corporations ETF,,Y,N,P
OWNS,Quaker Investment Trust CCM Affordable Housing MBS ETF,,Y,N,P
OXM,"Oxford Industries, Inc. Common Stock",,N,N,N
OXY,Occidental Petroleum Corporation Common Stock,,N,N,N
OXY.W,Occidental Petroleum Corporation Warrants ,,N,N,N
OZ,"Belpointe PREP, LLC Class A Units",,N,N,A
P,"Everpure, Inc. Class A common stock",,N,N,N
PAAA,PGIM AAA CLO ETF,,Y,N,P
PAAS,Pan American Silver Corp. Common Stock,,N,N,N
PAAU,T-REX 2X Long PAAS Daily Target ETF,,Y,N,Z
PAB,PGIM Active Aggregate Bond ETF,,Y,N,P
PAC,"Grupo Aeroportuario Del Pacifico, S.A. B. de C.V. Grupo Aeroportuario Del Pacifico, S.A. de C.V. (each representing 10 Series B shares)",,N,N,N
PACK,Ranpak Holdings Corp Class A Common Stock,,N,N,N
PACS,"PACS Group, Inc. Common Stock",,N,N,N
PAG,"Penske Automotive Group, Inc. Common Stock",,N,N,N
PAGS,PagSeguro Digital Ltd. Class A Common Shares,,N,N,N
PAI,Western Asset Investment Grade Income Fund Inc.,,N,N,N
PAII,Pyrophyte Acquisition Corp. II Class A Ordinary Shares,,N,N,N
PAII.U,"Pyrophyte Acquisition Corp. II Units, each consisting of one Class A ordinary share and one-half of one redeemable warrant",,N,N,N
PAII.W,"Pyrophyte Acquisition Corp. II Warrants, each whole warrant exercisable for one Class A Ordinary Share at an exercise price of $11.50 per share",,N,N,N
PALC,Pacer Lunt Large Cap Multi-Factor Alternator ETF,,Y,N,P
PALL,abrdn Physical Palladium Shares ETF,,Y,N,P
PAM,Pampa Energia S.A.,,N,N,N
PAMC,Pacer Lunt MidCap Multi-Factor Alternator ETF,,Y,N,P
PAPI,Parametric Equity Premium Income ETF,,Y,N,P
PAPL,Pineapple Financial Inc. Common Stock,,N,N,A
PAPR,Innovator U.S. Equity Power Buffer ETF - April,,Y,N,Z
PAR,PAR Technology Corporation Common Stock,,N,N,N
PARR,"Par Pacific Holdings, Inc.  Common Stock",,N,N,N
PATH,"UiPath, Inc. Class A Common Stock",,N,N,N
PATX,Tradr 2X Long PATH Daily ETF,,Y,N,Z
PAUG,Innovator U.S. Equity Power Buffer ETF - August,,Y,N,Z
PAVE,Global X U.S. Infrastructure Development ETF,,Y,N,Z
PAWZ,ProShares Pet Care ETF,,Y,N,Z
PAXS,PIMCO Access Income Fund Common Shares of Beneficial Interest,,N,N,N
PAY,"Paymentus Holdings, Inc. Class A Common Stock",,N,N,N
PAYC,"Paycom Software, Inc. Common Stock",,N,N,N
PAYH,TrueShares S&P Autocallable High Income ETF,,Y,N,Z
PAYM,TrueShares S&P Autocallable Defensive Income ETF,,Y,N,Z
PAYR,Federated Hermes Enhanced Income ETF,,Y,N,Z
PB,"Prosperity Bancshares, Inc. Common Stock",,N,N,N
PBA,Pembina Pipeline Corp. Ordinary Shares (Canada),,N,N,N
PBAP,PGIM S&P 500 Buffer 20 ETF - April,,Y,N,Z
PBAU,PGIM S&P 500 Buffer 20 ETF - August,,Y,N,Z
PBD,Invesco Global Clean Energy ETF,,Y,N,P
PBDC,Putnam BDC Income ETF,,Y,N,P
PBDE,PGIM S&P 500 Buffer 20 ETF - December,,Y,N,Z
PBE,Invesco Biotechnology & Genome ETF,,Y,N,P
PBF,PBF Energy Inc. Class A Common Stock,,N,N,N
PBFB,PGIM S&P 500 Buffer 20 ETF - February,,Y,N,Z
PBFR,PGIM Laddered S&P 500 Buffer 20 ETF,,Y,N,Z
PBH,Prestige Consumer Healthcare Inc. Common Stock,,N,N,N
PBI,Pitney Bowes Inc. Common Stock,,N,N,N
PBI$B,Pitney Bowes Inc 6.70% Notes Due 2043,,N,N,N
PBJ,Invesco Food & Beverage ETF,,Y,N,P
PBJA,PGIM S&P 500 Buffer 20 ETF - January,,Y,N,Z
PBJL,PGIM S&P 500 Buffer 20 ETF - July,,Y,N,Z
PBJN,PGIM S&P 500 Buffer 20 ETF - June,,Y,N,Z
PBL,PGIM Portfolio Ballast ETF,,Y,N,Z
PBMR,PGIM S&P 500 Buffer 20 ETF - March,,Y,N,Z
PBMY,PGIM S&P 500 Buffer 20 ETF - May,,Y,N,Z
PBNV,PGIM S&P 500 Buffer 20 ETF - November,,Y,N,Z
PBOC,PGIM S&P 500 Buffer 20 ETF - October,,Y,N,Z
PBOT,Pictet AI & Automation ETF,,Y,N,P
PBP,Invesco S&P 500 BuyWrite ETF,,Y,N,Z
PBR,Petroleo Brasileiro S.A. Petrobras ADS,,N,N,N
PBR.A,Petroleo Brasileiro S.A. Petrobras American Depositary Shares representing Preferred Shares,,N,N,N
PBSE,PGIM S&P 500 Buffer 20 ETF - September,,Y,N,Z
PBT,Permian Basin Royalty Trust Common Stock,,N,N,N
PBTP,Invesco 0-5 Yr US TIPS ETF,,Y,N,Z
PBUS,Invesco MSCI USA ETF,,Y,N,Z
PBW,Invesco WilderHill Clean Energy ETF,,Y,N,P
PCCE,Polen Capital China Growth ETF,,Y,N,P
PCEB,Polen Euro High Yield Bond ETF,,Y,N,P
PCEF,Invesco CEF Income Composite ETF,,Y,N,P
PCF,High Income Securities Fund Common Stock,,N,N,N
PCFI,Polen Floating Rate Income ETF,,Y,N,P
PCG,Pacific Gas & Electric Co. Common Stock,,N,N,N
PCG$A,Pacific Gas & Electric Co. 6% Preferred Stock,,N,N,A
PCG$B,Pacific Gas & Electric Co. 5 1/2% Preferred Stock,,N,N,A
PCG$C,Pacific Gas & Electric Co. 5% 1st Preferred Stock,,N,N,A
PCG$D,Pacific Gas & Electric Co. 5% 1st  Red. Preferred Stock,,N,N,A
PCG$E,Pacific Gas & Electric Co. 5% 1st A Preferred Stock,,N,N,A
PCG$G,Pacific Gas & Electric Co. 4.80% 1st Preferred Stock,,N,N,A
PCG$H,Pacific Gas & Electric Co. 4.50% 1st Preferred Stock,,N,N,A
PCG$I,Pacific Gas & Electric Co. 4.36% 1st Preferred Stock,,N,N,A
PCG$X,PG&E Corp 6.000% Series A Mandatory Convertible Preferred Stock,,N,N,N
PCGG,Polen Capital Global Growth ETF,,Y,N,P
PCHI,Polen High Income ETF,,Y,N,P
PCI,PGIM Corporate Bond 5-10 Year ETF,,Y,N,Z
PCIG,Polen Capital International Growth ETF,,Y,N,P
PCL,PGIM Corporate Bond 10+ Year ETF,,Y,N,Z
PCLC,Polen 5Perspectives Large Growth ETF,,Y,N,P
PCLG,Polen Focus Growth ETF,,Y,N,P
PCLN,Pictet Cleaner Planet ETF,,Y,N,P
PCLO,VIRTUS SEIX AAA Private Credit CLO ETF,,Y,N,P
PCM,"PCM Fund, Inc. Common Stock",,N,N,N
PCN,Pimco Corporate & Income Strategy Fund Common Stock,,N,N,N
PCOR,"Procore Technologies, Inc. Common Stock",,N,N,N
PCPP,Porter & Company Porter Portfolio Index ETF,,Y,N,Z
PCQ,PIMCO California Municipal Income Fund Common Stock,,N,N,N
PCR,Simplify VettaFi Private Credit Strategy ETF,,Y,N,P
PCS,PGIM Corporate Bond 0-5 Year ETF,,Y,N,Z
PCSG,Polen 5Perspectives Small-Mid Growth ETF,,Y,N,P
PCY,Invesco Emerging Markets Sovereign Debt ETF,,Y,N,P
PD,"PagerDuty, Inc. Common Stock",,N,N,N
PDCC,Pearl Diver Credit Company Inc. Common Stock,,N,N,N
PDEC,Innovator U.S. Equity Power Buffer ETF - December,,Y,N,Z
PDI,PIMCO Dynamic Income Fund Common Stock,,N,N,N
PDM,"Piedmont Realty Trust, Inc. Class A Common Stock",,N,N,N
PDN,Invesco RAFI Developed Markets ex-U.S. Small-Mid ETF,,Y,N,P
PDO,PIMCO Dynamic Income Opportunities Fund Common Shares of Beneficial Interest,,N,N,N
PDPA,Pearl Diver Credit Company Inc. 8.00% Series A Preferred Stock Due 2029,,N,N,N
PDS,Precision Drilling Corporation Common Stock,,N,N,N
PDT,John Hancock Premium Dividend Fund,,N,N,N
PDX,PIMCO Dynamic Income Strategy Fund Common Shares of Beneficial Interest,,N,N,N
PEB,Pebblebrook Hotel Trust Common Shares of Beneficial Interest,,N,N,N
PEB$E,Pebblebrook Hotel Trust 6.375% Series E Cumulative Redeemable Preferred Shares of Beneficial Interest,,N,N,N
PEB$F,Pebblebrook Hotel Trust 6.3% Series F Cumulative Redeemable Preferred Shares of Beneficial Interest,,N,N,N
PEB$G,Pebblebrook Hotel Trust 6.375% Series G Cumulative Redeemable Preferred Shares of Beneficial Interest,,N,N,N
PEB$H,Pebblebrook Hotel Trust 5.700% Series H Cumulative Redeemable Preferred Shares of Beneficial Interest,,N,N,N
PED,Pedevco Corp. Common Stock,,N,N,A
PEG,Public Service Enterprise Group Incorporated Common Stock,,N,N,N
PEJ,Invesco Leisure and Entertainment ETF,,Y,N,P
PEMX,Putnam Emerging Markets ex-China ETF,,Y,N,P
PEN,"Penumbra, Inc. Common Stock",,N,N,N
PEO,"Adams Natural Resources Fund, Inc. Common Stock",,N,N,N
PERF,Perfect Corp. Class A Ordinary Share,,N,N,N
PEVC,Pacer PE/VC ETF,,Y,N,P
PEW,GrabAGun Digital Holdings Inc. Common Stock,,N,N,N
PEW.W,"GrabAGun Digital Holdings Inc. Warrants, each whole warrant exercisable to purchase one share of Common Stock at an exercise price of $11.50 per share",,N,N,N
PEX,ProShares Global Listed Private Equity ETF,,Y,N,Z
PEXL,Pacer US Export Leaders ETF,,Y,N,P
PFD,Flaherty & Crumrine Preferred and Income Fund Incorporated,,N,N,N
PFE,"Pfizer, Inc. Common Stock",,N,N,N
PFEB,Innovator U.S. Equity Power Buffer ETF - February,,Y,N,Z
PFFA,Virtus InfraCap U.S. Preferred Stock ETF,,Y,N,P
PFFD,Global X U.S. Preferred ETF,,Y,N,P
PFFL,"ETRACS 2xMonthly Pay Leveraged Preferred Stock Index ETN due September 25, 2048",,N,N,P
PFFR,InfraCap REIT Preferred ETF,,Y,N,P
PFFV,Global X Variable Rate Preferred ETF,,Y,N,P
PFGC,Performance Food Group Company Common Stock,,N,N,N
PFH,"Prudential Financial, Inc. 4.125% Junior Subordinated Notes due 2060",,N,N,N
PFIG,Invesco Fundamental Investment Grade Corporate Bond  ETF,,Y,N,P
PFIX,Simplify Interest Rate Hedge ETF,,Y,N,P
PFL,PIMCO Income Strategy Fund Shares of Beneficial Interest,,N,N,N
PFLA,PennantPark Floating Rate Capital Ltd. 7.375% Notes Due 2031,,N,N,N
PFLD,AAM Low Duration Preferred and Income Securities ETF,,Y,N,P
PFLT,PennantPark Floating Rate Capital Ltd. Common Stock,,N,N,N
PFN,PIMCO Income Strategy Fund II,,N,N,N
PFO,Flaherty & Crumrine Preferred and Income Opportunity Fund Incorporated,,N,N,N
PFRL,PGIM Floating Rate Income ETF,,Y,N,P
PFS,"Provident Financial Services, Inc Common Stock",,N,N,N
PFSI,"PennyMac Financial Services, Inc. Common Stock",,N,N,N
PFXF,VanEck Preferred Securities ex Financials ETF,,Y,N,P
PG,Procter & Gamble Company (The) Common Stock,,N,N,N
PGF,Invesco Financial Preferred ETF,,Y,N,P
PGHY,Invesco Global ex-US High Yield Corporate Bond ETF,,Y,N,P
PGP,Pimco Global StocksPlus & Income Fund Common Shares of Beneficial Interest,,N,N,N
PGR,Progressive Corporation (The) Common Stock,,N,N,N
PGRI,Putnam International Stock ETF,,Y,N,P
PGRO,Putnam Focused Large Cap Growth ETF,,Y,N,P
PGX,Invesco Preferred ETF,,Y,N,P
PGZ,Principal Real Estate Income Fund Common Shares of Beneficial Interest,,N,N,N
PH,Parker-Hannifin Corporation Common Stock,,N,N,N
PHDG,Invesco S&P 500 Downside Hedged ETF,,Y,N,P
PHEQ,Parametric Hedged Equity ETF,,Y,N,P
PHG,Koninklijke Philips N.V. NY Registry Shares,,N,N,N
PHGE,BiomX Inc. COmmon Stock,,N,N,A
PHI,PLDT Inc. Sponsored ADR,,N,N,N
PHIN,PHINIA Inc. Common Stock,,N,N,N
PHK,Pimco High Income Fund,,N,N,N
PHM,"PulteGroup, Inc. Common Stock",,N,N,N
PHR,"Phreesia, Inc. Common Stock",,N,N,N
PHXE$,"Phoenix Energy One, LLC Series A Cumulative Redeemable Preferred Shares",,N,N,A
PHYL,PGIM Active High Yield Bond ETF,,Y,N,P
PHYS,Sprott Physical Gold Trust ETV,,Y,N,P
PICB,Invesco International Corporate Bond ETF,,Y,N,P
PICK,iShares MSCI Global Select Metals & Mining Producers Fund,,Y,N,Z
PIEL,Pacer International Export Leaders ETF,,Y,N,Z
PIEQ,Principal International Equity ETF,,Y,N,Z
PIFI,ClearShares Piton Intermediate Fixed Income ETF,,Y,N,P
PII,Polaris Inc. Common Stock,,N,N,N
PILL,Direxion Daily Pharmaceutical & Medical Bull 3X ETF,,Y,N,P
PIM,Putnam Master Intermediate Income Trust Common Stock,,N,N,N
PINC,PGIM Securitized Income ETF,,Y,N,Z
PINE,"Alpine Income Property Trust, Inc. Common Stock",,N,N,N
PINE$A,"Alpine Income Property Trust, Inc. 8.00% Series A Cumulative Redeemable Preferred Stock",,N,N,N
PINK,Simplify Health Care ETF,,Y,N,P
PINS,"Pinterest, Inc. Class A Common Stock",,N,N,N
PIPE,Invesco SteelPath MLP & Energy Infrastructure ETF,,Y,N,Z
PIPR,Piper Sandler Companies Common Stock,,N,N,N
PIT,VanEck Commodity Strategy ETF,,Y,N,Z
PJAN,Innovator U.S. Equity Power Buffer ETF - January,,Y,N,Z
PJBF,PGIM Jennison Better Future ETF,,Y,N,Z
PJFG,PGIM Jennison Focused Growth ETF,,Y,N,P
PJFM,PGIM Jennison Focused Mid-Cap ETF,,Y,N,Z
PJFV,PGIM Jennison Focused Value ETF,,Y,N,P
PJIO,PGIM Jennison International Opportunities ETF,,Y,N,P
PJP,Invesco Pharmaceuticals ETF,,Y,N,P
PJT,PJT Partners Inc. Class A Common Stock,,N,N,N
PJUL,Innovator U.S. Equity Power Buffer ETF - July,,Y,N,Z
PJUN,Innovator U.S. Equity Power Buffer ETF - June,,Y,N,Z
PJUS,PGIM Jennison U.S. Core Equity ETF,,Y,N,Z
PK,Park Hotels & Resorts Inc. Common Stock ,,N,N,N
PKB,Invesco Building & Construction ETF,,Y,N,P
PKE,Park Aerospace Corp. Common Stock,,N,N,N
PKG,Packaging Corporation of America Common Stock,,N,N,N
PKX,POSCO HOLDINGS INC. American Depositary Shares (Each representing 1/4th of a share of Common Stock),,N,N,N
PL,Planet Labs PBC Class A Common Stock,,N,N,N
PLAG,Planet Green Holdings Corp. Common Stock,,N,N,A
PLD,"Prologis, Inc. Common Stock",,N,N,N
PLG,Platinum Group Metals Ltd. Ordinary Shares (Canada),,N,N,A
PLGI,PL Growth and Income ETF,,Y,N,Z
PLGO,Pelagos Insurance Capital Limited Common Shares,,N,N,N
PLNT,"Planet Fitness, Inc. Common Stock",,N,N,N
PLOW,"Douglas Dynamics, Inc. Common Stock",,N,N,N
PLTA,ProShares Ultra PLTR,,Y,N,P
PLTL,Corgi PLTR 2x Daily ETF,,Y,N,Z
PLTM,GraniteShares Platinum Shares ETF,,Y,N,P
PLTW,Roundhill PLTR WeeklyPay ETF,,Y,N,Z
PLTY,YieldMax PLTR Option Income Strategy ETF,,Y,N,P
PLU,Defiance Daily Target 2x Long PL ETF,,Y,N,Z
PLUN,Plutonian Acquisition Corp II Class A Ordinary Shares,,N,N,N
PLUN.R,"Plutonian Acquisition Corp II Rights, each entitling the holder to receive one-fourth of one Class A Ordinary Share",,N,N,N
PLUN.U,"Plutonian Acquisition Corp II Units, each consisting of one Class A Ordinary Share and one right entitling the holder to one-fourth of one Class A Ordinary Share",,N,N,N
PLX,"Protalix BioTherapeutics, Inc. (DE) Common Stock",,N,N,A
PM,Philip Morris International Inc Common Stock,,N,N,N
PMAP,PGIM S&P 500 Max Buffer ETF - April,,Y,N,Z
PMAR,Innovator U.S. Equity Power Buffer ETF - March,,Y,N,Z
PMAU,PGIM S&P 500 Max Buffer ETF - August,,Y,N,Z
PMAY,Innovator U.S. Equity Power Buffer ETF - May,,Y,N,Z
PMDE,PGIM S&P 500 Max Buffer ETF - December,,Y,N,Z
PMFB,PGIM S&P 500 Max Buffer ETF - February,,Y,N,Z
PMI,"Picard Medical, Inc. Common Stock",,N,N,A
PMIO,PGIM Municipal Income Opportunities ETF,,Y,N,P
PMJA,PGIM S&P 500 Max Buffer ETF - January,,Y,N,Z
PMJL,PGIM S&P 500 Max Buffer ETF - July,,Y,N,Z
PMJN,PGIM S&P 500 Max Buffer ETF - June,,Y,N,Z
PML,Pimco Municipal Income Fund II Common Shares of Beneficial Interest,,N,N,N
PMM,Putnam Managed Municipal Income Trust Common Stock,,N,N,N
PMMF,iShares Prime Money Market ETF,,Y,N,N
PMMR,PGIM S&P 500 Max Buffer ETF - March,,Y,N,Z
PMMY,PGIM S&P 500 Max Buffer ETF - May,,Y,N,Z
PMNV,PGIM S&P 500 Max Buffer ETF - November,,Y,N,Z
PMO,Putnam Municipal Opportunities Trust Common Stock,,N,N,N
PMOC,PGIM S&P 500 Max Buffer ETF - October,,Y,N,Z
PMSE,PGIM S&P 500 Max Buffer ETF - September,,Y,N,Z
PMT,PennyMac Mortgage Investment Trust Common Shares of Beneficial Interest,,N,N,N
PMT$A,PennyMac Mortgage Investment Trust 8.125% Series A Fixed-to-Floating Rate Cumulative Redeemable Preferred Shares of Beneficial Interest,,N,N,N
PMT$B,PennyMac Mortgage Investment Trust 8.00% Series B Fixed-to-Floating Rate Cumulative Redeemable Preferred Shares of Beneficial Interest,,N,N,N
PMT$C,PennyMac Mortgage Investment Trust 6.75% Series C Cumulative Redeemable Preferred Shares of Beneficial Interest,,N,N,N
PMTU,PennyMac Mortgage Investment Trust 8.50% Senior Notes due 2028,,N,N,N
PMTV,PennyMac Mortgage Investment Trust 9.00% Senior Notes due 2030,,N,N,N
PMTW,PennyMac Mortgage Investment Trust 9.00% Senior Notes due 2030,,N,N,N
PNC,"PNC Financial Services Group, Inc. (The) Common Stock",,N,N,N
PNFP,"Pinnacle Financial Partners, Inc. Common stock",,N,N,N
PNFP$A,"Pinnacle Financial Partners, Inc. Fixed-to-Floating Rate Non-Cumulative Perpetual Preferred Stock, Series A",,N,N,N
PNFP$B,"Pinnacle Financial Partners, Inc. Fixed-to-Floating Rate Non-Cumulative Perpetual Preferred Stock, Series B",,N,N,N
PNFP$C,"Pinnacle Financial Partners, Inc. Fixed-to-Floating Rate Non-Cumulative Perpetual Preferred Stock, Series C",,N,N,N
PNI,Pimco New York Municipal Income Fund II Common Shares of Beneficial Interest,,N,N,N
PNNT,PennantPark Investment Corporation Common Stock,,N,N,N
PNOV,Innovator U.S. Equity Power Buffer ETF - November,,Y,N,Z
PNR,Pentair plc. Ordinary Share,,N,N,N
PNW,Pinnacle West Capital Corporation Common Stock,,N,N,N
POAS,Phaos Technology Holdings (Cayman) Limited Class A Ordinary Shares,,N,N,A
POCT,Innovator U.S. Equity Power Buffer ETF - October,,Y,N,Z
POEL,Defiance Daily Target 2X Long POET ETF,,Y,N,Z
PONX,Tradr 2X Long PONY Daily ETF,,Y,N,Z
POR,Portland General Electric Co Common Stock,,N,N,N
POST,"Post Holdings, Inc. Common Stock",,N,N,N
POW,VistaShares Electrification Supercycle ETF,,Y,N,P
POWA,Invesco Bloomberg Pricing Power ETF,,Y,N,P
POWR,iShares U.S. Power Infrastructure ETF,,Y,N,P
PPA,Invesco Aerospace & Defense ETF,,Y,N,P
PPG,"PPG Industries, Inc. Common Stock",,N,N,N
PPL,PPL Corporation Common Stock,,N,N,N
PPLC,PPL Corporation Corporate Units,,N,N,N
PPLT,abrdn Physical Platinum Shares ETF,,Y,N,P
PPT,Putnam Premier Income Trust Common Stock,,N,N,N
PPTY,U.S. Diversified Real Estate ETF,,Y,N,P
PQDI,Principal Spectrum Preferred and Income ETF,,Y,N,P
PQNT,Pictet AI Enhanced International Equity ETF,,Y,N,P
PQUS,Pictet AI Enhanced US Equity ETF,,Y,N,P
PR,Permian Resources Corporation Class A Common Stock,,N,N,N
PRAB,State Street IG Public & Private ABS ETF,,Y,N,P
PRAE,PlanRock Alternative Growth ETF,,Y,N,P
PRAY,FIS Christian Stock Fund,,Y,N,P
PRCS,Parnassus Core Select ETF,,Y,N,N
PREF,Principal Spectrum Preferred Securities Active ETF,,Y,N,P
PRF,Invesco RAFI US 1000 ETF,,Y,N,P
PRFD,PIMCO Preferred and Capital Securities Active Exchange-Traded Fund,,Y,N,P
PRG,"PROG Holdings, Inc. Common Stock",,N,N,N
PRGO,Perrigo Company plc Ordinary Shares,,N,N,N
PRH,"Prudential Financial, Inc. 5.950% Junior Subordinated Notes due 2062",,N,N,N
PRI,"Primerica, Inc. Common Stock",,N,N,N
PRIF$D,"Priority Income Fund, Inc. 7.00% Series D Term Preferred Stock due 2029",,N,N,N
PRIF$K,"Priority Income Fund, Inc. 7.000% Series K Cumulative Preferred Stock",,N,N,N
PRIF$L,"Priority Income Fund, Inc. 6.375% Series L Term Preferred Stock Due 2029",,N,N,N
PRIM,Primoris Services Corporation Common Stock,,N,N,N
PRIV,State Street IG Public & Private Credit ETF,,Y,N,P
PRIZ,Zacks Preferred Income ETF,,Y,N,P
PRK,Park National Corporation Common Stock,,N,N,A
PRKS,United Parks & Resorts Inc. Common Stock,,N,N,N
PRLB,"Proto Labs, Inc. Common stock",,N,N,N
PRM,"Perimeter Solutions, SA Common Stock",,N,N,N
PRMB,Primo Brands Corporation Class A Common Stock,,N,N,N
PRNT,3D Printing (The) ETF,,Y,N,Z
PRS,"Prudential Financial, Inc. 5.625% Junior Subordinated Notes due 2058",,N,N,N
PRSD,State Street Short Duration IG Public & Private Credit ETF,,Y,N,P
PRSU,"Pursuit Attractions and Hospitality, Inc. Common Stock",,N,N,N
PRT,PermRock Royalty Trust Units of Beneficial Interest,,N,N,N
PRTO,RCN Pareto Strategic Allocation ETF,,Y,N,P
PRU,"Prudential Financial, Inc. Common Stock",,N,N,N
PRVS,Parnassus Value Select ETF,,Y,N,N
PRXG,Praxis Impact Large Cap Growth ETF,,Y,N,P
PRXI,Praxis Impact International ETF,,Y,N,P
PRXV,Praxis Impact Large Cap Value ETF,,Y,N,P
PS,Pershing Square Inc. Common Stock,,N,N,N
PSA,Public Storage Common Stock,,N,N,N
PSA$F,"Public Storage Depositary Shares Each Representing 1/1,000 of a 5.15% Cumulative Preferred Share of Beneficial Interest, Series F, par value $0.01 per share",,N,N,N
PSA$G,"Public Storage Depositary Shares, Each Representing 1/1,000 of a 5.05% Cumulative Preferred Share of Beneficial Interest, Series G",,N,N,N
PSA$H,"Public Storage Depositary Shares Each Representing 1/1,000 of a  5.60% Cumulative Preferred  Share of Beneficial Interest, Series H",,N,N,N
PSA$I,"Public Storage Depositary Shares Each Representing 1/1,000 of a 4.875% Cumulative Preferred Share of Beneficial Interest, Series I, par value $0.01 per share",,N,N,N
PSA$J,"Public Storage Depositary Shares Each Representing 1/1,000 of a 4.700% Cumulative Preferred Share of Beneficial Interest, Series J, par value $0.01 per share",,N,N,N
PSA$K,"Public Storage Depositary Shares Each Representing 1/1,000 of a 4.75% Cumulative Preferred Share of Beneficial Interest, Series K",,N,N,N
PSA$L,"Public Storage Depositary Shares Each Representing 1/1,000 of a 4.625% Cumulative Preferred Share of Beneficial Interest, Series L, par value $0.01 per share",,N,N,N
PSA$M,"Public Storage Depositary Shares Each Representing 1/1,000 of a 4.125% Cumulative Preferred Share of Beneficial Interest, Series M",,N,N,N
PSA$N,"Public Storage Depositary Shares Each Representing 1/1,000 of a 3.875% Cumulative Preferred Share of Beneficial Interest, Series N",,N,N,N
PSA$O,"Public Storage Depositary Shares Each Representing 1/1,000 of a 3.900% Cumulative Preferred Share of Beneficial Interest, Series O",,N,N,N
PSA$P,"Public Storage Depositary Shares Each Representing 1/1,000 of a 4.000% Cumulative Preferred Share of Bene cial Interest, Series P",,N,N,N
PSA$Q,"Public Storage Depositary Shares Each Representing 1/1,000 of a 3.950% Cumulative Preferred Share of Beneficial Interest, Series Q, par value $0.01 per share",,N,N,N
PSA$R,"Public Storage Depositary Shares Each Representing 1/1,000 of a 4.00% Cumulative Preferred Share of Bene cial Interest, Series R",,N,N,N
PSA$S,"Public Storage Depositary Shares Each Representing 1/1,000 of a 4.100% Cumulative Preferred Share of Beneficial Interest, Series S",,N,N,N
PSAI,Pacer S&P 500 3AI Top 100 ETF,,Y,N,Z
PSBD,Palmer Square Capital BDC Inc. Common Stock,,N,N,N
PSCJ,Pacer Swan SOS Conservative (July) ETF,,Y,N,Z
PSCQ,Pacer Swan SOS Conservative (October) ETF,,Y,N,Z
PSCW,Pacer Swan SOS Conservative (April) ETF,,Y,N,Z
PSCX,Pacer Swan SOS Conservative (January) ETF,,Y,N,Z
PSDM,PGIM Short Duration Multi-Sector Bond ETF,,Y,N,Z
PSEC$A,Prospect Capital Corporation 5.35% Series A Fixed Rate Cumulative Perpetual Preferred Stock,,N,N,N
PSEP,Innovator U.S. Equity Power Buffer ETF - September,,Y,N,Z
PSF,"Cohen & Steers Select Preferred and Income Fund, Inc. Common Stock",,N,N,N
PSFD,Pacer Swan SOS Flex (January) ETF,,Y,N,Z
PSFE,Paysafe Limited Common Shares,,N,N,N
PSFF,Pacer Swan SOS Fund of Funds ETF,,Y,N,Z
PSFJ,Pacer Swan SOS Flex (July) ETF,,Y,N,Z
PSFM,Pacer Swan SOS Flex (April) ETF,,Y,N,Z
PSFO,Pacer Swan SOS Flex (October) ETF,,Y,N,Z
PSH,PGIM Short Duration High Yield ETF,,Y,N,Z
PSI,Invesco Semiconductors ETF,,Y,N,P
PSIL,AdvisorShares Psychedelics ETF,,Y,N,P
PSK,State Street SPDR ICE Preferred Securities ETF,,Y,N,P
PSLV,Sprott Physical Silver Trust ETV,,Y,N,P
PSMD,Pacer Swan SOS Moderate (January) ETF,,Y,N,Z
PSMJ,Pacer Swan SOS Moderate (July) ETF,,Y,N,Z
PSMO,Pacer Swan SOS Moderate (October) ETF,,Y,N,Z
PSMR,Pacer Swan SOS Moderate (April) ETF,,Y,N,Z
PSN,Parsons Corporation Common Stock,,N,N,N
PSO,"Pearson, Plc Common Stock",,N,N,N
PSP,Invesco Global Listed Private Equity ETF,,Y,N,P
PSQ,ProShares Short QQQ,,Y,N,P
PSQA,Palmer Square CLO Senior Debt ETF,,Y,N,P
PSQH,"PSQ Holdings, Inc. Class A Common Stock",,N,N,N
PSQH.W,"PSQ Holdings, Inc. Warrants, each exercisable for one share of Class A common stock at an exercise price of $11.50 per share",,N,N,N
PSQO,Palmer Square Credit Opportunities ETF,,Y,N,P
PSR,Invesco Active U.S. Real Estate Fund,,Y,N,P
PST,ProShares UltraShort Lehman 7-10 Year Treasury,,Y,N,P
PSTL,"Postal Realty Trust, Inc. Class A Common Stock",,N,N,N
PSTP,Innovator Power Buffer Step-Up Strategy ETF,,Y,N,P
PSUS,"Pershing Square USA, Ltd. Common Shares",,N,N,N
PSX,Phillips 66 Common Stock,,N,N,N
PTA,Cohen & Steers Tax-Advantaged Preferred Securities and Income Fund Common Shares of Beneficial Interest,,N,N,N
PTBD,Pacer Trendpilot US Bond ETF,,Y,N,P
PTEU,Pacer TrendpilotTM European Index ETF,,Y,N,Z
PTHS,Pelthos Therapeutics Inc. Common Stock,,N,N,A
PTIN,Pacer Trendpilot International ETF,,Y,N,P
PTL,Inspire 500 ETF,,Y,N,P
PTLC,Pacer Trendpilot US Large Cap ETF,,Y,N,Z
PTMC,Pacer Trendpilot US Mid Cap ETF,,Y,N,Z
PTNT,Corgi IP Licensing & Royalties ETF,,Y,N,Z
PTRB,PGIM Total Return Bond ETF,,Y,N,P
PTY,Pimco Corporate & Income Opportunity Fund,,N,N,N
PUK,Prudential Public Limited Company Common Stock,,N,N,N
PULS,PGIM Ultra Short Bond ETF,,Y,N,P
PUMP,ProPetro Holding Corp. Common Stock,,N,N,N
PUSH,PGIM Ultra Short Municipal Bond ETF,,Y,N,P
PVAL,Putnam Focused Large Cap Value ETF,,Y,N,P
PVEX,TrueShares ConVex Protect ETF,,Y,N,Z
PVH,PVH Corp. Common Stock,,N,N,N
PVI,Invesco Floating Rate Municipal Income ETF,,Y,N,P
PVL,Permianville Royalty Trust Units of Beneficial Interest,,N,N,N
PW,Power REIT (MD) Common Stock,,N,N,A
PW$A,Power REIT 7.75% Series A Cumulative Perpetual Preferred Stock,,N,N,A
PWB,Invesco Large Cap Growth ETF,,Y,N,P
PWER,Nomura Energy Transition ETF,,Y,N,P
PWR,"Quanta Services, Inc. Common Stock",,N,N,N
PWS,Pacer WealthShield ETF,,Y,N,Z
PWV,Invesco Large Cap Value ETF,,Y,N,P
PWZ,Invesco California AMT-Free Municipal Bond Portfolio,,Y,N,P
PXE,Invesco Energy Exploration & Production ETF,,Y,N,P
PXED,"Phoenix Education Partners, Inc. Common Stock",,N,N,N
PXF,Invesco RAFI Developed Markets ex-U.S. ETF,,Y,N,P
PXH,Invesco RAFI Emerging Markets ETF,,Y,N,P
PXJ,Invesco Oil & Gas Services ETF,,Y,N,P
PYLD,PIMCO Multisector Bond Active Exchange-Traded Fund,,Y,N,P
PYPU,Direxion Daily PYPL Bull 2X ETF,,Y,N,P
PYPY,YieldMax PYPL Option Income Strategy ETF,,Y,N,P
PYT,PPlus Tr GSC-2 Tr Ctf Fltg Rate,,N,N,N
PZA,Invesco National AMT-Free Municipal Bond ETFo,,Y,N,P
PZG,Paramount Gold Nevada Corp. Common Stock,,N,N,A
PZIV,Pzena International Value ETF,,Y,N,P
PZLV,Pzena U.S. Large Cap Value ETF,,Y,N,P
PZT,Invesco New York AMT-Free Municipal Bond ETF,,Y,N,P
Q,"Qnity Electronics, Inc. Common Stock",,N,N,N
QAI,NYLI Hedge Multi-Strategy Tracker ETF,,Y,N,P
QARP,Xtrackers Russell 1000 US Quality at a Reasonable Price ETF ETF,,Y,N,P
QBER,TrueShares Quarterly Bear Hedge ETF,,Y,N,Z
QBF,Innovator Uncapped Bitcoin 20 Floor ETF - Quarterly,,Y,N,Z
QBIF,AllianzIM International Equity Buffer15 ETF,,Y,N,Z
QBIV,AllianzIM International Equity Buffer5 ETF,,Y,N,Z
QBKF,AllianzIM U.S. Small Cap Buffer15 ETF,,Y,N,Z
QBKV,AllianzIM U.S. Small Cap Buffer5 ETF,,Y,N,Z
QBQF,AllianzIM Growth-100 Buffer15 ETF,,Y,N,Z
QBQV,AllianzIM Growth-100 Buffer5 ETF,,Y,N,Z
QBSF,AllianzIM U.S. Equity Buffer15 ETF,,Y,N,Z
QBSV,AllianzIM U.S Equity Buffer5 ETF,,Y,N,Z
QBTS,D-Wave Quantum Inc. Common Shares,,N,N,N
QBTX,Tradr 2X Long QBTS Daily ETF,,Y,N,Z
QBUL,TrueShares Quarterly Bull Hedge ETF,,Y,N,Z
QCAP,FT Vest Nasdaq-100 Conservative Buffer ETF - April,,Y,N,Z
QCJA,FT Vest Nasdaq-100 Conservative Buffer ETF - January,,Y,N,Z
QCJL,FT Vest Nasdaq-100 Conservative Buffer ETF - July,,Y,N,Z
QCOC,FT Vest Nasdaq-100 Conservative Buffer ETF - October,,Y,N,Z
QDEC,FT Vest Nasdaq-100 Buffer ETF - December,,Y,N,Z
QDEF,FlexShares Quality Dividend Defensive Index Fund,,Y,N,P
QDF,FlexShares Quality Dividend Index Fund,,Y,N,P
QDIV,Global X S&P 500 Quality Dividend ETF,,Y,N,P
QDPL,Pacer Metaurus US Large Cap Dividend Multiplier 400 ETF,,Y,N,P
QDTE,Roundhill Innovation-100 0DTE Covered Call Strategy ETF,,Y,N,Z
QDVO,Amplify CWP Growth & Income ETF,,Y,N,P
QEFA,State Street SPDR MSCI EAFE StrategicFactors ETF,,Y,N,P
QEMM,State Street SPDR MSCI Emerging Markets StrategicFactors ETF,,Y,N,P
QETH,Invesco Galaxy Ethereum ETF,,Y,N,Z
QFHD,Pacer S&P 500 Quality FCF High Dividend ETF,,Y,N,Z
QFLR,Innovator Nasdaq-100 Managed Floor ETF,,Y,N,P
QFRD,Pacer S&P 500 Quality FCF R&D Leaders,,Y,N,Z
QGEN,Qiagen N.V. Common Shares,,N,N,N
QGRO,American Century U.S. Quality Growth ETF,,Y,N,P
QGRW,WisdomTree U.S. Quality Growth Fund,,Y,N,P
QHY,WisdomTree U.S. High Yield Corporate Bond Fund,,Y,N,Z
QID,ProShares UltraShort QQQ,,Y,N,P
QIDX,Indexperts Quality Earnings Focused ETF,,Y,N,P
QIG,WisdomTree U.S. Corporate Bond Fund,,Y,N,Z
QINT,American Century Quality Diversified International ETF,,Y,N,P
QIS,Simplify Multi-QIS Alternative ETF,,Y,N,P
QJN,Corgi Growth & Technology 10% Structured Buffer ETF - June Series,,Y,N,Z
QJUN,FT Vest Nasdaq-100 Buffer ETF - June,,Y,N,Z
QLC,FlexShares US Quality Large Cap Index Fund,,Y,N,Z
QLD,ProShares Ultra QQQ,,Y,N,P
QLEP,Quantum Leap Acquisition Corp Class A Ordinary Shares,,N,N,N
QLEP.W,"Quantum Leap Acquisition Corp Warrants, each whole warrant exercisable for one Class A Ordinary Share at an exercise price of $11.50 per share",,N,N,N
QLTA,iShares Aaa A Rated Corporate Bond ETF,,Y,N,P
QLTI,GMO International Quality ETF,,Y,N,P
QLTY,GMO U.S. Quality ETF,,Y,N,P
QLV,FlexShares US Quality Low Volatility Index Fund,,Y,N,P
QLVD,FlexShares Developed Markets ex-US Quality Low Volatility Index Fund,,Y,N,P
QLVE,FlexShares Emerging Markets  Quality Low Volatility Index Fund,,Y,N,P
QMAG,FT Vest Nasdaq-100 Moderate Buffer ETF - August,,Y,N,Z
QMAR,FT Vest Nasdaq-100 Buffer ETF - March,,Y,N,Z
QMFE,FT Vest Nasdaq-100 Moderate Buffer ETF - February,,Y,N,Z
QMMY,FT Vest Nasdaq-100 Moderate Buffer ETF - May,,Y,N,Z
QMNV,FT Vest Nasdaq-100 Moderate Buffer ETF - November,,Y,N,Z
QMY,Corgi Growth & Technology 10% Structured Buffer ETF - May Series,,Y,N,Z
QNC,Quantum eMotion Corp. Common Shares,,N,N,A
QPX,AdvisorShares Q Dynamic Growth ETF,,Y,N,P
QQH,HCM Defender 100 Index ETF,,Y,N,P
QQJN,Corgi Growth & Technology 15% Structured Buffer ETF - June Series,,Y,N,Z
QQMY,Corgi Growth & Technology 15% Structured Buffer ETF - May Series,,Y,N,Z
QQQD,Direxion Daily Magnificent 7 Bear 1X ETF,,Y,N,P
QQQU,Direxion Daily Magnificent 7 Bull 2X ETF,,Y,N,P
QRED,QuasarEdge Acquisition Corporation Ordinary Shares,,N,N,N
QRED.R,QuasarEdge Acquisition Corporation Rights to receive one-fourth (1/4) of one Ordinary Share,,N,N,N
QRED.U,"QuasarEdge Acquisition Corporation Units, each consisting of one Ordinary Share and one right entitling the holder to receive one-fourth (1/4) of one Ordinary Share",,N,N,N
QRFT,QRAFT AI-Enhanced U.S. Large Cap ETF,,Y,N,P
QSIG,WisdomTree U.S. Short Term Corporate Bond Fund,,Y,N,Z
QSOL,Invesco Galaxy Solana ETF,,Y,N,Z
QSPT,FT Vest Nasdaq-100 Buffer ETF - September,,Y,N,Z
QSR,Restaurant Brands International Inc. Common Shares,,N,N,N
QSU,Defiance Daily Target 2X Long QS ETF,,Y,N,P
QTAC,Q3 All-Season Tactical Advantage ETF,,Y,N,Z
QTAP,Innovator Growth Accelerated Plus ETF - April,,Y,N,Z
QTJA,Innovator Growth Accelerated Plus ETF - January,,Y,N,Z
QTJL,Innovator Growth Accelerated Plus ETF - July,,Y,N,Z
QTOC,Innovator Growth Accelerated Plus ETF - October,,Y,N,Z
QTPI,North Square RCIM Tax-Advantaged Preferred and Income Securities ETF,,Y,N,P
QTUP,Defiance Long Pure Quantum ETF,,Y,N,Z
QTWO,"Q2 Holdings, Inc. Common Stock",,N,N,N
QUAD,"Quad Graphics, Inc Class A Common Stock",,N,N,N
QUAL,iShares MSCI USA Quality Factor ETF,,Y,N,Z
QUBX,Tradr 2X Long QUBT Daily ETF,,Y,N,Z
QUIZ,Zacks Quality International ETF,,Y,N,P
QULL,ETRACS 2x Leveraged MSCI US Quality Factor TR ETN,,Y,N,P
QUS,State Street SPDR MSCI USA StrategicFactors ETF,,Y,N,P
QUSA,VistaShares Target 15 USA Quality Income ETF,,Y,N,P
QVML,Invesco S&P 500 QVM Multi-factor ETF,,Y,N,P
QVMM,Invesco S&P MidCap 400 QVM Multi-factor ETF,,Y,N,P
QVMS,Invesco S&P SmallCap 600 QVM Multi-factor ETF,,Y,N,P
QVMT,Invesco S&P 500 Concentrated QVM ETF,,Y,N,P
QVOY,Q3 Active Rotation ETF,,Y,N,Z
QWLD,State Street SPDR MSCI World StrategicFactors ETF,,Y,N,P
QXO,"QXO, Inc. Common Stock",,N,N,N
QXO$B,"QXO, Inc.  Depositary Shares, each representing a 1/20th interest in a share of 5.50% Series B Mandatory Convertible Preferred Stock",,N,N,N
R,"Ryder System, Inc. Common Stock",,N,N,N
RA,Brookfield Real Assets Income Fund Inc. Common Stock,,N,N,N
RAAA,Reckoner Yield Enhanced AAA CLO ETF,,Y,N,P
RAAR,Reckoner Yield Enhanced AAA CLO Reinvesting ETF,,Y,N,P
RAAX,VanEck Real Assets ETF,,Y,N,P
RAAY,Reckoner Yield Enhanced AAA CLO Annual ETF,,Y,N,P
RAC,Rithm Acquisition Corp. Class A Ordinary Shares,,N,N,N
RAC.U,Rithm Acquisition Corp. Units (each consists of one Class A Ordinary Share and one-third of one redeemable Warrant),,N,N,N
RAC.W,"Rithm Acquisition Corp. Redeemable warrants, each whole warrant exercisable for one Class A ordinary share at an exercise price of $11.50",,N,N,N
RACE,Ferrari N.V. Common Shares,,N,N,N
RACK,VanEck Data Center Supply Chain ETF,,Y,N,Z
RAFE,PIMCO RAFI ESG U.S. ETF,,Y,N,P
RAL,Ralliant Corporation Common Stock,,N,N,N
RAM,Roundhill T-REX 2X Long DRAM Daily Target ETF,,Y,N,Z
RAMP,"LiveRamp Holdings, Inc. Common Stock",,N,N,N
RAVI,FlexShares Ultra-Short Income Fund,,Y,N,P
RAYJ,Rayliant SMDAM Japan Equity ETF,,Y,N,P
RB,ProShares Russell 2000 Dynamic Buffer ETF,,Y,N,Z
RBA,"RB Global, Inc. Common Stock",,N,N,N
RBC,RBC Bearings Incorporated Common Stock,,N,N,N
RBLD,First Trust Alerian US NextGen Infrastructure ETF,,Y,N,P
RBLU,T-REX 2X Long RBLX Daily Target ETF,,Y,N,Z
RBLX,Roblox Corporation Class A Common Stock,,N,N,N
RBLY,YieldMax RBLX Option Income Strategy ETF,,Y,N,P
RBRK,"Rubrik, Inc. Class A Common Stock",,N,N,N
RBUF,Innovator U.S. Small Cap 10 Buffer ETF - Quarterly,,Y,N,Z
RC,Ready Capital Corporation Common Stock,,N,N,N
RC$C,Ready Capital Corporation 6.25% Series C Cumulative Convertible Preferred Stock,,N,N,N
RC$E,Ready Capital Corporation 6.50% Series E Cumulative Redeemable Preferred Stock,,N,N,N
RCD,Ready Capital Corporation 9.00% Senior Notes due 2029,,N,N,N
RCG,"RENN Fund, Inc Common Stock",,N,N,A
RCI,"Rogers Communication, Inc. Common Stock",,N,N,N
RCL,Royal Caribbean Cruises Ltd. Common Stock,,N,N,N
RCLO,Reckoner BBB-B CLO ETF,,Y,N,P
RCLR,Reckoner BBB-B CLO Reinvesting ETF,,Y,N,P
RCLY,Reckoner BBB-B CLO Annual ETF,,Y,N,P
RCS,"PIMCO Strategic Income Fund, Inc.",,N,N,N
RCTR,First Trust Bloomberg Nuclear Power ETF,,Y,N,P
RCUS,"Arcus Biosciences, Inc. Common Stock",,N,N,N
RDDT,"Reddit, Inc. Class A Common Stock",,N,N,N
RDFI,Rareview Dynamic Fixed Income ETF,,Y,N,Z
RDIV,Invesco S&P Ultra Dividend Revenue ETF,,Y,N,P
RDN,Radian Group Inc. Common Stock,,N,N,N
RDOG,ALPS REIT Dividend Dogs ETF,,Y,N,P
RDTE,Roundhill Russell 2000 0DTE Covered Call Strategy ETF,,Y,N,Z
RDVI,FT Vest Rising Dividend Achievers Target Income ETF,,Y,N,Z
RDW,Redwire Corporation Common Stock,,N,N,N
RDWU,T-REX 2X Long RDW Daily Target ETF,,Y,N,Z
RDY,Dr. Reddy's Laboratories Ltd Common Stock,,N,N,N
RDYY,YieldMax RDDT Option Income Strategy ETF,,Y,N,P
REA,"Rare Earths Americas, Inc. Common Stock",,N,N,A
RECS,Columbia Research Enhanced Core ETF,,Y,N,P
REED,"Reed's, Inc. Common Stock",,N,N,A
REET,iShares Global REIT ETF,,Y,N,P
REFA,Columbia Research Enhanced International Equity ETF,,Y,N,P
REGL,ProShares S&P MidCap 400 Dividend Aristocrats ETF,,Y,N,Z
REGS,Columbia Large Cap Growth ETF,,Y,N,P
REI,"Ring Energy, Inc. Common Stock",,N,N,A
REK,ProShares Short Real Estate,,Y,N,P
RELX,RELX PLC PLC American Depositary Shares (Each representing One Ordinary Share),,N,N,N
REM,iShares Mortgage Real Estate ETF,,Y,N,Z
REMC,Columbia Research Enhanced Mid Cap ETF,,Y,N,P
REMX,VanEck Rare Earth and Strategic Metals ETF,,Y,N,P
REPX,"Riley Exploration Permian, Inc. Common Stock",,N,N,A
RERE,ATRenew Inc. American Depositary Shares (every three of which representing two Class A ordinary shares),,N,N,N
RES,"RPC, Inc. Common Stock",,N,N,N
RESM,Columbia Research Enhanced Small Cap ETF,,Y,N,P
RETL,Direxion Daily Retail Bull 3X ETF,,Y,N,P
REVS,Columbia Research Enhanced Value ETF,,Y,N,P
REW,ProShares UltraShort Technology,,Y,N,P
REX,REX American Resources Corporation,,N,N,N
REXR,"Rexford Industrial Realty, Inc. Common Stock",,N,N,N
REXR$B,"Rexford Industrial Realty, Inc. 5.875% Series B Cumulative Redeemable Preferred Stock",,N,N,N
REXR$C,"Rexford Industrial Realty, Inc. 5.625% Series C Cumulative Redeemable Preferred Stock, par value $0.01 per share",,N,N,N
REZ,iShares Residential and Multisector Real Estate ETF,,Y,N,P
REZI,"Resideo Technologies, Inc. Common Stock ",,N,N,N
RF,Regions Financial Corporation Common Stock,,N,N,N
RF$C,"Regions Financial Corporation Depositary Shares, each Representing a 1/40th Interest in a  Share of 5.700% Fixed-to-Floating Rate Non-Cumulative  Perpetual Preferred Stock, Series C",,N,N,N
RF$E,"Regions Financial Corporation Depositary Shares, Each Representing a 1/40th Interest in a Share of 4.45% Non-Cumulative Perpetual Preferred Stock, Series E",,N,N,N
RF$F,"Regions Financial Corporation Depositary Shares Each Representing a 1/40th Interest in a Share of Non-Cumulative Perpetual Preferred Stock, Series F",,N,N,N
RFCI,ALPS Dynamic Core Income ETF,,Y,N,P
RFDA,ALPS Dynamic US Dividend Advantage ETF,,Y,N,P
RFFC,ALPS Active Equity Opportunity ETF,,Y,N,P
RFG,Invesco S&P MidCap 400 Pure Growth ETF,,Y,N,P
RFI,"Cohen & Steers Total Return Realty Fund, Inc. Common Stock",,N,N,N
RFIX,Simplify Bond Bull ETF,,Y,N,P
RFL,"Rafael Holdings, Inc. Class B Common Stock",,N,N,N
RFLR,Innovator U.S. Small Cap Managed Floor ETF,,Y,N,P
RFM,"RiverNorth Flexible Municipal Income Fund, Inc. Common Stock",,N,N,N
RFMZ,"RiverNorth Flexible Municipal Income Fund II, Inc. Common Stock",,N,N,N
RFV,Invesco S&P MidCap 400 Pure Value ETF,,Y,N,P
RGA,"Reinsurance Group of America, Incorporated Common Stock",,N,N,N
RGEF,Rockefeller Global Equity ETF,,Y,N,P
RGNT,Regentis Biomaterials Ltd. Ordinary Shares,,N,N,A
RGR,"Sturm, Ruger & Company, Inc. Common Stock",,N,N,N
RGT,"Royce Global Trust, Inc. Common Stock",,N,N,N
RGTU,Tradr 2X Long RGTI Daily ETF,,Y,N,Z
RH,RH Common Stock,,N,N,N
RHI,Robert Half Inc. Common Stock,,N,N,N
RHLD,Resolute Holdings Management Common Stock ,,N,N,N
RHP,"Ryman Hospitality Properties, Inc. (REIT)",,N,N,N
RHRX,RH Tactical Rotation ETF,,Y,N,P
RHTX,RH Tactical Outlook ETF,,Y,N,P
RIET,Hoya Capital High Dividend Yield ETF,,Y,N,P
RIG,Transocean Ltd (Switzerland) Common Stock,,N,N,N
RIGS,ALPS Strategic Income Fund,,Y,N,P
RILA,Indexperts Gorilla Aggressive Growth ETF,,Y,N,P
RINF,ProShares Inflation Expectations ETF,,Y,N,P
RIO,Rio Tinto Plc Common Stock,,N,N,N
RIOX,Defiance Daily Target 2X Long RIOT ETF,,Y,N,P
RISE,Pictet Emerging Markets Rising Economies ETF,,Y,N,P
RISN,Inspire Capital Appreciation ETF,,Y,N,P
RISR,FolioBeyond Alternative Income and Interest Rate Hedge ETF,,Y,N,P
RITA,ETFB Green SRI REITs ETF,,Y,N,P
RITM,Rithm Capital Corp. Common Stock,,N,N,N
RITM$A,Rithm Capital Corp. 7.50% Series A Fixed-to-Floating Rate Cumulative Redeemable Preferred Stock,,N,N,N
RITM$B,Rithm Capital Corp. 7.125% Series B Fixed-to-Floating Rate Cumulative Redeemable Preferred Stock,,N,N,N
RITM$C,Rithm Capital Corp. 6.375% Series C Fixed-to-Floating Rate Cumulative Redeemable Preferred Stock,,N,N,N
RITM$D,Rithm Capital Corp. 7.00% Fixed-Rate Reset Series D Cumulative Redeemable Preferred Stock,,N,N,N
RITM$E,Rithm Capital Corp. 8.75% Series E Fixed-Rate Cumulative Redeemable Preferred Stock,,N,N,N
RITM$F,Rithm Capital Corp. 8.750% Series F Fixed-Rate Reset Cumulative Redeemable Preferred Stock,,N,N,N
RIV,"RiverNorth Opportunities Fund, Inc. Common Stock",,N,N,N
RIV$A,"RiverNorth Opportunities Fund, Inc. 6.00% Series A Perpetual Preferred Stock",,N,N,N
RIZE,Principal Inflation Protection ETF,,Y,N,Z
RJDI,RJ Eagle GCM Dividend Select Income ETF,,Y,N,P
RJF,"Raymond James Financial, Inc. Common Stock",,N,N,N
RJMI,RJ Eagle Municipal Income ETF,,Y,N,P
RJVI,RJ Eagle Vertical Income ETF,,Y,N,P
RKSG,Ruk Strategic Growth ETF,,Y,N,P
RKT,"Rocket Companies, Inc. Class A Common Stock",,N,N,N
RKTL,Defiance Daily Target 2X Long RKT ETF,,Y,N,Z
RL,Ralph Lauren Corporation Common Stock,,N,N,N
RLGT,"Radiant Logistics, Inc. Common Stock",,N,N,A
RLI,RLI Corp. Common Stock (DE),,N,N,N
RLJ,RLJ Lodging Trust Common Shares of Beneficial Interest $0.01 par value,,N,N,N
RLJ$A,RLJ Lodging Trust $1.95 Series A Cumulative Convertible  Preferred Shares,,N,N,N
RLTY,Cohen & Steers Real Estate Opportunities and Income Fund Common Shares of Beneficial Interest,,N,N,N
RLX,"RLX Technology Inc. American Depositary Shares, each representing the right to receive one (1) Class A ordinary share",,N,N,N
RLY,State Street Multi-Asset Real Return ETF,,Y,N,P
RM,Regional Management Corp. Common Stock,,N,N,N
RMAX,"RE/MAX Holdings, Inc. Class A Common Stock",,N,N,N
RMBC,Corgi RMBS 2x Daily ETF,,Y,N,Z
RMCA,Rockefeller California Municipal Bond ETF,,Y,N,P
RMD,ResMed Inc. Common Stock,,N,N,N
RMHY,Global X Adaptive Risk Managed Yield ETF,,Y,N,P
RMI,"RiverNorth Opportunistic Municipal Income Fund, Inc. Common Stock",,N,N,N
RMIF,LHA Risk-Managed Income ETF,,Y,N,Z
RMM,"RiverNorth Managed Duration Municipal Income Fund, Inc. Common Stock",,N,N,N
RMME,Rareview Government Money Market ETF,,Y,N,Z
RMMZ,"RiverNorth Managed Duration Municipal Income Fund II, Inc. Common Stock",,N,N,N
RMNY,Rockefeller New York Municipal Bond ETF,,Y,N,P
RMOP,Rockefeller Opportunistic Municipal Bond ETF,,Y,N,P
RMRC,ARMOR Core Risk-Managed ETF,,Y,N,P
RMT,"Royce Micro-Cap Trust, Inc. Common Stock",,N,N,N
RND,First Trust Bloomberg R&D Leaders ETF,,Y,N,P
RNG,"RingCentral, Inc. Class A Common Stock",,N,N,N
RNGR,"Ranger Energy Services, Inc. Class A Common Stock",,N,N,N
RNP,"Cohen & Steers REIT and Preferred and Income Fund, Inc. Common Shares",,N,N,N
RNR,RenaissanceRe Holdings Ltd. Common Stock,,N,N,N
RNR$F,"RenaissanceRe Holdings Ltd. Depositary Shares, each Representing a 1/1,000th Interest in a 5.750% Series F Preference Share",,N,N,N
RNR$G,"RenaissanceRe Holdings Ltd. Depositary Shares, each representing a 1/1,000th interest in a share of 4.20% Series G Preference Shares",,N,N,N
RNST,Renasant Corporation Common Stock,,N,N,N
RNTY,YieldMax Target 12 Real Estate Option Income ETF,,Y,N,P
RNWZ,TrueShares Eagle Global Renewable Energy Income ETF,,Y,N,P
ROAM,Hartford Multifactor Emerging Markets ETF,,Y,N,P
ROBN,T-Rex 2X Long HOOD Daily Target ETF,,Y,N,Z
ROBO,ROBO Global Robotics and Automation Index ETF,,Y,N,P
RODM,Hartford Multifactor Developed Markets (ex-US) ETF,,Y,N,P
ROG,Rogers Corporation Common Stock,,N,N,N
ROK,"Rockwell Automation, Inc. Common Stock",,N,N,N
ROKT,State Street SPDR S&P Kensho Final Frontiers ETF,,Y,N,P
ROL,"Rollins, Inc. Common Stock",,N,N,N
ROLR,"High Roller Technologies, Inc. Common Stock",,N,N,A
ROM,ProShares Ultra Technology,,Y,N,P
ROMO,Strategy Shares Newfound/ReSolve Robust Momentum ETF,,Y,N,Z
RONB,Baron First Principles ETF,,Y,N,N
ROPE,Coastal Compass 100 ETF,,Y,N,P
ROSC,Hartford Multifactor Small Cap ETF,,Y,N,P
ROUS,Hartford Multifactor U.S. Equity ETF,,Y,N,P
RPAR,RPAR Risk Parity ETF,,Y,N,P
RPC,"Ridgepost Capital, Inc. Class A Common Stock",,N,N,N
RPG,Invesco S&P 500 Pure Growth ETF,,Y,N,P
RPHS,Regents Park Hedged Market Strategy ETF,,Y,N,Z
RPM,RPM International Inc. Common Stock,,N,N,N
RPT,Rithm Property Trust Inc. Common stock,,N,N,N
RPT$C,Rithm Property Trust Inc. 9.875% Series C Fixed-to-Floating Rate Cumulative Redeemable Preferred Stock,,N,N,N
RPV,Invesco S&P 500 Pure Value ETF,,Y,N,P
RQI,Cohen & Steers Quality Income Realty Fund Inc Common Shares,,N,N,N
RQI.R,"Cohen & Steers Quality Income Realty Fund Inc. Rights (expiring July 15, 2026) Rights",,N,N,N
RRC,Range Resources Corporation Common Stock,,N,N,N
RRX,Regal Rexnord Corporation Common Stock,,N,N,N
RS,"Reliance, Inc. Common Stock",,N,N,N
RSBA,Return Stacked Bonds & Merger Arbitrage ETF,,Y,N,Z
RSBT,Return Stacked Bonds & Managed Futures ETF,,Y,N,Z
RSBY,Return Stacked Bonds & Futures Yield ETF,,Y,N,Z
RSDE,FT Vest U.S. Equity Equal Weight Buffer ETF - December,,Y,N,P
RSEE,Rareview Systematic Equity ETF,,Y,N,Z
RSF,RiverNorth Capital and Income Fund Common Stock,,N,N,N
RSG,"Republic Services, Inc. Common Stock",,N,N,N
RSI,"Rush Street Interactive, Inc. Class A Common Stock",,N,N,N
RSIT,Return Stacked International Stocks & Managed Futures ETF,,Y,N,Z
RSJN,FT Vest U.S. Equity Equal Weight Buffer ETF - June,,Y,N,P
RSKD,Riskified Ltd. Class A Ordinary Shares,,N,N,N
RSMC,Rockefeller U.S. Small-Mid Cap ETF,,Y,N,P
RSMR,FT Vest U.S. Equity Equal Weight Buffer ETF - March,,Y,N,P
RSMV,Relative Strength Managed Volatility Strategy ETF,,Y,N,P
RSP,Invesco S&P 500 Equal Weight ETF,,Y,N,P
RSPA,Invesco S&P 500 Equal Weight Income Advantage ETF,,Y,N,P
RSPC,Invesco S&P 500 Equal Weight Communication Services ETF,,Y,N,P
RSPD,Invesco S&P 500 Equal Weight Consumer Discretionary ETF,,Y,N,P
RSPE,Invesco ESG S&P 500 Equal Weight ETF,,Y,N,P
RSPF,Invesco S&P 500 Equal Weight Financial ETF,,Y,N,P
RSPG,Invesco S&P 500 Equal Weight Energy ETF,,Y,N,P
RSPH,Invesco S&P 500 Equal Weight Health Care ETF,,Y,N,P
RSPM,Invesco S&P 500 Equal Weight Materials ETF,,Y,N,P
RSPN,Invesco S&P 500 Equal Weight Industrials Portfolio,,Y,N,P
RSPR,Invesco S&P 500 Equal Weight Real Estate ETF,,Y,N,P
RSPS,Invesco S&P 500 Equal Weight Consumer Staples ETF,,Y,N,P
RSPT,Invesco S&P 500 Equal Weight Technology ETF,,Y,N,P
RSPU,Invesco S&P 500 Equal Weight Utilities ETF,,Y,N,P
RSSB,Return Stacked Global Stocks & Bonds ETF,,Y,N,Z
RSSE,FT Vest U.S. Equity Equal Weight Buffer ETF  September,,Y,N,P
RSSL,Global X Russell 2000 ETF,,Y,N,P
RSST,Return Stacked U.S. Stocks & Managed Futures ETF,,Y,N,Z
RSSX,Return Stacked U.S. Stocks & Gold/Bitcoin ETF,,Y,N,Z
RSSY,Return Stacked U.S. Stocks & Futures Yield ETF,,Y,N,Z
RTAI,Rareview Tax Advantaged Income ETF,,Y,N,Z
RTO,Rentokil Initial plc American Depositary Shares (each representing five (5) Ordinary Shares),,N,N,N
RTRE,Rareview Total Return Bond ETF,,Y,N,Z
RTX,RTX Corporation Common Stock,,N,N,N
RULE,Adaptive Core ETF,,Y,N,Z
RVER,Trenchless Fund ETF,,Y,N,P
RVI,Robinhood Ventures Fund I Common Shares of Beneficial Interest,,N,N,N
RVLV,"Revolve Group, Inc. Class A Common Stock",,N,N,N
RVNU,Xtrackers Municipal Infrastructure Revenue Bond ETF,,Y,N,P
RVP,"Retractable Technologies, Inc. Common Stock",,N,N,A
RVT,"Royce Small-Cap Trust, Inc. Common Stock",,N,N,N
RVTY,"Revvity, Inc. Common Stock",,N,N,N
RW,Rainwater Equity ETF,,Y,N,P
RWEM,Rayliant Wilshire NxtGen Emerging Markets Equity ETF,,Y,N,P
RWJ,Invesco S&P SmallCap 600 Revenue ETF,,Y,N,P
RWK,Invesco S&P MidCap 400 Revenue ETF,,Y,N,P
RWL,Invesco S&P 500 Revenue ETF,,Y,N,P
RWLC,Rayliant Wilshire NxtGen US Large Cap Equity ETF,,Y,N,P
RWM,ProShares Short Russell2000,,Y,N,P
RWO,State Street SPDR Dow Jones Global Real Estate ETF,,Y,N,P
RWR,State Street SPDR Dow Jones REIT ETF,,Y,N,P
RWT,"Redwood Trust, Inc. Common Stock",,N,N,N
RWT$A,"Redwood Trust, Inc. 10.00% Series A Fixed-Rate Reset Cumulative Redeemable Preferred Stock",,N,N,N
RWTN,"Redwood Trust, Inc. 9.125% Senior Notes Due 2029",,N,N,N
RWTO,"Redwood Trust, Inc. 9.00% Senior Notes Due 2029",,N,N,N
RWTP,"Redwood Trust, Inc. 9.125% Senior Notes Due 2030",,N,N,N
RWTQ,"Redwood Trust, Inc. 9.500% Senior Notes Due 2030",,N,N,N
RWTS,"Redwood Trust, Inc. 9.75% Senior Notes Due 2031",,N,N,N
RWX,State Street SPDR Dow Jones International Real Estate ETF,,Y,N,P
RXD,ProShares UltraShort Health Care,,Y,N,P
RXI,iShares Global Consumer Discretionary ETF,,Y,N,P
RXL,ProShares Ultra Health Care,,Y,N,P
RXO,"RXO, Inc. Common Stock",,N,N,N
RY,Royal Bank Of Canada Common Stock,,N,N,N
RYAM,Rayonier Advanced Materials Inc. Common Stock,,N,N,N
RYAN,"Ryan Specialty Holdings, Inc. Class A Common Stock",,N,N,N
RYDE,Ryde Group Ltd. Class A Ordinary Shares,,N,N,A
RYLD,Global X Russell 2000 Covered Call ETF,,Y,N,P
RYLG,Global X Russell 2000 Covered Call & Growth ETF,,Y,N,P
RYN,Rayonier Inc. REIT Common Stock,,N,N,N
RYZ,Ryerson Holding Corporation Common Stock,,N,N,N
RZC,"Reinsurance Group of America, Incorporated 7.125% Fixed-Rate Reset Subordinated Debentures due 2052",,N,N,N
RZG,Invesco S&P SmallCap 600 Pure Growth ETF,,Y,N,P
RZV,Invesco S&P SmallCap 600 Pure Value ETF,,Y,N,P
S,"SentinelOne, Inc. Class A Common Stock",,N,N,N
SA,"Seabridge Gold, Inc. Common Shares New",,N,N,N
SAA,ProShares Ultra SmallCap600,,Y,N,P
SABA,Saba Capital Income & Opportunities Fund II Shares of Beneficial Interest,,N,N,N
SAC,Safeguard Acquisition Corp. Class A Ordinary Shares,,N,N,N
SAC.U,"Safeguard Acquisition Corp. Units, each consisting of one Class A ordinary share and one-half of one redeemable warrant",,N,N,N
SAC.W,"Safeguard Acquisition Corp. Warrants, each whole warrant exercisable for one Class A ordinary share at an exercise price of $11.50 per share",,N,N,N
SACH,Sachem Capital Corp. Common Shares,,N,N,A
SACH$A,Sachem Capital Corp. 7.75% Series A Cumulative Redeemable Preferred Stock,,N,N,A
SAEF,Schwab Ariel Opportunities ETF,,Y,N,P
SAFE,Safehold Inc. New Common Stock ,,N,N,N
SAGP,Strategas Global Policy Opportunities ETF,,Y,N,P
SAGU,Shreya Acquisition Group Class A Ordinary Shares,,N,N,N
SAGU.R,"Shreya Acquisition Group Rights, each entitling the holder to receive one-fourth of one Class A Ordinary Share",,N,N,N
SAGU.U,"Shreya Acquisition Group Units, each consisting of one Class A Ordinary Share, one redeemable warrant and one right entitling the holder to one-fourth of one Class A Ordinary Share",,N,N,N
SAGU.W,"Shreya Acquisition Group Redeemable warrants, entitling the holder to purchase one Class A Ordinary Share at $11.50 per share",,N,N,N
SAH,"Sonic Automotive, Inc. Common Stock",,N,N,N
SAJ,Saratoga Investment Corp 8.00% Notes due 2027,,N,N,N
SAM,"Boston Beer Company, Inc. (The) Common Stock",,N,N,N
SAMM,Strategas Macro Momentum ETF,,Y,N,P
SAMT,Strategas Macro Thematic Opportunities ETF,,Y,N,P
SAN,"Banco Santander, S.A. Sponsored ADR (Spain)",,N,N,N
SAP,SAP  SE ADS,,N,N,N
SAPH,SAP SE ADRhedged,,Y,N,P
SAR,Saratoga Investment Corp New,,N,N,N
SARO,"StandardAero, Inc. Common Stock",,N,N,N
SASS,M.D. Sass Concentrated Value ETF,,Y,N,P
SAT,Saratoga Investment Corp 6.00% Notes due 2027,,N,N,N
SATO,Invesco Alerian Galaxy Crypto Economy ETF,,Y,N,Z
SAUG,FT Vest U.S. Small Cap Moderate Buffer ETF - August,,Y,N,Z
SAV,Saratoga Investment Corp 7.50% Notes due 2031,,N,N,N
SAWG,AAM Sawgrass US Large Cap Quality Growth ETF,,Y,N,P
SAWS,AAM Sawgrass US Small Cap Quality Growth ETF,,Y,N,P
SAY,Saratoga Investment Corp 8.125% Notes due 2027,,N,N,N
SAZ,Saratoga Investment Corp 8.50% Notes due 2028,,N,N,N
SB,"Safe Bulkers, Inc Common Stock ($0.001 par value)",,N,N,N
SB$C,"Safe Bulkers, Inc Cumulative Redeemable Perpetual Preferred Series C (Marshall Islands)",,N,N,N
SB$D,"Safe Bulkers, Inc Perpetual Preferred Series D (Marshall Islands)",,N,N,N
SBAR,Simplify Barrier Income ETF,,Y,N,P
SBB,ProShares Short SmallCap600,,Y,N,P
SBEV,"Splash Beverage Group, Inc. (NV) Common Stock",,N,N,A
SBH,"Sally Beauty Holdings, Inc. (Name to be changed from Sally Holdings, Inc.) Common Stock",,N,N,N
SBI,Western Asset Intermediate Muni Fund Inc Common Stock,,N,N,N
SBIL,Simplify Government Money Market ETF,,Y,N,P
SBIO,ALPS Medical Breakthroughs ETF,,Y,N,P
SBIT,ProShares UltraShort Bitcoin ETF,,Y,N,P
SBMT,Silver Bow Mining Corp. Common Shares,,N,N,A
SBND,Columbia Short Duration Bond ETF,,Y,N,P
SBR,Sabine Royalty Trust Common Stock,,N,N,N
SBS,Companhia de saneamento Basico Do Estado De Sao Paulo - Sabesp American Depositary Shares (Each repstg 250 Common Shares),,N,N,N
SBSI,"Southside Bancshares, Inc. Common Stock",,N,N,N
SBSW,D/B/A Sibanye-Stillwater Limited ADS,,N,N,N
SBTU,T-REX 2X Long SBET Daily Target ETF,,Y,N,Z
SBXD,SilverBox Corp IV Class A Ordinary Shares,,N,N,N
SBXD.U,"SilverBox Corp IV Units, each consisting of one Class A ordinary share and one-third of one redeemable warrant",,N,N,N
SBXD.W,"SilverBox Corp IV Redeemable warrants, each whole warrant exercisable for one Class A Ordinary Share at an exercise price of $11.50",,N,N,N
SBXE,SilverBox Corp V Class A Ordinary Shares,,N,N,N
SBXE.U,"SilverBox Corp V Units, each consisting of one Class A Ordinary Share and one-third of one redeemable warrant",,N,N,N
SBXE.W,"SilverBox Corp V Redeemable warrants, each whole warrant exercisable for one Class A Ordinary Share at an exercise price of $11.50",,N,N,N
SCAP,Infrastructure Capital Small Cap Income ETF,,Y,N,P
SCC,ProShares UltraShort Consumer Discretionary,,Y,N,P
SCCD,Sachem Capital Corp. 6.00% Notes due 2026,,N,N,A
SCCE,Sachem Capital Corp. 6.00% Notes due 2027,,N,N,A
SCCF,Sachem Capital Corp. 7.125% Notes due 2027,,N,N,A
SCCG,Sachem Capital Corp. 8.00% Notes due 2027,,N,N,A
SCCO,Southern Copper Corporation Common Stock,,N,N,N
SCCR,Schwab Core Bond ETF,,Y,N,P
SCD,LMP Capital and Income Fund Inc. Common Stock,,N,N,N
SCDL,ETRACS 2x Leveraged US Dividend Factor TR ETN,,Y,N,P
SCDV,Bahl & Gaynor Small Cap Dividend ETF,,Y,N,P
SCE$G,SCE Trust II Trust Preferred Securities,,N,N,N
SCE$L,SCE TRUST VI,,N,N,N
SCE$M,SCE Trust VII 7.50% Trust Preference Securities,,N,N,N
SCE$N,SCE Trust VIII 6.95% Trust Preference Securities,,N,N,N
SCEC,Sterling Capital Enhanced Core Bond ETF,,Y,N,Z
SCEP,Sterling Capital Hedged Equity Premium Income ETF,,Y,N,Z
SCHA,Schwab U.S. Small-Cap ETF,,Y,N,P
SCHB,Schwab U.S. Broad Market ETF,,Y,N,P
SCHC,Schwab International Small-Cap Equity ETF,,Y,N,P
SCHD,Schwab US Dividend Equity ETF,,Y,N,P
SCHE,Schwab Emerging Markets Equity ETF,,Y,N,P
SCHF,Schwab International Equity ETF,,Y,N,P
SCHG,Schwab U.S. Large-Cap Growth ETF,,Y,N,P
SCHH,Schwab U.S. REIT ETF,,Y,N,P
SCHI,Schwab 5-10 Year Corporate Bond ETF,,Y,N,P
SCHJ,Schwab 1-5 Year Corporate Bond ETF,,Y,N,P
SCHK,Schwab 1000 Index ETF,,Y,N,P
SCHM,Schwab U.S. Mid Cap ETF,,Y,N,P
SCHO,Schwab Short-Term U.S. Treasury ETF,,Y,N,P
SCHP,Schwab U.S. TIPS ETF,,Y,N,P
SCHQ,Schwab Long-Term U.S. Treasury ETF,,Y,N,P
SCHR,Schwab Intermediate-Term U.S. Treasury ETF,,Y,N,P
SCHV,Schwab U.S. Large-Cap Value ETF,,Y,N,P
SCHW,Charles Schwab Corporation (The) Common Stock,,N,N,N
SCHW$D,"The Charles Schwab Corporation Depositary Shares each representing 1/40th interest in a share of 5.95% Non-Cumulative Perpetual Preferred Stock, Series D",,N,N,N
SCHW$J,"The Charles Schwab Corporation Depositary Shares, Each Representing a 1/40th Interest in a Share of 4.450% Non-Cumulative Perpetual Preferred Stock, Series J",,N,N,N
SCHX,Schwab U.S. Large-Cap ETF,,Y,N,P
SCHY,Schwab International Dividend Equity ETF,,Y,N,P
SCHZ,Schwab US Aggregate Bond ETF,,Y,N,P
SCI,Service Corporation International Common Stock,,N,N,N
SCIO,First Trust Structured Credit Income Opportunities ETF,,Y,N,P
SCJ,iShares MSCI Japan Sm Cap,,Y,N,P
SCJN,Corgi U.S. Small-Cap 15% Structured Buffer ETF - June Series,,Y,N,Z
SCL,Stepan Company Common Stock,,N,N,N
SCLZ,Swan Enhanced Dividend Income ETF,,Y,N,Z
SCM,Stellus Capital Investment Corporation Common Stock,,N,N,N
SCMB,Schwab Municipal Bond ETF,,Y,N,P
SCMC,Sterling Capital Multi-Strategy Income ETF,,Y,N,Z
SCMY,Corgi U.S. Small-Cap 15% Structured Buffer ETF - May Series,,Y,N,Z
SCNM,Sterling Capital National Municipal Bond ETF,,Y,N,Z
SCO,ProShares UltraShort Bloomberg Crude Oil,,Y,N,P
SCOP,Sprott Physical Copper Trust Units,,Y,N,P
SCOW,Pacer S&P SmallCap 600 Quality FCF Aristocrats ETF,,Y,N,Z
SCSB,Sterling Capital Short Duration Bond ETF,,Y,N,Z
SCUB,Sterling Capital Ultra Short Bond ETF,,Y,N,Z
SCUS,Schwab Ultra-Short Income ETF,,Y,N,P
SCYB,Schwab High Yield Bond ETF,,Y,N,P
SD,"SandRidge Energy, Inc. Common Stock",,N,N,N
SDCI,USCF SummerHaven Dynamic Commodity Strategy No K-1 Fund,,Y,N,P
SDCP,Virtus Newfleet Short Duration Core Plus Bond ETF,,Y,N,P
SDD,ProShares UltraShort SmallCap600,,Y,N,P
SDEM,Global X MSCI SuperDividend Emerging Markets ETF,,Y,N,P
SDEV,Stablecoin Development Corporation Common Stock,,N,N,A
SDFI,AB Short Duration Income ETF,,Y,N,P
SDHC,Smith Douglas Homes Corp. Class A Common Stock,,N,N,N
SDHY,PGIM Short Duration High Yield Opportunities Fund Common Shares,,N,N,N
SDIV,Global X SuperDividend ETF,,Y,N,P
SDMF,Simplify DBi CTA Managed Futures Index ETF,,Y,N,P
SDOG,ALPS Sector Dividend Dogs ETF,,Y,N,P
SDOW,UltraPro Short Dow30,,Y,N,P
SDP,ProShares UltraShort Utilities,,Y,N,P
SDRL,Seadrill Limited Common Shares,,N,N,N
SDS,ProShares UltraShort S&P500,,Y,N,P
SDVD,FT Vest SMID Rising Dividend Achievers Target Income ETF,,Y,N,Z
SDY,State Street SPDR S&P Dividend ETF,,Y,N,P
SE,"Sea Limited American Depositary Shares, each representing one Class A Ordinary Share",,N,N,N
SEA,U.S. Global Sea to Sky Cargo ETF,,Y,N,P
SEAL$A,Seapeak LLC 9.00% Series A Cumulative Redeemable Perpetual Preferred Units,,N,N,N
SEAL$B,Seapeak LLC 8.50% Series B Fixed-to-Floating Rate Cumulative Redeemable Perpetual Preferred Units,,N,N,N
SEB,Seaboard Corporation Common Stock,,N,N,A
SECR,NYLI MacKay Securitized Income ETF,,Y,N,P
SECT,Main Sector Rotation ETF,,Y,N,Z
SECU,iShares Securitized Income Active ETF,,Y,N,Z
SEF,ProShares Short Financials,,Y,N,P
SEG,Seaport Entertainment Group Inc. Common Stock,,N,N,N
SEI,"Solaris Energy Infrastructure, Inc. Class A Common Stock",,N,N,N
SEIM,SEI Enhanced U.S. Large Cap Momentum Factor ETF,,Y,N,Z
SEIQ,SEI Enhanced U.S. Large Cap Quality Factor ETF,,Y,N,Z
SEIV,SEI Enhanced U.S. Large Cap Value Factor ETF,,Y,N,Z
SEIX,Virtus Seix Senior Loan ETF,,Y,N,P
SELV,SEI Enhanced Low Volatility U.S. Large Cap ETF,,Y,N,Z
SEM,Select Medical Holdings Corporation Common Stock,,N,N,N
SEMG,Suncoast Select Growth ETF,,Y,N,P
SEMI,Columbia Select Technology ETF,,Y,N,P
SEPI,Shelton Equity Premium Income ETF,,Y,N,P
SEPM,FT Vest U.S. Equity Max Buffer ETF - September,,Y,N,Z
SEPP,PGIM S&P 500 Buffer 12 ETF - September,,Y,N,Z
SEPT,AllianzIM U.S. Large Cap Buffer10 Sep ETF,,Y,N,Z
SEPU,AllianzIM U.S. Equity Buffer15 Uncapped Sep ETF,,Y,N,Z
SEPW,AllianzIM U.S. Large Cap Buffer20 Sep ETF,,Y,N,Z
SEPZ,TrueShares Structured Outcome (September) ETF,,Y,N,Z
SER,"Serina Therapeutics, Inc. Common Stock",,N,N,A
SES,SES AI Corporation Class A Common Stock,,N,N,N
SES.W,"SES AI Corporation Warrants, each whole warrant exercisable for one share of Class A Common Stock at an exercise price of $11.50 per share",,N,N,N
SETH,ProShares Short Ether ETF,,Y,N,P
SF,Stifel Financial Corporation Common Stock,,N,N,N
SF$B,"Stifel Financial Corporation Depositary Shares, Each Representing 1/1,000th  Interest in a Share of 6.25% Non-Cumulative  Preferred Stock, Series B",,N,N,N
SF$C,"Stifel Financial Corporation Depositary Shares, Each Representing 1/1,000th Interest in a Share of 6.125% Non Cumulative Preferred Stock, Series C",,N,N,N
SF$D,"Stifel Financial Corporation Depositary Shares, Each Representing 1/1,000th Interest in a Share of 4.50% Non-Cumulative Preferred Stock, Series D",,N,N,N
SFB,Stifel Financial Corporation 5.20% Senior Notes due 2047,,N,N,N
SFBS,"ServisFirst Bancshares, Inc. Common Stock",,N,N,N
SFEB,FT Vest U.S. Small Cap Moderate Buffer ETF - February,,Y,N,Z
SFGV,Sequoia Global Value ETF,,Y,N,P
SFL,SFL Corporation Ltd,,N,N,N
SFLR,Innovator Equity Managed Floor ETF,,Y,N,P
SFTX,Horizon International Managed Risk ETF,,Y,N,P
SFTY,Horizon Managed Risk ETF,,Y,N,Z
SFY,SoFi Select 500 ETF,,Y,N,P
SFYF,SoFi Social 50 ETF,,Y,N,P
SG,"Sweetgreen, Inc. Class A Common Stock",,N,N,N
SGDJ,Sprott Junior Gold Miners ETF,,Y,N,P
SGDM,Sprott Gold Miners ETF,,Y,N,P
SGHC,Super Group (SGHC) Limited Ordinary Shares,,N,N,N
SGI,Somnigroup International Inc. Common Stock,,N,N,N
SGLC,SGI U.S. Large Cap Core ETF,,Y,N,P
SGOL,abrdn Physical Gold Shares ETF,,Y,N,P
SGOV,iShares 0-3 Month Treasury Bond ETF,,Y,N,N
SGRT,SMART Earnings Growth 30 ETF,,Y,N,P
SGRW,Harbor Active Small Cap Growth ETF,,Y,N,P
SGU,Star Group L.P. Common Stock,,N,N,N
SGVT,Schwab Government Money Market ETF,,Y,N,P
SH,ProShares Short S&P500,,Y,N,P
SHAG,WisdomTree Yield Enhanced U.S. Short-Term Aggregate Bond Fund,,Y,N,Z
SHAK,"Shake Shack, Inc. Class A Common Stock",,N,N,N
SHDG,Soundwatch Hedged Equity ETF,,Y,N,Z
SHE,State Street SPDR MSCI USA Gender Diversity ETF,,Y,N,P
SHEH,Shell plc ADRhedged,,Y,N,P
SHEL,Shell PLC American Depositary Shares (each representing two (2) Ordinary Shares) ,,N,N,N
SHG,Shinhan Financial Group Co Ltd American Depositary Shares,,N,N,N
SHLD,Global X Defense Tech ETF,,Y,N,P
SHM,State Street SPDR Nuveen ICE Short Term Municipal Bond ETF,,Y,N,P
SHNY,"MicroSectors Gold 3X Leveraged ETNs due January 29, 2043",,Y,N,P
SHO,"Sunstone Hotel Investors, Inc. Sunstone Hotel Investors, Inc. Common Shares",,N,N,N
SHO$H,"Sunstone Hotel Investors, Inc. 6.125% Series H Cumulative Redeemable Preferred Stock",,N,N,N
SHO$I,"Sunstone Hotel Investors, Inc. 5.70% Series I Cumulative Redeemable Preferred Stock",,N,N,N
SHOC,Strive U.S. Semiconductor ETF,,Y,N,N
SHPP,Pacer Industrials and Logistics ETF,,Y,N,P
SHRD,Arimathea Catholic Core Bond ETF,,Y,N,P
SHRT,Gotham Short Strategies ETF,,Y,N,P
SHUS,Stratified LargeCap Hedged ETF,,Y,N,P
SHV,iShares 0-1 Year Treasury Bond ETF,,Y,N,N
SHW,Sherwin-Williams Company (The) Common Stock,,N,N,N
SHYD,VanEck Short High Yield Muni ETF,,Y,N,Z
SHYG,iShares 0-5 Year High Yield Corporate Bond ETF,,Y,N,P
SHYL,Xtrackers Short Duration High Yield Bond ETF,,Y,N,P
SHYM,iShares Short Duration High Yield Muni Active ETF,,Y,N,Z
SI,"Shoulder Innovations, Inc. Common Stock",,N,N,N
SID,Companhia Siderurgica Nacional S.A. Common Stock,,N,N,N
SIF,"SIFCO Industries, Inc. Common Stock",,N,N,A
SIFI,Harbor Ares Systematic Multi-Sector Income ETF,,Y,N,P
SIG,Signet Jewelers Limited Common Shares,,N,N,N
SIHY,Harbor Ares Systematic High Yield ETF,,Y,N,P
SII,Sprott Inc. Common Shares,,N,N,N
SIJ,ProShares UltraShort Industrials,,Y,N,P
SIL,Global X Silver Miners ETF,,Y,N,P
SILA,"Sila Realty Trust, Inc. Common Stock",,N,N,N
SILJ,Amplify Junior Silver Miners ETF,,Y,N,P
SIM,"Grupo Simec, S.A.B. de C.V. American Depositary Shares",,N,N,A
SIMS,State Street SPDR S&P Kensho Intelligent Structures ETF,,Y,N,P
SIMX,Corgi SIMO 2x Daily ETF,,Y,N,Z
SIND,Sinda Ltd. Common Stock,,N,N,N
SIO,Touchstone Strategic Income ETF,,Y,N,P
SIOO,VistaShares Target 15 S&P 100 Distribution ETF,,Y,N,P
SITC,SITE Centers Corp. Common Stock,,N,N,N
SITE,"SiteOne Landscape Supply, Inc. Common Stock",,N,N,N
SIVR,abrdn Physical Silver Shares ETF,,Y,N,P
SIXA,ETC 6 Meridian Mega Cap Equity ETF,,Y,N,P
SIXD,AllianzIM U.S. Large Cap 6 Month Buffer10 Jun/Dec ETF,,Y,N,Z
SIXF,AllianzIM U.S. Large Cap 6 Month Buffer10 Feb/Aug ETF,,Y,N,Z
SIXH,ETC 6 Meridian Hedged Equity Index Option ETF,,Y,N,P
SIXJ,AllianzIM U.S. Large Cap 6 Month Buffer10 Jan/Jul ETF,,Y,N,Z
SIXL,ETC 6 Meridian Low Beta Equity ETF,,Y,N,P
SIXO,AllianzIM U.S. Large Cap 6 Month Buffer10 Apr/Oct ETF,,Y,N,Z
SIXP,AllianzIM U.S. Large Cap 6 Month Buffer10 Mar/Sep ETF,,Y,N,Z
SIXS,ETC 6 Meridian Small Cap Equity ETF,,Y,N,P
SIXZ,AllianzIM U.S. Large Cap 6 Month Buffer10 May/Nov ETF,,Y,N,Z
SIZE,iShares MSCI USA Size Factor ETF,,Y,N,P
SJB,ProShares Short High Yield,,Y,N,P
SJM,The J.M. Smucker Company Common Stock,,N,N,N
SJNK,State Street SPDR Bloomberg Short Term High Yield Bond ETF,,Y,N,P
SJT,San Juan Basin Royalty Trust Common Stock,,N,N,N
SKE,Skeena Resources Limited Common Shares,,N,N,N
SKF,ProShares UltraShort Financials,,Y,N,P
SKIL,Skillsoft Corp. Class A Common Stock,,N,N,N
SKM,"SK Telecom Co., Ltd. Common Stock",,N,N,N
SKT,Tanger Inc. Common Stock,,N,N,N
SKY,"Champion Homes, Inc. Common Stock",,N,N,N
SKYH,Sky Harbour Group Corporation Class A Common Stock,,N,N,N
SKYH.W,"Sky Harbour Group Corporation Warrants, each whole warrant exercisable for one share of Class A common stock at an exercise price of $11.50 per share",,N,N,N
SLAI,SOLAI Limited American Depositary Shares (each representing one hundred (100) Class A Ordinary Shares),,N,N,N
SLB,SLB Limited Common Shares,,N,N,N
SLDR,Global X Short-Term Treasury Ladder ETF,,Y,N,P
SLF,Sun Life Financial Inc. Common Stock,,N,N,N
SLG,SL Green Realty Corp Common Stock,,N,N,N
SLG$I,SL Green Realty Corporation Preferred Series I,,N,N,N
SLGN,Silgan Holdings Inc. Common Stock,,N,N,N
SLI,Standard Lithium Ltd. Common Shares,,N,N,A
SLJY,Amplify SILJ Junior Silver Miners Covered Call ETF,,Y,N,P
SLND,"Southland Holdings, Inc. Common Stock",,N,N,A
SLND.W,"Southland Holdings, Inc. Warrants",,N,N,A
SLNZ,TCW Senior Loan ETF,,Y,N,N
SLON,ProShares Ultra Solana ETF,,Y,N,P
SLQT,"SelectQuote, Inc. Common Stock",,N,N,N
SLSR,Solaris Resources Inc. Common Shares,,N,N,A
SLTY,YieldMax Ultra Short Option Income Strategy ETF,,Y,N,P
SLV,iShares Silver Trust,,Y,N,P
SLVM,Sylvamo Corporation Common Stock,,N,N,N
SLVP,iShares MSCI Global Silver and Metals Miners ETF,,Y,N,Z
SLVX,Nicholas Silver Income ETF,,Y,N,P
SLWS,Wisdom Short Duration Income ETF,,Y,N,P
SLX,VanEck Steel ETF,,Y,N,P
SLYG,State Street SPDR S&P 600 Small Cap Growth ETF,,Y,N,P
SLYV,State Street SPDR S&P 600 Small Cap Value ETF,,Y,N,P
SM,SM Energy Company Common Stock,,N,N,N
SMA,"SmartStop Self Storage REIT, Inc. Common Stock",,N,N,N
SMAX,iShares Large Cap Max Buffer Sep ETF,,Y,N,Z
SMAY,FT Vest U.S. Small Cap Moderate Buffer ETF - May,,Y,N,Z
SMB,VanEck Short Muni ETF,,Y,N,Z
SMBK,"SmartFinancial, Inc. Common Stock",,N,N,N
SMBS,Schwab Mortgage-Backed Securities ETF,,Y,N,P
SMC,Summit Midstream Corporation Common Stock,,N,N,N
SMCP,SMART Mid Cap ETF,,Y,N,P
SMCY,YieldMax SMCI Option Income Strategy ETF,,Y,N,P
SMDD,UltraPro Short MidCap400,,Y,N,P
SMDV,ProShares Russell 2000 Dividend Growers ETF,,Y,N,Z
SMDX,Intech S&P Small-Mid Cap Diversified Alpha ETF,,Y,N,P
SMFG,Sumitomo Mitsui Financial Group Inc Unsponsored American Depositary Shares (Japan),,N,N,N
SMG,Scotts Miracle-Gro Company (The) Common Stock,,N,N,N
SMHB,ETRACS Monthly Pay 2x Leveraged Small Cap High Dividend ETN Series B,,N,N,P
SMHI,SEACOR Marine Holdings Inc. Common Stock ,,N,N,N
SMIG,Bahl & Gaynor Small/Mid Cap Income Growth ETF,,Y,N,P
SMIN,Ishares MSCI India Small Cap ETF,,Y,N,Z
SMIZ,Zacks Small/Mid Cap ETF,,Y,N,P
SMJF,SMJ International Holdings Inc. Class A Ordinary Shares,,N,N,A
SMLF,iShares U.S. Small-Cap Equity Factor ETF,,Y,N,P
SMLL,Harbor Active Small Cap ETF,,Y,N,P
SMLV,State Street SPDR US Small Cap Low Volatility Index ETF,,Y,N,P
SMMD,iShares Russell 2500 ETF,,Y,N,Z
SMMU,Short Term Municipal Bond Active Exchange-Traded Fund,,Y,N,P
SMMV,iShares MSCI USA Small-Cap Min Vol Factor ETF,,Y,N,Z
SMN,ProShares UltraShort Materials,,Y,N,P
SMOG,VanEck Low Carbon Energy ETF,,Y,N,P
SMOT,VanEck Morningstar SMID Moat ETF,,Y,N,Z
SMOX,Horizon Small/Mid Cap Core Equity ETF,,Y,N,P
SMP,"Standard Motor Products, Inc. Common Stock",,N,N,N
SMR,NuScale Power Corporation Class A Common Stock,,N,N,N
SMRF,"ALPS Nautilus SMR, Nuclear & Technology ETF",,Y,N,P
SMRT,"SmartRent, Inc. Class A Common Stock",,N,N,N
SMTG,Leverage Shares 2X Long SMTC Daily ETF,,Y,N,Z
SMTH,ALPS Smith Core Plus Bond ETF,,Y,N,P
SMU,Tradr 2X Long SMR Daily ETF,,Y,N,Z
SMUP,T-REX 2X Long SMR Daily Target ETF,,Y,N,Z
SMWB,Similarweb Ltd. Ordinary Shares,,N,N,N
SMZ,Tradr 2X Short SMR Daily ETF,,Y,N,Z
SN,"SharkNinja, Inc. Ordinary Shares",,N,N,N
SNA,Snap-On Incorporated Common Stock,,N,N,N
SNAP,Snap Inc. Class A Common Stock,,N,N,N
SNAV,Mohr Sector Nav ETF,,Y,N,Z
SNDA,"Sonida Senior Living, Inc. Common Stock",,N,N,N
SNDC,Corgi SNDK 2x Daily ETF,,Y,N,Z
SNDG,Leverage Shares 2X Long SNDK Daily ETF,,Y,N,Z
SNDQ,Tradr 2X Short SNDK Daily ETF,,Y,N,Z
SNDR,"Schneider National, Inc. Common Stock",,N,N,N
SNDU,T-REX 2X Long SNDK Daily Target ETF,,Y,N,Z
SNK,GraniteShares 2x Short SpaceX Daily ETF,,Y,N,Z
SNN,"Smith & Nephew SNATS, Inc. Common Stock",,N,N,N
SNOU,T-REX 2X Long SNOW Daily Target ETF,,Y,N,Z
SNOV,FT Vest U.S. Small Cap Moderate Buffer ETF - November,,Y,N,Z
SNOW,Snowflake Inc. Common Stock,,N,N,N
SNOY,YieldMax SNOW Option Income Strategy ETF,,Y,N,P
SNPD,Xtrackers S&P Dividend Aristocrats Screened ETF,,Y,N,Z
SNPE,Xtrackers S&P 500 Scored & Screened ETF,,Y,N,P
SNPG,Xtrackers S&P 500 Growth Scored & Screened ETF,,Y,N,Z
SNTH,MRP SynthEquity ETF,,Y,N,P
SNX,TD SYNNEX Corporation Common Stock,,N,N,N
SNXX,Tradr 2X Long SNDK Daily ETF,,Y,N,Z
SO,Southern Company (The) Common Stock,,N,N,N
SOAR,"Volato Group, Inc. Class A Common Stock",,N,N,A
SOBO,South Bow Corporation Common Shares,,N,N,N
SOC,Sable Offshore Corp. Common Stock,,N,N,N
SOEZ,Franklin Solana ETF,,Y,N,P
SOFR,Amplify Samsung SOFR ETF,,Y,N,P
SOJC,"Southern Company (The) Series 2017B 5.25% Junior Subordinated Notes due December 1, 2077",,N,N,N
SOJD,"Southern Company (The) Series 2020A 4.95% Junior Subordinated Notes due January 30, 2080",,N,N,N
SOJE,"Southern Company (The) Series 2020C 4.20% Junior Subordinated Notes due October 15, 2060",,N,N,N
SOJF,"Southern Company (The) Series 2025A 6.50% Junior Subordinated Notes due March 15, 2085",,N,N,N
SOLM,Amplify Solana 3% Monthly Option Income ETF,,Y,N,Z
SOLV,Solventum Corporation Common Stock,,N,N,N
SOMN,Southern Company (The) 2025 Series A Corporate Units,,N,N,N
SON,Sonoco Products Company Common Stock,,N,N,N
SONY,Sony Group Corporation American Depositary Shares ,,N,N,N
SOR,"Source Capital, Inc. Cmn Shs of BI",,N,N,N
SOS,SOS Limited Class A Ordinary Shares,,N,N,N
SOUL,Soulpower Acquisition Corporation Class A Ordinary Shares,,N,N,N
SOUL.R,"Soulpower Acquisition Corporation Rights, each right entitling the holder to receive one-tenth (1/10) of one Class A Ordinary Share",,N,N,N
SOUL.U,"Soulpower Acquisition Corporation Units, each consisting of one Class A ordinary share and one right",,N,N,N
SOVF,Sovereign's Capital Flourish Fund,,Y,N,P
SOXL,Direxion Daily Semiconductor Bull 3X ETF,,Y,N,P
SOXS,Direxion Daily Semiconductor Bear 3X ETF,,Y,N,P
SOXY,YieldMax Target 12 Semiconductor Option Income ETF,,Y,N,P
SOYB,Teucrium Soybean Fund ETV,,Y,N,P
SPAB,State Street SPDR Portfolio Aggregate Bond ETF,,Y,N,P
SPAL,GraniteShares 2x Long SpaceX Daily ETF,,Y,N,Z
SPAX,T-REX 2X Long SpaceX Daily Target ETF,,Y,N,P
SPB,"Spectrum Brands Holdings, Inc. Common Stock",,N,N,N
SPBO,State Street SPDR Portfolio Corporate Bond ETF,,Y,N,P
SPBU,AllianzIM Buffer15 Uncapped Allocation ETF,,Y,N,Z
SPBW,AllianzIM Buffer20 Allocation ETF,,Y,N,Z
SPBX,AllianzIM 6 Month Buffer10 Allocation ETF,,Y,N,Z
SPCE,"Virgin Galactic Holdings, Inc. Common Stock",,N,N,N
SPCF,ProShares Ultra SpaceX,,Y,N,P
SPCG,Tradr 2X Short SpaceX Daily ETF,,Y,N,Z
SPCH,Leverage Shares 2X Long SPCX Daily ETF,,Y,N,Z
SPCI,Tuttle Capital Space Industry Income Blast ETF,,Y,N,Z
SPCL,Defiance Pure Space Daily 2X Strategy ETF,,Y,N,Z
SPCM,Tradr 2X Long SpaceX Daily ETF,,Y,N,Z
SPCQ,Defiance Daily Target 2X Short SPCX ETF,,Y,N,Z
SPCU,Defiance Daily Target 2X Long SPCX ETF,,Y,N,Z
SPCZ,RiverNorth Enhanced Pre-Merger SPAC ETF,,Y,N,Z
SPD,Simplify US Equity PLUS Downside Convexity ETF,,Y,N,P
SPDF,Defender Risk Adaptive 500 ETF,,Y,N,Z
SPDG,State Street SPDR Portfolio S&P Sector Neutral Dividend ETF,,Y,N,P
SPDN,Direxion Daily S&P 500 Bear 1X ETF,,Y,N,P
SPDV,AAM S&P 500 High Dividend Value ETF,,Y,N,P
SPDW,State Street SPDR Portfolio Developed World ex-US ETF,,Y,N,P
SPE,"Special Opportunities Fund, Inc Common Stock",,N,N,N
SPE$C,"Special Opportunities Fund Inc. 2.75% Convertible Preferred Stock, Series C",,N,N,N
SPEM,State Street SPDR Portfolio Emerging Markets ETF,,Y,N,P
SPEU,State Street SPDR Portfolio Europe ETF,,Y,N,P
SPFF,Global X SuperIncome Preferred ETF,,Y,N,P
SPG,"Simon Property Group, Inc. Common Stock",,N,N,N
SPG$J,"Simon Property Group, Inc. Simon Property Group 8 3/8% Series J Cumulative Redeemable Preferred Stock",,N,N,N
SPGI,S&P Global Inc. Common Stock,,N,N,N
SPGI.V,S&P Global Inc. Common Stock When-Issued,,N,N,N
SPGM,State Street SPDR Portfolio MSCI Global Stock Market ETF,,Y,N,P
SPGP,Invesco S&P 500 GARP ETF,,Y,N,P
SPH,"Suburban Propane Partners, L.P. Common Stock",,N,N,N
SPHB,Invesco S&P 500 High Beta ETF,,Y,N,P
SPHD,Invesco S&P 500 High Dividend Low Volatility ETF,,Y,N,P
SPHQ,Invesco S&P 500 Quality ETF,,Y,N,P
SPHR,Sphere Entertainment Co. Class A Common Stock,,N,N,N
SPHY,State Street SPDR Portfolio High Yield Bond ETF,,Y,N,P
SPIB,State Street SPDR Portfolio Intermediate Term Corporate Bond ETF,,Y,N,P
SPIN,State Street US Equity Premium Income ETF,,Y,N,Z
SPIP,State Street SPDR Portfolio TIPS ETF,,Y,N,P
SPIR,"Spire Global, Inc. Class A Common Stock",,N,N,N
SPLB,State Street SPDR Portfolio Long Term Corporate Bond ETF,,Y,N,P
SPLS,PIMCO US Stocks PLUS Active Bond Exchange-Traded Fund,,Y,N,Z
SPLV,Invesco S&P 500 Low Volatility ETF,,Y,N,P
SPMA,"Sound Point Meridian Capital, Inc. 8.00% Series A Preferred Shares Due 2029",,N,N,N
SPMB,State Street SPDR Portfolio Mortgage Backed Bond ETF,,Y,N,P
SPMC,"Sound Point Meridian Capital, Inc. Common Stock",,N,N,N
SPMD,State Street SPDR Portfolio S&P 400 Mid Cap ETF,,Y,N,P
SPME,"Sound Point Meridian Capital, Inc. 7.875% Series B Preferred Shares due 2030",,N,N,N
SPMO,Invesco S&P 500 Momentum ETF,,Y,N,P
SPNT,SiriusPoint Ltd. Common Shares,,N,N,N
SPOT,Spotify Technology S.A. Ordinary Shares,,N,N,N
SPPP,Sprott Physical Platinum and Palladium Trust,,Y,N,P
SPRE,SP Funds S&P Global REIT Sharia ETF,,Y,N,P
SPRU,Spruce Power Holding Corporation Class A Common Stock,,N,N,N
SPSB,State Street SPDR Portfolio Short Term Corporate Bond ETF,,Y,N,P
SPSK,SP Funds Dow Jones Global Sukuk ETF,,Y,N,P
SPSM,State Street SPDR Portfolio S&P 600 Small Cap ETF,,Y,N,P
SPTB,State Street SPDR Portfolio Treasury ETF,,Y,N,P
SPTE,SP Funds S&P Global Technology ETF,,Y,N,P
SPTI,State Street SPDR Portfolio Intermediate Term Treasury ETF,,Y,N,P
SPTL,State Street SPDR Portfolio Long Term Treasury ETF,,Y,N,P
SPTM,State Street SPDR Portfolio S&P 1500 Composite Stock Market ETF,,Y,N,P
SPTS,State Street SPDR Portfolio Short Term Treasury ETF,,Y,N,P
SPTU,State Street SPDR Portfolio Ultra Short T-Bill ETF,,Y,N,P
SPUC,Simplify US Equity Income ETF,,Y,N,P
SPUS,SP Funds S&P 500 Sharia Industry Exclusions ETF,,Y,N,P
SPUT,Innovator Equity Premium Income - Daily PutWrite ETF,,Y,N,P
SPUU,Direxion Daily S&P 500 Bull 2X ETF,,Y,N,P
SPVM,Invesco S&P 500 Value with Momentum ETF,,Y,N,P
SPWO,SP Funds S&P World (ex-US) ETF,,Y,N,P
SPXC,"SPX Technologies, Inc. Common Stock",,N,N,N
SPXE,ProShares S&P 500 Ex-Energy ETF,,Y,N,P
SPXL,Direxion Daily S&P 500 Bull 3X ETF,,Y,N,P
SPXN,ProShares S&P 500 Ex-Financials ETF,,Y,N,P
SPXS,Direxion Daily S&P 500 Bear 3X ETF,,Y,N,P
SPXT,ProShares S&P 500 Ex-Technology ETF,,Y,N,P
SPXU,ProShares UltraPro Short S&P500,,Y,N,P
SPXV,ProShares S&P 500 Ex-Health Care ETF,,Y,N,P
SPXX,Nuveen S&P 500 Dynamic Overwrite Fund,,N,N,N
SPY,State Street SPDR S&P 500 ETF Trust,,Y,N,P
SPYA,Twin Oak Endure ETF,,Y,N,Z
SPYC,Simplify US Equity PLUS Convexity ETF,,Y,N,P
SPYD,State Street SPDR Portfolio S&P 500 High Dividend ETF,,Y,N,P
SPYG,State Street SPDR Portfolio S&P 500 Growth ETF,,Y,N,P
SPYH,NEOS S&P 500 Hedged Equity Income ETF,,Y,N,Z
SPYI,NEOS S&P 500 High Income ETF,,Y,N,Z
SPYM,State Street SPDR Portfolio S&P 500 ETF,,Y,N,P
SPYT,Defiance S&P 500 Target Income ETF,,Y,N,P
SPYU,"MAX S&P 500 4X Leveraged ETNs due October 30, 2043",,Y,N,P
SPYV,State Street SPDR Portfolio S&P 500 Value ETF,,Y,N,P
SPYX,State Street SPDR S&P 500 Fossil Fuel Reserves Free ETF,,Y,N,P
SQLT,iShares MSCI USA Small-Cap Quality Factor ETF,,Y,N,Z
SQM,Sociedad Quimica y Minera S.A. Common Stock,,N,N,N
SQMX,FT Vest U.S. Equity Quarterly Max Buffer ETF,,Y,N,Z
SQNS,Sequans Communications S.A. American Depositary Shares (each representing one hundred (100) Ordinary Shares),,N,N,N
SR,Spire Inc. Common Stock,,N,N,N
SRE,DBA Sempra Common Stock,,N,N,N
SREA,DBA Sempra 5.750% Junior Subordinated Notes due 2079,,N,N,N
SRFM,Surf Air Mobility Inc. Common Stock,,N,N,N
SRG,Seritage Growth Properties Class A Common Stock,,N,N,N
SRG$A,Seritage Growth Properties 7.00% Series A Cumulative Redeemable Preferred Shares of Beneficial Interest,,N,N,N
SRHQ,SRH U.S. Quality GARP ETF,,Y,N,P
SRHR,SRH REIT Covered Call ETF,,Y,N,P
SRI,"Stoneridge, Inc. Common Stock",,N,N,N
SRJN,Spire Inc. 6.375% Junior Subordinated Notes due 2086,,N,N,N
SRL,Scully Royalty Ltd.,,N,N,N
SRLN,State Street Blackstone Senior Loan ETF,,Y,N,P
SROI,Calamos Antetokounmpo Global Sustainable Equities ETF,,Y,N,P
SRS,ProShares UltraShort Real Estate,,Y,N,P
SRTY,ProShares UltraPro Short Russell2000,,Y,N,P
SRV,NXG Cushing Midstream Energy Fund Common Shares of Beneficial Interest,,N,N,N
SRVR,Pacer Data & Infrastructure Real Estate ETF,,Y,N,P
SRXH,SRX Global Inc. Common Stock,,N,N,A
SSB,SouthState Bank Corporation Common Stock,,N,N,N
SSCP,SMART Small Cap ETF,,Y,N,P
SSD,"Simpson Manufacturing Company, Inc. Common Stock",,N,N,N
SSFI,Day Hagan Smart Sector Fixed Income ETF,,Y,N,P
SSG,ProShares UltraShort Semiconductors,,Y,N,P
SSK,REX-Osprey SOL + Staking ETF,,Y,N,Z
SSL,Sasol Ltd. American Depositary Shares,,N,N,N
SSMG,Virtus Silvant Small/Mid Growth ETF,,Y,N,P
SSMR,Sunshine Silver Mining & Refining Company Common Stock,,N,N,N
SSO,ProShares Ultra S&P500,,Y,N,P
SSPC,Leverage Shares 2X Short SPCX Daily ETF,,Y,N,Z
SSPY,Stratified LargeCap Index ETF,,Y,N,P
SST,"System1, Inc. Class A Common Stock",,N,N,N
SSTK,"Shutterstock, Inc. Common Stock",,N,N,N
SSUS,Day Hagan Smart Sector ETF,,Y,N,P
SSXU,Day Hagan Smart Sector International ETF,,Y,N,P
ST,Sensata Technologies Holding plc Ordinary Shares,,N,N,N
STAG,"Stag Industrial, Inc. Common Stock",,N,N,N
STAX,Nomura Tax-Free USA Short Term ETF,,Y,N,P
STBF,Performance Trust Short Term Bond ETF,,Y,N,Z
STBQ,Amplify Stablecoin Technology Leaders ETF,,Y,N,P
STC,Stewart Information Services Corporation Common Stock,,N,N,N
STCE,Schwab Crypto Thematic ETF,,Y,N,P
STE,STERIS plc (Ireland) Ordinary Shares,,N,N,N
STEL,"Stellar Bancorp, Inc. Common Stock",,N,N,N
STEM,"Stem, Inc. Class A Common Stock",,N,N,N
STEN,iShares Large Cap 10% Target Buffer Sep ETF,,Y,N,Z
STEW,"SRH Total Return Fund, Inc. Common Stock",,N,N,N
STG,"Sunlands Technology Group American Depositary Shares, representing Class A ordinary shares",,N,N,N
STHH,STMicroelectronics NV ADRhedged,,Y,N,P
STIP,iShares 0-5 Year TIPS Bond ETF,,Y,N,P
STK,Columbia Seligman Premium Technology Growth Fund Inc,,N,N,N
STLA,Stellantis N.V. Common Shares,,N,N,N
STLR,Stellar ETF,,Y,N,Z
STLU,2x Stellar ETF,,Y,N,Z
STM,STMicroelectronics N.V. Common Stock,,N,N,N
STN,Stantec Inc Common Stock,,N,N,N
STNG,Scorpio Tankers Inc. Common Shares,,N,N,N
STOT,State Street DoubleLine Short Duration Total Return Tactical ETF,,Y,N,Z
STOX,Horizon Core Equity ETF,,Y,N,Z
STPZ,PIMCO 1-5 Year U.S. TIPS Index Exchange-Traded Fund,,Y,N,P
STRN,SMART Trend 25 ETF,,Y,N,P
STRW,"Strawberry Fields REIT, Inc. Common Stock",,N,N,A
STSM,Defiance Daily Target 2X Short TSM ETF,,Y,N,P
STT,State Street Corporation Common Stock,,N,N,N
STT$G,"State Street Corporation Depositary shares, each representing a 1/4,000th ownership interest in a share of Fixed-to-Floating Rate Non-Cumulative",,N,N,N
STUB,"StubHub Holdings, Inc. Class A Common Stock",,N,N,N
STVN,Stevanato Group S.p.A. Ordinary Shares,,N,N,N
STWD,"STARWOOD PROPERTY TRUST, INC. Starwood Property Trust Inc.",,N,N,N
STXD,Strive 1000 Dividend Growth ETF,,Y,N,N
STXE,Strive Emerging Markets Ex-China ETF,,Y,N,N
STXF,Strive 500 ETF,,Y,N,N
STXG,Strive 1000 Growth ETF,,Y,N,N
STXK,Strive Small-Cap ETF,,Y,N,N
STXL,Defiance Daily Target 2x Long STX ETF,,Y,N,Z
STXS,"Stereotaxis, Inc. Common Stock",,N,N,A
STXT,Strive Total Return Bond ETF,,Y,N,N
STXU,Leverage Shares 2X Long STX Daily ETF,,Y,N,Z
STXV,Strive 1000 Value ETF,,Y,N,N
STXX,Tradr 2X Long STX Daily ETF,,Y,N,Z
STYL,Corgi Lifestyle Brands ETF,,Y,N,Z
STZ,"Constellation Brands, Inc. Common Stock",,N,N,N
SU,Suncor Energy  Inc. Common Stock,,N,N,N
SUB,iShares Short-Term National Muni Bond ETF,,Y,N,P
SUI,"Sun Communities, Inc. Common Stock",,N,N,N
SUIL,2x Sui ETF,,Y,N,Z
SUN,Sunoco LP Common Units representing limited partner interests,,N,N,N
SUNB,"Sunbelt Rentals Holdings, Inc. Common Stock",,N,N,N
SUNC,"SunocoCorp LLC Common Units, representing limited liability company interests",,N,N,N
SUPL,ProShares Supply Chain Logistics ETF,,Y,N,P
SUPV,Grupo Supervielle S.A. American Depositary Shares each Representing five Class B shares,,N,N,N
SURE,AdvisorShares Insider Advantage ETF,,Y,N,P
SURI,Simplify Propel Opportunities ETF,,Y,N,P
SUSA,iShares ESG Optimized MSCI USA ETF,,Y,N,P
SUZ,Suzano S.A. American Depositary Shares (each representing One Ordinary Share),,N,N,N
SVAL,iShares US Small Cap Value Factor ETF,,Y,N,Z
SVIX,-1x Short VIX Futures ETF,,Y,N,Z
SVM,Silvercorp Metals Inc. Common Shares,,N,N,A
SVOL,Simplify Volatility Premium ETF,,Y,N,P
SVV,"Savers Value Village, Inc. Common Stock",,N,N,N
SVXY,ProShares Short VIX Short Term Futures ETF,,Y,N,Z
SW,Smurfit WestRock plc Ordinary Shares,,N,N,N
SWAN,Amplify BlackSwan Growth & Treasury Core ETF,,Y,N,P
SWK,"Stanley Black & Decker, Inc. Common Stock",,N,N,N
SWX,"Southwest Gas Holdings, Inc. Common Stock (DE)",,N,N,N
SWZ,Total Return Securities Fund Common Stock,,N,N,N
SXC,"SunCoke Energy, Inc. Common Stock",,N,N,N
SXI,Standex International Corporation Common Stock,,N,N,N
SXQG,ETC 6 Meridian Quality Growth ETF,,Y,N,P
SXT,Sensient Technologies Corporation Common Stock,,N,N,N
SYF,Synchrony Financial Common Stock,,N,N,N
SYF$A,"Synchrony Financial Depositary Shares, each Representing a 1/40th Interest in a Share of 5.625% Fixed Rate Non-Cumulative Perpetual Preferred Stock, Series A",,N,N,N
SYF$B,"Synchrony Financial Depositary Shares Each Representing a 1/40th Interest in a Share of 8.250% Fixed Rate Reset Non-Cumulative Perpetual Preferred Stock, Series B",,N,N,N
SYFI,AB Short Duration High Yield ETF,,Y,N,P
SYK,Stryker Corporation Common Stock,,N,N,N
SYLD,Cambria Shareholder Yield ETF,,Y,N,Z
SYNX,Silynxcom Ltd. Ordinary Shares,,N,N,A
SYSB,iShares Systematic Bond ETF,,Y,N,Z
SYY,Sysco Corporation Common Stock,,N,N,N
SZK,ProShares UltraShort Consumer Staples,,Y,N,P
T,AT&T Inc.,,N,N,N
T$A,"AT&T Inc. Depositary Shares, each representing a 1/1,000th interest in a share of 5.000% Perpetual Preferred Stock, Series A",,N,N,N
T$C,"AT&T Inc. Depositary Shares, each representing a 1/1,000th interest in a share of 4.750% Perpetual Preferred Stock, Series C",,N,N,N
TABD,Transamerica Bond Active ETF,,Y,N,P
TAC,TransAlta Corporation Ordinary Shares,,N,N,N
TACK,Fairlead Tactical Sector ETF,,Y,N,P
TACN,T. Rowe Price Active Core International Equity ETF,,Y,N,P
TACU,T. Rowe Price Active Core U.S. Equity ETF,,Y,N,P
TAFI,AB Tax-Aware Short Duration Municipal ETF,,Y,N,P
TAFL,AB Tax-Aware Long Municipal ETF,,Y,N,P
TAFM,AB Tax-Aware Intermediate Municipal ETF,,Y,N,P
TAGG,T. Rowe Price QM U.S. Bond ETF,,Y,N,P
TAGS,Teucrium Agricultural Fund ETV,,Y,N,P
TAIL,Cambria Tail Risk ETF,,Y,N,Z
TAJX,Corgi India 2x Daily ETF,,Y,N,Z
TAK,Takeda Pharmaceutical Company Limited American Depositary Shares (each representing 1/2 of a share of Common Stock),,N,N,N
TAL,TAL Education Group American Depositary Shares,,N,N,N
TALO,"Talos Energy, Inc. Common Stock",,N,N,N
TALV,Transamerica Large Value Active ETF,,Y,N,P
TAN,Invesco Solar ETF,,Y,N,P
TAP,Molson Coors Beverage Company Class B Common Stock,,N,N,N
TAP.A,Molson Coors Beverage Company Class A Common Stock,,N,N,N
TAPR,Innovator Equity Defined Protection ETF - 2 Yr to April 2027,,Y,N,Z
TAXF,American Century Diversified Municipal Bond ETF,,Y,N,P
TAXM,BondBloxx IR+M Tax-Aware ETF for Massachusetts Residents,,Y,N,P
TAXX,BondBloxx IR+M Tax-Aware Short Duration ETF,,Y,N,P
TBB,AT&T Inc. 5.350% Global Notes due 2066,,N,N,N
TBBB,BBB Foods Inc. Class A Common Shares,,N,N,N
TBF,ProShares Short 20+ Year Treasury,,Y,N,P
TBFC,The Brinsmere Fund  Conservative ETF,,Y,N,P
TBFG,The Brinsmere Fund Growth ETF,,Y,N,P
TBG,TBG Dividend Focus ETF,,Y,N,P
TBI,"TrueBlue, Inc. Common Stock",,N,N,N
TBJL,Innovator 20  Year Treasury Bond 9 Buffer ETF - July,,Y,N,Z
TBLL,Invesco Short Term Treasury ETF,,Y,N,P
TBLU,Tortoise Global Water ETF,,Y,N,N
TBN,Tamboran Resources Corporation Common stock,,N,N,N
TBT,ProShares UltraShort Lehman 20  Year Treasury,,Y,N,P
TBUX,T. Rowe Price Ultra Short-Term Bond ETF,,Y,N,P
TBX,ProShares Short 7 10 Year Treasury,,Y,N,P
TBXU,Direxion Daily Biotech Top 5 Bull 2X ETF,,Y,N,P
TCAF,T. Rowe Price Capital Appreciation Equity ETF,,Y,N,P
TCAI,Tortoise AI Infrastructure ETF,,Y,N,N
TCAL,T. Rowe Price Capital Appreciation Premium Income ETF,,Y,N,P
TCBX,"Third Coast Bancshares, Inc. Common Stock",,N,N,N
TCHP,T. Rowe Price Blue Chip Growth ETF,,Y,N,P
TCI,"Transcontinental Realty Investors, Inc. Common Stock",,N,N,N
TCPA,TransCanada PipeLines Limited 6.250% Junior Subordinated Notes due 2085,,N,N,N
TCPB,Thrivent Core Plus Bond ETF,,Y,N,P
TCV,Towle Value ETF,,Y,N,P
TD,Toronto Dominion Bank (The) Common Stock,,N,N,N
TDAQ,TappAlpha Innovation 100 Growth & Daily Income ETF,,Y,N,Z
TDAX,TDAQ Lift ETF,,Y,N,Z
TDAY,"USA TODAY Co., Inc. Common Stock",,N,N,N
TDC,Teradata Corporation Common Stock,,N,N,N
TDEC,FT Vest Emerging Markets Buffer ETF - December,,Y,N,Z
TDF,"Templeton Dragon Fund, Inc. Common Stock",,N,N,N
TDG,Transdigm Group Incorporated Common Stock,,N,N,N
TDOC,"Teladoc Health, Inc. Common Stock",,N,N,N
TDS,"Telephone and Data Systems, Inc. Common Shares",,N,N,N
TDS$U,"Telephone and Data Systems, Inc. Depositary Shares, Each Representing a 1/1,000th Interest in a 6.625% Series UU Cumulative Redeemable Perpetual Preferred Stock",,N,N,N
TDS$V,"Telephone and Data Systems, Inc. Depositary Shares, Each Representing a 1/1,000th Interest in a 6.000% Series VV Cumulative Redeemable Perpetual Preferred Stock",,N,N,N
TDTF,FlexShares iBoxx 5 Year Target Duration TIPS Index Fund,,Y,N,P
TDTT,FlexShares iBoxx 3 Year Target Duration TIPS Index Fund,,Y,N,P
TDV,ProShares S&P Technology Dividend Aristocrats ETF,,Y,N,Z
TDVG,T. Rowe Price Dividend Growth ETF,,Y,N,P
TDVI,FT Vest Technology Dividend Target Income ETF,,Y,N,Z
TDW,Tidewater Inc. Common Stock,,N,N,N
TDY,Teledyne Technologies Incorporated Common Stock,,N,N,N
TE,T1 Energy Inc. Common Stock,,N,N,N
TE.W,"T1 Energy Inc. Warrants, each whole warrant exercisable to purchase one Common Stock at an exercise price of $11.50 per share",,N,N,N
TEC,Harbor Transformative Technologies ETF,,Y,N,P
TECB,iShares U.S. Tech Breakthrough Multisector ETF,,Y,N,P
TECK,Teck Resources Ltd Ordinary Shares,,N,N,N
TECL,Direxion Daily Technology Bull 3X ETF,,Y,N,P
TECS,Direxion Technology Bear 3X ETF,,Y,N,P
TEI,"Templeton Emerging Markets Income Fund, Inc. Common Stock",,N,N,N
TEK,iShares Technology Opportunities Active ETF,,Y,N,P
TEL,TE Connectivity plc Ordinary Shares,,N,N,N
TELG,Leverage Shares 2X Long TEL Daily ETF,,Y,N,Z
TEMD,Templeton Emerging Markets Debt ETF,,Y,N,P
TEMR,T. Rowe Price Emerging Markets Equity Research ETF,,Y,N,P
TEMT,Tradr 2X Long TEM Daily ETF,,Y,N,Z
TEMX,Touchstone Sands Capital Emerging Markets ex-China Growth ETF,,Y,N,Z
TEN,Tsakos Energy Navigation Ltd Common Shares,,N,N,N
TEN$E,"Tsakos Energy Navigation Ltd Series E Fixed-to-Floating Rate Cumulative Redeemable Perpetual Preferred Shares, par value $1.00",,N,N,N
TEN$F,"Tsakos Energy Navigation Ltd Series F Fixed-to-Floating Rate Cumulative Redeemable Perpetual Preferred Shares, par value $1.00",,N,N,N
TEND,iShares Large Cap 10% Target Buffer Dec ETF,,Y,N,Z
TENJ,iShares Large Cap 10% Target Buffer Jun ETF,,Y,N,Z
TENM,iShares Large Cap 10% Target Buffer Mar ETF,,Y,N,Z
TEO,Telecom Argentina SA,,N,N,N
TEQI,T. Rowe Price Equity Income ETF,,Y,N,P
TESC,Corgi TSLA 2x Daily ETF,,Y,N,Z
TESL,Simplify Volt TSLA Revolution ETF,,Y,N,P
TEST,YieldMax TSLA Performance & Distribution Target 25 ETF,,Y,N,Z
TETH,21Shares Ethereum ETF,,Y,N,Z
TEUP,T-REX 2X Long TE Daily Target ETF,,Y,N,Z
TEVA,Teva Pharmaceutical Industries Limited American Depositary Shares,,N,N,N
TEX,Terex Corporation Common Stock,,N,N,N
TEXU,Direxion Daily Energy Top 5 Bull 2X ETF,,Y,N,P
TFC,Truist Financial Corporation Common Stock,,N,N,N
TFC$I,Truist Financial Corporation Depositary Shares,,N,N,N
TFC$O,"Truist Financial Corporation Depositary Shares, Each Representing a 1/1,000th Interest in a Share of Series O Non-Cumulative Perpetual Preferred Stock",,N,N,N
TFC$R,"Truist Financial Corporation Depositary Shares, each representing 1/1,000th interest in a share of Series R Non-Cumulative Perpetual Preferred Stock",,N,N,N
TFFI,Chesapeake Trend-Following Fixed Income ETF,,Y,N,P
TFI,State Street SPDR Nuveen ICE Municipal Bond ETF,,Y,N,P
TFII,TFI International Inc. Common Shares,,N,N,N
TFIN,"Triumph Financial, Inc. Common Stock",,N,N,N
TFIN$,"Triumph Financial, Inc. Depositary Shares, Each Representing a 1/40th Interest in a Share of 7.125% Series C Fixed-Rate Non-Cumulative Perpetual Preferred Stock",,N,N,N
TFJL,Innovator 20  Year Treasury Bond 5 Floor ETF - July,,Y,N,Z
TFLO,iShares Treasury Floating Rate Bond ETF,,Y,N,P
TFLR,T. Rowe Price Floating Rate ETF,,Y,N,P
TFPM,Triple Flag Precious Metals Corp. Common Shares,,N,N,N
TFPN,Blueprint Chesapeake Multi-Asset Trend ETF,,Y,N,P
TFX,Teleflex Incorporated Common Stock,,N,N,N
TG,Tredegar Corporation Common Stock,,N,N,N
TGB,Trekor Metals Limited Common Shares,,N,N,A
TGE,The Generation Essentials Group Class A Ordinary Shares,,N,N,N
TGE.W,"The Generation Essentials Group Warrants, each whole warrant exercisable for one Class A Ordinary Share",,N,N,A
TGEN,Tecogen Inc. Common Stock,,N,N,A
TGLB,T. Rowe Price Global Equity ETF,,Y,N,P
TGLR,Wedbush LAFFER TENGLER New Era Value ETF,,Y,N,P
TGLS,Tecnoglass Inc. Ordinary Shares,,N,N,N
TGRT,T. Rowe Price Growth ETF,,Y,N,P
TGRW,T. Rowe Price Growth Stock ETF,,Y,N,P
TGS,Transportadora de Gas del Sur SA TGS Common Stock,,N,N,N
TGT,Target Corporation Common Stock,,N,N,N
THC,Tenet Healthcare Corporation Common Stock,,N,N,N
THD,iShares MSCI Thailand ETF,,Y,N,P
THEQ,T. Rowe Price Hedged Equity ETF,,Y,N,P
THG,Hanover Insurance Group Inc,,N,N,N
THIR,THOR Index Rotation ETF,,Y,N,N
THLV,THOR Equal Weight Low Volatility ETF,,Y,N,N
THM,"International Tower Hill Mines, Ltd. Ordinary Shares (Canada)",,N,N,A
THMR,THOR AdaptiveRisk Dynamic ETF,,Y,N,N
THNQ,ROBO Global Artificial Intelligence ETF,,Y,N,P
THNR,Amplify Weight Loss Drug & Treatment ETF,,Y,N,P
THO,"Thor Industries, Inc. Common Stock",,N,N,N
THOR,Thornburg Premium Income Builder ETF,,Y,N,P
THQ,abrdn Healthcare Opportunities Fund Shares of Beneficial Interest,,N,N,N
THRO,iShares U.S. Thematic Rotation Active ETF,,Y,N,P
THTA,SoFi Enhanced Yield ETF,,Y,N,P
THW,abrdn World Healthcare Fund Shares of Beneficial Interest,,N,N,N
THY,Toews Agility Shares Dynamic Tactical Income ETF,,Y,N,P
THYF,T. Rowe Price U.S. High Yield ETF,,Y,N,P
TIC,"TIC Solutions, Inc. Common Stock",,N,N,N
TIER,T. Rowe Price International Equity Research ETF,,Y,N,P
TII,Titan Mining Corporation Common Shares,,N,N,A
TIIV,AAM Todd International Intrinsic Value ETF,,Y,N,P
TILL,Teucrium Agricultural Strategy No K-1 ETF,,Y,N,P
TILT,FlexShares Mornigstar US Market Factors Tilt Index Fund ETF,,Y,N,Z
TIMB,TIM S.A. American Depositary Shares (Each representing 5 Common Shares) ,,N,N,N
TIME,Clockwise U.S. Core Equity ETF,,Y,N,P
TINS,Templeton International Insights ETF,,Y,N,P
TINT,ProShares Smart Materials ETF,,Y,N,P
TINY,ProShares Nanotechnology ETF,,Y,N,P
TIP,iShares TIPS Bond ETF,,Y,N,P
TIPA,Northern Trust 2030 Inflation-Linked Distributing Ladder ETF,,Y,N,P
TIPB,Northern Trust 2035 Inflation-Linked Distributing Ladder ETF,,Y,N,P
TIPC,Northern Trust 2045 Inflation-Linked Distributing Ladder ETF,,Y,N,P
TIPD,Northern Trust 2055 Inflation-Linked Distributing Ladder ETF,,Y,N,P
TIPX,State Street SPDR Bloomberg 1a??10 Year TIPS ETF,,Y,N,P
TIPZ,PIMCO Broad U.S. TIPS Index Exchange-Traded Fund,,Y,N,P
TISI,"Team, Inc. Common Stock",,N,N,N
TJAN,Innovator Equity Defined Protection ETF - 2 Yr to January 2027,,Y,N,Z
TJUL,Innovator Equity Defined Protection ETF - 2 Yr to July 2027,,Y,N,Z
TJUN,FT Vest Emerging Markets Buffer ETF - June,,Y,N,Z
TJX,"TJX Companies, Inc. (The) Common Stock",,N,N,N
TK,Teekay Corporation Ltd. Common Stock,,N,N,N
TKC,Turkcell Iletisim Hizmetleri AS Common Stock,,N,N,N
TKNQ,Amplify Tokenization Technology Leaders ETF,,Y,N,P
TKO,"TKO Group Holdings, Inc. Class A Common Stock",,N,N,N
TKR,Timken Company (The) Common Stock,,N,N,N
TLCI,Touchstone International Equity ETF,,Y,N,P
TLDR,The Laddered T-Bill ETF,,Y,N,Z
TLH,iShares 10-20 Year Treasury Bond ETF,,Y,N,P
TLK,"PT Telekomunikasi Indonesia, Tbk",,N,N,N
TLTD,FlexShares Morningstar Developed Markets ex-US Factor Tilt Index Fund,,Y,N,P
TLTE,FlexShares Morningstar Emerging Markets Factor Tilt Index Fund,,Y,N,P
TLTI,NEOS Enhanced Income 20+ Year Treasury Bond ETF,,Y,N,Z
TLTP,Amplify TLT U.S. Treasury 12% Option Income ETF,,Y,N,Z
TLTW,iShares 20+ Year Treasury Bond BuyWrite Strategy ETF,,Y,N,Z
TLTX,Global X Treasury Bond Enhanced Income ETF,,Y,N,Z
TLYS,"Tilly's, Inc. Common Stock",,N,N,N
TM,Toyota Motor Corporation Common Stock,,N,N,N
TMAR,FT Vest Emerging Markets Buffer ETF - March,,Y,N,Z
TMAT,Main Thematic Innovation ETF,,Y,N,Z
TMDE,TMD Energy Limited Ordinary Shares,,N,N,A
TMDV,ProShares Russell US Dividend Growers ETF,,Y,N,Z
TME,"Tencent Music Entertainment Group American Depositary Shares, each representing two Class A Ordinary Shares",,N,N,N
TMF,Direxion Daily 20-Yr Treasury Bull 3x Shrs,,Y,N,P
TMFC,Motley Fool 100 Index ETF,,Y,N,Z
TMFE,Motley Fool Capital Efficiency 100 Index ETF,,Y,N,Z
TMFG,Motley Fool Global Opportunities ETF,,Y,N,Z
TMFM,Motley Fool Mid-Cap Growth ETF,,Y,N,Z
TMFS,Motley Fool Small-Cap Growth ETF,,Y,N,Z
TMFX,Motley Fool Next Index ETF,,Y,N,Z
TMH,Toyota Motor Corporation ADRhedged,,Y,N,P
TMHC,Taylor Morrison Home Corporation Common Stock,,N,N,N
TMLP,Tortoise MLP ETF,,Y,N,P
TMO,Thermo Fisher Scientific Inc Common Stock,,N,N,N
TMP,Tompkins Financial Corporation Common Stock,,N,N,A
TMQ,Trilogy Metals Inc. Common Stock,,N,N,A
TMSL,T. Rowe Price Small-Mid Cap ETF,,Y,N,P
TMV,Direxion Daily 20-Year Treasury Bear 3X,,Y,N,P
TMVE,Thrivent Mid Cap Value ETF,,Y,N,P
TNA,Direxion Small Cap Bull 3X ETF,,Y,N,P
TNC,Tennant Company Common Stock,,N,N,N
TNET,"TriNet Group, Inc. Common Stock",,N,N,N
TNGY,Tortoise Energy ETF,,Y,N,N
TNK,Teekay Tankers Ltd.,,N,N,N
TNL,Travel   Leisure Co. Common  Stock,,N,N,N
TNUK,Tortoise Nuclear Renaissance ETF,,Y,N,P
TOAK,Manager Directed Portfolios Twin Oak Short Horizon Absolute Return ETF,,Y,N,P
TOAO,Twin Oak Active Opportunities III ETF,,Y,N,Z
TOCT,Innovator Equity Defined Protection ETF - 2 Yr to October 2027,,Y,N,Z
TOGA,Managed Portfolio Series Tremblant Global ETF,,Y,N,P
TOK,iShares MSCI Kokusai ETF,,Y,N,P
TOL,"Toll Brothers, Inc. Common Stock",,N,N,N
TOLL,Tema Monopolies and Oligopolies ETF,,Y,N,Z
TOLZ,ProShares DJ Brookfield Global Infrastructure ETF,,Y,N,P
TOON,"Kartoon Studios, Inc. Common Stock",,N,N,A
TOPC,iShares S&P 500 3% Capped ETF,,Y,N,P
TOPP,Toppoint Holdings Inc. Common Stock,,N,N,A
TOPS,"TOP Ships, Inc. Common Stock",,N,N,A
TOPT,iShares Top 20 U.S. Stocks ETF,,Y,N,P
TOPW,Roundhill Top WeeklyPay ETF,,Y,N,Z
TOS,Twin Oak Strategic Solutions ETF,,Y,N,Z
TOST,"Toast, Inc. Class A Common Stock",,N,N,N
TOT,LionShares U.S. Equity Total Return ETF,,Y,N,P
TOTL,State Street DoubleLine Total Return Tactical ETF,,Y,N,P
TOTR,T. Rowe Price Total Return ETF,,Y,N,P
TOUS,T. Rowe Price International Equity ETF,,Y,N,P
TOV,JLens 500 Jewish Advocacy U.S. ETF,,Y,N,P
TOVX,"Theriva Biologics, Inc. Common Stock",,N,N,A
TOXR,21Shares XRP ETF,,Y,N,Z
TPAY,Roundhill S&P 500 Target 10 Managed Distribution ETF,,Y,N,Z
TPB,"Turning Point Brands, Inc. Common Stock",,N,N,N
TPC,Tutor Perini Corporation Common Stock,,N,N,N
TPET,Trio Petroleum Corp. Common Stock,,N,N,A
TPFC,Timothy Plan Free Cash Flow ETF,,Y,N,P
TPFG,Timothy Plan Free Cash Flow Growth ETF,,Y,N,P
TPFI,Timothy Plan Fixed Income ETF,,Y,N,P
TPHD,Timothy Plan High Dividend Stock ETF,,Y,N,P
TPIF,Timothy Plan International ETF,,Y,N,P
TPL,Texas Pacific Land Corporation Common Stock,,N,N,N
TPLC,Timothy Plan US Large/Mid Cap Core ETF,,Y,N,P
TPLX,Corgi TPL 2x Daily ETF,,Y,N,Z
TPOR,Direxion Daily Transportation Bull 3X ETF,,Y,N,P
TPR,"Tapestry, Inc. Common Stock",,N,N,N
TPRY,VistaShares Target 15 TEPRTantrum Contrarian Distribution ETF,,Y,N,P
TPSC,Timothy Plan US Small Cap Core ETF,,Y,N,P
TPTA,"Terra Property Trust, Inc. 6.00% Notes due 2026",,N,N,N
TPTS,"Terra Property Trust, Inc. 7.00% Senior Secured Notes due 2029",,N,N,N
TPUT,T. Rowe Price Capital Appreciation Market Opportunities ETF,,Y,N,P
TPVG,TriplePoint Venture Growth BDC Corp. Common Stock,,N,N,N
TPYP,Tortoise North American Pipeline ETF,,Y,N,N
TPZ,Tortoise Electrification Infrastructure ETF,,Y,N,N
TR,"Tootsie Roll Industries, Inc. Common Stock",,N,N,N
TRAD,APEX Tech Acquisition Inc. Ordinary Shares,,N,N,N
TRAD.R,"APEX Tech Acquisition Inc. Rights, each entitling the holder to receive one-fourth (1/4) of one ordinary share",,N,N,N
TRAD.U,"APEX Tech Acquisition Inc. Units, each consisting of one Class A ordinary share and one right to receive one sixth (1/6) of a Class A ordinary share",,N,N,N
TRAK,"ReposiTrak, Inc. Common Stock",,N,N,N
TRC,Tejon Ranch Co Common Stock,,N,N,N
TREX,"Trex Company, Inc. Common Stock",,N,N,N
TRFK,Pacer Data and Digital Revolution ETF,,Y,N,P
TRFM,AAM Transformers ETF,,Y,N,P
TRGP,"Targa Resources, Inc. Common Stock",,N,N,N
TRIO,MC Trio Equity Buffered ETF,,Y,N,Z
TRLV,Trulieve Cannabis Corp. Subordinate Voting Shares,,N,N,N
TRN,"Trinity Industries, Inc. Common Stock",,N,N,N
TRND,Pacer Trendpilot Fund of Funds ETF,,Y,N,P
TRNO,Terreno Realty Corporation Common Stock,,N,N,N
TROT,Invesco MSCI Treasury Duration Rotation ETF,,Y,N,P
TROX,Tronox Holdings plc Ordinary Shares (UK),,N,N,N
TRP,TC Energy Corporation Common Stock,,N,N,N
TRPA,Hartford AAA CLO ETF,,Y,N,Z
TRSY,Xtrackers US 0-1 Year Treasury ETF,,Y,N,Z
TRT,Trio-Tech International Common Stock,,N,N,A
TRTN$A,Triton International Limited 8.50% Series A Cumulative Redeemable Perpetual  Preference Shares,,N,N,N
TRTN$B,Triton International Limited 8.00% Series B Cumulative Redeemable Perpetual Preference Shares,,N,N,N
TRTN$C,Triton International Limited 7.375% Series C Cumulative Redeemable Perpetual Preference Shares,,N,N,N
TRTN$D,Triton International Limited 6.875% Series D Cumulative Redeemable Perpetual Preference Shares,,N,N,N
TRTN$E,Triton International Limited 5.75% Series E Cumulative Redeemable Perpetual Preference Shares,,N,N,N
TRTN$F,Triton International Limited 7.625% Series F Cumulative Redeemable Perpetual Preference Shares,,N,N,N
TRTN$G,Triton International Limited 7.500% Series G Cumulative Redeemable Perpetual Preference Shares,,N,N,N
TRTX,"TPG RE Finance Trust, Inc. Common Stock",,N,N,N
TRTX$C,"TPG RE Finance Trust, Inc. 6.25% Series C Cumulative Redeemable Preferred Stock, $0.001 par value per share",,N,N,N
TRTY,Cambria Trinity ETF,,Y,N,Z
TRU,TransUnion Common Stock,,N,N,N
TRV,"The Travelers Companies, Inc. Common Stock",,N,N,N
TRX,TRX Gold Corporation Common Stock,,N,N,A
TS,Tenaris S.A. American Depositary Shares,,N,N,N
TSCV,Thrivent Small Cap Value ETF,,Y,N,P
TSEC,Touchstone Securitized Income ETF,,Y,N,P
TSEG,Leverage Shares 2X Long TSEM Daily ETF,,Y,N,Z
TSEP,FT Vest Emerging Market Buffer ETF - September,,Y,N,Z
TSES,Truth Social American Energy Security ETF,,Y,N,P
TSI,"TCW Strategic Income Fund, Inc. Common Stock",,N,N,N
TSIC,Truth Social American Icons ETF,,Y,N,P
TSII,REX TSLA Growth & Income ETF,,Y,N,Z
TSLI,ProShares Ultra TSLA,,Y,N,P
TSLP,Kurv Yield Premium Strategy Tesla (TSLA) ETF,,Y,N,Z
TSLT,T-REX 2X Long Tesla Daily Target ETF,,Y,N,Z
TSLW,Roundhill TSLA WeeklyPay ETF,,Y,N,Z
TSLX,"Sixth Street Specialty Lending, Inc. Common Stock",,N,N,N
TSLY,YieldMax TSLA Option Income Strategy ETF,,Y,N,P
TSLZ,T-Rex 2X Inverse Tesla Daily Target ETF,,Y,N,Z
TSM,Taiwan Semiconductor Manufacturing Company Ltd.,,N,N,N
TSME,Thrivent Small-Mid Cap Equity ETF,,Y,N,P
TSMY,YieldMax TSM Option Income Strategy ETF,,Y,N,P
TSN,"Tyson Foods, Inc. Common Stock",,N,N,N
TSNF,Truth Social American Next Frontiers ETF,,Y,N,P
TSOL,21Shares Solana ETF,,Y,N,Z
TSPA,T. Rowe Price U.S. Equity Research ETF,,Y,N,P
TSPX,Twin Oak Active Opportunities ETF,,Y,N,Z
TSQ,"Townsquare Media, Inc. Class A Common Stock",,N,N,N
TSRS,Truth Social American Red State REITs ETF,,Y,N,P
TSSD,Truth Social American Security & Defense ETF,,Y,N,P
TSXD,Direxion Daily Semiconductors Top 5 Bear 2X ETF,,Y,N,P
TSXU,Direxion Daily Semiconductors Top 5 Bull 2X ETF,,Y,N,P
TSYW,Roundhill Treasury Bond WeeklyPay ETF,,Y,N,Z
TT,Trane Technologies plc,,N,N,N
TTAM,Titan America SA Common Shares,,N,N,N
TTC,Toro Company (The) Common Stock,,N,N,N
TTDU,T-REX 2X Long TTD Daily Target ETF,,Y,N,Z
TTE,TotalEnergies SE Ordinary Shares,,N,N,N
TTI,"Tetra Technologies, Inc. Common Stock",,N,N,N
TTOP,21Shares FTSE Crypto 10 Index ETF,,Y,N,P
TTT,ProShares UltraPro Short 20 Year Treasury,,Y,N,P
TTXD,Direxion Daily Technology Top 5 Bear 2X ETF,,Y,N,P
TTXU,Direxion Daily Technology Top 5 Bull 2X ETF,,Y,N,P
TU,Telus Corporation Ordinary Shares,,N,N,N
TUA,Simplify Short Term Treasury Futures Strategy ETF,,Y,N,P
TUSB,Thrivent Ultra Short Bond ETF,,Y,N,P
TUSI,Touchstone Ultra Short Income ETF,,Y,N,Z
TUYA,"Tuya Inc. American Depositary Shares, each representing one Class A Ordinary Share",,N,N,N
TV,Grupo Televisa S.A.B. Common Stock,,N,N,N
TVAL,T. Rowe Price Value ETF,,Y,N,P
TVC,Tennessee Valley Authority Common Stock,,N,N,N
TVE,Tennessee Valley Authority,,N,N,N
TWI,"Titan International, Inc. (DE) Common Stock",,N,N,N
TWLO,Twilio Inc. Class A Common Stock,,N,N,N
TWM,ProShares UltraShort Russell2000,,Y,N,P
TWN,"Taiwan Fund, Inc. (The) Common Stock",,N,N,N
TWO,Two Harbors Investment Corp,,N,N,N
TWO$A,Two Harbors Investments Corp 8.125% Series A Fixed-to-Floating Rate Cumulative Redeemable Preferred Stock ($25.00 liquidation preference per share),,N,N,N
TWO$B,Two Harbors Investments Corp 7.625% Series B Fixed-to-Floating Rate Cumulative Redeemable Preferred Stock,,N,N,N
TWO$C,Two Harbors Investments Corp 7.25% Series C Fixed-to-Floating Rate Cumulative Redeemable Preferred Stock,,N,N,N
TWOD,Two Harbors Investments Corp 9.375% Senior Notes due 2030,,N,N,N
TWOX,iShares Large Cap Accelerated Outcome ETF,,Y,N,Z
TWSC,Corgi TSM 2x Daily ETF,,Y,N,Z
TX,"Ternium S.A. Ternium S.A. American Depositary Shares (each representing ten shares, USD1.00 par value)",,N,N,N
TXBC,21Shares FTSE Crypto 10 ex-BTC Index ETF,,Y,N,P
TXNM,"TXNM Energy, Inc. Common Stock",,N,N,N
TXNU,Direxion Daily TXN Bull 2X ETF,,Y,N,P
TXO,"TXO Partners, L.P. Common Units Representing Limited Partner Interests",,N,N,N
TXS,Texas Capital Texas Equity Index ETF,,Y,N,P
TXT,Textron Inc. Common Stock,,N,N,N
TXXI,BondBloxx IR+M Tax-Aware Intermediate Duration ETF,,Y,N,P
TY,Tri Continental Corporation Common Stock,,N,N,N
TY$,Tri Continental Corporation Preferred Stock,,N,N,N
TYA,Simplify Intermediate Term Treasury Futures Strategy ETF,,Y,N,Z
TYD,Direxion Daily 10-Yr Treasury Bull 3x Shrs,,Y,N,P
TYG,Tortoise Energy Infrastructure Corporation Common Stock,,N,N,N
TYL,"Tyler Technologies, Inc. Common Stock",,N,N,N
TYLD,Cambria Tactical Yield ETF,,Y,N,Z
TYLG,Global X Information Technology Covered Call & Growth ETF,,Y,N,P
TYO,Direxion Daily 10-Yr Treasury Bear 3x Shrs,,Y,N,P
TYYY,xETFs TSLA Daily Income ETF,,Y,N,P
TZA,Direxion Small Cap Bear 3X ETF,,Y,N,P
U,Unity Software Inc. Common Stock,,N,N,N
UA,"Under Armour, Inc. Class C Common Stock",,N,N,N
UAA,"Under Armour, Inc. Class A Common Stock",,N,N,N
UAC,United Acquisition Corp. I Class A Ordinary Shares,,N,N,A
UAC.U,"United Acquisition Corp. I Units, each consisting of one Class A ordinary share and one-quarter of one redeemable warrant",,N,N,A
UAC.W,"United Acquisition Corp. I Warrants, each whole warrant exercisable for one Class A ordinary share at an exercise price of $11.50",,N,N,A
UAMY,United States Antimony Corporation Common Stock,,N,N,N
UAN,"CVR Partners, LP Common Units representing Limited Partner Interests",,N,N,N
UAPR,Innovator U.S. Equity Ultra Buffer ETF - April,,Y,N,Z
UAUG,Innovator U.S. Equity Ultra Buffer ETF - August,,Y,N,Z
UAVS,"AgEagle Aerial Systems, Inc. Common Stock",,N,N,A
UBER,"Uber Technologies, Inc. Common Stock",,N,N,N
UBEW,Roundhill UBER WeeklyPay ETF,,Y,N,Z
UBOT,"Direxion Daily Robotics, Artificial Intelligence & Automation Index Bull 2X ETF",,Y,N,P
UBR,ProShares Ultra MSCI Brazil Capped,,Y,N,P
UBS,UBS Group AG Registered Ordinary Shares,,N,N,N
UBT,ProShares Ultra 20+ Year Treasury,,Y,N,P
UCB,"United Community Banks, Inc. Common Stock",,N,N,N
UCC,ProShares Ultra Consumer Discretionary,,Y,N,P
UCIB,"ETRACS UBS Bloomberg Constant Maturity Commodity Index (CMCI) Total Return ETN Series B due April 5, 2038",,N,N,P
UCO,ProShares Ultra Bloomberg Crude Oil,,Y,N,P
UCON,First Trust Smith Unconstrained Bond ETF,,Y,N,P
UCOP,ProShares Ultra Copper K-1 Free ETF,,Y,N,P
UCTX,Corgi UCTT 2x Daily ETF,,Y,N,Z
UDEC,Innovator U.S. Equity Ultra Buffer ETF - December,,Y,N,Z
UDI,USCF Dividend Income Fund,,Y,N,P
UDIV,Franklin U.S. Core Dividend Tilt Index ETF,,Y,N,P
UDN,Invesco DB USD Index Bearish ETF,,Y,N,P
UDOW,ProShares UltraPro Dow30,,Y,N,P
UDR,"UDR, Inc. Common Stock",,N,N,N
UE,Urban Edge Properties Common Shares of Beneficial Interest,,N,N,N
UEC,Uranium Energy Corp. Common Stock,,N,N,A
UFEB,Innovator U.S. Equity Ultra Buffer ETF - February,,Y,N,Z
UFI,"Unifi, Inc. New Common Stock",,N,N,N
UFOD,Tuttle Capital UFO Disclosure ETF,,Y,N,Z
UGA,United States Gasoline Fund LP,,Y,N,P
UGE,ProShares Ultra Consumer Staples,,Y,N,P
UGI,UGI Corporation Common Stock,,N,N,N
UGL,ProShares Ultra Gold,,Y,N,P
UGLD,Direxion Daily Gold Bull 2X ETF,,Y,N,P
UGP,Ultrapar Participacoes S.A. (New) American Depositary Shares (Each representing one Common Share),,N,N,N
UHAL,U-Haul Holding Company Common Stock,,N,N,N
UHAL.B,U-Haul Holding Company Series N Non-Voting Common Stock ,,N,N,N
UHS,"Universal Health Services, Inc. Common Stock",,N,N,N
UHT,Universal Health Realty Income Trust Common Stock,,N,N,N
UI,Ubiquiti Inc. Common Stock,,N,N,N
UIS,Unisys Corporation New Common Stock,,N,N,N
UJAN,Innovator U.S. Equity Ultra Buffer ETF - January,,Y,N,Z
UJB,ProShares Ultra High Yield ETF,,Y,N,P
UJUL,Innovator U.S. Equity Ultra Buffer ETF - July,,Y,N,Z
UJUN,Innovator U.S. Equity Ultra Buffer ETF - June,,Y,N,Z
UL,Unilever PLC American Depositary Shares (each representing One Ordinary Share),,N,N,N
ULE,ProShares Ultra Euro,,Y,N,P
ULS,UL Solutions Inc. Class A Common Stock,,N,N,N
ULST,State Street Ultra Short Term Bond ETF,,Y,N,P
ULTY,YieldMax Ultra Option Income Strategy ETF,,Y,N,P
UMAC,"Unusual Machines, Inc. Common Stock",,N,N,A
UMAL,Defiance Daily Target 2X Long UMAC ETF,,Y,N,Z
UMAR,Innovator U.S. Equity Ultra Buffer ETF - March,,Y,N,Z
UMAY,Innovator U.S. Equity Ultra Buffer ETF - May,,Y,N,Z
UMC,United Microelectronics Corporation (NEW) Common Stock,,N,N,N
UMCX,Corgi UMC 2x Daily ETF,,Y,N,Z
UMDD,UltraPro MidCap400,,Y,N,P
UMH,"UMH Properties, Inc. Common Stock",,N,N,N
UMH$D,"UMH Properties, Inc. 6.375% Series D Cumulative Redeemable Preferred Stock, Liquidation Preference $25 per share",,N,N,N
UMI,USCF Midstream Energy Income Fund ETF,,Y,N,P
UNF,Unifirst Corporation Common Stock,,N,N,N
UNFI,"United Natural Foods, Inc. Common Stock",,N,N,N
UNG,United States Natural Gas Fund LP,,Y,N,P
UNH,UnitedHealth Group Incorporated Common Stock (DE),,N,N,N
UNHU,Direxion Daily UNH Bull 2X ETF,,Y,N,P
UNHW,Roundhill UNH WeeklyPay ETF,,Y,N,Z
UNL,United States 12 Month Natural Gas Fund,,Y,N,P
UNM,Unum Group Common Stock,,N,N,N
UNMA,Unum Group 6.250% Junior Subordinated Notes due 2058,,N,N,N
UNOV,Innovator U.S. Equity Ultra Buffer ETF - November,,Y,N,Z
UNP,Union Pacific Corporation Common Stock,,N,N,N
UNX,Tradr 2X Long U Daily ETF,,Y,N,Z
UOCT,Innovator U.S. Equity Ultra Buffer ETF - October,,Y,N,Z
UP,Wheels Up Experience Inc. Class A Common Stock,,N,N,N
UPAL,ProShares Ultra Palladium K-1 Free ETF,,Y,N,P
UPAR,UPAR Ultra Risk Parity ETF,,Y,N,P
UPGD,Invesco Bloomberg Analyst Rating Improvers ETF,,Y,N,P
UPLT,ProShares Ultra Platinum K-1 Free ETF,,Y,N,P
UPRO,ProShares UltraPro S&P 500,,Y,N,P
UPS,"United Parcel Service, Inc. Common Stock",,N,N,N
UPSD,Aptus Large Cap Upside ETF,,Y,N,Z
UPSX,Tradr 2X Long UPST Daily ETF,,Y,N,Z
UPV,ProShares Ultra FTSE Europe,,Y,N,P
UPW,ProShares Ultra Utilities,,Y,N,P
URA,Global X Uranium ETF,,Y,N,P
URAA,Direxion Daily Uranium Industry Bull 2X ETF,,Y,N,P
URAN,Themes Uranium & Nuclear ETF,,Y,N,Z
URE,ProShares Ultra Real Estate,,Y,N,P
URG,Ur Energy Inc Common Shares (Canada),,N,N,A
URI,"United Rentals, Inc. Common Stock",,N,N,N
URNM,Sprott Uranium Miners ETF,,Y,N,P
URSP,ProShares Ultra S&P 500 Equal Weight,,Y,N,P
URTH,iShares MSCI World ETF,,Y,N,P
URTY,ProShares UltraPro Russell2000,,Y,N,P
USA,Liberty All-Star Equity Fund Common Stock,,N,N,N
USAC,"USA Compression Partners, LP Common Units Representing Limited Partner Interests",,N,N,N
USAI,Pacer American Energy Infrastructure ETF,,Y,N,P
USAS,"Americas Gold and Silver Corporation Common Shares, no par value",,N,N,A
USAX,Tradr 2X Long USAR Daily ETF,,Y,N,Z
USB,U.S. Bancorp Common Stock,,N,N,N
USB$A,"U.S. Bancorp Depositary Shares, Each representing a 1/100th interest in a share of Series A Non-CumulativePerpetual Pfd Stock",,N,N,N
USB$H,U.S. Bancorp Depositary Shares repstg 1/1000th Pfd Ser B,,N,N,N
USB$P,"U.S. Bancorp Depositary Shares each representing a 1/1,000th interest in a share of Series K Non-Cumulative Perpetual Preferred Stock",,N,N,N
USB$Q,"U.S. Bancorp Depositary Shares, Each Representing a 1/1,000th Interest in a Share of Series L Non-Cumulative Perpetual Preferred Stock",,N,N,N
USB$R,"U.S. Bancorp Depositary Shares, Each Representing a 1/1,000th Interest in a Share of Series M Non-Cumulative Perpetual Preferred Stock",,N,N,N
USB$S,"U.S. Bancorp Depositary Shares, each representing a 1/1,000th interest in a share of Series O Non-Cumulative Perpetual Preferred Stock",,N,N,N
USBC,"USBC, Inc. Common Stock",,N,N,A
USCA,Xtrackers MSCI USA Climate Action Equity ETF,,Y,N,P
USCI,United States Commodity Index Fund ETV,,Y,N,P
USD,ProShares Ultra Semiconductors,,Y,N,P
USDU,WisdomTree Bloomberg U.S. Dollar Bullish Fund,,Y,N,P
USE,USCF Energy Commodity Strategy Absolute Return Fund,,Y,N,P
USEP,Innovator U.S. Equity Ultra Buffer ETF - September,,Y,N,Z
USEW,Cambria US EW ETF,,Y,N,Z
USFD,US Foods Holding Corp. Common Stock,,N,N,N
USFE,First Eagle US Equity ETF,,Y,N,P
USFR,WisdomTree Floating Rate Treasury Fund,,Y,N,P
USG,USCF Gold Strategy Plus Income Fund,,Y,N,P
USHY,iShares Broad USD High Yield Corporate Bond ETF,,Y,N,Z
USL,United States 12 Month Oil,,Y,N,P
USLN,iShares Broad USD Floating Rate Loan ETF,,Y,N,Z
USLV,Direxion Daily Silver Bull 2X ETF,,Y,N,P
USMD,CoreValues America First Technology ETF,,Y,N,P
USMF,WisdomTree U.S. Multifactor Fund,,Y,N,Z
USML,ETRACS 2x Leveraged MSCI US Minimum Volatility Factor TR ETN,,Y,N,P
USMV,iShares MSCI USA Min Vol Factor ETF,,Y,N,Z
USNA,"USANA Health Sciences, Inc. Common Stock",,N,N,N
USNG,Amplify Samsung U.S. Natural Gas Infrastructure ETF,,Y,N,P
USNZ,Xtrackers Net Zero Pathway Paris Aligned US Equity ETF,,Y,N,P
USO,United States Oil Fund,,Y,N,P
USPH,"U.S. Physical Therapy, Inc. Common Stock",,N,N,N
USPX,Franklin U.S. Equity Index ETF,,Y,N,P
USRT,iShares Core U.S. REIT ETF,,Y,N,P
USSE,Segall Bryant & Hamill Trust Segall Bryant & Hamill Select Equity ETF,,Y,N,P
USSG,Xtrackers MSCI USA Selection Equity ETF,,Y,N,P
UST,ProShares Ultra 7-10 Year Treasury,,Y,N,P
USX,Corgi Total U.S. Market 2x Daily ETF,,Y,N,Z
UTES,Virtus Reaves Utilities ETF,,Y,N,P
UTF,"Cohen & Steers Infrastructure Fund, Inc Common Stock",,N,N,N
UTG,Reaves Utility Income Fund Common Shares of Beneficial Interest,,N,N,A
UTI,Universal Technical Institute Inc Common Stock,,N,N,N
UTL,UNITIL Corporation Common Stock,,N,N,N
UTSL,Direxion Daily Utilities Bull 3X ETF,,Y,N,P
UTZ,Utz Brands Inc Class A Common Stock ,,N,N,N
UUP,Invesco DB USD Index Bullish Fund ETF,,Y,N,P
UUPP,Principal CLO ETF,,Y,N,Z
UUU,"Universal Safety Products, Inc. Common Stock",,N,N,A
UUUU,Energy Fuels Inc Ordinary Shares (Canada),,N,N,A
UVE,UNIVERSAL INSURANCE HOLDINGS INC Common Stock,,N,N,N
UVIX,2x Long VIX Futures ETF,,Y,N,Z
UVV,Universal Corporation Common Stock,,N,N,N
UVXY,ProShares Ultra VIX Short Term Futures ETF,,Y,N,Z
UWM,ProShares Ultra Russell2000,,Y,N,P
UWMC,UWM Holdings Corporation Class A Common Stock,,N,N,N
UX,Roundhill Uranium ETF,,Y,N,Z
UXAP,FT Vest U.S. Equity Uncapped Accelerator ETF - April,,Y,N,Z
UXI,ProShares Ultra Industrials,,Y,N,P
UXJA,FT Vest U.S. Equity Uncapped Accelerator ETF - January,,Y,N,Z
UXJL,FT Vest U.S. Equity Uncapped Accelerator ETF - July,,Y,N,Z
UXOC,FT Vest U.S. Equity Uncapped Accelerator ETF - October,,Y,N,Z
UXRP,ProShares Ultra XRP ETF,,Y,N,P
UYG,ProShares Ultra Financials,,Y,N,P
UYM,ProShares Ultra Materials,,Y,N,P
UZD,"Array Digital Infrastructure, Inc. 6.250% Senior Notes due 2069",,N,N,N
UZE,"Array Digital Infrastructure, Inc. 5.500% Senior Notes due 2070",,N,N,N
UZF,"Array Digital Infrastructure, Inc. 5.500% Senior Notes due 2070",,N,N,N
V,Visa Inc.,,N,N,N
VABS,Virtus Newfleet ABS/MBS ETF,,Y,N,P
VAC,Marriott Vacations Worldwide Corporation Common Stock,,N,N,N
VACI,Viking Acquisition Corp. I Class A Ordinary Shares,,N,N,N
VACI.U,"Viking Acquisition Corp. I Units, each consisting of one Class A ordinary share and one-third of one Warrant",,N,N,N
VACI.W,Viking Acquisition Corp. I Warrants to purchase one Class A Ordinary Share,,N,N,N
VAIE,VegaShares US Equity Autocallable Income ETF,,Y,N,P
VAL,Valaris Limited Common Shares,,N,N,N
VAL.W,Valaris Limited Warrants,,N,N,N
VALE,VALE S.A.  American Depositary Shares Each Representing one common share,,N,N,N
VALQ,American Century U.S. Quality Value ETF,,Y,N,P
VAMO,Cambria Value and Momentum ETF,,Y,N,Z
VATE,INNOVATE Corp. Common Stock,,N,N,N
VAW,Vanguard Materials ETF,,Y,N,P
VB,Vanguard Small-Cap ETF,,Y,N,P
VBF,Invesco Bond Fund Common Stock,,N,N,N
VBK,Vanguard Small-Cap Growth ETF,,Y,N,P
VBND,Vident U.S. Bond Strategy ETF,,Y,N,P
VBR,Vanguard Small-Cap Value ETF,,Y,N,P
VBX,Corgi U.S. Small-Cap 2x Daily ETF,,Y,N,Z
VCEB,Vanguard ESG U.S. Corporate Bond ETF,,Y,N,Z
VCHY,Vanguard U.S. High-Yield Corporate Bond Index ETF,,Y,N,Z
VCLN,Virtus Duff & Phelps Clean Energy ETF,,Y,N,P
VCOB,Voya Core Bond ETF,,Y,N,P
VCR,Vanguard Consumer Discretion ETF,,Y,N,P
VCRM,Vanguard Core Tax-Exempt Bond ETF,,Y,N,Z
VCV,Invesco California Value Municipal Income Trust Common Stock,,N,N,N
VCX,"Fundrise Innovation Fund, LLC Common Shares of Limited Liability Company Interests",,N,N,N
VDC,Vanguard Consumer Staples ETF,,Y,N,P
VDE,Vanguard Energy ETF,,Y,N,P
VDG,Vanguard Developed Markets ex-US Growth Index ETF,,Y,N,Z
VDI,Virtus International Dividend ETF,,Y,N,P
VDIG,Vanguard Wellington Dividend Growth Active ETF,,Y,N,Z
VDV,Vanguard Developed Markets ex-US Value Index ETF,,Y,N,Z
VEA,Vanguard FTSE Developed Markets ETF,,Y,N,P
VECA,Vernal Capital Acquisition Corp. Ordinary Shares,,N,N,N
VECA.R,"Vernal Capital Acquisition Corp. Rights, each right entitling the holder to receive one-fourth (1/4) of one Ordinary Share",,N,N,N
VECA.U,"Vernal Capital Acquisition Corp. Units, each consisting of one ordinary share and one right",,N,N,N
VEEV,Veeva Systems Inc. Class A Common Stock,,N,N,N
VEGA,AdvisorShares STAR Global Buy-Write ETF,,Y,N,P
VEGI,iShares MSCI Agriculture Producers ETF,,Y,N,P
VEGN,US Vegan Climate ETF,,Y,N,Z
VEL,"Velocity Financial, Inc. Common Stock",,N,N,N
VELL,Defiance Daily Target 2X Long VELO ETF,,Y,N,Z
VEM,Virtus Emerging Markets Dividend ETF,,Y,N,P
VEMY,Virtus Stone Harbor Emerging Markets High Yield Bond ETF,,Y,N,P
VENU,Venu Holding Corporation Common Stock,,N,N,A
VERS,ProShares Metaverse ETF,,Y,N,P
VET,Vermilion Energy Inc. Common (Canada),,N,N,N
VETZ,Academy Veteran Bond ETF,,Y,N,P
VEU,Vanguard FTSE All World Ex US ETF,,Y,N,P
VEXC,Vanguard Emerging Markets Ex-China ETF,,Y,N,P
VFC,V.F. Corporation Common Stock,,N,N,N
VFH,Vanguard Financials ETF,,Y,N,P
VFL,abrdn National Municipal Income Fund Common Stock,,N,N,A
VFMF,Vanguard U.S. Multifactor ETF,,Y,N,Z
VFMO,Vanguard U.S. Momentum Factor ETF,,Y,N,Z
VFMV,Vanguard U.S. Minimum Volatility ETF,,Y,N,Z
VFQY,Vanguard U.S. Quality Factor ETF,,Y,N,Z
VFVA,Vanguard U.S. Value Factor ETF,,Y,N,Z
VG,"Venture Global, Inc. Class A common stock",,N,N,N
VGHY,Vanguard High-Yield Active ETF,,Y,N,Z
VGI,Virtus Global Multi-Sector Income Fund Common Shares of Beneficial Interest,,N,N,N
VGK,Vanguard FTSEEuropean ETF,,Y,N,P
VGM,Invesco Trust for Investment Grade Municipals Common Stock (DE),,N,N,N
VGMS,Vanguard Multi-Sector Income Bond ETF,,Y,N,Z
VGNT,Versigent PLC Ordinary Shares,,N,N,N
VGRO,Virtus Silvant Growth Opportunities ETF,,Y,N,P
VGT,Vanguard Information Tech ETF,,Y,N,P
VGVT,Vanguard Government Securities Active ETF,,Y,N,P
VGZ,Vista Gold Corp Common Stock,,N,N,A
VHI,"Valhi, Inc. Common Stock",,N,N,N
VHT,Vanguard Health Care ETF,,Y,N,P
VIA,"Via Transportation, Inc. Class A Common Stock",,N,N,N
VICE,AdvisorShares Vice ETF,,Y,N,P
VICI,VICI Properties Inc. Common Stock,,N,N,N
VIDA,VIDA Global Inc. Class A Common Stock,,N,N,A
VIDI,Vident International Equity Strategy ETF,,Y,N,P
VIG,Vanguard Div Appreciation ETF,,Y,N,P
VIK,Viking Holdings Ltd Ordinary Shares,,N,N,N
VIOG,Vanguard S&P Small-Cap 600 Growth ETF,,Y,N,P
VIOO,Vanguard S&P Small-Cap 600 ETF,,Y,N,P
VIOV,Vanguard S&P Small-Cap 600 Value ETF,,Y,N,P
VIPS,"Vipshop Holdings Limited American Depositary Shares, each representing two ordinary shares",,N,N,N
VIRT,"Virtu Financial, Inc. Class A Common Stock",,N,N,N
VIS,Vanguard Industrials ETF,,Y,N,P
VIST,"Vista Energy S.A.B. de C.V. American Depositary Shares, each representing one series A share, with no par value",,N,N,N
VIV,Telefonica Brasil S.A. American Depositary Shares (Each representing One Common Share),,N,N,N
VIXM,VIX Mid-Term Futures ETF,,Y,N,Z
VIXY,VIX Short-Term Futures ETF,,Y,N,Z
VKI,Invesco Advantage Municipal Income Trust II Common Shares of Beneficial Interest (DE),,N,N,A
VKQ,Invesco Municipal Trust Common Stock,,N,N,N
VLLU,Harbor AlphaEdge Large Cap Value ETF,,Y,N,P
VLN,Valens Semiconductor Ltd. Ordinary Shares,,N,N,N
VLN.W,"Valens Semiconductor Ltd. Warrants, each warrant to purchase one-half of one Ordinary Share",,N,N,N
VLO,Valero Energy Corporation Common Stock,,N,N,N
VLRS,"Controladora Vuela Compania de Aviacion, S.A.B. de C.V. American Depositary Shares, each representing ten (10) Ordinary Participation Certificates",,N,N,N
VLT,Invesco High Income Trust II,,N,N,N
VLTO,Veralto Corp Common Stock ,,N,N,N
VLU,State Street SPDR S&P 1500 Value Tilt ETF,,Y,N,P
VLUE,iShares MSCI USA Value Factor ETF,,Y,N,Z
VMAX,Hartford US Value ETF,,Y,N,Z
VMC,Vulcan Materials Company (Holding Company) Common Stock,,N,N,N
VMI,"Valmont Industries, Inc. Common Stock",,N,N,N
VMO,Invesco Municipal Opportunity Trust Common Stock,,N,N,N
VMSB,Voya Multi-Sector Income ETF,,Y,N,P
VNAM,Global X MSCI Vietnam ETF,,Y,N,P
VNIE,Vontobel International Equity Active ETF,,Y,N,P
VNLA,Janus Henderson Short Duration Income ETF,,Y,N,P
VNM,VanEck Vietnam ETF,,Y,N,Z
VNO,Vornado Realty Trust Common Stock,,N,N,N
VNO$L,Vornado Realty Trust Pfd Ser L %,,N,N,N
VNO$M,"Vornado Realty Trust 5.25% Series M Cumulative Redeemable Preferred Shares of Beneficial Interest, liquidation preference $25.00 per share, no par value per share",,N,N,N
VNO$N,"Vornado Realty Trust 5.25% Series N Cumulative Redeemable Preferred Shares of Beneficial Interest, liquidation preference $25.00 per share",,N,N,N
VNO$O,"Vornado Realty Trust 4.45% Series O Cumulative Redeemable Preferred Shares, Liquidation Preference $25.00 Per Share",,N,N,N
VNQ,Vanguard Real Estate ETF,,Y,N,P
VNRX,VolitionRX Limited Common Stock,,N,N,A
VNSE,Natixis Vaughan Nelson Select ETF,,Y,N,P
VNT,Vontier Corporation Common Stock ,,N,N,N
VNTG,Vantage Corp Class A Ordinary Shares,,N,N,A
VO,Vanguard Mid-Cap ETF,,Y,N,P
VOC,VOC Energy Trust Units of Beneficial Interest,,N,N,N
VOE,Vanguard Mid-Cap Value ETF,,Y,N,P
VOO,Vanguard S&P 500 ETF,,Y,N,P
VOOG,Vanguard S&P 500 Growth ETF,,Y,N,P
VOOV,Vanguard S&P 500 Value ETF,,Y,N,P
VOOX,Corgi U.S. Large-Cap 2x Daily ETF,,Y,N,Z
VOT,Vanguard Mid-Cap Growth ETF,,Y,N,P
VOX,Vanguard Communication Services  ETF,,Y,N,P
VOXP,Vox Populi ETF,,Y,N,Z
VOYA,"Voya Financial, Inc. Common Stock",,N,N,N
VOYA$B,"Voya Financial, Inc. Depositary Shares, each representing a 1/40th interest in a share of 5.35% Fixed-Rate Reset Non-Cumulative Preferred Stock, Series B",,N,N,N
VOYG,"Voyager Technologies, Inc. Class A Common Stock",,N,N,N
VPC,Virtus Private Credit Strategy ETF,,Y,N,P
VPG,"Vishay Precision Group, Inc. Common Stock",,N,N,N
VPL,Vanguard FTSE Pacific ETF,,Y,N,P
VPU,Vanguard Utilities ETF,,Y,N,P
VPV,Invesco Pennsylvania Value Municipal Income Trust Common Stock (DE),,N,N,N
VPX,Variant Perception Cycle Aware US Equity ETF,,Y,N,P
VRAI,Virtus Real Asset Income ETF,,Y,N,P
VRP,Invesco Variable Rate Preferred ETF,,Y,N,P
VRT,"Vertiv Holdings, LLC Class A Common Stock",,N,N,N
VRTS,"Virtus Investment Partners, Inc. Common Stock",,N,N,N
VSDB,Vanguard Short Duration Bond ETF,,Y,N,Z
VSDM,Vanguard Short Duration Tax-Exempt Bond ETF,,Y,N,Z
VSGX,Vanguard ESG International Stock ETF,,Y,N,Z
VSH,"Vishay Intertechnology, Inc. Common Stock",,N,N,N
VSHY,Virtus Newfleet Short Duration High Yield Bond ETF,,Y,N,P
VSLU,Applied Finance Valuation Large Cap ETF,,Y,N,P
VSS,Vanguard FTSE All-Wld ex-US SmCp Idx ETF,,Y,N,P
VST,Vistra Corp. Common Stock,,N,N,N
VSTS,Vestis Corporation Common Stock,,N,N,N
VSXY,Victorias Secret & Co. Common Stock ,,N,N,N
VT,Vanguard Total World Stock Index ETF,,Y,N,P
VTAK,"Catheter Precision, Inc. Common Stock",,N,N,A
VTEB,Vanguard Tax-Exempt Bond ETF,,Y,N,P
VTEC,Vanguard California Tax-Exempt Bond ETF,,Y,N,Z
VTEI,Vanguard Tax-Managed Funds Vanguard Intermediate-Term Tax-Exempt Bond ETF,,Y,N,Z
VTEL,Vanguard Long-Term Tax-Exempt Bond ETF,,Y,N,Z
VTES,Vanguard Wellington Fund Vanguard Short-Term Tax Exempt Bond ETF,,Y,N,P
VTEX,VTEX Class A Common Shares,,N,N,N
VTG,Vanguard Total Treasury ETF,,Y,N,P
VTI,Vanguard Total Stock Market ETF,,Y,N,P
VTMX,"Corporacion Inmobiliaria Vesta, S.A.B de C.V. American Depositary Shares, each representing ten (10) Common Shares",,N,N,N
VTN,Invesco Trust for Investment Grade New York Municipals Common Stock,,N,N,N
VTOL,"Bristow Group, Inc. Common Stock",,N,N,N
VTP,Vanguard Total Inflation-Protected Securities ETF,,Y,N,P
VTR,"Ventas, Inc. Common Stock",,N,N,N
VTS,"Vitesse Energy, Inc. Common Stock",,N,N,N
VTV,Vanguard Value ETF,,Y,N,P
VUG,Vanguard Growth ETF,,Y,N,P
VUS,Virtus US Dividend ETF,,Y,N,P
VUSB,Vanguard Ultra-Short Bond ETF,,Y,N,Z
VUSE,Vident U.S. Equity Strategy ETF,,Y,N,P
VUSG,Vanguard Wellington U.S. Growth Active ETF,,Y,N,Z
VUSI,Voya Ultra Short Income ETF,,Y,N,P
VUSV,Vanguard Wellington U.S. Value Active ETF,,Y,N,Z
VV,Vanguard Large-Cap ETF,,Y,N,P
VVR,Invesco Senior Income Trust Common Stock (DE),,N,N,N
VVV,Valvoline Inc. Common Stock,,N,N,N
VVX,"V2X, Inc. Common Stock",,N,N,N
VWO,Vanguard FTSE Emerging Markets ETF,,Y,N,P
VXF,Vanguard Extended Market ETF,,Y,N,P
VXX,iPath Series B S&P 500 VIX Short-Term Futures ETN,,N,N,Z
VXZ,iPath Series B S&P 500 VIX Mid-Term Futures ETN,,N,N,Z
VYLD,"Inverse VIX Short-Term Futures ETNs due March 22, 2045",,Y,N,P
VYM,Vanguard High Dividend Yield ETF,,Y,N,P
VYX,NCR Voyix Corporation Common Stock,,N,N,N
VZ,Verizon Communications Inc. Common Stock,,N,N,N
VZLA,Vizsla Silver Corp. Common Shares,,N,N,A
W,Wayfair Inc. Class A Common Stock,,N,N,N
WAB,Westinghouse Air Brake Technologies Corporation Common Stock,,N,N,N
WAGN,Pabrai Wagons ETF,,Y,N,N
WAL,Western Alliance Bancorporation Common Stock (DE),,N,N,N
WAL$A,"Western Alliance Bancorporation Depositary Shares, Each Representing a 1/400th Interest in a Share of 4.250% Fixed-Rate Non-Cumulative Perpetual Preferred Stock, Series A",,N,N,N
WANT,Direxion Daily Consumer Discretionary Bull 3X ETF,,Y,N,P
WAR,U.S. Global Technology and Aerospace & Defense ETF,,Y,N,P
WAT,Waters Corporation Common Stock,,N,N,N
WATS,Corgi Battery Energy Storage Systems ETF,,Y,N,Z
WBI,WaterBridge Infrastructure LLC Class A Shares Representing Limited Liability Company Interests,,N,N,N
WBIF,WBI BullBear Value 3000 ETF,,Y,N,P
WBIG,WBI BullBear Yield 3000 ETF,,Y,N,P
WBIL,WBI BullBear Quality 3000 ETF,,Y,N,P
WBIY,WBI Power Factor High Dividend ETF,,Y,N,N
WBS,Webster Financial Corporation Common Stock,,N,N,N
WBS$F,"Webster Financial Corporation Depositary Shares, Each Representing 1/1,000th Interest in a Share of 5.25% Series F Non-Cumulative Perpetual Preferred Stock",,N,N,N
WBS$G,"Webster Financial Corporation Depositary Shares, each representing a 1/40th interest in a share of 6.50% Series G non-cumulative perpetual preferred stock",,N,N,N
WBX,Wallbox N.V. Class A Ordinary Shares,,N,N,N
WCAP,WarCap Unconstrained Equity ETF,,Y,N,P
WCC,"WESCO International, Inc. Common Stock",,N,N,N
WCEO,Hypatia Women CEO ETF,,Y,N,P
WCME,First Trust WCM Developing World Equity ETF,,Y,N,P
WCMG,First Trust WCM Global Equity ETF,,Y,N,P
WCMI,First Trust WCM International Equity ETF,,Y,N,P
WCN,"Waste Connections, Inc. Common Shares",,N,N,N
WCPB,Weitz Core Plus Bond ETF,,Y,N,P
WD,"Walker & Dunlop, Inc Common Stock",,N,N,N
WDAI,Pacer S&P World 3AI Top 300 ETF,,Y,N,Z
WDCX,Tradr 2X Long WDC Daily ETF,,Y,N,Z
WDE,Principal Securitized Debt ETF,,Y,N,Z
WDEF,WisdomTree Europe Defense Fund,,Y,N,P
WDH,Waterdrop Inc. American Depositary Shares (each representing the right to receive 10 Class A Ordinary Shares),,N,N,N
WDI,Western Asset Diversified Income Fund Common Shares of Beneficial Interest,,N,N,N
WDIG,WisdomTree Efficient Rare Earth Plus Strategic Metals Fund,,Y,N,Z
WDIV,State Street SPDR S&P Global Dividend ETF,,Y,N,P
WDNA,WisdomTree BioRevolution Fund,,Y,N,Z
WDRN,"WisdomTree Physical AI, Humanoids and Drones Fund",,Y,N,Z
WDS,"Woodside Energy Group Limited American Depositary Shares, each representing one Ordinary Share",,N,N,N
WDTE,Defiance S&P 500 Weekly Distribution ETF,,Y,N,P
WEA,Western Asset Bond Fund Share of Beneficial Interest,,N,N,N
WEAT,Teucrium Wheat Fund ETV,,Y,N,P
WEAV,"Weave Communications, Inc. Common Stock",,N,N,N
WEBL,Direxion Daily Dow Jones Internet Bull 3X ETF,,Y,N,P
WEBS,Direxion Daily Dow Jones Internet Bear 3X ETF,,Y,N,P
WEBX,Corgi Chinese Internet 2x Daily ETF,,Y,N,Z
WEC,"WEC Energy Group, Inc. Common Stock",,N,N,N
WEED,Roundhill Cannabis ETF,,Y,N,Z
WEEK,Roundhill Weekly T-Bill ETF,,Y,N,Z
WEEL,Peerless Option Income Wheel ETF,,Y,N,P
WELD,Tema U.S. Manufacturing & Reshoring ETF,,Y,N,P
WELL,Welltower Inc. Common Stock,,N,N,N
WENC,West Enclave Merger Corp. Ordinary Shares,,N,N,N
WENC.R,"West Enclave Merger Corp. Rights, each Right to acquire one-tenth (1/10) of one Ordinary Share",,N,N,N
WENC.U,"West Enclave Merger Corp. Units, each consisting of one Ordinary Share and one Right to acquire one-tenth (1/10) of one Ordinary Share",,N,N,N
WEPN,Nicholas Defense and Rare Earth Income ETF,,Y,N,P
WES,"Western Midstream Partners, LP Common Units Representing Limited Partner Interests",,N,N,N
WEX,WEX Inc. common stock,,N,N,N
WF,Woori Financial Group Inc. American Depositary Shares (each representing three (3) shares of Common Stock),,N,N,N
WFC,Wells Fargo & Company Common Stock,,N,N,N
WFC$A,"Wells Fargo & Company Depositary Shares, each representing a 1/1,000th interest in a share of Non-Cumulative Perpetual Class A Preferred Stock, Series AA",,N,N,N
WFC$C,"Wells Fargo & Company Depositary Shares, each representing a 1/1,000th interest in a share of Non-Cumulative Perpetual Class A Preferred Stock, Series CC",,N,N,N
WFC$D,"Wells Fargo & Company Depositary Shares, each representing a 1/1,000th interest in  a share of Non-Cumulative Perpetual Class A Preferred Stock, Series DD",,N,N,N
WFC$L,"Wells Fargo & Company 7.50% Non-Cumulative Perpetual Convertible Class A Preferred Stock, Series L",,N,N,N
WFC$Y,"Wells Fargo & Company Depositary Shares, each representing a 1/1,000th interest in a share of Non-Cumulative Perpetual Class A Preferred Stock, Series Y",,N,N,N
WFC$Z,"Wells Fargo & Company Depositary Shares, each representing a 1/1,000th interest in a share of Non-Cumulative Perpetual Class A Preferred Stock, Series Z",,N,N,N
WFG,West Fraser Timber Co. Ltd Common stock,,N,N,N
WGO,"Winnebago Industries, Inc. Common Stock",,N,N,N
WH,"Wyndham Hotels & Resorts, Inc. Common Stock ",,N,N,N
WHD,"Cactus, Inc. Class A Common Stock",,N,N,N
WHG,Westwood Holdings Group Inc Common Stock,,N,N,N
WHK,WhiteHawk Minerals Corp Class A Common Stock,,N,N,N
WHR,Whirlpool Corporation Common Stock,,N,N,N
WHR$A,"Whirlpool Corporation Depositary Shares, each representing a 1/20th interest in a share of 8.50% Series A Mandatory Convertible Preferred Stock",,N,N,N
WIA,Western Asset Inflation-Linked Income Fund,,N,N,N
WINN,Harbor Long-Term Growers ETF,,Y,N,N
WIP,State Street SPDR FTSE International Government Inflation-Protected Bond ETF,,Y,N,P
WIT,Wipro Limited Common Stock,,N,N,N
WIW,Western Asset Inflation-Linked Opportunities & Income Fund,,N,N,N
WK,Workiva Inc. Class A Common Stock,,N,N,N
WKC,World Kinect Corporation Common Stock,,N,N,N
WLDR,Simplify Affinity World Leaders Equity ETF,,Y,N,Z
WLDU,Leverage Shares 2x Long World Stock Daily ETF,,Y,N,Z
WLK,Westlake Corporation Common Stock,,N,N,N
WLKP,Westlake Chemical Partners LP Common Units representing limited partner interests,,N,N,N
WLTG,WealthTrust DBS Long Term Growth ETF,,Y,N,N
WLY,"John Wiley & Sons, Inc. Common Stock",,N,N,N
WLYB,"John Wiley & Sons, Inc. Common Stock",,N,N,N
WM,"Waste Management, Inc. Common Stock",,N,N,N
WMB,"Williams Companies, Inc. (The) Common Stock",,N,N,N
WMK,"Weis Markets, Inc. Common Stock",,N,N,N
WMS,"Advanced Drainage Systems, Inc. Common Stock",,N,N,N
WMSB,Weitz Multisector Bond ETF,,Y,N,P
WMTI,REX WMT Growth & Income ETF,,Y,N,Z
WNC,Wabash National Corporation Common Stock,,N,N,N
WNDR,Corgi Travel & Leisure ETF,,Y,N,Z
WNTR,YieldMax MSTR Short Option Income Strategy ETF,,Y,N,P
WOLF,"Wolfspeed, Inc. Common Stock New",,N,N,N
WOMN,Impact Shares Women's Empowerment ETF,,Y,N,P
WOR,"Worthington Enterprises, Inc. Common Shares",,N,N,N
WPAC,White Pearl Acquisition Corp. Class A Ordinary Shares,,N,N,N
WPAC.R,"White Pearl Acquisition Corp. Rights, each right entitles the holder to receive one-fifth of one Class A ordinary share upon consummation of the initial business combination",,N,N,N
WPAC.U,"White Pearl Acquisition Corp. Units, each consisting of one Class A ordinary share and one right to receive one-fifth (1/5) of one Class A ordinary share",,N,N,N
WPC,W. P. Carey Inc. REIT,,N,N,N
WPM,Wheaton Precious Metals Corp Common Shares (Canada),,N,N,N
WPP,WPP plc American Depositary Shares,,N,N,N
WQTM,WisdomTree Quantum Computing Fund,,Y,N,Z
WR,Corgi U.S. War Machine ETF,,Y,N,Z
WRB,W.R. Berkley Corporation Common Stock,,N,N,N
WRB$E,W.R. Berkley Corporation 5.70% Subordinated Debentures due 2058,,N,N,N
WRB$F,W.R. Berkley Corporation 5.10% Subordinated Debentures due 2059,,N,N,N
WRB$G,W.R. Berkley Corporation 4.25% Subordinated Debentures due 2060,,N,N,N
WRB$H,W.R. Berkley Corporation 4.125% Subordinated Debentures due 2061,,N,N,N
WRBY,Warby Parker Inc. Class A Common Stock,,N,N,N
WRN,Western Copper and Gold Corporation Common Stock,,N,N,A
WS,"Worthington Steel, Inc. Common Shares",,N,N,N
WSDB,Weitz Short Duration Bond ETF,,Y,N,P
WSM,"Williams-Sonoma, Inc. Common Stock (DE)",,N,N,N
WSO,"Watsco, Inc. Common Stock",,N,N,N
WSO.B,"Watsco, Inc. Class B Common Stock",,N,N,N
WSR,Whitestone REIT Common Shares,,N,N,N
WST,"West Pharmaceutical Services, Inc. Common Stock",,N,N,N
WT,"WisdomTree, Inc. Common Stock",,N,N,N
WTAI,WisdomTree Artificial Intelligence and Innovation Fund,,Y,N,Z
WTI,"W&T Offshore, Inc. Common Stock",,N,N,N
WTIB,USCF Oil Plus Bitcoin Strategy Fund,,Y,N,P
WTID,MicroSectors Energy 3X Inverse Leveraged ETNs,,Y,N,P
WTIU,MicroSectors Energy 3X Leveraged ETNs,,Y,N,P
WTLS,WisdomTree Efficient Long/Short U.S. Equity Fund,,Y,N,Z
WTM,"White Mountains Insurance Group, Ltd. Common Stock",,N,N,N
WTMF,WisdomTree Managed Futures Strategy Fund,,Y,N,P
WTPI,WisdomTree Equity Premium Income Fund,,Y,N,P
WTRE,WisdomTree New Economy Real Estate Fund,,Y,N,P
WTRG,"Essential Utilities, Inc. Common Stock",,N,N,N
WTS,"Watts Water Technologies, Inc. Class A Common Stock",,N,N,N
WTTR,"Select Water Solutions, Inc. Class A common stock",,N,N,N
WTV,WisdomTree U.S. Value Fund,,Y,N,P
WU,Western Union Company (The) Common Stock,,N,N,N
WUGI,AXS Esoterica NextG Economy ETF,,Y,N,Z
WULX,Tradr 2X Long WULF Daily ETF,,Y,N,Z
WWJD,Inspire International ETF,,Y,N,P
WWR,"Westwater Resources, Inc. Common Stock",,N,N,A
WWW,"Wolverine World Wide, Inc. Common Stock",,N,N,N
WX,Corgi All World 2x Daily ETF,,Y,N,Z
WXET,Teucrium 2x Daily Wheat ETF,,Y,N,P
WY,Weyerhaeuser Company Common Stock,,N,N,N
WYFL,Defiance Daily Target 2X Long WYFI ETF,,Y,N,Z
WYY,WidePoint Corporation Common Stock,,N,N,A
WZRD,Opportunistic Trader ETF,,Y,N,Z
XA,Corgi AI Cybersecurity ETF,,Y,N,Z
XAGG,Eaton Vance Income Opportunities ETF,,Y,N,P
XAGI,Corgi AGIX 2x Daily ETF,,Y,N,Z
XAPR,FT Vest U.S. Equity Enhance & Moderate Buffer ETF - April,,Y,N,Z
XAR,State Street SPDR S&P Aerospace & Defense ETF,,Y,N,P
XAUG,FT Vest U.S. Equity Enhance & Moderate Buffer ETF - August,,Y,N,Z
XB,BondBloxx B-Rated USD High Yield Corporate Bond ETF,,Y,N,P
XBAP,Innovator U.S. Equity Accelerated 9 Buffer ETF - April,,Y,N,Z
XBB,BondBloxx BB-Rated USD High Yield Corporate Bond ETF,,Y,N,P
XBFR,Innovator Equity Managed 10 Buffer ETF,,Y,N,P
XBI,State Street SPDR S&P Biotech ETF,,Y,N,P
XBIX,Corgi U.S. Biotech 2x Daily ETF,,Y,N,Z
XBJA,Innovator U.S. Equity Accelerated 9 Buffer ETF - January,,Y,N,Z
XBJL,Innovator U.S. Equity Accelerated 9 Buffer ETF - July,,Y,N,Z
XBNB,Teucrium xETFs 2x Long Daily BNB ETF,,Y,N,P
XBOC,Innovator U.S. Equity Accelerated 9 Buffer ETF - October,,Y,N,Z
XBOX,Roundhill Ultra Short Duration No Dividend Target ETF,,Y,N,Z
XC,WisdomTree True Emerging Markets Fund,,Y,N,P
XCCC,BondBloxx CCC-Rated USD High Yield Corporate Bond ETF,,Y,N,P
XCEM,Columbia EM Core ex-China ETF,,Y,N,P
XCHG,AB US Equity ETF,,Y,N,P
XCLR,Global X S&P 500 Collar 95-110 ETF,,Y,N,P
XCOM,Corgi All Commodities 2x Daily ETF,,Y,N,Z
XCOR,FundX ETF,,Y,N,P
XDAT,Franklin Exponential Data ETF,,Y,N,Z
XDEC,FT Vest U.S. Equity Enhance & Moderate Buffer ETF - December,,Y,N,Z
XDIV,Roundhill S&P 500 No Dividend Target ETF,,Y,N,Z
XDQQ,Innovator Growth Accelerated ETF - Quarterly,,Y,N,Z
XDSQ,Innovator U.S. Equity Accelerated ETF - Quarterly,,Y,N,Z
XDTE,Roundhill S&P 500 0DTE Covered Call Strategy ETF,,Y,N,Z
XEMD,BondBloxx JP Morgan USD Emerging Markets 1-10 Year Bond ETF,,Y,N,Z
XEML,Xtrackers Europe Market Leaders ETF,,Y,N,Z
XES,State Street SPDR S&P Oil & Gas Equipment & Services ETF,,Y,N,P
XEUR,Corgi Europe Equities 2x Daily ETF,,Y,N,Z
XFEB,FT Vest U.S. Equity Enhance & Moderate Buffer ETF - February,,Y,N,Z
XFIV,BondBloxx Bloomberg Five Year Target Duration US Treasury ETF,,Y,N,P
XFLH,XFLH Capital Corporation Ordinary Shares,,N,N,N
XFLH.R,XFLH Capital Corporation Rights to receive one-seventh (1/7) of one Ordinary Share,,N,N,N
XFLH.U,"XFLH Capital Corporation Units, each consisting of one Ordinary Share and one Right",,N,N,N
XFLT,XAI Floating Rate & Alternative Income Trust Common Shares of Beneficial Interest,,N,N,N
XFLX,FundX Flexible ETF,,Y,N,P
XHB,State Street SPDR S&P Homebuilders ETF,,Y,N,P
XHE,State Street SPDR S&P Health Care Equipment ETF,,Y,N,P
XHLF,BondBloxx Bloomberg Six Month Target Duration US Treasury ETF,,Y,N,P
XHOA,Corgi U.S. Real Estate 2x Daily ETF,,Y,N,Z
XHR,"Xenia Hotels & Resorts, Inc. Common Stock",,N,N,N
XHS,State Street SPDR S&P Health Care Services ETF,,Y,N,P
XIDE,FT Vest U.S. Equity Buffer & Premium Income  ETF - December,,Y,N,Z
XIDV,Franklin International Dividend Booster Index ETF,,Y,N,P
XIFR,"XPLR Infrastructure, LP Common Units representing limited partner interests",,N,N,N
XIGV,Defiance US 100 Tech Ex Software ETF,,Y,N,Z
XIJN,FT Vest U.S. Equity Buffer & Premium Income ETF - June,,Y,N,Z
XIMR,FT Vest U.S. Equity Buffer & Premium Income ETF - March,,Y,N,Z
XISE,FT Vest U.S. Equity Buffer & Premium Income ETF - September,,Y,N,Z
XITK,State Street SPDR FactSet Innovative Technology ETF,,Y,N,P
XIWC,Corgi U.S. Micro-Cap 2x Daily ETF,,Y,N,Z
XJAN,FT Vest U.S. Equity Enhance & Moderate Buffer ETF - January,,Y,N,Z
XJH,iShares ESG Select Screened S&P Mid-Cap ETF,,Y,N,Z
XJR,iShares ESG Select Screened S&P Small-Cap ETF,,Y,N,Z
XJUL,FT Vest U.S. Equity Enhance & Moderate Buffer ETF - July,,Y,N,Z
XJUN,FT Vest U.S. Equity Enhance & Moderate Buffer ETF - June,,Y,N,Z
XKRE,Corgi U.S. Regional Banks 2x Daily ETF,,Y,N,Z
XLB,State Street Materials Select Sector SPDR ETF,,Y,N,P
XLBI,State Street Materials Select Sector SPDR Premium Income ETF,,Y,N,P
XLBX,Corgi U.S. Materials 2x Daily ETF,,Y,N,Z
XLC,State Street Communication Services Select Sector SPDR ETF,,Y,N,P
XLCI,State Street Communication Services Select Sector SPDR Premium Income ETF,,Y,N,P
XLE,State Street Energy Select Sector SPDR ETF,,Y,N,P
XLEI,State Street Energy Select Sector SPDR Premium Income ETF,,Y,N,P
XLEX,Corgi U.S. Energy 2x Daily ETF,,Y,N,Z
XLF,State Street Financial Select Sector SPDR ETF,,Y,N,P
XLFI,State Street Financial Select Sector SPDR Premium Income ETF,,Y,N,P
XLFX,Corgi U.S. Financials 2x Daily ETF,,Y,N,Z
XLG,Invesco S&P 500 Top 50 ETF,,Y,N,P
XLI,State Street Industrial Select Sector SPDR ETF,,Y,N,P
XLII,State Street Industrial Select Sector SPDR Premium Income ETF,,Y,N,P
XLIX,Corgi U.S. Industrials 2x Daily ETF,,Y,N,Z
XLK,State Street Technology Select Sector SPDR ETF,,Y,N,P
XLKI,State Street Technology Select Sector SPDR Premium Income ETF,,Y,N,P
XLKX,Corgi U.S. Technology 2x Daily ETF,,Y,N,Z
XLP,State Street Consumer Staples Select Sector SPDR ETF,,Y,N,P
XLPX,Corgi U.S. Consumer Staples 2x Daily ETF,,Y,N,Z
XLRE,State Street Real Estate Select Sector SPDR ETF,,Y,N,P
XLRI,State Street Real Estate Select Sector SPDR Premium Income ETF,,Y,N,P
XLSI,State Street Consumer Staples Select Sector SPDR Premium Income ETF,,Y,N,P
XLSR,State Street US Sector Rotation ETF,,Y,N,P
XLU,State Street Utilities Select Sector SPDR ETF,,Y,N,P
XLUI,State Street Utilities Select Sector SPDR Premium Income ETF,,Y,N,P
XLUX,Corgi U.S. Utilities 2x Daily ETF,,Y,N,Z
XLV,State Street Health Care Select Sector SPDR ETF,,Y,N,P
XLVI,State Street Health Care Select Sector SPDR Premium Income ETF,,Y,N,P
XLVX,Corgi U.S. Healthcare 2x Daily ETF,,Y,N,Z
XLY,State Street Consumer Discretionary Select Sector SPDR ETF,,Y,N,P
XLYI,State Street Consumer Discretionary Select Sector SPDR Premium Income ETF,,Y,N,P
XLYX,Corgi U.S. Consumer Discretionary 2x Daily ETF,,Y,N,Z
XMAR,FT Vest U.S. Equity Enhance & Moderate Buffer ETF - March,,Y,N,Z
XMAY,FT Vest U.S. Equity Enhance & Moderate Buffer ETF - May,,Y,N,Z
XME,State Street SPDR S&P Metals & Mining ETF,,Y,N,P
XMHQ,Invesco S&P MidCap Quality ETF,,Y,N,P
XMLV,Invesco S&P MidCap Low Volatility ETF,,Y,N,P
XMMO,Invesco S&P MidCap Momentum ETF,,Y,N,P
XMPT,VanEck CEF Muni Income ETF,,Y,N,Z
XMVM,Invesco S&P MidCap Value with Momentum ETF,,Y,N,P
XNAV,FundX Aggressive ETF,,Y,N,P
XNDX,Tradr 2X Long XNDU Daily ETF,,Y,N,Z
XNOV,FT Vest U.S. Equity Enhance & Moderate Buffer ETF - November,,Y,N,Z
XNTK,State Street SPDR NYSE Technology ETF,,Y,N,P
XOCT,FT Vest U.S. Equity Enhance & Moderate Buffer ETF - October,,Y,N,Z
XOEF,iShares S&P 500 ex S&P 100 ETF,,Y,N,P
XOEX,Xtrackers S&P 100 Ex Top 20 ETF,,Y,N,Z
XOM,Exxon Mobil Corporation Common Stock,,N,N,N
XOMO,YieldMax XOM Option Income Strategy ETF,,Y,N,P
XONE,BondBloxx Bloomberg One Year Target Duration US Treasury ETF,,Y,N,P
XOP,State Street SPDR S&P Oil & Gas Exploration & Production ETF,,Y,N,P
XOVL,Defiance Daily Target 2X Long XOVR ETF,,Y,N,Z
XPAV,Corgi U.S. Infrastructure 2x Daily ETF,,Y,N,Z
XPAY,Roundhill S&P 500 Target 20 Managed Distribution ETF,,Y,N,P
XPER,Xperi Inc. Common Stock ,,N,N,N
XPEV,"XPeng Inc. American depositary shares, each representing two Class A ordinary shares",,N,N,N
XPH,State Street SPDR S&P Pharmaceuticals ETF,,Y,N,P
XPL,Solitario Resources Corp. Common Stock,,N,N,A
XPND,First Trust Expanded Technology ETF,,Y,N,P
XPO,"XPO, Inc. Common Stock",,N,N,N
XPOF,"Xponential Fitness, Inc. Class A Common Stock",,N,N,N
XPP,ProShares Ultra FTSE China 50,,Y,N,P
XPRO,Expro Group Holdings N.V. Common Stock,,N,N,N
XRLX,FundX Conservative ETF,,Y,N,P
XRMI,Global X S&P 500 Risk Managed Income ETF,,Y,N,P
XRN,Chiron Real Estate Inc. Common Stock,,N,N,N
XRN$A,Chiron Real Estate Inc. Series A Cumulative Redeemable Preferred Stock,,N,N,N
XRN$B,"Chiron Real Estate Inc. 8.00% Series B Cumulative Redeemable Preferred Stock, $0.001 par value per share",,N,N,N
XRP,Bitwise XRP ETF,,Y,N,P
XRPM,Amplify XRP 3% Monthly Option Income ETF,,Y,N,Z
XRPR,REX-Osprey XRP ETF,,Y,N,Z
XRPZ,Franklin XRP ETF,,Y,N,P
XRT,State Street SPDR S&P Retail ETF,,Y,N,P
XSD,State Street SPDR S&P Semiconductor ETF,,Y,N,P
XSEM,Corgi U.S. Semiconductors 2x Daily ETF,,Y,N,Z
XSEP,FT Vest U.S. Equity Enhance & Moderate Buffer ETF - September,,Y,N,Z
XSHD,Invesco S&P SmallCap High Dividend Low Volatility ETF,,Y,N,Z
XSHP,Kurv SpaceX Enhanced Income ETF,,Y,N,Z
XSHQ,Invesco S&P SmallCap Quality ETF,,Y,N,Z
XSLV,Invesco S&P SmallCap Low Volatility ETF,,Y,N,P
XSMO,Invesco S&P SmallCap Momentum ETF,,Y,N,P
XSOE,WisdomTree Emerging Markets Ex-State Owned Enterprises Fund,,Y,N,P
XSVM,Invesco S&P SmallCap Value with Momentum ETF,,Y,N,P
XSVN,BondBloxx Bloomberg Seven Year Target Duration US Treasury ETF,,Y,N,P
XSW,State Street SPDR S&P Software & Services ETF,,Y,N,P
XTAI,Corgi Taiwan 2x Daily ETF,,Y,N,Z
XTAP,Innovator U.S. Equity Accelerated Plus ETF - April,,Y,N,Z
XTEN,BondBloxx Bloomberg Ten Year Target Duration US Treasury ETF,,Y,N,P
XTJA,Innovator U.S. Equity Accelerated Plus ETF - January,,Y,N,Z
XTJL,Innovator U.S. Equity Accelerated Plus ETF - July,,Y,N,Z
XTL,State Street SPDR S&P Telecom ETF,,Y,N,P
XTN,State Street SPDR S&P Transportation ETF,,Y,N,P
XTNT,"Xtant Medical Holdings, Inc. Common Stock",,N,N,A
XTOC,Innovator U.S. Equity Accelerated Plus ETF - October,,Y,N,Z
XTR,Global X S&P 500 Tail Risk ETF,,Y,N,P
XTRE,BondBloxx Bloomberg Three Year Target Duration US Treasury ETF,,Y,N,P
XTWO,BondBloxx Bloomberg Two Year Target Duration US Treasury ETF,,Y,N,P
XTWY,BondBloxx Bloomberg Twenty Year Target Duration US Treasury ETF,,Y,N,P
XUDV,Franklin U.S. Dividend Booster Index ETF,,Y,N,P
XUSP,Innovator Uncapped Accelerated U.S. Equity ETF,,Y,N,Z
XV,Simplify Target 15 Distribution ETF,,Y,N,P
XVO,Corgi U.S. Mid-Cap 2x Daily ETF,,Y,N,Z
XVUG,Corgi U.S. Growth 2x Daily ETF,,Y,N,Z
XVV,iShares ESG Select Screened S&P 500 ETF,,Y,N,Z
XW,Corgi Ex-U.S. Equities 2x Daily ETF,,Y,N,Z
XXI,"Twenty One Capital, Inc. Class A Common Stock",,N,N,N
XXRP,Teucrium 2x Long Daily XRP ETF,,Y,N,P
XXV,Simplify Ancorato Target 25 Distribution ETF,,Y,N,P
XYF,"X Financial American Depositary Shares, each representing six Class A Ordinary Shares",,N,N,N
XYL,Xylem Inc. Common Stock New,,N,N,N
XYLD,Global X S&P 500 Covered Call ETF,,Y,N,P
XYLG,Global X S&P 500 Covered Call & Growth ETF,,Y,N,P
XYZ,"Block, Inc. Class A Common Stock,",,N,N,N
XYZY,YieldMax XYZ Option Income Strategy ETF,,Y,N,P
XZO,"Exzeo Group, Inc. Common Stock",,N,N,N
YALA,"Yalla Group Limited American Depositary Shares, each representing one Class A Ordinary Share",,N,N,N
YALL,Truth Social God Bless America ETF,,Y,N,P
YANG,Direxion Daily FTSE China Bear 3X ETF,,Y,N,P
YBIT,YieldMax Bitcoin Option Income Strategy ETF,,Y,N,P
YBTC,Roundhill Bitcoin Covered Call Strategy ETF,,Y,N,Z
YCBD,"cbdMD, Inc. Common Stock",,N,N,A
YCL,ProShares Ultra Yen,,Y,N,P
YCLO,Franklin BSP CLO ETF,,Y,N,P
YCS,ProShares UltraShort Yen New,,Y,N,P
YCY,AA Mission Acquisition Corp. II Class A Ordinary Shares,,N,N,N
YCY.U,"AA Mission Acquisition Corp. II Units, each consisting of one Class A ordinary share and one-half of one warrant",,N,N,N
YCY.W,"AA Mission Acquisition Corp. II Warrants, each whole warrant entitles to purchase one Class A ordinary share at a price of $11.50 per share",,N,N,N
YDEC,FT Vest International Equity Moderate Buffer ETF - December,,Y,N,Z
YEAR,AB Ultra Short Income ETF,,Y,N,P
YELP,Yelp Inc. Common Stock,,N,N,N
YETH,Roundhill Ether Covered Call Strategy ETF,,Y,N,Z
YETI,"YETI Holdings, Inc. Common Stock",,N,N,N
YEXT,"Yext, Inc. Common Stock",,N,N,N
YFFI,Indexperts Yield Focused Fixed Income ETF,,Y,N,P
YFYA,Yields for You Income Strategy A ETF,,Y,N,P
YGLD,Simplify Gold Strategy ETF,,Y,N,P
YINN,Direxion Daily FTSE China Bull 3X ETF,,Y,N,P
YJUN,FT Vest International Equity Moderate Buffer ETF - June,,Y,N,Z
YLD,Principal Active High Yield ETF,,Y,N,P
YLDW,Westwood Enhanced Income Opportunity ETF,,Y,N,P
YMAG,YieldMax Magnificent 7 Fund of Option Income ETFs,,Y,N,P
YMAR,FT Vest International Equity Moderate Buffer ETF - March,,Y,N,Z
YMAX,YieldMax Universe Fund of Option Income ETFs,,Y,N,P
YMM,Full Truck Alliance Co. Ltd. American Depositary Shares (each representing 20 Class A Ordinary Shares),,N,N,N
YOLO,AdvisorShares Pure Cannabis ETF,,Y,N,P
YOU,"Clear Secure, Inc. Class A Common Stock",,N,N,N
YPF,YPF Sociedad Anonima Common Stock,,N,N,N
YRD,"Yiren Digital Ltd. American Depositary Shares, each representing two ordinary shares",,N,N,N
YSEP,FT Vest International Equity Buffer ETF - September,,Y,N,Z
YSG,"Yatsen Holding Limited American Depositary Shares, each representing twenty (20) Class A Ordinary Shares",,N,N,N
YSS,York Space Systems Inc. Common Stock,,N,N,N
YUM,"Yum! Brands, Inc.",,N,N,N
YUMC,"Yum China Holdings, Inc. Common Stock",,N,N,N
YUNG,Corgi Longevity Consumer ETF,,Y,N,Z
YXI,ProShares Short FTSE China 50,,Y,N,P
YYY,Amplify CEF High Income ETF,,Y,N,P
YYYM,Amplify Municipal CEF High Income ETF,,Y,N,P
ZALT,Innovator U.S. Equity 10 Buffer ETF - Quarterly,,Y,N,Z
ZAPR,Innovator Equity Defined Protection ETF - 1 Yr April,,Y,N,Z
ZAUG,Innovator Equity Defined Protection ETF - 1 Yr August,,Y,N,Z
ZBH,"Zimmer Biomet Holdings, Inc. Common Stock",,N,N,N
ZBZX,BATS BZX Exchange test issue,,N,Y,Z
ZCBA,Global X Zero Coupon Bond 2030 ETF,,Y,N,P
ZCBB,Global X Zero Coupon Bond 2031 ETF,,Y,N,P
ZCBC,Global X Zero Coupon Bond 2032 ETF,,Y,N,P
ZCBE,Global X Zero Coupon Bond 2033 ETF,,Y,N,P
ZCBF,Global X Zero Coupon Bond 2034 ETF,,Y,N,P
ZCBG,Global X Zero Coupon Bond 2035 ETF,,Y,N,P
ZDEK,Innovator Equity Defined Protection ETF - 1 Yr December,,Y,N,Z
ZDGE,"Zedge, Inc. Class B Common Stock ",,N,N,A
ZECP,Zacks Earnings Consistent Portfolio ETF,,Y,N,Z
ZEPP,"Zepp Health Corporation American depositary shares, each representing sixteen Class A ordinary shares",,N,N,N
ZETA,Zeta Global Holdings Corp. Class A Common Stock,,N,N,N
ZETX,Defiance Daily Target 2x Long ZETA ETF,,Y,N,P
ZEXIT,IEX Test Company Test Symbol Two for IEX,,N,Y,V
ZFEB,Innovator Equity Defined Protection ETF - 1 Yr February,,Y,N,Z
ZGN,Ermenegildo Zegna N.V. Ordinary Shares,,N,N,N
ZH,"Zhihu Inc. American Depositary Shares, each representing three (3) Class A Ordinary Shares",,N,N,N
ZHDG,ZEGA Buy and Hedge ETF,,Y,N,P
ZIEXT,IEX Test Company Test Symbol One for IEX,,N,Y,V
ZIG,The Acquirers Fund,,Y,N,P
ZIM,ZIM Integrated Shipping Services Ltd. Ordinary Shares,,N,N,N
ZINC,Zacks Income ETF,,Y,N,P
ZIP,"ZipRecruiter, Inc. Class A Common Stock",,N,N,N
ZJAN,Innovator Equity Defined Protection ETF - 1 Yr January,,Y,N,Z
ZJUL,Innovator Equity Defined Protection ETF - 1 Yr July,,Y,N,Z
ZJUN,Innovator Equity Defined Protection ETF - 1 Yr June,,Y,N,Z
ZKH,"ZKH Group Limited American Depositary Shares, each representing thirty-five (35) Class A Ordinary Shares",,N,N,N
ZMAR,Innovator Equity Defined Protection ETF - 1 Yr March,,Y,N,Z
ZMAY,Innovator Equity Defined Protection ETF - 1 Yr May,,Y,N,Z
ZNOV,Innovator Equity Defined Protection ETF - 1 Yr November,,Y,N,Z
ZOCT,Innovator Equity Defined Protection ETF - 1 Yr October,,Y,N,Z
ZONE,CleanCore Solutions Inc. Class B Common Stock,,N,N,A
ZROZ,PIMCO 25  Year Zero Coupon U.S. Treasury Index Exchange-Traded Fund,,Y,N,P
ZSB,USCF Sustainable Battery Metals Strategy Fund,,Y,N,P
ZSC,USCF Sustainable Commodity Strategy Fund,,Y,N,P
ZSEP,Innovator Equity Defined Protection ETF - 1 Yr September,,Y,N,Z
ZSL,ProShares UltraShort Silver,,Y,N,P
ZTAX,X-Square Municipal Income ETF,,Y,N,P
ZTEST,BATS BZX Exchange Common Stock (test issue),,N,Y,Z
ZTO,"ZTO Express (Cayman) Inc. American Depositary Shares, each representing one Class A ordinary share.",,N,N,N
ZTR,Virtus Total Return Fund Inc.,,N,N,N
ZTS,Zoetis Inc. Class A Common Stock,,N,N,N
ZVIA,Zevia PBC Class A Common Stock,,N,N,N
ZVOL,Volatility Premium Plus ETF,,Y,N,Z
ZVV,NYSE ARCA test stock,,N,Y,P
ZWS,Zurn Elkay Water Solutions Corporation Common Stock,,N,N,N
ZXIET,IEX Test Company Test Symbol Three for IEX,,N,Y,V
