Symbol,Security Name,Market Category,ETF,Test Issue,Exchange
AAL,"American Airlines Group, Inc. - Common Stock",Q,N,N,NASDAQ
AAME,Atlantic American Corporation - Common Stock,G,N,N,NASDAQ
AAOI,"Applied Optoelectronics, Inc. - Common Stock",G,N,N,NASDAQ
AAON,"AAON, Inc. - Common Stock",Q,N,N,NASDAQ
AAPL,Apple Inc. - Common Stock,Q,N,N,NASDAQ
AARD,"Aardvark Therapeutics, Inc. - Common Stock",Q,N,N,NASDAQ
ABAT,American Battery Technology Company - Common Stock,S,N,N,NASDAQ
ABEO,Abeona Therapeutics Inc. - Common Stock,S,N,N,NASDAQ
ABNB,"Airbnb, Inc. - Class A Common Stock",Q,N,N,NASDAQ
ABOS,"Acumen Pharmaceuticals, Inc. - Common Stock",Q,N,N,NASDAQ
ABSI,Absci Corporation - Common Stock,Q,N,N,NASDAQ
ABTC,American Bitcoin Corp. - Class A Common Stock,S,N,N,NASDAQ
ABUS,Arbutus Biopharma Corporation - Common Stock,Q,N,N,NASDAQ
ABVC,"ABVC BioPharma, Inc. - Common Stock",S,N,N,NASDAQ
ACAD,ACADIA Pharmaceuticals Inc. - Common Stock,Q,N,N,NASDAQ
ACDC,ProFrac Holding Corp. - Class A Common Stock,Q,N,N,NASDAQ
ACET,"Adicet Bio, Inc. - Common Stock",S,N,N,NASDAQ
ACFN,"Acorn Energy, Inc. - Common Stock",S,N,N,NASDAQ
ACGL,Arch Capital Group Ltd. - Common Stock,Q,N,N,NASDAQ
ACHC,"Acadia Healthcare Company, Inc. - Common Stock",Q,N,N,NASDAQ
ACIC,American Coastal Insurance Corporation - Common Stock,S,N,N,NASDAQ
ACIU,AC Immune SA - Common Stock,G,N,N,NASDAQ
ACIW,"ACI Worldwide, Inc. - Common Stock",Q,N,N,NASDAQ
ACLS,"Axcelis Technologies, Inc. - Common Stock",Q,N,N,NASDAQ
ACMR,"ACM Research, Inc. - Class A Common Stock",G,N,N,NASDAQ
ACNB,ACNB Corporation - Common Stock,S,N,N,NASDAQ
ACNT,Ascent Industries Co. - Common Stock,G,N,N,NASDAQ
ACOG,Alpha Cognition Inc. - Common Stock,S,N,N,NASDAQ
ACON,"Aclarion, Inc. - Common Stock",S,N,N,NASDAQ
ACRS,"Aclaris Therapeutics, Inc. - Common Stock",Q,N,N,NASDAQ
ACRV,"Acrivon Therapeutics, Inc. - Common Stock",G,N,N,NASDAQ
ACT,"Enact Holdings, Inc. - Common Stock",Q,N,N,NASDAQ
ACTG,Acacia Research Corporation - Common Stock,Q,N,N,NASDAQ
ACTU,"Actuate Therapeutics, Inc. - Common stock",G,N,N,NASDAQ
ACXP,"Acurx Pharmaceuticals, Inc. - Common Stock",S,N,N,NASDAQ
ADAM,"Adamas Trust, Inc. - Common Stock",Q,N,N,NASDAQ
ADBE,Adobe Inc. - Common Stock,Q,N,N,NASDAQ
ADEA,Adeia Inc.  - Common Stock,Q,N,N,NASDAQ
ADGM,"Adagio Medical Holdings, Inc - Common Stock",S,N,N,NASDAQ
ADI,"Analog Devices, Inc. - Common Stock",Q,N,N,NASDAQ
ADIL,"Adial Pharmaceuticals, Inc - Common Stock",S,N,N,NASDAQ
ADMA,ADMA Biologics Inc - Common Stock,G,N,N,NASDAQ
ADP,"Automatic Data Processing, Inc. - Common Stock",Q,N,N,NASDAQ
ADPT,Adaptive Biotechnologies Corporation - Common Stock,Q,N,N,NASDAQ
ADSK,"Autodesk, Inc. - Common Stock",Q,N,N,NASDAQ
ADTN,"ADTRAN Holdings, Inc. - Common Stock",Q,N,N,NASDAQ
ADUR,Aduro Clean Technologies Inc. - Common Stock,S,N,N,NASDAQ
ADUS,Addus HomeCare Corporation - Common Stock,Q,N,N,NASDAQ
ADV,Advantage Solutions Inc.  - Class A Common Stock,Q,N,N,NASDAQ
ADVB,Advanced Biomed Inc. - Common Stock,S,N,N,NASDAQ
AEBI,Aebi Schmidt Holding AG - Common Stock,Q,N,N,NASDAQ
AEHR,Aehr Test Systems - Common Stock,S,N,N,NASDAQ
AEI,Alset Inc. - Common Stock,S,N,N,NASDAQ
AEIS,"Advanced Energy Industries, Inc. - Common Stock",Q,N,N,NASDAQ
AEMD,"Aethlon Medical, Inc. - Common Stock",S,N,N,NASDAQ
AENT,Alliance Entertainment Holding Corporation - common stock,S,N,N,NASDAQ
AEP,"American Electric Power Company, Inc. - Common Stock",Q,N,N,NASDAQ
AEVA,"Aeva Technologies, Inc. - Common Stock",Q,N,N,NASDAQ
AEYE,"AudioEye, Inc. - Common Stock",S,N,N,NASDAQ
AFBI,"Affinity Bancshares, Inc. - Common Stock",S,N,N,NASDAQ
AFCG,Advanced Flower Capital Inc. - Common Stock,G,N,N,NASDAQ
AFRM,"Affirm Holdings, Inc. - Class A Common Stock",Q,N,N,NASDAQ
AGEN,Agenus Inc. - Common Stock,S,N,N,NASDAQ
AGIO,"Agios Pharmaceuticals, Inc. - Common Stock",Q,N,N,NASDAQ
AGNC,AGNC Investment Corp. - Common Stock,Q,N,N,NASDAQ
AGNT,"AGNT, Inc. - Common Stock",G,N,N,NASDAQ
AGPU,Axe Compute Inc. - Common Stock,S,N,N,NASDAQ
AGYS,"Agilysys, Inc. - Common Stock",Q,N,N,NASDAQ
AHCO,AdaptHealth Corp.  - Common Stock,S,N,N,NASDAQ
AIAI,AIAI Holdings Corporation - Class A common stock,G,N,N,NASDAQ
AIDX,"20/20 Biolabs, Inc. - Common Stock",S,N,N,NASDAQ
AIFA,"All In FutureTech Alliance, Inc. - Common Stock",S,N,N,NASDAQ
AIFC,AI Financial Corporation - Common Stock,S,N,N,NASDAQ
AIFF,"Firefly Neuroscience, Inc.  - Common Stock",S,N,N,NASDAQ
AIHS,Senmiao Technology Limited - Common Stock,S,N,N,NASDAQ
AIMD,"Ainos, Inc. - Common Stock",S,N,N,NASDAQ
AIOT,"PowerFleet, Inc. - Common Stock",G,N,N,NASDAQ
AIP,"Arteris, Inc.  - Common Stock",G,N,N,NASDAQ
AIRE,reAlpha Tech Corp. - Common Stock,S,N,N,NASDAQ
AIRG,"Airgain, Inc. - Common Stock",S,N,N,NASDAQ
AIRJ,AirJoule Technologies Corporation - Class A Common Stock,S,N,N,NASDAQ
AIRO,"AIRO Group Holdings, Inc. - Common Stock",G,N,N,NASDAQ
AIRS,"AirSculpt Technologies, Inc. - Common Stock",G,N,N,NASDAQ
AIRT,"Air T, Inc. - Common Stock",S,N,N,NASDAQ
AISP,"Airship AI Holdings, Inc - Class A Common Stock",G,N,N,NASDAQ
AIXC,"AIxCrypto Holdings, Inc. - Common Stock",S,N,N,NASDAQ
AKAM,"Akamai Technologies, Inc. - Common Stock",Q,N,N,NASDAQ
AKBA,"Akebia Therapeutics, Inc. - Common Stock",S,N,N,NASDAQ
AKTS,"Aktis Oncology, Inc. - Common stock",Q,N,N,NASDAQ
ALAB,"Astera Labs, Inc. - Common Stock",Q,N,N,NASDAQ
ALBT,Avalon GloboCare Corp. - Common Stock,S,N,N,NASDAQ
ALCO,"Alico, Inc. - Common Stock",Q,N,N,NASDAQ
ALDX,"Aldeyra Therapeutics, Inc. - Common Stock",S,N,N,NASDAQ
ALEC,"Alector, Inc. - Common Stock",Q,N,N,NASDAQ
ALGM,"Allegro MicroSystems, Inc. - Common Stock",Q,N,N,NASDAQ
ALGN,"Align Technology, Inc. - Common Stock",Q,N,N,NASDAQ
ALGS,"Aligos Therapeutics, Inc. - Common stock",S,N,N,NASDAQ
ALGT,Allegiant Travel Company - Common Stock,Q,N,N,NASDAQ
ALHC,"Alignment Healthcare, Inc. - Common Stock",Q,N,N,NASDAQ
ALKT,"Alkami Technology, Inc. - Common Stock",Q,N,N,NASDAQ
ALLO,"Allogene Therapeutics, Inc. - Common Stock",Q,N,N,NASDAQ
ALLR,"Allarity Therapeutics, Inc. - Common stock",S,N,N,NASDAQ
ALMR,"Alamar Biosciences, Inc. - Class A common stock",Q,N,N,NASDAQ
ALMS,Alumis Inc. - Common Stock,Q,N,N,NASDAQ
ALMU,"Aeluma, Inc. - Common Stock",S,N,N,NASDAQ
ALNT,Allient Inc. - Common Stock,G,N,N,NASDAQ
ALNY,"Alnylam Pharmaceuticals, Inc. - Common Stock",Q,N,N,NASDAQ
ALOT,"AstroNova, Inc. - Common Stock",G,N,N,NASDAQ
ALOY,REalloys Inc. - Common Stock,S,N,N,NASDAQ
ALP,Alpha Compute Corp  - Common Stock,S,N,N,NASDAQ
ALRM,"Alarm.com Holdings, Inc. - Common Stock",Q,N,N,NASDAQ
ALRS,Alerus Financial Corporation - Common Stock,S,N,N,NASDAQ
ALT,"Altimmune, Inc. - Common Stock",G,N,N,NASDAQ
ALTI,"AlTi Global, Inc. - Class A Common Stock",S,N,N,NASDAQ
ALTO,"Alto Ingredients, Inc. - Common Stock",S,N,N,NASDAQ
ALXO,ALX Oncology Holdings Inc. - Common Stock,Q,N,N,NASDAQ
ALZN,"Alzamend Neuro, Inc. - Common Stock",S,N,N,NASDAQ
AMAL,Amalgamated Financial Corp. - Common Stock,G,N,N,NASDAQ
AMAT,"Applied Materials, Inc. - Common Stock",Q,N,N,NASDAQ
AMCI,AMC Robotics Corporation - Common Stock,S,N,N,NASDAQ
AMCX,AMC Global Media Inc. - Class A Common Stock,Q,N,N,NASDAQ
AMD,"Advanced Micro Devices, Inc. - Common Stock",Q,N,N,NASDAQ
AMGN,Amgen Inc. - Common Stock,Q,N,N,NASDAQ
AMIX,"Autonomix Medical, Inc. - Common Stock",S,N,N,NASDAQ
AMKR,"Amkor Technology, Inc. - Common Stock",Q,N,N,NASDAQ
AMLX,"Amylyx Pharmaceuticals, Inc. - Common Stock",Q,N,N,NASDAQ
AMOD,"Alpha Modus Holdings, Inc. - Class A Common Stock",S,N,N,NASDAQ
AMPG,"Amplitech Group, Inc. - Common Stock",S,N,N,NASDAQ
AMPH,"Amphastar Pharmaceuticals, Inc. - Common Stock",Q,N,N,NASDAQ
AMPL,"Amplitude, Inc. - Class A Common Stock",S,N,N,NASDAQ
AMRX,"Amneal Pharmaceuticals, Inc. - Class A Common Stock",Q,N,N,NASDAQ
AMSC,American Superconductor Corporation - Common Stock,Q,N,N,NASDAQ
AMSF,"AMERISAFE, Inc. - Common Stock",Q,N,N,NASDAQ
AMSS,AMASS Brands Inc. - Common Stock,G,N,N,NASDAQ
AMST,Amesite Inc. - Common Stock,S,N,N,NASDAQ
AMTX,"Aemetis, Inc - Common Stock",G,N,N,NASDAQ
AMZN,"Amazon.com, Inc. - Common Stock",Q,N,N,NASDAQ
ANAB,"AnaptysBio, Inc. - Common Stock",Q,N,N,NASDAQ
ANDE,"The Andersons, Inc. - Common Stock",Q,N,N,NASDAQ
ANGI,Angi Inc. - Class A Common Stock,Q,N,N,NASDAQ
ANGO,"AngioDynamics, Inc. - Common Stock",Q,N,N,NASDAQ
ANIK,Anika Therapeutics Inc. - Common Stock,Q,N,N,NASDAQ
ANIP,"ANI Pharmaceuticals, Inc. - Common Stock",G,N,N,NASDAQ
ANIX,"Anixa Biosciences, Inc. - Common Stock",S,N,N,NASDAQ
ANNA,"AleAnna, Inc. - Class A Common Stock",S,N,N,NASDAQ
ANNX,"Annexon, Inc. - common stock",Q,N,N,NASDAQ
ANTX,"AN2 Therapeutics, Inc. - Common Stock",Q,N,N,NASDAQ
AOUT,"American Outdoor Brands, Inc. - Common Stock",Q,N,N,NASDAQ
APA,APA Corporation - Common Stock,Q,N,N,NASDAQ
APC,ARKO Petroleum Corp. - Class A Common Stock,S,N,N,NASDAQ
APEI,"American Public Education, Inc. - Common Stock",Q,N,N,NASDAQ
APGE,"Apogee Therapeutics, Inc. - Common Stock",G,N,N,NASDAQ
APLD,Applied Digital Corporation - Common Stock,Q,N,N,NASDAQ
APOG,"Apogee Enterprises, Inc. - Common Stock",Q,N,N,NASDAQ
APP,Applovin Corporation - Class A Common Stock,Q,N,N,NASDAQ
APPF,"AppFolio, Inc. - Class A Common Stock",G,N,N,NASDAQ
APPN,Appian Corporation - Class A Common Stock,G,N,N,NASDAQ
APPS,"Digital Turbine, Inc. - Common Stock",S,N,N,NASDAQ
APRE,"Aprea Therapeutics, Inc. - Common Stock",S,N,N,NASDAQ
APVO,Aptevo Therapeutics Inc. - Common Stock,S,N,N,NASDAQ
APYX,Apyx Medical Corporation - Common Stock,Q,N,N,NASDAQ
AQB,"AquaBounty Technologies, Inc. - Common Stock",S,N,N,NASDAQ
AQMS,"Aqua Metals, Inc. - Common Stock",S,N,N,NASDAQ
AQST,"Aquestive Therapeutics, Inc. - Common Stock",G,N,N,NASDAQ
ARAI,Arrive AI Inc. - Common Stock,G,N,N,NASDAQ
ARAY,Accuray Incorporated - Common Stock,Q,N,N,NASDAQ
ARCB,ArcBest Corporation - Common Stock,Q,N,N,NASDAQ
ARCT,Arcturus Therapeutics Holdings Inc. - Common Stock,G,N,N,NASDAQ
ARDX,"Ardelyx, Inc. - Common Stock",G,N,N,NASDAQ
AREC,American Resources Corporation - Class A Common Stock,S,N,N,NASDAQ
ARHS,"Arhaus, Inc. - Class A Common Stock",Q,N,N,NASDAQ
ARKO,ARKO Corp. - Common Stock,S,N,N,NASDAQ
ARKR,Ark Restaurants Corp. - Common Stock,G,N,N,NASDAQ
AROW,Arrow Financial Corporation - Common Stock,Q,N,N,NASDAQ
ARQ,"Arq, Inc. - Common Stock",G,N,N,NASDAQ
ARQT,"Arcutis Biotherapeutics, Inc. - Common stock",Q,N,N,NASDAQ
ARRY,"Array Technologies, Inc. - Common Stock",G,N,N,NASDAQ
ARTL,"Artelo Biosciences, Inc. - Common Stock",S,N,N,NASDAQ
ARTNA,Artesian Resources Corporation - Class A Non-Voting Common Stock,Q,N,N,NASDAQ
ARTV,"Artiva Biotherapeutics, Inc. - Common Stock",G,N,N,NASDAQ
ARTW,"Art's-Way Manufacturing Co., Inc. - Common Stock",S,N,N,NASDAQ
ARVN,"Arvinas, Inc. - Common Stock",Q,N,N,NASDAQ
ARWR,"Arrowhead Pharmaceuticals, Inc. - Common Stock",Q,N,N,NASDAQ
ARXS,"Arxis, Inc. - Class A Common Stock",Q,N,N,NASDAQ
ASBP,"Aspire Biopharma Holdings, Inc.  - Common Stock",S,N,N,NASDAQ
ASLE,AerSale Corporation - Common Stock,S,N,N,NASDAQ
ASMB,"Assembly Biosciences, Inc. - Common Stock",Q,N,N,NASDAQ
ASO,"Academy Sports and Outdoors, Inc. - Common Stock",Q,N,N,NASDAQ
ASPI,ASP Isotopes Inc. - Common Stock,S,N,N,NASDAQ
ASPS,Altisource Portfolio Solutions S.A. - Common Stock,Q,N,N,NASDAQ
ASRV,AmeriServ Financial Inc. - Common Stock,G,N,N,NASDAQ
ASST,"Strive, Inc. - Class A Common Stock",G,N,N,NASDAQ
ASTC,Astrotech Corporation - Common Stock,S,N,N,NASDAQ
ASTE,"Astec Industries, Inc. - Common Stock",Q,N,N,NASDAQ
ASTH,Astrana Health Inc. - Common Stock,S,N,N,NASDAQ
ASTI,"Ascent Solar Technologies, Inc - Common Stock",S,N,N,NASDAQ
ASTS,"AST SpaceMobile, Inc. - Class A Common Stock",Q,N,N,NASDAQ
ASUR,Asure Software Inc - Common Stock,S,N,N,NASDAQ
ASYS,"Amtech Systems, Inc. - Common Stock",Q,N,N,NASDAQ
ATAI,AtaiBeckley Inc. - Common Stock,G,N,N,NASDAQ
ATCX,Atlas Critical Minerals Corporation - Common Stock,S,N,N,NASDAQ
ATEC,"Alphatec Holdings, Inc. - Common Stock",Q,N,N,NASDAQ
ATER,"Aterian, Inc. - Common Stock",S,N,N,NASDAQ
ATEX,Anterix Inc. - Common Stock,S,N,N,NASDAQ
ATHR,"Aether Holdings, Inc. - Common Stock",S,N,N,NASDAQ
ATLC,Atlanticus Holdings Corporation - Common Stock,Q,N,N,NASDAQ
ATLN,Atlantic International Corp. - Common Stock,G,N,N,NASDAQ
ATLO,Ames National Corporation - Common Stock,S,N,N,NASDAQ
ATLX,Atlas Lithium Corporation - Common Stock,S,N,N,NASDAQ
ATNI,"ATN International, Inc. - Common Stock",Q,N,N,NASDAQ
ATOM,Atomera Incorporated - Common Stock,S,N,N,NASDAQ
ATOS,"Atossa Therapeutics, Inc. - Common Stock",S,N,N,NASDAQ
ATPC,Agape ATP Corporation - Common Stock,S,N,N,NASDAQ
ATRA,"Atara Biotherapeutics, Inc. - Common Stock",Q,N,N,NASDAQ
ATRC,"AtriCure, Inc. - Common Stock",G,N,N,NASDAQ
ATRO,Astronics Corporation - Common Stock,Q,N,N,NASDAQ
ATXG,Addentax Group Corp. - Common Stock,S,N,N,NASDAQ
ATYR,"aTyr Pharma, Inc. - Common Stock",S,N,N,NASDAQ
AUBN,"Auburn National Bancorporation, Inc. - Common Stock",G,N,N,NASDAQ
AUID,authID Inc. - Common Stock,S,N,N,NASDAQ
AUR,"Aurora Innovation, Inc.  - Class A Common Stock",Q,N,N,NASDAQ
AURA,"Aura Biosciences, Inc. - Common Stock",G,N,N,NASDAQ
AUUD,Auddia Inc. - Common Stock,S,N,N,NASDAQ
AVAH,Aveanna Healthcare Holdings Inc. - Common Stock,Q,N,N,NASDAQ
AVAT,Avalanche Treasury Corporation - Class A Common Stock,S,N,N,NASDAQ
AVAV,"AeroVironment, Inc. - Common Stock",Q,N,N,NASDAQ
AVBH,"Avidbank Holdings, Inc. - Common Stock",Q,N,N,NASDAQ
AVBP,"ArriVent BioPharma, Inc. - Common Stock",G,N,N,NASDAQ
AVGO,Broadcom Inc. - Common Stock,Q,N,N,NASDAQ
AVIR,"Atea Pharmaceuticals, Inc. - common stock",Q,N,N,NASDAQ
AVLN,Avalyn Pharma Inc. - common stock,Q,N,N,NASDAQ
AVNW,"Aviat Networks, Inc. - Common Stock",Q,N,N,NASDAQ
AVO,"Mission Produce, Inc. - Common Stock",Q,N,N,NASDAQ
AVPT,"AvePoint, Inc. - Class A Common Stock",Q,N,N,NASDAQ
AVR,Anteris Technologies Global Corp. - Common Stock,G,N,N,NASDAQ
AVT,"Avnet, Inc. - Common Stock",Q,N,N,NASDAQ
AVTX,"Avalo Therapeutics, Inc. - Common Stock",S,N,N,NASDAQ
AVXL,Anavex Life Sciences Corp. - Common Stock,Q,N,N,NASDAQ
AWRE,"Aware, Inc. - Common Stock",G,N,N,NASDAQ
AXGN,"Axogen, Inc. - Common Stock",S,N,N,NASDAQ
AXON,"Axon Enterprise, Inc. - Common Stock",Q,N,N,NASDAQ
AXSM,"Axsome Therapeutics, Inc. - Common Stock",G,N,N,NASDAQ
AXTI,AXT Inc - Common Stock,Q,N,N,NASDAQ
AYTU,"Aytu BioPharma, Inc.  - Common Stock",S,N,N,NASDAQ
AZTA,"Azenta, Inc. - Common Stock",Q,N,N,NASDAQ
BAER,"Bridger Aerospace Group Holdings, Inc. - Common Stock",G,N,N,NASDAQ
BAFN,BayFirst Financial Corp. - Common Stock,S,N,N,NASDAQ
BAND,Bandwidth Inc. - Class A Common Stock,Q,N,N,NASDAQ
BANF,BancFirst Corporation - Common Stock,Q,N,N,NASDAQ
BANR,Banner Corporation - Common Stock,Q,N,N,NASDAQ
BATRA,"Atlanta Braves Holdings, Inc. - Series A Common Stock",Q,N,N,NASDAQ
BATRK,"Atlanta Braves Holdings, Inc. - Series C Common Stock",Q,N,N,NASDAQ
BBCP,"Concrete Pumping Holdings, Inc.  - Common Stock",S,N,N,NASDAQ
BBGI,"Beasley Broadcast Group, Inc. - Class A Common Stock",S,N,N,NASDAQ
BBIO,"BridgeBio Pharma, Inc. - Common Stock",Q,N,N,NASDAQ
BBLG,Bone Biologics Corp - Common Stock,S,N,N,NASDAQ
BBNX,"Beta Bionics, Inc. - Common Stock",G,N,N,NASDAQ
BBOT,"BridgeBio Oncology Therapeutics, Inc. - Common Stock",G,N,N,NASDAQ
BBSI,"Barrett Business Services, Inc. - Common Stock",Q,N,N,NASDAQ
BCAB,"BioAtla, Inc. - Common Stock",S,N,N,NASDAQ
BCAL,California BanCorp - Common Stock,S,N,N,NASDAQ
BCAX,Bicara Therapeutics Inc. - Common Stock,G,N,N,NASDAQ
BCBP,"BCB Bancorp, Inc. (NJ) - Common Stock",G,N,N,NASDAQ
BCDA,"BioCardia, Inc. - Common Stock",S,N,N,NASDAQ
BCG,"Binah Capital Group, Inc. - Common Stock",G,N,N,NASDAQ
BCML,BayCom Corp - Common Stock,Q,N,N,NASDAQ
BCPC,Balchem Corporation - Common Stock,Q,N,N,NASDAQ
BCRX,"BioCryst Pharmaceuticals, Inc. - Common Stock",Q,N,N,NASDAQ
BDSX,"Biodesix, Inc. - Common Stock",G,N,N,NASDAQ
BDTX,"Black Diamond Therapeutics, Inc. - Common Stock",Q,N,N,NASDAQ
BEAM,Beam Therapeutics Inc. - Common Stock,Q,N,N,NASDAQ
BEAT,"Heartbeam, Inc. - Common Stock",S,N,N,NASDAQ
BEEM,Beam Global - Common Stock,S,N,N,NASDAQ
BEEP,Mobile Infrastructure Corporation - Common Stock,G,N,N,NASDAQ
BELFA,Bel Fuse Inc. - Class A Common Stock,Q,N,N,NASDAQ
BELFB,Bel Fuse Inc. - Class B Common Stock,Q,N,N,NASDAQ
BENF,Beneficient - Class A Common Stock,S,N,N,NASDAQ
BETR,Better Home & Finance Holding Company - Class A Common Stock,G,N,N,NASDAQ
BFC,Bank First Corporation - Common Stock,S,N,N,NASDAQ
BFRG,"Bullfrog AI Holdings, Inc. - Common Stock",S,N,N,NASDAQ
BFRI,Biofrontera Inc. - Common Stock,S,N,N,NASDAQ
BFST,"Business First Bancshares, Inc. - Common Stock",Q,N,N,NASDAQ
BGC,"BGC Group, Inc. - Class A Common Stock",Q,N,N,NASDAQ
BGDE,"Big Digital Energy, Inc. - Common Stock",S,N,N,NASDAQ
BGLC,BioNexus Gene Lab Corp - Common stock,S,N,N,NASDAQ
BGMS,"Bio Green Med Solution, Inc. - Common Stock",S,N,N,NASDAQ
BHF,"Brighthouse Financial, Inc. - Common Stock",Q,N,N,NASDAQ
BHRB,Burke & Herbert Financial Services Corp. - Common Stock,S,N,N,NASDAQ
BHST,BioHarvest Sciences Inc. - Common Stock,G,N,N,NASDAQ
BIAF,"bioAffinity Technologies, Inc. - Common Stock",S,N,N,NASDAQ
BIIB,Biogen Inc. - Common Stock,Q,N,N,NASDAQ
BIOA,"BioAge Labs, Inc. - Common Stock",Q,N,N,NASDAQ
BIRD,"Smartbird, Inc. - Class A Common Stock",Q,N,N,NASDAQ
BIVI,BioVie Inc. - Common stock,S,N,N,NASDAQ
BJDX,"Bluejay Diagnostics, Inc. - Common Stock",S,N,N,NASDAQ
BJRI,"BJ's Restaurants, Inc. - Common Stock",Q,N,N,NASDAQ
BKNG,Booking Holdings Inc. - Common Stock,Q,N,N,NASDAQ
BKR,Baker Hughes Company - Common Stock,Q,N,N,NASDAQ
BL,"BlackLine, Inc. - Common Stock",Q,N,N,NASDAQ
BLBD,Blue Bird Corporation - Common Stock,G,N,N,NASDAQ
BLFS,"BioLife Solutions, Inc. - Common Stock",S,N,N,NASDAQ
BLIN,"Bridgeline Digital, Inc. - Common Stock",S,N,N,NASDAQ
BLKB,"Blackbaud, Inc. - Common Stock",Q,N,N,NASDAQ
BLLN,"BillionToOne, Inc. - Class A common stock",Q,N,N,NASDAQ
BLMN,"Bloomin' Brands, Inc. - Common Stock",Q,N,N,NASDAQ
BLNE,"Beeline Holdings, Inc. - Common Stock",S,N,N,NASDAQ
BLNK,Blink Charging Co. - Common Stock,S,N,N,NASDAQ
BLZE,"Backblaze, Inc. - Common Stock",G,N,N,NASDAQ
BMBL,Bumble Inc. - common stock,Q,N,N,NASDAQ
BMEA,"Biomea Fusion, Inc. - Common Stock",Q,N,N,NASDAQ
BMRA,"Biomerica, Inc. - Common Stock",S,N,N,NASDAQ
BMRC,Bank of Marin Bancorp - Common Stock,Q,N,N,NASDAQ
BMRN,BioMarin Pharmaceutical Inc. - Common Stock,Q,N,N,NASDAQ
BNAI,Brand Engagement Network Inc. - Common Stock,S,N,N,NASDAQ
BNBX,BNB Plus Corp. - Common Stock,S,N,N,NASDAQ
BNC,CEA Industries Inc. - Common Stock,S,N,N,NASDAQ
BNGO,"Bionano Genomics, Inc. - Common Stock",S,N,N,NASDAQ
BNKK,"Bonk, Inc. - Common Stock",S,N,N,NASDAQ
BNTC,Benitec Biopharma Inc. - Common Stock,S,N,N,NASDAQ
BNZI,"Banzai International, Inc. - Class A Common Stock",S,N,N,NASDAQ
BODI,"The Beachbody Company, Inc. - Class A Common Stock",S,N,N,NASDAQ
BOF,BranchOut Food Inc. - Common Stock,S,N,N,NASDAQ
BOKF,BOK Financial Corporation - Common Stock,Q,N,N,NASDAQ
BOLD,"Boundless Bio, Inc. - Common Stock",Q,N,N,NASDAQ
BOLT,"Bolt Biotherapeutics, Inc. - Common Stock",S,N,N,NASDAQ
BOOM,DMC Global Inc. - Common Stock,Q,N,N,NASDAQ
BOT,"RoboStrategy, Inc. - Common Stock",G,N,N,NASDAQ
BOTJ,"Bank of the James Financial Group, Inc. - Common Stock",S,N,N,NASDAQ
BOXL,Boxlight Corporation - Class A Common Stock,S,N,N,NASDAQ
BPOP,"Popular, Inc. - Common Stock",Q,N,N,NASDAQ
BPRN,"Princeton Bancorp, Inc. - Common Stock",Q,N,N,NASDAQ
BRAI,Braiin Limited - Common Stock,G,N,N,NASDAQ
BRCB,"Black Rock Coffee Bar, Inc. - Class A Common Stock",G,N,N,NASDAQ
BRFH,Barfresh Food Group Inc. - Common Stock,S,N,N,NASDAQ
BRID,Bridgford Foods Corporation - Common Stock,G,N,N,NASDAQ
BRKR,Bruker Corporation - Common Stock,Q,N,N,NASDAQ
BRLT,"Brilliant Earth Group, Inc. - Class A Common Stock",G,N,N,NASDAQ
BRR,"ProCap Financial, Inc. - Common Stock",G,N,N,NASDAQ
BRTX,"BioRestorative Therapies, Inc. - Common Stock",S,N,N,NASDAQ
BRUN,Boost Run Inc. - Class A Common Stock,G,N,N,NASDAQ
BRZE,"Braze, Inc. - Class A Common Stock",Q,N,N,NASDAQ
BSBK,Bogota Financial Corp. - Common Stock,S,N,N,NASDAQ
BSET,"Bassett Furniture Industries, Incorporated - Common Stock",Q,N,N,NASDAQ
BSIN,Big Sky Industrial Inc. - Common Stock,S,N,N,NASDAQ
BSRR,Sierra Bancorp - Common Stock,Q,N,N,NASDAQ
BSVN,Bank7 Corp. - Common stock,Q,N,N,NASDAQ
BSY,"Bentley Systems, Incorporated - Class B Common Stock",Q,N,N,NASDAQ
BTAI,"BioXcel Therapeutics, Inc. - Common Stock",S,N,N,NASDAQ
BTBD,"BT Brands, Inc. - Common Stock",S,N,N,NASDAQ
BTCS,BTCS Inc. - Common Stock,S,N,N,NASDAQ
BTMD,Biote Corp. - Class A common stock,G,N,N,NASDAQ
BTOC,Armlogi Holding Corp. - common stock,S,N,N,NASDAQ
BTQ,BTQ Technologies Corp. - Common Stock,G,N,N,NASDAQ
BTSG,"BrightSpring Health Services, Inc. - Common Stock",Q,N,N,NASDAQ
BUSE,First Busey Corporation - Common Stock,Q,N,N,NASDAQ
BVFL,"BV Financial, Inc. - Common Stock",S,N,N,NASDAQ
BVS,Bioventus Inc. - Class A Common Stock,Q,N,N,NASDAQ
BWB,"Bridgewater Bancshares, Inc. - Common Stock",S,N,N,NASDAQ
BWEN,"Broadwind, Inc. - Common Stock",S,N,N,NASDAQ
BWFG,"Bankwell Financial Group, Inc. - Common Stock",G,N,N,NASDAQ
BWIN,"The Baldwin Insurance Group, Inc. - Class A Common Stock",Q,N,N,NASDAQ
BWMN,Bowman Consulting Group Ltd. - Common Stock,G,N,N,NASDAQ
BYFC,Broadway Financial Corporation - Class A Common Stock,S,N,N,NASDAQ
BYND,"Beyond Meat, Inc. - Common stock",Q,N,N,NASDAQ
BYRN,"Byrna Technologies, Inc. - Common Stock",S,N,N,NASDAQ
BZAI,"Blaize Holdings, Inc. - Common Stock",G,N,N,NASDAQ
BZFD,"BuzzFeed, Inc. - Class A Common Stock",S,N,N,NASDAQ
CABA,"Cabaletta Bio, Inc. - Common Stock",Q,N,N,NASDAQ
CABR,"Caring Brands, Inc. - Common Stock",S,N,N,NASDAQ
CAC,Camden National Corporation - Common Stock,Q,N,N,NASDAQ
CACC,Credit Acceptance Corporation - Common Stock,Q,N,N,NASDAQ
CADL,"Candel Therapeutics, Inc. - Common Stock",G,N,N,NASDAQ
CAI,"Caris Life Sciences, Inc. - Common Stock",Q,N,N,NASDAQ
CAKE,The Cheesecake Factory Incorporated - Common Stock,Q,N,N,NASDAQ
CALC,"CalciMedica, Inc. - Common Stock",S,N,N,NASDAQ
CALM,"Cal-Maine Foods, Inc. - Common Stock",Q,N,N,NASDAQ
CAMP,CAMP4 Therapeutics Corporation - Common Stock,G,N,N,NASDAQ
CAPR,"Capricor Therapeutics, Inc. - Common Stock",Q,N,N,NASDAQ
CAPS,Capstone Holding Corp. - Common Stock,S,N,N,NASDAQ
CAR,"Avis Budget Group, Inc. - Common Stock",Q,N,N,NASDAQ
CARE,"Carter Bankshares, Inc. - Common Stock",Q,N,N,NASDAQ
CARG,"CarGurus, Inc. - Class A Common Stock",Q,N,N,NASDAQ
CARL,"Carlsmed, Inc. - Common Stock",Q,N,N,NASDAQ
CART,Maplebear Inc. - Common Stock,Q,N,N,NASDAQ
CASH,"Pathward Financial, Inc. - Common Stock",Q,N,N,NASDAQ
CASS,"Cass Information Systems, Inc - Common Stock",Q,N,N,NASDAQ
CAST,"FreeCast, Inc. - Class A common stock",G,N,N,NASDAQ
CASY,"Caseys General Stores, Inc. - Common Stock",Q,N,N,NASDAQ
CATY,Cathay General Bancorp - Common Stock,Q,N,N,NASDAQ
CBC,"Central Bancompany, Inc. - Class A Common Stock",Q,N,N,NASDAQ
CBFV,"CB Financial Services, Inc. - Common Stock",G,N,N,NASDAQ
CBIO,"Crescent Biopharma, Inc. - Common Stock",S,N,N,NASDAQ
CBK,"Commercial Bancgroup, Inc. - Common Stock",S,N,N,NASDAQ
CBLL,"CeriBell, Inc. - Common Stock",Q,N,N,NASDAQ
CBNK,"Capital Bancorp, Inc. - Common Stock",Q,N,N,NASDAQ
CBRL,"Cracker Barrel Old Country Store, Inc. - Common Stock",Q,N,N,NASDAQ
CBRS,Cerebras Systems Inc. - Class A Common Stock,Q,N,N,NASDAQ
CBSH,"Commerce Bancshares, Inc. - Common Stock",Q,N,N,NASDAQ
CBUS,"Cibus, Inc. - Class A Common Stock",S,N,N,NASDAQ
CCAP,"Crescent Capital BDC, Inc. - Common Stock",G,N,N,NASDAQ
CCB,Coastal Financial Corporation - Common Stock,Q,N,N,NASDAQ
CCBG,Capital City Bank Group - Common Stock,Q,N,N,NASDAQ
CCC,CCC Intelligent Solutions Holdings Inc. - Common Stock,Q,N,N,NASDAQ
CCCC,"C4 Therapeutics, Inc. - Common Stock",Q,N,N,NASDAQ
CCLD,"CareCloud, Inc. - Common Stock",G,N,N,NASDAQ
CCNE,CNB Financial Corporation - Common Stock,Q,N,N,NASDAQ
CCOI,"Cogent Communications Holdings, Inc. - Common Stock",Q,N,N,NASDAQ
CCRN,"Cross Country Healthcare, Inc. - Common Stock",Q,N,N,NASDAQ
CCSI,"Consensus Cloud Solutions, Inc. - Common Stock",Q,N,N,NASDAQ
CDIO,Cardio Diagnostics Holdings Inc. - Common stock,S,N,N,NASDAQ
CDLX,"Cardlytics, Inc. - Common Stock",G,N,N,NASDAQ
CDNA,"CareDx, Inc. - Common Stock",G,N,N,NASDAQ
CDNL,Cardinal Infrastructure Group Inc. - Class A Common Stock,Q,N,N,NASDAQ
CDNS,"Cadence Design Systems, Inc. - Common Stock",Q,N,N,NASDAQ
CDT,CDT Equity Inc. - Common Stock,S,N,N,NASDAQ
CDW,CDW Corporation - Common Stock,Q,N,N,NASDAQ
CDXS,"Codexis, Inc. - Common Stock",Q,N,N,NASDAQ
CDZI,"Cadiz, Inc. - Common Stock",G,N,N,NASDAQ
CECO,CECO Environmental Corp. - Common Stock,Q,N,N,NASDAQ
CEG,Constellation Energy Corporation - Common Stock When-Issued,Q,N,N,NASDAQ
CELC,Celcuity Inc. - Common Stock,S,N,N,NASDAQ
CELH,"Celsius Holdings, Inc. - Common Stock",S,N,N,NASDAQ
CELU,Celularity Inc. - Class A Common Stock,S,N,N,NASDAQ
CELZ,"Creative Medical Technology Holdings, Inc. - Common Stock",S,N,N,NASDAQ
CENN,Cenntro Inc. - Common Stock,S,N,N,NASDAQ
CENT,Central Garden & Pet Company - Common Stock,Q,N,N,NASDAQ
CENTA,Central Garden & Pet Company - Class A Common Stock Nonvoting,Q,N,N,NASDAQ
CENX,Century Aluminum Company - Common Stock,Q,N,N,NASDAQ
CERS,Cerus Corporation - Common Stock,G,N,N,NASDAQ
CERT,"Certara, Inc. - Common Stock",Q,N,N,NASDAQ
CETX,Cemtrex Inc. - Common Stock,S,N,N,NASDAQ
CETY,"Clean Energy Technologies, Inc. - Common Stock",S,N,N,NASDAQ
CEVA,"CEVA, Inc. - Common Stock",Q,N,N,NASDAQ
CFBK,CF Bankshares Inc. - Common Stock,S,N,N,NASDAQ
CFFI,C&F Financial Corporation - Common Stock,Q,N,N,NASDAQ
CFFN,"Capitol Federal Financial, Inc. - Common Stock",Q,N,N,NASDAQ
CG,The Carlyle Group Inc. - Common Stock,Q,N,N,NASDAQ
CGEM,"Cullinan Therapeutics, Inc. - Common Stock",Q,N,N,NASDAQ
CGNX,Cognex Corporation - Common Stock,Q,N,N,NASDAQ
CGON,"CG Oncology, Inc. - Common stock",Q,N,N,NASDAQ
CGTX,"Cognition Therapeutics, Inc. - Common Stock",S,N,N,NASDAQ
CHCI,"Comstock Holding Companies, Inc. - Class A Common Stock",S,N,N,NASDAQ
CHCO,City Holding Company - Common Stock,Q,N,N,NASDAQ
CHDN,"Churchill Downs, Incorporated - Common Stock",Q,N,N,NASDAQ
CHEF,"The Chefs' Warehouse, Inc. - Common Stock",Q,N,N,NASDAQ
CHMG,Chemung Financial Corp  - Common Stock,Q,N,N,NASDAQ
CHRD,Chord Energy Corporation - Common Stock,Q,N,N,NASDAQ
CHRN,ChronoScale Corporation - Common Stock,S,N,N,NASDAQ
CHRS,"Coherus Oncology, Inc. - Common Stock",G,N,N,NASDAQ
CHRW,"C.H. Robinson Worldwide, Inc. - Common Stock",Q,N,N,NASDAQ
CHTR,"Charter Communications, Inc. - Class A Common Stock",Q,N,N,NASDAQ
CHYM,"Chime Financial, Inc. - Class A Common Stock",Q,N,N,NASDAQ
CIFR,Cipher Digital Inc. - Common Stock,Q,N,N,NASDAQ
CIIT,"Tianci International, Inc. - Common Stock",S,N,N,NASDAQ
CINF,Cincinnati Financial Corporation - Common Stock,Q,N,N,NASDAQ
CING,Cingulate Inc. - Common Stock,S,N,N,NASDAQ
CISO,"CISO Global, Inc. - Common Stock",S,N,N,NASDAQ
CISS,C3is Inc. - Common Stock,S,N,N,NASDAQ
CIVB,"Civista Bancshares, Inc.  - Common Stock",S,N,N,NASDAQ
CJMB,Callan JMB Inc. - Common Stock,S,N,N,NASDAQ
CLAR,Clarus Corporation - Common Stock,Q,N,N,NASDAQ
CLBK,"Columbia Financial, Inc. - Common Stock",Q,N,N,NASDAQ
CLDX,"Celldex Therapeutics, Inc. - Common Stock",S,N,N,NASDAQ
CLFD,"Clearfield, Inc. - Common Stock",G,N,N,NASDAQ
CLIR,ClearSign Technologies Corporation - Common Stock,S,N,N,NASDAQ
CLMB,"Climb Global Solutions, Inc. - Common Stock",G,N,N,NASDAQ
CLMT,"Calumet, Inc - Common Stock",Q,N,N,NASDAQ
CLNE,Clean Energy Fuels Corp. - Common Stock,Q,N,N,NASDAQ
CLNN,Clene Inc. - Common Stock,S,N,N,NASDAQ
CLOV,"Clover Health Investments, Corp.  - Class A Common stock",Q,N,N,NASDAQ
CLPS,CLPS Incorporation - Common Stock,G,N,N,NASDAQ
CLPT,ClearPoint Neuro Inc. - Common Stock,S,N,N,NASDAQ
CLRB,"Cellectar Biosciences, Inc. - Common Stock",S,N,N,NASDAQ
CLRO,"ClearOne, Inc. - Common Stock",S,N,N,NASDAQ
CLSK,"CleanSpark, Inc. - Common Stock",S,N,N,NASDAQ
CLST,"Catalyst Bancorp, Inc. - common stock",S,N,N,NASDAQ
CLYM,"Climb Bio, Inc. - Common Stock",G,N,N,NASDAQ
CMCO,Columbus McKinnon Corporation - Common Stock,Q,N,N,NASDAQ
CMCSA,Comcast Corporation - Class A Common Stock,Q,N,N,NASDAQ
CMCT,Creative Media  - Common Stock,S,N,N,NASDAQ
CME,CME Group Inc. - Class A Common Stock,Q,N,N,NASDAQ
CMPX,"Compass Therapeutics, Inc. - Common Stock",S,N,N,NASDAQ
CMRC,"Commerce.com, Inc. - Series 1 Common Stock",G,N,N,NASDAQ
CMTL,Comtech Telecommunications Corp. - Common Stock,Q,N,N,NASDAQ
CMTV,Community Bancorp.  - Common stock,S,N,N,NASDAQ
CNDT,Conduent Incorporated - Common Stock,Q,N,N,NASDAQ
CNET,ZW Data Action Technologies Inc. - Common Stock,S,N,N,NASDAQ
CNOB,"ConnectOne Bancorp, Inc. - Common Stock",Q,N,N,NASDAQ
CNSP,"CNS Pharmaceuticals, Inc. - Common Stock",S,N,N,NASDAQ
CNTN,"Canton Strategic Holdings, Inc. - Common Stock",S,N,N,NASDAQ
CNTX,Context Therapeutics Inc. - Common Stock,S,N,N,NASDAQ
CNTY,"Century Casinos, Inc. - Common Stock",S,N,N,NASDAQ
CNVS,Cineverse Corp. - Class A Common Stock,S,N,N,NASDAQ
CNXC,Concentrix Corporation - Common Stock,Q,N,N,NASDAQ
CNXN,"PC Connection, Inc. - Common Stock",Q,N,N,NASDAQ
CNXU,Conexeu Sciences Inc. - Common Stock,S,N,N,NASDAQ
COAG,"Hemab Therapeutics Holdings, Inc. - Common Stock",Q,N,N,NASDAQ
COCH,"Envoy Medical, Inc. - Class A Common Stock",S,N,N,NASDAQ
COCO,"The Vita Coco Company, Inc. - Common Stock",Q,N,N,NASDAQ
COCP,"Cocrystal Pharma, Inc. - Common Stock",S,N,N,NASDAQ
CODA,"Coda Octopus Group, Inc. - Common stock",S,N,N,NASDAQ
CODX,"Co-Diagnostics, Inc. - Common Stock",S,N,N,NASDAQ
COFS,"ChoiceOne Financial Services, Inc. - Common Stock",S,N,N,NASDAQ
COGT,"Cogent Biosciences, Inc. - Common Stock",Q,N,N,NASDAQ
COHU,"Cohu, Inc. - Common Stock",Q,N,N,NASDAQ
COIN,"Coinbase Global, Inc. - Class A Common Stock",Q,N,N,NASDAQ
COKE,"Coca-Cola Consolidated, Inc. - Common Stock",Q,N,N,NASDAQ
COLB,"Columbia Banking System, Inc. - Common Stock",Q,N,N,NASDAQ
COLL,"Collegium Pharmaceutical, Inc. - Common Stock",Q,N,N,NASDAQ
COLM,Columbia Sportswear Company - Common Stock,Q,N,N,NASDAQ
COO,"The Cooper Companies, Inc.  - Common Stock",Q,N,N,NASDAQ
CORT,Corcept Therapeutics Incorporated - Common Stock,S,N,N,NASDAQ
CORZ,"Core Scientific, Inc. - Common Stock",Q,N,N,NASDAQ
COSM,Cosmos Health Inc. - Common Stock,S,N,N,NASDAQ
COST,Costco Wholesale Corporation - Common Stock,Q,N,N,NASDAQ
COYA,"Coya Therapeutics, Inc. - Common Stock",S,N,N,NASDAQ
CPB,The Campbell's Company - Common Stock,Q,N,N,NASDAQ
CPBI,"Central Plains Bancshares, Inc. - Common Stock",S,N,N,NASDAQ
CPHC,Canterbury Park Holding Corporation - Common Stock,G,N,N,NASDAQ
CPIX,Cumberland Pharmaceuticals Inc. - Common Stock,Q,N,N,NASDAQ
CPRT,"Copart, Inc. - Common Stock",Q,N,N,NASDAQ
CPRX,"Catalyst Pharmaceuticals, Inc. - Common Stock",S,N,N,NASDAQ
CPSH,CPS Technologies Corp. - Common Stock,S,N,N,NASDAQ
CPSS,"Consumer Portfolio Services, Inc. - Common Stock",G,N,N,NASDAQ
CRAI,"CRA International,Inc. - Common Stock",Q,N,N,NASDAQ
CRBP,"Corbus Pharmaceuticals Holdings, Inc. - Common Stock",S,N,N,NASDAQ
CRBU,"Caribou Biosciences, Inc. - Common Stock",Q,N,N,NASDAQ
CRCT,"Cricut, Inc. - Class A common stock",Q,N,N,NASDAQ
CRDF,"Cardiff Oncology, Inc. - Common Stock",S,N,N,NASDAQ
CREG,Smart Powerr Corp. - Common Stock,S,N,N,NASDAQ
CRESY,"Cresud S.A.C.I.F. y A. - American Depositary Shares, each representing ten shares of Common Stock",Q,N,N,NASDAQ
CREX,"Creative Realities, Inc. - Common Stock",S,N,N,NASDAQ
CRIS,"Curis, Inc. - Common Stock",S,N,N,NASDAQ
CRMD,CorMedix Inc. - Common Stock,G,N,N,NASDAQ
CRMT,"America's Car-Mart, Inc. - Common Stock",Q,N,N,NASDAQ
CRNC,Cerence Inc. - Common Stock,Q,N,N,NASDAQ
CRNX,"Crinetics Pharmaceuticals, Inc. - Common Stock",Q,N,N,NASDAQ
CROX,"Crocs, Inc. - Common Stock",Q,N,N,NASDAQ
CRSR,"Corsair Gaming, Inc. - Common Stock",Q,N,N,NASDAQ
CRUS,"Cirrus Logic, Inc. - Common Stock",Q,N,N,NASDAQ
CRVL,CorVel Corp. - Common Stock,Q,N,N,NASDAQ
CRVO,CervoMed Inc. - Common Stock,S,N,N,NASDAQ
CRVS,"Corvus Pharmaceuticals, Inc. - Common Stock",G,N,N,NASDAQ
CRWD,"CrowdStrike Holdings, Inc. - Class A Common Stock",Q,N,N,NASDAQ
CRWS,"Crown Crafts, Inc. - Common Stock",S,N,N,NASDAQ
CRWV,"CoreWeave, Inc. - Class A Common Stock",Q,N,N,NASDAQ
CSAI,"Cloudastructure, Inc. - Class A Common Stock",S,N,N,NASDAQ
CSBR,"Champions Oncology, Inc. - Common Stock",S,N,N,NASDAQ
CSCO,"Cisco Systems, Inc. - Common Stock",Q,N,N,NASDAQ
CSGP,"CoStar Group, Inc. - Common Stock",Q,N,N,NASDAQ
CSPI,CSP Inc. - Common Stock,G,N,N,NASDAQ
CSTL,"Castle Biosciences, Inc. - Common stock",G,N,N,NASDAQ
CSWC,Capital Southwest Corporation - Common Stock,Q,N,N,NASDAQ
CSX,CSX Corporation - Common Stock,Q,N,N,NASDAQ
CTAS,Cintas Corporation - Common Stock,Q,N,N,NASDAQ
CTBI,"Community Trust Bancorp, Inc. - Common Stock",Q,N,N,NASDAQ
CTKB,"Cytek Biosciences, Inc. - Common Stock",Q,N,N,NASDAQ
CTMX,"CytomX Therapeutics, Inc. - Common Stock",Q,N,N,NASDAQ
CTNM,"Contineum Therapeutics, Inc. - Common stock",Q,N,N,NASDAQ
CTNT,Cheetah Net Supply Chain Service Inc. - Class A Common Stock,S,N,N,NASDAQ
CTOR,"Citius Oncology, Inc.  - Common Stock",S,N,N,NASDAQ
CTRN,"Citi Trends, Inc. - Common Stock",Q,N,N,NASDAQ
CTSH,Cognizant Technology Solutions Corporation - Class A Common Stock,Q,N,N,NASDAQ
CTSO,Cytosorbents Corporation - Common Stock,S,N,N,NASDAQ
CTXR,"Citius Pharmaceuticals, Inc. - Common Stock",S,N,N,NASDAQ
CUE,"Cue Biopharma, Inc. - Common Stock",S,N,N,NASDAQ
CURI,CuriosityStream Inc.  - Class A Common Stock,S,N,N,NASDAQ
CURX,Curanex Pharmaceuticals Inc - Common Stock,S,N,N,NASDAQ
CV,"CapsoVision, Inc. - Common Stock",S,N,N,NASDAQ
CVBF,CVB Financial Corporation - Common Stock,Q,N,N,NASDAQ
CVCO,"Cavco Industries, Inc. - Common Stock",Q,N,N,NASDAQ
CVGI,"Commercial Vehicle Group, Inc. - Common Stock",Q,N,N,NASDAQ
CVKD,"Cadrenal Therapeutics, Inc. - Common Stock",S,N,N,NASDAQ
CVLT,"Commvault Systems, Inc. - Common Stock",Q,N,N,NASDAQ
CVRX,"CVRx, Inc. - Common Stock",Q,N,N,NASDAQ
CVV,CVD Equipment Corporation - Common Stock,S,N,N,NASDAQ
CWBC,Community West Bancshares - Common Stock,S,N,N,NASDAQ
CWD,CaliberCos Inc. - Class A Common Stock,S,N,N,NASDAQ
CWST,"Casella Waste Systems, Inc. - Class A Common Stock",Q,N,N,NASDAQ
CXAI,CXApp Inc. - Class A Common Stock,S,N,N,NASDAQ
CXDO,"Crexendo, Inc. - Common Stock",S,N,N,NASDAQ
CYAB,"Cyabra, Inc. - Common Stock",G,N,N,NASDAQ
CYCN,"Cyclerion Therapeutics, Inc. - Common Stock",S,N,N,NASDAQ
CYCU,"Cycurion, Inc. - Common Stock",G,N,N,NASDAQ
CYN,Cyngn Inc. - Common stock,S,N,N,NASDAQ
CYPH,Cypherpunk Technologies Inc. - Common Stock,S,N,N,NASDAQ
CYRX,"CryoPort, Inc. - Common Stock",S,N,N,NASDAQ
CYTK,"Cytokinetics, Incorporated - Common Stock",Q,N,N,NASDAQ
CZFS,"Citizens Financial Services, Inc. - Common Stock",S,N,N,NASDAQ
CZNC,Citizens & Northern Corp - Common Stock,S,N,N,NASDAQ
CZR,"Caesars Entertainment, Inc. - Common Stock",Q,N,N,NASDAQ
CZWI,"Citizens Community Bancorp, Inc. - Common Stock",G,N,N,NASDAQ
DAIC,"CID HoldCo, Inc. - Common Stock",G,N,N,NASDAQ
DAIO,Data I/O Corporation - Common Stock,S,N,N,NASDAQ
DAKT,"Daktronics, Inc. - Common Stock",Q,N,N,NASDAQ
DARE,"Dare Bioscience, Inc. - Common Stock",S,N,N,NASDAQ
DASH,"DoorDash, Inc. - Common Stock",Q,N,N,NASDAQ
DAVE,Dave Inc.  - Class A Common Stock,G,N,N,NASDAQ
DBGI,"Digital Brands Group, Inc. - Common Stock",S,N,N,NASDAQ
DBX,"Dropbox, Inc. - Class A Common Stock",Q,N,N,NASDAQ
DCGO,DocGo Inc. - Common Stock,S,N,N,NASDAQ
DCOY,Decoy Therapeutics Inc. - Common Stock,S,N,N,NASDAQ
DCTH,"Delcath Systems, Inc. - Common Stock",S,N,N,NASDAQ
DDOG,"Datadog, Inc. - Class A Common Stock",Q,N,N,NASDAQ
DEFT,"Defi Technologies, Inc. - Common Stock",S,N,N,NASDAQ
DERM,Journey Medical Corporation - Common Stock,S,N,N,NASDAQ
DFDV,DeFi Development Corp. - Common Stock,S,N,N,NASDAQ
DFLI,Dragonfly Energy Holdings Corp - Common Stock,S,N,N,NASDAQ
DFNS,T3 Defense Inc. - Common Stock,G,N,N,NASDAQ
DFSC,"DEFSEC Technologies Inc. - common stock, no R/S concurrent with offering",S,N,N,NASDAQ
DGICA,"Donegal Group, Inc. - Class A Common Stock",Q,N,N,NASDAQ
DGICB,"Donegal Group, Inc. - Class B Common Stock",Q,N,N,NASDAQ
DGII,Digi International Inc. - Common Stock,Q,N,N,NASDAQ
DH,Definitive Healthcare Corp. - Class A Common Stock,Q,N,N,NASDAQ
DIBS,"1stdibs.com, Inc. - Common Stock",G,N,N,NASDAQ
DIOD,Diodes Incorporated - Common Stock,Q,N,N,NASDAQ
DJCO,Daily Journal Corp. (S.C.) - Common Stock,S,N,N,NASDAQ
DJT,Trump Media & Technology Group Corp. - Common Stock,G,N,N,NASDAQ
DKNG,DraftKings Inc. - Class A Common Stock,Q,N,N,NASDAQ
DLHC,DLH Holdings Corp. - Common Stock,S,N,N,NASDAQ
DLPN,"Dolphin Entertainment, Inc. - Common Stock",S,N,N,NASDAQ
DLTH,Duluth Holdings Inc. - Class B Common Stock,Q,N,N,NASDAQ
DLTR,"Dollar Tree, Inc. - Common Stock",Q,N,N,NASDAQ
DMAC,DiaMedica Therapeutics Inc. - Common Stock,S,N,N,NASDAQ
DMRA,"Damora Therapeutics, Inc. - Common Stock",S,N,N,NASDAQ
DMRC,Digimarc Corporation - Common Stock,Q,N,N,NASDAQ
DNLI,Denali Therapeutics Inc. - Common Stock,Q,N,N,NASDAQ
DNTH,"Dianthus Therapeutics, Inc. - Common Stock",S,N,N,NASDAQ
DNUT,"Krispy Kreme, Inc. - Common Stock",Q,N,N,NASDAQ
DOCU,"DocuSign, Inc. - Common Stock",Q,N,N,NASDAQ
DOGZ,Dogness (International) Corporation - Class A Common Stock,S,N,N,NASDAQ
DOMH,Dominari Holdings Inc. - Common Stock,S,N,N,NASDAQ
DOMO,"Domo, Inc. - Class B Common Stock",G,N,N,NASDAQ
DORM,"Dorman Products, Inc. - Common Stock",Q,N,N,NASDAQ
DPZ,Domino's Pizza Inc - Common Stock,Q,N,N,NASDAQ
DRCT,"Direct Digital Holdings, Inc. - Class A Common Stock",S,N,N,NASDAQ
DRH,Diamondrock Hospitality Company - Common Stock,Q,N,N,NASDAQ
DRIO,DarioHealth Corp. - Common Stock,S,N,N,NASDAQ
DRMA,"Dermata Therapeutics, Inc. - Common Stock",S,N,N,NASDAQ
DRS,"Leonardo DRS, Inc. - Common Stock",Q,N,N,NASDAQ
DRUG,Bright Minds Biosciences Inc. - common stock,S,N,N,NASDAQ
DRVN,Driven Brands Holdings Inc. - Common Stock,Q,N,N,NASDAQ
DSGN,"Design Therapeutics, Inc. - Common Stock",Q,N,N,NASDAQ
DSGR,"Distribution Solutions Group, Inc. - Common Stock",Q,N,N,NASDAQ
DSGX,The Descartes Systems Group Inc. - Common Stock,Q,N,N,NASDAQ
DSP,Viant Technology Inc. - common stock,Q,N,N,NASDAQ
DTCX,"Datacentrex, Inc. - Common Stock",S,N,N,NASDAQ
DTI,Drilling Tools International Corporation  - Common Stock,S,N,N,NASDAQ
DTIL,"Precision BioSciences, Inc. - Common Stock",S,N,N,NASDAQ
DTST,Data Storage Corporation - Common Stock,S,N,N,NASDAQ
DUKR,DUKE Robotics Corp. - Common Stock,S,N,N,NASDAQ
DUOL,"Duolingo, Inc. - Class A Common Stock",Q,N,N,NASDAQ
DUOT,"Duos Technologies Group, Inc. - Common Stock",S,N,N,NASDAQ
DVLT,Datavault AI Inc. - Common Stock,S,N,N,NASDAQ
DWSN,Dawson Geophysical Company - Common Stock,Q,N,N,NASDAQ
DWTX,"Dogwood Therapeutics, Inc.  - Common Stock",S,N,N,NASDAQ
DXCM,"DexCom, Inc. - Common Stock",Q,N,N,NASDAQ
DXLG,"Destination XL Group, Inc. - Common Stock",G,N,N,NASDAQ
DXPE,"DXP Enterprises, Inc. - Common Stock",Q,N,N,NASDAQ
DYAI,"Dyadic International, Inc. - Common Stock",S,N,N,NASDAQ
DYN,"Dyne Therapeutics, Inc. - Common Stock",Q,N,N,NASDAQ
EA,Electronic Arts Inc. - Common Stock,Q,N,N,NASDAQ
EBAY,eBay Inc. - Common Stock,Q,N,N,NASDAQ
EBC,"Eastern Bankshares, Inc. - Common Stock",Q,N,N,NASDAQ
EBMT,"Eagle Bancorp Montana, Inc. - Common Stock",G,N,N,NASDAQ
ECBK,"ECB Bancorp, Inc. - Common Stock",S,N,N,NASDAQ
ECHO,EchoStar Corporation - Common stock,Q,N,N,NASDAQ
ECOR,"electroCore, Inc. - Common Stock",S,N,N,NASDAQ
ECPG,Encore Capital Group Inc - Common Stock,Q,N,N,NASDAQ
EDBL,Edible Garden AG Incorporated - Common Stock,S,N,N,NASDAQ
EDIT,"Editas Medicine, Inc. - Common Stock",Q,N,N,NASDAQ
EDUC,Educational Development Corporation - Common Stock,G,N,N,NASDAQ
EEFT,"Euronet Worldwide, Inc. - Common Stock",Q,N,N,NASDAQ
EEIQ,EpicQuest Education Group International Limited - Common Stock,S,N,N,NASDAQ
EFOI,"Energy Focus, Inc. - Common Stock",S,N,N,NASDAQ
EFSC,Enterprise Financial Services Corporation - Common Stock,Q,N,N,NASDAQ
EFSI,Eagle Financial Services Inc - Common Stock,S,N,N,NASDAQ
EGAN,eGain Corporation - Common Stock,S,N,N,NASDAQ
EGBN,"Eagle Bancorp, Inc. - Common Stock",S,N,N,NASDAQ
EGHT,8x8 Inc - Common stock,Q,N,N,NASDAQ
EHLD,Euroholdings Ltd. - Common Stock,S,N,N,NASDAQ
EHTH,"eHealth, Inc. - Common Stock",Q,N,N,NASDAQ
EIKN,"Eikon Therapeutics, Inc. - Common Stock",Q,N,N,NASDAQ
ELAB,PMGC Holdings Inc. - Common Stock,S,N,N,NASDAQ
ELBM,Electra Battery Materials Corporation - Common Stock,S,N,N,NASDAQ
ELDN,"Eledon Pharmaceuticals, Inc. - Common Stock",S,N,N,NASDAQ
ELE,Elemental Royalty Corporation - Common Stock,S,N,N,NASDAQ
ELMT,The Elmet Group Co. - Common Stock,S,N,N,NASDAQ
ELOX,"Eloxx Pharmaceuticals, Inc. - Common Stock",S,N,N,NASDAQ
ELSE,"Electro-Sensors, Inc. - Common Stock",S,N,N,NASDAQ
ELTX,"Elicio Therapeutics, Inc. - Common Stock",S,N,N,NASDAQ
ELUT,"Elutia, Inc. - Class A Common Stock",S,N,N,NASDAQ
ELVN,"Enliven Therapeutics, Inc.  - Common Stock",Q,N,N,NASDAQ
ELWT,"Elauwit Connection, Inc. - Common Stock",S,N,N,NASDAQ
EMAT,Evolution Metals & Technologies Corp. - Common Stock,G,N,N,NASDAQ
EMBC,Embecta Corp. - Common Stock,Q,N,N,NASDAQ
EML,Eastern Company (The) - Common Stock,G,N,N,NASDAQ
EMPD,Empery Digital Inc. - Common stock,Q,N,N,NASDAQ
ENGN,enGene Therapeutics Inc. - Common Stock,S,N,N,NASDAQ
ENPH,"Enphase Energy, Inc. - Common Stock",G,N,N,NASDAQ
ENSC,"Ensysce Biosciences, Inc. - Common Stock",S,N,N,NASDAQ
ENSG,"The Ensign Group, Inc. - Common Stock",Q,N,N,NASDAQ
ENTA,"Enanta Pharmaceuticals, Inc. - Common Stock",Q,N,N,NASDAQ
ENTG,"Entegris, Inc. - Common Stock",Q,N,N,NASDAQ
ENVB,"Enveric Biosciences, Inc.  - Common Stock",S,N,N,NASDAQ
ENVX,Enovix Corporation - Common Stock,Q,N,N,NASDAQ
EOLS,"Evolus, Inc. - Common Stock",G,N,N,NASDAQ
EOSE,"Eos Energy Enterprises, Inc. - Common Stock",S,N,N,NASDAQ
EPRX,Eupraxia Pharmaceuticals Inc. - Common Stock,S,N,N,NASDAQ
EQ,"Equillium, Inc. - Common Stock",S,N,N,NASDAQ
EQIX,"Equinix, Inc. - Common Stock",Q,N,N,NASDAQ
EQPT,EquipmentShare.com Inc - Class A Common Stock,Q,N,N,NASDAQ
ERAS,"Erasca, Inc. - Common Stock",Q,N,N,NASDAQ
ERIE,Erie Indemnity Company - Class A Common Stock,Q,N,N,NASDAQ
ERII,"Energy Recovery, Inc. - Common Stock",Q,N,N,NASDAQ
ERNA,Ernexa Therapeutics Inc. - Common Stock,S,N,N,NASDAQ
ESCA,"Escalade, Incorporated - Common Stock",G,N,N,NASDAQ
ESEA,Euroseas Ltd. - Common Stock,S,N,N,NASDAQ
ESLA,"Estrella Immunopharma, Inc. - Common Stock",S,N,N,NASDAQ
ESOA,Energy Services of America Corporation - Common Stock,S,N,N,NASDAQ
ESPR,"Esperion Therapeutics, Inc. - Common Stock",G,N,N,NASDAQ
ESQ,"Esquire Financial Holdings, Inc. - Common Stock",S,N,N,NASDAQ
ETON,"Eton Pharmaceuticals, Inc. - Common Stock",G,N,N,NASDAQ
ETS,Elite Express Holding Inc. - Class A Common Stock,S,N,N,NASDAQ
EU,enCore Energy Corp. - Common Stock,S,N,N,NASDAQ
EVCM,EverCommerce Inc. - Common Stock,Q,N,N,NASDAQ
EVER,"EverQuote, Inc. - Class A Common Stock",G,N,N,NASDAQ
EVGO,EVgo Inc. - Common Stock,Q,N,N,NASDAQ
EVGOW,"EVgo Inc. - Warrants, each whole warrant exercisable for one share of Class A Common Stock at an exercise price of $11.50",Q,N,N,NASDAQ
EVLV,"Evolv Technologies Holdings, Inc. - Class A Common Stock",S,N,N,NASDAQ
EVRG,"Evergy, Inc. - Common Stock",Q,N,N,NASDAQ
EVTV,"Envirotech Vehicles, Inc. - Common stock",S,N,N,NASDAQ
EWBC,"East West Bancorp, Inc. - Common Stock",Q,N,N,NASDAQ
EWTX,"Edgewise Therapeutics, Inc. - Common Stock",Q,N,N,NASDAQ
EXC,Exelon Corporation - Common Stock,Q,N,N,NASDAQ
EXE,Expand Energy Corporation - Common Stock,Q,N,N,NASDAQ
EXEL,"Exelixis, Inc. - Common Stock",Q,N,N,NASDAQ
EXFY,"Expensify, Inc. - Class A Common Stock",Q,N,N,NASDAQ
EXLS,"ExlService Holdings, Inc. - Common Stock",Q,N,N,NASDAQ
EXOZ,eXoZymes Inc. - Common Stock,S,N,N,NASDAQ
EXPE,"Expedia Group, Inc. - Common Stock",Q,N,N,NASDAQ
EXPO,"Exponent, Inc. - Common Stock",Q,N,N,NASDAQ
EXTR,"Extreme Networks, Inc. - Common Stock",Q,N,N,NASDAQ
EXYN,"Exyn Technologies, Inc. - Common Stock",S,N,N,NASDAQ
EYE,"National Vision Holdings, Inc. - Common Stock",Q,N,N,NASDAQ
EYPT,"EyePoint, Inc. - Common Stock",G,N,N,NASDAQ
EZPW,"EZCORP, Inc. - Class A Non-Voting Common Stock",Q,N,N,NASDAQ
EZRA,"Reliance Global Group, Inc. - Common Stock",S,N,N,NASDAQ
FA,First Advantage Corporation - Common Stock,Q,N,N,NASDAQ
FABC,"Fabric.AI, Inc. - Common Stock",S,N,N,NASDAQ
FAC,Factorial Energy Inc. - Class A Common Stock,S,N,N,NASDAQ
FANG,"Diamondback Energy, Inc. - Common Stock",Q,N,N,NASDAQ
FAST,Fastenal Company - Common Stock,Q,N,N,NASDAQ
FATE,"Fate Therapeutics, Inc. - Common Stock",G,N,N,NASDAQ
FATN,"FatPipe, Inc. - common stock",S,N,N,NASDAQ
FBIO,"Fortress Biotech, Inc. - Common Stock",S,N,N,NASDAQ
FBIZ,"First Business Financial Services, Inc. - Common Stock",Q,N,N,NASDAQ
FBLA,"FB Bancorp, Inc. - Common Stock",S,N,N,NASDAQ
FBLG,"FibroBiologics, Inc. - Common Stock",S,N,N,NASDAQ
FBNC,First Bancorp - Common Stock,Q,N,N,NASDAQ
FBRX,"Forte Biosciences, Inc.  - Common Stock",S,N,N,NASDAQ
FBYD,"Falcon's Beyond Global, Inc. - Class A Common Stock",G,N,N,NASDAQ
FCAP,"First Capital, Inc. - Common Stock",S,N,N,NASDAQ
FCBC,"First Community Bankshares, Inc. - Common Stock",Q,N,N,NASDAQ
FCCO,First Community Corporation - Common Stock,S,N,N,NASDAQ
FCEL,"FuelCell Energy, Inc. - Common Stock",G,N,N,NASDAQ
FCFS,"FirstCash Holdings, Inc. - Common Stock",Q,N,N,NASDAQ
FCNCA,"First Citizens BancShares, Inc. - Class A Common Stock",Q,N,N,NASDAQ
FCUV,Focus Universal Inc. - Common Stock,S,N,N,NASDAQ
FDBC,"Fidelity D & D Bancorp, Inc. - Common Stock",G,N,N,NASDAQ
FDMT,"4D Molecular Therapeutics, Inc. - Common Stock",Q,N,N,NASDAQ
FDSB,"Fifth District Bancorp, Inc. - Common Stock",S,N,N,NASDAQ
FEAM,"5E Advanced Materials, Inc. - Common Stock",Q,N,N,NASDAQ
FEED,"ENvue Medical, Inc. - Common Stock",S,N,N,NASDAQ
FEIM,"Frequency Electronics, Inc. - Common Stock",G,N,N,NASDAQ
FELE,"Franklin Electric Co., Inc. - Common Stock",Q,N,N,NASDAQ
FEMY,Femasys Inc. - Common Stock,S,N,N,NASDAQ
FENC,Fennec Pharmaceuticals Inc. - Common Stock,S,N,N,NASDAQ
FFAI,Faraday Future Intelligent Electric Inc. - Class A Common Stock,S,N,N,NASDAQ
FFBC,First Financial Bancorp. - Common Stock,Q,N,N,NASDAQ
FFIN,"First Financial Bankshares, Inc. - Common Stock",Q,N,N,NASDAQ
FFIV,"F5, Inc. - Common Stock",Q,N,N,NASDAQ
FGBI,"First Guaranty Bancshares, Inc. - Common Stock",G,N,N,NASDAQ
FGMC,FG Merger II Corp. - Common stock,G,N,N,NASDAQ
FGNX,FG Nexus Inc. - Common Stock,G,N,N,NASDAQ
FHB,"First Hawaiian, Inc. - Common Stock",Q,N,N,NASDAQ
FHTX,Foghorn Therapeutics Inc. - Common Stock,G,N,N,NASDAQ
FIBK,"First Interstate BancSystem, Inc. - Common Stock",Q,N,N,NASDAQ
FIEE,"FiEE, Inc - Common Stock",S,N,N,NASDAQ
FIGR,"Figure Technology Solutions, Inc. - Class A Common Stock",Q,N,N,NASDAQ
FINW,FinWise Bancorp - Common Stock,G,N,N,NASDAQ
FIP,FTAI Infrastructure Inc. - Common Stock,Q,N,N,NASDAQ
FISI,"Financial Institutions, Inc. - Common Stock",Q,N,N,NASDAQ
FISN,"Deep Fission, Inc. - Common Stock",G,N,N,NASDAQ
FISV,"Fiserv, Inc. - Common Stock",Q,N,N,NASDAQ
FIVE,"Five Below, Inc. - Common Stock",Q,N,N,NASDAQ
FIVN,"Five9, Inc. - Common Stock",G,N,N,NASDAQ
FIZZ,National Beverage Corp. - Common Stock,Q,N,N,NASDAQ
FKWL,Franklin Wireless Corp. - common stock,S,N,N,NASDAQ
FLD,"Fold Holdings, Inc. - Class A Common Stock",S,N,N,NASDAQ
FLGT,"Fulgent Genetics, Inc. - Common Stock",G,N,N,NASDAQ
FLL,"Full House Resorts, Inc. - Common Stock",S,N,N,NASDAQ
FLNA,"Filana Therapeutics, Inc. - Common Stock",S,N,N,NASDAQ
FLNC,"Fluence Energy, Inc. - Class A Common Stock",Q,N,N,NASDAQ
FLNT,"Fluent, Inc. - Common Stock",S,N,N,NASDAQ
FLUX,"Flux Power Holdings, Inc. - Common Stock",S,N,N,NASDAQ
FLWS,"1-800-FLOWERS.COM, Inc. - Class A Common Stock",Q,N,N,NASDAQ
FLXS,"Flexsteel Industries, Inc. - Common Stock",Q,N,N,NASDAQ
FLY,Firefly Aerospace Inc. - Common Stock,G,N,N,NASDAQ
FLYE,"Fly-E Group, Inc. - Common Stock",S,N,N,NASDAQ
FLYW,Flywire Corporation - Voting Common Stock,Q,N,N,NASDAQ
FLZH,"Flash Sports & Media Holdings, Inc. - Common Stock",S,N,N,NASDAQ
FMAO,"Farmers & Merchants Bancorp, Inc. - Common Stock",S,N,N,NASDAQ
FMBH,"First Mid Bancshares, Inc. - Common Stock",G,N,N,NASDAQ
FMNB,Farmers National Banc Corp. - Common Stock,S,N,N,NASDAQ
FNGR,"FingerMotion, Inc. - common stock",S,N,N,NASDAQ
FNKO,"Funko, Inc. - Class A Common Stock",Q,N,N,NASDAQ
FNLC,"First Bancorp, Inc (ME) - Common Stock",Q,N,N,NASDAQ
FNRN,First Northern Community Bancorp - Common stock,S,N,N,NASDAQ
FNWB,First Northwest Bancorp - Common Stock,G,N,N,NASDAQ
FNWD,Finward Bancorp - common stock,S,N,N,NASDAQ
FORM,"FormFactor, Inc. - Common Stock",Q,N,N,NASDAQ
FORR,"Forrester Research, Inc. - Common Stock",Q,N,N,NASDAQ
FOSL,"Fossil Group, Inc. - Common Stock",Q,N,N,NASDAQ
FOX,Fox Corporation - Class B Common Stock,Q,N,N,NASDAQ
FOXA,Fox Corporation - Class A Common Stock,Q,N,N,NASDAQ
FOXF,Fox Factory Holding Corp. - Common Stock,Q,N,N,NASDAQ
FOXX,Foxx Development Holdings Inc. - Common Stock,S,N,N,NASDAQ
FRAF,Franklin Financial Services Corporation - Common Stock,S,N,N,NASDAQ
FRBA,First Bank  - Common Stock,G,N,N,NASDAQ
FRBT,"Forbright, Inc. - Class A Common Stock",Q,N,N,NASDAQ
FRD,Friedman Industries Inc. - Common Stock,Q,N,N,NASDAQ
FRHC,Freedom Holding Corp. - Common Stock,S,N,N,NASDAQ
FRME,First Merchants Corporation - Common Stock,Q,N,N,NASDAQ
FRMI,Fermi Inc. - Common Stock,Q,N,N,NASDAQ
FRMM,"Forum Markets, Incorporated - Common Stock",S,N,N,NASDAQ
FRPH,"FRP Holdings, Inc. - Common Stock",Q,N,N,NASDAQ
FRPT,"Freshpet, Inc. - Common Stock",G,N,N,NASDAQ
FRSH,Freshworks Inc. - Class A Common Stock,Q,N,N,NASDAQ
FRST,Primis Financial Corp. - Common Stock,G,N,N,NASDAQ
FRVO,Fervo Energy Company - Class A common stock,Q,N,N,NASDAQ
FSBC,Five Star Bancorp - Common Stock,Q,N,N,NASDAQ
FSBW,"FS Bancorp, Inc. - Common Stock",S,N,N,NASDAQ
FSEA,"First Seacoast Bancorp, Inc. - Common Stock",S,N,N,NASDAQ
FSLR,"First Solar, Inc. - Common Stock",Q,N,N,NASDAQ
FSLY,"Fastly, Inc. - Class A Common Stock",Q,N,N,NASDAQ
FSTR,L.B. Foster Company - Common Stock,Q,N,N,NASDAQ
FSUN,FirstSun Capital Bancorp - Common Stock,Q,N,N,NASDAQ
FTAI,FTAI Aviation Ltd. - Common Stock,Q,N,N,NASDAQ
FTCI,"FTC Solar, Inc. - Common Stock",S,N,N,NASDAQ
FTDR,"Frontdoor, Inc. - Common Stock",Q,N,N,NASDAQ
FTEK,"Fuel Tech, Inc. - Common Stock",S,N,N,NASDAQ
FTFT,Future FinTech Group Inc. - Common Stock,S,N,N,NASDAQ
FTH,"Faeth Therapeutics, Inc.  - Common Stock",S,N,N,NASDAQ
FTHM,Fathom Holdings Inc. - Common Stock,S,N,N,NASDAQ
FTLF,"FitLife Brands, Inc. - Common Stock",S,N,N,NASDAQ
FTNT,"Fortinet, Inc. - Common Stock",Q,N,N,NASDAQ
FTRE,Fortrea Holdings Inc. - Common Stock,Q,N,N,NASDAQ
FULC,"Fulcrum Therapeutics, Inc. - Common Stock",G,N,N,NASDAQ
FULT,Fulton Financial Corporation - Common Stock,Q,N,N,NASDAQ
FUNC,First United Corporation - Common Stock,Q,N,N,NASDAQ
FUSB,"First US Bancshares, Inc. - Common Stock",S,N,N,NASDAQ
FUSE,Fusemachines Inc. - Common stock,G,N,N,NASDAQ
FVCB,"FVCBankcorp, Inc. - Common Stock",S,N,N,NASDAQ
FWDI,"Forward Industries, Inc. - Common Stock",S,N,N,NASDAQ
FWONA,Liberty Media Corporation - Series A Liberty Formula One Common Stock,Q,N,N,NASDAQ
FWONK,Liberty Media Corporation - Series C Liberty Formula One Common Stock,Q,N,N,NASDAQ
FWRD,Forward Air Corporation - Common Stock,Q,N,N,NASDAQ
FWRG,"First Watch Restaurant Group, Inc. - Common Stock",Q,N,N,NASDAQ
FXNC,First National Corporation - Common Stock,S,N,N,NASDAQ
GABC,"German American Bancorp, Inc. - Common Stock",Q,N,N,NASDAQ
GAIA,"Gaia, Inc. - Class A Common Stock",G,N,N,NASDAQ
GALT,Galectin Therapeutics Inc. - Common Stock,S,N,N,NASDAQ
GAME,"GameSquare Holdings, Inc. - Common stock",S,N,N,NASDAQ
GANX,"Gain Therapeutics, Inc. - Common Stock",G,N,N,NASDAQ
GASS,"StealthGas, Inc. - common stock",Q,N,N,NASDAQ
GBFH,GBank Financial Holdings Inc. - Common Stock,S,N,N,NASDAQ
GCBC,"Greene County Bancorp, Inc. - Common Stock",S,N,N,NASDAQ
GCMG,GCM Grosvenor Inc. - Class A Common Stock,G,N,N,NASDAQ
GCTK,"GlucoTrack, Inc. - Common Stock",S,N,N,NASDAQ
GDC,GD Culture Group Limited - Common Stock,S,N,N,NASDAQ
GDRX,"GoodRx Holdings, Inc. - Class A Common Stock",Q,N,N,NASDAQ
GDYN,"Grid Dynamics Holdings, Inc. - Class A Common Stock",S,N,N,NASDAQ
GEG,"Great Elm Group, Inc.  - Common Stock",Q,N,N,NASDAQ
GEHC,GE HealthCare Technologies Inc. - Common Stock,Q,N,N,NASDAQ
GEMI,"Gemini Space Station, Inc. - Class A Common Stock",Q,N,N,NASDAQ
GEN,Gen Digital Inc. - Common Stock,Q,N,N,NASDAQ
GENB,"Generate Biomedicines, Inc. - Common Stock",Q,N,N,NASDAQ
GENK,"GEN Restaurant Group, Inc. - Class A Common Stock",G,N,N,NASDAQ
GEOS,Geospace Technologies Corporation - Common Stock,Q,N,N,NASDAQ
GERN,Geron Corporation - Common Stock,Q,N,N,NASDAQ
GEVO,"Gevo, Inc. - Common Stock",S,N,N,NASDAQ
GGRP,"The Glimpse Group, Inc. - Common Stock",S,N,N,NASDAQ
GH,"Guardant Health, Inc. - Common Stock",Q,N,N,NASDAQ
GIFT,"Giftify, Inc. - Common Stock",S,N,N,NASDAQ
GIII,"G-III Apparel Group, LTD. - Common Stock",Q,N,N,NASDAQ
GILD,"Gilead Sciences, Inc. - Common Stock",Q,N,N,NASDAQ
GIPR,Generation Income Properties Inc. - Common stock,S,N,N,NASDAQ
GITS,"Global Interactive Technologies, Inc. Common Stock - Common Stock",S,N,N,NASDAQ
GLBS,Globus Maritime Limited - Common Stock,S,N,N,NASDAQ
GLIBA,Liberty Capital Corporation - Series A GCI Group Common Stock,Q,N,N,NASDAQ
GLIBK,Liberty Capital Corporation - Series C GCI Group Common Stock,Q,N,N,NASDAQ
GLND,Greenland Energy Company - Common Stock,G,N,N,NASDAQ
GLOO,"Gloo Holdings, Inc. - Common Stock",Q,N,N,NASDAQ
GLPI,"Gaming and Leisure Properties, Inc. - Common Stock",Q,N,N,NASDAQ
GLSI,"Greenwich LifeSciences, Inc. - Common stock",S,N,N,NASDAQ
GLUE,"Monte Rosa Therapeutics, Inc. - Common Stock",Q,N,N,NASDAQ
GLXY,Galaxy Digital Inc. - Class A common stock,Q,N,N,NASDAQ
GNLN,"Greenlane Holdings, Inc. - Class A Common Stock",S,N,N,NASDAQ
GNLX,Genelux Corporation - Common Stock,S,N,N,NASDAQ
GNPX,"Genprex, Inc. - Common Stock",S,N,N,NASDAQ
GNSS,Genasys Inc. - Common Stock,S,N,N,NASDAQ
GNTX,Gentex Corporation - Common Stock,Q,N,N,NASDAQ
GO,Grocery Outlet Holding Corp. - Common Stock,Q,N,N,NASDAQ
GOAI,Eva Live Inc. - Common Stock,S,N,N,NASDAQ
GOGO,Gogo Inc. - Common Stock,Q,N,N,NASDAQ
GOOGL,Alphabet Inc. - Class A Common Stock,Q,N,N,NASDAQ
GOSS,"Gossamer Bio, Inc. - Common Stock",Q,N,N,NASDAQ
GOVX,"GeoVax Labs, Inc. - Common Stock",S,N,N,NASDAQ
GPRE,"Green Plains, Inc. - Common Stock",Q,N,N,NASDAQ
GPRO,"GoPro, Inc. - Class A Common Stock",Q,N,N,NASDAQ
GRAL,"GRAIL, Inc. - Common Stock",Q,N,N,NASDAQ
GRCE,"Grace Therapeutics, Inc. - Common Stock",S,N,N,NASDAQ
GRDX,GridAI Technologies Corp.  - Common Stock,S,N,N,NASDAQ
GREE,Greenidge Generation Holdings Inc. - Class A Common Stock,Q,N,N,NASDAQ
GRI,"GRI Bio, Inc. - Common Stock",S,N,N,NASDAQ
GRML,Greenland Mines Ltd - Common Stock,S,N,N,NASDAQ
GRNQ,Greenpro Capital Corp. - Common Stock,S,N,N,NASDAQ
GROW,"U.S. Global Investors, Inc. - Class A Common Stock",S,N,N,NASDAQ
GRPN,"Groupon, Inc. - Common Stock",Q,N,N,NASDAQ
GRWG,GrowGeneration Corp. - Common Stock,S,N,N,NASDAQ
GSAT,"Globalstar, Inc. - Common Stock",Q,N,N,NASDAQ
GSBC,"Great Southern Bancorp, Inc. - Common Stock",Q,N,N,NASDAQ
GSHD,"Goosehead Insurance, Inc. - Class A Common Stock",Q,N,N,NASDAQ
GSIT,"GSI Technology, Inc. - Common Stock",Q,N,N,NASDAQ
GT,The Goodyear Tire & Rubber Company - Common Stock,Q,N,N,NASDAQ
GTBP,"GT Biopharma, Inc. - Common Stock",S,N,N,NASDAQ
GTIM,Good Times Restaurants Inc. - Common Stock,S,N,N,NASDAQ
GTLB,GitLab Inc. - Class A Common Stock,Q,N,N,NASDAQ
GTM,ZoomInfo Technologies Inc. - Common Stock,Q,N,N,NASDAQ
GTX,Garrett Motion Inc. - Common Stock,Q,N,N,NASDAQ
GURE,"Gulf Resources, Inc. - Common Stock",S,N,N,NASDAQ
GUTS,"Fractyl Health, Inc. - Common Stock",G,N,N,NASDAQ
GWAV,"Greenwave Technology Solutions, Inc. - Common Stock",S,N,N,NASDAQ
GWRS,"Global Water Resources, Inc. - common stock",G,N,N,NASDAQ
GXAI,Gaxos.ai Inc. - Common Stock,S,N,N,NASDAQ
GYRE,"Gyre Therapeutics, Inc. - Common Stock",S,N,N,NASDAQ
GYRO,"Gyrodyne , LLC - Common Stock",S,N,N,NASDAQ
HAFC,Hanmi Financial Corporation - Common Stock,Q,N,N,NASDAQ
HAIN,"The Hain Celestial Group, Inc. - Common Stock",Q,N,N,NASDAQ
HALO,"Halozyme Therapeutics, Inc. - Common Stock",Q,N,N,NASDAQ
HAPN,"Happen, Inc. - Common Stock",Q,N,N,NASDAQ
HAS,"Hasbro, Inc. - Common Stock",Q,N,N,NASDAQ
HBAN,Huntington Bancshares Incorporated - Common Stock,Q,N,N,NASDAQ
HBCP,"Home Bancorp, Inc. - Common Stock",Q,N,N,NASDAQ
HBIO,"Harvard Bioscience, Inc. - Common Stock",S,N,N,NASDAQ
HBNC,"Horizon Bancorp, Inc. - Common Stock",Q,N,N,NASDAQ
HBT,"HBT Financial, Inc. - Common Stock",Q,N,N,NASDAQ
HCAT,"Health Catalyst, Inc - Common stock",Q,N,N,NASDAQ
HCKT,"The Hackett Group, Inc. - Common Stock",Q,N,N,NASDAQ
HCSG,"Healthcare Services Group, Inc. - Common Stock",Q,N,N,NASDAQ
HCTI,"Healthcare Triangle, Inc. - Common Stock",S,N,N,NASDAQ
HCWB,HCW Biologics Inc. - Common Stock,S,N,N,NASDAQ
HDRN,"Hadron Energy, Inc. - Common Stock",S,N,N,NASDAQ
HDSN,"Hudson Technologies, Inc. - Common Stock",S,N,N,NASDAQ
HELE,Helen of Troy Limited - Common Stock,Q,N,N,NASDAQ
HELP,Cybin Inc. - Common Stock,G,N,N,NASDAQ
HFBL,"Home Federal Bancorp, Inc. of Louisiana - Common Stock",S,N,N,NASDAQ
HFFG,HF Foods Group Inc. - Common Stock,S,N,N,NASDAQ
HFWA,Heritage Financial Corporation - Common Stock,Q,N,N,NASDAQ
HGBL,Heritage Global Inc. - Common Stock,S,N,N,NASDAQ
HHS,"Harte Hanks, Inc. - Common Stock",G,N,N,NASDAQ
HIFS,Hingham Institution for Savings - Common Stock,G,N,N,NASDAQ
HIHO,Highway Holdings Limited - Common Stock,S,N,N,NASDAQ
HIND,"Vyome Holdings, Inc. - Common Stock",S,N,N,NASDAQ
HIT,"Health In Tech, Inc. - Class A Common Stock",S,N,N,NASDAQ
HLIT,Harmonic Inc. - Common Stock,Q,N,N,NASDAQ
HLMN,Hillman Solutions Corp. - Common Stock,G,N,N,NASDAQ
HLNE,Hamilton Lane Incorporated - Class A Common Stock,Q,N,N,NASDAQ
HMH,HMH Holding Inc. - Common Stock,Q,N,N,NASDAQ
HMR,Heidmar Maritime Holdings Corp. - Common Stock,S,N,N,NASDAQ
HNNA,"Hennessy Advisors, Inc. - Common Stock",G,N,N,NASDAQ
HNRG,Hallador Energy Company - Common Stock,S,N,N,NASDAQ
HNST,"The Honest Company, Inc. - Common Stock",Q,N,N,NASDAQ
HNVR,"Hanover Bancorp, Inc. - Common Stock",Q,N,N,NASDAQ
HOFT,Hooker Furnishings Corporation - Common Stock,Q,N,N,NASDAQ
HON,Honeywell International Inc. - Common Stock,Q,N,N,NASDAQ
HONA,Honeywell Aerospace Inc. - Common Stock,Q,N,N,NASDAQ
HOOD,"Robinhood Markets, Inc. - Class A Common Stock",Q,N,N,NASDAQ
HOPE,"Hope Bancorp, Inc. - Common Stock",Q,N,N,NASDAQ
HOUR,"Hour Loop, Inc. - common stock",S,N,N,NASDAQ
HOWL,"Werewolf Therapeutics, Inc. - Common Stock",Q,N,N,NASDAQ
HPK,"HighPeak Energy, Inc. - Common Stock",G,N,N,NASDAQ
HQI,"HireQuest, Inc. - Common Stock",S,N,N,NASDAQ
HQY,"HealthEquity, Inc. - Common Stock",Q,N,N,NASDAQ
HRMY,"Harmony Biosciences Holdings, Inc. - Common Stock",G,N,N,NASDAQ
HROW,"Harrow, Inc. - Common Stock",G,N,N,NASDAQ
HRTX,"Heron Therapeutics, Inc.   - Common Stock",S,N,N,NASDAQ
HRZN,Horizon Technology Finance Corporation - Common Stock,Q,N,N,NASDAQ
HSCS,HeartSciences Inc. - Common Stock,S,N,N,NASDAQ
HSDT,Solana Company - Class A Common Stock,S,N,N,NASDAQ
HSIC,"Henry Schein, Inc. - Common Stock",Q,N,N,NASDAQ
HST,"Host Hotels & Resorts, Inc. - Common Stock",Q,N,N,NASDAQ
HSTM,"HealthStream, Inc. - Common Stock",Q,N,N,NASDAQ
HTCR,"Heartcore Enterprises, Inc. - Common Stock",S,N,N,NASDAQ
HTFL,"Heartflow, Inc. - Common Stock",Q,N,N,NASDAQ
HTLD,"Heartland Express, Inc. - Common Stock",Q,N,N,NASDAQ
HTO,H2O America  - Common Stock,Q,N,N,NASDAQ
HTZ,"Hertz Global Holdings, Inc - Common Stock",Q,N,N,NASDAQ
HUBG,"Hub Group, Inc. - Class A Common Stock",Q,N,N,NASDAQ
HUMA,"Humacyte, Inc. - Common Stock",Q,N,N,NASDAQ
HURA,"TuHURA Biosciences, Inc. - Common Stock",S,N,N,NASDAQ
HURC,"Hurco Companies, Inc. - Common Stock",Q,N,N,NASDAQ
HURN,Huron Consulting Group Inc. - Common Stock,Q,N,N,NASDAQ
HUT,Hut 8 Corp. - Common Stock,Q,N,N,NASDAQ
HWBK,"Hawthorn Bancshares, Inc. - Common Stock",Q,N,N,NASDAQ
HWC,Hancock Whitney Corporation - Common Stock,Q,N,N,NASDAQ
HWH,HWH International Inc. - Common Stock,S,N,N,NASDAQ
HWKN,"Hawkins, Inc. - Common Stock",Q,N,N,NASDAQ
HYFM,"Hydrofarm Holdings Group, Inc. - Common Stock",S,N,N,NASDAQ
HYFT,MindWalk Holdings Corp. - Common Stock,S,N,N,NASDAQ
HYMC,Hycroft Mining Holding Corporation - Class A Common Stock,S,N,N,NASDAQ
HYNE,"Hoyne Bancorp, Inc. - Common Stock",S,N,N,NASDAQ
HYPD,"Hyperion DeFi, Inc. - Common Stock",S,N,N,NASDAQ
HYPR,"Hyperfine, Inc.  - Class A Common Stock",G,N,N,NASDAQ
IART,Integra LifeSciences Holdings Corporation - Common Stock,Q,N,N,NASDAQ
IBAC,IB Acquisition Corp. - Common Stock,S,N,N,NASDAQ
IBCP,Independent Bank Corporation - Common Stock,Q,N,N,NASDAQ
IBIO,"iBio, Inc. - Common Stock",S,N,N,NASDAQ
IBKR,"Interactive Brokers Group, Inc. - Class A Common Stock",Q,N,N,NASDAQ
IBOC,International Bancshares Corporation - Common Stock,Q,N,N,NASDAQ
IBRX,"ImmunityBio, Inc. - Common Stock",Q,N,N,NASDAQ
ICCC,ImmuCell Corporation - Common Stock,S,N,N,NASDAQ
ICFI,"ICF International, Inc. - Common Stock",Q,N,N,NASDAQ
ICMB,"Investcorp Credit Management BDC, Inc. - Common Stock",Q,N,N,NASDAQ
ICON,Icon Energy Corp. - Common stock,S,N,N,NASDAQ
ICU,SeaStar Medical Holding Corporation - Common Stock,S,N,N,NASDAQ
ICUI,"ICU Medical, Inc. - Common Stock",Q,N,N,NASDAQ
IDAI,T Stamp Inc. - Class A Common Stock,S,N,N,NASDAQ
IDCC,"InterDigital, Inc. - Common Stock",Q,N,N,NASDAQ
IDN,"Intellicheck, Inc. - Common Stock",G,N,N,NASDAQ
IDXX,"IDEXX Laboratories, Inc. - Common Stock",Q,N,N,NASDAQ
IDYA,"IDEAYA Biosciences, Inc. - Common Stock",Q,N,N,NASDAQ
IESC,"IES Holdings, Inc. - Common Stock",G,N,N,NASDAQ
IFRX,InflaRx N.V. - Common Stock,Q,N,N,NASDAQ
IHRT,"iHeartMedia, Inc. - Class A Common Stock",Q,N,N,NASDAQ
III,"Information Services Group, Inc. - Common Stock",G,N,N,NASDAQ
IIIV,"i3 Verticals, Inc. - Common Stock",Q,N,N,NASDAQ
IKT,"Inhibikase Therapeutics, Inc. - Common Stock",S,N,N,NASDAQ
ILLR,Triller Group Inc. - Common Stock,S,N,N,NASDAQ
ILMN,"Illumina, Inc. - Common Stock",Q,N,N,NASDAQ
IMA,"ImageneBio, Inc. - Common Stock",S,N,N,NASDAQ
IMDX,Insight Molecular Diagnostics Inc. - Common Stock,S,N,N,NASDAQ
IMKTA,"Ingles Markets, Incorporated - Class A Common Stock",Q,N,N,NASDAQ
IMMR,Immersion Corporation - Common Stock,Q,N,N,NASDAQ
IMMX,"Immix Biopharma, Inc. - Common Stock",S,N,N,NASDAQ
IMNM,"Immunome, Inc. - Common Stock",S,N,N,NASDAQ
IMNN,"Imunon, Inc. - Common Stock",S,N,N,NASDAQ
IMRX,Immuneering Corporation - Class A Common Stock,G,N,N,NASDAQ
IMSR,Terrestrial Energy Inc. - Common Stock,Q,N,N,NASDAQ
IMUX,"Immunic, Inc.  - Common Stock",S,N,N,NASDAQ
IMVT,"Immunovant, Inc.  - Common Stock",Q,N,N,NASDAQ
IMXI,"International Money Express, Inc. - Common Stock",S,N,N,NASDAQ
INAB,"IN8bio, Inc. - Common Stock",S,N,N,NASDAQ
INBK,First Internet Bancorp - Common Stock,Q,N,N,NASDAQ
INBS,Intelligent Bio Solutions Inc.  - Common Stock,S,N,N,NASDAQ
INBX,"Inhibrx Biosciences, Inc. - Common Stock",Q,N,N,NASDAQ
INCY,Incyte Corporation - Common Stock,Q,N,N,NASDAQ
INDB,Independent Bank Corp. - Common Stock,Q,N,N,NASDAQ
INDI,"indie Semiconductor, Inc. - Class A Common Stock",S,N,N,NASDAQ
INDP,"Indaptus Therapeutics, Inc. - Common Stock",S,N,N,NASDAQ
INDV,"Indivior Pharmaceuticals, Inc.  - Common Stock",Q,N,N,NASDAQ
INGN,"Inogen, Inc - Common Stock",Q,N,N,NASDAQ
INHD,Inno Holdings Inc. - Common Stock,S,N,N,NASDAQ
INKT,"MiNK Therapeutics, Inc. - Common Stock",S,N,N,NASDAQ
INMB,INmune Bio Inc. - Common stock,S,N,N,NASDAQ
INNV,InnovAge Holding Corp. - Common Stock,Q,N,N,NASDAQ
INO,"Inovio Pharmaceuticals, Inc. - Common Stock",S,N,N,NASDAQ
INOD,Innodata Inc. - Common Stock,G,N,N,NASDAQ
INSE,"Inspired Entertainment, Inc. - Common Stock",S,N,N,NASDAQ
INSG,Inseego Corp. - Common Stock,Q,N,N,NASDAQ
INSM,Insmed Incorporated - Common Stock,Q,N,N,NASDAQ
INTA,"Intapp, Inc. - Common Stock",Q,N,N,NASDAQ
INTC,Intel Corporation - Common Stock,Q,N,N,NASDAQ
INTG,The Intergroup Corporation - Common Stock,S,N,N,NASDAQ
INTS,"Intensity Therapeutics, Inc. - Common Stock",S,N,N,NASDAQ
INTU,Intuit Inc. - Common Stock,Q,N,N,NASDAQ
INTZ,Intrusion Inc. - Common Stock,S,N,N,NASDAQ
INV,"Innventure, Inc. - Common Stock",G,N,N,NASDAQ
INVA,"Innoviva, Inc. - Common Stock",Q,N,N,NASDAQ
INVE,"Identiv, Inc. - Common Stock",S,N,N,NASDAQ
IONS,"Ionis Pharmaceuticals, Inc. - Common Stock",Q,N,N,NASDAQ
IOSP,Innospec Inc. - Common Stock,Q,N,N,NASDAQ
IOVA,"Iovance Biotherapeutics, Inc. - Common Stock",G,N,N,NASDAQ
IPAR,"Interparfums, Inc. - Common Stock",Q,N,N,NASDAQ
IPDN,"Professional Diversity Network, Inc. - Common Stock",S,N,N,NASDAQ
IPGP,IPG Photonics Corporation - Common Stock,Q,N,N,NASDAQ
IPM,Intelligent Protection Management Corp.  - Common Stock,S,N,N,NASDAQ
IPSC,"Century Therapeutics, Inc. - Common Stock",S,N,N,NASDAQ
IPST,"IP Strategy Holdings, Inc. - Common Stock",S,N,N,NASDAQ
IPW,iPower Inc. - Common Stock,S,N,N,NASDAQ
IPWR,Ideal Power Inc. - Common Stock,S,N,N,NASDAQ
IQST,iQSTEL Inc. - Common Stock,S,N,N,NASDAQ
IRD,"Opus Genetics, Inc. - Common Stock",S,N,N,NASDAQ
IRDM,Iridium Communications Inc - Common Stock,Q,N,N,NASDAQ
IRHO,Iron Horse Acquisitions II Corp. - Common Stock,G,N,N,NASDAQ
IRIX,IRIDEX Corporation - Common Stock,S,N,N,NASDAQ
IRMD,iRadimed Corporation - Common Stock,G,N,N,NASDAQ
IRON,"Disc Medicine, Inc. - Common Stock",G,N,N,NASDAQ
IRTC,"iRhythm Holdings, Inc.  - Common Stock",Q,N,N,NASDAQ
IRWD,"Ironwood Pharmaceuticals, Inc. - Class A Common Stock",Q,N,N,NASDAQ
ISBA,Isabella Bank Corporation - Common stock,S,N,N,NASDAQ
ISPC,iSpecimen Inc. - Common Stock,S,N,N,NASDAQ
ISPR,Ispire Technology Inc. - Common Stock,S,N,N,NASDAQ
ISRG,"Intuitive Surgical, Inc. - Common Stock",Q,N,N,NASDAQ
ISSC,"Innovative Solutions and Support, Inc. - Common Stock",Q,N,N,NASDAQ
ISTR,Investar Holding Corporation - Common Stock,G,N,N,NASDAQ
ITIC,Investors Title Company - Common Stock,Q,N,N,NASDAQ
ITRI,"Itron, Inc. - Common Stock",Q,N,N,NASDAQ
IVDA,"Iveda Solutions, Inc. - Common Stock",S,N,N,NASDAQ
IVF,"INVO Fertility, Inc. - Common Stock",S,N,N,NASDAQ
IVVD,"Invivyd, Inc. - Common Stock",G,N,N,NASDAQ
IXHL,Incannex Healthcare Inc. - Common Stock,S,N,N,NASDAQ
IZEA,"IZEA Worldwide, Inc. - Common Stock",S,N,N,NASDAQ
JACK,Jack In The Box Inc. - Common Stock,Q,N,N,NASDAQ
JAGX,"Jaguar Health, Inc. - Common Stock",S,N,N,NASDAQ
JAKK,"JAKKS Pacific, Inc. - Common Stock",Q,N,N,NASDAQ
JANX,"Janux Therapeutics, Inc. - Common Stock",G,N,N,NASDAQ
JBHT,"J.B. Hunt Transport Services, Inc. - Common Stock",Q,N,N,NASDAQ
JBIO,"Jade Biosciences, Inc. - Common Stock",S,N,N,NASDAQ
JBLU,JetBlue Airways Corporation - Common Stock,Q,N,N,NASDAQ
JBSS,"John B. Sanfilippo & Son, Inc. - Common Stock",Q,N,N,NASDAQ
JCAP,"Jefferson Capital, Inc. - Common Stock",Q,N,N,NASDAQ
JFB,JFB Construction Holdings - Class A Common Stock,S,N,N,NASDAQ
JJSF,J & J Snack Foods Corp. - Common Stock,Q,N,N,NASDAQ
JKHY,"Jack Henry & Associates, Inc. - Common Stock",Q,N,N,NASDAQ
JMSB,"John Marshall Bancorp, Inc. - Common Stock",S,N,N,NASDAQ
JOUT,Johnson Outdoors Inc. - Class A Common Stock,Q,N,N,NASDAQ
JRSH,"Jerash Holdings (US), Inc. - Common Stock",S,N,N,NASDAQ
JRVR,"James River Group Holdings, Inc. - Common Stock",Q,N,N,NASDAQ
JSPR,"Jasper Therapeutics, Inc. - Class A Common Stock",S,N,N,NASDAQ
JTAI,Jet.AI Inc. - Common Stock,S,N,N,NASDAQ
JUNS,"Jupiter Neurosciences, Inc. - Common Stock",S,N,N,NASDAQ
JVA,"Coffee Holding Co., Inc. - Common Stock",S,N,N,NASDAQ
JXG,JX Luxventure Group Inc. - Common Stock,S,N,N,NASDAQ
JYNT,The Joint Corp. - Common Stock,S,N,N,NASDAQ
KALA,"KALA BIO, Inc. - Common Stock",S,N,N,NASDAQ
KALU,Kaiser Aluminum Corporation - Common Stock,Q,N,N,NASDAQ
KARD,"Kardigan, Inc. - Common Stock",G,N,N,NASDAQ
KDK,"Kodiak AI, Inc. - Common Stock",G,N,N,NASDAQ
KDP,Keurig Dr Pepper Inc. - Common Stock,Q,N,N,NASDAQ
KE,"Kimball Electronics, Inc. - Common Stock",Q,N,N,NASDAQ
KEEL,Keel Infrastructure Corp. - Common Stock,G,N,N,NASDAQ
KELYA,"Kelly Services, Inc. - Class A Common Stock",Q,N,N,NASDAQ
KELYB,"Kelly Services, Inc. - Class B Common Stock",Q,N,N,NASDAQ
KEQU,Kewaunee Scientific Corporation - Common Stock,G,N,N,NASDAQ
KFFB,Kentucky First Federal Bancorp - Common Stock,G,N,N,NASDAQ
KG,"Kestrel Group, Ltd. - Common Stock",S,N,N,NASDAQ
KGEI,Kolibri Global Energy Inc. - Common stock,S,N,N,NASDAQ
KHC,The Kraft Heinz Company - Common Stock,Q,N,N,NASDAQ
KIDS,OrthoPediatrics Corp. - Common Stock,G,N,N,NASDAQ
KIDZ,KIDZ AI Inc. - Class B Common Stock,S,N,N,NASDAQ
KINS,"Kingstone Companies, Inc - Common Stock",S,N,N,NASDAQ
KITT,"Nauticus Robotics, Inc. - Common stock",S,N,N,NASDAQ
KLAC,KLA Corporation  - Common Stock,Q,N,N,NASDAQ
KLIC,"Kulicke and Soffa Industries, Inc. - Common Stock",Q,N,N,NASDAQ
KLRA,"Kailera Therapeutics, Inc. - Common stock",Q,N,N,NASDAQ
KLRS,"Kalaris Therapeutics, Inc.  - Common Stock",G,N,N,NASDAQ
KLTR,"Kaltura, Inc. - Common Stock",Q,N,N,NASDAQ
KLXE,"KLX Energy Services Holdings, Inc.  - Common Stock",Q,N,N,NASDAQ
KMB,Kimberly-Clark Corporation - Common Stock,Q,N,N,NASDAQ
KMTS,"Kestra Medical Technologies, Ltd. - Common Stock",Q,N,N,NASDAQ
KOD,Kodiak Sciences Inc - Common Stock,G,N,N,NASDAQ
KOPN,Kopin Corporation - Common Stock,S,N,N,NASDAQ
KOSS,Koss Corporation - Common Stock,S,N,N,NASDAQ
KPLT,"Katapult Holdings, Inc. - Common Stock",G,N,N,NASDAQ
KPRX,"Kiora Pharmaceuticals, Inc.  - Common Stock",S,N,N,NASDAQ
KPTI,Karyopharm Therapeutics Inc. - Common Stock,Q,N,N,NASDAQ
KRMD,"KORU Medical Systems, Inc. - Common Stock",S,N,N,NASDAQ
KRNY,Kearny Financial - Common Stock,Q,N,N,NASDAQ
KROS,"Keros Therapeutics, Inc. - common stock",G,N,N,NASDAQ
KRRO,"Korro Bio, Inc. - Common Stock",S,N,N,NASDAQ
KRT,Karat Packaging Inc. - Common Stock,Q,N,N,NASDAQ
KRUS,"Kura Sushi USA, Inc. - Class A Common Stock",G,N,N,NASDAQ
KRYS,"Krystal Biotech, Inc. - Common Stock",Q,N,N,NASDAQ
KSCP,"Knightscope, Inc. - Class A Common Stock",S,N,N,NASDAQ
KTCC,Key Tronic Corporation - Common Stock,G,N,N,NASDAQ
KTOS,"Kratos Defense & Security Solutions, Inc. - Common Stock",Q,N,N,NASDAQ
KTTA,Pasithea Therapeutics Corp. - Common Stock,S,N,N,NASDAQ
KURA,"Kura Oncology, Inc. - Common Stock",Q,N,N,NASDAQ
KUST,"Kustom Entertainment, Inc. - Common Stock",S,N,N,NASDAQ
KVHI,"KVH Industries, Inc. - Common Stock",Q,N,N,NASDAQ
KYMR,"Kymera Therapeutics, Inc. - Common Stock",G,N,N,NASDAQ
KYNB,"Kyntra Bio, Inc. - Common Stock",Q,N,N,NASDAQ
KYTX,"Kyverna Therapeutics, Inc. - Common Stock",Q,N,N,NASDAQ
LAB,Standard BioTools Inc. - Common Stock,Q,N,N,NASDAQ
LABT,Lakewood-Amedex Biotherapeutics Inc. - Common Stock,S,N,N,NASDAQ
LAKE,"Lakeland Industries, Inc. - Common Stock",G,N,N,NASDAQ
LAMR,Lamar Advertising Company - Class A Common Stock,Q,N,N,NASDAQ
LAND,Gladstone Land Corporation - Common Stock,G,N,N,NASDAQ
LARK,Landmark Bancorp Inc. - Common Stock,G,N,N,NASDAQ
LASE,Laser Photonics Corporation - Common Stock,S,N,N,NASDAQ
LASR,"nLIGHT, Inc. - Common Stock",Q,N,N,NASDAQ
LAUR,"Laureate Education, Inc. - Common Stock",Q,N,N,NASDAQ
LBRDA,Liberty Broadband Corporation - Class A Common Stock,Q,N,N,NASDAQ
LBRDK,Liberty Broadband Corporation - Class C Common Stock,Q,N,N,NASDAQ
LBRX,LB Pharmaceuticals Inc - Common Stock,G,N,N,NASDAQ
LCID,"Lucid Group, Inc. - Common Stock",Q,N,N,NASDAQ
LCNB,LCNB Corporation - Common Stock,S,N,N,NASDAQ
LCUT,"Lifetime Brands, Inc. - Common Stock",Q,N,N,NASDAQ
LE,"Lands' End, Inc. - Common Stock",S,N,N,NASDAQ
LEDS,SemiLEDS Corporation - Common Stock,S,N,N,NASDAQ
LEE,"Lee Enterprises, Incorporated - Common Stock",Q,N,N,NASDAQ
LEGH,Legacy Housing Corporation - Common Stock,Q,N,N,NASDAQ
LENZ,"LENZ Therapeutics, Inc. - Common Stock",Q,N,N,NASDAQ
LESL,"Leslie's, Inc. - Common Stock",Q,N,N,NASDAQ
LEXX,Lexaria Bioscience Corp. - Common Stock,S,N,N,NASDAQ
LFCR,"Lifecore Biomedical, Inc. - Common Stock",Q,N,N,NASDAQ
LFMD,"LifeMD, Inc. - Common Stock",G,N,N,NASDAQ
LFST,"LifeStance Health Group, Inc. - Common Stock",Q,N,N,NASDAQ
LFTO,"Liftoff Mobile, Inc. - Common Stock",Q,N,N,NASDAQ
LFUS,"Littelfuse, Inc. - Common Stock",Q,N,N,NASDAQ
LFVN,Lifevantage Corporation - Common Stock,S,N,N,NASDAQ
LGIH,"LGI Homes, Inc. - Common Stock",Q,N,N,NASDAQ
LGN,Legence Corp. - Class A Common stock,Q,N,N,NASDAQ
LGND,Ligand Pharmaceuticals Incorporated - Common Stock,G,N,N,NASDAQ
LGVN,Longeveron Inc. - Class A Common stock,S,N,N,NASDAQ
LHAI,Linkhome Holdings Inc. - Common stock,S,N,N,NASDAQ
LIDR,"AEye, Inc. - Class A Common Stock",S,N,N,NASDAQ
LIEN,"Chicago Atlantic BDC, Inc. - Common Stock",G,N,N,NASDAQ
LIF,"Life360, Inc. - Common Stock",Q,N,N,NASDAQ
LIFE,Ethos Technologies Inc. - Class A Common Stock,Q,N,N,NASDAQ
LILA,Liberty Latin America Ltd. - Class A Common Stock,Q,N,N,NASDAQ
LILAK,Liberty Latin America Ltd. - Class C Common Stock,Q,N,N,NASDAQ
LIMN,"Liminatus Pharma, Inc. - Class A Common Stock",G,N,N,NASDAQ
LINC,Lincoln Educational Services Corporation - Common Stock,Q,N,N,NASDAQ
LIND,Lindblad Expeditions Holdings Inc.  - Common Stock,S,N,N,NASDAQ
LINE,"Lineage, Inc. - Common Stock",Q,N,N,NASDAQ
LINK,"Interlink Electronics, Inc. - Common Stock",S,N,N,NASDAQ
LIQT,"LiqTech International, Inc. - Common Stock",S,N,N,NASDAQ
LITE,Lumentum Holdings Inc. - Common Stock,Q,N,N,NASDAQ
LITS,"Lite Strategy, Inc. - Common Stock",S,N,N,NASDAQ
LIVE,Live Ventures Incorporated - Common Stock,S,N,N,NASDAQ
LIXT,"Lixte Biotechnology Holdings, Inc. - Common Stock",S,N,N,NASDAQ
LKFN,Lakeland Financial Corporation - Common Stock,Q,N,N,NASDAQ
LKQ,LKQ Corporation - Common Stock,Q,N,N,NASDAQ
LLYVA,"Liberty Live Holdings, Inc. - Series A Liberty Live Group Common Stock",Q,N,N,NASDAQ
LLYVK,"Liberty Live Holdings, Inc. - Series C Liberty Live Group Common Stock",Q,N,N,NASDAQ
LMAT,"LeMaitre Vascular, Inc. - Common Stock",G,N,N,NASDAQ
LMB,"Limbach Holdings, Inc. - Common Stock",S,N,N,NASDAQ
LMFA,"LM Funding America, Inc. - Common Stock",S,N,N,NASDAQ
LMNR,Limoneira Co - Common Stock,Q,N,N,NASDAQ
LMRI,"Lumexa Imaging Holdings, Inc. - Common Stock",Q,N,N,NASDAQ
LNAI,Lunai Bioworks Inc. - Common Stock,S,N,N,NASDAQ
LNSR,"LENSAR, Inc. - Common Stock",S,N,N,NASDAQ
LNT,Alliant Energy Corporation - Common Stock,Q,N,N,NASDAQ
LNTH,"Lantheus Holdings, Inc. - Common Stock",G,N,N,NASDAQ
LNZA,"LanzaTech Global, Inc. - Common Stock",S,N,N,NASDAQ
LOAN,"Manhattan Bridge Capital, Inc - Common Stock",S,N,N,NASDAQ
LOCO,"El Pollo Loco Holdings, Inc. - Common Stock",Q,N,N,NASDAQ
LONA,"LeonaBio, Inc. - Common Stock",S,N,N,NASDAQ
LOOP,"Loop Industries, Inc. - Common Stock",G,N,N,NASDAQ
LOPE,"Grand Canyon Education, Inc. - Common Stock",Q,N,N,NASDAQ
LOVE,The Lovesac Company - Common Stock,G,N,N,NASDAQ
LPCN,Lipocine Inc. - Common Stock,S,N,N,NASDAQ
LPLA,LPL Financial Holdings Inc. - Common Stock,Q,N,N,NASDAQ
LPRO,Open Lending Corporation - Common Stock,G,N,N,NASDAQ
LPSN,"LivePerson, Inc. - Common Stock",Q,N,N,NASDAQ
LPTH,"LightPath Technologies, Inc. - Class A Common Stock",S,N,N,NASDAQ
LQDA,Liquidia Corporation - Common Stock,S,N,N,NASDAQ
LQDT,"Liquidity Services, Inc. - Common Stock",Q,N,N,NASDAQ
LRCX,Lam Research Corporation - Common Stock,Q,N,N,NASDAQ
LRHC,La Rosa Holdings Corp. - Common Stock,S,N,N,NASDAQ
LRMR,"Larimar Therapeutics, Inc. - Common Stock",G,N,N,NASDAQ
LSAK,"Lesaka Technologies, Inc. - Common Stock",Q,N,N,NASDAQ
LSBK,"Lake Shore Bancorp, Inc. - Common Stock",G,N,N,NASDAQ
LSCC,Lattice Semiconductor Corporation - Common Stock,Q,N,N,NASDAQ
LSH,Lakeside Holding Limited - Common Stock,S,N,N,NASDAQ
LSTA,"Lisata Therapeutics, Inc. - Common Stock",S,N,N,NASDAQ
LSTR,"Landstar System, Inc. - Common Stock",Q,N,N,NASDAQ
LTBR,Lightbridge Corporation - Common Stock,S,N,N,NASDAQ
LTRN,Lantern Pharma Inc. - Common Stock,S,N,N,NASDAQ
LTRX,"Lantronix, Inc. - Common Stock",S,N,N,NASDAQ
LUCD,Lucid Diagnostics Inc. - Common Stock,S,N,N,NASDAQ
LUCY,"Innovative Eyewear, Inc. - Common Stock",S,N,N,NASDAQ
LULU,lululemon athletica inc. - Common Stock,Q,N,N,NASDAQ
LUNG,Pulmonx Corporation - Common Stock,Q,N,N,NASDAQ
LUNR,"Intuitive Machines, Inc. - Class A Common Stock",G,N,N,NASDAQ
LVLU,"Lulu's Fashion Lounge Holdings, Inc. - Common Stock",S,N,N,NASDAQ
LVO,"LiveOne, Inc. - Common Stock",S,N,N,NASDAQ
LWAY,"Lifeway Foods, Inc. - Common Stock",G,N,N,NASDAQ
LWLG,"Lightwave Logic, Inc. - Common Stock",S,N,N,NASDAQ
LXEO,"Lexeo Therapeutics, Inc. - Common Stock",G,N,N,NASDAQ
LXRX,"Lexicon Pharmaceuticals, Inc. - Common Stock",S,N,N,NASDAQ
LYEL,"Lyell Immunopharma, Inc. - Common Stock",Q,N,N,NASDAQ
LYFT,"Lyft, Inc. - Class A Common Stock",Q,N,N,NASDAQ
LYTS,LSI Industries Inc. - Common Stock,Q,N,N,NASDAQ
LZ,"LegalZoom.com, Inc. - Common Stock",Q,N,N,NASDAQ
MAKO,Mako Mining Corp - Common Stock,S,N,N,NASDAQ
MAMA,"Mama's Creations, Inc. - Common Stock",S,N,N,NASDAQ
MAMO,Massimo Group - Common Stock,S,N,N,NASDAQ
MANH,"Manhattan Associates, Inc. - Common Stock",Q,N,N,NASDAQ
MAR,Marriott International - Class A Common Stock,Q,N,N,NASDAQ
MARA,"MARA Holdings, Inc. - Common Stock",S,N,N,NASDAQ
MASS,908 Devices Inc. - Common Stock,G,N,N,NASDAQ
MAT,"Mattel, Inc. - Common Stock",Q,N,N,NASDAQ
MATW,Matthews International Corporation - Class A Common Stock,Q,N,N,NASDAQ
MAYS,"J. W. Mays, Inc. - Common Stock",S,N,N,NASDAQ
MAZE,"Maze Therapeutics, Inc. - Common Stock",G,N,N,NASDAQ
MBBC,"Marathon Bancorp, Inc. - Common Stock",S,N,N,NASDAQ
MBIN,Merchants Bancorp - Common Stock,S,N,N,NASDAQ
MBIO,"Mustang Bio, Inc. - Common Stock",S,N,N,NASDAQ
MBLY,Mobileye Global Inc. - Class A Common Stock,Q,N,N,NASDAQ
MBOT,Microbot Medical Inc.  - Common Stock,S,N,N,NASDAQ
MBRX,"Moleculin Biotech, Inc. - Common Stock",S,N,N,NASDAQ
MBUU,"Malibu Boats, Inc. - Common Stock",G,N,N,NASDAQ
MBWM,Mercantile Bank Corporation - Common Stock,Q,N,N,NASDAQ
MBX,"MBX Biosciences, Inc. - Common Stock",Q,N,N,NASDAQ
MCBS,"MetroCity Bankshares, Inc. - Common Stock",Q,N,N,NASDAQ
MCFT,"MasterCraft Boat Holdings, Inc. - Common Stock",G,N,N,NASDAQ
MCHB,Mechanics Bancorp - Class A Common Stock,Q,N,N,NASDAQ
MCHP,Microchip Technology Incorporated - Common Stock,Q,N,N,NASDAQ
MCHX,"Marchex, Inc. - Class B Common Stock",Q,N,N,NASDAQ
MCRB,"Seres Therapeutics, Inc. - Common Stock",Q,N,N,NASDAQ
MCRI,"Monarch Casino & Resort, Inc. - Common Stock",Q,N,N,NASDAQ
MDAI,"Spectral AI, Inc. - Class A Common Stock",S,N,N,NASDAQ
MDB,"MongoDB, Inc. - Class A Common Stock",G,N,N,NASDAQ
MDCX,Medicus Pharma Ltd. - Common Stock,S,N,N,NASDAQ
MDGL,"Madrigal Pharmaceuticals, Inc. - Common Stock",Q,N,N,NASDAQ
MDIA,Mediaco Holding Inc. - Class A Common Stock,S,N,N,NASDAQ
MDLN,Medline Inc. - Class A common stock,Q,N,N,NASDAQ
MDLZ,"Mondelez International, Inc. - Class A Common Stock",Q,N,N,NASDAQ
MDRR,"Medalist Diversified, Inc. - Common Stock",S,N,N,NASDAQ
MDXG,"MiMedx Group, Inc - Common Stock",S,N,N,NASDAQ
MEDP,"Medpace Holdings, Inc. - Common Stock",Q,N,N,NASDAQ
MELI,"MercadoLibre, Inc. - Common Stock",Q,N,N,NASDAQ
MEOH,Methanex Corporation - Common Stock,Q,N,N,NASDAQ
MERC,Mercer International Inc. - Common Stock,Q,N,N,NASDAQ
META,"Meta Platforms, Inc. - Class A Common Stock",Q,N,N,NASDAQ
METC,"Ramaco Resources, Inc. - Class A Common Stock",Q,N,N,NASDAQ
METCB,"Ramaco Resources, Inc. - Class B Common Stock",Q,N,N,NASDAQ
MFIN,Medallion Financial Corp. - Common Stock,Q,N,N,NASDAQ
MFPVV,"Midera Food Processing, Inc. - Common Stock When Issued",Q,N,N,NASDAQ
MGEE,MGE Energy Inc. - Common Stock,Q,N,N,NASDAQ
MGNI,"Magnite, Inc. - Common Stock",Q,N,N,NASDAQ
MGNX,"MacroGenics, Inc. - Common Stock",Q,N,N,NASDAQ
MGPI,"MGP Ingredients, Inc. - Common Stock",Q,N,N,NASDAQ
MGRC,McGrath RentCorp - Common Stock,Q,N,N,NASDAQ
MGRX,"Mangoceuticals, Inc. - Common Stock",S,N,N,NASDAQ
MGX,"Metagenomi Therapeutics, Inc. - Common Stock",Q,N,N,NASDAQ
MGYR,"Magyar Bancorp, Inc. - Common Stock",G,N,N,NASDAQ
MIDD,The Middleby Corporation - Common Stock,Q,N,N,NASDAQ
MIDDV,Middleby Corp. - Common Stock Ex-Distribution When Issued,Q,N,N,NASDAQ
MIND,"MIND Technology, Inc. - Common Stock",S,N,N,NASDAQ
MIRA,"MIRA Pharmaceuticals, Inc. - Common Stock",S,N,N,NASDAQ
MIRM,"Mirum Pharmaceuticals, Inc. - common stock",G,N,N,NASDAQ
MITK,"Mitek Systems, Inc. - Common Stock",S,N,N,NASDAQ
MKSI,MKS Inc. - Common Stock,Q,N,N,NASDAQ
MKTW,"MarketWise, Inc. - Class A Common Stock",G,N,N,NASDAQ
MKTX,"MarketAxess Holdings, Inc. - Common Stock",Q,N,N,NASDAQ
MKZR,"MacKenzie Realty Capital, Inc. - Common Stock",S,N,N,NASDAQ
MLAB,"Mesa Laboratories, Inc. - Common Stock",Q,N,N,NASDAQ
MLCI,Mount Logan Capital Inc. - Common Stock,G,N,N,NASDAQ
MLKN,"MillerKnoll, Inc. - Common Stock",Q,N,N,NASDAQ
MLYS,"Mineralys Therapeutics, Inc. - Common Stock",Q,N,N,NASDAQ
MMED,"MiniMed Group, Inc. - Common Stock",Q,N,N,NASDAQ
MMSI,"Merit Medical Systems, Inc. - Common Stock",Q,N,N,NASDAQ
MNKD,MannKind Corporation - Common Stock,G,N,N,NASDAQ
MNOV,"MediciNova, Inc. - Common Stock",G,N,N,NASDAQ
MNPR,Monopar Therapeutics Inc. - Common Stock,S,N,N,NASDAQ
MNRO,"Monro, Inc.  - Common Stock",Q,N,N,NASDAQ
MNSB,"MainStreet Bancshares, Inc. - Common Stock",S,N,N,NASDAQ
MNST,Monster Beverage Corporation - Common Stock,Q,N,N,NASDAQ
MNTK,"Montauk Renewables, Inc. - Common Stock",S,N,N,NASDAQ
MNTS,Momentus Inc. - Class A Common Stock,S,N,N,NASDAQ
MOBI,"Mobia Medical, Inc. - Common Stock",Q,N,N,NASDAQ
MOBX,"Mobix Labs, Inc. - Class A Common Stock",S,N,N,NASDAQ
MODD,"Modular Medical, Inc. - common stock",S,N,N,NASDAQ
MORN,"Morningstar, Inc. - Common Stock",Q,N,N,NASDAQ
MOVE,"Corvex, Inc. - Common Stock",S,N,N,NASDAQ
MPAA,"Motorcar Parts of America, Inc. - Common Stock",Q,N,N,NASDAQ
MPB,Mid Penn Bancorp - Common Stock,G,N,N,NASDAQ
MPLT,"MapLight Therapeutics, Inc. - Common Stock",Q,N,N,NASDAQ
MPWR,"Monolithic Power Systems, Inc. - Common Stock",Q,N,N,NASDAQ
MQ,"Marqeta, Inc. - Class A Common Stock",Q,N,N,NASDAQ
MRAM,"Everspin Technologies, Inc. - Common Stock",G,N,N,NASDAQ
MRBK,Meridian Corporation - Common Stock,Q,N,N,NASDAQ
MRCY,Mercury Systems Inc - Common Stock,Q,N,N,NASDAQ
MRDN,Meridian Holdings Inc. - Common Stock,S,N,N,NASDAQ
MRKR,"Marker Therapeutics, Inc. - Common Stock",S,N,N,NASDAQ
MRLN,"Merlin, Inc. - Common Stock",G,N,N,NASDAQ
MRNA,"Moderna, Inc. - Common Stock",Q,N,N,NASDAQ
MRTN,"Marten Transport, Ltd. - Common Stock",Q,N,N,NASDAQ
MRVI,"Maravai LifeSciences Holdings, Inc. - Class A common stock",Q,N,N,NASDAQ
MRVL,"Marvell Technology, Inc. - Common Stock",Q,N,N,NASDAQ
MSAI,"MultiSensor AI Holdings, Inc. - Common Stock",S,N,N,NASDAQ
MSBI,"Midland States Bancorp, Inc. - Common Stock",Q,N,N,NASDAQ
MSEX,Middlesex Water Company - Common Stock,Q,N,N,NASDAQ
MSFT,Microsoft Corporation - Common Stock,Q,N,N,NASDAQ
MSGM,Motorsport Games Inc. - Class A Common Stock,S,N,N,NASDAQ
MSLE,Satellos Bioscience Inc. - Common Stock,G,N,N,NASDAQ
MSS,Maison Solutions Inc. - Class A Common Stock,S,N,N,NASDAQ
MSTR,Strategy Inc - Class A Common Stock,Q,N,N,NASDAQ
MTCH,"Match Group, Inc. - Common Stock",Q,N,N,NASDAQ
MTEX,"Mannatech, Incorporated - Common Stock",S,N,N,NASDAQ
MTRX,Matrix Service Company - Common Stock,Q,N,N,NASDAQ
MTSI,"MACOM Technology Solutions Holdings, Inc. - Common Stock",Q,N,N,NASDAQ
MTVA,MetaVia Inc.  - Common Stock,S,N,N,NASDAQ
MU,"Micron Technology, Inc. - Common Stock",Q,N,N,NASDAQ
MVBF,MVB Financial Corp. - Common Stock,S,N,N,NASDAQ
MVIS,"MicroVision, Inc. - Common Stock",G,N,N,NASDAQ
MVST,"Microvast Holdings, Inc. - Common Stock",S,N,N,NASDAQ
MWH,"SOLV Energy, Inc. - Class A common stock",Q,N,N,NASDAQ
MWYN,"Marwynn Holdings, Inc. - Common stock",S,N,N,NASDAQ
MXCT,"MaxCyte, Inc. - Common Stock",Q,N,N,NASDAQ
MXL,"MaxLinear, Inc - Common Stock",Q,N,N,NASDAQ
MYFW,"First Western Financial, Inc. - Common Stock",Q,N,N,NASDAQ
MYGN,"Myriad Genetics, Inc. - Common Stock",Q,N,N,NASDAQ
MYPS,"PLAYSTUDIOS, Inc.  - Class A Common Stock",S,N,N,NASDAQ
MYRG,"MYR Group, Inc. - Common Stock",Q,N,N,NASDAQ
MYSE,"Myseum.AI, Inc. - Common Stock",S,N,N,NASDAQ
MYSZ,"My Size, Inc. - Common Stock",S,N,N,NASDAQ
MZTI,The Marzetti Company - Common Stock,Q,N,N,NASDAQ
NAGE,"Niagen Bioscience, Inc. - Common Stock",S,N,N,NASDAQ
NAII,"Natural Alternatives International, Inc. - Common Stock",G,N,N,NASDAQ
NAKA,Nakamoto Inc. - Common Stock,G,N,N,NASDAQ
NATH,"Nathan's Famous, Inc. - Common Stock",Q,N,N,NASDAQ
NATR,"Nature's Sunshine Products, Inc. - Common Stock",S,N,N,NASDAQ
NAUT,"Nautilus Biotechnology, Inc. - Common Stock",S,N,N,NASDAQ
NAVI,Navient Corporation - Common Stock,Q,N,N,NASDAQ
NAVN,"Navan, Inc. - Class A Common Stock",Q,N,N,NASDAQ
NB,NioCorp Developments Ltd. - Common Stock,G,N,N,NASDAQ
NBBK,"NB Bancorp, Inc. - Common Stock",S,N,N,NASDAQ
NBIX,"Neurocrine Biosciences, Inc. - Common Stock",Q,N,N,NASDAQ
NBN,Northeast Bank - Common Stock,G,N,N,NASDAQ
NBTB,NBT Bancorp Inc. - Common Stock,Q,N,N,NASDAQ
NCMI,"National CineMedia, Inc. - Common Stock",Q,N,N,NASDAQ
NCNO,"nCino, Inc. - Common Stock",Q,N,N,NASDAQ
NCPL,Netcapital Inc. - Common Stock,S,N,N,NASDAQ
NCRA,"Nocera, Inc. - common stock",S,N,N,NASDAQ
NCSM,"NCS Multistage Holdings, Inc. - Common Stock",S,N,N,NASDAQ
NDAQ,"Nasdaq, Inc. - Common Stock",Q,N,N,NASDAQ
NDLS,Noodles & Company - Class A Common Stock,Q,N,N,NASDAQ
NDRA,ENDRA Life Sciences Inc. - Common Stock,S,N,N,NASDAQ
NDSN,Nordson Corporation - Common Stock,Q,N,N,NASDAQ
NECB,"NorthEast Community Bancorp, Inc. - Common Stock",S,N,N,NASDAQ
NEO,"NeoGenomics, Inc. - Common Stock",S,N,N,NASDAQ
NEOG,Neogen Corporation - Common Stock,Q,N,N,NASDAQ
NEON,Neonode Inc. - Common Stock,S,N,N,NASDAQ
NEOV,NeoVolta Inc. - Common Stock,S,N,N,NASDAQ
NEPH,"Nephros, Inc. - Common Stock",S,N,N,NASDAQ
NERV,"Minerva Neurosciences, Inc - Common Stock",S,N,N,NASDAQ
NEUP,Neuphoria Therapeutics Inc. - Common Stock,G,N,N,NASDAQ
NEWT,"NewtekOne, Inc. - Common Stock",G,N,N,NASDAQ
NEXM,NexMetals Mining Corp. - Common Stock,S,N,N,NASDAQ
NEXT,NextDecade Corporation - Common Stock,S,N,N,NASDAQ
NFBK,"Northfield Bancorp, Inc. - Common Stock",Q,N,N,NASDAQ
NFE,New Fortress Energy Inc. - Class A Common Stock,Q,N,N,NASDAQ
NFLX,"Netflix, Inc. - Common Stock",Q,N,N,NASDAQ
NGEN,NervGen Pharma Corp. - Common stock,S,N,N,NASDAQ
NGNE,Neurogene Inc. - Common Stock,G,N,N,NASDAQ
NHP,"National Healthcare Properties, Inc. - Class A Common Stock",G,N,N,NASDAQ
NHTC,Natural Health Trends Corp. - Common Stock,S,N,N,NASDAQ
NIXX,"Nixxy, Inc. - Common Stock",S,N,N,NASDAQ
NKSH,"National Bankshares, Inc. - Common Stock",S,N,N,NASDAQ
NKTR,Nektar Therapeutics - Common Stock,S,N,N,NASDAQ
NKTX,"Nkarta, Inc. - Common Stock",Q,N,N,NASDAQ
NMFC,New Mountain Finance Corporation - Common Stock,Q,N,N,NASDAQ
NMIH,NMI Holdings Inc - Common Stock,G,N,N,NASDAQ
NMRA,"Neumora Therapeutics, Inc. - Common Stock",Q,N,N,NASDAQ
NMRK,"Newmark Group, Inc. - Class A Common Stock",Q,N,N,NASDAQ
NMTC,NeuroOne Medical Technologies Corporation - Common Stock,S,N,N,NASDAQ
NN,NextNav Inc. - Common stock,S,N,N,NASDAQ
NNBR,"NN, Inc. - Common Stock",Q,N,N,NASDAQ
NNE,Nano Nuclear Energy Inc. - common stock,S,N,N,NASDAQ
NODK,"NI Holdings, Inc. - Common Stock",S,N,N,NASDAQ
NOEM,CO2 Energy Transition Corp. - Common Stock,G,N,N,NASDAQ
NOMA,NOMADAR Corp. - Class A Common Stock,S,N,N,NASDAQ
NPCE,"Neuropace, Inc. - Common Stock",G,N,N,NASDAQ
NRC,NRC Health - Common Stock,Q,N,N,NASDAQ
NRDS,"NerdWallet, Inc. - Class A Common Stock",G,N,N,NASDAQ
NRIM,Northrim BanCorp Inc - Common Stock,Q,N,N,NASDAQ
NRIX,"Nurix Therapeutics, Inc. - Common stock",G,N,N,NASDAQ
NRXP,"NRX Pharmaceuticals, Inc. - Common Stock",S,N,N,NASDAQ
NSIT,"Insight Enterprises, Inc. - Common Stock",Q,N,N,NASDAQ
NSPR,InspireMD Inc. - Common Stock,S,N,N,NASDAQ
NSSC,"NAPCO Security Technologies, Inc. - Common Stock",Q,N,N,NASDAQ
NSTS,"NSTS Bancorp, Inc. - Common Stock",S,N,N,NASDAQ
NSYS,Nortech Systems Incorporated - Common Stock,S,N,N,NASDAQ
NTAP,"NetApp, Inc. - Common Stock",Q,N,N,NASDAQ
NTCT,"NetScout Systems, Inc. - Common Stock",Q,N,N,NASDAQ
NTGR,"NETGEAR, Inc. - Common Stock",Q,N,N,NASDAQ
NTHI,"NeOnc Technologies Holdings, Inc. - Common Stock",G,N,N,NASDAQ
NTIC,Northern Technologies International Corporation - Common Stock,G,N,N,NASDAQ
NTLA,"Intellia Therapeutics, Inc. - Common Stock",G,N,N,NASDAQ
NTNX,"Nutanix, Inc. - Class A Common Stock",Q,N,N,NASDAQ
NTRA,"Natera, Inc. - Common Stock",Q,N,N,NASDAQ
NTRB,Nutriband Inc. - Common Stock,S,N,N,NASDAQ
NTRP,"NextTrip, Inc. - Common Stock",S,N,N,NASDAQ
NTRS,Northern Trust Corporation - Common Stock,Q,N,N,NASDAQ
NTSK,"Netskope, Inc. - Class A Common Stock",Q,N,N,NASDAQ
NTWK,NETSOL Technologies Inc. - Common Stock,S,N,N,NASDAQ
NUAI,"New Era Energy & Digital, Inc. - Common Stock",G,N,N,NASDAQ
NUCL,Eagle Nuclear Energy Corp. - Common stock,S,N,N,NASDAQ
NUTR,Nusatrip Incorporated - Common Stock,S,N,N,NASDAQ
NUTX,Nutex Health Inc. - Common Stock,S,N,N,NASDAQ
NUVL,"Nuvalent, Inc. - Class A Common Stock",Q,N,N,NASDAQ
NUWE,"Nuwellis, Inc. - Common Stock",S,N,N,NASDAQ
NVAX,"Novavax, Inc. - Common Stock",Q,N,N,NASDAQ
NVCT,"Nuvectis Pharma, Inc. - Common Stock",S,N,N,NASDAQ
NVDA,NVIDIA Corporation - Common Stock,Q,N,N,NASDAQ
NVEC,NVE Corporation - Common Stock,S,N,N,NASDAQ
NVNO,enVVeno Medical Corporation - Common Stock,S,N,N,NASDAQ
NVTS,Navitas Semiconductor Corporation - Common Stock,G,N,N,NASDAQ
NVVE,Nuvve Holding Corp. - Common Stock,S,N,N,NASDAQ
NWBI,"Northwest Bancshares, Inc. - Common Stock",Q,N,N,NASDAQ
NWE,"NorthWestern Energy Group, Inc.  - Common Stock",Q,N,N,NASDAQ
NWFL,Norwood Financial Corp. - Common Stock,G,N,N,NASDAQ
NWL,Newell Brands Inc. - Common Stock,Q,N,N,NASDAQ
NWPX,"NWPX Infrastructure, Inc. - Common Stock",Q,N,N,NASDAQ
NWS,News Corporation - Class B Common Stock,Q,N,N,NASDAQ
NWSA,News Corporation - Class A Common Stock,Q,N,N,NASDAQ
NWTG,"Newton Golf Company, Inc. - Common Stock",S,N,N,NASDAQ
NXGL,"NexGel, Inc - Common Stock",S,N,N,NASDAQ
NXL,"Nexalin Technology, Inc. - Common Stock",S,N,N,NASDAQ
NXPI,NXP Semiconductors N.V. - Common Stock,Q,N,N,NASDAQ
NXPL,NextPlat Corp - Common Stock,S,N,N,NASDAQ
NXST,"Nexstar Media Group, Inc. - Common Stock",Q,N,N,NASDAQ
NXT,Nextpower Inc. - Class A Common Stock,Q,N,N,NASDAQ
NXTC,"NextCure, Inc. - Common Stock",Q,N,N,NASDAQ
NXTS,Nexentis Technologies Inc. - Common Stock,S,N,N,NASDAQ
NXXT,"NextNRG, Inc. - Common Stock",S,N,N,NASDAQ
OABI,"OmniAb, Inc. - Common Stock",G,N,N,NASDAQ
OBAI,"Our Bond, Inc. - Common Stock",G,N,N,NASDAQ
OBT,"Orange County Bancorp, Inc. - Common Stock",S,N,N,NASDAQ
OCC,Optical Cable Corporation - Common Stock,G,N,N,NASDAQ
OCFC,OceanFirst Financial Corp. - Common Stock,Q,N,N,NASDAQ
OCGN,"Ocugen, Inc. - Common Stock",S,N,N,NASDAQ
OCUL,"Ocular Therapeutix, Inc. - Common Stock",G,N,N,NASDAQ
ODFL,"Old Dominion Freight Line, Inc. - Common Stock",Q,N,N,NASDAQ
ODTX,"Odyssey Therapeutics, Inc. - Common Stock",S,N,N,NASDAQ
ODYS,Odysight.ai Inc. - Common Stock,S,N,N,NASDAQ
OESX,"Orion Energy Systems, Inc. - Common Stock",S,N,N,NASDAQ
OFIX,Orthofix Medical Inc.  - Common Stock,Q,N,N,NASDAQ
OFLX,"Omega Flex, Inc. - Common Stock",G,N,N,NASDAQ
OKTA,"Okta, Inc. - Class A Common Stock",Q,N,N,NASDAQ
OKUR,"OnKure Therapeutics, Inc. - Class A Common Stock",G,N,N,NASDAQ
OLB,"The OLB Group, Inc. - Common Stock",S,N,N,NASDAQ
OLED,Universal Display Corporation - Common Stock,Q,N,N,NASDAQ
OLLI,"Ollie's Bargain Outlet Holdings, Inc. - Common Stock",G,N,N,NASDAQ
OLMA,"Olema Pharmaceuticals, Inc. - Common Stock",Q,N,N,NASDAQ
OLOX,Olenox Industries Inc. - Common Stock,S,N,N,NASDAQ
OLPX,"Olaplex Holdings, Inc. - Common Stock",Q,N,N,NASDAQ
OM,"Outset Medical, Inc. - Common Stock",Q,N,N,NASDAQ
OMCL,"Omnicell, Inc. - Common Stock",Q,N,N,NASDAQ
OMDA,"Omada Health, Inc. - Common Stock",Q,N,N,NASDAQ
OMER,Omeros Corporation - Common Stock,G,N,N,NASDAQ
OMEX,"Odyssey Marine Exploration, Inc. - Common Stock",S,N,N,NASDAQ
ON,ON Semiconductor Corporation - Common Stock,Q,N,N,NASDAQ
ONB,Old National Bancorp - Common Stock,Q,N,N,NASDAQ
ONCO,"Onconetix, Inc.  - Common Stock",S,N,N,NASDAQ
ONCY,Oncolytics Biotech Inc. - Common Stock,S,N,N,NASDAQ
ONDS,Ondas Inc - Common Stock,S,N,N,NASDAQ
ONEW,OneWater Marine Inc. - Class A Common Stock,G,N,N,NASDAQ
ONFO,Onfolio Holdings Inc. - Common Stock,S,N,N,NASDAQ
ONMD,OneMedNet Corp - Class A Common Stock,S,N,N,NASDAQ
OPAL,OPAL Fuels Inc. - Class A Common Stock,S,N,N,NASDAQ
OPBK,OP Bancorp - Common Stock,G,N,N,NASDAQ
OPCH,"Option Care Health, Inc. - Common Stock",Q,N,N,NASDAQ
OPEN,Opendoor Technologies Inc  - Common Stock,Q,N,N,NASDAQ
OPENL,"Opendoor Technologies Inc  - Series A Warrants, each whole warrant exercisable to purchase one share of Common Stock at an exercise price of $13.00 per warrant",Q,N,N,NASDAQ
OPENW,"Opendoor Technologies Inc  - Series K Warrants, each whole warrant exercisable to purchase one share of Common Stock at an exercise price of $9.00 per warrant",Q,N,N,NASDAQ
OPENZ,"Opendoor Technologies Inc  - Series Z Warrants, each whole warrant exercisable to purchase one share of Common Stock at an exercise price of $17.00 per warrant",Q,N,N,NASDAQ
OPK,"Opko Health, Inc. - Common Stock",Q,N,N,NASDAQ
OPRT,Oportun Financial Corporation - common stock,Q,N,N,NASDAQ
OPRX,OptimizeRx Corporation - Common Stock,S,N,N,NASDAQ
OPTX,"Syntec Optics Holdings, Inc. - Class A Common Stock",S,N,N,NASDAQ
OPXS,"Optex Systems Holdings, Inc. - Common Stock",S,N,N,NASDAQ
ORBS,Eightco Holdings Inc. - Common Stock,S,N,N,NASDAQ
ORGN,"Origin Materials, Inc. - Class A Common Stock",S,N,N,NASDAQ
ORIC,"Oric Pharmaceuticals, Inc. - Common Stock",Q,N,N,NASDAQ
ORKA,"Oruka Therapeutics, Inc. - Common Stock",G,N,N,NASDAQ
ORLY,"O'Reilly Automotive, Inc. - Common Stock",Q,N,N,NASDAQ
ORMP,Oramed Pharmaceuticals Inc. - Common Stock,S,N,N,NASDAQ
ORRF,"Orrstown Financial Services, Inc. - Common Stock",S,N,N,NASDAQ
OSBC,"Old Second Bancorp, Inc. - Common Stock",Q,N,N,NASDAQ
OSIS,"OSI Systems, Inc. - Common Stock",Q,N,N,NASDAQ
OSPN,OneSpan Inc. - Common Stock,S,N,N,NASDAQ
OSRH,"OSR Health, Inc. - Common Stock",S,N,N,NASDAQ
OSS,"One Stop Systems, Inc. - Common Stock",S,N,N,NASDAQ
OSUR,"OraSure Technologies, Inc. - Common Stock",Q,N,N,NASDAQ
OTLK,"Outlook Therapeutics, Inc. - Common Stock",S,N,N,NASDAQ
OTTR,Otter Tail Corporation - Common Stock,Q,N,N,NASDAQ
OUST,"Ouster, Inc. - Common Stock",Q,N,N,NASDAQ
OVBC,Ohio Valley Banc Corp. - Common Stock,G,N,N,NASDAQ
OVID,Ovid Therapeutics Inc. - Common Stock,S,N,N,NASDAQ
OVLY,Oak Valley Bancorp (CA) - Common Stock,S,N,N,NASDAQ
OZK,Bank OZK - Common Stock,Q,N,N,NASDAQ
PACB,"Pacific Biosciences of California, Inc. - Common Stock",Q,N,N,NASDAQ
PAHC,Phibro Animal Health Corporation - Class A Common Stock,G,N,N,NASDAQ
PAL,"Proficient Auto Logistics, Inc. - Common Stock",Q,N,N,NASDAQ
PALI,"Palisade Bio, Inc. - Common Stock",S,N,N,NASDAQ
PAMT,PAMT CORP - Common Stock,G,N,N,NASDAQ
PANL,Pangaea Logistics Solutions Ltd. - Common Stock,S,N,N,NASDAQ
PANW,"Palo Alto Networks, Inc. - Common Stock",Q,N,N,NASDAQ
PARK,"Park Dental Partners, Inc. - Common Stock",S,N,N,NASDAQ
PASG,"Passage Bio, Inc. - Common Stock",S,N,N,NASDAQ
PATK,"Patrick Industries, Inc. - Common Stock",Q,N,N,NASDAQ
PAVM,PAVmed Inc. - Common Stock,S,N,N,NASDAQ
PAYO,Payoneer Global Inc. - Common Stock,G,N,N,NASDAQ
PAYS,"Paysign, Inc. - Common Stock",S,N,N,NASDAQ
PAYX,"Paychex, Inc. - Common Stock",Q,N,N,NASDAQ
PBFS,"Pioneer Bancorp, Inc. - Common Stock",S,N,N,NASDAQ
PBHC,"Pathfinder Bancorp, Inc. - Common Stock",S,N,N,NASDAQ
PBK,PowerBank Corporation - Common Stock,G,N,N,NASDAQ
PBLS,"Parabilis Medicines, Inc. - Common Stock",Q,N,N,NASDAQ
PBYI,Puma Biotechnology Inc - Common Stock,Q,N,N,NASDAQ
PCAR,PACCAR Inc. - Common Stock,Q,N,N,NASDAQ
PCB,PCB Bancorp - Common Stock,Q,N,N,NASDAQ
PCRX,"Pacira BioSciences, Inc. - Common Stock",Q,N,N,NASDAQ
PCSA,"Processa Pharmaceuticals, Inc. - Common Stock",S,N,N,NASDAQ
PCT,"PureCycle Technologies, Inc. - Common stock",S,N,N,NASDAQ
PCTY,Paylocity Holding Corporation - Common Stock,Q,N,N,NASDAQ
PCVX,"Vaxcyte, Inc. - Common Stock",Q,N,N,NASDAQ
PCYO,Pure Cycle Corporation - Common Stock,S,N,N,NASDAQ
PDEX,"Pro-Dex, Inc. - Common Stock",S,N,N,NASDAQ
PDFS,"PDF Solutions, Inc. - Common Stock",Q,N,N,NASDAQ
PDLB,"Ponce Financial Group, Inc. - Common Stock",G,N,N,NASDAQ
PDSB,PDS Biotechnology Corporation - Common Stock,S,N,N,NASDAQ
PDYN,Palladyne AI Corp. - Common stock,G,N,N,NASDAQ
PEBK,"Peoples Bancorp of North Carolina, Inc. - Common Stock",G,N,N,NASDAQ
PEBO,Peoples Bancorp Inc. - Common Stock,Q,N,N,NASDAQ
PECO,"Phillips Edison & Company, Inc. - Common Stock",Q,N,N,NASDAQ
PEGA,Pegasystems Inc. - Common Stock,Q,N,N,NASDAQ
PENG,"Penguin Solutions, Inc. - Common Stock",Q,N,N,NASDAQ
PENN,"PENN Entertainment, Inc. - Common Stock",Q,N,N,NASDAQ
PEP,"PepsiCo, Inc. - Common Stock",Q,N,N,NASDAQ
PEPG,PepGen Inc. - Common Stock,Q,N,N,NASDAQ
PESI,"Perma-Fix Environmental Services, Inc. - Common Stock",S,N,N,NASDAQ
PETS,"PetMed Express, Inc. - Common Stock",Q,N,N,NASDAQ
PFBC,Preferred Bank - Common Stock,Q,N,N,NASDAQ
PFG,Principal Financial Group Inc - Common Stock,Q,N,N,NASDAQ
PFIS,Peoples Financial Services Corp.  - Common Stock,Q,N,N,NASDAQ
PFSA,"Profusa, Inc. - Common Stock",S,N,N,NASDAQ
PFX,PhenixFIN Corporation  - Common Stock,G,N,N,NASDAQ
PGC,Peapack-Gladstone Financial Corporation - Common Stock,Q,N,N,NASDAQ
PGEN,"Precigen, Inc. - Common Stock",Q,N,N,NASDAQ
PGNY,"Progyny, Inc. - Common Stock",Q,N,N,NASDAQ
PHAT,"Phathom Pharmaceuticals, Inc. - Common Stock",Q,N,N,NASDAQ
PHIO,Phio Pharmaceuticals Corp. - Common Stock,S,N,N,NASDAQ
PHUN,"Phunware, Inc. - Common Stock",S,N,N,NASDAQ
PI,"Impinj, Inc. - Common Stock",Q,N,N,NASDAQ
PIII,P3 Health Partners Inc. - Class A Common Stock,S,N,N,NASDAQ
PKBK,"Parke Bancorp, Inc. - Common Stock",S,N,N,NASDAQ
PKOH,Park-Ohio Holdings Corp. - Common Stock,Q,N,N,NASDAQ
PLAB,"Photronics, Inc. - Common Stock",Q,N,N,NASDAQ
PLAY,"Dave & Buster's Entertainment, Inc. - Common Stock",Q,N,N,NASDAQ
PLBC,Plumas Bancorp - Common Stock,S,N,N,NASDAQ
PLBY,"Playboy, Inc. - Common Stock",G,N,N,NASDAQ
PLCE,"Children's Place, Inc. (The) - Common Stock",Q,N,N,NASDAQ
PLMR,"Palomar Holdings, Inc. - Common stock",Q,N,N,NASDAQ
PLPC,Preformed Line Products Company - Common Stock,Q,N,N,NASDAQ
PLRX,"Pliant Therapeutics, Inc. - Common Stock",Q,N,N,NASDAQ
PLSE,"Pulse Biosciences, Inc - Common Stock",S,N,N,NASDAQ
PLTK,Playtika Holding Corp. - Common Stock,Q,N,N,NASDAQ
PLTR,Palantir Technologies Inc. - Class A Common Stock,Q,N,N,NASDAQ
PLUG,"Plug Power, Inc. - Common Stock",S,N,N,NASDAQ
PLUR,Pluri Inc. - Common Stock,S,N,N,NASDAQ
PLUS,ePlus inc. - Common Stock,Q,N,N,NASDAQ
PLXS,Plexus Corp. - Common Stock,Q,N,N,NASDAQ
PLYX,"Polaryx Therapeutics, Inc. - Common Stock",S,N,N,NASDAQ
PMCB,"PharmaCyte  Biotech, Inc. - Common Stock",S,N,N,NASDAQ
PMTS,CPI Card Group Inc. - Common Stock,G,N,N,NASDAQ
PMVP,"PMV Pharmaceuticals, Inc. - Common Stock",Q,N,N,NASDAQ
PNBK,Patriot National Bancorp Inc. - Common Stock,G,N,N,NASDAQ
PNRG,PrimeEnergy Resources Corporation - Common Stock,S,N,N,NASDAQ
PNTG,"The Pennant Group, Inc. - Common Stock",Q,N,N,NASDAQ
POCI,"Precision Optics Corporation, Inc. - Common stock",S,N,N,NASDAQ
PODC,"PodcastOne, Inc. - Common Stock",S,N,N,NASDAQ
PODD,Insulet Corporation - Common Stock,Q,N,N,NASDAQ
POLA,"Polar Power, Inc. - Common Stock",S,N,N,NASDAQ
POOL,Pool Corporation - Common Stock,Q,N,N,NASDAQ
POWI,"Power Integrations, Inc. - Common Stock",Q,N,N,NASDAQ
POWL,"Powell Industries, Inc. - Common Stock",Q,N,N,NASDAQ
POWW,Outdoor Holding Company - Common Stock,S,N,N,NASDAQ
PPC,Pilgrim's Pride Corporation - Common Stock,Q,N,N,NASDAQ
PPCB,"Propanc Biopharma, Inc. - Common Stock",S,N,N,NASDAQ
PPHC,"Public Policy Holding Company, Inc. - Common Stock",G,N,N,NASDAQ
PPIH,"Perma-Pipe International Holdings, Inc. - Common Stock",G,N,N,NASDAQ
PPLI,People Incorporated - Common Stock,Q,N,N,NASDAQ
PPSI,"Pioneer Power Solutions, Inc. - Common Stock",S,N,N,NASDAQ
PRAA,"PRA Group, Inc. - Common Stock",Q,N,N,NASDAQ
PRAX,"Praxis Precision Medicines, Inc. - Common Stock",Q,N,N,NASDAQ
PRCH,"Porch Group, Inc. - Common Stock",S,N,N,NASDAQ
PRCT,PROCEPT BioRobotics Corporation - Common Stock,G,N,N,NASDAQ
PRDO,Perdoceo Education Corporation - Common Stock,Q,N,N,NASDAQ
PRGS,Progress Software Corporation - Common Stock,Q,N,N,NASDAQ
PRHI,"Presurance Holdings, Inc. - Common Stock",S,N,N,NASDAQ
PRLD,Prelude Therapeutics Incorporated - Common Stock,Q,N,N,NASDAQ
PRME,"Prime Medicine, Inc. - Common Stock",G,N,N,NASDAQ
PROF,Profound Medical Corp. - common stock,S,N,N,NASDAQ
PROP,Prairie Operating Co. - Common Stock,S,N,N,NASDAQ
PROV,"Provident Financial Holdings, Inc. - Common Stock",Q,N,N,NASDAQ
PRPL,"Purple Innovation, Inc. - Common Stock",Q,N,N,NASDAQ
PRPO,"Precipio, Inc. - Common Stock",S,N,N,NASDAQ
PRSO,Peraso Inc. - Common Stock,S,N,N,NASDAQ
PRTH,"Priority Technology Holdings, Inc. - Common Stock",S,N,N,NASDAQ
PRTS,"CarParts.com, Inc. - Common Stock",S,N,N,NASDAQ
PRVA,"Privia Health Group, Inc. - Common Stock",Q,N,N,NASDAQ
PSIX,"Power Solutions International, Inc. - Common Stock",S,N,N,NASDAQ
PSKY,Paramount Skydance Corporation - Class B Common Stock,Q,N,N,NASDAQ
PSMT,"PriceSmart, Inc. - Common Stock",Q,N,N,NASDAQ
PSNL,"Personalis, Inc. - Common Stock",G,N,N,NASDAQ
PSTV,"PLUS THERAPEUTICS, Inc. - Common Stock",S,N,N,NASDAQ
PTC,PTC Inc. - Common Stock,Q,N,N,NASDAQ
PTCT,"PTC Therapeutics, Inc. - Common Stock",Q,N,N,NASDAQ
PTEN,"Patterson-UTI Energy, Inc. - Common Stock",Q,N,N,NASDAQ
PTGX,"Protagonist Therapeutics, Inc. - Common Stock",G,N,N,NASDAQ
PTLO,Portillo's Inc. - Class A Common Stock,Q,N,N,NASDAQ
PTN,"Palatin Technologies, Inc. - Common Stock",S,N,N,NASDAQ
PTON,"Peloton Interactive, Inc. - Common Stock",Q,N,N,NASDAQ
PTRN,Pattern Group Inc. - Series A Common Stock,Q,N,N,NASDAQ
PUBM,"PubMatic, Inc. - Class A Common Stock",G,N,N,NASDAQ
PULM,"Pulmatrix, Inc. - Common Stock",S,N,N,NASDAQ
PURR,Hyperliquid Strategies Inc - Common Stock,S,N,N,NASDAQ
PUSA,Aureus Greenway Holdings Inc. - Common Stock,S,N,N,NASDAQ
PVLA,"Palvella Therapeutics, Inc. - Common Stock",G,N,N,NASDAQ
PWP,Perella Weinberg Partners - Class A Common Stock,Q,N,N,NASDAQ
PWRL,Powerlaw Corp. - Common Stock,G,N,N,NASDAQ
PXLW,"Pixelworks, Inc. - Common Stock",S,N,N,NASDAQ
PXS,Pyxis Tankers Inc. - Common Stock,S,N,N,NASDAQ
PYPL,"PayPal Holdings, Inc. - Common Stock",Q,N,N,NASDAQ
PYXS,"Pyxis Oncology, Inc. - Common Stock",Q,N,N,NASDAQ
PZZA,"Papa John's International, Inc. - Common Stock",Q,N,N,NASDAQ
QCLS,"Q/C Technologies, Inc. - Common Stock",S,N,N,NASDAQ
QCOM,QUALCOMM Incorporated - Common Stock,Q,N,N,NASDAQ
QCRH,"QCR Holdings, Inc. - Common Stock",G,N,N,NASDAQ
QDEL,QuidelOrtho Corporation - Common Stock,Q,N,N,NASDAQ
QETA,Quetta Acquisition Corporation - Common Stock,S,N,N,NASDAQ
QLYS,"Qualys, Inc. - Common Stock",Q,N,N,NASDAQ
QMCO,Quantum Corporation - Common Stock,G,N,N,NASDAQ
QNCX,"Quince Therapeutics, Inc. - Common Stock",Q,N,N,NASDAQ
QNST,"QuinStreet, Inc. - Common Stock",Q,N,N,NASDAQ
QNT,Quantinuum Inc. - Class A Common Stock,G,N,N,NASDAQ
QRHC,Quest Resource Holding Corporation - Common Stock,S,N,N,NASDAQ
QRVO,"Qorvo, Inc. - Common Stock",Q,N,N,NASDAQ
QS,QuantumScape Corporation - Common Stock,Q,N,N,NASDAQ
QSI,Quantum-Si Incorporated - Class A Common Stock,G,N,N,NASDAQ
QTI,"QT Imaging Holdings, Inc. - Common Stock",S,N,N,NASDAQ
QTRX,Quanterix Corporation - Common Stock,G,N,N,NASDAQ
QTTB,Q32 Bio Inc. - Common Stock,S,N,N,NASDAQ
QUBT,Quantum Computing Inc. - Common Stock,S,N,N,NASDAQ
QUIK,QuickLogic Corporation - Common Stock,S,N,N,NASDAQ
QXL,Quantum X Labs Inc. - Common Stock,S,N,N,NASDAQ
RAIL,"Freightcar America, Inc. - Common Stock",Q,N,N,NASDAQ
RAIN,"Rain Enhancement Technologies Holdco, Inc. - Class A Common Stock",S,N,N,NASDAQ
RANI,"Rani Therapeutics Holdings, Inc. - Class A Common Stock",G,N,N,NASDAQ
RAPP,"Rapport Therapeutics, Inc. - Common Stock",G,N,N,NASDAQ
RARE,Ultragenyx Pharmaceutical Inc. - Common Stock,Q,N,N,NASDAQ
RAVE,"Rave Restaurant Group, Inc. - Common Stock",S,N,N,NASDAQ
RBB,RBB Bancorp - Common Stock,Q,N,N,NASDAQ
RBBN,Ribbon Communications Inc.  - Common Stock,Q,N,N,NASDAQ
RBCAA,"Republic Bancorp, Inc. - Class A Common Stock",Q,N,N,NASDAQ
RBKB,"Rhinebeck Bancorp, Inc. - Common Stock",S,N,N,NASDAQ
RBNE,Robin Energy Ltd. - Common Stock,S,N,N,NASDAQ
RCAT,"Red Cat Holdings, Inc. - Common Stock",S,N,N,NASDAQ
RCEL,"Avita Medical, Inc. - Common Stock",S,N,N,NASDAQ
RCKT,"Rocket Pharmaceuticals, Inc. - Common Stock",G,N,N,NASDAQ
RCKY,"Rocky Brands, Inc. - Common Stock",Q,N,N,NASDAQ
RCMT,"RCM Technologies, Inc. - Common Stock",G,N,N,NASDAQ
RDI,Reading International Inc - Class A Non-voting Common Stock,S,N,N,NASDAQ
RDIB,Reading International Inc - Class B Voting Common Stock,S,N,N,NASDAQ
RDNT,"RadNet, Inc. - Common Stock",G,N,N,NASDAQ
RDNW,"RideNow Group, Inc. - Class B Common Stock",S,N,N,NASDAQ
RDVT,"Red Violet, Inc. - Common Stock ",S,N,N,NASDAQ
REAL,"The RealReal, Inc. - Common Stock",Q,N,N,NASDAQ
REBN,"Reborn Coffee, Inc. - Common Stock",S,N,N,NASDAQ
REFI,"Chicago Atlantic Real Estate Finance, Inc. - Common Stock",G,N,N,NASDAQ
REFR,Research Frontiers Incorporated - Common Stock,S,N,N,NASDAQ
REG,Regency Centers Corporation - Common Stock,Q,N,N,NASDAQ
REGN,"Regeneron Pharmaceuticals, Inc. - Common Stock",Q,N,N,NASDAQ
REKR,"Rekor Systems, Inc. - Common Stock",S,N,N,NASDAQ
RELL,"Richardson Electronics, Ltd. - Common Stock",Q,N,N,NASDAQ
RELY,"Remitly Global, Inc. - Common stock",Q,N,N,NASDAQ
RENT,"Rent the Runway, Inc. - Class A Common Stock",G,N,N,NASDAQ
RENX,RenX Enterprises Corp. - Common Stock,S,N,N,NASDAQ
REPL,"Replimune Group, Inc. - Common Stock",Q,N,N,NASDAQ
REVB,"Revelation Biosciences, Inc. - Common Stock",S,N,N,NASDAQ
REYN,Reynolds Consumer Products Inc. - Common Stock,Q,N,N,NASDAQ
RFIL,"RF Industries, Ltd. - Common Stock",G,N,N,NASDAQ
RGCO,RGC Resources Inc. - Common Stock,G,N,N,NASDAQ
RGEN,Repligen Corporation - Common Stock,Q,N,N,NASDAQ
RGLD,"Royal Gold, Inc. - Common Stock",Q,N,N,NASDAQ
RGNX,REGENXBIO Inc. - Common Stock,Q,N,N,NASDAQ
RGP,"Resources Connection, Inc. - Common Stock",Q,N,N,NASDAQ
RGS,Regis Corporation - Common Stock,G,N,N,NASDAQ
RGTI,"Rigetti Computing, Inc.  - Common stock",S,N,N,NASDAQ
RICK,"RCI Hospitality Holdings, Inc. - Common Stock",G,N,N,NASDAQ
RIGL,"Rigel Pharmaceuticals, Inc. - Common Stock",Q,N,N,NASDAQ
RILY,"BRC Group Holdings, Inc. - Common Stock",G,N,N,NASDAQ
RIME,"Algorhythm Holdings, Inc. - Common Stock",S,N,N,NASDAQ
RIOT,"Riot Platforms, Inc. - Common Stock",S,N,N,NASDAQ
RIVN,"Rivian Automotive, Inc. - Class A Common Stock",Q,N,N,NASDAQ
RJET,Republic Airways Holdings Inc. - Common Stock,Q,N,N,NASDAQ
RKDA,"Arcadia Biosciences, Inc. - Common Stock",S,N,N,NASDAQ
RKLB,Rocket Lab Corporation - Common Stock,Q,N,N,NASDAQ
RKTO,Rocket One Inc. - Common Stock,S,N,N,NASDAQ
RLAY,"Relay Therapeutics, Inc. - Common Stock",G,N,N,NASDAQ
RLMD,"Relmada Therapeutics, Inc. - Common Stock",S,N,N,NASDAQ
RLYB,Rallybio Corporation - Common Stock,S,N,N,NASDAQ
RMBI,"Richmond Mutual Bancorporation, Inc. - Common Stock",S,N,N,NASDAQ
RMBS,"Rambus, Inc. - Common Stock",Q,N,N,NASDAQ
RMCF,"Rocky Mountain Chocolate Factory, Inc. - Common Stock",S,N,N,NASDAQ
RMCO,Royalty Management Holding Corporation - Class A Common Stock,S,N,N,NASDAQ
RMIX,"Suncrete, Inc. - Class A Common Stock",G,N,N,NASDAQ
RMNI,"Rimini Street, Inc. - Common Stock",G,N,N,NASDAQ
RMR,The RMR Group Inc. - Class A Common Stock,S,N,N,NASDAQ
RMTI,"Rockwell Medical, Inc. - Common Stock",S,N,N,NASDAQ
RNA,"Atrium Therapeutics, Inc. - Common Stock",Q,N,N,NASDAQ
RNAC,"Cartesian Therapeutics, Inc. - Common Stock",G,N,N,NASDAQ
RNAZ,"TransCode Therapeutics, Inc. - Common Stock",S,N,N,NASDAQ
RNTX,"Rein Therapeutics, Inc. - Common Stock",S,N,N,NASDAQ
RNXT,"RenovoRx, Inc. - Common Stock",S,N,N,NASDAQ
ROAD,"Construction Partners, Inc. - Common Stock",Q,N,N,NASDAQ
ROC,Rank One Computing Corporation - Common stock,S,N,N,NASDAQ
ROCK,"Gibraltar Industries, Inc. - Common Stock",Q,N,N,NASDAQ
ROKU,"Roku, Inc. - Class A Common Stock",Q,N,N,NASDAQ
ROOT,"Root, Inc. - Common Stock",Q,N,N,NASDAQ
ROP,"Roper Technologies, Inc. - Common Stock",Q,N,N,NASDAQ
ROST,"Ross Stores, Inc. - Common Stock",Q,N,N,NASDAQ
RPAY,Repay Holdings Corporation - Class A Common Stock,S,N,N,NASDAQ
RPD,"Rapid7, Inc. - Common Stock",G,N,N,NASDAQ
RPID,"Rapid Micro Biosystems, Inc. - Class A Common Stock",S,N,N,NASDAQ
RR,Richtech Robotics Inc. - Class B Common Stock,S,N,N,NASDAQ
RRBI,"Red River Bancshares, Inc. - Common Stock",Q,N,N,NASDAQ
RRGB,"Red Robin Gourmet Burgers, Inc. - Common Stock",Q,N,N,NASDAQ
RRR,"Red Rock Resorts, Inc. - Class A Common Stock",Q,N,N,NASDAQ
RSSS,"Research Solutions, Inc - Common Stock",S,N,N,NASDAQ
RSVR,"Reservoir Media, Inc.. - Common Stock",G,N,N,NASDAQ
RTB,"RTB Digital, Inc. - Common Stock",S,N,N,NASDAQ
RUBI,Rubico Inc. - Common Stock,S,N,N,NASDAQ
RUM,RUM Group Inc. - Class A Common Stock,G,N,N,NASDAQ
RUN,Sunrun Inc. - Common Stock,Q,N,N,NASDAQ
RUSHA,"Rush Enterprises, Inc. - Class A Common Stock",Q,N,N,NASDAQ
RUSHB,"Rush Enterprises, Inc. - Class B Common Stock",Q,N,N,NASDAQ
RVMD,"Revolution Medicines, Inc. - Common Stock",Q,N,N,NASDAQ
RVSB,Riverview Bancorp Inc - Common Stock,Q,N,N,NASDAQ
RWAY,Runway Growth Finance Corp. - Common Stock,Q,N,N,NASDAQ
RXRX,"Recursion Pharmaceuticals, Inc. - Class A Common Stock",Q,N,N,NASDAQ
RXST,"RxSight, Inc. - Common Stock",G,N,N,NASDAQ
RXT,"Rackspace Technology, Inc. - Common Stock",Q,N,N,NASDAQ
RYM,"RYTHM, Inc. - Common Stock",S,N,N,NASDAQ
RYTM,"Rhythm Pharmaceuticals, Inc. - Common Stock",G,N,N,NASDAQ
RZLT,"Rezolute, Inc. - Common Stock (NV)",S,N,N,NASDAQ
SABR,Sabre Corporation - Common Stock,Q,N,N,NASDAQ
SABS,"SAB Biotherapeutics, Inc. - Common Stock",S,N,N,NASDAQ
SAFT,"Safety Insurance Group, Inc. - Common Stock",Q,N,N,NASDAQ
SAFX,"XCF Global, Inc. - Class A Common Stock",S,N,N,NASDAQ
SAIA,"Saia, Inc. - Common Stock",Q,N,N,NASDAQ
SAIC,Science Applications International Corporation - Common Stock,Q,N,N,NASDAQ
SAIL,"SailPoint, Inc. - Common Stock",Q,N,N,NASDAQ
SAMG,Silvercrest Asset Management Group Inc. - Common Stock,G,N,N,NASDAQ
SANA,"Sana Biotechnology, Inc. - Common Stock",Q,N,N,NASDAQ
SANM,Sanmina Corporation - Common Stock,Q,N,N,NASDAQ
SATL,Satellogic Inc. - Class A Common Stock,S,N,N,NASDAQ
SBAC,SBA Communications Corporation - Class A Common Stock,Q,N,N,NASDAQ
SBC,SBC Medical Group Holdings Incorporated - Common Stock,G,N,N,NASDAQ
SBCF,Seacoast Banking Corporation of Florida - Common Stock,Q,N,N,NASDAQ
SBET,"Sharplink, Inc. - Common Stock",S,N,N,NASDAQ
SBFG,"SB Financial Group, Inc. - Common Stock",S,N,N,NASDAQ
SBFM,Sunshine Biopharma Inc. - Common stock,S,N,N,NASDAQ
SBGI,"Sinclair, Inc. - Class A Common Stock",Q,N,N,NASDAQ
SBRA,"Sabra Health Care REIT, Inc. - Common Stock",Q,N,N,NASDAQ
SBUX,Starbucks Corporation - Common Stock,Q,N,N,NASDAQ
SCHL,Scholastic Corporation - Common Stock,Q,N,N,NASDAQ
SCKT,"Socket Mobile, Inc. - Common Stock",S,N,N,NASDAQ
SCLX,Scilex Holding Company - Common Stock,S,N,N,NASDAQ
SCNX,"Scienture Holdings, Inc. - Common Stock",S,N,N,NASDAQ
SCOR,"comScore, Inc. - Common Stock",Q,N,N,NASDAQ
SCSC,"ScanSource, Inc. - Common Stock",Q,N,N,NASDAQ
SCWO,374Water Inc. - common stock,S,N,N,NASDAQ
SCYX,"SCYNEXIS, Inc. - Common Stock",S,N,N,NASDAQ
SDGR,"Schrodinger, Inc. - Common Stock",Q,N,N,NASDAQ
SDHI,Siddhi Acquisition Corp - Class A Common stock,G,N,N,NASDAQ
SDOT,Sadot Group Inc. - Common Stock,S,N,N,NASDAQ
SDST,Stardust Power Inc. - Common Stock,S,N,N,NASDAQ
SEAT,Vivid Seats Inc. - Class A common stock,Q,N,N,NASDAQ
SEDG,"SolarEdge Technologies, Inc. - Common Stock",Q,N,N,NASDAQ
SEER,"Seer, Inc. - Class A Common Stock",Q,N,N,NASDAQ
SEGG,Sports Entertainment Gaming Global Corporation  - Common Stock,G,N,N,NASDAQ
SEIC,SEI Investments Company - Common Stock,Q,N,N,NASDAQ
SELF,"Global Self Storage, Inc. - Common Stock",S,N,N,NASDAQ
SENEA,Seneca Foods Corp. - Class A Common Stock,Q,N,N,NASDAQ
SENEB,Seneca Foods Corp. - Class B Common Stock,Q,N,N,NASDAQ
SENS,"Senseonics Holdings, Inc. - Common Stock",Q,N,N,NASDAQ
SEPN,"Septerna, Inc. - Common Stock",G,N,N,NASDAQ
SERA,"Sera Prognostics, Inc. - Class A Common Stock",G,N,N,NASDAQ
SERV,Serve Robotics Inc. - Common Stock,S,N,N,NASDAQ
SEV,Aptera Motors Corp. - Class B Common Stock,S,N,N,NASDAQ
SEVN,Seven Hills Realty Trust  - Common Stock,S,N,N,NASDAQ
SEZL,Sezzle Inc. - Common Stock,S,N,N,NASDAQ
SFBC,"Sound Financial Bancorp, Inc. - Common Stock",S,N,N,NASDAQ
SFD,"Smithfield Foods, Inc. - Common Stock",Q,N,N,NASDAQ
SFIX,"Stitch Fix, Inc. - Class A Common Stock",Q,N,N,NASDAQ
SFM,"Sprouts Farmers Market, Inc. - Common Stock",Q,N,N,NASDAQ
SFNC,Simmons First National Corporation - Common Stock,Q,N,N,NASDAQ
SFST,"Southern First Bancshares, Inc. - Common Stock",G,N,N,NASDAQ
SGA,"Saga Communications, Inc. - Class A Common Stock",G,N,N,NASDAQ
SGC,"Superior Group of Companies, Inc. - Common Stock",G,N,N,NASDAQ
SGHT,"Sight Sciences, Inc. - Common Stock",Q,N,N,NASDAQ
SGLY,Singularity Future Technology Ltd. - Common Stock,S,N,N,NASDAQ
SGMT,Sagimet Biosciences Inc. - Series A Common Stock,G,N,N,NASDAQ
SGP,"SpyGlass Pharma, Inc. - Common Stock",Q,N,N,NASDAQ
SGRP,"SPAR Group, Inc. - Common Stock",S,N,N,NASDAQ
SGRY,"Surgery Partners, Inc. - Common Stock",Q,N,N,NASDAQ
SHAZ,"SharonAI Holdings, Inc. - Class A Common Stock",S,N,N,NASDAQ
SHBI,"Shore Bancshares, Inc. - Common Stock",Q,N,N,NASDAQ
SHC,Sotera Health Company - Common Stock,Q,N,N,NASDAQ
SHEN,Shenandoah Telecommunications Co - Common Stock,Q,N,N,NASDAQ
SHFS,"SHF Holdings, Inc. - Class A Common Stock",S,N,N,NASDAQ
SHIM,Shimmick Corporation - Common Stock,S,N,N,NASDAQ
SHIP,Seanergy Maritime Holdings Corp. - Common Stock,S,N,N,NASDAQ
SHLS,"Shoals Technologies Group, Inc. - Class A Common Stock",G,N,N,NASDAQ
SHOE,"Shoe Station Group, Inc. - Common Stock",Q,N,N,NASDAQ
SHOO,"Steven Madden, Ltd. - Common Stock",Q,N,N,NASDAQ
SHPH,"Shuttle Pharmaceuticals Holdings, Inc. - common stock",S,N,N,NASDAQ
SIBN,"SI-BONE, Inc. - Common Stock",G,N,N,NASDAQ
SIDU,"Sidus Space, Inc. - Class A Common Stock",S,N,N,NASDAQ
SIEB,Siebert Financial Corp. - Common Stock,S,N,N,NASDAQ
SIGA,SIGA Technologies Inc. - Common Stock,G,N,N,NASDAQ
SIGI,"Selective Insurance Group, Inc. - Common Stock",Q,N,N,NASDAQ
SILO,"Silo Pharma, Inc. - Common Stock",S,N,N,NASDAQ
SINT,"SiNtx Technologies, Inc. - Common Stock",S,N,N,NASDAQ
SION,"Sionna Therapeutics, Inc. - Common Stock",G,N,N,NASDAQ
SIRI,SiriusXM Holdings Inc. - Common Stock,Q,N,N,NASDAQ
SITM,SiTime Corporation - Common Stock,G,N,N,NASDAQ
SKIN,SkinHealth Systems Inc. - Class A Common Stock,S,N,N,NASDAQ
SKWD,"Skyward Specialty Insurance Group, Inc. - Common Stock",Q,N,N,NASDAQ
SKYA,"SkyAI, Inc. - Common Stock",S,N,N,NASDAQ
SKYE,"Skye Bioscience, Inc. - Common Stock",S,N,N,NASDAQ
SKYQ,Sky Quarry Inc. - Common Stock,S,N,N,NASDAQ
SKYT,"SkyWater Technology, Inc. - Common Stock",S,N,N,NASDAQ
SKYW,"SkyWest, Inc. - Common Stock",Q,N,N,NASDAQ
SKYX,SKYX Platforms Corp. - Common Stock,S,N,N,NASDAQ
SLAB,"Silicon Laboratories, Inc. - Common Stock",Q,N,N,NASDAQ
SLDB,Solid Biosciences Inc. - Common Stock,Q,N,N,NASDAQ
SLDE,"Slide Insurance Holdings, Inc. - Common Stock",Q,N,N,NASDAQ
SLDP,"Solid Power, Inc. - Class A Common Stock",Q,N,N,NASDAQ
SLE,"Super League Enterprise, Inc. - Common Stock",S,N,N,NASDAQ
SLM,SLM Corporation - Common Stock,Q,N,N,NASDAQ
SLNG,"Stabilis Solutions, Inc. - Common Stock",S,N,N,NASDAQ
SLNH,"Soluna Holdings, Inc. - Common Stock",S,N,N,NASDAQ
SLP,"Simulations Plus, Inc. - Common Stock",Q,N,N,NASDAQ
SLS,"SELLAS Life Sciences Group, Inc.  - Common Stock",S,N,N,NASDAQ
SLSN,"Solesence, Inc. - Common stock",S,N,N,NASDAQ
SMBC,"Southern Missouri Bancorp, Inc. - Common Stock",G,N,N,NASDAQ
SMCI,"Super Micro Computer, Inc. - Common Stock",Q,N,N,NASDAQ
SMID,Smith-Midland Corporation - Common Stock,S,N,N,NASDAQ
SMMT,Summit Therapeutics Inc.  - Common Stock,G,N,N,NASDAQ
SMPL,The Simply Good Foods Company - Common Stock,S,N,N,NASDAQ
SMSI,"Smith Micro Software, Inc. - Common Stock",S,N,N,NASDAQ
SMTC,Semtech Corporation - Common Stock,Q,N,N,NASDAQ
SMTI,Sanara MedTech Inc. - Common Stock,S,N,N,NASDAQ
SMTK,"SmartKem, Inc. - Common Stock",S,N,N,NASDAQ
SMXT,Solarmax Technology Inc. - Common Stock,S,N,N,NASDAQ
SNAL,"Snail, Inc. - Class A Common Stock",S,N,N,NASDAQ
SND,"Smart Sand, Inc. - Common Stock",Q,N,N,NASDAQ
SNDK,Sandisk Corporation - Common Stock When-Issued,Q,N,N,NASDAQ
SNDX,"Syndax Pharmaceuticals, Inc. - Common Stock",Q,N,N,NASDAQ
SNES,"SenesTech, Inc. - Common Stock",S,N,N,NASDAQ
SNEX,StoneX Group Inc. - Common Stock,Q,N,N,NASDAQ
SNFCA,Security National Financial Corporation - Class A Common Stock,G,N,N,NASDAQ
SNGX,"Soligenix, Inc. - Common Stock",S,N,N,NASDAQ
SNOA,"Sonoma Pharmaceuticals, Inc. - Common Stock",S,N,N,NASDAQ
SNPS,"Synopsys, Inc. - Common Stock",Q,N,N,NASDAQ
SNTI,"Senti Biosciences Holdings, Inc. - Common Stock",S,N,N,NASDAQ
SNWV,"SANUWAVE Health, Inc. - Common Stock",G,N,N,NASDAQ
SNYR,Synergy CHC Corp. - Common Stock,S,N,N,NASDAQ
SOBR,"SOBR Safe, Inc. - Common Stock",S,N,N,NASDAQ
SOFI,"SoFi Technologies, Inc.  - Common Stock",Q,N,N,NASDAQ
SOLS,Solstice Advanced Materials Inc. - Common Stock,Q,N,N,NASDAQ
SONM,"DNA X, Inc. - Common Stock",S,N,N,NASDAQ
SONO,"Sonos, Inc. - Common Stock",Q,N,N,NASDAQ
SOTK,Sono-Tek Corporation - Common Stock,S,N,N,NASDAQ
SOUN,"SoundHound AI, Inc. - Class A Common Stock",G,N,N,NASDAQ
SOWG,Sow Good Inc. - Common Stock,S,N,N,NASDAQ
SPAI,Safe Pro Group Inc. - Common Stock,S,N,N,NASDAQ
SPCX,Space Exploration Technologies Corp. - Class A Common Stock,Q,N,N,NASDAQ
SPFI,"South Plains Financial, Inc. - Common Stock",Q,N,N,NASDAQ
SPOK,"Spok Holdings, Inc. - Common Stock",Q,N,N,NASDAQ
SPRB,"Spruce Biosciences, Inc. - Common Stock",S,N,N,NASDAQ
SPRO,"Spero Therapeutics, Inc. - Common Stock",Q,N,N,NASDAQ
SPRY,"ARS Pharmaceuticals, Inc. - Common Stock",G,N,N,NASDAQ
SPSC,"SPS Commerce, Inc. - Common Stock",Q,N,N,NASDAQ
SPT,"Sprout Social, Inc - Class A Common Stock",S,N,N,NASDAQ
SPTX,"Seaport Therapeutics, Inc. - Common Stock",Q,N,N,NASDAQ
SPWH,"Sportsman's Warehouse Holdings, Inc. - Common Stock",Q,N,N,NASDAQ
SPWR,SunPower Inc. - Common Stock,G,N,N,NASDAQ
SQFT,"Presidio Property Trust, Inc. - Class A Common Stock",S,N,N,NASDAQ
SQFTW,"Presidio Property Trust, Inc. - Series A Common Stock Purchase Warrants",S,N,N,NASDAQ
SRBK,"SR Bancorp, Inc. - Common stock",S,N,N,NASDAQ
SRCE,1st Source Corporation - Common Stock,Q,N,N,NASDAQ
SRPT,"Sarepta Therapeutics, Inc. - Common Stock",Q,N,N,NASDAQ
SRRK,Scholar Rock Holding Corporation - Common Stock,Q,N,N,NASDAQ
SRTA,"Strata Critical Medical, Inc. - Class A Common Stock",S,N,N,NASDAQ
SRTS,"Sensus Healthcare, Inc. - Common Stock",S,N,N,NASDAQ
SRZN,"Surrozen, Inc. - Common Stock",S,N,N,NASDAQ
SSBI,Summit State Bank - Common Stock,G,N,N,NASDAQ
SSII,SS Innovations International Inc. - Common Stock,S,N,N,NASDAQ
SSNC,"SS&C Technologies Holdings, Inc. - Common Stock",Q,N,N,NASDAQ
SSP,E.W. Scripps Company (The) - Class A Common Stock,Q,N,N,NASDAQ
SSRM,SSR Mining Inc. - Common Stock,Q,N,N,NASDAQ
SSTI,"SoundThinking, Inc. - Common Stock",S,N,N,NASDAQ
SSYS,"Stratasys, Ltd. - Common Stock",Q,N,N,NASDAQ
STAA,STAAR Surgical Company - Common Stock,G,N,N,NASDAQ
STBA,"S&T Bancorp, Inc. - Common Stock",Q,N,N,NASDAQ
STEP,StepStone Group Inc. - Class A Common Stock,Q,N,N,NASDAQ
STEX,Streamex Corp. - Common Stock,S,N,N,NASDAQ
STGW,Stagwell Inc. - Class A Common Stock,Q,N,N,NASDAQ
STI,"Solidion Technology, Inc. - Common Stock",S,N,N,NASDAQ
STIM,"Neuronetics, Inc. - Common Stock",G,N,N,NASDAQ
STKS,"The ONE Group Hospitality, Inc. - Common Stock",S,N,N,NASDAQ
STLD,"Steel Dynamics, Inc. - Common Stock",Q,N,N,NASDAQ
STOK,"Stoke Therapeutics, Inc. - Common Stock",Q,N,N,NASDAQ
STRA,"Strategic Education, Inc. - Common Stock",Q,N,N,NASDAQ
STRL,"Sterling Infrastructure, Inc. - Common Stock",Q,N,N,NASDAQ
STRO,"Sutro Biopharma, Inc. - Common Stock",G,N,N,NASDAQ
STRR,"Star Equity Holdings, Inc. - Common Stock",Q,N,N,NASDAQ
STRS,Stratus Properties Inc. - Common Stock,Q,N,N,NASDAQ
STRT,STRATTEC SECURITY CORPORATION - Common Stock,G,N,N,NASDAQ
STTK,"Shattuck Labs, Inc. - Common Stock",Q,N,N,NASDAQ
SUIG,Sui Group Holdings Limited - Common Stock,S,N,N,NASDAQ
SUJA,"Suja Life, Inc. - Class A Common Stock",Q,N,N,NASDAQ
SUNE,"SUNation Energy, Inc. - Common Stock",S,N,N,NASDAQ
SUNS,"Sunrise Realty Trust, Inc. - Common Stock",S,N,N,NASDAQ
SUPN,"Supernus Pharmaceuticals, Inc. - Common Stock",G,N,N,NASDAQ
SURG,"SurgePays, Inc. - Common Stock",S,N,N,NASDAQ
SVCO,"Silvaco Group, Inc. - Common Stock",Q,N,N,NASDAQ
SVRA,"Savara, Inc. - Common Stock",Q,N,N,NASDAQ
SVRN,OceanPal Inc. - Common Stock,S,N,N,NASDAQ
SWAG,"Stran & Company, Inc. - Common Stock",S,N,N,NASDAQ
SWBI,"Smith & Wesson Brands, Inc. - Common Stock",Q,N,N,NASDAQ
SWIM,"Latham Group, Inc. - Common Stock",Q,N,N,NASDAQ
SWKS,"Skyworks Solutions, Inc. - Common Stock",Q,N,N,NASDAQ
SWMR,"Swarmer, Inc - common stock",S,N,N,NASDAQ
SXTP,"60 Degrees Pharmaceuticals, Inc. - Common Stock",S,N,N,NASDAQ
SYBT,"Stock Yards Bancorp, Inc. - Common Stock",Q,N,N,NASDAQ
SYM,Symbotic Inc. - Class A Common Stock,G,N,N,NASDAQ
SYNA,Synaptics Incorporated - Common Stock,Q,N,N,NASDAQ
SYPR,"Sypris Solutions, Inc. - Common Stock",G,N,N,NASDAQ
SYRE,"Spyre Therapeutics, Inc. - Common Stock",Q,N,N,NASDAQ
TACT,TransAct Technologies Incorporated - Common Stock,G,N,N,NASDAQ
TALK,"Talkspace, Inc. - Common Stock",S,N,N,NASDAQ
TAOX,Tao Synergies Inc. - Common Stock,S,N,N,NASDAQ
TARA,"Protara Therapeutics, Inc.  - Common Stock",G,N,N,NASDAQ
TARS,"Tarsus Pharmaceuticals, Inc. - Common Stock",Q,N,N,NASDAQ
TASK,"TaskUs, Inc. - Class A Common Stock",Q,N,N,NASDAQ
TAYD,"Taylor Devices, Inc. - Common Stock",S,N,N,NASDAQ
TBBK,"The Bancorp, Inc. - Common Stock",Q,N,N,NASDAQ
TBCH,Turtle Beach Corporation - Common Stock,G,N,N,NASDAQ
TBH,"Brag House Holdings, Inc. - Common Stock",S,N,N,NASDAQ
TBRG,"TruBridge, Inc. - Common Stock",Q,N,N,NASDAQ
TCBI,"Texas Capital Bancshares, Inc. - Common Stock",Q,N,N,NASDAQ
TCBK,TriCo Bancshares - Common Stock,Q,N,N,NASDAQ
TCBS,"Texas Community Bancshares, Inc. - Common Stock",S,N,N,NASDAQ
TCMD,"Tactile Systems Technology, Inc. - Common Stock",G,N,N,NASDAQ
TCRT,"Alaunos Therapeutics, Inc. - Common Stock",S,N,N,NASDAQ
TCRX,"TScan Therapeutics, Inc. - Common Stock",G,N,N,NASDAQ
TCX,Tucows Inc. - Common Stock,S,N,N,NASDAQ
TDUP,ThredUp Inc. - Class A Common Stock,Q,N,N,NASDAQ
TEAD,Teads Holding Co. - Common Stock,Q,N,N,NASDAQ
TEAM,Atlassian Corporation  - Class A Common Stock,Q,N,N,NASDAQ
TECH,Bio-Techne Corp - Common Stock,Q,N,N,NASDAQ
TECX,"Tectonic Therapeutic, Inc. - Common Stock",G,N,N,NASDAQ
TELA,"TELA Bio, Inc. - Common stock",G,N,N,NASDAQ
TELO,"Telomir Pharmaceuticals, Inc. - Common Stock",S,N,N,NASDAQ
TEM,"Tempus AI, Inc. - Class A Common Stock",Q,N,N,NASDAQ
TENB,"Tenable Holdings, Inc. - Common Stock",Q,N,N,NASDAQ
TENX,"Tenax Therapeutics, Inc. - Common Stock",S,N,N,NASDAQ
TER,"Teradyne, Inc. - Common Stock",Q,N,N,NASDAQ
TFSL,TFS Financial Corporation - Common Stock,Q,N,N,NASDAQ
TGL,Treasure Global Inc. - Common Stock,S,N,N,NASDAQ
TGTX,"TG Therapeutics, Inc. - Common Stock",S,N,N,NASDAQ
TH,Target Hospitality Corp. - Common Stock,S,N,N,NASDAQ
THFF,First Financial Corporation  - Common Stock,Q,N,N,NASDAQ
THRM,Gentherm Inc - Common Stock,Q,N,N,NASDAQ
THRY,"Thryv Holdings, Inc. - Common Stock",S,N,N,NASDAQ
TIGO,Millicom International Cellular S.A. - Common Stock,Q,N,N,NASDAQ
TIL,"Instil Bio, Inc. - Common Stock",S,N,N,NASDAQ
TILE,"Interface, Inc. - Common Stock",Q,N,N,NASDAQ
TIPT,Tiptree Inc. - Common Stock,S,N,N,NASDAQ
TITN,Titan Machinery Inc. - Common Stock,Q,N,N,NASDAQ
TKNO,"Alpha Teknova, Inc. - Common Stock",G,N,N,NASDAQ
TLF,"Tandy Leather Factory, Inc. - common stock",S,N,N,NASDAQ
TLN,Talen Energy Corporation - Common Stock,Q,N,N,NASDAQ
TLPH,"Talphera, Inc. - Common Stock",S,N,N,NASDAQ
TLRY,"Tilray Brands, Inc. - Common Stock",Q,N,N,NASDAQ
TLS,Telos Corporation - Common Stock,G,N,N,NASDAQ
TLSI,"TriSalus Life Sciences, Inc. - Common Stock",G,N,N,NASDAQ
TMC,TMC the metals company Inc. - Common Stock,Q,N,N,NASDAQ
TMCI,"Treace Medical Concepts, Inc. - Common Stock",Q,N,N,NASDAQ
TMCR,The Metals Royalty Company Inc. - Common Stock,S,N,N,NASDAQ
TMDX,"TransMedics Group, Inc. - Common Stock",G,N,N,NASDAQ
TMS,Teamshares Inc. - Common Stock,S,N,N,NASDAQ
TMUS,"T-Mobile US, Inc. - Common Stock",Q,N,N,NASDAQ
TNDM,"Tandem Diabetes Care, Inc. - Common Stock",G,N,N,NASDAQ
TNGX,"Tango Therapeutics, Inc. - Common Stock",G,N,N,NASDAQ
TNON,"Tenon Medical, Inc. - Common Stock",S,N,N,NASDAQ
TNXP,Tonix Pharmaceuticals Holding Corp. - Common Stock,Q,N,N,NASDAQ
TNYA,"Tenaya Therapeutics, Inc. - Common Stock",Q,N,N,NASDAQ
TOI,"The Oncology Institute, Inc. - Common Stock",S,N,N,NASDAQ
TOMZ,"TOMI Environmental Solutions, Inc. - Common Stock",S,N,N,NASDAQ
TONX,TON Strategy Company - Common Stock,S,N,N,NASDAQ
TORO,Toro Corp. - Common stock,S,N,N,NASDAQ
TOWN,Towne Bank - Common Stock,Q,N,N,NASDAQ
TPCS,TechPrecision Corporation - Common stock,S,N,N,NASDAQ
TPG,TPG Inc. - Class A Common Stock,Q,N,N,NASDAQ
TPST,"Tempest Therapeutics, Inc. - Common Stock",S,N,N,NASDAQ
TRAW,"Traws Pharma, Inc. - Common Stock",S,N,N,NASDAQ
TRDA,"Entrada Therapeutics, Inc. - Common Stock",G,N,N,NASDAQ
TREE,"LendingTree, Inc. - Common Stock",Q,N,N,NASDAQ
TRIN,Trinity Capital Inc. - Common Stock,Q,N,N,NASDAQ
TRIP,"TripAdvisor, Inc. - Common Stock",Q,N,N,NASDAQ
TRMB,Trimble Inc. - Common Stock,Q,N,N,NASDAQ
TRMD,TORM plc - Class A Common Stock,Q,N,N,NASDAQ
TRMK,Trustmark Corporation - Common Stock,Q,N,N,NASDAQ
TRNR,Interactive Strength Inc. - Common Stock,S,N,N,NASDAQ
TRNS,"Transcat, Inc. - Common Stock",G,N,N,NASDAQ
TRON,Tron Inc. - Common Stock,S,N,N,NASDAQ
TROW,"T. Rowe Price Group, Inc. - Common Stock",Q,N,N,NASDAQ
TRS,TriMas Corporation - Common Stock,Q,N,N,NASDAQ
TRST,TrustCo Bank Corp NY - Common Stock,Q,N,N,NASDAQ
TRUG,"TruGolf Holdings, Inc. - Class A Common Stock",S,N,N,NASDAQ
TRUP,"Trupanion, Inc. - Common Stock",G,N,N,NASDAQ
TRVI,"Trevi Therapeutics, Inc. - Common Stock",G,N,N,NASDAQ
TSBK,"Timberland Bancorp, Inc. - Common Stock",G,N,N,NASDAQ
TSCO,Tractor Supply Company - Common Stock,Q,N,N,NASDAQ
TSHA,"Taysha Gene Therapies, Inc. - Common Stock",Q,N,N,NASDAQ
TSLA,"Tesla, Inc.  - Common Stock",Q,N,N,NASDAQ
TSSI,"TSS, Inc. - Common Stock",S,N,N,NASDAQ
TTAN,"ServiceTitan, Inc. - Class A Common Stock",Q,N,N,NASDAQ
TTD,"The Trade Desk, Inc. - Class A Common Stock",G,N,N,NASDAQ
TTEC,"TTEC Holdings, Inc. - Common Stock",Q,N,N,NASDAQ
TTEK,"Tetra Tech, Inc. - Common Stock",Q,N,N,NASDAQ
TTGT,"TechTarget, Inc. - Common Stock",Q,N,N,NASDAQ
TTMI,"TTM Technologies, Inc. - Common Stock",Q,N,N,NASDAQ
TTRX,Turn Therapeutics Inc. - Common Stock,G,N,N,NASDAQ
TTWO,"Take-Two Interactive Software, Inc. - Common Stock",Q,N,N,NASDAQ
TULP,"Bloomia Holdings, Inc. - Common Stock",S,N,N,NASDAQ
TUSK,"Mammoth Energy Services, Inc. - Common Stock",Q,N,N,NASDAQ
TVGN,Tevogen Bio Holdings Inc. - Common Stock,G,N,N,NASDAQ
TVRD,"Tvardi Therapeutics, Inc. - Common Stock",S,N,N,NASDAQ
TVTX,"Travere Therapeutics, Inc. - Common Stock",G,N,N,NASDAQ
TW,Tradeweb Markets Inc. - Class A Common Stock,Q,N,N,NASDAQ
TWAV,"TaoWeave, Inc. - Common Stock",S,N,N,NASDAQ
TWFG,"TWFG, Inc. - Common Stock",Q,N,N,NASDAQ
TWIN,"Twin Disc, Incorporated - Common Stock",Q,N,N,NASDAQ
TWST,Twist Bioscience Corporation - Common Stock,Q,N,N,NASDAQ
TXG,"10x Genomics, Inc. - Common Stock",Q,N,N,NASDAQ
TXMD,"TherapeuticsMD, Inc. - Common Stock",Q,N,N,NASDAQ
TXN,Texas Instruments Incorporated - Common Stock,Q,N,N,NASDAQ
TXRH,"Texas Roadhouse, Inc. - Common Stock",Q,N,N,NASDAQ
TYGO,"Tigo Energy, Inc. - Common Stock",S,N,N,NASDAQ
TYRA,"Tyra Biosciences, Inc. - Common Stock",Q,N,N,NASDAQ
TZOO,Travelzoo - Common Stock,Q,N,N,NASDAQ
UAL,"United Airlines Holdings, Inc. - Common Stock",Q,N,N,NASDAQ
UBCP,"United Bancorp, Inc. - Common Stock",S,N,N,NASDAQ
UBSI,"United Bankshares, Inc. - Common Stock",Q,N,N,NASDAQ
UCFI,CN Healthy Food Tech Group Corp. - Common Stock,S,N,N,NASDAQ
UCTT,"Ultra Clean Holdings, Inc. - Common Stock",Q,N,N,NASDAQ
UEIC,Universal Electronics Inc. - Common Stock,Q,N,N,NASDAQ
UFCS,"United Fire Group, Inc - Common Stock",Q,N,N,NASDAQ
UFPI,"UFP Industries, Inc. - Common Stock",Q,N,N,NASDAQ
UFPT,"UFP Technologies, Inc. - Common Stock",S,N,N,NASDAQ
UG,"United-Guardian, Inc. - Common Stock",G,N,N,NASDAQ
ULBI,Ultralife Corporation - Common Stock,G,N,N,NASDAQ
ULCC,"Frontier Group Holdings, Inc. - Common Stock",Q,N,N,NASDAQ
ULH,"Universal Logistics Holdings, Inc. - Common Stock",Q,N,N,NASDAQ
ULTA,"Ulta Beauty, Inc. - Common Stock",Q,N,N,NASDAQ
UMBF,UMB Financial Corporation - Common Stock,Q,N,N,NASDAQ
UNB,"Union Bankshares, Inc. - Common Stock",G,N,N,NASDAQ
UNCY,"Unicycive Therapeutics, Inc. - Common Stock",S,N,N,NASDAQ
UNIT,Uniti Group Inc. - Common Stock,Q,N,N,NASDAQ
UNTY,"Unity Bancorp, Inc. - Common Stock",G,N,N,NASDAQ
UONE,"Urban One, Inc.  - Class A Common Stock",S,N,N,NASDAQ
UONEK,"Urban One, Inc.  - Class D Common Stock",S,N,N,NASDAQ
UPB,"Upstream Bio, Inc. - Common Stock",Q,N,N,NASDAQ
UPBD,"Upbound Group, Inc. - Common Stock",Q,N,N,NASDAQ
UPLD,"Upland Software, Inc. - Common Stock",G,N,N,NASDAQ
UPST,"Upstart Holdings, Inc. - Common stock",Q,N,N,NASDAQ
UPWK,Upwork Inc. - Common Stock,Q,N,N,NASDAQ
UPXI,"Upexi, Inc. - Common Stock",S,N,N,NASDAQ
URBN,"Urban Outfitters, Inc. - Common Stock",Q,N,N,NASDAQ
UROY,Uranium Royalty Corp. - Common Stock,S,N,N,NASDAQ
USAR,"USA Rare Earth, Inc. - Common Stock",G,N,N,NASDAQ
USAU,U.S. Gold Corp. - Common Stock,S,N,N,NASDAQ
USCB,"USCB Financial Holdings, Inc.  - Class A Common Stock",G,N,N,NASDAQ
USDE,StablecoinX Inc. - Class A Common Stock,S,N,N,NASDAQ
USEA,United Maritime Corporation - Common Stock,S,N,N,NASDAQ
USGO,U.S. GoldMining Inc. - Common stock,S,N,N,NASDAQ
USIO,"Usio, Inc. - Common Stock",G,N,N,NASDAQ
USLM,"United States Lime & Minerals, Inc. - Common Stock",Q,N,N,NASDAQ
UTHR,United Therapeutics Corporation - Common Stock,Q,N,N,NASDAQ
UTMD,"Utah Medical Products, Inc. - Common Stock",Q,N,N,NASDAQ
UVSP,Univest Financial Corporation - Common Stock,Q,N,N,NASDAQ
VABK,Virginia National Bankshares Corporation - Common Stock,S,N,N,NASDAQ
VALU,"Value Line, Inc. - Common Stock",S,N,N,NASDAQ
VANI,"Vivani Medical, Inc.  - Common Stock",S,N,N,NASDAQ
VBIO,"Valion Bio, Inc. - Common stock",S,N,N,NASDAQ
VC,Visteon Corporation - Common Stock,Q,N,N,NASDAQ
VCEL,Vericel Corporation - Common Stock,G,N,N,NASDAQ
VCTR,"Victory Capital Holdings, Inc. - Common Stock",Q,N,N,NASDAQ
VCYT,"Veracyte, Inc. - Common Stock",G,N,N,NASDAQ
VECO,Veeco Instruments Inc. - Common Stock,Q,N,N,NASDAQ
VEEA,Veea Inc. - Common Stock,S,N,N,NASDAQ
VEEE,Twin Vee PowerCats Co. - Common Stock,S,N,N,NASDAQ
VELO,"Velo3D, Inc. - Common stock",S,N,N,NASDAQ
VERA,"Vera Therapeutics, Inc. - Class A Common Stock",G,N,N,NASDAQ
VERI,"Veritone, Inc. - Common Stock",G,N,N,NASDAQ
VERU,Veru Inc. - Common Stock,S,N,N,NASDAQ
VERX,"Vertex, Inc. - Class A Common Stock",G,N,N,NASDAQ
VGAS,"Verde Clean Fuels, Inc. - Class A Common Stock",S,N,N,NASDAQ
VHC,VirnetX Holding Corp - Common Stock,S,N,N,NASDAQ
VHUB,"VenHub Global, Inc. - Common Stock",G,N,N,NASDAQ
VIAV,Viavi Solutions Inc. - Common Stock,Q,N,N,NASDAQ
VICR,Vicor Corporation - Common Stock,Q,N,N,NASDAQ
VIR,"Vir Biotechnology, Inc. - Common Stock",Q,N,N,NASDAQ
VIRC,Virco Manufacturing Corporation - Common Stock,G,N,N,NASDAQ
VISN,"Vistance Networks, Inc.  - Common Stock",Q,N,N,NASDAQ
VITL,"Vital Farms, Inc. - Common Stock",G,N,N,NASDAQ
VIVK,"Vivakor, Inc. - Common Stock",S,N,N,NASDAQ
VIVS,"VivoSim Labs, Inc. - Common Stock",S,N,N,NASDAQ
VKTX,"Viking Therapeutics, Inc. - Common Stock",S,N,N,NASDAQ
VLGEA,"Village Super Market, Inc. - Class A Common Stock",Q,N,N,NASDAQ
VLY,Valley National Bancorp - Common Stock,Q,N,N,NASDAQ
VMET,Versamet Royalties Corporation - Common Stock,S,N,N,NASDAQ
VNCE,Vince Holding Corp. - Common Stock,S,N,N,NASDAQ
VNDA,Vanda Pharmaceuticals Inc. - Common Stock,G,N,N,NASDAQ
VNOM,"Viper Energy, Inc.  - Class A Common Stock",Q,N,N,NASDAQ
VOR,Vor Biopharma Inc. - Common Stock,Q,N,N,NASDAQ
VOXR,Vox Royalty Corp. - common stock,S,N,N,NASDAQ
VRA,"Vera Bradley, Inc. - Common Stock",Q,N,N,NASDAQ
VRCA,Verrica Pharmaceuticals Inc. - Common Stock,S,N,N,NASDAQ
VRDN,"Viridian Therapeutics, Inc.  - Common Stock",S,N,N,NASDAQ
VREX,Varex Imaging Corporation - Common Stock,Q,N,N,NASDAQ
VRM,"Vroom, Inc. - Common Stock",G,N,N,NASDAQ
VRME,"VerifyMe, Inc. - Common Stock",S,N,N,NASDAQ
VRNS,"Varonis Systems, Inc. - Common Stock",Q,N,N,NASDAQ
VRRM,Verra Mobility Corporation - Class A Common Stock,S,N,N,NASDAQ
VRSK,"Verisk Analytics, Inc. - Common Stock",Q,N,N,NASDAQ
VRSN,"VeriSign, Inc. - Common Stock",Q,N,N,NASDAQ
VRTX,Vertex Pharmaceuticals Incorporated - Common Stock,Q,N,N,NASDAQ
VS,Versus Systems Inc. - Common Stock,S,N,N,NASDAQ
VSAT,"ViaSat, Inc. - Common Stock",Q,N,N,NASDAQ
VSEC,VSE Corporation - Common Stock,Q,N,N,NASDAQ
VSEE,"VSee Health, Inc. - Common Stock",S,N,N,NASDAQ
VSNT,"Versant Media Group, Inc. - Class A Common Stock",Q,N,N,NASDAQ
VSTD,Vestand Inc.  - Class A Common Stock,S,N,N,NASDAQ
VSTM,"Verastem, Inc. - Common Stock",S,N,N,NASDAQ
VTGN,"Vistagen Therapeutics, Inc. - Common Stock",S,N,N,NASDAQ
VTIX,Virtuix Holdings Inc. - Class A Common Stock,G,N,N,NASDAQ
VTRS,Viatris Inc. - Common Stock,Q,N,N,NASDAQ
VTSI,"VirTra, Inc. - Common Stock",S,N,N,NASDAQ
VTVT,vTv Therapeutics Inc. - Class A Common Stock,S,N,N,NASDAQ
VUZI,Vuzix Corporation  - Common Stock,S,N,N,NASDAQ
VVOS,"Vivos Therapeutics, Inc. - Common Stock",S,N,N,NASDAQ
VWAV,"VisionWave Holdings, Inc. - Common Stock",G,N,N,NASDAQ
VYGR,"Voyager Therapeutics, Inc. - Common Stock",Q,N,N,NASDAQ
VYNE,VYNE Therapeutics Inc. - Common Stock,S,N,N,NASDAQ
WABC,Westamerica Bancorporation - Common Stock,Q,N,N,NASDAQ
WAFD,"WaFd, Inc. - Common Stock",Q,N,N,NASDAQ
WASH,"Washington Trust Bancorp, Inc. - Common Stock",Q,N,N,NASDAQ
WATT,Energous Corporation - Common Stock,S,N,N,NASDAQ
WAY,Waystar Holding Corp. - Common Stock,Q,N,N,NASDAQ
WBD,"Warner Bros. Discovery, Inc. - Series A Common Stock",Q,N,N,NASDAQ
WBTN,WEBTOON Entertainment Inc. - Common stock,Q,N,N,NASDAQ
WDAY,"Workday, Inc. - Class A Common Stock",Q,N,N,NASDAQ
WDC,Western Digital Corporation - Common Stock,Q,N,N,NASDAQ
WDFC,WD-40 Company - Common Stock,Q,N,N,NASDAQ
WEN,Wendy's Company (The) - Common Stock,Q,N,N,NASDAQ
WERN,"Werner Enterprises, Inc. - Common Stock",Q,N,N,NASDAQ
WEST,Westrock Coffee Company - Common Stock,G,N,N,NASDAQ
WETH,Wetouch Technology Inc. - Common Stock,S,N,N,NASDAQ
WEYS,"Weyco Group, Inc. - Common Stock",Q,N,N,NASDAQ
WFCF,"Where Food Comes From, Inc. - Common Stock",S,N,N,NASDAQ
WGRX,"Wellgistics Health, Inc. - Common Stock",S,N,N,NASDAQ
WGS,GeneDx Holdings Corp. - Class A Common Stock,Q,N,N,NASDAQ
WHLR,"Wheeler Real Estate Investment Trust, Inc. - Common Stock",S,N,N,NASDAQ
WHWK,"Whitehawk Therapeutics, Inc. - Common Stock",S,N,N,NASDAQ
WINA,Winmark Corporation - Common Stock,G,N,N,NASDAQ
WING,Wingstop Inc. - Common Stock,Q,N,N,NASDAQ
WKHS,"Workhorse Group, Inc. - Common Stock",S,N,N,NASDAQ
WKSP,"Worksport, Ltd. - Common Stock",S,N,N,NASDAQ
WLDN,"Willdan Group, Inc. - Common Stock",G,N,N,NASDAQ
WLFC,Willis Lease Finance Corporation - Common Stock,G,N,N,NASDAQ
WLTH,Wealthfront Corporation - Common Stock,Q,N,N,NASDAQ
WMG,Warner Music Group Corp. - Class A Common Stock,Q,N,N,NASDAQ
WMT,Walmart Inc. - Common Stock,Q,N,N,NASDAQ
WNEB,"Western New England Bancorp, Inc. - Common Stock",Q,N,N,NASDAQ
WOOF,"Petco Health and Wellness Company, Inc. - Class A Common Stock",Q,N,N,NASDAQ
WRAP,"Wrap Technologies, Inc. - Common Stock",S,N,N,NASDAQ
WRLD,World Acceptance Corporation - Common Stock,Q,N,N,NASDAQ
WSBC,"WesBanco, Inc. - Common Stock",Q,N,N,NASDAQ
WSBF,"Waterstone Financial, Inc. - Common Stock",Q,N,N,NASDAQ
WSBK,"Winchester Bancorp, Inc. - Common Stock",S,N,N,NASDAQ
WSC,WillScot Holdings Corporation - Class A Common Stock,S,N,N,NASDAQ
WSFS,WSFS Financial Corporation - Common Stock,Q,N,N,NASDAQ
WTBA,West Bancorporation - Common Stock,Q,N,N,NASDAQ
WTFC,Wintrust Financial Corporation - Common Stock,Q,N,N,NASDAQ
WULF,TeraWulf Inc. - Common Stock,S,N,N,NASDAQ
WVVI,"Willamette Valley Vineyards, Inc. - Common Stock",S,N,N,NASDAQ
WW,"WW International, Inc.  - Common Stock",G,N,N,NASDAQ
WWD,"Woodward, Inc. - Common Stock",Q,N,N,NASDAQ
WYNN,"Wynn Resorts, Limited - Common Stock",Q,N,N,NASDAQ
XAIR,"Beyond Air, Inc. - Common Stock",S,N,N,NASDAQ
XBIO,"Xenetic Biosciences, Inc. - Common Stock",S,N,N,NASDAQ
XBIT,XBiotech Inc. - Common Stock,Q,N,N,NASDAQ
XBP,"XBP Global Holdings, Inc. - Common Stock",S,N,N,NASDAQ
XCUR,"Exicure, Inc. - Common Stock",S,N,N,NASDAQ
XE,"X-Energy, Inc. - Class A Common Stock",Q,N,N,NASDAQ
XEL,Xcel Energy Inc. - Common Stock,Q,N,N,NASDAQ
XELB,"Xcel Brands, Inc - Common Stock",S,N,N,NASDAQ
XERS,"Xeris Biopharma Holdings, Inc. - Common Stock",Q,N,N,NASDAQ
XFOR,"X4 Pharmaceuticals, Inc. - Common Stock",S,N,N,NASDAQ
XGN,Exagen Inc. - Common Stock,G,N,N,NASDAQ
XHLD,"TEN Holdings, Inc. - Common Stock",S,N,N,NASDAQ
XLO,"Xilio Therapeutics, Inc. - Common Stock",S,N,N,NASDAQ
XMAX,"XMAX, Inc. - Common Stock",S,N,N,NASDAQ
XMTR,"Xometry, Inc. - Class A Common Stock",Q,N,N,NASDAQ
XNCR,"Xencor, Inc. - Common Stock",G,N,N,NASDAQ
XOMA,XOMA Royalty Corporation - Common Stock,G,N,N,NASDAQ
XOS,"Xos, Inc. - Common Stock",S,N,N,NASDAQ
XP,XP Inc. - Class A Common Stock,Q,N,N,NASDAQ
XPEL,"XPEL, Inc. - Common Stock",S,N,N,NASDAQ
XPON,Expion360 Inc. - Common Stock,S,N,N,NASDAQ
XRAY,DENTSPLY SIRONA Inc. - Common Stock,Q,N,N,NASDAQ
XRX,Xerox Holdings Corporation - Common Stock,Q,N,N,NASDAQ
XTIA,"XTI Aerospace, Inc. Common Stock  - Common Stock",S,N,N,NASDAQ
XWEL,"XWELL, Inc. - Common Stock",S,N,N,NASDAQ
XXII,"22nd Century Group, Inc - Common Stock",S,N,N,NASDAQ
YHC,LQR House Inc. - Common Stock,S,N,N,NASDAQ
YHGJ,Yunhong Green CTI Ltd. - Common Stock,S,N,N,NASDAQ
YORW,The York Water Company - Common Stock,Q,N,N,NASDAQ
YSWY,"Yesway, Inc. - Class A Common Stock",Q,N,N,NASDAQ
YYAI,AiRWA Inc. - Common Stock,S,N,N,NASDAQ
ZBIO,"Zenas BioPharma, Inc. - Common Stock",Q,N,N,NASDAQ
ZBRA,Zebra Technologies Corporation - Class A Common Stock,Q,N,N,NASDAQ
ZD,"Ziff Davis, Inc. - Common Stock",Q,N,N,NASDAQ
ZENA,"ZenaTech, Inc. - Common Stock",S,N,N,NASDAQ
ZEO,Zeo Energy Corporation - Class A Common Stock,S,N,N,NASDAQ
ZG,"Zillow Group, Inc. - Class A Common Stock",Q,N,N,NASDAQ
ZION,Zions Bancorporation N.A. - Common Stock,Q,N,N,NASDAQ
ZM,"Zoom Communications, Inc. - Class A Common Stock",Q,N,N,NASDAQ
ZNTL,"Zentalis Pharmaceuticals, Inc. - common stock",G,N,N,NASDAQ
ZS,"Zscaler, Inc. - Common Stock",Q,N,N,NASDAQ
ZSQR,Z Squared Inc. - Common Stock,G,N,N,NASDAQ
ZSTK,ZeroStack Corp. - Common Stock,S,N,N,NASDAQ
ZTEK,Zentek Ltd. - common stock,S,N,N,NASDAQ
ZUMZ,Zumiez Inc. - Common Stock,Q,N,N,NASDAQ
ZVRA,"Zevra Therapeutics, Inc.  - Common Stock",Q,N,N,NASDAQ
ZYME,Zymeworks Inc. - Common Stock,Q,N,N,NASDAQ
A,"Agilent Technologies, Inc. Common Stock",,N,N,N
AA,Alcoa Corporation Common Stock ,,N,N,N
AADX,"Applied Aerospace & Defense, Inc. Common Stock",,N,N,N
AAMI,Acadian Asset Management Inc. Common Stock,,N,N,N
AAT,"American Assets Trust, Inc. Common Stock",,N,N,N
ABBV,AbbVie Inc. Common Stock,,N,N,N
ABCB,Ameris Bancorp Common Stock,,N,N,N
ABG,Asbury Automotive Group Inc Common Stock,,N,N,N
ABM,ABM Industries Incorporated Common Stock,,N,N,N
ABR,Arbor Realty Trust Common Stock,,N,N,N
ABT,Abbott Laboratories Common Stock,,N,N,N
ABX,"Abacus Global Management, Inc. Class A Common Stock",,N,N,N
ACA,"Arcosa, Inc. Common Stock ",,N,N,N
ACCO,Acco Brands Corporation Common Stock,,N,N,N
ACCS,ACCESS Newswire Inc. Common Stock,,N,N,A
ACH,"Accendra Health, Inc. Common Stock",,N,N,N
ACHR,Archer Aviation Inc. Class A Common Stock,,N,N,N
ACI,"Albertsons Companies, Inc. Class A Common Stock",,N,N,N
ACM,AECOM Common Stock,,N,N,N
ACR,ACRES Commercial Realty Corp. Common Stock,,N,N,N
ACRE,Ares Commercial Real Estate Corporation Common Stock,,N,N,N
ACU,Acme United Corporation. Common Stock,,N,N,A
ACVA,ACV Auctions Inc. Class A Common Stock,,N,N,N
ADC,Agree Realty Corporation Common Stock,,N,N,N
ADM,Archer-Daniels-Midland Company Common Stock,,N,N,N
ADT,ADT Inc. Common Stock,,N,N,N
AEE,Ameren Corporation Common Stock,,N,N,N
AEF,"abrdn Emerging Markets ex-China Fund, Inc. Common Stock",,N,N,A
AEM,Agnico Eagle Mines Limited Common Stock,,N,N,N
AEO,"American Eagle Outfitters, Inc. Common Stock",,N,N,N
AEON,"AEON Biopharma, Inc. Class A Common Stock",,N,N,A
AES,The AES Corporation Common Stock,,N,N,N
AESI,Atlas Energy Solutions Inc. Common Stock,,N,N,N
AFG,"American Financial Group, Inc. Common Stock",,N,N,N
AFL,AFLAC Incorporated Common Stock,,N,N,N
AGCO,AGCO Corporation Common Stock,,N,N,N
AGIG,Abundia Global Impact Group Inc. Common stock,,N,N,A
AGL,"agilon health, inc. Common Stock",,N,N,N
AGM,Federal Agricultural Mortgage Corporation Common Stock,,N,N,N
AGO,Assured Guaranty Ltd. Common Stock,,N,N,N
AGX,"Argan, Inc. Common Stock",,N,N,N
AHR,"American Healthcare REIT, Inc. Common Stock",,N,N,N
AHRT,"AH Realty Trust, Inc. Common Stock",,N,N,N
AHT,Ashford Hospitality Trust Inc Common Stock,,N,N,N
AI,"C3.ai, Inc. Class A Common Stock",,N,N,N
AIB,AIB Data Centers Inc. Common Stock,,N,N,A
AIG,"American International Group, Inc. New Common Stock",,N,N,N
AII,"American Integrity Insurance Group, Inc. Common Stock",,N,N,N
AIM,AIM ImmunoTech Inc. Common Stock,,N,N,A
AIN,Albany International Corporation Common Stock,,N,N,N
AIR,AAR Corp. Common Stock,,N,N,N
AIRI,Air Industries Group Common Stock,,N,N,A
AIT,"Applied Industrial Technologies, Inc. Common Stock",,N,N,N
AIV,Apartment Investment and Management Company Common Stock,,N,N,N
AIZ,"Assurant, Inc. Common Stock",,N,N,N
AJG,Arthur J. Gallagher & Co. Common Stock,,N,N,N
AKA,a.k.a. Brands Holding Corp. Common Stock,,N,N,N
AKR,Acadia Realty Trust Common Stock,,N,N,N
ALB,Albemarle Corporation Common Stock,,N,N,N
ALG,"Alamo Group, Inc. Common Stock",,N,N,N
ALH,Alliance Laundry Holdings Inc. Common Stock,,N,N,N
ALIT,"Alight, Inc. Class A Common Stock",,N,N,N
ALK,"Alaska Air Group, Inc. Common Stock",,N,N,N
ALL,Allstate Corporation (The) Common Stock,,N,N,N
ALLY,Ally Financial Inc. Common Stock,,N,N,N
ALSN,"Allison Transmission Holdings, Inc. Common Stock",,N,N,N
ALTG,Alta Equipment Group Inc. Class A Common Stock,,N,N,N
ALV,"Autoliv, Inc. Common Stock",,N,N,N
ALX,"Alexander's, Inc. Common Stock",,N,N,N
AM,Antero Midstream Corporation Common Stock,,N,N,N
AMBQ,"Ambiq Micro, Inc. Common Stock",,N,N,N
AMC,"AMC Entertainment Holdings, Inc. Class A Common Stock",,N,N,N
AMG,"Affiliated Managers Group, Inc. Common Stock",,N,N,N
AMP,"Ameriprise Financial, Inc. Common Stock",,N,N,N
AMPX,"Amprius Technologies, Inc. Common Stock",,N,N,N
AMPY,Amplify Energy Corp. Common Stock,,N,N,N
AMR,"Alpha Metallurgical Resources, Inc. Common Stock",,N,N,N
AMRC,"Ameresco, Inc. Class A Common Stock",,N,N,N
AMS,American Shared Hospital Services Common Stock,,N,N,A
AMT,American Tower Corporation (REIT) Common Stock,,N,N,N
AMTB,Amerant Bancorp Inc. Class A Common Stock,,N,N,N
AMTM,"Amentum Holdings, Inc. Common Stock",,N,N,N
AMWL,American Well Corporation Class A Common Stock,,N,N,N
AMZE,"Amaze Holdings, Inc. Common Stock",,N,N,A
AN,"AutoNation, Inc. Common Stock",,N,N,N
ANDG,Andersen Group Inc. Class A Common Stock,,N,N,N
ANET,"Arista Networks, Inc. Common Stock",,N,N,N
ANF,Abercrombie & Fitch Company Common Stock,,N,N,N
ANGX,"Angel Studios, Inc. Class A Common Stock",,N,N,N
ANRO,"Alto Neuroscience, Inc. Common Stock",,N,N,N
ANVS,"Annovis Bio, Inc. Common Stock",,N,N,N
AOMR,"Angel Oak Mortgage REIT, Inc. Common Stock",,N,N,N
AORT,"Artivion, Inc. Common Stock",,N,N,N
AOS,A.O. Smith Corporation Common Stock,,N,N,N
AP,Ampco-Pittsburgh Corporation Common Stock,,N,N,N
APAM,Artisan Partners Asset Management Inc. Class A Common Stock,,N,N,N
APD,"Air Products and Chemicals, Inc. Common Stock",,N,N,N
APG,APi Group Corporation Common Stock,,N,N,N
APH,Amphenol Corporation Common Stock,,N,N,N
APO,"Apollo Global Management, Inc. (New) Common Stock",,N,N,N
APT,"Alpha Pro Tech, Ltd. Common Stock",,N,N,A
APUS,"Apimeds Pharmaceuticals US, Inc. Common Stock",,N,N,A
AR,Antero Resources Corporation Common Stock,,N,N,N
ARDT,"Ardent Health, Inc. Common Stock",,N,N,N
ARE,"Alexandria Real Estate Equities, Inc. Common Stock",,N,N,N
AREN,"The Arena Group Holdings, Inc. Common Stock",,N,N,A
ARES,Ares Management Corporation Class A Common Stock,,N,N,N
ARL,"American Realty Investors, Inc. Common Stock",,N,N,N
ARLO,"Arlo Technologies, Inc. Common Stock",,N,N,N
ARMK,Aramark Common Stock,,N,N,N
ARMP,"Armata Pharmaceuticals, Inc. Common Stock",,N,N,A
AROC,"Archrock, Inc. Common Stock",,N,N,N
ARW,"Arrow Electronics, Inc. Common Stock",,N,N,N
ASAN,"Asana, Inc. Class A Common Stock",,N,N,N
ASB,Associated Banc-Corp Common Stock,,N,N,N
ASC,Ardmore Shipping Corporation Common Stock,,N,N,N
ASH,Ashland Inc. Common Stock,,N,N,N
ASIC,Ategrity Specialty Insurance Company Holdings Common Stock,,N,N,N
ASIX,AdvanSix Inc. Common Stock ,,N,N,N
ASPN,"Aspen Aerogels, Inc. Common Stock",,N,N,N
ASR,"Grupo Aeroportuario del Sureste, S.A. de C.V. Common Stock",,N,N,N
ATCH,"AtlasClear Holdings, Inc. Common Stock",,N,N,A
ATEN,"A10 Networks, Inc. Common Stock",,N,N,N
ATI,ATI Inc. Common Stock,,N,N,N
ATKR,Atkore Inc. Common Stock,,N,N,N
ATMU,Atmus Filtration Technologies Inc. Common Stock,,N,N,N
ATNM,"Actinium Pharmaceuticals, Inc. (Delaware) Common Stock",,N,N,A
ATO,Atmos Energy Corporation Common Stock,,N,N,N
ATR,"AptarGroup, Inc. Common Stock",,N,N,N
AUB,Atlantic Union Bankshares Corporation Common Stock,,N,N,N
AVA,Avista Corporation Common Stock,,N,N,N
AVB,"AvalonBay Communities, Inc. Common Stock",,N,N,N
AVBC,"Avidia Bancorp, Inc. Common Stock",,N,N,N
AVD,American Vanguard Corporation Common Stock ($0.10 Par Value),,N,N,N
AVEX,AEVEX Corp. Class A Common Stock,,N,N,N
AVNS,"Avanos Medical, Inc. Common Stock",,N,N,N
AVNT,Avient Corporation Common Stock,,N,N,N
AVTR,"Avantor, Inc. Common Stock",,N,N,N
AVY,Avery Dennison Corporation Common Stock,,N,N,N
AWI,Armstrong World Industries Inc Common Stock,,N,N,N
AWK,"American Water Works Company, Inc. Common Stock",,N,N,N
AWR,American States Water Company Common Stock,,N,N,N
AWX,Avalon Holdings Corporation Common Stock,,N,N,A
AX,"Axos Financial, Inc. Common Stock",,N,N,N
AXIL,"AXIL Brands, Inc. Common Stock",,N,N,A
AXP,American Express Company Common Stock,,N,N,N
AXR,AMREP Corporation Common Stock,,N,N,N
AXS,Axis Capital Holdings Limited Common Stock,,N,N,N
AYI,Acuity Inc. Common Stock,,N,N,N
AZO,"AutoZone, Inc. Common Stock",,N,N,N
AZTR,Azitra Inc Common Stock,,N,N,A
BA,Boeing Company (The) Common Stock,,N,N,N
BAC,Bank of America Corporation Common Stock,,N,N,N
BAH,Booz Allen Hamilton Holding Corporation Common Stock,,N,N,N
BALL,Ball Corporation Common Stock,,N,N,N
BALY,Bally's Corporation Common Stock,,N,N,N
BANC,"Banc of California, Inc. Common Stock",,N,N,N
BAP,Credicorp Ltd. Common Stock,,N,N,N
BARK,"BARK, Inc. Class A Common Stock",,N,N,N
BATL,Battalion Oil Corporation Common Stock,,N,N,A
BAX,Baxter International Inc. Common Stock,,N,N,N
BB,BlackBerry Limited Common Stock,,N,N,N
BBAI,"BigBear.ai, Inc. Common Stock",,N,N,N
BBBY,"Bed Bath & Beyond, Inc. Common Stock",,N,N,N
BBDC,"Barings BDC, Inc. Common Stock",,N,N,N
BBT,Beacon Financial Corporation Common stock,,N,N,N
BBVA,Banco Bilbao Vizcaya Argentaria S.A. Common Stock,,N,N,N
BBW,"Build-A-Bear Workshop, Inc. Common Stock",,N,N,N
BBY,"Best Buy Co., Inc. Common Stock",,N,N,N
BC,Brunswick Corporation Common Stock,,N,N,N
BCC,"Boise Cascade, L.L.C. Common Stock",,N,N,N
BCE,"BCE, Inc. Common Stock",,N,N,N
BCHT,Birchtech Corp. Common Stock,,N,N,A
BCO,Brinks Company (The) Common Stock,,N,N,N
BCS,Barclays PLC Common Stock,,N,N,N
BCSF,"Bain Capital Specialty Finance, Inc. Common Stock",,N,N,N
BDC,Belden Inc Common Stock,,N,N,N
BDL,"Flanigan's Enterprises, Inc. Common Stock",,N,N,A
BDN,Brandywine Realty Trust Common Stock,,N,N,N
BDX,"Becton, Dickinson and Company Common Stock",,N,N,N
BE,Bloom Energy Corporation Class A Common Stock,,N,N,N
BEN,"Franklin Resources, Inc. Common Stock",,N,N,N
BESS,Bimergen Energy Corporation Common Stock,,N,N,A
BETA,"Beta Technologies, Inc. Class A Common Stock",,N,N,N
BFAM,Bright Horizons Family Solutions Inc. Common Stock,,N,N,N
BFH,"Bread Financial Holdings, Inc. Common Stock",,N,N,N
BFLY,"Butterfly Network, Inc. Class A Common Stock",,N,N,N
BFS,"Saul Centers, Inc. Common Stock",,N,N,N
BGI,Birks Group Inc. Common Stock,,N,N,A
BGS,"B&G Foods, Inc. Common Stock",,N,N,N
BGSF,"BGSF, Inc. Common Stock",,N,N,N
BH,Biglari Holdings Inc. Class B Common Stock,,N,N,N
BHB,"Bar Harbor Bankshares, Inc. Common Stock",,N,N,A
BHC,Bausch Health Companies Inc. Common Stock,,N,N,N
BHE,"Benchmark Electronics, Inc. Common Stock",,N,N,N
BHM,"Bluerock Homes Trust, Inc. Class A Common Stock",,N,N,A
BHR,Braemar Hotels & Resorts Inc. Common Stock,,N,N,N
BILL,"BILL Holdings, Inc. Common Stock",,N,N,N
BIO,"Bio-Rad Laboratories, Inc. Class A Common Stock",,N,N,N
BJ,"BJ's Wholesale Club Holdings, Inc. Common Stock",,N,N,N
BKD,Brookdale Senior Living Inc. Common Stock,,N,N,N
BKE,"Buckle, Inc. (The) Common Stock",,N,N,N
BKH,Black Hills Corporation Common Stock,,N,N,N
BKKT,"Bakkt, Inc. Class A Common Stock",,N,N,N
BKSY,BlackSky Technology Inc. Class A Common Stock,,N,N,N
BKTI,BK Technologies Corporation Common Stock,,N,N,A
BKU,"BankUnited, Inc. Common Stock",,N,N,N
BKV,BKV Corporation Common Stock,,N,N,N
BLD,TopBuild Corp. Common Stock,,N,N,N
BLDR,"Builders FirstSource, Inc. Common Stock",,N,N,N
BLK,"BlackRock, Inc. Common Stock",,N,N,N
BLND,"Blend Labs, Inc. Class A Common Stock",,N,N,N
BLX,"Bladex, Inc. Class E Common Stock",,N,N,N
BMI,"Badger Meter, Inc. Common Stock",,N,N,N
BMNR,"BitMine Immersion Technologies, Inc. Common Stock",,N,N,N
BMO,Bank Of Montreal Common Stock,,N,N,N
BMY,Bristol-Myers Squibb Company Common Stock,,N,N,N
BNED,"Barnes & Noble Education, Inc Common Stock",,N,N,N
BNL,"Broadstone Net Lease, Inc. Common Stock",,N,N,N
BNY,The Bank of New York Mellon Corporation Common Stock,,N,N,N
BOBS,"Bob's Discount Furniture, Inc. Common Stock",,N,N,N
BOC,Boston Omaha Corporation Class A Common Stock,,N,N,N
BOH,Bank of Hawaii Corporation Common Stock,,N,N,N
BOOT,"Boot Barn Holdings, Inc. Common Stock",,N,N,N
BOW,Bowhead Specialty Holdings Inc. Common Stock,,N,N,N
BOX,"Box, Inc. Class A Common Stock",,N,N,N
BP,BP p.l.c. Common Stock,,N,N,N
BR,"Broadridge Financial Solutions, Inc. Common Stock",,N,N,N
BRBR,"BellRing Brands, Inc. Common Stock ",,N,N,N
BRBS,"Blue Ridge Bankshares, Inc. Common Stock",,N,N,A
BRC,Brady Corporation Common Stock,,N,N,N
BRCC,BRC Inc. Class A Common Stock,,N,N,N
BRN,"Barnwell Industries, Inc. Common Stock",,N,N,A
BRO,"Brown & Brown, Inc. Common Stock",,N,N,N
BROS,Dutch Bros Inc. Class A Common Stock,,N,N,N
BRSP,"BrightSpire Capital, Inc. Class A Common Stock",,N,N,N
BRT,BRT Apartments Corp. (MD) Common Stock,,N,N,N
BRX,Brixmor Property Group Inc. Common Stock,,N,N,N
BSX,Boston Scientific Corporation Common Stock,,N,N,N
BTGO,"BitGo Holdings, Inc. Class A Common Stock",,N,N,N
BTI,"British American Tobacco  Industries, p.l.c. Common Stock ADR",,N,N,N
BTO,John Hancock Financial Opportunities Fund Common Stock,,N,N,N
BTU,Peabody Energy Corporation Common Stock ,,N,N,N
BUDA,"Buda Juice, Inc. Common Stock",,N,N,A
BURL,"Burlington Stores, Inc. Common Stock",,N,N,N
BURU,"Nuburu, Inc. Common Stock",,N,N,A
BV,"BrightView Holdings, Inc. Common Stock",,N,N,N
BW,"Babcock & Wilcox Enterprises, Inc. Common Stock",,N,N,N
BWA,BorgWarner Inc. Common Stock,,N,N,N
BWXT,"BWX Technologies, Inc. Common Stock",,N,N,N
BX,Blackstone Inc. Common Stock,,N,N,N
BXC,Bluelinx Holdings Inc. Common Stock,,N,N,N
BXDC,Blackstone Digital Infrastructure Trust Inc. Common Stock,,N,N,N
BXMT,"Blackstone Mortgage Trust, Inc. Common Stock",,N,N,N
BXP,"BXP, Inc. Common Stock",,N,N,N
BY,"Byline Bancorp, Inc. Common Stock",,N,N,N
BYD,Boyd Gaming Corporation Common Stock,,N,N,N
BZH,"Beazer Homes USA, Inc. Common Stock",,N,N,N
C,"Citigroup, Inc. Common Stock",,N,N,N
CABO,"Cable One, Inc. Common Stock",,N,N,N
CACI,"CACI International, Inc. Class A Common Stock",,N,N,N
CAF,Morgan Stanley China A Share Fund Inc. Common Stock,,N,N,N
CAG,"ConAgra Brands, Inc. Common Stock",,N,N,N
CAH,"Cardinal Health, Inc. Common Stock",,N,N,N
CAL,"Caleres, Inc. Common Stock",,N,N,N
CALX,"Calix, Inc Common Stock",,N,N,N
CALY,Callaway Golf Company Common Stock,,N,N,N
CARR,Carrier Global Corporation Common Stock ,,N,N,N
CARS,Cars.com Inc. Common Stock ,,N,N,N
CAT,"Caterpillar, Inc. Common Stock",,N,N,N
CATO,Cato Corporation (The) Class A Common Stock,,N,N,N
CATX,"Perspective Therapeutics, Inc. Common Stock",,N,N,A
CAVA,"CAVA Group, Inc. Common Stock",,N,N,N
CB,Chubb Limited  Common Stock,,N,N,N
CBAN,"Colony Bankcorp, Inc. Common Stock",,N,N,N
CBL,"CBL & Associates Properties, Inc. Common Stock",,N,N,N
CBNA,"Chain Bridge Bancorp, Inc. Class A Common Stock",,N,N,N
CBOE,"Cboe Global Markets, Inc. Common Stock",,N,N,Z
CBRE,CBRE Group Inc Common Stock Class A,,N,N,N
CBT,Cabot Corporation Common Stock,,N,N,N
CBU,"Community Financial System, Inc. Common Stock",,N,N,N
CBZ,"CBIZ, Inc. Common Stock",,N,N,N
CC,Chemours Company (The) Common Stock,,N,N,N
CCEL,"Cryo-Cell International, Inc. Common Stock",,N,N,A
CCI,Crown Castle Inc. Common Stock,,N,N,N
CCJ,Cameco Corporation Common Stock,,N,N,N
CCO,"Clear Channel Outdoor Holdings, Inc. Common Stock",,N,N,N
CCS,"Century Communities, Inc. Common Stock",,N,N,N
CCU,"Compania Cervecerias Unidas, S.A. Common Stock",,N,N,N
CDE,"Coeur Mining, Inc. Common Stock",,N,N,N
CDRE,"Cadre Holdings, Inc. Common Stock",,N,N,N
CE,Celanese Corporation Common Stock,,N,N,N
CEE,"The Central and Eastern Europe Fund, Inc. (The) Common Stock",,N,N,N
CET,Central Securities Corporation Common Stock,,N,N,A
CF,"CF Industries Holdings, Inc. Common Stock",,N,N,N
CFG,"Citizens Financial Group, Inc. Common Stock",,N,N,N
CFND,C1 Fund Inc. Common Stock,,N,N,N
CFR,"Cullen/Frost Bankers, Inc. Common Stock",,N,N,N
CHCT,Community Healthcare Trust Incorporated Common Stock,,N,N,N
CHD,"Church & Dwight Company, Inc. Common Stock",,N,N,N
CHGG,"Chegg, Inc. Common Stock",,N,N,N
CHH,"Choice Hotels International, Inc. Common Stock",,N,N,N
CHMI,Cherry Hill Mortgage Investment Corporation Common Stock,,N,N,N
CHPT,"ChargePoint Holdings, Inc. Common Stock",,N,N,N
CHWY,"Chewy, Inc. Class A Common Stock",,N,N,N
CI,The Cigna Group Common Stock,,N,N,N
CIA,"Citizens, Inc. Class A Common Stock ($1.00 Par)",,N,N,N
CIEN,Ciena Corporation Common Stock,,N,N,N
CII,"BlackRock Enhanced Large Cap Core Fund, Inc. Common Stock",,N,N,N
CIK,"Credit Suisse Asset Management Income Fund, Inc. Common Stock",,N,N,A
CIM,Chimera Investment Corporation Common Stock,,N,N,N
CION,CION Investment Corporation Common Stock,,N,N,N
CITR,CitroTech Inc. Common Stock,,N,N,A
CIX,CompX International Inc. Common Stock,,N,N,A
CKX,"CKX Lands, Inc. Common Stock",,N,N,A
CL,Colgate-Palmolive Company Common Stock,,N,N,N
CLB,Core Laboratories Inc. Common Stock,,N,N,N
CLDI,"Calidi Biotherapeutics, Inc. Common Stock",,N,N,A
CLF,Cleveland-Cliffs Inc. Common Stock,,N,N,N
CLH,"Clean Harbors, Inc. Common Stock",,N,N,N
CLPR,Clipper Realty Inc. Common Stock,,N,N,N
CLS,"Celestica, Inc. Common Stock",,N,N,N
CLW,Clearwater Paper Corporation Common Stock,,N,N,N
CLX,Clorox Company (The) Common Stock,,N,N,N
CM,Canadian Imperial Bank of Commerce Common Stock,,N,N,N
CMC,Commercial Metals Company Common Stock,,N,N,N
CMDB,Costamare Bulkers Holdings Limited Common Stock,,N,N,N
CMG,"Chipotle Mexican Grill, Inc. Common Stock",,N,N,N
CMI,Cummins Inc. Common Stock,,N,N,N
CMP,Compass Minerals Intl Inc Common Stock,,N,N,N
CMRE,Costamare Inc. Common Stock $0.0001 par value,,N,N,N
CMS,CMS Energy Corporation Common Stock,,N,N,N
CMT,Core Molding Technologies Inc Common Stock,,N,N,A
CMTG,"Claros Mortgage Trust, Inc. Common Stock",,N,N,N
CNA,CNA Financial Corporation Common Stock,,N,N,N
CNC,Centene Corporation Common Stock,,N,N,N
CNI,Canadian National Railway Company Common Stock,,N,N,N
CNK,"Cinemark Holdings Inc Cinemark Holdings, Inc. Common Stock",,N,N,N
CNM,"Core & Main, Inc. Class A Common Stock",,N,N,N
CNMD,CONMED Corporation Common Stock,,N,N,N
CNNE,"Cannae Holdings, Inc. Common Stock",,N,N,N
CNO,"CNO Financial Group, Inc. Common Stock",,N,N,N
CNP,"CenterPoint Energy, Inc (Holding Co) Common Stock",,N,N,N
CNQ,Canadian Natural Resources Limited Common Stock,,N,N,N
CNR,"Core Natural Resources, Inc. Common Stock",,N,N,N
CNS,Cohen & Steers Inc Common Stock,,N,N,N
CNX,CNX Resources Corporation Common Stock,,N,N,N
COF,Capital One Financial Corporation Common Stock,,N,N,N
COHR,Coherent Corp. Common Stock,,N,N,N
COLD,"Americold Realty Trust, Inc. Common Stock",,N,N,N
COMP,"Compass, Inc. Class A Common Stock",,N,N,N
CON,"Concentra Group Holdings Parent, Inc. Common Stock",,N,N,N
COOK,"Traeger, Inc. Common Stock",,N,N,N
COP,ConocoPhillips Common Stock,,N,N,N
COR,"Cencora, Inc. Common Stock",,N,N,N
COSO,"CoastalSouth Bancshares, Inc. Common Stock",,N,N,N
COTY,Coty Inc. Class A Common Stock,,N,N,N
COUR,"Coursera, Inc. Common Stock",,N,N,N
CPA,"Copa Holdings, S.A. Class A Common Stock",,N,N,N
CPAY,"Corpay, Inc. Common Stock",,N,N,N
CPHI,"China Pharma Holdings, Inc. Common Stock",,N,N,A
CPK,Chesapeake Utilities Corporation Common Stock,,N,N,N
CPNG,"Coupang, Inc. Class A Common Stock",,N,N,N
CPS,Cooper-Standard Holdings Inc. Common Stock,,N,N,N
CPT,Camden Property Trust Common Stock,,N,N,N
CR,Crane Company Common Stock,,N,N,N
CRBG,Corebridge Financial Inc. Common Stock,,N,N,N
CRC,California Resources Corporation Common Stock,,N,N,N
CRCL,"Circle Internet Group, Inc. Class A Common Stock",,N,N,N
CRF,"Cornerstone Total Return Fund, Inc. (The) Common Stock",,N,N,A
CRGY,Crescent Energy Company Class A Common Stock,,N,N,N
CRI,"Carter's, Inc. Common Stock",,N,N,N
CRK,"Comstock Resources, Inc. Common Stock",,N,N,N
CRL,"Charles River Laboratories International, Inc. Common Stock",,N,N,N
CRM,"Salesforce, Inc. Common Stock",,N,N,N
CRS,Carpenter Technology Corporation Common Stock,,N,N,N
CRT,Cross Timbers Royalty Trust Common Stock,,N,N,N
CSL,Carlisle Companies Incorporated Common Stock,,N,N,N
CSR,D/B/A Centerspace Common Stock,,N,N,N
CSV,"Carriage Services, Inc. Common Stock",,N,N,N
CSW,"CSW Industrials, Inc. Common Stock",,N,N,N
CTEV,Claritev Corporation Class A Common Stock,,N,N,N
CTGO,Contango Silver & Gold Inc. Common Stock,,N,N,A
CTM,"Castellum, Inc. Common Stock",,N,N,A
CTO,"CTO Realty Growth, Inc. Common Stock",,N,N,N
CTOS,"Custom Truck One Source, Inc. Common Stock",,N,N,N
CTRE,"CareTrust REIT, Inc. Common Stock",,N,N,N
CTRI,"Centuri Holdings, Inc. Common Stock",,N,N,N
CTS,CTS Corporation Common Stock,,N,N,N
CTVA,"Corteva, Inc. Common Stock ",,N,N,N
CUBI,"Customers Bancorp, Inc Common Stock",,N,N,N
CURB,Curbline Properties Corp. Common Stock,,N,N,N
CURV,Torrid Holdings Inc. Common Stock,,N,N,N
CUZ,Cousins Properties Incorporated Common Stock,,N,N,N
CVE,Cenovus Energy Inc Common Stock,,N,N,N
CVI,CVR Energy Inc. Common Stock,,N,N,N
CVLG,"Covenant Logistics Group, Inc. Class A Common Stock",,N,N,N
CVM,Cel-Sci Corporation Common Stock,,N,N,A
CVNA,Carvana Co. Class A Common Stock,,N,N,N
CVR,Chicago Rivet & Machine Co. Common Stock,,N,N,A
CVS,CVS Health Corporation Common Stock,,N,N,N
CVU,"CPI Aerostructures, Inc. Common Stock",,N,N,A
CVX,Chevron Corporation Common Stock,,N,N,N
CW,Curtiss-Wright Corporation Common Stock,,N,N,N
CWEN,"Clearway Energy, Inc. Class C Common Stock",,N,N,N
CWH,"Camping World Holdings, Inc. Class A Common Stock",,N,N,N
CWT,California Water Service Group Common Stock,,N,N,N
CXM,"Sprinklr, Inc. Class A Common Stock",,N,N,N
CXT,"Crane NXT, Co. Common Stock",,N,N,N
CXW,"CoreCivic, Inc. Common Stock",,N,N,N
CYD,China Yuchai International Limited Common Stock,,N,N,N
CYH,"Community Health Systems, Inc. Common Stock",,N,N,N
D,"Dominion Energy, Inc. Common Stock",,N,N,N
DAC,Danaos Corporation Common Stock,,N,N,N
DAL,"Delta Air Lines, Inc. Common Stock",,N,N,N
DAN,Dana Incorporated Common Stock ,,N,N,N
DAR,Darling Ingredients Inc. Common Stock,,N,N,N
DB,Deutsche Bank AG Common Stock,,N,N,N
DBD,Diebold Nixdorf Incorporated Common stock,,N,N,N
DBI,Designer Brands Inc. Class A Common Stock,,N,N,N
DC,Dakota Gold Corp. Common Stock,,N,N,A
DCH,Dauch Corporation Common Stock,,N,N,N
DCI,"Donaldson Company, Inc. Common Stock",,N,N,N
DCO,Ducommun Incorporated Common Stock,,N,N,N
DCOM,"Dime Commercial Bancshares, Inc. Common Stock",,N,N,N
DD,"DuPont de Nemours, Inc. Common Stock",,N,N,N
DDD,3D Systems Corporation Common Stock,,N,N,N
DDS,"Dillard's, Inc. Common Stock",,N,N,N
DE,Deere & Company Common Stock,,N,N,N
DEA,"Easterly Government Properties, Inc. Common Stock",,N,N,N
DEC,Diversified Energy Company Common Stock,,N,N,N
DECK,Deckers Outdoor Corporation Common Stock,,N,N,N
DEI,"Douglas Emmett, Inc. Common Stock",,N,N,N
DELL,Dell Technologies Inc. Class C Common Stock ,,N,N,N
DEO,Diageo plc Common Stock,,N,N,N
DFH,"Dream Finders Homes, Inc. Class A Common Stock",,N,N,N
DFIN,"Donnelley Financial Solutions, Inc. Common Stock ",,N,N,N
DFP,Flaherty & Crumrine Dynamic Preferred and Income Fund Inc. Common Stock,,N,N,N
DG,Dollar General Corporation Common Stock,,N,N,N
DGX,Quest Diagnostics Incorporated Common Stock,,N,N,N
DHF,BNY Mellon High Yield Strategies Fund Common Stock,,N,N,N
DHI,"D.R. Horton, Inc. Common Stock",,N,N,N
DHR,Danaher Corporation Common Stock,,N,N,N
DHX,"DHI Group, Inc. Common Stock",,N,N,N
DHY,Credit Suisse High Yield Credit Fund Common Stock,,N,N,A
DIN,"Dine Brands Global, Inc. Common Stock",,N,N,N
DINO,HF Sinclair Corporation Common Stock,,N,N,N
DIS,Walt Disney Company (The) Common Stock,,N,N,N
DIT,AMCON Distributing Company Common Stock,,N,N,A
DK,"Delek US Holdings, Inc. Common Stock",,N,N,N
DKS,Dick's Sporting Goods Inc Common Stock,,N,N,N
DLB,Dolby Laboratories Common Stock,,N,N,N
DLR,"Digital Realty Trust, Inc. Common Stock",,N,N,N
DLX,Deluxe Corporation Common Stock,,N,N,N
DMA,Destra Multi-Alternative Fund Common Stock,,N,N,N
DMB,"BNY Mellon Municipal Bond Infrastructure Fund, Inc. Common Stock",,N,N,N
DMO,Western Asset Mortgage Opportunity Fund Inc. Common Stock,,N,N,N
DNA,"Ginkgo Bioworks Holdings, Inc. Class A Common Stock",,N,N,N
DNOW,DNOW Inc. Common Stock,,N,N,N
DNP,"DNP Select Income Fund, Inc. Common Stock",,N,N,N
DOC,"Healthpeak Properties, Inc. Common Stock",,N,N,N
DOCN,"DigitalOcean Holdings, Inc. Common Stock",,N,N,N
DOCS,"Doximity, Inc. Class A Common Stock",,N,N,N
DOUG,Douglas Elliman Inc. Common Stock,,N,N,N
DOV,Dover Corporation Common Stock,,N,N,N
DOW,Dow Inc. Common Stock ,,N,N,N
DRI,"Darden Restaurants, Inc. Common Stock",,N,N,N
DSM,"BNY Mellon Strategic Municipal Bond Fund, Inc. Common Stock",,N,N,N
DSS,"DSS, Inc. Common Stock",,N,N,A
DSU,"Blackrock Debt Strategies Fund, Inc. Common Stock",,N,N,N
DSX,Diana Shipping inc. common stock,,N,N,N
DT,"Dynatrace, Inc. Common Stock",,N,N,N
DTE,DTE Energy Company Common Stock,,N,N,N
DTF,DTF Tax-Free Income 2028 Term Fund Inc. Common Stock,,N,N,N
DTM,"DT Midstream, Inc. Common Stock ",,N,N,N
DUK,Duke Energy Corporation (Holding Company) Common Stock,,N,N,N
DV,"DoubleVerify Holdings, Inc. Common Stock",,N,N,N
DVA,DaVita Inc. Common Stock,,N,N,N
DVN,Devon Energy Corporation Common Stock,,N,N,N
DX,"Dynex Capital, Inc. Common Stock",,N,N,N
DXC,DXC Technology Company Common Stock ,,N,N,N
DXYZ,Destiny Tech100 Inc. Common Stock,,N,N,N
DY,"Dycom Industries, Inc. Common Stock",,N,N,N
E,ENI S.p.A. Common Stock,,N,N,N
EAF,GrafTech International Ltd. Common Stock,,N,N,N
EAT,"Brinker International, Inc. Common Stock",,N,N,N
EBF,"Ennis, Inc. Common Stock",,N,N,N
EBS,Emergent BioSolutions Inc. Common Stock,,N,N,N
ECG,"Everus Construction Group, Inc. Common Stock",,N,N,N
ECL,Ecolab Inc. Common Stock,,N,N,N
ECO,Okeanis Eco Tankers Corp. Common Stock,,N,N,N
ECVT,Ecovyst Inc. Common Stock,,N,N,N
ED,"Consolidated Edison, Inc. Common Stock",,N,N,N
EDD,"Morgan Stanley Emerging Markets Domestic Debt Fund, Inc. Common Stock",,N,N,N
EE,"Excelerate Energy, Inc. Class A Common Stock",,N,N,N
EEA,"The European Equity Fund, Inc. Common Stock",,N,N,N
EEX,"Emerald Holding, Inc. Common Stock",,N,N,N
EFC,Ellington Financial Inc. Common Stock ,,N,N,N
EFOR,"Everforth, Inc. Common Stock",,N,N,N
EFX,"Equifax, Inc. Common Stock",,N,N,N
EG,"Everest Group, Ltd. Common Stock",,N,N,N
EGP,"EastGroup Properties, Inc. Common Stock",,N,N,N
EGY,"VAALCO Energy, Inc.  Common Stock",,N,N,N
EHC,Encompass Health Corporation Common Stock,,N,N,N
EHI,Western Asset Global High Income Fund Inc Common Stock,,N,N,N
EIC,Eagle Point Income Company Inc. Common Stock,,N,N,N
EIG,Employers Holdings Inc Common Stock,,N,N,N
EIX,Edison International Common Stock,,N,N,N
EL,"Estee Lauder Companies, Inc. (The) Common Stock",,N,N,N
ELA,Envela Corporation Common Stock,,N,N,A
ELAN,Elanco Animal Health Incorporated Common Stock,,N,N,N
ELF,"e.l.f. Beauty, Inc. Common Stock",,N,N,N
ELMD,"Electromed, Inc. Common Stock",,N,N,A
ELME,Elme Communities Common Stock,,N,N,N
ELS,"Equity Lifestyle Properties, Inc. Common Stock",,N,N,N
ELV,"Elevance Health, Inc. Common Stock",,N,N,N
EMBJ,Embraer S.A. Common Stock,,N,N,N
EMD,Western Asset Emerging Markets Debt Fund Inc Common Stock,,N,N,N
EME,"EMCOR Group, Inc. Common Stock",,N,N,N
EMF,Templeton Emerging Markets Fund Common Stock,,N,N,N
EMN,Eastman Chemical Company Common Stock,,N,N,N
EMO,ClearBridge Energy Midstream Opportunity Fund Inc. Common Stock,,N,N,N
EMR,Emerson Electric Company Common Stock,,N,N,N
ENB,Enbridge Inc Common Stock,,N,N,N
ENHA,Enhanced Group Inc. Class A Common Stock,,N,N,N
ENIC,Enel Chile S.A. American Depositary Shares (Each representing 50 shares of Common Stock),,N,N,N
ENOV,Enovis Corporation Common Stock,,N,N,N
ENR,"Energizer Holdings, Inc. Common Stock",,N,N,N
ENS,EnerSys Common Stock,,N,N,N
ENVA,"Enova International, Inc. Common Stock",,N,N,N
EOG,"EOG Resources, Inc. Common Stock",,N,N,N
EONR,EON Resources Inc. Class A Common Stock,,N,N,A
EOS,Eaton Vance Enhance Equity Income Fund II Common Stock,,N,N,N
EP,Empire Petroleum Corporation Common Stock,,N,N,A
EPAC,Enerpac Tool Group Corp. Common Stock,,N,N,N
EPAM,"EPAM Systems, Inc. Common Stock",,N,N,N
EPC,Edgewell Personal Care Company Common Stock,,N,N,N
EPD,Enterprise Products Partners L.P. Common Stock,,N,N,N
EPM,"Evolution Petroleum Corporation, Inc. Common Stock",,N,N,A
EPR,EPR Properties Common Stock,,N,N,N
EPRT,"Essential Properties Realty Trust, Inc. Common Stock",,N,N,N
EQBK,"Equity Bancshares, Inc. Class A Common Stock",,N,N,N
EQH,"Equitable Holdings, Inc. Common Stock",,N,N,N
EQS,"Equus Total Return, Inc. Common Stock",,N,N,N
EQT,EQT Corporation Common Stock,,N,N,N
ERC,Allspring Multi-Sector Income Fund Common Stock,,N,N,A
EROC,"ERock, Inc. Class A Common Stock",,N,N,N
ES,Eversource Energy (D/B/A) Common Stock,,N,N,N
ESAB,ESAB Corporation Common Stock,,N,N,N
ESE,ESCO Technologies Inc. Common Stock,,N,N,N
ESI,Element Solutions Inc. Common Stock,,N,N,N
ESP,Espey Mfg. & Electronics Corp. Common Stock,,N,N,A
ESRT,"Empire State Realty Trust, Inc. Class A Common Stock",,N,N,N
ESS,"Essex Property Trust, Inc. Common Stock",,N,N,N
ETD,Ethan Allen Interiors Inc. Common Stock,,N,N,N
ETO,Eaton Vance Tax-Advantage Global Dividend Opp Common Stock,,N,N,N
ETR,Entergy Corporation Common Stock,,N,N,N
ETSY,"Etsy, Inc. Common Stock",,N,N,N
EVC,Entravision Communications Corporation Common Stock,,N,N,N
EVEX,"Eve Holding, Inc. Common Stock",,N,N,N
EVF,Eaton Vance Senior Income Trust Common Stock,,N,N,N
EVH,"Evolent Health, Inc Class A Common Stock",,N,N,N
EVI,"EVI Industries, Inc.  Common Stock",,N,N,A
EVMN,"Evommune, Inc. Common Stock",,N,N,N
EVN,Eaton Vance Municipal Income Trust Common Stock,,N,N,N
EVR,Evercore Inc. Class A Common Stock,,N,N,N
EVTC,"Evertec, Inc. Common Stock",,N,N,N
EW,Edwards Lifesciences Corporation Common Stock,,N,N,N
EXOD,"Exodus Movement, Inc. Class A Common Stock",,N,N,A
EXP,Eagle Materials Inc Common Stock,,N,N,N
EXPD,"Expeditors International of Washington, Inc. Common Stock",,N,N,N
EXR,Extra Space Storage Inc Common Stock,,N,N,N
F,Ford Motor Company Common Stock,,N,N,N
FAF,First American Corporation (New) Common Stock,,N,N,N
FAX,"abrdn Asia-Pacific Income Fund, Inc. Common Stock",,N,N,A
FBIN,"Fortune Brands Innovations, Inc. Common Stock",,N,N,N
FBK,FB Financial Corporation Common Stock,,N,N,N
FBP,First BanCorp. New Common Stock,,N,N,N
FBRT,"Franklin BSP Realty Trust, Inc. Common Stock",,N,N,N
FC,Franklin Covey Company Common Stock,,N,N,N
FCBM,"First Carolina Financial Services, Inc. Common Stock",,N,N,N
FCF,First Commonwealth Financial Corporation Common Stock,,N,N,N
FCN,"FTI Consulting, Inc. Common Stock",,N,N,N
FCPT,"Four Corners Property Trust, Inc. Common Stock",,N,N,N
FCX,"Freeport-McMoRan, Inc. Common Stock",,N,N,N
FDS,FactSet Research Systems Inc. Common Stock,,N,N,N
FDX,FedEx Corporation Common Stock,,N,N,N
FDXF,"FedEx Freight Holding Company, Inc. Common Stock",,N,N,N
FE,FirstEnergy Corp. Common Stock,,N,N,N
FERG,Ferguson Enterprises Inc. Common Stock,,N,N,N
FET,"Forum Energy Technologies, Inc. Common Stock",,N,N,N
FG,"F&G Annuities & Life, Inc. Common Stock",,N,N,N
FHI,"Federated Hermes, Inc. Common Stock",,N,N,N
FHN,First Horizon Corporation Common Stock,,N,N,N
FICO,Fair Isaac Corporation Common Stock,,N,N,N
FIG,"Figma, Inc. Class A Common Stock",,N,N,N
FIGS,"FIGS, Inc. Class A Common Stock",,N,N,N
FIRY,Firy Inc. Class A Common Stock,,N,N,N
FIS,"Fidelity National Information Services, Inc. Common Stock",,N,N,N
FITB,Fifth Third Bancorp Common Stock,,N,N,N
FIX,"Comfort Systems USA, Inc. Common Stock",,N,N,N
FJET,"Starfighters Space, Inc. Common Stock",,N,N,A
FLC,Flaherty & Crumrine Total Return Fund Inc Common Stock,,N,N,N
FLG,"Flagstar Bank, N.A. Common Stock",,N,N,N
FLO,"Flowers Foods, Inc. Common Stock",,N,N,N
FLOC,Flowco Holdings Inc. Class A Common Stock,,N,N,N
FLR,Fluor Corporation Common Stock,,N,N,N
FLS,Flowserve Corporation Common Stock,,N,N,N
FLYX,"flyExclusive, Inc. Class A Common Stock",,N,N,A
FMC,FMC Corporation Common Stock,,N,N,N
FMX,Fomento Economico Mexicano S.A.B. de C.V. Common Stock,,N,N,N
FNB,F.N.B. Corporation Common Stock,,N,N,N
FND,"Floor & Decor Holdings, Inc. Common Stock",,N,N,N
FNF,"Fidelity National Financial, Inc. Common Stock",,N,N,N
FOA,Finance of America Companies Inc. Class A Common Stock,,N,N,N
FOF,"Cohen & Steers Closed-End Opportunity Fund, Inc. Common Stock",,N,N,N
FOR,Forestar Group Inc Common Stock ,,N,N,N
FOUR,"Shift4 Payments, Inc. Class A Common Stock",,N,N,N
FPI,Farmland Partners Inc. Common Stock,,N,N,N
FPS,"Forgent Power Solutions, Inc. Class A Common Stock",,N,N,N
FR,"First Industrial Realty Trust, Inc. Common Stock",,N,N,N
FRA,Blackrock Floating Rate Income Strategies Fund Inc  Common Stock,,N,N,N
FRT,Federal Realty Investment Trust Common Stock,,N,N,N
FSCO,FS Credit Opportunities Corp. Common Stock,,N,N,N
FSI,Flexible Solutions International Inc. Common Stock (CDA),,N,N,A
FSK,FS KKR Capital Corp. Common Stock,,N,N,N
FSP,Franklin Street Properties Corp. Common Stock,,N,N,A
FSS,Federal Signal Corporation Common Stock,,N,N,N
FT,Franklin Universal Trust Common Stock,,N,N,N
FTHY,First Trust High Yield Opportunities 2027 Term Fund Common Stock,,N,N,N
FTK,"Flotek Industries, Inc. Common Stock",,N,N,N
FTV,Fortive Corporation Common Stock ,,N,N,N
FTW,Presidio Production Company Class A Common Stock,,N,N,N
FUBO,FuboTV Inc. Class A Common Stock,,N,N,N
FUL,H. B. Fuller Company Common Stock,,N,N,N
FUN,Six Flags Entertainment Corporation Common Stock New,,N,N,N
FVR,"FrontView REIT, Inc. Common Stock",,N,N,N
G,Genpact Limited Common Stock,,N,N,N
GAB,"Gabelli Equity Trust, Inc. (The) Common Stock",,N,N,N
GAM,"General American Investors, Inc. Common Stock",,N,N,N
GAP,"Gap, Inc. (The) Common Stock",,N,N,N
GATX,GATX Corporation Common Stock,,N,N,N
GBCI,"Glacier Bancorp, Inc. Common Stock",,N,N,N
GBR,"New Concept Energy, Inc Common Stock",,N,N,A
GBTG,"Global Business Travel Group, Inc. Class A Common Stock",,N,N,N
GBX,"Greenbrier Companies, Inc. (The) Common Stock",,N,N,N
GCO,Genesco Inc. Common Stock,,N,N,N
GCTS,"GCT Semiconductor Holding, Inc. Common Stock",,N,N,N
GCV,"Gabelli Convertible and Income Securities Fund, Inc. (The) Common Stock",,N,N,N
GD,General Dynamics Corporation Common Stock,,N,N,N
GDDY,GoDaddy Inc. Class A Common Stock,,N,N,N
GDO,Western Asset Global Corporate Opportunity Fund Inc. Common Stock,,N,N,N
GDOT,"Green Dot Corporation Class A Common Stock, $0.001 par value",,N,N,N
GE,GE Aerospace Common Stock,,N,N,N
GEF,Greif Inc. Class A Common Stock,,N,N,N
GENC,"Gencor Industries, Inc. Common Stock",,N,N,A
GETY,"Getty Images Holdings, Inc. Class A Common Stock",,N,N,N
GEV,GE Vernova Inc. Common Stock,,N,N,N
GF,"New Germany Fund, Inc. (The) Common Stock",,N,N,N
GFF,Griffon Corporation Common Stock,,N,N,N
GGB,Gerdau S.A. Common Stock,,N,N,N
GGG,Graco Inc. Common Stock,,N,N,N
GGT,"Gabelli Multi-Media Trust, Inc. (The) Common Stock",,N,N,N
GHC,Graham Holdings Company Common Stock,,N,N,N
GHM,Graham Corporation Common Stock,,N,N,N
GIB,CGI Inc. Common Stock,,N,N,N
GIC,Global Industrial Company Common Stock,,N,N,N
GIL,"Gildan Activewear, Inc. Class A Sub. Vot. Common Stock",,N,N,N
GIS,"General Mills, Inc. Common Stock",,N,N,N
GKOS,Glaukos Corporation Common Stock,,N,N,N
GL,Globe Life Inc. Common Stock,,N,N,N
GLO,Clough Global Opportunities Fund Common Stock,,N,N,A
GLW,Corning Incorporated Common Stock,,N,N,N
GM,General Motors Company Common Stock,,N,N,N
GME,GameStop Corporation Common Stock,,N,N,N
GMED,"Globus Medical, Inc. Class A Common Stock",,N,N,N
GMRS,GMR Solutions Inc. Class A Common Stock,,N,N,N
GNE,Genie Energy Ltd. Class B Common Stock Stock,,N,N,N
GNL,"Global Net Lease, Inc. Common Stock",,N,N,N
GNRC,Generac Holdlings Inc. Common Stock,,N,N,N
GNW,Genworth Financial Inc Common Stock,,N,N,N
GOLD,"Gold.com, Inc. Common Stock",,N,N,N
GOLF,Acushnet Holdings Corp. Common Stock,,N,N,N
GORO,Gold Resource Corporation Common Stock,,N,N,A
GPC,Genuine Parts Company Common Stock,,N,N,N
GPGI,"GPGI, Inc. Class A Common Stock",,N,N,N
GPI,"Group 1 Automotive, Inc. Common Stock",,N,N,N
GPMT,Granite Point Mortgage Trust Inc. Common Stock,,N,N,N
GPN,Global Payments Inc. Common Stock,,N,N,N
GPUS,"Hyperscale Data, Inc. Common Stock",,N,N,A
GRBK,"Green Brick Partners, Inc. Common Stock",,N,N,N
GRC,Gorman-Rupp Company (The) Common Stock,,N,N,N
GRDN,"Guardian Pharmacy Services, Inc. Class A Common Stock",,N,N,N
GRF,"Eagle Capital Growth Fund, Inc. Common Stock",,N,N,A
GRMN,Garmin Ltd. Common Stock (Switzerland),,N,N,N
GRND,Grindr Inc. Common Stock,,N,N,N
GRNT,"Granite Ridge Resources, Inc. Common Stock",,N,N,N
GROV,"Grove Collaborative Holdings, Inc. Class A Common Stock",,N,N,N
GS,"Goldman Sachs Group, Inc. (The) Common Stock",,N,N,N
GSBD,"Goldman Sachs BDC, Inc. Common Stock",,N,N,N
GTE,Gran Tierra Energy Inc. Common Stock,,N,N,A
GTLS,"Chart Industries, Inc. Common Stock",,N,N,N
GTN,"Gray Media, Inc. Common Stock",,N,N,N
GTY,Getty Realty Corporation Common Stock,,N,N,N
GUT,Gabelli Utility Trust (The) Common Stock,,N,N,N
GVA,Granite Construction Incorporated Common Stock,,N,N,N
GWH,"ESS Tech, Inc. Common Stock",,N,N,N
GWRE,"Guidewire Software, Inc. Common Stock",,N,N,N
GWW,"W.W. Grainger, Inc. Common Stock",,N,N,N
GXO,"GXO Logistics, Inc. Common Stock ",,N,N,N
H,Hyatt Hotels Corporation Class A Common Stock,,N,N,N
HAE,Haemonetics Corporation Common Stock,,N,N,N
HAL,Halliburton Company Common Stock,,N,N,N
HASI,"HA Sustainable Infrastructure Capital, Inc. Common Stock",,N,N,N
HAWK,"HawkEye 360, Inc. Common Stock",,N,N,N
HAYW,"Hayward Holdings, Inc. Common Stock",,N,N,N
HBB,Hamilton Beach Brands Holding Company Class A Common Stock ,,N,N,N
HCA,"HCA Healthcare, Inc. Common Stock",,N,N,N
HCC,"Warrior Met Coal, Inc. Common Stock",,N,N,N
HCI,"HCI Group, Inc. Common Stock",,N,N,N
HCWC,Healthy Choice Wellness Corp. Class A Common Stock,,N,N,A
HD,"Home Depot, Inc. (The) Common Stock",,N,N,N
HDB,HDFC Bank Limited Common Stock,,N,N,N
HE,"Hawaiian Electric Industries, Inc. Common Stock",,N,N,N
HEI,Heico Corporation Common Stock,,N,N,N
HGLB,Highland Global Allocation Fund Common Stock,,N,N,N
HGTY,"Hagerty, Inc. Class A Common Stock",,N,N,N
HGV,Hilton Grand Vacations Inc. Common Stock ,,N,N,N
HHH,Howard Hughes Holdings Inc. Common Stock,,N,N,N
HIG,"The Hartford Insurance Group, Inc. Common Stock",,N,N,N
HII,"Huntington Ingalls Industries, Inc. Common Stock",,N,N,N
HIMS,"Hims & Hers Health, Inc. Class A Common Stock",,N,N,N
HIO,"Western Asset High Income Opportunity Fund, Inc. Common Stock",,N,N,N
HIPO,Hippo Holdings Inc. Common Stock,,N,N,N
HIW,"Highwoods Properties, Inc. Common Stock",,N,N,N
HIX,Western Asset High Income Fund II Inc. Common Stock,,N,N,N
HL,Hecla Mining Company Common Stock,,N,N,N
HLI,"Houlihan Lokey, Inc. Class A Common Stock",,N,N,N
HLIO,"Helios Technologies, Inc. Common Stock",,N,N,N
HLLY,Holley Inc. Common Stock,,N,N,N
HLT,Hilton Worldwide Holdings Inc. Common Stock ,,N,N,N
HLX,"Helix Energy Solutions Group, Inc. Common Stock",,N,N,N
HMC,"Honda Motor Company, Ltd. Common Stock",,N,N,N
HMN,Horace Mann Educators Corporation Common Stock,,N,N,N
HNGE,"Hinge Health, Inc. Class A Common Stock",,N,N,N
HNI,HNI Corporation Common Stock,,N,N,N
HOG,"Harley-Davidson, Inc. Common Stock",,N,N,N
HOMB,"Home BancShares, Inc. Common Stock",,N,N,N
HOV,"Hovnanian Enterprises, Inc. Class A Common Stock",,N,N,N
HP,"Helmerich & Payne, Inc. Common Stock",,N,N,N
HPE,Hewlett Packard Enterprise Company Common Stock,,N,N,N
HPP,"Hudson Pacific Properties, Inc. Common Stock",,N,N,N
HPQ,HP Inc. Common Stock,,N,N,N
HR,Healthcare Realty Trust Incorporated Common Stock,,N,N,N
HRB,"H&R Block, Inc. Common Stock",,N,N,N
HRI,Herc Holdings Inc. Common Stock ,,N,N,N
HRL,Hormel Foods Corporation Common Stock,,N,N,N
HRTG,"Heritage Insurance Holdings, Inc. Common Stock",,N,N,N
HSBC,"HSBC Holdings, plc. Common Stock",,N,N,N
HSY,The Hershey Company Common Stock,,N,N,N
HTB,"HomeTrust Bancshares, Inc. Common Stock",,N,N,N
HTGC,"Hercules Capital, Inc. Common Stock",,N,N,N
HUBB,Hubbell Inc Common Stock,,N,N,N
HUBS,"HubSpot, Inc. Common Stock",,N,N,N
HUM,Humana Inc. Common Stock,,N,N,N
HUN,Huntsman Corporation Common Stock,,N,N,N
HVT,"Haverty Furniture Companies, Inc. Common Stock",,N,N,N
HWM,Howmet Aerospace Inc. Common Stock,,N,N,N
HXL,Hexcel Corporation Common Stock,,N,N,N
HY,"Hyster-Yale, Inc. Class A common stock",,N,N,N
HYI,Western Asset High Yield Opportunity Fund Inc. Common Stock,,N,N,N
HYLN,Hyliion Holdings Corp. Class A Common Stock,,N,N,A
HYT,"Blackrock Corporate High Yield Fund, Inc. Common Stock",,N,N,N
HZO,"MarineMax, Inc.  (FL) Common Stock",,N,N,N
IAF,"abrdn Australia Equity Fund, Inc. Common Stock",,N,N,A
IBM,International Business Machines Corporation Common Stock,,N,N,N
IBN,ICICI Bank Limited Common Stock,,N,N,N
IBO,"Impact BioMedical, Inc. Common Stock",,N,N,A
IBP,"Installed Building Products, Inc. Common Stock",,N,N,N
IBTA,"Ibotta, Inc. Class A Common Stock",,N,N,N
ICE,Intercontinental Exchange Inc. Common Stock,,N,N,N
IDA,"IDACORP, Inc. Common Stock",,N,N,N
IDR,"Idaho Strategic Resources, Inc. Common Stock",,N,N,A
IDT,IDT Corporation Class B Common Stock,,N,N,N
IE,Ivanhoe Electric Inc. Common Stock,,N,N,A
IEX,IDEX Corporation Common Stock,,N,N,N
IFF,"International Flavors & Fragrances, Inc. Common Stock",,N,N,N
IFN,"Aberdeen India Fund, Inc. Common Stock",,N,N,N
IGC,"IGC Pharma, Inc. Common Stock",,N,N,A
IGI,Western Asset Investment Grade Opportunity Trust Inc. Common Stock,,N,N,N
IIF,"Morgan Stanley India Investment Fund, Inc. Common Stock",,N,N,N
IIIN,"Insteel Industries, Inc. Common Stock",,N,N,N
IIM,Invesco Value Municipal Income Trust Common Stock,,N,N,N
IIPR,"Innovative Industrial Properties, Inc. Common Stock",,N,N,N
IMAX,Imax Corporation Common Stock,,N,N,N
IMO,Imperial Oil Limited Common Stock,,N,N,A
INFQ,"Infleqtion, Inc. Common Stock",,N,N,N
INFU,"InfuSystems Holdings, Inc. Common Stock",,N,N,A
ING,"ING Group, N.V. Common Stock",,N,N,N
INGM,Ingram Micro Holding Corporation Common Stock,,N,N,N
INGR,Ingredion Incorporated Common Stock,,N,N,N
INLX,"Intellinetics, Inc. Common Stock",,N,N,A
INN,"Summit Hotel Properties, Inc. Common Stock",,N,N,N
INR,"Infinity Natural Resources, Inc. Class A Common Stock",,N,N,N
INSP,"Inspire Medical Systems, Inc. Common Stock",,N,N,N
INSW,"International Seaways, Inc. Common Stock ",,N,N,N
INTT,inTest Corporation Common Stock,,N,N,A
INVH,Invitation Homes Inc. Common Stock,,N,N,N
INVX,"Innovex International, Inc. Common Stock",,N,N,N
IONQ,"IonQ, Inc. Common Stock",,N,N,N
IOR,"Income Opportunity Realty Investors, Inc. Common Stock",,N,N,A
IOT,Samsara Inc. Class A Common Stock,,N,N,N
IP,International Paper Company Common Stock,,N,N,N
IPI,"Intrepid Potash, Inc Common Stock",,N,N,N
IQI,Invesco Quality Municipal Income Trust Common Stock,,N,N,N
IQV,"IQVIA Holdings, Inc. Common Stock",,N,N,N
IR,Ingersoll Rand Inc. Common Stock,,N,N,N
IRM,Iron Mountain Incorporated (Delaware)Common Stock REIT,,N,N,N
IRS,IRSA Inversiones Y Representaciones S.A. Global Depositary Shares (Each representing ten shares of Common Stock),,N,N,N
IRT,"Independence Realty Trust, Inc. Common Stock",,N,N,N
IT,"Gartner, Inc. Common Stock",,N,N,N
ITGR,Integer Holdings Corporation Common Stock,,N,N,N
ITP,"IT Tech Packaging, Inc. Common Stock",,N,N,A
ITT,ITT Inc. Common Stock ,,N,N,N
ITW,Illinois Tool Works Inc. Common Stock,,N,N,N
IVR,INVESCO MORTGAGE CAPITAL INC Common Stock,,N,N,N
IVT,InvenTrust Properties Corp. Common Stock,,N,N,N
IVZ,Invesco Ltd Common Stock,,N,N,N
J,Jacobs Solutions Inc. Common Stock,,N,N,N
JAN,"Janus Living, Inc. Class A-1 Common Stock",,N,N,N
JBI,"Janus International Group, Inc. Common Stock",,N,N,N
JBL,Jabil Inc. Common Stock,,N,N,N
JBTM,JBT Marel Corporation Common Stock,,N,N,N
JEF,Jefferies Financial Group Inc. Common Stock,,N,N,N
JELD,"JELD-WEN Holding, Inc. Common Stock",,N,N,N
JFR,Nuveen Floating Rate Income Fund Common Stock,,N,N,N
JHI,John Hancock Investors Trust Common Stock,,N,N,N
JHS,John Hancock Income Securities Trust Common Stock,,N,N,N
JILL,"J. Jill, Inc. Common Stock",,N,N,N
JLL,Jones Lang LaSalle Incorporated Common Stock,,N,N,N
JNJ,Johnson & Johnson Common Stock,,N,N,N
JOB,GEE Group Inc. Common Stock,,N,N,A
JOBY,"Joby Aviation, Inc. Common Stock",,N,N,N
JOE,St. Joe Company (The) Common Stock,,N,N,N
JOF,Japan Smaller Capitalization Fund Inc Common Stock,,N,N,N
JPM,JP Morgan Chase & Co. Common Stock,,N,N,N
JXN,Jackson Financial Inc. Class A Common Stock ,,N,N,N
KAI,Kadant Inc Common Stock,,N,N,N
KAPA,"Kairos Pharma, Ltd. Common Stock",,N,N,A
KBDC,"Kayne Anderson BDC, Inc. Common Stock",,N,N,N
KBH,KB Home Common Stock,,N,N,N
KBR,"KBR, Inc. Common Stock",,N,N,N
KD,"Kyndryl Holdings, Inc. Common Stock",,N,N,N
KEP,Korea Electric Power Corporation Common Stock,,N,N,N
KEX,Kirby Corporation Common Stock,,N,N,N
KEY,KeyCorp Common Stock,,N,N,N
KEYS,Keysight Technologies Inc. Common Stock,,N,N,N
KF,"Korea Fund, Inc. (The) New Common Stock",,N,N,N
KFRC,"Kforce, Inc. Common Stock",,N,N,N
KFY,Korn Ferry Common Stock,,N,N,N
KGC,Kinross Gold Corporation Common Stock,,N,N,N
KGS,"Kodiak Gas Services, Inc. Common Stock",,N,N,N
KIM,Kimco Realty Corporation (HC) Common Stock,,N,N,N
KKR,KKR & Co. Inc. Common Stock,,N,N,N
KLC,"KinderCare Learning Companies, Inc. Common Stock",,N,N,N
KMI,"Kinder Morgan, Inc. Common Stock",,N,N,N
KMT,Kennametal Inc. Common Stock,,N,N,N
KN,Knowles Corporation Common Stock,,N,N,N
KNF,Knife Riv Holding Co. Common Stock,,N,N,N
KNSL,"Kinsale Capital Group, Inc. Common Stock",,N,N,N
KNTK,Kinetik Holdings Inc. Class A Common Stock,,N,N,N
KO,Coca-Cola Company (The) Common Stock,,N,N,N
KOP,Koppers Holdings Inc. Common Stock,,N,N,N
KORE,"KORE Group Holdings, Inc. Common Stock",,N,N,N
KR,Kroger Company (The) Common Stock,,N,N,N
KRC,Kilroy Realty Corporation Common Stock,,N,N,N
KREF,KKR Real Estate Finance Trust Inc. Common Stock,,N,N,N
KRG,Kite Realty Group Trust Common Stock,,N,N,N
KRMN,Karman Holdings Inc. Common Stock,,N,N,N
KRO,Kronos Worldwide Inc Common Stock,,N,N,N
KSS,Kohl's Corporation Common Stock,,N,N,N
KT,KT Corporation Common Stock,,N,N,N
KTB,"Kontoor Brands, Inc. Common Stock ",,N,N,N
KULR,"KULR Technology Group, Inc. Common Stock",,N,N,A
KVUE,Kenvue Inc. Common Stock,,N,N,N
KVYO,"Klaviyo, Inc. Series A Common Stock",,N,N,N
KWR,Quaker Houghton Common Stock,,N,N,N
KWY,Kingsway Corporation Common Stock,,N,N,N
L,Loews Corporation Common Stock,,N,N,N
LAD,"Lithia Motors, Inc. Common Stock",,N,N,N
LADR,Ladder Capital Corp Class A Common Stock,,N,N,N
LAW,"CS Disco, Inc. Common Stock",,N,N,N
LAZ,"Lazard, Inc. Common Stock",,N,N,N
LBRT,Liberty Energy Inc. Class A common stock,,N,N,N
LCLN,"Lincoln International, Inc. Class A Common Stock",,N,N,N
LCTX,"Lineage Cell Therapeutics, Inc. Common Stock",,N,N,A
LDI,"loanDepot, Inc. Class A Common Stock",,N,N,N
LDOS,"Leidos Holdings, Inc. Common Stock",,N,N,N
LEA,Lear Corporation Common Stock,,N,N,N
LEG,"Leggett & Platt, Incorporated Common Stock",,N,N,N
LEN,Lennar Corporation Class A Common Stock,,N,N,N
LEO,"BNY Mellon Strategic Municipals, Inc. Common Stock",,N,N,N
LEU,Centrus Energy Corp. Class A Common Stock,,N,N,N
LEVI,Levi Strauss & Co Class A Common Stock,,N,N,N
LFT,"Lument Finance Trust, Inc. Common Stock",,N,N,N
LGCY,Legacy Education Inc. Common Stock,,N,N,A
LGI,Lazard Global Total Return and Income Fund Common Stock,,N,N,N
LGL,"LGL Group, Inc. (The) Common Stock",,N,N,A
LH,Labcorp Holdings Inc. Common Stock,,N,N,N
LHX,"L3Harris Technologies, Inc. Common Stock",,N,N,N
LII,"Lennox International, Inc. Common Stock",,N,N,N
LLY,Eli Lilly and Company Common Stock,,N,N,N
LMND,"Lemonade, Inc. Common Stock",,N,N,N
LMT,Lockheed Martin Corporation Common Stock,,N,N,N
LNC,Lincoln National Corporation Common Stock,,N,N,N
LNG,"Cheniere Energy, Inc. Common Stock",,N,N,N
LNN,Lindsay Corporation Common Stock,,N,N,N
LOAR,Loar Holdings Inc. Common Stock,,N,N,N
LOB,"Live Oak Bancshares, Inc. Common Stock",,N,N,N
LOCL,Local Bounti Corporation Common Stock,,N,N,N
LODE,Comstock Inc. Common Stock,,N,N,A
LOW,"Lowe's Companies, Inc. Common Stock",,N,N,N
LPG,Dorian LPG Ltd. Common Stock,,N,N,N
LPX,Louisiana-Pacific Corporation Common Stock,,N,N,N
LRN,"Stride, Inc. Common Stock",,N,N,N
LSF,"Laird Superfood, Inc. Common Stock",,N,N,A
LTC,"LTC Properties, Inc. Common Stock",,N,N,N
LTH,"Life Time Group Holdings, Inc. Common Stock",,N,N,N
LTM,"LATAM Airlines Group S.A. American Depositary Shares (each representing two thousand (2,000) shares of Common Stock)",,N,N,N
LUCK,Lucky Strike Entertainment Corporation Class A Common Stock,,N,N,N
LUMN,"Lumen Technologies, Inc. Common Stock",,N,N,N
LUV,Southwest Airlines Company Common Stock,,N,N,N
LVS,Las Vegas Sands Corp. Common Stock,,N,N,N
LVWR,"LiveWire Group, Inc. Common Stock",,N,N,N
LW,"Lamb Weston Holdings, Inc. Common Stock ",,N,N,N
LXP,LXP Industrial Trust Common Stock (Maryland REIT),,N,N,N
LXU,"LSB Industries, Inc. Common Stock",,N,N,N
LYV,"Live Nation Entertainment, Inc. Common Stock",,N,N,N
LZB,La-Z-Boy Incorporated Common Stock,,N,N,N
M,Macy's Inc Common Stock,,N,N,N
MA,Mastercard Incorporated Common Stock,,N,N,N
MAA,"Mid-America Apartment Communities, Inc. Common Stock",,N,N,N
MAC,Macerich Company (The) Common Stock,,N,N,N
MAGN,Magnera Corporation Common Stock,,N,N,N
MAIA,"MAIA Biotechnology, Inc. Common Stock",,N,N,A
MAIN,Main Street Capital Corporation Common Stock,,N,N,N
MAIR,Madison Air Solutions Corporation Class A Common Stock,,N,N,N
MAN,ManpowerGroup Common Stock,,N,N,N
MANE,"Veradermics, Incorporated Common Stock",,N,N,N
MAS,Masco Corporation Common Stock,,N,N,N
MATV,"Mativ Holdings, Inc. Common Stock",,N,N,N
MATX,"Matson, Inc. Common Stock",,N,N,N
MAX,"MediaAlpha, Inc. Class A Common Stock",,N,N,N
MBC,"MasterBrand, Inc. Common Stock",,N,N,N
MBI,MBIA Inc. Common Stock,,N,N,N
MC,Moelis & Company Class A Common Stock,,N,N,N
MCB,Metropolitan Bank Holding Corp. Common Stock,,N,N,N
MCD,McDonald's Corporation Common Stock,,N,N,N
MCI,Barings Corporate Investors Common Stock,,N,N,N
MCK,McKesson Corporation Common Stock,,N,N,N
MCO,Moody's Corporation Common Stock,,N,N,N
MCS,Marcus Corporation (The) Common Stock,,N,N,N
MCY,Mercury General Corporation Common Stock,,N,N,N
MD,"Pediatrix Medical Group, Inc. Common Stock",,N,N,N
MDU,"MDU Resources Group, Inc. Common Stock (Holding Company)",,N,N,N
MDV,"Modiv Industrial, Inc. Class C Common Stock",,N,N,N
MEC,"Mayville Engineering Company, Inc. Common Stock",,N,N,N
MED,MEDIFAST INC Common Stock,,N,N,N
MEI,"Methode Electronics, Inc. Common Stock",,N,N,N
MET,"MetLife, Inc. Common Stock",,N,N,N
MFC,Manulife Financial Corporation Common Stock,,N,N,N
MG,Mistras Group Inc Common Stock,,N,N,N
MGA,"Magna International, Inc. Common Stock",,N,N,N
MGF,MFS Government Markets Income Trust Common Stock,,N,N,N
MGLD,"The Marygold Companies, Inc. Common Stock",,N,N,A
MGM,MGM Resorts International Common Stock,,N,N,N
MGY,Magnolia Oil & Gas Corporation Class A Common Stock,,N,N,N
MH,"McGraw Hill, Inc. Common Stock",,N,N,N
MHD,"Blackrock MuniHoldings Fund, Inc. Common Stock",,N,N,N
MHF,"Western Asset Municipal High Income Fund, Inc. Common Stock",,N,N,N
MHH,"Mastech Digital, Inc Common Stock",,N,N,A
MHK,"Mohawk Industries, Inc. Common Stock",,N,N,N
MHO,"M/I Homes, Inc. Common Stock",,N,N,N
MIAX,"Miami International Holdings, Inc. Common Stock",,N,N,N
MIN,MFS Intermediate Income Trust Common Stock,,N,N,N
MIR,"Mirion Technologies, Inc. Class A Common Stock",,N,N,N
MITQ,"Moving iMage Technologies, Inc. Common Stock",,N,N,A
MITT,"TPG Mortgage Investment Trust, Inc. Common Stock",,N,N,N
MIY,"Blackrock MuniYield Michigan Quality Fund, Inc. Common Stock",,N,N,N
MKC,"McCormick & Company, Incorporated Common Stock",,N,N,N
MKL,Markel Group Inc. Common Stock,,N,N,N
MLI,"Mueller Industries, Inc. Common Stock",,N,N,N
MLM,"Martin Marietta Materials, Inc. Common Stock",,N,N,N
MLP,"Maui Land & Pineapple Company, Inc. Common Stock",,N,N,N
MLR,"Miller Industries, Inc. Common Stock",,N,N,N
MLSS,"Milestone Scientific, Inc. Common Stock",,N,N,A
MMI,"Marcus & Millichap, Inc. Common Stock",,N,N,N
MMM,3M Company Common Stock,,N,N,N
MMS,"Maximus, Inc. Common Stock",,N,N,N
MMU,"Western Asset Managed Municipals Fund, Inc. Common Stock",,N,N,N
MNTN,"MNTN, Inc. Class A Common Stock",,N,N,N
MOD,Modine Manufacturing Company Common Stock,,N,N,N
MOH,Molina Healthcare Inc Common Stock,,N,N,N
MOS,Mosaic Company (The) Common Stock,,N,N,N
MOV,Movado Group Inc. Common Stock,,N,N,N
MP,MP Materials Corp. Common Stock,,N,N,N
MPA,Blackrock MuniYield Pennsylvania Quality Fund Common Stock,,N,N,N
MPC,Marathon Petroleum Corporation Common Stock,,N,N,N
MPT,"Medical Properties Trust, Inc. common stock",,N,N,N
MPTI,"M-tron Industries, Inc. Common Stock",,N,N,A
MPV,Barings Participation Investors Common Stock,,N,N,N
MQY,"Blackrock MuniYield Quality Fund, Inc. Common Stock",,N,N,N
MRK,"Merck & Company, Inc. Common Stock (new)",,N,N,N
MRP,"Millrose Properties, Inc. Class A Common Stock",,N,N,N
MRSH,Marsh Common Stock,,N,N,N
MS,Morgan Stanley Common Stock,,N,N,N
MSA,MSA Safety Incorporated Common Stock,,N,N,N
MSB,Mesabi Trust Common Stock,,N,N,N
MSCI,MSCI Inc. Common Stock,,N,N,N
MSD,"Morgan Stanley Emerging Markets Debt Fund, Inc. Common Stock",,N,N,N
MSDL,Morgan Stanley Direct Lending Fund Common Stock,,N,N,N
MSGE,Madison Square Garden Entertainment Corp. Class A Common Stock,,N,N,N
MSGS,Madison Square Garden Sports Corp. Class A Common Stock (New),,N,N,N
MSI,"Motorola Solutions, Inc. Common Stock",,N,N,N
MSIF,"MSC Income Fund, Inc. Common Stock",,N,N,N
MSM,"MSC Industrial Direct Company, Inc. Common Stock",,N,N,N
MSN,Emerson Radio Corporation Common Stock,,N,N,A
MTB,M&T Bank Corporation Common Stock,,N,N,N
MTD,"Mettler-Toledo International, Inc. Common Stock",,N,N,N
MTDR,Matador Resources Company Common Stock,,N,N,N
MTG,MGIC Investment Corporation Common Stock,,N,N,N
MTH,Meritage Homes Corporation Common Stock,,N,N,N
MTN,"Vail Resorts, Inc. Common Stock",,N,N,N
MTNB,"Matinas Biopharma Holdings, Inc. Common Stock",,N,N,A
MTR,Mesa Royalty Trust Common Stock,,N,N,N
MTW,"Manitowoc Company, Inc. (The) Common Stock",,N,N,N
MTX,Minerals Technologies Inc. Common Stock,,N,N,N
MTZ,"MasTec, Inc. Common Stock",,N,N,N
MUA,"Blackrock MuniAssets Fund, Inc Common Stock",,N,N,N
MUC,"Blackrock MuniHoldings California Quality Fund, Inc.  Common Stock",,N,N,N
MUFG,"Mitsubishi UFJ Financial Group, Inc. Common Stock",,N,N,N
MUJ,"Blackrock MuniHoldings New Jersey Quality Fund, Inc. Common Stock",,N,N,N
MUR,Murphy Oil Corporation Common Stock,,N,N,N
MUSA,Murphy USA Inc. Common Stock,,N,N,N
MUX,McEwen Inc. Common Stock,,N,N,N
MWA,MUELLER WATER PRODUCTS Common Stock,,N,N,N
MX,Magnachip Semiconductor Corporation Common Stock,,N,N,N
MXC,Mexco Energy Corporation Common Stock,,N,N,A
MXE,"Mexico Equity and Income Fund, Inc. (The) Common Stock",,N,N,N
MXF,"Mexico Fund, Inc. (The) Common Stock",,N,N,N
MYE,"Myers Industries, Inc. Common Stock",,N,N,N
MYI,"Blackrock MuniYield Quality Fund III, Inc Common Stock",,N,N,N
MYN,"Blackrock MuniYield New York Quality Fund, Inc.Common Stock",,N,N,N
MYO,Myomo Inc. Common Stock,,N,N,A
NABL,"N-able, Inc. Common Stock",,N,N,N
NAD,Nuveen Quality Municipal Income Fund Common Stock,,N,N,N
NAK,"Northern Dynasty Minerals, Ltd. Common Stock",,N,N,A
NAN,Nuveen New York Quality Municipal Income Fund Common Stock,,N,N,N
NAT,Nordic American Tankers Limited Common Stock,,N,N,N
NATL,NCR Atleos Corporation Common Stock,,N,N,N
NAZ,Nuveen Arizona Quality Municipal Income Fund Common Stock,,N,N,N
NBH,Neuberger Municipal Fund Inc. Common Stock,,N,N,A
NBHC,National Bank Holdings Corporation Common Stock,,N,N,N
NBXG,Neuberger Next Generation Connectivity Fund Inc. Common Stock,,N,N,N
NC,"NACCO Industries, Inc. Common Stock",,N,N,N
NCDL,Nuveen Churchill Direct Lending Corp. Common Stock,,N,N,N
NCL,Northann Corp. Common Stock,,N,N,A
NEE,"NextEra Energy, Inc. Common Stock",,N,N,N
NET,"Cloudflare, Inc. Class A Common Stock",,N,N,N
NEU,NewMarket Corp Common Stock,,N,N,N
NFG,National Fuel Gas Company Common Stock,,N,N,N
NGS,"Natural Gas Services Group, Inc. Common Stock",,N,N,N
NGVC,"Natural Grocers by Vitamin Cottage, Inc. Common Stock",,N,N,N
NGVT,Ingevity Corporation Common Stock ,,N,N,N
NHC,National HealthCare Corporation Common Stock,,N,N,A
NHI,"National Health Investors, Inc. Common Stock",,N,N,N
NHS,Neuberger High Yield Strategies Fund Inc. Common Stock,,N,N,A
NI,NiSource Inc Common Stock,,N,N,N
NIC,Nicolet Bankshares Inc. Common Stock,,N,N,N
NIM,Nuveen Select Maturities Municipal Fund Common Stock,,N,N,N
NINE,"Nine Energy Service, Inc. Common Stock",,N,N,A
NJR,NewJersey Resources Corporation Common Stock,,N,N,N
NKE,"Nike, Inc. Common Stock",,N,N,N
NL,"NLI Holdings, Inc. Common Stock",,N,N,N
NLY,Annaly Capital Management Inc. Common Stock,,N,N,N
NMAX,"Newsmax, Inc. Class B Common Stock",,N,N,N
NMI,"Nuveen Municipal Income Fund, Inc. Common Stock",,N,N,N
NML,Neuberger Energy Infrastructure and Income Fund Inc. Common Stock,,N,N,A
NMT,Nuveen Massachusetts Quality Municipal Income Fund Common Stock,,N,N,N
NMZ,"Nuveen Municipal High Income Opportunity Fund Common Stock, $0.01 par value, per share",,N,N,N
NNI,"Nelnet, Inc. Common Stock",,N,N,N
NNN,"NNN REIT, Inc. Common Stock",,N,N,N
NNVC,"NanoViricides, Inc. Common Stock",,N,N,A
NNY,Nuveen New York Municipal Value Fund Common Stock,,N,N,N
NOC,Northrop Grumman Corporation Common Stock,,N,N,N
NOG,"Northern Oil and Gas, Inc. Common Stock",,N,N,N
NOV,NOV Inc. Common Stock,,N,N,N
NOW,"ServiceNow, Inc. Common Stock",,N,N,N
NP,Neptune Insurance Holdings Inc. Class A Common Stock,,N,N,N
NPB,"Northpointe Bancshares, Inc. Common Stock",,N,N,N
NPK,"National Presto Industries, Inc. Common Stock",,N,N,N
NPKI,NPK International Inc. Common Stock,,N,N,N
NPO,Enpro Inc. Common Stock,,N,N,N
NPV,Nuveen Virginia Quality Municipal Income Fund Common Stock,,N,N,N
NPWR,NET Power Inc. Class A Common Stock,,N,N,N
NRDY,Nerdy Inc. Class A Common Stock,,N,N,N
NREF,"NexPoint Real Estate Finance, Inc. Common Stock",,N,N,N
NRG,"NRG Energy, Inc. Common Stock",,N,N,N
NRGV,"Energy Vault Holdings, Inc. Common Stock",,N,N,N
NRO,Neuberger Real Estate Securities Income Fund Inc. Common Stock,,N,N,A
NRT,North European Oil Royality Trust Common Stock,,N,N,N
NRXS,"Neuraxis, Inc. Common Stock",,N,N,A
NSC,Norfolk Southern Corporation Common Stock,,N,N,N
NSP,"Insperity, Inc. Common Stock",,N,N,N
NTIP,"Network-1 Technologies, Inc. Common Stock",,N,N,A
NTST,NetSTREIT Corp. Common Stock,,N,N,N
NUE,Nucor Corporation Common Stock,,N,N,N
NUS,"Nu Skin Enterprises, Inc. Common Stock",,N,N,N
NUV,"Nuveen Municipal Value Fund, Inc. Common Stock",,N,N,N
NUVB,Nuvation Bio Inc. Class A Common Stock,,N,N,N
NVA,Nova Minerals Corp Common Stock,,N,N,A
NVO,Novo Nordisk A/S Common Stock,,N,N,N
NVR,"NVR, Inc. Common Stock",,N,N,N
NVRI,Enviri Corporation Common Stock,,N,N,N
NVS,Novartis AG Common Stock,,N,N,N
NVST,Envista Holdings Corporation Common Stock,,N,N,N
NWAX,New America Acquisition I Corp. Class A Common Stock,,N,N,N
NWN,Northwest Natural Holding Company Common Stock,,N,N,N
NX,Quanex Building Products Corporation Common Stock,,N,N,N
NXDR,"Nextdoor Holdings, Inc. Class A Common Stock",,N,N,N
NXDT,NexPoint Diversified Real Estate Trust Common Stock,,N,N,N
NXP,Nuveen Select Tax Free Income Portfolio Common Stock,,N,N,N
NXRT,"NexPoint Residential Trust, Inc. Common Stock",,N,N,N
NYC,American Strategic Investment Co. Class A Common Stock,,N,N,N
NYT,New York Times Company (The) Common Stock,,N,N,N
O,Realty Income Corporation Common Stock,,N,N,N
OBDC,Blue Owl Capital Corporation Common Stock,,N,N,N
OBK,"Origin Bancorp, Inc. Common Stock",,N,N,N
OC,Owens Corning Inc Common Stock New,,N,N,N
ODC,Oil-Dri Corporation Of America Common Stock,,N,N,N
OFG,OFG Bancorp Common Stock,,N,N,N
OFRM,"Once Upon a Farm, PBC Common Stock",,N,N,N
OGE,OGE Energy Corp Common Stock,,N,N,N
OGEN,Oragenics Inc. Common Stock,,N,N,A
OGN,Organon & Co. Common Stock ,,N,N,N
OGS,"ONE Gas, Inc. Common Stock",,N,N,N
OHI,"Omega Healthcare Investors, Inc. Common Stock",,N,N,N
OI,"O-I Glass, Inc. Common Stock",,N,N,N
OIA,Invesco Municipal Income Opportunities Trust Common Stock,,N,N,N
OII,"Oceaneering International, Inc. Common Stock",,N,N,N
OIS,"Oil States International, Inc. Common Stock",,N,N,N
OKE,"ONEOK, Inc. Common Stock",,N,N,N
OKLO,Oklo Inc. Class A common stock,,N,N,N
OLN,Olin Corporation Common Stock,,N,N,N
OLP,"One Liberty Properties, Inc. Common Stock",,N,N,N
OMC,Omnicom Group Inc. Common Stock,,N,N,N
OMF,"OneMain Holdings, Inc. Common Stock",,N,N,N
ONIT,Onity Group Inc. Common Stock,,N,N,N
ONL,Orion Properties Inc. Common Stock,,N,N,N
ONT,"Onterris, Inc. Common Stock",,N,N,N
ONTO,Onto Innovation Inc. Common Stock,,N,N,N
OOMA,"Ooma, Inc. Common Stock",,N,N,N
OPAD,Offerpad Solutions Inc. Class A Common Stock,,N,N,N
OPFI,OppFi Inc. Class A Common Stock,,N,N,N
OPHC,"OptimumBank Holdings, Inc. Common Stock",,N,N,A
OPLN,"OPENLANE, Inc. Common Stock",,N,N,N
OPP,"RiverNorth/DoubleLine Strategic Opportunity Fund, Inc. Common Stock",,N,N,N
OPTT,"Ocean Power Technologies, Inc. Common Stock",,N,N,A
OPTU,"Optimum Communications, Inc. Class A common stock",,N,N,N
OPY,"Oppenheimer Holdings, Inc. Class A Common Stock (DE)",,N,N,N
ORA,"Ormat Technologies, Inc. Common Stock",,N,N,N
ORC,"Orchid Island Capital, Inc. Common Stock",,N,N,N
ORCL,Oracle Corporation Common Stock,,N,N,N
ORI,Old Republic International Corporation Common Stock,,N,N,N
OSCR,"Oscar Health, Inc. Class A Common Stock",,N,N,N
OSG,"Octave Specialty Group, Inc. Common Stock",,N,N,N
OSK,Oshkosh Corporation (Holding Company)Common Stock,,N,N,N
OSTX,OS Therapies Incorporated Common Stock,,N,N,A
OTF,Blue Owl Technology Finance Corp. Common Stock,,N,N,N
OTIS,Otis Worldwide Corporation Common Stock ,,N,N,N
OUT,OUTFRONT Media Inc. Common Stock,,N,N,N
OWL,Blue Owl Capital Inc. Class A Common Stock,,N,N,N
OWLT,"Owlet, Inc. Class A Common Stock",,N,N,N
OXM,"Oxford Industries, Inc. Common Stock",,N,N,N
OXY,Occidental Petroleum Corporation Common Stock,,N,N,N
P,"Everpure, Inc. Class A common stock",,N,N,N
PAAS,Pan American Silver Corp. Common Stock,,N,N,N
PACK,Ranpak Holdings Corp Class A Common Stock,,N,N,N
PACS,"PACS Group, Inc. Common Stock",,N,N,N
PAG,"Penske Automotive Group, Inc. Common Stock",,N,N,N
PAPL,Pineapple Financial Inc. Common Stock,,N,N,A
PAR,PAR Technology Corporation Common Stock,,N,N,N
PARR,"Par Pacific Holdings, Inc.  Common Stock",,N,N,N
PATH,"UiPath, Inc. Class A Common Stock",,N,N,N
PAY,"Paymentus Holdings, Inc. Class A Common Stock",,N,N,N
PAYC,"Paycom Software, Inc. Common Stock",,N,N,N
PB,"Prosperity Bancshares, Inc. Common Stock",,N,N,N
PBF,PBF Energy Inc. Class A Common Stock,,N,N,N
PBH,Prestige Consumer Healthcare Inc. Common Stock,,N,N,N
PBI,Pitney Bowes Inc. Common Stock,,N,N,N
PBT,Permian Basin Royalty Trust Common Stock,,N,N,N
PCF,High Income Securities Fund Common Stock,,N,N,N
PCG,Pacific Gas & Electric Co. Common Stock,,N,N,N
PCM,"PCM Fund, Inc. Common Stock",,N,N,N
PCN,Pimco Corporate & Income Strategy Fund Common Stock,,N,N,N
PCOR,"Procore Technologies, Inc. Common Stock",,N,N,N
PCQ,PIMCO California Municipal Income Fund Common Stock,,N,N,N
PD,"PagerDuty, Inc. Common Stock",,N,N,N
PDCC,Pearl Diver Credit Company Inc. Common Stock,,N,N,N
PDI,PIMCO Dynamic Income Fund Common Stock,,N,N,N
PDM,"Piedmont Realty Trust, Inc. Class A Common Stock",,N,N,N
PDS,Precision Drilling Corporation Common Stock,,N,N,N
PED,Pedevco Corp. Common Stock,,N,N,A
PEG,Public Service Enterprise Group Incorporated Common Stock,,N,N,N
PEN,"Penumbra, Inc. Common Stock",,N,N,N
PEO,"Adams Natural Resources Fund, Inc. Common Stock",,N,N,N
PEW,GrabAGun Digital Holdings Inc. Common Stock,,N,N,N
PFE,"Pfizer, Inc. Common Stock",,N,N,N
PFGC,Performance Food Group Company Common Stock,,N,N,N
PFLT,PennantPark Floating Rate Capital Ltd. Common Stock,,N,N,N
PFS,"Provident Financial Services, Inc Common Stock",,N,N,N
PFSI,"PennyMac Financial Services, Inc. Common Stock",,N,N,N
PG,Procter & Gamble Company (The) Common Stock,,N,N,N
PGR,Progressive Corporation (The) Common Stock,,N,N,N
PH,Parker-Hannifin Corporation Common Stock,,N,N,N
PHGE,BiomX Inc. COmmon Stock,,N,N,A
PHIN,PHINIA Inc. Common Stock,,N,N,N
PHM,"PulteGroup, Inc. Common Stock",,N,N,N
PHR,"Phreesia, Inc. Common Stock",,N,N,N
PII,Polaris Inc. Common Stock,,N,N,N
PIM,Putnam Master Intermediate Income Trust Common Stock,,N,N,N
PINE,"Alpine Income Property Trust, Inc. Common Stock",,N,N,N
PINS,"Pinterest, Inc. Class A Common Stock",,N,N,N
PIPR,Piper Sandler Companies Common Stock,,N,N,N
PJT,PJT Partners Inc. Class A Common Stock,,N,N,N
PK,Park Hotels & Resorts Inc. Common Stock ,,N,N,N
PKE,Park Aerospace Corp. Common Stock,,N,N,N
PKG,Packaging Corporation of America Common Stock,,N,N,N
PKX,POSCO HOLDINGS INC. American Depositary Shares (Each representing 1/4th of a share of Common Stock),,N,N,N
PL,Planet Labs PBC Class A Common Stock,,N,N,N
PLAG,Planet Green Holdings Corp. Common Stock,,N,N,A
PLD,"Prologis, Inc. Common Stock",,N,N,N
PLNT,"Planet Fitness, Inc. Common Stock",,N,N,N
PLOW,"Douglas Dynamics, Inc. Common Stock",,N,N,N
PLX,"Protalix BioTherapeutics, Inc. (DE) Common Stock",,N,N,A
PM,Philip Morris International Inc Common Stock,,N,N,N
PMI,"Picard Medical, Inc. Common Stock",,N,N,A
PMM,Putnam Managed Municipal Income Trust Common Stock,,N,N,N
PMO,Putnam Municipal Opportunities Trust Common Stock,,N,N,N
PNC,"PNC Financial Services Group, Inc. (The) Common Stock",,N,N,N
PNFP,"Pinnacle Financial Partners, Inc. Common stock",,N,N,N
PNNT,PennantPark Investment Corporation Common Stock,,N,N,N
PNW,Pinnacle West Capital Corporation Common Stock,,N,N,N
POR,Portland General Electric Co Common Stock,,N,N,N
POST,"Post Holdings, Inc. Common Stock",,N,N,N
PPG,"PPG Industries, Inc. Common Stock",,N,N,N
PPL,PPL Corporation Common Stock,,N,N,N
PPT,Putnam Premier Income Trust Common Stock,,N,N,N
PR,Permian Resources Corporation Class A Common Stock,,N,N,N
PRG,"PROG Holdings, Inc. Common Stock",,N,N,N
PRI,"Primerica, Inc. Common Stock",,N,N,N
PRIM,Primoris Services Corporation Common Stock,,N,N,N
PRK,Park National Corporation Common Stock,,N,N,A
PRKS,United Parks & Resorts Inc. Common Stock,,N,N,N
PRLB,"Proto Labs, Inc. Common stock",,N,N,N
PRM,"Perimeter Solutions, SA Common Stock",,N,N,N
PRMB,Primo Brands Corporation Class A Common Stock,,N,N,N
PRSU,"Pursuit Attractions and Hospitality, Inc. Common Stock",,N,N,N
PRU,"Prudential Financial, Inc. Common Stock",,N,N,N
PS,Pershing Square Inc. Common Stock,,N,N,N
PSA,Public Storage Common Stock,,N,N,N
PSBD,Palmer Square Capital BDC Inc. Common Stock,,N,N,N
PSF,"Cohen & Steers Select Preferred and Income Fund, Inc. Common Stock",,N,N,N
PSN,Parsons Corporation Common Stock,,N,N,N
PSO,"Pearson, Plc Common Stock",,N,N,N
PSQH,"PSQ Holdings, Inc. Class A Common Stock",,N,N,N
PSTL,"Postal Realty Trust, Inc. Class A Common Stock",,N,N,N
PSX,Phillips 66 Common Stock,,N,N,N
PTHS,Pelthos Therapeutics Inc. Common Stock,,N,N,A
PUK,Prudential Public Limited Company Common Stock,,N,N,N
PUMP,ProPetro Holding Corp. Common Stock,,N,N,N
PVH,PVH Corp. Common Stock,,N,N,N
PW,Power REIT (MD) Common Stock,,N,N,A
PWR,"Quanta Services, Inc. Common Stock",,N,N,N
PXED,"Phoenix Education Partners, Inc. Common Stock",,N,N,N
PZG,Paramount Gold Nevada Corp. Common Stock,,N,N,A
Q,"Qnity Electronics, Inc. Common Stock",,N,N,N
QTWO,"Q2 Holdings, Inc. Common Stock",,N,N,N
QUAD,"Quad Graphics, Inc Class A Common Stock",,N,N,N
QXO,"QXO, Inc. Common Stock",,N,N,N
R,"Ryder System, Inc. Common Stock",,N,N,N
RA,Brookfield Real Assets Income Fund Inc. Common Stock,,N,N,N
RAL,Ralliant Corporation Common Stock,,N,N,N
RAMP,"LiveRamp Holdings, Inc. Common Stock",,N,N,N
RBA,"RB Global, Inc. Common Stock",,N,N,N
RBC,RBC Bearings Incorporated Common Stock,,N,N,N
RBLX,Roblox Corporation Class A Common Stock,,N,N,N
RBRK,"Rubrik, Inc. Class A Common Stock",,N,N,N
RC,Ready Capital Corporation Common Stock,,N,N,N
RCG,"RENN Fund, Inc Common Stock",,N,N,A
RCI,"Rogers Communication, Inc. Common Stock",,N,N,N
RCL,Royal Caribbean Cruises Ltd. Common Stock,,N,N,N
RCUS,"Arcus Biosciences, Inc. Common Stock",,N,N,N
RDDT,"Reddit, Inc. Class A Common Stock",,N,N,N
RDN,Radian Group Inc. Common Stock,,N,N,N
RDW,Redwire Corporation Common Stock,,N,N,N
RDY,Dr. Reddy's Laboratories Ltd Common Stock,,N,N,N
REA,"Rare Earths Americas, Inc. Common Stock",,N,N,A
REED,"Reed's, Inc. Common Stock",,N,N,A
REI,"Ring Energy, Inc. Common Stock",,N,N,A
REPX,"Riley Exploration Permian, Inc. Common Stock",,N,N,A
RES,"RPC, Inc. Common Stock",,N,N,N
REXR,"Rexford Industrial Realty, Inc. Common Stock",,N,N,N
REZI,"Resideo Technologies, Inc. Common Stock ",,N,N,N
RF,Regions Financial Corporation Common Stock,,N,N,N
RFI,"Cohen & Steers Total Return Realty Fund, Inc. Common Stock",,N,N,N
RFL,"Rafael Holdings, Inc. Class B Common Stock",,N,N,N
RFM,"RiverNorth Flexible Municipal Income Fund, Inc. Common Stock",,N,N,N
RFMZ,"RiverNorth Flexible Municipal Income Fund II, Inc. Common Stock",,N,N,N
RGA,"Reinsurance Group of America, Incorporated Common Stock",,N,N,N
RGR,"Sturm, Ruger & Company, Inc. Common Stock",,N,N,N
RGT,"Royce Global Trust, Inc. Common Stock",,N,N,N
RH,RH Common Stock,,N,N,N
RHI,Robert Half Inc. Common Stock,,N,N,N
RHLD,Resolute Holdings Management Common Stock ,,N,N,N
RIG,Transocean Ltd (Switzerland) Common Stock,,N,N,N
RIO,Rio Tinto Plc Common Stock,,N,N,N
RITM,Rithm Capital Corp. Common Stock,,N,N,N
RIV,"RiverNorth Opportunities Fund, Inc. Common Stock",,N,N,N
RJF,"Raymond James Financial, Inc. Common Stock",,N,N,N
RKT,"Rocket Companies, Inc. Class A Common Stock",,N,N,N
RL,Ralph Lauren Corporation Common Stock,,N,N,N
RLGT,"Radiant Logistics, Inc. Common Stock",,N,N,A
RLI,RLI Corp. Common Stock (DE),,N,N,N
RM,Regional Management Corp. Common Stock,,N,N,N
RMAX,"RE/MAX Holdings, Inc. Class A Common Stock",,N,N,N
RMD,ResMed Inc. Common Stock,,N,N,N
RMI,"RiverNorth Opportunistic Municipal Income Fund, Inc. Common Stock",,N,N,N
RMM,"RiverNorth Managed Duration Municipal Income Fund, Inc. Common Stock",,N,N,N
RMMZ,"RiverNorth Managed Duration Municipal Income Fund II, Inc. Common Stock",,N,N,N
RMT,"Royce Micro-Cap Trust, Inc. Common Stock",,N,N,N
RNG,"RingCentral, Inc. Class A Common Stock",,N,N,N
RNGR,"Ranger Energy Services, Inc. Class A Common Stock",,N,N,N
RNR,RenaissanceRe Holdings Ltd. Common Stock,,N,N,N
RNST,Renasant Corporation Common Stock,,N,N,N
ROG,Rogers Corporation Common Stock,,N,N,N
ROK,"Rockwell Automation, Inc. Common Stock",,N,N,N
ROL,"Rollins, Inc. Common Stock",,N,N,N
ROLR,"High Roller Technologies, Inc. Common Stock",,N,N,A
RPC,"Ridgepost Capital, Inc. Class A Common Stock",,N,N,N
RPM,RPM International Inc. Common Stock,,N,N,N
RPT,Rithm Property Trust Inc. Common stock,,N,N,N
RRC,Range Resources Corporation Common Stock,,N,N,N
RRX,Regal Rexnord Corporation Common Stock,,N,N,N
RS,"Reliance, Inc. Common Stock",,N,N,N
RSF,RiverNorth Capital and Income Fund Common Stock,,N,N,N
RSG,"Republic Services, Inc. Common Stock",,N,N,N
RSI,"Rush Street Interactive, Inc. Class A Common Stock",,N,N,N
RTX,RTX Corporation Common Stock,,N,N,N
RVLV,"Revolve Group, Inc. Class A Common Stock",,N,N,N
RVP,"Retractable Technologies, Inc. Common Stock",,N,N,A
RVT,"Royce Small-Cap Trust, Inc. Common Stock",,N,N,N
RVTY,"Revvity, Inc. Common Stock",,N,N,N
RWT,"Redwood Trust, Inc. Common Stock",,N,N,N
RXO,"RXO, Inc. Common Stock",,N,N,N
RY,Royal Bank Of Canada Common Stock,,N,N,N
RYAM,Rayonier Advanced Materials Inc. Common Stock,,N,N,N
RYAN,"Ryan Specialty Holdings, Inc. Class A Common Stock",,N,N,N
RYN,Rayonier Inc. REIT Common Stock,,N,N,N
RYZ,Ryerson Holding Corporation Common Stock,,N,N,N
S,"SentinelOne, Inc. Class A Common Stock",,N,N,N
SAFE,Safehold Inc. New Common Stock ,,N,N,N
SAH,"Sonic Automotive, Inc. Common Stock",,N,N,N
SAM,"Boston Beer Company, Inc. (The) Common Stock",,N,N,N
SARO,"StandardAero, Inc. Common Stock",,N,N,N
SB,"Safe Bulkers, Inc Common Stock ($0.001 par value)",,N,N,N
SBEV,"Splash Beverage Group, Inc. (NV) Common Stock",,N,N,A
SBH,"Sally Beauty Holdings, Inc. (Name to be changed from Sally Holdings, Inc.) Common Stock",,N,N,N
SBI,Western Asset Intermediate Muni Fund Inc Common Stock,,N,N,N
SBR,Sabine Royalty Trust Common Stock,,N,N,N
SBSI,"Southside Bancshares, Inc. Common Stock",,N,N,N
SCCO,Southern Copper Corporation Common Stock,,N,N,N
SCD,LMP Capital and Income Fund Inc. Common Stock,,N,N,N
SCHW,Charles Schwab Corporation (The) Common Stock,,N,N,N
SCI,Service Corporation International Common Stock,,N,N,N
SCL,Stepan Company Common Stock,,N,N,N
SCM,Stellus Capital Investment Corporation Common Stock,,N,N,N
SD,"SandRidge Energy, Inc. Common Stock",,N,N,N
SDEV,Stablecoin Development Corporation Common Stock,,N,N,A
SDHC,Smith Douglas Homes Corp. Class A Common Stock,,N,N,N
SEB,Seaboard Corporation Common Stock,,N,N,A
SEG,Seaport Entertainment Group Inc. Common Stock,,N,N,N
SEI,"Solaris Energy Infrastructure, Inc. Class A Common Stock",,N,N,N
SEM,Select Medical Holdings Corporation Common Stock,,N,N,N
SER,"Serina Therapeutics, Inc. Common Stock",,N,N,A
SES,SES AI Corporation Class A Common Stock,,N,N,N
SF,Stifel Financial Corporation Common Stock,,N,N,N
SFBS,"ServisFirst Bancshares, Inc. Common Stock",,N,N,N
SG,"Sweetgreen, Inc. Class A Common Stock",,N,N,N
SGI,Somnigroup International Inc. Common Stock,,N,N,N
SGU,Star Group L.P. Common Stock,,N,N,N
SHAK,"Shake Shack, Inc. Class A Common Stock",,N,N,N
SHW,Sherwin-Williams Company (The) Common Stock,,N,N,N
SI,"Shoulder Innovations, Inc. Common Stock",,N,N,N
SID,Companhia Siderurgica Nacional S.A. Common Stock,,N,N,N
SIF,"SIFCO Industries, Inc. Common Stock",,N,N,A
SILA,"Sila Realty Trust, Inc. Common Stock",,N,N,N
SIND,Sinda Ltd. Common Stock,,N,N,N
SITC,SITE Centers Corp. Common Stock,,N,N,N
SITE,"SiteOne Landscape Supply, Inc. Common Stock",,N,N,N
SJM,The J.M. Smucker Company Common Stock,,N,N,N
SJT,San Juan Basin Royalty Trust Common Stock,,N,N,N
SKIL,Skillsoft Corp. Class A Common Stock,,N,N,N
SKM,"SK Telecom Co., Ltd. Common Stock",,N,N,N
SKT,Tanger Inc. Common Stock,,N,N,N
SKY,"Champion Homes, Inc. Common Stock",,N,N,N
SKYH,Sky Harbour Group Corporation Class A Common Stock,,N,N,N
SLF,Sun Life Financial Inc. Common Stock,,N,N,N
SLG,SL Green Realty Corp Common Stock,,N,N,N
SLGN,Silgan Holdings Inc. Common Stock,,N,N,N
SLND,"Southland Holdings, Inc. Common Stock",,N,N,A
SLQT,"SelectQuote, Inc. Common Stock",,N,N,N
SLVM,Sylvamo Corporation Common Stock,,N,N,N
SM,SM Energy Company Common Stock,,N,N,N
SMA,"SmartStop Self Storage REIT, Inc. Common Stock",,N,N,N
SMBK,"SmartFinancial, Inc. Common Stock",,N,N,N
SMC,Summit Midstream Corporation Common Stock,,N,N,N
SMG,Scotts Miracle-Gro Company (The) Common Stock,,N,N,N
SMHI,SEACOR Marine Holdings Inc. Common Stock ,,N,N,N
SMP,"Standard Motor Products, Inc. Common Stock",,N,N,N
SMR,NuScale Power Corporation Class A Common Stock,,N,N,N
SMRT,"SmartRent, Inc. Class A Common Stock",,N,N,N
SNA,Snap-On Incorporated Common Stock,,N,N,N
SNAP,Snap Inc. Class A Common Stock,,N,N,N
SNDA,"Sonida Senior Living, Inc. Common Stock",,N,N,N
SNDR,"Schneider National, Inc. Common Stock",,N,N,N
SNN,"Smith & Nephew SNATS, Inc. Common Stock",,N,N,N
SNOW,Snowflake Inc. Common Stock,,N,N,N
SNX,TD SYNNEX Corporation Common Stock,,N,N,N
SO,Southern Company (The) Common Stock,,N,N,N
SOAR,"Volato Group, Inc. Class A Common Stock",,N,N,A
SOC,Sable Offshore Corp. Common Stock,,N,N,N
SOLV,Solventum Corporation Common Stock,,N,N,N
SON,Sonoco Products Company Common Stock,,N,N,N
SPB,"Spectrum Brands Holdings, Inc. Common Stock",,N,N,N
SPCE,"Virgin Galactic Holdings, Inc. Common Stock",,N,N,N
SPE,"Special Opportunities Fund, Inc Common Stock",,N,N,N
SPG,"Simon Property Group, Inc. Common Stock",,N,N,N
SPGI,S&P Global Inc. Common Stock,,N,N,N
SPH,"Suburban Propane Partners, L.P. Common Stock",,N,N,N
SPHR,Sphere Entertainment Co. Class A Common Stock,,N,N,N
SPIR,"Spire Global, Inc. Class A Common Stock",,N,N,N
SPMC,"Sound Point Meridian Capital, Inc. Common Stock",,N,N,N
SPRU,Spruce Power Holding Corporation Class A Common Stock,,N,N,N
SPXC,"SPX Technologies, Inc. Common Stock",,N,N,N
SQM,Sociedad Quimica y Minera S.A. Common Stock,,N,N,N
SR,Spire Inc. Common Stock,,N,N,N
SRE,DBA Sempra Common Stock,,N,N,N
SRFM,Surf Air Mobility Inc. Common Stock,,N,N,N
SRG,Seritage Growth Properties Class A Common Stock,,N,N,N
SRI,"Stoneridge, Inc. Common Stock",,N,N,N
SRXH,SRX Global Inc. Common Stock,,N,N,A
SSB,SouthState Bank Corporation Common Stock,,N,N,N
SSD,"Simpson Manufacturing Company, Inc. Common Stock",,N,N,N
SSMR,Sunshine Silver Mining & Refining Company Common Stock,,N,N,N
SST,"System1, Inc. Class A Common Stock",,N,N,N
SSTK,"Shutterstock, Inc. Common Stock",,N,N,N
STAG,"Stag Industrial, Inc. Common Stock",,N,N,N
STC,Stewart Information Services Corporation Common Stock,,N,N,N
STEL,"Stellar Bancorp, Inc. Common Stock",,N,N,N
STEM,"Stem, Inc. Class A Common Stock",,N,N,N
STEW,"SRH Total Return Fund, Inc. Common Stock",,N,N,N
STM,STMicroelectronics N.V. Common Stock,,N,N,N
STN,Stantec Inc Common Stock,,N,N,N
STRW,"Strawberry Fields REIT, Inc. Common Stock",,N,N,A
STT,State Street Corporation Common Stock,,N,N,N
STUB,"StubHub Holdings, Inc. Class A Common Stock",,N,N,N
STXS,"Stereotaxis, Inc. Common Stock",,N,N,A
STZ,"Constellation Brands, Inc. Common Stock",,N,N,N
SU,Suncor Energy  Inc. Common Stock,,N,N,N
SUI,"Sun Communities, Inc. Common Stock",,N,N,N
SUNB,"Sunbelt Rentals Holdings, Inc. Common Stock",,N,N,N
SVV,"Savers Value Village, Inc. Common Stock",,N,N,N
SWK,"Stanley Black & Decker, Inc. Common Stock",,N,N,N
SWX,"Southwest Gas Holdings, Inc. Common Stock (DE)",,N,N,N
SWZ,Total Return Securities Fund Common Stock,,N,N,N
SXC,"SunCoke Energy, Inc. Common Stock",,N,N,N
SXI,Standex International Corporation Common Stock,,N,N,N
SXT,Sensient Technologies Corporation Common Stock,,N,N,N
SYF,Synchrony Financial Common Stock,,N,N,N
SYK,Stryker Corporation Common Stock,,N,N,N
SYY,Sysco Corporation Common Stock,,N,N,N
TAK,Takeda Pharmaceutical Company Limited American Depositary Shares (each representing 1/2 of a share of Common Stock),,N,N,N
TALO,"Talos Energy, Inc. Common Stock",,N,N,N
TAP,Molson Coors Beverage Company Class B Common Stock,,N,N,N
TBI,"TrueBlue, Inc. Common Stock",,N,N,N
TBN,Tamboran Resources Corporation Common stock,,N,N,N
TCBX,"Third Coast Bancshares, Inc. Common Stock",,N,N,N
TCI,"Transcontinental Realty Investors, Inc. Common Stock",,N,N,N
TD,Toronto Dominion Bank (The) Common Stock,,N,N,N
TDAY,"USA TODAY Co., Inc. Common Stock",,N,N,N
TDC,Teradata Corporation Common Stock,,N,N,N
TDF,"Templeton Dragon Fund, Inc. Common Stock",,N,N,N
TDG,Transdigm Group Incorporated Common Stock,,N,N,N
TDOC,"Teladoc Health, Inc. Common Stock",,N,N,N
TDW,Tidewater Inc. Common Stock,,N,N,N
TDY,Teledyne Technologies Incorporated Common Stock,,N,N,N
TE,T1 Energy Inc. Common Stock,,N,N,N
TEI,"Templeton Emerging Markets Income Fund, Inc. Common Stock",,N,N,N
TEX,Terex Corporation Common Stock,,N,N,N
TFC,Truist Financial Corporation Common Stock,,N,N,N
TFIN,"Triumph Financial, Inc. Common Stock",,N,N,N
TFX,Teleflex Incorporated Common Stock,,N,N,N
TG,Tredegar Corporation Common Stock,,N,N,N
TGEN,Tecogen Inc. Common Stock,,N,N,A
TGS,Transportadora de Gas del Sur SA TGS Common Stock,,N,N,N
TGT,Target Corporation Common Stock,,N,N,N
THC,Tenet Healthcare Corporation Common Stock,,N,N,N
THO,"Thor Industries, Inc. Common Stock",,N,N,N
TIC,"TIC Solutions, Inc. Common Stock",,N,N,N
TISI,"Team, Inc. Common Stock",,N,N,N
TJX,"TJX Companies, Inc. (The) Common Stock",,N,N,N
TK,Teekay Corporation Ltd. Common Stock,,N,N,N
TKC,Turkcell Iletisim Hizmetleri AS Common Stock,,N,N,N
TKO,"TKO Group Holdings, Inc. Class A Common Stock",,N,N,N
TKR,Timken Company (The) Common Stock,,N,N,N
TLYS,"Tilly's, Inc. Common Stock",,N,N,N
TM,Toyota Motor Corporation Common Stock,,N,N,N
TMHC,Taylor Morrison Home Corporation Common Stock,,N,N,N
TMO,Thermo Fisher Scientific Inc Common Stock,,N,N,N
TMP,Tompkins Financial Corporation Common Stock,,N,N,A
TMQ,Trilogy Metals Inc. Common Stock,,N,N,A
TNC,Tennant Company Common Stock,,N,N,N
TNET,"TriNet Group, Inc. Common Stock",,N,N,N
TOL,"Toll Brothers, Inc. Common Stock",,N,N,N
TOON,"Kartoon Studios, Inc. Common Stock",,N,N,A
TOPP,Toppoint Holdings Inc. Common Stock,,N,N,A
TOPS,"TOP Ships, Inc. Common Stock",,N,N,A
TOST,"Toast, Inc. Class A Common Stock",,N,N,N
TOVX,"Theriva Biologics, Inc. Common Stock",,N,N,A
TPB,"Turning Point Brands, Inc. Common Stock",,N,N,N
TPC,Tutor Perini Corporation Common Stock,,N,N,N
TPET,Trio Petroleum Corp. Common Stock,,N,N,A
TPL,Texas Pacific Land Corporation Common Stock,,N,N,N
TPR,"Tapestry, Inc. Common Stock",,N,N,N
TPVG,TriplePoint Venture Growth BDC Corp. Common Stock,,N,N,N
TR,"Tootsie Roll Industries, Inc. Common Stock",,N,N,N
TRAK,"ReposiTrak, Inc. Common Stock",,N,N,N
TRC,Tejon Ranch Co Common Stock,,N,N,N
TREX,"Trex Company, Inc. Common Stock",,N,N,N
TRGP,"Targa Resources, Inc. Common Stock",,N,N,N
TRN,"Trinity Industries, Inc. Common Stock",,N,N,N
TRNO,Terreno Realty Corporation Common Stock,,N,N,N
TRP,TC Energy Corporation Common Stock,,N,N,N
TRT,Trio-Tech International Common Stock,,N,N,A
TRTX,"TPG RE Finance Trust, Inc. Common Stock",,N,N,N
TRU,TransUnion Common Stock,,N,N,N
TRV,"The Travelers Companies, Inc. Common Stock",,N,N,N
TRX,TRX Gold Corporation Common Stock,,N,N,A
TSI,"TCW Strategic Income Fund, Inc. Common Stock",,N,N,N
TSLX,"Sixth Street Specialty Lending, Inc. Common Stock",,N,N,N
TSN,"Tyson Foods, Inc. Common Stock",,N,N,N
TSQ,"Townsquare Media, Inc. Class A Common Stock",,N,N,N
TTC,Toro Company (The) Common Stock,,N,N,N
TTI,"Tetra Technologies, Inc. Common Stock",,N,N,N
TV,Grupo Televisa S.A.B. Common Stock,,N,N,N
TVC,Tennessee Valley Authority Common Stock,,N,N,N
TWI,"Titan International, Inc. (DE) Common Stock",,N,N,N
TWLO,Twilio Inc. Class A Common Stock,,N,N,N
TWN,"Taiwan Fund, Inc. (The) Common Stock",,N,N,N
TXNM,"TXNM Energy, Inc. Common Stock",,N,N,N
TXT,Textron Inc. Common Stock,,N,N,N
TY,Tri Continental Corporation Common Stock,,N,N,N
TYG,Tortoise Energy Infrastructure Corporation Common Stock,,N,N,N
TYL,"Tyler Technologies, Inc. Common Stock",,N,N,N
U,Unity Software Inc. Common Stock,,N,N,N
UA,"Under Armour, Inc. Class C Common Stock",,N,N,N
UAA,"Under Armour, Inc. Class A Common Stock",,N,N,N
UAMY,United States Antimony Corporation Common Stock,,N,N,N
UAVS,"AgEagle Aerial Systems, Inc. Common Stock",,N,N,A
UBER,"Uber Technologies, Inc. Common Stock",,N,N,N
UCB,"United Community Banks, Inc. Common Stock",,N,N,N
UDR,"UDR, Inc. Common Stock",,N,N,N
UEC,Uranium Energy Corp. Common Stock,,N,N,A
UFI,"Unifi, Inc. New Common Stock",,N,N,N
UGI,UGI Corporation Common Stock,,N,N,N
UHAL,U-Haul Holding Company Common Stock,,N,N,N
UHS,"Universal Health Services, Inc. Common Stock",,N,N,N
UHT,Universal Health Realty Income Trust Common Stock,,N,N,N
UI,Ubiquiti Inc. Common Stock,,N,N,N
UIS,Unisys Corporation New Common Stock,,N,N,N
ULS,UL Solutions Inc. Class A Common Stock,,N,N,N
UMAC,"Unusual Machines, Inc. Common Stock",,N,N,A
UMC,United Microelectronics Corporation (NEW) Common Stock,,N,N,N
UMH,"UMH Properties, Inc. Common Stock",,N,N,N
UNF,Unifirst Corporation Common Stock,,N,N,N
UNFI,"United Natural Foods, Inc. Common Stock",,N,N,N
UNH,UnitedHealth Group Incorporated Common Stock (DE),,N,N,N
UNM,Unum Group Common Stock,,N,N,N
UNP,Union Pacific Corporation Common Stock,,N,N,N
UP,Wheels Up Experience Inc. Class A Common Stock,,N,N,N
UPS,"United Parcel Service, Inc. Common Stock",,N,N,N
URI,"United Rentals, Inc. Common Stock",,N,N,N
USA,Liberty All-Star Equity Fund Common Stock,,N,N,N
USB,U.S. Bancorp Common Stock,,N,N,N
USBC,"USBC, Inc. Common Stock",,N,N,A
USFD,US Foods Holding Corp. Common Stock,,N,N,N
USNA,"USANA Health Sciences, Inc. Common Stock",,N,N,N
USPH,"U.S. Physical Therapy, Inc. Common Stock",,N,N,N
UTF,"Cohen & Steers Infrastructure Fund, Inc Common Stock",,N,N,N
UTI,Universal Technical Institute Inc Common Stock,,N,N,N
UTL,UNITIL Corporation Common Stock,,N,N,N
UTZ,Utz Brands Inc Class A Common Stock ,,N,N,N
UUU,"Universal Safety Products, Inc. Common Stock",,N,N,A
UVE,UNIVERSAL INSURANCE HOLDINGS INC Common Stock,,N,N,N
UVV,Universal Corporation Common Stock,,N,N,N
UWMC,UWM Holdings Corporation Class A Common Stock,,N,N,N
VAC,Marriott Vacations Worldwide Corporation Common Stock,,N,N,N
VATE,INNOVATE Corp. Common Stock,,N,N,N
VBF,Invesco Bond Fund Common Stock,,N,N,N
VCV,Invesco California Value Municipal Income Trust Common Stock,,N,N,N
VEEV,Veeva Systems Inc. Class A Common Stock,,N,N,N
VEL,"Velocity Financial, Inc. Common Stock",,N,N,N
VENU,Venu Holding Corporation Common Stock,,N,N,A
VFC,V.F. Corporation Common Stock,,N,N,N
VFL,abrdn National Municipal Income Fund Common Stock,,N,N,A
VG,"Venture Global, Inc. Class A common stock",,N,N,N
VGM,Invesco Trust for Investment Grade Municipals Common Stock (DE),,N,N,N
VGZ,Vista Gold Corp Common Stock,,N,N,A
VHI,"Valhi, Inc. Common Stock",,N,N,N
VIA,"Via Transportation, Inc. Class A Common Stock",,N,N,N
VICI,VICI Properties Inc. Common Stock,,N,N,N
VIDA,VIDA Global Inc. Class A Common Stock,,N,N,A
VIRT,"Virtu Financial, Inc. Class A Common Stock",,N,N,N
VKQ,Invesco Municipal Trust Common Stock,,N,N,N
VLO,Valero Energy Corporation Common Stock,,N,N,N
VLTO,Veralto Corp Common Stock ,,N,N,N
VMC,Vulcan Materials Company (Holding Company) Common Stock,,N,N,N
VMI,"Valmont Industries, Inc. Common Stock",,N,N,N
VMO,Invesco Municipal Opportunity Trust Common Stock,,N,N,N
VNO,Vornado Realty Trust Common Stock,,N,N,N
VNRX,VolitionRX Limited Common Stock,,N,N,A
VNT,Vontier Corporation Common Stock ,,N,N,N
VOYA,"Voya Financial, Inc. Common Stock",,N,N,N
VOYG,"Voyager Technologies, Inc. Class A Common Stock",,N,N,N
VPG,"Vishay Precision Group, Inc. Common Stock",,N,N,N
VPV,Invesco Pennsylvania Value Municipal Income Trust Common Stock (DE),,N,N,N
VRT,"Vertiv Holdings, LLC Class A Common Stock",,N,N,N
VRTS,"Virtus Investment Partners, Inc. Common Stock",,N,N,N
VSH,"Vishay Intertechnology, Inc. Common Stock",,N,N,N
VST,Vistra Corp. Common Stock,,N,N,N
VSTS,Vestis Corporation Common Stock,,N,N,N
VSXY,Victorias Secret & Co. Common Stock ,,N,N,N
VTAK,"Catheter Precision, Inc. Common Stock",,N,N,A
VTN,Invesco Trust for Investment Grade New York Municipals Common Stock,,N,N,N
VTOL,"Bristow Group, Inc. Common Stock",,N,N,N
VTR,"Ventas, Inc. Common Stock",,N,N,N
VTS,"Vitesse Energy, Inc. Common Stock",,N,N,N
VVR,Invesco Senior Income Trust Common Stock (DE),,N,N,N
VVV,Valvoline Inc. Common Stock,,N,N,N
VVX,"V2X, Inc. Common Stock",,N,N,N
VYX,NCR Voyix Corporation Common Stock,,N,N,N
VZ,Verizon Communications Inc. Common Stock,,N,N,N
W,Wayfair Inc. Class A Common Stock,,N,N,N
WAB,Westinghouse Air Brake Technologies Corporation Common Stock,,N,N,N
WAL,Western Alliance Bancorporation Common Stock (DE),,N,N,N
WAT,Waters Corporation Common Stock,,N,N,N
WBS,Webster Financial Corporation Common Stock,,N,N,N
WCC,"WESCO International, Inc. Common Stock",,N,N,N
WD,"Walker & Dunlop, Inc Common Stock",,N,N,N
WEAV,"Weave Communications, Inc. Common Stock",,N,N,N
WEC,"WEC Energy Group, Inc. Common Stock",,N,N,N
WELL,Welltower Inc. Common Stock,,N,N,N
WEX,WEX Inc. common stock,,N,N,N
WF,Woori Financial Group Inc. American Depositary Shares (each representing three (3) shares of Common Stock),,N,N,N
WFC,Wells Fargo & Company Common Stock,,N,N,N
WFG,West Fraser Timber Co. Ltd Common stock,,N,N,N
WGO,"Winnebago Industries, Inc. Common Stock",,N,N,N
WH,"Wyndham Hotels & Resorts, Inc. Common Stock ",,N,N,N
WHD,"Cactus, Inc. Class A Common Stock",,N,N,N
WHG,Westwood Holdings Group Inc Common Stock,,N,N,N
WHK,WhiteHawk Minerals Corp Class A Common Stock,,N,N,N
WHR,Whirlpool Corporation Common Stock,,N,N,N
WIT,Wipro Limited Common Stock,,N,N,N
WK,Workiva Inc. Class A Common Stock,,N,N,N
WKC,World Kinect Corporation Common Stock,,N,N,N
WLK,Westlake Corporation Common Stock,,N,N,N
WLY,"John Wiley & Sons, Inc. Common Stock",,N,N,N
WLYB,"John Wiley & Sons, Inc. Common Stock",,N,N,N
WM,"Waste Management, Inc. Common Stock",,N,N,N
WMB,"Williams Companies, Inc. (The) Common Stock",,N,N,N
WMK,"Weis Markets, Inc. Common Stock",,N,N,N
WMS,"Advanced Drainage Systems, Inc. Common Stock",,N,N,N
WNC,Wabash National Corporation Common Stock,,N,N,N
WOLF,"Wolfspeed, Inc. Common Stock New",,N,N,N
WRB,W.R. Berkley Corporation Common Stock,,N,N,N
WRBY,Warby Parker Inc. Class A Common Stock,,N,N,N
WRN,Western Copper and Gold Corporation Common Stock,,N,N,A
WSM,"Williams-Sonoma, Inc. Common Stock (DE)",,N,N,N
WSO,"Watsco, Inc. Common Stock",,N,N,N
WST,"West Pharmaceutical Services, Inc. Common Stock",,N,N,N
WT,"WisdomTree, Inc. Common Stock",,N,N,N
WTI,"W&T Offshore, Inc. Common Stock",,N,N,N
WTM,"White Mountains Insurance Group, Ltd. Common Stock",,N,N,N
WTRG,"Essential Utilities, Inc. Common Stock",,N,N,N
WTS,"Watts Water Technologies, Inc. Class A Common Stock",,N,N,N
WTTR,"Select Water Solutions, Inc. Class A common stock",,N,N,N
WU,Western Union Company (The) Common Stock,,N,N,N
WWR,"Westwater Resources, Inc. Common Stock",,N,N,A
WWW,"Wolverine World Wide, Inc. Common Stock",,N,N,N
WY,Weyerhaeuser Company Common Stock,,N,N,N
WYY,WidePoint Corporation Common Stock,,N,N,A
XHR,"Xenia Hotels & Resorts, Inc. Common Stock",,N,N,N
XOM,Exxon Mobil Corporation Common Stock,,N,N,N
XPER,Xperi Inc. Common Stock ,,N,N,N
XPL,Solitario Resources Corp. Common Stock,,N,N,A
XPO,"XPO, Inc. Common Stock",,N,N,N
XPOF,"Xponential Fitness, Inc. Class A Common Stock",,N,N,N
XPRO,Expro Group Holdings N.V. Common Stock,,N,N,N
XRN,Chiron Real Estate Inc. Common Stock,,N,N,N
XTNT,"Xtant Medical Holdings, Inc. Common Stock",,N,N,A
XXI,"Twenty One Capital, Inc. Class A Common Stock",,N,N,N
XYL,Xylem Inc. Common Stock New,,N,N,N
XYZ,"Block, Inc. Class A Common Stock,",,N,N,N
XZO,"Exzeo Group, Inc. Common Stock",,N,N,N
YCBD,"cbdMD, Inc. Common Stock",,N,N,A
YELP,Yelp Inc. Common Stock,,N,N,N
YETI,"YETI Holdings, Inc. Common Stock",,N,N,N
YEXT,"Yext, Inc. Common Stock",,N,N,N
YOU,"Clear Secure, Inc. Class A Common Stock",,N,N,N
YPF,YPF Sociedad Anonima Common Stock,,N,N,N
YSS,York Space Systems Inc. Common Stock,,N,N,N
YUMC,"Yum China Holdings, Inc. Common Stock",,N,N,N
ZBH,"Zimmer Biomet Holdings, Inc. Common Stock",,N,N,N
ZDGE,"Zedge, Inc. Class B Common Stock ",,N,N,A
ZETA,Zeta Global Holdings Corp. Class A Common Stock,,N,N,N
ZIP,"ZipRecruiter, Inc. Class A Common Stock",,N,N,N
ZONE,CleanCore Solutions Inc. Class B Common Stock,,N,N,A
ZTS,Zoetis Inc. Class A Common Stock,,N,N,N
ZVIA,Zevia PBC Class A Common Stock,,N,N,N
ZWS,Zurn Elkay Water Solutions Corporation Common Stock,,N,N,N
